200
51 77 144 110 179 134 88 168 172 74 115 155 91 37 171 101 205 152 37 46 201 14 112 163 102 192 31 126 128 105 57 136 181 148 79 122 77 109 45 104 113 21 132 143 83 74 151 121 63 78 157 54 72 167 47 69 133 151 139 188 126 45 200 52 98 116 50 152 74 58 56 15 100 139 180 160 16 111 203 158 39 33 94 164 166 50 176 186 141 118 154 49 36 133 147 148 128 92 139 151 43 125 49 68 114 140 187 116 83 196 31 155 134 82 80 39 187 183 107 122 196 100 171 46 165 177 65 184 41 62 160 160 151 134 176 40 117 201 17 147 67 97 163 193 155 119 19 168 31 198 32 156 116 40 23 178 110 201 172 65 20 169 34 147 158 93 205 51 12 160 101 46 184 30 206 31 158 209 78 94 91 144 63 209 28 148 110 198 137 77 138 103 58 93 17 31 120 27 23 124 
119 26 145 61 10 59 129 166 208 113 34 18 54 19 199 112 205 95 103 153 133 197 124 113 58 10 68 28 190 206 208 91 199 208 19 167 82 32 148 102 48 189 200 67 168 201 25 98 166 121 12 44 82 65 138 56 172 96 85 43 79 152 54 26 91 208 132 61 31 109 167 86 102 199 85 122 10 120 13 79 71 98 11 199 65 33 12 195 192 95 98 36 27 167 42 142 179 164 131 199 186 139 178 102 35 165 44 159 51 122 155 70 128 163 149 33 89 206 97 139 159 47 76 159 203 205 107 26 96 115 98 92 65 144 124 111 126 81 196 73 123 165 195 63 122 18 42 155 123 166 131 168 56 192 91 154 206 32 139 171 145 60 183 76 54 69 102 49 63 34 164 120 155 59 196 123 84 32 178 28 197 115 168 201 12 35 87 24 124 34 144 84 182 169 43 80 97 107 128 187 
183 80 173 78 202 195 112 90 23 37 12 109 137 35 153 134 33 182 71 191 13 42 115 203 135 41 102 152 32 96 74 110 197 170 23 184 80 180 45 43 121 170 106 77 95 160 150 104 105 34 29 135 186 104 68 112 181 76 88 203 61 94 28 74 129 162 10 97 70 136 20 167 180 125 186 37 53 168 174 119 92 96 175 97 187 84 35 37 39 138 33 130 112 172 133 206 147 71 205 135 74 70 12 126 40 136 21 181 21 157 163 130 200 134 198 173 150 61 72 39 110 123 168 188 175 17 87 10 68 49 113 170 167 134 87 118 123 97 11 60 70 38 203 194 15 150 121 114 45 166 82 160 33 95 166 26 36 167 136 167 147 81 79 171 106 32 27 122 127 106 195 51 33 139 39 175 169 142 106 65 63 172 194 144 64 182 67 179 142 173 17 93 121 45 77 58 85 148 33 152 
164 121 151 185 69 35 31 80 36 144 15 193 60 208 89 111 203 144 47 144 166 203 186 115 172 158 91 110 23 51 65 65 152 72 21 87 34 88 162 53 106 83 50 123 85 82 28 20 27 142 122 105 179 41 50 98 95 100 107 199 200 155 163 124 61 150 54 68 145 169 202 15 74 191 113 39 185 18 102 207 159 166 171 37 77 151 139 50 23 184 11 87 25 93 23 202 34 11 202 169 80 38 37 94 85 196 108 180 97 57 14 113 31 73 116 173 20 181 99 50 174 152 29 123 201 114 28 42 160 15 185 149 113 32 108 57 194 58 181 74 123 85 155 122 156 88 179 72 129 195 99 154 75 150 55 118 128 80 11 133 142 82 162 97 180 173 111 113 33 137 10 179 25 175 38 153 157 98 153 47 19 73 59 91 198 152 18 70 31 168 164 98 156 100 159 53 40 30 158 77 
146 193 45 36 195 48 63 39 34 158 133 169 67 176 154 165 128 136 21 35 165 11 159 106 194 125 174 152 85 123 152 206 158 82 36 16 183 39 14 115 36 22 185 103 175 46 146 151 24 204 66 62 146 48 92 165 25 141 40 51 35 21 47 196 100 60 72 44 103 163 26 62 18 72 43 64 113 44 113 66 158 134 127 23 119 38 10 90 128 68 60 165 171 74 113 86 53 119 112 171 99 158 92 63 84 30 12 133 41 179 88 69 18 29 181 13 155 191 114 202 95 123 108 199 132 148 47 20 71 44 118 171 169 103 125 79 147 79 68 110 181 74 127 25 165 25 140 49 22 98 92 164 95 120 94 184 190 25 161 151 125 89 120 108 83 198 187 142 166 99 123 18 151 200 133 173 38 194 188 10 81 95 184 81 143 77 163 105 178 35 86 39 60 208 119 103 96 90 126 59 
77 138 89 74 31 15 36 26 126 136 76 97 91 174 150 96 31 72 131 74 119 25 112 83 134 151 155 172 33 141 16 78 128 12 117 117 91 22 146 40 124 19 94 166 100 103 206 162 64 155 118 58 101 122 141 124 49 168 132 114 205 62 79 89 48 33 128 76 69 108 96 206 72 43 168 32 156 202 47 135 57 68 12 17 108 40 102 10 88 209 162 58 92 150 125 185 172 177 146 207 28 107 38 61 26 40 59 135 68 39 130 150 170 157 172 65 85 202 171 164 208 156 124 156 198 179 48 73 85 125 131 85 25 138 44 180 115 74 167 172 171 134 159 79 140 133 160 143 135 120 147 146 147 88 203 46 124 174 201 159 145 115 147 14 147 33 74 180 18 178 91 95 162 183 62 204 86 36 206 182 59 50 184 29 153 21 151 99 29 175 15 195 26 60 25 19 74 176 103 84 
119 110 105 183 199 171 182 178 168 41 78 36 120 32 184 189 120 162 192 201 105 174 84 174 112 65 70 84 182 31 132 157 187 199 15 205 204 160 153 164 91 22 82 49 38 122 172 177 18 25 118 33 169 44 14 96 129 168 155 16 176 110 177 102 197 142 166 184 57 31 93 32 141 186 193 158 133 192 28 186 30 121 192 66 100 135 134 96 87 179 53 144 87 78 78 201 206 193 38 137 36 81 107 22 113 37 18 155 118 195 48 47 53 123 111 60 138 121 60 159 202 64 79 91 75 77 123 203 44 82 182 40 111 52 187 87 180 112 174 191 200 33 47 33 189 205 179 137 52 120 192 68 136 97 80 138 61 68 23 70 193 96 152 20 82 138 44 51 128 113 77 75 148 91 67 160 24 208 68 71 73 166 17 88 99 45 175 85 196 196 43 170 140 58 138 102 43 50 176 145 
20 209 47 102 192 138 162 179 54 204 18 62 57 42 145 18 74 107 53 59 25 51 199 110 22 58 133 61 84 43 101 10 64 200 107 129 190 188 141 154 150 97 109 135 93 148 102 203 62 21 170 44 50 107 195 139 150 15 201 202 20 159 188 189 181 87 83 203 30 107 36 86 200 192 188 169 28 99 169 59 134 82 190 18 177 18 87 113 180 17 206 84 132 21 29 171 66 100 173 93 126 142 62 151 164 23 72 206 70 25 114 209 146 90 208 42 197 194 50 127 16 80 51 92 59 133 168 115 31 105 106 126 88 188 189 68 187 160 17 139 91 205 88 86 163 109 194 175 103 18 182 53 139 124 178 65 201 183 132 158 61 196 154 56 187 127 39 126 84 201 79 122 156 103 101 25 159 67 50 62 46 161 97 36 172 165 193 204 190 107 75 75 123 71 188 88 88 150 21 157 
55 180 185 99 160 159 143 75 24 92 17 42 106 177 132 92 20 51 41 197 115 89 131 148 161 57 18 56 86 169 199 32 76 96 65 38 24 70 63 187 158 113 71 41 92 65 207 116 162 31 106 91 31 65 157 134 128 145 186 184 69 208 84 63 132 45 53 98 163 42 157 90 136 88 60 11 171 209 65 173 126 183 171 55 83 84 160 163 191 97 109 120 53 75 182 139 191 122 86 191 57 100 81 15 182 42 199 130 175 41 68 103 16 188 158 16 181 176 206 107 30 104 139 198 119 194 179 188 27 25 36 94 178 116 138 107 128 200 209 195 96 209 30 120 81 23 25 95 128 190 141 77 197 54 196 117 170 37 84 41 162 81 78 103 95 147 121 14 87 16 178 32 23 10 152 147 48 198 165 99 57 191 103 194 197 171 103 27 111 92 57 75 163 114 94 105 135 31 174 191 
82 116 66 153 203 90 90 78 21 123 178 61 26 89 178 50 141 143 189 73 69 63 146 105 175 84 130 45 90 186 65 135 81 18 169 166 12 42 115 50 185 172 95 172 90 46 207 12 118 90 150 86 68 103 150 156 84 183 107 90 145 82 10 117 165 76 151 198 91 178 125 206 35 19 22 146 65 172 53 152 31 132 122 58 28 178 127 124 60 100 145 169 179 105 113 50 189 209 115 201 71 91 62 163 43 39 197 52 63 93 30 24 128 54 73 39 62 74 179 80 15 57 204 97 136 86 133 150 89 200 198 120 81 155 31 80 193 199 165 188 189 16 72 145 97 206 43 98 145 189 203 200 172 175 11 115 17 177 79 144 81 67 208 155 207 28 48 54 182 173 38 74 11 133 100 14 11 37 207 102 181 173 111 173 131 175 31 55 20 105 151 32 22 161 25 65 203 148 89 92 
18 64 32 117 55 148 154 100 149 164 14 33 35 88 134 191 140 143 33 204 140 56 197 55 15 26 160 99 148 173 145 107 19 40 34 118 147 84 130 182 103 65 144 171 66 16 194 85 192 129 151 42 94 189 89 93 77 46 135 128 147 38 129 187 147 101 166 205 70 111 203 42 146 190 85 117 194 84 129 200 86 51 161 139 100 184 82 201 199 197 100 49 103 63 73 91 113 15 186 89 105 149 78 208 93 49 125 31 203 36 132 48 38 191 209 188 101 33 153 44 53 159 112 117 112 151 97 156 101 47 23 10 26 100 172 145 136 20 87 192 70 199 115 84 73 132 205 176 170 48 198 21 55 77 35 77 199 152 73 157 112 27 109 33 36 13 58 61 180 46 68 177 66 15 141 172 29 185 166 141 105 54 201 13 198 125 60 129 82 201 193 143 185 52 179 110 164 88 195 67 
143 103 100 113 160 43 132 81 21 200 148 51 68 57 162 68 89 112 93 200 12 178 32 105 145 18 171 152 204 109 198 188 52 167 151 57 79 155 190 123 174 120 71 195 83 114 72 113 112 79 164 139 162 84 159 140 54 54 59 128 75 173 162 183 80 141 157 121 79 208 108 113 162 89 63 53 132 98 173 44 60 32 50 121 102 61 190 87 26 86 188 30 25 158 208 189 45 67 93 72 112 72 30 180 32 83 51 96 98 127 127 102 108 77 159 75 199 142 29 91 13 140 38 41 199 162 40 182 74 17 105 38 91 100 20 187 81 46 69 53 50 43 47 103 40 84 203 192 13 71 100 72 117 207 161 33 100 127 50 113 176 93 71 69 55 196 61 175 11 50 19 107 93 60 68 31 185 191 197 81 97 209 114 189 148 110 140 71 128 15 150 38 69 32 208 170 108 145 91 24 
177 103 206 171 156 148 80 148 86 165 127 181 170 162 168 43 65 75 136 11 44 169 203 158 83 202 203 143 147 113 100 21 104 78 37 108 199 58 89 57 159 141 79 85 208 59 46 209 133 53 141 164 71 44 195 177 26 203 114 76 163 118 33 94 202 77 58 79 140 21 24 100 37 153 14 209 84 205 116 168 199 68 19 99 57 50 28 174 185 36 99 113 76 22 50 180 86 205 51 196 61 119 197 93 95 200 60 96 165 191 138 112 87 72 34 175 82 42 95 38 56 99 88 93 135 75 70 55 188 31 65 130 137 183 144 61 85 146 144 11 147 120 184 200 166 81 90 145 155 92 35 128 183 122 47 208 115 172 127 102 149 57 156 113 41 125 49 68 39 55 204 209 55 82 85 72 82 183 90 48 107 152 18 13 87 135 144 11 88 192 179 146 88 149 148 131 36 73 87 185 
134 191 110 171 72 12 58 105 94 26 147 117 203 94 154 69 31 68 53 78 87 129 67 51 101 74 33 125 82 139 51 125 25 146 167 169 110 62 103 51 39 58 37 208 34 134 84 143 95 48 180 72 39 94 119 88 133 95 10 34 203 115 22 175 177 17 87 194 114 200 44 101 31 95 144 200 152 208 96 28 31 34 207 186 64 79 118 137 103 78 176 112 48 10 29 128 100 194 149 166 18 42 88 24 197 49 84 30 37 164 198 51 208 52 12 131 114 156 66 119 43 118 171 143 96 14 195 152 52 70 171 30 153 188 197 123 73 201 144 25 66 171 22 21 169 61 148 180 134 117 17 194 161 111 99 168 51 200 23 22 65 70 103 82 12 86 153 183 76 61 85 138 142 171 79 113 139 117 102 61 163 202 180 129 82 17 104 115 50 193 72 19 17 48 170 81 181 64 157 124 
133 39 99 176 97 166 42 80 149 76 132 93 170 163 115 101 69 196 97 39 52 127 55 166 198 62 164 76 43 170 129 41 148 77 186 108 124 130 63 17 79 26 132 52 17 73 70 157 203 40 127 53 186 124 36 127 144 30 181 202 174 164 76 103 74 185 10 22 110 161 86 189 153 87 199 171 195 82 44 154 171 173 114 156 98 118 167 40 133 74 84 156 47 191 128 21 102 201 42 133 71 201 71 140 108 179 101 10 189 127 127 124 205 51 146 77 38 63 119 183 191 113 179 26 93 177 195 12 40 167 91 177 120 76 97 181 87 55 174 48 81 57 125 202 121 67 15 63 181 190 150 140 85 130 200 187 208 196 14 99 41 154 198 20 128 129 69 137 19 129 89 126 110 206 63 68 40 203 16 59 64 82 170 104 64 143 156 39 81 38 169 51 31 98 176 43 95 80 139 71 
70 18 192 172 116 88 189 107 97 148 79 193 150 205 76 43 119 167 127 144 63 145 68 203 53 103 76 161 150 104 147 184 122 107 161 105 27 102 102 47 140 23 106 120 199 38 19 196 154 50 192 179 130 203 102 172 24 137 17 204 115 123 21 123 103 74 13 205 172 191 156 119 58 178 34 121 164 45 137 43 50 72 137 187 27 150 152 110 10 168 86 164 145 40 41 105 147 33 132 137 39 21 21 164 90 63 103 131 195 138 53 10 165 81 80 62 185 41 50 144 50 196 44 58 149 175 206 122 72 62 141 197 74 167 58 166 180 60 192 111 103 109 142 54 141 85 14 60 36 76 148 11 33 53 51 190 105 128 69 173 38 139 98 64 23 189 179 76 89 187 47 12 125 102 133 82 58 133 163 158 205 207 118 118 21 203 75 191 12 20 38 66 115 175 33 179 125 63 15 94 
88 155 50 43 95 110 178 204 43 95 158 91 42 66 120 82 192 111 116 45 70 81 137 147 153 178 43 205 181 13 152 21 89 44 122 203 140 171 44 68 136 116 201 53 198 37 129 94 34 103 45 34 104 192 77 37 15 156 96 199 150 47 60 169 188 166 87 13 52 110 21 35 153 205 26 25 14 16 178 51 145 108 135 123 33 122 28 67 206 149 96 104 56 53 132 121 90 65 168 57 80 200 83 137 23 64 106 82 60 51 51 56 135 23 34 139 105 13 204 203 77 197 50 89 51 135 144 70 10 117 31 102 103 127 127 13 153 103 49 21 135 38 188 158 60 102 54 64 33 163 46 157 156 36 71 114 48 181 96 15 109 66 138 77 161 29 201 176 127 56 103 197 31 122 77 109 54 107 11 138 152 114 178 178 51 106 72 130 54 128 35 29 194 184 194 69 159 24 105 113 
42 61 147 24 173 61 29 100 127 93 128 194 62 196 79 58 147 207 34 178 37 158 203 192 81 79 103 87 24 114 94 153 105 21 103 102 208 200 109 100 103 84 159 184 124 183 79 28 75 43 48 121 62 73 118 159 98 55 41 130 116 81 178 31 68 167 57 192 48 132 133 116 116 199 166 155 161 133 128 160 107 46 201 16 120 23 61 90 54 153 151 55 188 159 115 124 195 37 34 14 166 127 37 165 112 96 78 108 189 21 99 168 100 185 20 142 99 106 160 122 132 139 82 46 87 163 186 80 95 62 161 207 161 11 45 103 82 126 126 138 121 135 48 106 149 154 66 36 112 168 198 31 196 118 187 38 189 157 159 90 55 138 72 36 129 87 101 57 195 41 16 94 164 179 119 166 31 155 75 26 70 107 145 200 87 59 15 96 198 85 153 187 140 97 165 92 63 10 164 99 
98 25 18 120 150 209 207 117 64 114 47 95 109 202 23 22 92 193 161 139 147 43 10 74 93 67 178 120 178 118 51 142 47 94 109 111 79 193 66 102 50 97 22 20 30 45 73 25 107 87 184 144 163 143 88 96 34 144 85 159 122 194 34 202 114 32 65 123 72 83 94 170 132 63 207 32 160 147 127 16 141 207 115 46 167 209 100 108 195 57 94 202 135 206 65 38 148 152 38 205 152 47 116 177 63 203 115 156 19 134 64 75 49 16 19 102 109 185 46 71 57 28 23 137 122 106 119 51 140 100 44 125 96 133 76 154 146 47 26 103 159 181 54 187 95 10 200 95 135 128 78 16 139 18 151 35 146 190 126 80 194 157 138 146 14 110 133 174 21 50 60 114 93 176 151 80 55 116 98 66 117 76 67 88 209 84 165 201 200 42 68 206 127 100 177 117 44 56 72 12 
49 36 105 116 124 160 196 89 186 32 89 111 22 86 174 167 180 48 122 154 171 190 10 53 66 71 57 149 18 100 62 189 28 29 17 94 157 187 85 23 119 181 52 149 146 31 111 44 139 168 46 79 107 114 208 12 115 48 42 75 126 91 189 33 137 181 123 192 150 26 98 129 199 123 69 61 81 93 174 48 22 194 169 111 184 143 69 124 59 205 132 151 26 187 62 175 101 148 120 177 65 197 34 32 49 51 58 14 44 178 51 82 78 184 186 147 43 51 155 28 25 184 62 56 166 134 176 191 154 50 144 106 86 37 15 28 101 51 75 201 81 69 110 27 26 153 34 74 115 167 112 76 85 56 42 199 56 155 13 162 111 136 163 194 59 160 15 156 35 180 146 205 203 133 142 66 106 20 186 102 160 100 205 62 160 125 46 171 170 194 139 144 60 92 16 146 194 200 27 192 
76 126 198 35 111 20 60 192 31 203 48 164 203 105 90 48 177 30 155 93 75 106 43 200 42 199 49 193 27 139 163 89 23 10 62 155 71 161 128 173 23 117 164 86 27 21 39 74 176 141 152 108 132 165 197 67 168 74 172 120 156 75 190 175 156 150 107 52 74 204 194 80 125 10 16 116 112 106 43 21 77 25 55 185 164 58 129 89 198 131 202 207 207 119 62 81 68 132 69 207 209 109 130 130 46 194 122 125 163 95 151 209 177 18 54 179 91 89 118 17 69 116 59 85 36 134 17 184 94 138 156 155 91 124 159 178 148 117 203 114 115 107 27 165 51 153 143 107 89 146 165 43 164 140 62 114 89 98 80 164 82 186 111 25 96 41 90 185 70 124 148 67 200 48 191 57 52 28 80 41 71 29 191 200 43 82 173 112 112 138 131 108 57 155 16 32 96 204 187 54 
93 157 50 95 74 133 147 63 178 140 65 76 68 122 66 128 11 152 86 116 112 94 33 80 122 60 85 121 60 205 98 130 111 193 208 102 58 194 55 197 72 153 68 69 81 26 182 42 51 93 98 25 186 126 108 49 93 15 207 156 179 85 127 197 30 40 52 145 199 183 90 83 187 196 191 195 132 155 189 95 123 145 145 93 196 106 58 95 162 131 70 192 46 98 129 46 202 75 88 208 106 196 21 186 157 131 12 55 112 174 149 182 67 180 130 64 169 90 108 201 170 120 201 77 43 85 146 109 185 200 186 66 82 113 96 177 125 152 105 176 66 196 47 208 36 174 95 75 118 150 170 24 164 22 162 148 116 135 40 59 189 89 123 48 127 31 155 201 179 49 118 175 172 83 91 180 157 63 118 118 125 39 76 99 73 181 151 69 41 182 124 176 198 180 178 209 65 60 54 146 
88 16 37 123 133 181 137 83 71 183 144 112 197 27 73 163 136 205 105 23 16 180 69 115 106 43 33 62 89 129 136 203 195 75 181 54 117 81 97 109 129 206 125 162 102 163 67 200 169 167 96 19 75 96 29 69 123 45 38 111 78 79 66 141 188 84 205 53 84 126 34 121 195 132 181 67 105 184 48 193 68 105 132 193 41 113 42 110 200 90 18 115 112 68 28 167 171 130 38 66 123 142 102 192 77 130 168 84 197 104 193 174 74 124 156 200 35 65 173 77 202 41 29 90 128 138 158 130 89 101 176 197 18 136 35 169 128 30 45 124 66 157 166 144 170 161 18 88 104 199 134 186 104 100 199 182 29 111 112 54 133 149 19 37 47 196 26 37 179 33 109 124 25 54 46 79 188 86 68 162 56 147 125 198 26 98 192 84 143 125 66 66 72 26 134 139 52 194 82 59 
206 36 192 12 185 26 75 162 169 165 27 54 164 53 34 209 32 131 143 23 127 203 83 70 185 84 195 111 32 18 205 36 130 101 198 139 82 187 203 18 64 132 86 147 26 13 100 122 99 63 189 109 132 112 12 179 64 139 144 48 84 36 73 144 182 158 63 113 117 128 143 47 105 189 71 154 69 171 117 186 82 55 202 182 38 206 21 145 45 39 126 142 166 168 159 30 106 134 130 136 16 193 55 184 101 198 148 74 114 87 163 152 14 33 62 35 21 52 134 159 145 200 156 138 65 14 151 119 191 189 112 93 102 142 122 109 171 57 15 100 179 169 38 149 38 190 81 188 50 66 158 54 155 135 20 108 26 190 25 74 36 82 89 203 92 15 146 143 115 197 142 48 175 74 128 209 42 118 106 48 188 48 55 69 179 154 172 179 59 128 77 168 153 71 13 200 196 36 13 14 
110 178 33 157 206 176 40 75 162 10 27 183 196 78 207 189 34 138 70 168 35 77 122 144 62 179 172 180 21 45 100 121 74 160 170 155 177 164 197 27 175 152 98 83 25 189 47 198 79 96 40 19 50 131 129 91 36 30 21 64 103 194 167 209 146 39 160 67 15 175 144 59 104 202 80 129 27 123 63 127 187 170 115 163 201 172 186 64 82 144 26 60 203 155 62 157 131 71 154 69 176 95 49 128 117 78 164 60 42 209 30 145 108 202 126 192 39 126 69 168 193 209 145 167 80 81 152 190 87 16 105 96 13 62 128 45 95 38 88 170 111 159 174 195 36 167 147 51 148 203 106 43 103 178 83 145 119 106 191 171 149 194 133 109 141 59 52 16 60 97 50 179 33 198 77 93 10 168 16 148 73 130 176 168 95 33 39 108 166 80 185 206 93 198 29 156 200 85 79 129 
151 207 155 64 168 68 204 201 151 47 110 42 85 146 48 168 190 95 23 94 63 137 95 36 80 146 91 180 159 158 87 209 45 183 147 161 141 27 43 181 186 139 141 54 152 77 10 138 126 44 209 167 50 191 33 151 141 159 149 109 185 109 173 55 136 11 34 93 199 145 34 105 155 180 93 127 202 162 134 183 150 65 78 80 53 40 166 175 124 190 68 168 134 18 121 77 127 138 200 109 190 80 200 22 10 74 85 94 92 121 116 78 54 36 46 176 202 198 48 75 22 157 56 69 62 181 66 120 67 76 60 80 155 135 158 84 184 53 39 146 173 26 68 144 111 71 65 25 184 192 149 92 34 110 185 147 186 110 34 74 147 105 135 39 61 198 204 154 116 85 81 100 94 29 189 205 168 17 55 184 48 166 30 42 176 32 167 163 81 165 199 35 39 138 49 137 204 100 58 64 
127 202 140 28 158 66 200 92 153 49 111 103 137 79 203 43 41 202 145 36 52 90 26 171 127 117 130 55 176 131 192 192 16 101 80 25 205 153 173 181 202 145 27 22 91 77 131 162 132 38 40 39 34 109 163 161 204 51 74 193 130 154 198 87 23 12 68 12 163 59 68 185 100 48 33 205 111 15 168 133 97 51 36 140 19 30 145 53 141 84 112 110 81 185 19 40 204 32 146 100 25 62 164 192 143 198 65 170 155 133 152 69 97 153 157 194 199 78 198 208 90 89 117 23 70 57 56 81 192 154 152 58 46 163 159 98 33 35 61 200 49 56 172 185 34 88 195 113 191 187 160 58 180 104 26 139 136 48 125 82 162 72 31 77 138 75 139 69 92 199 196 29 145 150 76 42 95 32 13 171 106 151 160 42 82 171 180 123 175 55 130 20 138 180 31 206 14 124 209 20 
79 162 45 81 154 40 192 71 205 161 76 93 120 168 182 105 116 24 62 94 115 22 31 151 185 100 135 21 177 192 193 197 203 60 89 78 84 94 39 145 70 115 121 202 34 160 26 70 11 169 119 133 77 110 35 66 150 58 65 17 59 101 170 192 46 29 80 89 135 129 19 111 41 134 17 135 111 93 179 98 174 173 134 144 180 61 207 134 121 77 75 50 189 165 38 71 42 37 170 149 76 47 58 58 14 58 175 31 143 185 51 124 157 172 164 86 64 68 131 194 98 76 126 66 190 39 147 39 199 53 14 111 194 130 197 146 62 192 138 176 82 203 168 189 193 197 33 207 106 204 111 63 130 113 82 30 142 163 34 43 67 75 142 90 177 176 100 78 136 38 89 154 113 59 43 13 120 50 37 20 137 92 203 197 73 171 175 209 61 128 91 168 113 168 48 188 74 67 182 31 
132 166 77 70 108 153 44 51 29 162 72 21 21 203 15 91 61 170 108 81 52 104 94 145 110 165 165 133 60 98 149 20 27 142 158 20 105 29 58 199 181 61 105 33 47 59 10 17 144 94 187 22 51 114 106 172 147 161 61 142 175 148 55 38 204 136 188 155 138 15 159 67 122 11 209 137 102 163 205 152 177 159 186 65 152 158 113 25 57 83 175 159 147 179 141 180 63 178 62 188 166 191 105 196 139 141 88 69 162 99 168 48 64 182 18 66 181 157 113 121 184 29 117 15 209 198 71 55 45 102 142 86 77 13 177 109 64 177 22 124 139 203 187 64 22 41 99 136 57 109 99 84 46 22 197 167 113 101 92 39 37 171 162 106 56 193 207 164 42 112 155 86 34 91 205 33 42 153 12 179 92 199 47 209 45 189 64 62 209 160 142 155 103 81 59 200 14 187 115 129 
160 138 38 132 78 195 184 194 61 94 47 125 199 91 84 169 60 156 70 37 43 31 171 28 156 160 73 71 56 68 204 181 155 112 56 30 64 163 170 196 29 145 26 123 145 202 28 75 180 146 135 156 54 122 92 25 115 136 11 183 116 90 203 200 201 24 33 67 110 59 132 95 172 112 78 184 162 58 45 48 172 47 82 202 10 153 129 91 180 201 155 194 124 95 89 209 92 196 129 60 203 195 126 18 98 109 35 106 179 141 24 112 180 147 208 87 208 61 98 73 63 115 151 77 72 65 91 105 28 82 104 80 148 131 55 133 53 175 128 145 147 209 109 202 164 134 41 76 39 132 166 28 85 102 120 171 142 138 132 159 87 36 158 88 187 148 185 154 135 149 31 150 50 176 91 158 157 161 117 161 120 167 87 19 13 186 150 33 184 64 179 116 95 209 58 140 183 68 26 94 
183 41 14 193 201 32 20 197 174 178 204 189 33 119 67 151 95 87 33 82 38 45 159 127 19 153 77 75 200 101 179 148 14 186 22 201 103 19 30 207 72 138 110 169 52 50 99 104 52 30 96 156 174 96 81 153 76 84 55 198 159 37 164 114 91 56 167 95 124 160 42 83 153 122 42 93 49 178 199 93 19 197 205 55 122 49 145 58 89 17 40 164 11 150 53 128 22 187 33 82 193 95 96 130 67 112 49 16 86 134 62 47 45 109 126 100 177 16 31 185 130 202 175 157 68 94 141 39 192 115 172 99 133 80 152 92 206 190 179 82 125 61 146 165 184 87 164 139 92 61 179 47 111 86 14 83 171 207 205 135 95 72 39 170 128 83 89 119 72 34 184 92 85 25 153 56 142 178 94 171 82 96 76 99 161 14 43 204 86 208 14 143 78 194 27 174 26 24 76 206 
83 158 120 206 151 201 76 199 30 165 158 61 91 81 35 38 183 64 119 40 48 201 149 63 58 177 64 87 100 207 66 183 199 72 146 39 98 149 195 51 177 130 170 57 191 192 16 199 194 13 170 72 142 202 53 73 133 21 150 102 53 80 129 59 122 186 55 96 166 13 174 108 118 88 148 133 15 21 203 127 153 37 124 100 26 11 149 154 46 22 84 43 150 11 193 145 38 43 47 144 187 81 132 73 69 150 178 92 58 176 100 37 68 81 116 115 11 44 180 165 117 109 140 85 13 49 204 98 74 83 58 168 90 97 174 123 23 62 180 188 176 114 26 59 187 47 147 69 42 165 115 136 147 176 124 165 100 56 192 45 103 146 56 48 66 13 124 209 51 135 84 134 154 73 159 86 207 144 57 36 53 54 202 171 79 185 149 106 91 81 78 123 76 40 16 119 100 69 94 156 
169 113 16 201 103 206 193 160 167 45 22 77 79 175 113 183 201 126 159 125 128 53 198 107 121 101 84 173 135 17 180 131 137 68 146 85 31 186 209 129 51 21 122 19 45 73 40 124 146 193 42 198 149 115 80 150 78 201 138 195 147 130 134 207 164 113 104 172 75 164 110 112 124 39 204 36 73 138 158 89 161 209 13 52 90 26 100 108 68 140 163 161 72 54 59 95 65 182 99 68 162 139 50 70 56 37 54 32 146 83 164 143 166 61 201 144 141 132 89 12 186 190 79 198 39 95 12 20 137 84 170 109 52 65 203 75 138 182 94 136 208 133 11 197 98 207 62 185 160 88 65 103 40 16 141 99 175 131 137 174 50 123 199 120 98 173 130 198 31 74 13 164 132 126 64 196 35 134 28 112 130 69 98 92 151 184 110 176 32 164 162 60 126 36 96 12 147 111 111 159 
177 112 75 91 53 120 118 99 68 194 131 116 196 197 181 100 182 128 83 163 91 72 206 23 61 125 14 195 143 174 114 47 63 194 143 182 131 154 180 67 98 139 107 150 133 111 153 86 141 110 58 23 63 121 103 142 61 24 209 26 22 44 59 62 122 151 19 60 190 179 145 172 175 121 27 21 173 131 16 155 53 60 203 74 52 54 43 146 112 35 169 163 17 16 153 139 161 80 205 38 151 69 30 125 154 188 68 194 148 193 48 147 45 40 192 125 90 31 35 162 14 56 22 14 55 35 54 159 204 139 142 19 126 39 171 143 140 156 142 93 83 49 90 45 197 180 199 39 170 131 207 199 173 54 31 115 25 123 144 209 147 25 174 68 121 193 56 153 147 41 65 61 161 100 62 105 30 71 170 177 83 44 143 201 111 188 197 89 110 25 119 82 71 162 180 33 74 147 60 20 
201 188 53 171 31 128 108 193 143 105 119 82 78 113 74 55 59 60 56 152 54 165 69 178 95 111 178 57 16 197 145 119 174 43 161 150 35 134 156 10 48 41 31 27 34 194 25 154 162 29 80 177 129 184 97 40 155 126 54 109 172 95 125 131 112 151 14 183 143 62 21 39 34 169 193 75 55 160 36 201 107 23 181 196 72 200 194 116 28 32 129 76 28 201 169 176 113 89 108 77 155 113 40 30 35 144 31 43 45 97 203 37 158 34 102 128 10 54 41 96 105 118 163 207 202 131 29 117 81 32 171 201 62 61 133 175 166 190 71 75 133 110 38 45 163 22 92 86 167 99 102 209 186 71 52 141 70 110 48 90 30 155 139 178 151 172 44 43 80 92 10 170 174 151 109 146 75 43 39 37 64 38 129 194 120 178 27 207 135 16 20 73 58 100 179 154 209 53 165 74 
147 168 16 121 24 157 103 139 197 90 95 174 44 86 25 128 194 57 58 157 165 42 191 47 37 106 69 134 209 63 111 51 14 139 25 175 60 142 93 129 106 49 188 48 51 13 16 30 80 59 15 134 88 197 194 39 149 108 183 48 25 12 51 95 73 21 76 37 193 140 175 92 192 41 45 100 22 66 12 58 123 136 107 74 25 103 117 47 28 148 34 80 193 155 138 69 93 31 147 170 159 133 93 115 57 123 196 194 19 44 110 180 49 167 78 66 95 202 32 143 145 193 37 109 71 100 145 110 89 183 116 95 55 19 46 191 149 109 111 17 205 29 94 37 165 170 143 62 10 13 98 208 85 179 114 200 53 167 67 129 85 159 200 156 208 77 156 119 90 89 191 17 129 148 35 109 180 24 120 165 42 175 28 130 47 74 119 113 154 60 151 111 154 37 151 120 106 34 93 108 
50 141 180 164 145 113 55 19 24 42 127 40 128 42 23 100 71 142 45 127 55 131 28 15 143 131 56 180 198 204 18 37 45 187 85 15 60 52 64 128 200 134 189 175 164 181 32 54 77 119 20 82 162 84 187 107 180 151 77 151 27 178 75 131 65 137 124 93 147 142 159 172 92 45 202 145 140 144 130 138 98 134 44 43 13 135 132 192 170 75 140 74 33 132 96 118 48 41 175 36 172 173 188 29 61 151 125 86 178 131 108 197 141 49 149 162 40 84 191 152 128 110 110 44 16 90 200 133 209 178 95 44 65 154 54 118 10 29 128 159 157 190 109 58 94 129 142 150 98 180 107 43 150 32 155 150 137 60 92 57 109 60 140 206 114 141 15 61 92 149 177 180 86 153 166 183 126 167 96 176 43 53 82 24 108 81 147 71 19 130 196 137 51 63 133 138 101 207 109 91 
33 120 81 188 203 100 63 44 76 57 123 32 155 184 98 32 187 129 93 176 15 204 56 134 51 99 108 207 76 70 201 183 75 15 16 48 206 128 72 154 136 25 103 133 179 134 28 179 82 80 171 25 35 139 104 47 205 40 159 110 111 204 171 113 202 169 158 16 23 179 49 65 171 61 20 87 186 149 32 112 34 206 59 33 122 133 124 181 18 30 191 166 108 159 155 107 76 53 58 202 141 14 105 104 60 159 161 191 208 55 85 55 194 43 110 209 177 107 19 151 41 109 108 184 197 169 72 155 139 69 134 177 176 178 137 104 59 206 152 133 206 27 21 178 58 191 43 184 98 94 78 78 35 14 54 131 170 121 132 161 110 152 40 35 40 61 130 208 137 90 15 192 35 24 22 14 202 19 148 15 76 76 181 90 174 151 36 96 145 143 61 134 86 102 169 161 206 137 17 97 
37 130 15 137 47 120 193 13 147 93 151 45 31 87 88 90 44 121 39 63 140 18 140 58 42 151 80 26 73 28 25 194 119 184 151 95 18 170 158 95 188 111 181 115 11 206 182 119 141 197 80 135 194 12 137 156 98 162 207 199 105 208 161 28 183 67 129 83 125 78 93 20 69 135 206 49 193 128 169 128 71 177 13 176 148 36 203 92 86 170 148 167 190 164 88 71 78 131 83 108 167 68 29 155 111 199 26 166 49 135 135 142 188 31 126 172 97 18 148 140 15 100 209 179 17 63 23 66 195 193 158 203 209 172 16 76 145 29 81 74 209 18 57 24 124 22 117 32 137 102 130 209 108 81 196 202 162 27 134 198 103 99 98 24 106 78 156 168 147 155 178 207 35 57 31 47 53 117 80 159 156 49 62 22 30 41 86 101 135 55 109 26 184 66 87 82 146 18 106 119 
142 168 198 154 14 140 137 59 129 78 184 111 171 65 176 137 123 172 190 28 138 99 123 151 33 206 141 50 41 145 42 192 192 60 54 62 67 11 78 43 183 104 29 136 93 143 192 122 46 35 62 22 34 55 106 12 183 168 115 87 168 121 91 60 180 190 63 137 169 126 207 128 128 187 191 75 162 123 181 186 196 84 52 51 119 107 72 58 52 158 202 146 30 27 39 34 191 48 116 171 160 157 68 49 115 191 78 24 11 126 104 177 55 177 49 173 10 184 54 209 135 90 27 34 59 96 84 67 195 25 68 85 40 192 21 47 80 172 201 38 71 22 106 86 110 168 181 201 58 132 108 160 168 138 155 152 48 70 83 87 103 105 14 23 42 135 114 105 31 58 178 94 30 101 48 42 129 147 176 42 72 144 41 47 104 112 21 124 52 79 44 157 140 113 51 16 21 107 147 112 
25 73 127 127 209 161 53 148 192 64 97 22 122 132 47 184 101 18 128 61 87 33 62 21 40 199 11 25 97 138 39 131 197 73 137 98 87 124 56 85 92 41 49 29 179 57 172 16 170 162 115 171 130 190 51 160 149 148 134 161 15 150 199 35 92 114 63 190 40 21 16 68 197 61 137 40 32 157 17 106 124 15 159 16 20 125 145 198 195 144 123 33 86 173 187 136 132 117 139 76 37 35 110 58 185 140 167 23 106 26 102 115 61 17 140 113 157 62 65 94 145 204 156 200 46 57 115 17 88 168 91 156 109 32 202 23 18 62 51 201 186 134 67 118 156 168 42 73 37 41 51 89 47 110 47 119 160 64 150 207 37 189 56 149 48 91 108 202 31 107 103 23 16 139 103 161 26 204 48 198 85 181 31 190 93 176 109 166 19 76 78 169 205 194 138 104 142 76 68 76 
73 123 41 96 170 176 59 132 70 93 183 176 116 156 84 118 156 80 30 76 79 188 137 48 94 169 177 188 40 131 201 100 103 54 19 117 50 133 32 57 160 35 72 192 179 150 11 65 115 136 97 73 189 176 88 155 19 96 116 130 53 16 52 171 193 148 27 205 119 209 107 205 152 62 177 150 113 65 165 62 66 55 72 207 60 199 75 115 137 57 37 113 86 75 85 56 191 13 25 73 170 126 191 187 143 38 194 113 54 86 184 118 145 12 145 51 196 203 130 24 154 67 122 114 106 101 116 36 26 193 143 121 186 115 75 16 108 28 29 201 34 77 60 144 105 185 85 104 197 75 172 49 118 70 92 196 105 132 145 158 169 129 148 76 183 160 70 151 103 158 16 128 78 22 75 29 137 181 124 52 160 159 138 71 187 146 35 16 75 193 163 15 36 163 175 155 137 190 41 190 
193 157 133 91 73 154 59 36 50 72 101 39 108 208 188 137 35 70 79 190 33 157 12 175 92 33 65 197 17 19 140 101 121 154 154 85 99 15 166 134 27 66 58 170 90 60 98 176 77 188 183 53 58 142 186 173 208 145 26 67 190 176 71 101 143 139 95 60 101 103 98 98 196 67 169 37 120 36 100 51 74 76 84 102 158 22 102 26 168 37 169 52 49 173 58 206 60 106 206 88 118 96 47 113 133 11 51 55 40 104 10 203 64 204 14 152 134 179 191 53 37 11 112 33 48 171 44 111 15 110 142 66 46 20 127 203 87 202 120 200 18 185 99 79 201 149 45 116 49 183 79 183 54 37 205 146 205 112 126 17 32 174 158 18 182 18 200 167 57 41 96 106 116 77 24 200 77 15 121 193 63 49 36 152 139 50 137 150 96 53 57 163 80 20 15 119 181 81 52 142 
52 30 35 91 128 198 161 62 67 75 185 40 161 112 160 198 157 82 100 29 127 203 170 166 102 103 209 42 59 83 153 143 54 66 96 35 174 10 142 32 155 63 119 105 157 118 129 44 146 133 54 192 100 185 156 49 58 175 172 178 129 79 192 123 97 150 176 43 100 131 46 87 205 116 73 59 30 66 143 176 165 67 31 71 111 70 126 173 148 188 207 144 198 109 80 209 125 176 75 42 84 88 147 10 58 203 168 167 81 68 92 27 75 116 30 122 14 12 207 146 53 126 188 116 34 125 83 170 88 146 129 18 198 192 131 26 33 122 196 180 176 52 78 68 86 72 156 191 163 114 48 207 132 205 121 125 197 31 47 14 188 50 74 176 104 141 175 166 194 75 116 75 10 194 199 12 21 167 17 17 37 96 153 45 122 41 87 59 16 11 45 156 169 186 21 118 100 174 207 135 
117 93 25 187 104 190 165 178 144 193 21 126 13 158 10 51 70 83 133 199 42 33 197 188 149 113 147 100 73 187 11 13 123 40 124 109 208 113 208 127 200 78 184 102 58 116 194 58 136 177 45 17 187 81 15 40 130 55 68 169 208 52 18 87 76 43 115 88 100 121 50 27 12 79 153 58 36 170 67 73 56 100 78 136 196 20 59 149 23 172 168 30 47 25 85 182 86 200 39 165 20 87 194 85 45 186 50 58 139 200 43 177 47 133 55 13 204 96 144 62 85 151 135 11 65 114 188 201 43 70 135 36 135 100 199 117 145 57 129 93 24 38 123 58 36 50 137 119 76 175 175 97 83 186 160 63 163 39 119 153 10 181 21 188 173 198 178 12 170 178 183 76 170 28 195 11 95 29 156 23 106 199 104 14 129 29 37 98 71 105 62 53 100 157 175 134 94 135 163 202 
120 207 107 15 122 66 66 140 41 44 111 181 48 66 75 46 79 134 196 182 12 62 81 190 135 190 118 209 147 77 138 22 41 94 103 68 150 97 98 87 169 169 140 40 86 150 48 201 70 86 70 104 138 47 63 195 149 137 138 206 114 178 206 185 23 193 201 158 56 143 169 137 183 11 17 105 162 45 70 62 181 205 130 83 98 77 185 173 22 84 59 140 38 205 193 43 137 55 10 195 200 182 48 181 203 106 183 71 118 126 110 149 37 107 82 188 99 182 103 68 209 88 176 20 52 205 177 187 64 64 202 12 36 204 55 184 158 93 54 91 185 80 57 128 108 177 204 182 77 148 201 199 78 70 122 110 22 44 87 185 27 100 57 200 150 115 94 53 24 174 110 108 92 85 180 133 108 61 74 87 33 70 174 127 77 180 129 65 107 137 75 110 98 179 23 208 54 169 60 66 
15 20 38 123 30 92 42 76 197 41 74 111 190 195 112 83 63 204 37 198 164 12 76 178 157 181 147 43 122 72 130 111 165 95 96 127 151 173 58 142 77 163 156 23 204 117 85 76 139 92 118 12 104 181 116 108 165 154 54 34 188 111 41 150 113 135 138 169 199 80 59 122 198 173 10 151 124 115 54 121 185 94 116 68 207 204 169 133 25 106 32 68 83 86 206 116 115 205 197 153 151 149 198 49 87 182 162 206 92 181 195 139 194 57 78 149 209 25 132 52 122 117 41 58 64 181 100 19 68 135 137 78 174 165 115 99 17 165 206 133 151 59 44 194 36 196 21 32 79 68 21 10 14 195 113 172 18 132 50 11 147 22 157 129 101 158 170 15 35 100 140 91 98 205 48 21 194 57 65 181 112 110 171 127 175 149 111 33 25 19 63 12 41 195 99 17 154 145 74 22 
37 194 165 105 95 59 48 165 25 151 66 19 29 37 72 58 189 153 141 161 61 106 108 189 148 116 201 111 23 191 61 79 96 87 152 151 165 45 68 209 171 190 184 194 148 123 66 203 183 81 41 62 63 209 33 110 46 10 176 202 156 174 113 91 162 19 143 132 92 99 52 114 79 150 146 75 15 22 82 36 165 35 20 166 198 56 78 24 23 206 136 75 95 191 39 66 198 126 48 208 125 109 32 143 78 39 153 126 38 71 200 34 151 57 157 129 91 192 99 115 13 159 200 201 178 155 127 155 177 80 148 196 135 12 192 105 38 65 206 130 151 23 156 88 37 113 134 96 196 175 207 78 26 28 154 14 173 89 25 182 53 17 27 136 27 190 67 79 146 68 110 32 84 45 38 124 168 109 37 202 131 150 99 146 53 103 156 31 38 104 28 12 153 106 37 27 95 13 82 186 
95 121 76 64 164 152 53 110 160 76 19 144 208 110 192 126 95 103 63 134 31 58 121 85 53 113 33 126 133 95 13 122 127 94 79 17 176 114 194 191 75 182 40 170 97 125 155 203 31 52 75 59 168 158 176 80 106 103 113 177 93 70 124 54 25 124 134 171 135 10 77 182 59 27 28 23 168 189 79 96 85 134 56 197 127 92 81 150 111 45 35 83 157 16 198 127 53 148 194 167 49 104 70 141 63 75 47 200 181 37 107 70 194 101 109 101 150 100 116 23 108 33 200 172 135 31 205 156 188 164 11 133 23 108 156 97 88 22 128 92 94 124 166 29 68 137 140 11 36 102 176 34 154 165 112 29 98 194 31 166 45 78 209 20 23 118 145 125 172 164 112 44 125 20 73 84 102 194 91 158 50 34 111 191 112 103 106 30 111 65 189 188 24 17 83 109 76 78 195 134 
174 197 39 128 121 12 132 52 197 152 107 198 182 48 23 143 158 41 160 206 69 19 39 127 134 116 131 199 35 148 19 79 91 49 117 39 123 164 95 60 203 59 204 12 18 144 137 82 117 106 152 182 60 18 29 31 93 137 183 115 54 168 185 54 101 144 162 193 34 196 73 141 111 163 165 136 206 138 61 71 20 90 163 37 101 101 62 19 136 79 144 73 140 131 77 59 27 75 21 135 118 172 60 134 25 209 80 65 121 31 90 47 179 17 145 76 102 92 59 116 204 134 54 80 69 43 166 103 101 32 15 97 167 108 38 56 130 107 139 184 99 69 74 89 82 79 18 27 73 32 28 193 187 30 88 64 74 57 13 34 36 73 201 102 102 164 40 59 185 35 103 101 172 181 147 150 98 164 173 177 46 71 129 123 116 95 160 114 50 182 163 75 55 116 136 167 106 156 90 206 
94 103 204 15 69 48 166 189 106 192 139 166 52 50 146 89 104 153 116 142 189 200 45 91 126 187 183 27 188 13 91 33 42 185 42 150 141 196 171 207 163 19 45 131 147 153 143 116 206 196 45 83 44 17 14 17 162 36 141 179 18 141 141 117 156 88 152 155 140 171 57 180 36 197 24 96 115 149 175 131 54 112 67 130 126 48 141 198 154 49 145 111 198 101 150 42 44 51 175 166 43 196 138 19 173 110 15 140 141 20 115 207 128 126 206 99 43 28 113 121 70 145 100 30 56 70 55 200 155 180 23 46 120 78 116 117 166 111 89 104 64 136 123 56 53 124 125 197 100 207 179 43 158 140 14 72 46 70 40 21 119 178 40 148 142 11 112 201 16 14 189 83 20 175 47 29 28 59 122 56 128 48 99 100 43 82 199 63 154 175 113 180 179 149 178 47 34 66 198 176 
106 68 196 30 42 35 86 119 101 52 131 197 119 199 193 131 197 187 134 48 124 72 65 187 116 29 53 112 22 131 102 17 28 154 158 25 89 131 58 61 97 85 89 68 193 156 197 17 98 135 205 70 130 200 177 66 164 82 56 166 89 110 103 13 119 118 195 99 81 190 137 160 151 112 203 204 167 31 166 13 76 38 98 22 174 145 82 43 130 12 12 58 116 123 171 20 194 74 195 181 202 22 148 199 111 179 19 198 184 184 77 48 66 208 38 163 119 74 130 19 135 115 17 28 110 138 88 37 13 165 149 150 29 90 203 67 202 136 47 169 149 191 162 193 52 189 17 99 190 75 193 204 73 23 135 171 207 171 95 105 17 166 154 15 34 66 102 60 95 30 41 126 196 44 101 57 27 157 99 102 106 44 33 182 58 33 101 176 71 191 151 71 53 55 106 39 183 110 60 113 
38 141 151 133 152 120 198 23 198 89 83 30 147 165 24 41 10 207 21 18 127 12 138 55 49 39 109 143 206 94 86 139 23 13 201 13 174 105 108 52 150 55 74 32 25 70 199 180 159 107 101 34 62 131 150 123 45 126 99 206 158 74 68 153 91 190 17 46 80 72 73 176 73 65 208 182 141 71 110 103 51 59 54 47 92 29 77 73 26 20 52 29 23 90 118 116 57 16 62 106 181 110 187 66 145 21 197 112 94 33 93 123 142 89 192 10 26 168 53 17 119 25 175 140 82 127 68 91 82 67 167 150 117 121 67 203 181 197 153 78 12 98 108 192 62 187 67 195 103 126 38 204 101 181 117 122 142 119 102 87 37 15 101 101 193 91 80 42 14 128 124 23 184 59 162 37 125 147 198 65 187 61 178 194 187 56 30 16 172 155 155 151 42 68 104 164 104 123 148 208 
115 149 61 83 57 29 89 27 155 56 10 108 207 151 135 50 209 19 66 53 202 100 84 68 89 98 183 110 74 64 77 140 36 62 85 187 144 30 103 33 150 169 128 38 186 155 63 45 175 36 80 122 90 136 169 70 187 10 84 193 191 116 197 111 178 202 124 151 115 104 140 40 24 208 149 156 172 177 64 58 38 140 34 102 124 97 170 124 55 74 53 29 136 158 154 73 180 65 170 118 108 73 194 135 168 124 140 89 13 209 195 10 61 164 190 98 118 62 70 39 53 92 75 91 84 190 180 49 162 51 54 185 82 43 104 151 119 205 36 155 14 187 199 60 188 170 181 70 114 126 207 198 126 166 38 139 140 156 197 104 124 88 178 143 30 101 133 56 188 99 108 26 110 167 142 113 172 192 206 169 151 171 35 194 25 162 134 28 103 184 179 109 107 208 44 137 135 182 98 161 
167 190 101 71 198 149 70 209 180 21 43 36 62 156 131 90 46 46 155 135 133 186 152 209 134 139 61 38 77 208 167 51 160 62 159 10 101 21 24 163 20 152 163 38 174 25 23 159 134 52 164 27 150 122 194 59 38 73 173 207 97 10 196 53 48 28 130 122 107 15 156 199 180 147 45 200 207 202 127 113 40 75 162 129 107 64 138 84 193 171 123 164 34 108 160 200 158 166 134 111 128 115 178 150 197 165 138 65 145 95 10 39 164 11 85 25 147 141 71 20 57 191 65 84 48 198 21 131 26 125 122 107 141 153 18 184 79 62 26 74 69 96 161 97 82 155 173 186 111 23 99 42 198 22 149 200 67 128 25 127 69 82 55 59 81 178 91 181 16 62 196 154 50 141 188 89 83 69 202 108 197 31 12 30 126 57 32 135 12 130 109 44 14 179 93 178 148 84 166 27 
10 189 42 58 57 54 19 156 166 80 51 49 103 206 123 41 131 182 106 138 98 149 25 209 165 194 68 94 135 185 99 181 204 195 154 130 185 171 134 181 76 45 169 150 53 66 64 107 149 119 67 112 133 47 148 126 107 101 12 199 97 207 130 177 159 136 133 201 58 45 101 154 68 122 108 182 165 181 19 163 58 155 114 122 126 65 208 172 167 206 28 174 114 128 155 23 105 164 43 64 28 10 39 171 142 168 156 70 153 133 27 122 116 41 49 119 140 100 147 131 185 84 126 91 67 75 53 169 60 31 188 166 144 84 157 105 10 71 73 65 24 60 178 136 27 195 142 80 104 22 102 194 146 71 112 109 27 119 162 100 48 154 176 180 13 65 47 132 97 87 19 173 83 41 182 196 101 168 202 173 72 193 25 58 145 207 35 117 194 54 32 83 204 83 14 169 139 203 157 171 
138 169 25 26 25 76 72 102 68 208 141 189 198 83 156 99 190 91 110 90 97 151 71 51 208 99 183 118 19 160 118 151 77 35 60 114 146 77 64 95 95 131 38 145 25 14 54 60 65 29 91 29 158 66 41 151 188 83 99 107 148 186 84 135 75 39 60 146 199 108 93 159 31 49 47 144 194 25 32 197 203 52 32 126 132 135 189 101 81 81 114 103 110 72 93 100 99 27 201 28 30 113 185 77 202 42 118 51 208 68 123 103 11 97 126 28 128 78 146 157 133 207 83 162 25 66 138 125 29 153 58 120 154 20 114 50 147 22 44 154 27 78 45 114 42 26 101 207 156 63 33 88 43 172 200 38 134 191 99 35 194 96 145 206 72 173 145 77 47 165 185 164 180 73 70 173 126 104 157 128 119 74 122 134 144 16 191 200 44 25 72 190 129 136 180 60 154 28 126 71 
32 16 36 113 49 20 24 161 42 195 94 111 145 112 173 174 22 50 121 147 188 191 144 61 50 120 148 117 159 161 160 16 205 181 31 98 85 135 17 38 75 196 183 99 195 191 65 97 204 116 126 101 61 97 52 192 181 162 105 31 111 197 137 135 150 101 40 167 61 114 82 131 27 65 33 61 188 208 96 198 131 21 110 38 119 32 188 169 163 69 178 51 27 70 63 60 196 17 136 159 83 174 35 80 105 132 156 156 141 180 120 78 18 69 80 63 114 66 64 13 11 153 129 144 154 38 203 201 150 167 127 75 182 41 116 198 165 155 64 33 28 97 106 17 161 132 14 200 191 120 208 127 54 22 124 174 164 203 69 67 196 89 125 66 150 92 149 37 176 192 141 100 123 41 14 94 168 114 158 168 93 162 108 117 163 84 132 95 194 151 165 149 63 86 113 13 44 192 141 156 
80 65 74 20 90 170 188 37 192 120 97 40 52 113 163 127 122 180 25 81 139 16 11 204 94 125 77 20 47 179 94 92 136 168 121 114 55 62 91 143 160 148 182 47 69 171 166 14 59 180 43 164 159 16 14 139 105 176 135 78 135 14 54 116 109 52 208 61 44 172 44 52 17 199 207 46 199 154 61 74 183 189 65 137 207 150 135 160 96 206 16 171 149 138 125 45 81 173 64 198 40 76 15 75 113 42 194 148 98 92 144 106 77 112 141 80 130 98 22 51 140 47 112 45 88 38 165 102 107 83 88 84 20 29 196 101 114 139 208 58 47 67 62 55 205 83 85 32 104 92 43 70 60 195 54 193 16 121 117 16 92 102 18 104 191 169 163 90 28 123 81 104 53 174 89 104 208 104 154 121 33 44 149 14 185 50 44 42 22 141 108 91 179 78 92 129 89 183 179 208 
77 91 149 101 124 92 143 110 205 109 203 37 150 50 182 21 26 172 152 101 193 201 155 38 96 163 152 96 74 143 62 34 191 170 84 161 157 183 169 72 28 164 162 153 14 86 100 171 103 57 19 45 105 85 162 10 11 173 44 157 75 98 114 14 50 87 61 13 47 22 95 95 118 68 125 72 82 112 184 16 16 33 53 200 71 97 81 198 141 20 80 159 75 182 24 109 140 204 26 185 114 169 137 91 130 148 93 120 137 136 34 50 142 125 69 150 89 117 55 35 77 121 150 207 155 180 136 78 127 80 25 53 110 32 62 115 160 38 170 177 155 150 34 76 72 59 117 73 26 145 14 128 123 18 204 28 57 156 145 162 58 171 178 23 180 99 159 191 121 65 28 116 144 27 191 132 102 124 83 134 207 197 204 158 96 24 204 39 151 191 133 72 54 69 39 58 163 178 68 57 
131 189 11 137 137 21 162 203 49 145 88 23 154 169 26 12 123 116 108 183 37 115 34 161 82 62 199 76 28 189 53 86 193 170 62 191 165 206 60 144 32 208 60 156 146 205 136 156 108 36 180 61 73 74 105 188 190 38 17 86 69 37 26 129 16 200 167 159 84 164 51 52 187 171 127 205 95 169 173 155 68 26 22 161 181 162 154 154 98 85 126 55 81 72 155 40 90 103 108 40 79 169 183 30 195 185 88 129 106 38 99 187 66 93 137 66 177 189 108 67 79 155 158 175 77 31 191 51 14 103 142 195 197 203 98 191 111 201 177 16 178 202 160 172 206 108 132 144 139 81 17 174 76 200 49 128 75 131 79 99 68 89 92 39 14 100 18 86 207 173 200 11 39 39 157 197 41 113 16 60 205 80 79 132 49 205 174 184 50 170 75 96 77 115 24 149 98 75 88 108 
28 116 198 114 146 171 10 31 34 43 69 166 142 209 15 204 135 184 143 207 202 166 195 161 40 134 64 189 82 128 204 57 133 46 82 148 114 72 191 178 89 34 75 37 47 140 201 159 45 186 66 150 100 46 70 87 37 67 117 46 158 171 118 172 58 11 102 98 23 28 59 117 62 22 185 42 143 129 29 108 76 60 128 124 166 25 54 73 61 96 151 32 12 100 166 69 187 91 104 67 82 81 127 104 114 207 56 173 46 80 146 36 162 85 113 98 59 65 153 160 47 207 142 53 94 195 171 38 145 166 114 120 90 14 164 132 188 157 113 109 37 145 186 103 185 172 44 96 24 109 24 131 75 15 66 66 115 48 110 204 35 12 18 144 143 163 152 169 205 136 18 90 90 92 67 140 208 35 147 101 175 53 147 107 138 167 170 26 179 171 79 74 10 77 144 116 202 112 195 126 
60 177 35 14 143 105 30 187 200 81 116 186 15 169 122 184 107 113 71 171 87 20 94 190 60 34 190 140 17 29 23 84 65 142 102 166 124 152 66 94 112 85 16 182 145 17 164 65 62 164 121 69 166 171 91 168 59 25 155 207 71 194 10 35 172 192 153 92 160 82 57 178 72 25 15 10 60 69 114 126 132 32 112 41 41 113 125 169 191 91 142 134 105 207 189 41 182 192 166 192 203 157 65 138 153 172 17 14 184 181 196 89 19 29 100 103 126 84 174 57 118 73 56 160 57 148 144 41 38 164 115 194 69 90 44 108 137 166 197 97 165 193 154 175 110 163 84 158 103 173 28 71 178 41 73 118 158 145 115 49 28 38 17 177 103 114 32 64 123 111 132 19 20 89 52 19 194 42 193 167 12 85 40 60 59 133 73 127 136 110 190 82 153 204 55 117 72 36 85 191 
148 79 102 198 20 174 42 59 81 10 99 81 19 35 10 175 87 188 71 36 112 204 112 35 124 152 183 111 112 183 85 113 134 39 59 39 69 198 59 175 186 171 106 13 158 126 57 113 104 37 84 44 101 169 115 141 197 73 23 15 184 133 95 61 208 157 155 209 96 195 160 24 205 133 190 26 21 176 158 41 198 18 169 48 183 63 13 207 108 87 136 172 174 77 98 75 178 202 46 161 28 115 57 166 179 65 126 113 22 184 42 136 63 130 84 32 63 60 110 18 34 113 18 87 37 86 31 101 101 175 59 146 17 56 46 136 59 37 132 154 115 30 19 150 109 173 21 35 108 50 96 93 135 209 37 183 114 186 54 25 104 106 123 162 144 64 142 111 141 187 22 156 139 177 89 202 23 43 14 90 14 72 114 65 145 190 192 181 47 80 174 175 163 125 70 105 120 205 115 74 
66 81 21 111 135 107 110 61 70 172 61 20 38 45 91 70 10 40 125 120 171 88 57 152 135 30 172 128 49 190 155 82 121 153 17 45 30 147 152 62 192 88 35 106 99 107 180 51 89 111 10 33 15 82 117 99 83 151 197 71 196 179 103 134 170 169 105 195 56 42 177 86 112 87 209 84 141 209 13 161 86 52 160 208 138 78 59 66 183 78 56 133 88 147 55 103 54 195 47 100 197 118 95 52 27 129 92 81 140 87 182 159 82 173 55 60 156 45 139 74 60 109 94 139 149 88 59 133 28 62 145 150 174 48 75 121 83 207 199 17 201 189 158 46 36 59 182 190 53 197 133 21 145 35 159 168 27 145 18 79 124 130 200 161 162 192 132 92 135 79 112 101 19 115 207 125 53 87 95 93 70 103 169 147 182 112 35 125 35 38 85 165 151 63 20 206 201 55 76 110 
15 202 17 133 187 113 207 181 179 167 184 122 110 107 62 195 27 132 178 106 12 208 36 97 164 21 180 149 28 27 97 55 204 201 104 168 160 79 127 133 112 44 178 52 205 74 149 86 49 183 43 62 127 109 199 80 195 164 26 109 34 45 108 182 157 162 166 23 18 125 55 111 124 95 141 148 116 50 150 44 127 121 160 169 74 78 22 197 156 84 108 199 147 30 205 124 42 175 162 201 105 116 30 184 61 127 72 202 162 29 209 172 118 98 23 28 79 67 137 206 104 173 43 154 184 148 108 16 140 159 62 167 94 90 182 162 53 179 45 93 127 154 118 142 189 202 169 31 62 13 31 35 38 151 87 135 192 121 88 171 106 65 64 137 16 144 157 29 75 93 162 93 156 184 60 172 188 17 166 57 133 130 145 157 70 178 32 189 11 180 203 173 12 79 209 190 199 119 20 144 
176 172 168 132 88 161 69 147 171 128 53 147 70 20 207 116 57 39 173 93 114 109 195 149 202 16 137 126 68 37 27 204 19 88 111 159 155 76 31 165 11 149 175 197 209 129 129 31 134 188 39 143 164 203 97 131 205 28 192 139 38 140 50 49 44 177 39 89 85 33 187 98 187 98 45 126 148 91 110 95 182 10 135 194 185 80 125 160 188 27 190 106 21 83 80 126 172 207 103 152 71 88 64 122 59 85 45 78 113 49 104 107 191 58 162 127 33 67 182 84 168 93 114 70 26 33 198 187 97 146 97 140 64 145 144 188 196 128 191 22 160 66 149 76 163 115 195 77 125 108 94 126 136 74 117 61 20 48 205 161 30 194 75 102 209 156 57 88 149 169 77 150 135 88 38 17 113 164 177 205 68 67 67 79 132 114 191 31 99 127 83 184 56 15 134 78 113 57 124 23 
110 154 157 109 152 106 83 51 66 119 123 62 103 185 166 182 36 157 96 93 87 22 104 63 41 209 106 163 80 32 185 65 152 26 129 76 146 64 84 74 61 195 114 57 29 20 39 44 145 180 96 15 41 133 30 183 192 104 158 109 174 113 200 29 89 161 23 178 22 18 56 157 10 104 206 53 174 45 157 49 130 21 54 156 104 108 35 199 165 165 196 198 20 84 112 68 52 198 208 104 170 208 72 108 42 157 87 43 162 20 42 156 207 25 44 164 21 147 88 144 25 150 162 27 105 42 123 77 78 147 187 133 17 58 124 81 28 100 117 139 42 82 68 197 105 97 168 17 95 194 37 154 51 189 65 127 77 65 183 161 153 79 170 35 144 104 156 33 16 108 23 12 61 85 164 77 199 75 171 208 158 114 154 76 195 72 153 208 113 51 197 96 204 98 131 199 201 203 200 199 
102 125 175 191 91 199 146 12 137 97 196 28 202 17 63 95 194 25 209 14 84 142 157 129 40 109 119 147 59 153 72 81 159 24 171 59 205 110 14 122 152 34 29 123 52 64 75 106 23 39 123 42 22 100 207 188 11 14 118 183 54 75 75 63 202 43 84 161 162 20 24 165 115 85 84 93 187 64 120 174 106 169 181 12 24 68 146 170 16 182 48 106 51 170 34 130 96 191 121 96 122 144 15 80 114 188 154 35 55 175 148 42 12 137 112 171 209 101 23 147 28 13 164 173 209 52 125 146 111 36 164 89 206 50 116 209 46 174 159 165 193 39 127 191 19 30 180 120 129 209 78 166 33 140 28 127 112 187 44 78 33 51 91 188 92 17 207 200 86 43 131 90 168 110 51 44 18 136 49 186 97 47 167 180 30 161 134 209 145 190 142 71 62 170 87 96 127 111 56 78 
186 27 166 11 44 94 127 98 78 71 23 154 183 119 66 116 27 142 115 43 147 188 21 140 100 195 208 78 44 11 183 43 146 22 63 15 110 14 50 57 145 155 205 32 158 113 206 111 113 177 107 148 126 63 103 110 205 60 142 85 77 45 59 30 175 124 127 183 53 69 37 64 146 68 108 83 51 133 37 205 119 196 181 133 179 174 165 44 105 63 184 30 121 189 13 120 128 61 134 186 49 181 24 72 82 162 140 131 120 195 61 181 21 93 115 197 32 65 167 183 174 171 64 112 97 140 157 32 38 161 124 185 10 117 99 72 135 117 53 89 116 35 103 64 75 30 19 29 144 160 61 39 70 111 148 156 187 168 91 159 47 17 113 132 169 125 69 65 99 14 62 93 55 102 203 181 114 30 174 44 96 35 110 131 88 117 141 145 169 66 199 205 13 19 116 202 93 141 32 58 
110 163 25 38 178 194 56 173 50 85 132 179 66 146 107 187 173 148 147 120 19 74 88 41 168 193 118 196 207 109 34 164 118 110 196 77 188 160 48 151 105 19 13 97 29 165 92 209 180 132 77 209 167 49 152 52 190 161 112 169 30 61 44 38 149 165 40 49 86 129 145 68 113 120 176 15 185 180 25 170 173 29 77 67 79 93 165 125 105 45 87 138 146 110 14 209 11 138 117 123 62 147 36 83 185 44 14 13 31 95 154 121 32 31 193 207 11 160 96 124 145 99 174 206 163 150 87 181 150 35 131 155 38 208 129 29 81 111 160 186 190 31 15 52 78 162 114 28 81 152 192 123 124 77 204 102 154 190 57 129 96 66 17 192 166 22 151 50 34 73 44 63 15 186 191 91 46 47 128 59 203 55 63 96 132 97 144 113 118 159 170 38 25 102 48 139 20 15 152 25 
59 51 170 123 152 113 91 111 81 204 91 148 185 36 163 163 40 145 35 185 15 63 59 99 183 14 136 123 74 130 98 43 13 91 180 71 43 45 43 24 205 58 66 69 97 174 37 117 193 36 85 179 38 128 44 145 68 108 25 33 95 87 110 135 166 146 48 138 128 29 159 13 156 162 119 121 69 71 149 158 118 186 70 25 34 24 101 80 55 119 67 44 12 61 28 70 64 65 87 77 133 128 70 207 78 34 48 126 196 206 83 93 183 11 38 171 83 41 85 151 129 183 46 157 48 174 180 159 203 126 49 200 188 192 66 205 129 92 126 197 31 75 143 202 173 23 108 88 26 18 78 46 153 100 185 195 187 129 13 155 117 11 150 106 12 12 17 48 47 86 25 101 189 22 16 175 110 102 65 41 198 139 78 158 103 38 109 175 109 46 25 82 24 198 14 188 190 35 148 183 
144 202 24 135 14 111 183 73 68 160 101 150 127 139 38 191 163 94 114 169 23 126 38 139 116 65 64 61 97 87 107 67 146 150 36 82 10 14 36 35 63 174 208 126 173 204 29 152 134 66 32 40 64 87 189 166 31 155 197 133 205 143 190 28 23 180 46 183 146 60 127 35 22 86 18 137 121 101 45 58 191 19 63 141 129 162 205 13 19 76 78 134 83 195 84 137 158 139 36 206 149 87 192 25 17 105 130 176 186 78 28 132 22 113 46 183 176 199 200 197 143 203 72 118 57 115 158 202 112 203 166 70 107 152 150 30 64 104 145 27 145 199 11 39 92 77 190 135 127 63 36 17 140 178 54 197 18 128 140 113 20 52 94 159 173 96 115 50 60 25 71 161 165 113 178 51 144 205 71 188 198 200 203 39 129 72 63 140 83 168 38 155 66 94 51 42 26 69 77 188 
76 38 84 147 14 114 201 79 202 123 137 127 195 108 35 175 206 157 10 107 134 92 52 67 178 137 132 15 139 113 53 61 32 181 96 168 84 179 104 76 131 189 204 24 192 193 124 74 75 138 208 81 74 100 198 151 29 157 10 61 14 10 179 20 57 24 187 73 32 205 62 169 10 93 127 110 189 121 184 128 193 13 41 71 175 113 11 55 170 194 21 93 181 162 174 162 126 70 44 166 105 198 141 158 95 58 164 105 144 162 78 136 119 55 197 172 134 129 52 100 194 153 140 143 199 120 47 22 55 118 156 70 15 151 123 85 155 172 105 90 115 46 189 34 30 96 163 177 142 166 129 182 43 104 113 66 189 115 159 41 44 170 179 138 203 73 145 132 101 123 183 33 117 76 190 72 76 137 69 29 119 86 138 68 135 152 154 78 62 197 124 171 102 25 209 177 68 51 30 155 
157 62 93 93 199 44 137 135 59 40 41 33 114 107 62 103 166 34 80 52 162 29 206 67 180 179 109 187 138 156 156 83 91 143 109 191 32 54 205 50 187 207 48 149 102 124 39 70 78 180 147 84 162 123 63 162 79 32 81 58 206 46 49 188 120 118 101 31 16 26 196 87 178 196 122 96 155 80 123 58 89 96 11 93 124 175 133 127 174 112 195 68 55 88 94 45 99 201 46 12 184 96 188 118 66 41 38 146 137 105 123 66 199 45 200 88 178 129 10 75 153 179 92 121 165 34 91 174 101 209 120 158 190 16 86 96 194 133 38 37 145 142 135 135 46 58 41 172 12 177 204 157 80 130 116 146 176 20 32 169 36 54 107 15 156 154 146 109 19 199 64 54 67 15 207 41 88 33 71 170 41 96 84 102 36 187 11 95 161 93 188 28 35 152 159 84 162 126 144 156 
172 65 101 80 117 100 74 39 188 201 26 98 145 140 201 77 140 111 96 143 183 56 25 191 199 16 195 63 183 165 176 206 197 90 165 153 209 53 25 89 123 122 178 27 28 86 29 91 128 127 188 90 67 186 53 139 146 20 40 168 123 117 89 106 119 162 111 65 182 114 68 193 148 124 103 21 59 87 190 192 177 89 79 194 100 116 177 159 67 78 158 143 46 80 188 73 137 105 197 73 172 203 163 124 95 167 112 201 133 149 133 203 78 87 193 100 130 158 149 116 170 164 109 19 113 164 25 203 131 207 149 17 140 57 158 101 108 75 190 47 42 90 186 53 31 175 194 83 69 40 144 146 104 120 29 20 179 99 144 95 157 188 200 64 77 162 21 178 12 208 90 126 203 148 205 181 117 107 145 37 54 139 156 56 195 120 21 27 124 27 73 189 184 200 14 39 104 87 71 19 
206 54 129 199 31 173 189 132 159 66 184 114 84 13 199 199 54 70 159 112 29 142 123 102 27 164 63 157 131 49 149 129 35 69 102 114 166 132 68 89 93 139 13 59 55 72 138 198 94 41 153 170 164 51 200 122 142 62 19 123 136 46 15 20 89 142 72 46 113 40 48 13 200 208 209 72 56 106 29 86 181 105 148 186 132 177 86 144 66 175 25 32 23 96 117 43 170 191 166 59 135 163 162 72 39 56 148 144 70 21 176 103 154 30 127 103 58 194 126 41 46 56 194 141 86 94 118 159 126 170 121 42 192 148 194 169 178 99 45 92 177 39 138 128 166 120 12 90 136 157 143 189 42 15 142 57 23 119 140 167 11 29 41 107 36 91 79 89 201 81 118 155 50 98 165 81 80 207 89 138 13 34 155 139 159 134 189 150 17 101 21 108 99 122 134 125 20 136 43 119 
133 50 21 62 23 117 151 123 104 91 183 160 106 81 24 115 44 91 23 177 189 151 154 29 134 159 207 57 151 179 92 188 13 150 43 132 195 32 185 190 126 140 126 164 54 98 39 86 57 64 67 156 178 29 51 187 10 94 46 118 102 60 59 199 90 126 112 14 155 27 170 57 75 82 14 45 193 38 40 92 39 164 186 159 192 143 176 78 129 38 161 85 71 107 160 129 122 120 91 140 25 134 68 109 30 150 183 92 187 131 51 12 37 31 44 50 63 117 16 205 42 71 177 190 156 161 195 162 151 173 14 37 116 105 53 65 175 70 136 80 29 26 152 167 179 41 209 83 88 159 140 144 174 105 182 56 13 108 187 57 161 94 15 154 141 68 126 94 79 171 50 178 38 156 206 20 106 33 185 37 122 157 76 49 196 84 167 195 57 157 145 46 78 121 135 130 66 71 103 132 
85 14 134 113 30 199 102 140 200 49 11 14 150 183 32 141 92 16 30 81 168 29 165 34 144 128 182 166 94 10 56 58 113 125 169 166 182 84 144 102 127 25 169 174 19 157 40 23 23 13 201 39 154 26 95 37 143 49 204 149 14 197 177 25 132 194 206 145 197 124 156 59 191 31 201 135 201 16 52 133 27 147 185 24 16 134 103 206 137 158 80 56 52 193 73 192 53 180 131 81 107 78 50 67 111 36 28 134 32 110 35 151 154 58 86 41 184 88 77 70 200 22 164 127 87 204 178 159 132 138 170 126 177 153 57 125 151 176 33 174 177 40 182 166 36 186 112 29 53 103 56 133 187 208 142 185 167 192 106 72 170 190 113 130 158 111 194 138 151 19 10 108 27 55 37 106 144 36 206 42 204 181 137 202 59 118 207 182 29 195 162 41 46 23 57 58 170 23 165 185 
32 198 181 83 70 122 160 138 30 142 154 128 23 201 32 61 127 183 87 95 40 71 201 58 184 189 138 73 189 113 162 155 193 143 180 201 19 152 70 206 190 209 202 160 149 163 77 199 175 35 45 20 64 91 201 52 152 176 187 157 192 117 193 207 106 120 69 190 17 43 169 96 65 38 207 66 55 43 56 184 204 170 51 180 158 142 56 127 199 32 13 150 178 91 58 110 196 23 184 35 136 74 79 62 110 196 24 133 140 105 176 151 188 52 39 24 104 194 183 194 116 109 25 53 44 171 36 40 126 150 199 80 208 204 209 136 85 114 151 106 28 93 166 181 17 41 186 120 153 134 118 37 40 87 133 122 181 141 200 44 72 28 88 20 194 179 55 191 102 26 114 184 111 31 170 193 123 66 132 163 142 194 181 18 18 183 185 68 109 169 70 147 91 16 165 48 149 22 65 107 
82 27 115 192 38 63 20 148 49 85 92 105 177 158 115 166 10 75 103 195 172 39 126 180 182 140 108 43 90 109 174 35 89 148 56 82 152 14 172 46 51 123 84 123 153 26 50 92 152 76 205 33 83 48 159 79 89 159 38 110 96 96 71 103 65 183 177 157 62 154 161 62 129 205 58 49 199 110 64 106 61 131 85 131 177 178 155 126 68 129 106 145 71 24 164 80 100 195 88 81 166 140 181 44 164 153 39 106 33 10 126 200 32 182 133 132 118 158 112 71 56 138 74 131 119 11 13 174 25 208 35 144 162 45 110 18 75 57 51 111 137 70 92 167 201 207 149 202 35 101 23 106 28 10 132 180 201 194 66 169 121 182 132 55 74 19 181 77 166 203 190 199 23 19 33 111 153 180 167 165 47 101 192 200 177 97 145 125 108 29 123 184 106 174 33 17 84 200 209 128 
150 113 55 67 26 167 47 175 183 207 58 134 170 136 50 129 38 151 81 158 160 149 39 19 150 174 59 156 10 139 68 112 18 170 16 203 82 139 44 176 163 63 61 149 85 197 111 204 123 93 44 158 38 136 119 11 165 71 33 88 123 35 148 152 170 93 175 14 151 144 25 105 45 52 185 137 127 59 173 50 24 105 137 134 181 192 59 72 174 153 21 22 96 138 26 206 22 100 141 37 122 140 78 163 158 109 110 51 64 180 61 162 78 36 106 46 61 131 203 153 145 141 149 53 192 79 134 138 199 38 193 95 146 33 75 86 110 140 188 34 161 31 79 45 164 103 197 181 143 51 86 182 158 185 122 207 203 106 88 158 172 155 77 36 135 110 175 89 51 80 34 87 136 68 155 74 178 152 91 83 18 31 126 25 70 39 76 193 18 115 160 79 54 99 79 102 129 42 92 92 
79 129 42 202 112 27 136 170 121 97 108 121 142 166 129 56 120 85 19 149 83 82 69 191 140 150 153 155 97 119 24 56 137 87 66 58 198 196 56 157 176 16 135 119 164 34 88 155 84 173 95 203 113 71 128 22 198 84 153 147 103 172 124 149 177 19 171 31 172 175 65 34 103 55 134 28 195 162 115 147 58 118 15 171 209 122 201 108 180 182 176 159 169 153 95 114 64 91 188 114 201 116 172 41 175 189 31 121 139 158 74 159 179 199 164 27 173 163 168 160 47 82 149 191 185 198 99 168 173 64 119 131 117 52 168 59 206 26 59 93 196 14 52 129 127 66 62 174 132 67 165 194 70 161 74 170 94 19 78 134 161 35 35 89 177 165 167 144 127 110 50 33 63 202 18 166 196 126 133 98 142 56 184 171 33 28 85 144 177 16 65 141 90 66 143 93 36 184 199 56 
175 113 12 21 195 146 133 56 124 27 201 48 156 203 96 187 97 153 191 155 32 101 44 197 106 182 188 166 143 158 18 65 168 107 48 24 177 150 138 191 94 177 161 127 117 197 166 17 37 178 32 200 29 139 87 13 65 144 18 93 72 181 94 14 201 164 207 202 55 167 100 35 35 184 182 63 201 172 74 174 69 37 88 202 192 72 50 173 165 143 48 146 129 199 19 85 51 188 66 172 104 67 202 162 49 56 64 42 209 82 188 145 90 204 206 71 112 61 76 207 152 202 168 156 81 170 139 38 132 115 110 110 57 67 147 87 59 202 79 174 172 62 131 91 75 78 107 143 101 51 31 112 81 11 32 12 121 40 117 139 110 113 158 111 148 136 192 96 54 92 35 91 114 127 208 147 176 194 112 147 207 96 65 67 89 25 169 57 72 96 72 89 193 151 169 200 32 88 49 118 
12 63 12 18 188 79 84 90 90 186 11 67 103 174 179 118 87 132 107 196 150 82 205 107 100 91 166 121 197 125 46 88 116 20 89 203 209 197 69 104 192 53 132 110 20 139 164 153 99 84 46 188 36 150 44 174 63 102 46 113 92 190 199 182 30 65 51 117 153 145 131 44 202 59 141 109 22 97 30 205 94 33 121 50 33 75 29 189 122 81 177 200 59 114 11 186 195 200 18 56 124 171 24 142 152 36 204 119 165 103 71 42 118 131 174 157 45 43 191 150 134 122 159 71 37 11 139 154 130 191 150 142 187 35 154 72 19 112 59 53 202 156 72 143 166 26 43 174 168 158 115 33 129 91 32 198 23 72 191 86 99 72 38 148 37 81 83 175 90 47 80 182 181 114 201 92 203 134 177 157 27 170 170 23 86 147 171 148 179 177 63 87 111 105 148 45 195 101 121 142 
198 106 107 35 172 40 114 83 47 71 88 185 173 112 209 208 90 81 153 10 192 182 203 68 52 124 110 191 75 39 101 163 85 143 126 164 81 86 50 81 89 181 63 195 55 104 179 19 111 55 162 199 183 63 146 87 125 24 197 66 128 119 110 174 177 87 16 176 139 84 107 193 201 113 24 82 79 42 207 161 92 60 14 20 159 76 13 165 167 133 113 79 87 14 54 184 138 27 96 72 139 82 99 201 32 41 193 31 151 175 108 145 90 152 165 200 96 93 181 208 204 179 169 94 58 178 123 41 14 153 191 43 31 176 59 57 109 47 99 17 71 165 51 124 104 187 70 92 26 202 175 56 99 154 143 62 200 117 198 168 63 155 93 202 201 47 43 26 104 201 38 73 61 126 124 58 46 53 27 72 14 75 110 125 133 18 185 96 137 149 175 62 117 151 161 188 25 21 90 44 
34 49 113 23 11 16 71 114 76 70 130 107 51 97 121 69 193 195 112 99 158 12 174 26 158 31 133 130 205 75 162 86 26 30 126 146 105 149 84 132 27 126 12 22 121 202 127 91 79 141 148 96 206 88 98 205 108 178 39 116 112 138 105 105 120 15 51 114 53 148 10 129 146 38 113 64 105 207 201 189 71 113 117 38 89 147 173 118 38 176 120 185 103 80 88 156 69 78 65 24 193 188 187 193 26 188 136 106 178 113 39 12 26 29 114 198 79 36 141 158 61 144 16 41 36 63 95 40 31 90 80 28 60 127 133 19 33 129 26 43 44 135 153 143 111 146 36 208 41 187 35 125 136 196 39 109 61 157 134 60 153 19 112 101 183 204 89 112 185 174 96 196 200 168 175 110 174 81 52 123 199 80 103 58 31 115 69 37 125 52 196 33 16 201 80 12 17 107 14 184 
74 137 160 77 141 94 24 147 72 120 32 87 207 179 16 174 98 13 25 96 65 19 195 79 118 36 42 185 114 140 190 17 202 100 138 85 19 208 141 92 140 145 16 174 115 28 32 192 194 202 92 87 19 10 97 189 34 92 188 35 154 55 183 38 19 174 88 181 51 85 118 161 194 75 150 141 34 155 93 209 190 131 30 26 50 192 87 68 117 33 47 34 178 188 146 13 53 134 65 44 180 55 99 11 59 21 112 207 100 168 128 128 71 206 63 160 15 87 36 123 165 123 19 80 89 91 151 15 206 94 164 51 46 93 52 169 38 33 119 146 82 27 153 126 196 204 23 57 201 158 138 171 156 195 103 90 152 61 158 91 96 61 186 97 81 55 24 141 147 190 59 158 107 172 72 154 205 101 109 142 88 189 103 35 42 143 205 178 22 48 47 162 186 11 163 103 182 181 24 68 
178 204 20 100 64 28 172 38 178 106 123 167 84 44 196 148 189 161 67 112 123 117 81 91 13 48 134 148 204 96 77 136 204 51 162 84 71 65 30 207 148 121 39 203 30 204 201 14 207 175 98 116 135 13 13 47 96 180 141 169 132 102 156 137 40 75 180 181 42 205 174 103 154 156 66 83 21 163 158 144 88 147 114 141 67 166 83 173 163 111 158 190 44 120 96 103 15 52 108 88 49 150 52 206 44 145 147 127 18 34 155 90 126 99 131 59 126 154 147 118 54 145 202 130 150 118 80 72 200 22 112 20 194 22 200 203 19 26 68 181 43 177 103 182 139 57 68 135 176 135 117 42 90 18 89 62 18 185 11 95 179 25 201 90 175 19 170 55 149 102 11 184 146 201 68 17 79 76 118 25 145 87 192 176 198 98 171 17 78 183 114 90 48 133 46 161 184 159 105 66 
189 141 65 126 71 64 64 206 48 11 73 72 90 169 21 25 154 154 208 52 188 66 197 186 48 187 161 194 171 209 198 75 136 206 190 192 56 208 28 195 160 16 29 13 195 85 76 68 79 16 55 78 36 128 92 86 130 185 160 69 154 17 65 34 64 67 178 157 71 88 183 208 70 178 186 207 34 58 13 26 68 85 177 200 68 187 15 30 22 201 60 57 140 111 170 200 60 187 29 54 44 143 75 142 83 49 80 207 153 162 144 26 66 58 174 146 62 170 133 140 101 33 117 54 34 139 137 205 125 62 142 138 29 127 62 101 110 45 182 84 183 116 165 205 159 29 14 99 90 156 103 102 118 83 19 182 35 197 101 152 98 124 54 122 116 175 129 60 143 118 69 207 189 56 59 203 45 64 136 67 14 75 69 116 105 149 62 15 103 93 159 122 203 166 173 77 80 175 44 107 
54 149 85 96 193 134 195 35 203 122 182 52 132 134 191 87 103 65 109 89 94 155 55 34 104 114 43 132 34 126 63 100 156 184 14 30 118 151 29 93 186 195 30 75 163 125 53 94 167 94 25 29 57 191 125 81 146 129 176 71 209 46 193 204 208 72 71 82 41 89 105 107 129 10 129 83 60 24 54 27 161 164 82 50 103 25 17 199 152 203 155 69 173 167 132 30 114 157 114 11 172 149 118 82 208 193 63 82 133 55 51 107 61 171 152 193 72 98 106 195 154 161 134 126 150 135 158 120 59 120 133 202 182 76 118 29 80 199 120 200 89 122 85 40 92 42 11 154 165 64 18 149 65 89 135 36 61 15 208 66 34 135 121 30 135 68 71 202 79 84 123 54 61 113 49 66 149 171 138 20 45 29 63 23 108 13 151 109 121 87 34 29 79 12 142 64 192 103 66 25 
152 136 202 124 147 133 58 169 113 118 182 104 136 111 106 174 51 51 109 17 75 111 179 145 11 93 100 192 72 43 47 67 120 43 19 73 170 100 47 203 39 137 95 205 55 80 98 45 39 125 11 25 25 32 69 157 157 84 194 61 127 98 173 136 153 158 207 62 50 15 135 67 159 21 133 20 17 86 81 41 199 186 55 116 205 208 150 18 157 160 33 175 134 26 126 79 66 63 69 170 100 31 163 31 153 90 120 28 30 99 173 21 163 186 82 203 79 81 191 15 196 57 194 200 164 37 40 184 147 79 15 38 127 178 123 208 46 201 151 174 63 166 23 39 148 140 100 86 165 209 144 117 137 79 122 117 185 186 36 85 69 87 51 193 171 106 31 181 205 72 92 186 115 119 127 31 144 98 85 188 49 130 49 195 52 97 68 73 125 81 186 148 143 69 58 124 161 46 151 110 
174 56 109 87 178 38 101 102 90 43 21 94 179 34 65 130 61 145 151 34 209 42 154 117 65 138 84 207 24 109 202 165 82 138 107 158 204 18 17 36 199 119 155 107 25 91 106 74 61 127 58 24 20 173 83 113 204 143 17 177 48 25 57 183 96 68 158 198 146 205 162 152 65 174 176 92 157 156 202 90 27 105 150 124 39 194 175 159 207 163 177 26 114 73 76 15 96 64 141 104 179 95 49 115 191 153 108 136 38 61 74 179 80 80 123 142 73 105 116 57 170 205 91 204 100 77 171 147 43 205 138 59 208 62 39 93 161 166 111 184 93 126 193 148 114 116 73 173 90 26 11 44 166 183 185 116 81 13 174 11 40 171 195 40 200 131 81 28 136 54 49 204 41 183 185 150 44 77 136 137 90 189 187 202 74 104 193 61 86 105 68 208 167 177 33 110 115 78 146 75 
187 161 153 155 162 16 160 72 187 92 183 180 130 11 190 187 190 176 147 125 45 129 126 50 152 201 44 126 145 24 89 56 99 128 128 54 200 121 152 115 177 55 23 67 129 186 18 158 122 207 121 20 181 205 141 120 100 154 83 104 139 143 85 172 198 25 47 140 92 178 143 15 157 160 32 161 39 163 57 20 119 101 154 83 47 37 86 179 194 44 184 11 176 20 127 126 94 94 115 46 69 19 37 51 15 133 26 76 133 103 177 181 44 98 157 106 153 81 196 90 195 15 177 144 64 128 167 166 203 205 183 59 60 52 28 175 120 32 53 84 18 52 139 192 138 166 43 72 109 106 54 62 142 107 63 22 172 186 205 182 187 160 162 92 15 174 122 149 14 79 168 186 158 36 118 45 152 177 164 157 115 94 163 207 51 161 82 54 163 25 128 132 56 30 107 81 56 191 121 138 
156 100 29 134 50 198 148 38 182 131 40 91 169 182 148 180 186 15 42 39 29 199 178 152 193 47 171 185 191 97 71 153 79 14 194 207 181 194 11 40 36 197 158 64 97 19 17 141 52 206 54 170 155 139 49 19 31 178 178 156 26 98 77 39 129 77 160 142 167 199 44 69 203 173 16 188 51 68 34 196 136 39 167 127 123 61 22 117 145 25 192 36 163 84 162 23 97 41 158 98 89 103 207 109 178 124 204 200 13 144 151 150 198 48 197 181 144 92 128 101 119 83 76 22 98 94 136 31 184 58 62 92 185 177 108 56 105 115 59 27 25 177 199 190 183 171 200 29 119 82 25 35 121 16 64 205 117 47 93 167 173 112 206 100 26 109 178 109 137 177 149 55 94 14 171 137 74 70 200 22 50 190 16 161 160 88 58 30 110 49 50 145 152 19 135 153 105 67 66 44 
73 101 145 89 117 78 75 26 103 83 189 41 128 128 196 188 123 60 35 36 188 83 111 114 193 195 193 139 48 203 77 78 57 153 57 67 21 83 207 159 47 105 30 117 178 57 110 71 43 26 203 117 160 85 28 101 145 88 196 139 174 117 96 35 10 124 195 141 62 20 15 184 57 167 60 43 78 183 126 136 199 43 10 57 161 103 144 71 31 179 96 89 131 162 38 178 99 173 176 94 57 97 66 54 165 199 111 202 78 163 59 151 143 39 71 202 55 137 189 67 91 146 12 84 160 200 94 44 68 158 16 63 84 202 17 129 84 96 127 99 82 173 87 157 11 71 139 13 202 35 209 199 174 198 105 77 132 80 183 112 173 102 171 176 18 144 109 144 164 186 180 198 56 166 64 170 116 161 38 84 123 93 173 59 207 16 199 107 80 99 170 103 183 29 64 120 56 209 35 108 
176 61 85 154 66 148 103 13 145 199 160 95 65 191 201 40 94 174 62 143 26 167 47 41 209 59 56 135 32 166 110 68 61 113 124 144 168 105 204 183 66 72 33 86 173 58 100 14 52 146 158 73 196 182 54 29 76 80 11 159 33 103 69 49 77 134 15 103 144 139 151 15 96 131 89 184 117 36 200 188 144 107 126 80 37 151 119 171 182 45 97 13 147 189 31 83 23 180 46 160 12 68 47 190 121 98 31 141 131 150 11 115 42 96 72 133 94 201 121 84 146 104 82 180 55 38 69 137 179 140 43 195 180 27 118 59 80 124 196 102 111 145 102 18 163 51 138 95 206 206 166 192 189 42 174 97 196 20 111 123 34 68 101 151 46 96 42 15 18 57 160 203 175 43 193 130 138 43 173 87 173 125 36 190 49 76 180 95 42 13 37 131 123 85 51 156 180 74 180 90 
129 112 67 99 45 150 156 122 39 176 56 116 124 62 108 47 205 20 117 28 90 83 47 182 94 144 94 203 173 43 52 59 148 107 196 207 65 89 118 11 186 50 77 151 82 105 141 74 185 188 97 72 35 109 124 47 36 195 134 68 178 98 193 203 92 121 101 198 41 195 25 13 76 33 90 15 199 126 49 24 158 194 176 196 29 186 77 163 20 88 11 22 146 183 29 209 152 99 68 137 175 190 75 159 84 93 121 125 19 77 198 89 75 16 106 24 88 60 98 181 158 174 36 58 117 194 166 142 32 87 154 111 98 209 53 82 163 94 63 121 87 126 141 100 160 132 14 107 157 90 131 123 179 100 123 95 99 140 69 169 84 94 119 97 35 36 166 125 112 101 151 162 170 25 86 66 53 152 61 150 76 116 208 181 50 180 22 174 93 11 154 35 133 32 58 199 137 71 40 137 
171 144 184 105 133 206 89 98 203 19 79 184 75 66 16 164 155 61 118 95 58 16 157 91 186 174 141 40 52 130 17 77 196 184 201 93 166 117 166 53 74 173 36 98 52 44 124 112 87 55 203 145 50 11 165 162 59 94 134 205 188 77 99 74 20 118 12 95 191 159 12 58 168 22 204 68 62 106 125 144 116 170 100 172 22 69 123 80 81 65 46 101 186 192 100 200 186 104 191 102 56 74 180 50 71 70 22 165 89 92 128 85 93 86 75 49 117 44 23 84 59 128 117 57 141 172 124 166 182 136 186 131 103 128 78 172 46 157 68 181 14 187 200 134 111 43 190 168 79 106 17 55 209 18 27 64 182 127 133 60 177 172 183 190 206 63 194 73 166 19 156 133 44 61 124 132 44 49 150 16 141 173 137 112 164 38 191 99 195 50 133 76 146 102 101 174 29 41 208 113 
149 160 103 29 148 131 203 159 75 144 59 202 134 15 71 152 195 126 195 65 198 54 190 11 81 149 163 139 66 69 183 155 93 180 196 100 188 166 94 134 132 201 125 94 82 47 194 142 22 81 93 91 135 193 54 44 182 201 162 30 207 106 72 40 38 48 157 203 158 148 173 153 24 122 59 147 106 69 67 59 110 71 110 193 44 77 126 52 162 145 130 151 35 194 43 79 38 162 80 50 178 175 72 186 134 180 111 209 53 128 138 119 65 127 174 178 95 128 165 30 13 103 163 125 31 52 56 25 191 188 95 176 126 62 207 174 126 144 63 121 131 90 39 145 10 115 148 79 15 84 13 104 133 90 100 41 98 88 119 141 105 156 200 109 116 136 145 104 41 12 204 43 180 66 90 170 142 98 202 119 61 200 132 178 140 194 78 203 172 22 64 28 34 196 163 170 51 79 143 61 
198 122 157 30 65 184 66 65 71 173 38 11 120 179 139 198 25 96 42 178 117 22 138 94 12 138 26 31 196 18 177 16 29 104 84 91 145 156 192 175 84 66 97 27 168 39 202 81 188 10 166 86 190 208 46 122 47 208 27 59 46 161 143 103 207 24 47 161 77 142 116 19 181 106 123 126 118 115 177 53 14 153 202 177 78 180 12 168 161 101 16 143 121 100 89 170 155 145 48 65 76 15 102 94 107 85 195 60 201 23 103 114 94 37 168 184 126 155 76 98 188 209 103 98 173 179 182 170 137 131 53 187 54 101 70 64 149 28 163 206 185 163 14 104 133 175 150 37 13 131 101 13 39 187 209 29 179 86 79 31 130 110 70 30 83 105 59 40 76 93 113 196 94 15 52 38 145 45 142 88 171 21 105 28 171 29 85 64 114 93 21 120 189 42 77 26 132 52 95 134 
30 169 134 189 49 43 154 36 92 56 70 113 136 58 86 29 183 22 93 186 179 88 133 46 146 87 153 96 96 76 88 139 37 113 186 130 65 160 176 27 14 153 31 143 133 152 101 40 187 22 191 75 69 143 66 56 145 205 177 184 199 99 39 151 65 44 165 26 118 60 189 83 157 175 192 34 49 65 126 62 175 150 76 196 208 43 187 143 43 52 70 193 194 23 195 73 192 81 102 206 49 120 123 11 187 97 91 203 68 107 120 39 116 156 84 141 148 122 47 203 39 52 120 116 192 66 166 50 76 146 199 22 121 133 56 196 39 25 134 186 166 104 165 82 121 193 15 189 170 197 55 139 13 61 118 169 137 195 206 202 20 22 94 17 199 73 189 29 202 30 98 46 152 63 163 15 151 13 44 149 17 37 203 63 190 200 162 127 198 25 60 152 137 125 196 159 201 134 42 143 
203 184 63 168 90 208 67 136 140 97 149 117 57 121 107 161 169 155 146 118 205 22 160 36 154 71 81 74 113 50 55 209 82 55 45 63 42 178 85 178 202 27 72 75 123 80 63 126 31 112 39 167 153 65 154 159 39 107 132 175 182 15 187 108 160 147 195 164 66 63 209 56 33 85 198 106 206 60 126 193 166 189 113 154 127 186 114 105 40 84 199 137 113 196 184 128 131 92 171 62 113 198 54 152 199 117 47 208 162 92 201 199 144 172 208 46 177 161 95 193 86 143 136 21 209 81 180 28 206 58 131 206 64 71 86 58 86 101 138 142 39 183 80 195 180 139 100 204 14 150 43 88 80 165 200 150 198 205 24 145 70 109 36 36 157 83 191 175 86 115 33 187 150 95 43 203 99 76 204 147 175 65 84 189 39 126 151 34 41 186 123 86 21 77 86 47 163 152 42 143 
69 137 58 120 198 139 122 183 204 94 169 84 194 131 202 177 121 170 52 41 89 191 103 68 170 27 48 160 47 175 31 41 21 174 46 36 184 35 100 208 111 41 115 79 33 186 135 36 201 138 137 165 22 100 74 82 69 85 28 86 99 104 37 158 101 202 197 56 203 127 50 54 181 28 98 155 148 23 202 21 28 204 108 187 184 81 70 25 119 180 32 26 174 36 93 189 150 93 183 27 111 136 197 72 149 33 46 192 122 179 146 100 164 41 38 149 144 79 73 169 95 41 205 139 152 49 120 71 151 55 11 182 92 132 50 55 167 31 118 96 35 76 64 179 48 122 135 83 69 156 187 25 21 90 195 74 146 41 84 12 168 24 26 17 27 36 108 34 195 167 115 192 95 116 68 71 32 150 47 141 151 89 38 113 130 89 185 207 91 186 82 195 105 104 141 179 123 184 90 82 
106 111 173 203 102 153 62 131 180 60 21 138 47 142 168 194 133 125 97 33 187 150 121 180 51 199 106 13 148 161 163 15 83 40 196 134 121 21 165 85 165 158 43 74 204 188 43 68 86 157 153 40 163 203 35 64 133 78 73 46 167 101 152 184 23 90 160 156 144 103 155 69 75 43 199 46 134 153 77 143 158 171 146 174 106 139 206 87 159 171 36 103 171 54 201 53 164 101 209 123 89 198 22 60 36 83 50 102 110 79 175 33 59 190 140 104 168 133 107 128 186 15 17 95 80 50 206 24 60 10 190 83 206 188 15 41 194 174 155 185 67 53 192 29 16 166 167 25 93 105 194 140 141 107 81 95 143 171 183 38 39 183 56 77 102 104 133 102 100 84 180 160 165 146 74 161 130 83 162 119 122 95 11 19 200 77 28 95 135 80 35 114 43 126 127 33 50 58 66 40 
187 141 91 82 29 16 147 197 147 61 167 26 22 55 21 164 52 23 58 46 160 88 51 41 90 69 195 70 81 178 85 129 198 209 194 32 10 198 60 51 194 180 188 147 26 57 41 151 96 39 11 157 187 157 175 86 148 46 83 133 155 176 117 113 21 16 95 81 156 76 85 40 40 24 138 138 21 117 40 197 140 87 62 27 39 30 199 119 87 56 193 21 160 76 107 80 120 122 34 190 140 17 174 22 131 41 33 110 127 171 208 158 209 94 156 81 140 99 75 20 197 195 187 95 81 23 23 21 208 87 197 143 64 207 38 165 29 112 56 199 192 67 153 65 166 84 109 30 74 204 202 142 77 158 138 171 29 39 16 72 172 136 63 83 163 77 103 77 38 147 97 71 193 206 173 23 123 48 137 147 186 169 69 181 104 11 118 152 77 29 160 74 148 59 87 179 58 76 119 69 
204 92 178 171 97 66 114 143 105 12 64 127 115 34 53 168 197 177 102 70 23 186 77 11 145 114 22 150 207 66 119 197 25 89 196 14 72 113 81 178 110 31 178 155 62 119 111 80 124 152 172 47 101 44 16 170 122 187 164 181 121 192 159 158 205 116 47 30 143 57 194 119 53 193 206 207 57 97 126 100 29 192 174 192 31 93 73 48 79 168 73 207 80 150 110 120 126 179 98 107 165 28 61 71 155 51 13 18 159 150 33 117 33 25 61 76 67 131 168 84 129 175 148 93 21 85 70 26 150 120 87 30 186 200 10 138 186 91 167 45 117 15 183 195 39 172 121 57 155 80 36 55 31 130 158 158 111 187 149 29 85 146 20 135 119 135 56 103 193 98 204 103 13 109 185 37 192 87 114 119 70 170 71 112 17 80 176 11 142 66 116 184 113 192 106 149 203 72 201 55 
32 56 163 97 190 198 199 123 114 27 199 135 181 187 15 184 72 145 40 188 107 112 123 124 132 132 193 161 70 202 163 89 176 150 22 122 48 164 105 39 207 145 178 104 55 194 133 135 18 173 30 112 21 199 178 88 181 101 97 146 49 199 151 110 104 58 91 67 156 70 167 142 119 159 81 116 148 71 209 172 162 44 60 200 164 13 72 125 13 35 170 105 130 150 92 61 208 198 155 76 104 163 40 35 72 55 13 48 117 82 178 143 181 206 80 123 209 28 119 19 91 166 99 30 100 159 132 95 161 80 198 148 15 205 29 123 204 183 149 102 208 171 66 106 205 139 179 178 91 195 117 65 191 30 13 200 36 178 37 36 42 18 43 43 102 107 126 89 195 193 67 142 136 98 79 187 137 187 14 21 106 82 19 200 97 124 40 23 148 111 128 51 147 123 116 179 111 29 11 187 
171 164 45 184 34 175 18 122 25 94 142 27 79 209 96 31 178 46 44 28 35 207 77 13 13 170 111 25 81 179 148 81 102 79 69 202 104 58 195 24 166 36 30 132 64 208 174 175 73 93 192 103 97 32 44 201 191 169 93 48 45 149 88 108 35 84 57 63 209 124 82 108 31 22 108 129 208 127 131 55 38 161 126 191 127 35 141 71 41 63 30 134 98 179 72 44 67 90 97 189 37 59 198 199 37 58 82 34 52 166 33 136 106 43 84 61 76 48 199 121 35 156 25 163 128 157 189 40 133 209 151 61 205 104 88 65 110 186 22 22 134 37 62 122 52 201 43 104 129 152 171 149 126 88 56 136 23 155 116 121 17 49 113 150 128 148 80 177 60 76 105 190 21 36 90 60 132 61 19 105 124 105 97 99 41 131 97 13 160 93 120 54 79 186 185 16 110 125 54 16 
39 34 42 25 137 75 175 134 147 14 196 136 71 189 65 124 157 21 29 145 146 76 184 80 160 28 133 13 88 157 114 101 205 194 51 40 139 147 27 73 208 115 93 28 65 195 123 80 89 62 204 173 85 118 43 143 75 47 62 83 93 43 12 161 136 126 82 139 42 162 144 109 171 190 167 70 171 98 166 198 101 23 206 160 74 188 122 98 89 52 147 26 181 198 91 99 183 133 56 49 190 178 108 17 205 126 178 205 108 60 179 151 169 102 195 163 104 103 165 41 72 177 102 131 41 192 176 156 179 79 165 18 24 169 56 14 21 11 190 138 28 184 34 18 78 100 26 61 127 94 68 173 178 127 173 150 152 72 51 116 163 132 137 24 111 57 11 188 43 197 35 28 44 62 155 88 27 50 132 159 128 208 15 206 103 71 177 18 90 134 180 170 23 188 204 96 179 49 151 202 
39 68 49 92 27 30 118 152 24 14 145 49 114 175 205 187 53 143 170 31 127 58 19 15 23 111 165 93 53 96 202 192 26 144 103 137 145 176 19 147 158 90 33 82 189 42 31 109 150 113 208 111 96 204 71 90 140 165 125 93 116 72 181 71 27 41 174 164 30 204 41 49 92 172 36 202 154 32 101 36 58 44 19 199 188 52 33 140 197 110 124 200 16 192 192 191 179 207 142 93 171 130 89 105 138 22 193 107 168 59 143 207 151 167 98 66 28 194 49 84 91 74 106 143 194 160 155 143 128 90 119 171 55 90 51 171 17 167 153 186 87 114 173 166 183 148 46 102 62 70 87 51 132 17 183 73 152 24 14 160 68 170 193 103 163 68 103 48 95 199 196 122 95 205 126 170 185 50 135 155 205 209 131 209 11 196 106 168 188 16 160 50 39 128 115 48 69 161 108 40 
119 142 106 185 169 188 155 43 70 33 101 66 62 145 52 197 61 169 61 57 30 184 178 60 120 138 46 159 111 15 148 123 142 19 171 135 84 136 205 120 157 193 56 131 67 103 12 31 60 194 70 167 29 160 100 110 207 146 146 11 121 63 125 183 166 88 182 125 73 103 33 178 46 122 111 205 115 188 121 136 31 189 126 111 201 88 150 97 36 94 79 37 57 50 192 183 70 37 101 67 166 26 90 32 113 44 115 33 30 118 12 40 142 12 156 28 122 97 32 125 160 192 13 61 209 102 61 153 79 16 22 160 53 25 175 171 151 119 188 182 133 31 100 14 41 181 162 12 33 97 209 201 137 110 115 162 193 197 123 37 191 82 114 60 22 69 207 59 191 203 50 13 135 110 59 171 17 82 78 151 197 113 26 78 178 58 163 12 151 62 196 181 24 51 80 17 183 172 195 167 
146 16 61 109 12 154 79 95 174 34 41 22 110 122 51 147 96 139 163 108 157 168 110 142 34 107 162 37 114 136 99 39 206 151 116 111 132 181 105 177 22 85 59 57 29 114 172 73 157 57 164 34 178 109 90 83 92 67 198 80 151 207 31 196 205 22 145 51 96 190 33 153 59 19 12 183 169 27 93 127 168 116 181 102 143 124 40 73 142 113 206 203 92 187 191 30 191 87 82 48 127 125 47 96 116 116 180 81 178 52 141 158 146 116 200 110 75 165 88 91 80 159 31 13 163 51 66 140 154 192 32 150 82 18 19 86 146 24 146 158 161 156 62 86 122 193 43 117 158 72 81 87 43 83 28 47 52 62 193 135 64 59 203 127 208 13 36 146 139 87 199 175 53 29 22 70 72 179 71 105 72 197 53 53 78 167 20 97 141 166 100 63 169 166 170 104 49 70 44 205 
34 153 27 155 86 206 206 15 148 106 76 114 58 108 122 190 113 186 62 146 208 122 131 11 27 99 183 36 109 133 137 166 12 30 126 75 148 103 85 160 15 174 26 106 187 157 129 138 52 51 52 131 124 138 86 43 208 169 88 129 189 194 131 38 203 62 192 103 96 88 53 90 16 144 121 166 188 209 98 176 80 172 20 19 58 206 180 128 127 24 142 47 184 126 196 141 78 58 56 166 73 209 188 28 71 46 32 208 51 46 108 193 124 188 167 163 137 198 23 146 113 40 65 15 151 87 155 98 53 24 24 113 160 98 20 39 181 73 200 200 35 165 161 116 57 107 132 75 49 138 69 112 69 97 184 113 72 46 183 141 25 34 166 151 156 67 35 26 89 122 105 134 17 183 39 50 30 169 189 58 114 130 63 51 43 171 29 12 61 196 73 112 65 158 58 145 29 180 201 71 
115 15 59 57 175 90 15 171 203 110 48 136 77 95 36 98 99 102 166 73 126 135 209 88 93 70 14 182 203 150 80 123 28 114 14 145 148 136 81 94 152 202 190 63 113 135 206 190 174 66 28 15 33 185 159 192 70 104 49 175 103 167 78 144 139 106 121 95 32 143 180 11 62 181 199 76 158 67 43 143 19 103 55 15 80 113 10 149 139 30 114 27 144 209 29 102 104 183 206 195 59 89 146 187 164 16 27 42 141 60 172 76 131 117 23 104 26 70 204 98 52 183 130 132 70 66 115 36 124 64 27 124 182 133 193 62 131 105 65 150 21 128 33 117 149 149 107 107 192 154 67 13 137 195 57 39 154 148 105 163 78 39 81 51 153 147 194 115 81 17 107 179 86 73 26 171 89 165 124 40 89 180 48 78 139 66 55 126 163 109 22 107 190 59 135 135 114 155 205 99 
16 49 79 199 49 38 199 46 151 70 27 174 61 180 179 182 178 28 188 89 25 23 44 195 196 44 191 161 43 92 138 110 176 199 150 170 53 22 87 125 208 33 166 38 181 98 147 125 116 209 23 151 133 41 65 131 177 178 55 168 171 16 88 146 15 29 120 45 170 203 147 33 179 53 133 151 111 30 194 10 99 73 33 25 70 202 102 60 124 77 168 125 163 95 72 186 199 169 196 32 65 76 123 34 96 161 90 26 182 120 110 118 14 148 122 151 116 156 91 102 206 189 10 152 209 47 195 44 72 181 188 162 32 49 207 167 199 159 131 94 111 160 144 201 93 162 170 120 111 174 120 48 206 131 29 96 64 105 143 177 120 56 38 28 162 50 151 176 177 174 25 116 52 94 128 185 113 107 121 20 128 136 197 131 148 13 177 94 205 21 92 48 145 122 163 173 100 151 186 118 
62 37 108 139 148 10 13 73 65 176 158 124 62 42 49 191 104 116 141 105 42 59 108 98 58 67 179 206 64 176 138 185 196 110 20 204 71 117 73 71 14 23 202 168 74 140 61 42 91 185 146 50 46 68 37 102 116 51 142 119 189 165 45 112 101 88 137 175 158 69 98 164 206 42 109 207 83 126 97 207 100 162 120 104 49 142 48 181 150 194 43 199 44 38 36 140 144 195 202 171 136 172 169 39 163 119 71 90 137 49 181 12 171 25 159 132 44 195 198 94 208 120 107 54 59 99 158 52 134 191 169 73 29 176 150 193 188 208 16 120 180 99 153 130 89 180 199 126 150 121 124 10 146 181 134 53 92 69 45 105 61 101 52 80 190 187 25 65 26 163 144 162 117 189 172 136 13 69 175 197 119 98 93 201 101 129 124 52 95 114 151 195 127 147 108 153 98 187 33 32 
36 138 190 200 115 80 119 79 183 163 129 185 96 117 15 50 152 52 13 34 114 19 117 193 76 18 128 75 161 146 64 45 186 148 91 113 134 42 162 86 151 70 35 20 184 185 60 46 155 31 73 104 191 49 135 43 99 170 10 87 84 143 196 65 189 177 23 165 199 205 53 22 14 189 142 19 183 128 114 84 151 184 15 158 198 187 53 66 196 156 48 53 130 10 126 92 172 209 130 118 157 103 32 158 43 162 98 161 125 185 18 101 83 24 184 115 197 96 103 22 15 126 11 196 91 163 206 197 71 124 59 185 56 194 58 143 127 188 22 44 131 76 99 176 80 168 164 87 182 90 204 142 13 34 203 61 23 130 203 164 134 202 196 73 169 117 13 129 193 35 203 92 152 73 71 94 76 126 107 75 208 64 61 35 61 30 200 151 207 55 143 115 122 155 27 12 31 88 159 43 
17 136 202 90 37 128 100 79 57 148 101 71 92 193 202 117 103 196 209 27 154 34 200 143 138 63 209 154 106 10 17 22 87 89 145 142 25 177 171 130 14 73 137 90 41 207 139 107 67 147 80 72 201 75 207 155 199 70 102 180 50 37 90 41 100 127 64 111 84 36 60 87 20 148 80 141 63 81 136 101 90 130 27 63 51 170 76 157 63 185 138 90 184 32 140 149 31 178 97 117 14 105 23 200 58 47 58 151 191 71 176 172 188 59 171 31 128 95 47 69 172 14 12 43 155 147 77 137 169 107 178 106 40 201 108 186 120 145 175 145 151 153 69 96 119 45 136 33 24 171 71 116 110 134 165 55 140 110 199 102 80 104 117 44 113 186 178 112 183 82 135 99 138 79 69 56 189 32 146 149 124 172 61 130 204 18 101 136 42 138 24 115 206 35 192 91 17 142 186 176 
61 98 209 148 165 58 121 45 13 196 64 50 171 84 10 150 93 168 196 147 93 157 88 58 171 154 147 96 129 163 172 90 85 97 79 20 114 40 88 62 120 113 123 97 141 177 99 89 196 26 162 11 85 80 17 112 173 23 104 66 152 195 160 103 60 183 23 164 24 162 92 180 148 191 59 209 203 205 131 202 110 127 14 174 75 99 121 207 158 64 14 66 86 28 94 175 108 124 58 156 199 177 131 15 116 71 176 163 52 166 161 50 141 70 138 204 78 127 130 111 149 167 100 184 60 176 205 169 188 25 104 27 136 83 166 150 149 55 82 190 48 182 60 200 177 161 156 30 206 18 162 63 115 187 123 163 161 94 78 157 12 116 16 98 58 98 205 49 25 16 56 83 175 148 93 165 112 31 157 68 164 150 186 80 199 44 179 108 205 21 50 21 197 198 91 48 21 52 112 49 
127 59 180 122 18 80 204 193 124 112 205 93 87 42 57 18 161 58 68 178 41 183 78 111 142 72 122 182 138 195 71 158 151 118 36 114 17 42 129 107 132 36 163 138 103 101 153 204 202 181 125 158 139 51 173 91 23 32 43 28 120 54 81 159 138 195 81 52 42 146 20 172 201 67 65 90 69 49 136 78 200 197 56 88 102 177 198 162 193 176 54 169 103 108 135 77 175 56 203 191 127 88 84 27 73 101 149 198 72 21 23 17 86 122 203 167 159 65 168 131 19 167 197 14 87 87 73 144 126 135 97 108 199 12 114 17 39 98 88 165 88 169 14 173 57 172 79 83 136 99 188 16 141 196 78 162 33 198 159 31 32 62 92 138 178 110 190 61 128 186 26 120 29 60 133 137 131 163 163 149 184 16 114 38 152 193 11 38 29 169 73 50 115 71 125 170 17 158 112 88 
86 126 74 47 128 112 188 110 99 40 145 205 183 62 122 63 83 117 42 153 193 72 118 122 106 121 162 123 91 12 64 65 168 108 186 121 152 124 138 99 33 81 207 42 110 70 139 195 110 24 124 180 135 131 16 175 82 76 76 135 41 49 85 65 142 189 112 143 158 177 168 17 150 199 79 13 36 57 183 113 25 138 176 14 62 186 205 208 197 96 178 35 33 19 137 40 185 194 141 136 201 133 78 88 41 171 151 125 89 149 20 202 29 115 24 40 142 157 150 166 18 173 14 113 133 163 162 77 120 209 33 149 129 73 188 71 146 171 56 115 166 27 75 22 65 43 162 34 72 149 162 128 122 35 166 113 29 202 25 41 83 124 84 53 118 157 74 71 82 177 193 103 154 20 20 140 94 10 119 131 75 48 179 119 131 138 51 202 39 103 77 35 187 58 125 209 209 130 127 63 
144 60 68 104 101 135 150 164 115 168 31 188 104 87 183 35 16 138 93 109 77 49 192 204 55 162 94 73 65 150 28 32 36 27 119 55 152 67 83 176 208 101 66 20 205 51 151 115 150 92 115 50 87 178 192 100 23 190 125 52 182 27 113 169 79 16 123 187 114 122 81 197 197 162 63 164 188 106 43 103 127 86 15 96 35 169 23 82 171 189 195 146 17 183 134 139 167 98 160 85 51 27 169 125 155 165 136 19 189 134 171 184 114 209 87 15 155 22 147 182 60 143 48 84 185 60 163 149 175 177 46 124 28 150 19 96 161 159 59 170 38 165 135 86 23 46 68 160 38 16 148 177 25 100 131 178 166 176 159 112 188 53 100 73 100 83 191 54 207 25 185 129 97 113 54 208 15 147 94 179 173 81 164 147 147 140 30 203 201 173 172 180 168 62 12 155 19 194 100 150 
198 177 98 95 85 73 201 191 57 98 141 207 207 96 17 11 121 175 31 120 56 34 96 184 26 68 140 187 65 171 44 144 149 193 53 29 19 189 168 51 29 146 185 205 84 22 85 202 83 85 191 185 198 63 52 189 115 39 45 41 111 182 77 101 20 184 44 146 42 21 67 107 60 74 105 124 44 33 62 87 49 78 38 141 48 44 79 106 97 72 95 12 28 43 72 61 116 94 197 119 194 177 98 23 117 196 118 205 152 122 132 179 148 99 67 156 96 209 203 184 118 197 121 189 113 122 21 39 188 162 145 11 107 49 76 104 16 191 112 16 71 97 65 126 51 122 112 159 85 174 166 46 130 175 165 115 156 68 203 156 28 134 56 79 78 109 11 158 117 171 175 76 89 15 116 55 174 188 75 30 128 171 170 157 99 103 65 191 79 111 84 139 44 81 34 98 162 181 189 104 
93 80 35 201 191 146 92 62 182 170 29 176 159 80 29 188 203 139 134 144 98 196 182 125 21 43 86 173 144 169 91 135 191 94 19 96 56 179 90 156 178 106 150 30 13 29 15 20 98 77 52 55 155 156 170 58 86 124 190 64 103 161 12 82 108 189 160 121 124 51 158 17 82 102 118 79 15 98 154 69 14 75 202 100 20 165 104 121 80 28 160 186 79 158 106 18 115 205 27 27 164 49 64 164 23 125 180 36 119 80 188 198 33 23 106 142 29 185 63 170 121 92 13 148 176 46 107 191 28 150 57 127 207 36 95 94 176 46 122 205 44 117 15 72 43 144 18 101 140 191 113 206 108 82 100 13 91 90 40 88 111 96 29 85 77 102 61 207 125 67 198 209 198 35 17 34 178 125 35 90 43 175 36 133 14 167 15 206 15 43 81 37 37 180 118 92 127 174 120 46 
103 19 201 169 22 40 99 165 184 56 117 45 121 208 137 198 25 180 180 70 100 168 62 207 157 40 171 196 140 203 121 27 149 102 122 92 51 22 116 121 20 88 32 94 87 84 40 122 172 151 28 110 131 144 63 142 167 110 141 70 188 119 64 175 119 148 131 42 45 187 46 165 119 141 147 19 148 138 89 96 199 113 23 22 147 37 155 57 44 92 148 42 79 169 36 122 109 53 90 45 29 121 183 201 96 31 72 95 104 58 179 25 91 163 69 53 188 158 59 177 139 188 16 31 110 145 143 203 64 81 41 11 121 95 176 174 143 142 77 120 51 180 127 117 183 28 102 115 86 66 119 102 148 28 40 150 208 95 111 35 71 24 54 12 68 61 129 36 28 123 11 150 150 56 206 19 83 35 65 106 202 107 31 167 16 14 182 198 30 76 189 33 163 146 74 209 43 19 130 10 
136 188 122 99 16 86 134 124 79 146 72 183 191 72 75 20 62 105 176 200 191 30 73 94 82 72 180 154 152 153 187 33 122 82 193 36 34 23 55 127 172 152 169 93 70 169 186 182 118 101 191 108 35 14 50 186 54 192 190 190 122 95 27 208 26 21 82 123 42 161 67 101 74 45 172 74 150 54 22 45 160 130 35 57 202 36 26 180 111 131 22 149 82 93 67 152 97 14 43 112 147 149 16 157 39 81 107 86 71 199 53 144 77 184 115 79 93 185 127 29 195 114 165 89 150 11 75 153 62 171 205 11 10 52 40 80 37 84 61 50 201 29 176 88 68 191 145 63 139 163 162 20 68 27 147 23 144 161 203 138 25 70 168 19 161 180 25 165 11 174 129 142 37 142 38 92 78 175 107 153 28 60 67 17 194 192 96 58 72 104 27 44 139 150 196 192 87 63 179 77 
186 71 176 129 202 27 73 13 162 96 186 84 113 74 90 158 187 96 75 56 173 118 106 182 163 18 192 147 204 43 32 160 64 95 34 68 48 53 135 115 120 42 206 49 41 127 71 121 105 122 189 33 79 60 121 200 137 116 165 20 88 146 30 93 191 198 207 174 24 34 97 101 32 69 55 32 20 18 65 90 84 192 143 38 86 75 72 60 46 147 59 74 148 147 143 165 127 165 102 120 137 140 87 51 155 66 164 72 187 163 17 58 170 153 175 167 83 185 47 24 185 183 18 94 16 102 89 207 38 10 161 33 123 49 17 182 24 151 63 201 204 57 127 161 189 189 165 115 85 64 118 132 162 192 26 191 18 19 109 156 142 150 198 170 47 195 87 190 183 77 54 108 202 86 43 102 44 180 195 195 140 199 44 65 129 110 203 198 148 18 130 187 63 98 94 107 204 57 16 138 
193 165 106 73 130 41 68 97 152 206 47 14 88 93 171 175 183 105 68 138 189 203 34 21 39 101 169 43 146 194 77 203 21 61 194 31 206 170 60 204 135 115 11 69 130 204 33 125 99 177 150 196 22 126 19 50 152 70 110 106 90 152 62 65 115 151 96 143 173 33 129 180 36 83 141 79 98 163 79 147 198 190 177 44 85 91 38 105 162 151 79 177 179 26 83 179 36 114 58 192 104 207 36 100 100 22 165 157 46 122 84 155 142 176 181 177 85 146 99 58 107 87 202 64 53 56 172 209 119 166 130 123 29 114 165 170 57 109 181 39 64 81 106 27 77 31 161 148 115 27 58 127 37 85 144 31 144 34 80 124 12 18 198 32 14 131 52 110 178 150 20 148 63 56 55 123 155 20 191 36 169 14 131 197 47 155 41 164 149 200 81 68 75 184 118 110 179 114 152 145 
47 186 185 69 188 111 197 172 143 101 45 42 134 172 13 199 10 104 28 42 155 42 197 192 149 207 52 37 42 136 74 107 193 58 117 41 141 94 50 13 49 36 100 125 58 147 25 99 109 36 83 135 83 32 173 89 113 95 126 183 181 83 147 67 55 204 56 129 156 133 150 191 97 183 204 102 118 69 39 209 40 191 180 36 43 59 72 190 64 160 174 177 140 125 184 74 185 162 49 188 25 173 123 194 88 168 173 13 185 80 79 178 11 105 168 160 78 89 48 136 41 75 98 206 117 116 156 47 112 35 146 131 171 108 79 13 164 182 62 121 59 78 89 166 39 115 63 115 89 107 35 207 92 78 35 75 146 122 182 83 43 158 97 94 74 148 116 17 184 112 160 146 133 134 68 68 123 187 153 135 174 50 26 122 81 10 128 155 115 62 37 181 98 133 192 204 46 115 48 13 
113 48 196 138 30 175 33 92 136 90 126 73 156 164 61 145 49 207 155 68 46 167 82 86 141 159 52 109 96 187 180 50 33 45 95 62 166 107 89 184 196 25 109 44 123 83 172 45 147 142 98 62 85 151 197 182 181 36 208 154 55 50 167 184 167 87 28 113 21 121 25 197 105 54 31 182 92 53 143 30 103 149 206 42 143 181 118 156 137 196 91 203 19 178 155 78 84 94 162 209 36 121 52 126 103 11 60 183 101 204 173 51 94 30 135 40 125 33 29 41 42 167 68 79 44 58 70 68 31 50 136 22 10 59 33 105 76 190 196 64 193 183 87 133 71 183 141 71 94 203 137 76 103 13 108 95 19 25 129 99 64 171 159 185 40 207 119 142 58 121 79 201 29 14 61 140 98 178 120 16 10 35 35 206 144 62 187 123 120 201 68 91 23 73 143 122 85 117 111 22 
193 130 116 193 107 177 23 143 152 110 199 42 97 57 171 118 29 42 81 154 57 17 143 35 21 204 136 112 97 21 201 33 167 147 188 97 146 128 189 54 152 178 179 206 172 142 177 205 71 178 102 76 64 25 194 132 17 77 58 123 188 104 29 206 182 195 207 192 99 11 158 162 98 144 132 124 178 48 205 34 189 196 201 98 108 89 116 85 83 170 28 85 103 196 26 46 149 98 93 151 109 146 156 195 198 103 162 203 187 48 126 14 119 185 132 20 46 25 158 47 100 196 39 116 177 178 74 32 157 48 134 102 16 141 21 184 141 183 13 140 136 167 102 129 206 170 149 97 132 161 88 170 131 164 83 24 10 83 107 149 173 101 185 196 188 84 114 106 95 144 28 22 152 171 75 98 73 205 45 146 16 114 26 181 144 185 160 42 27 53 46 157 109 177 144 209 122 111 50 144 
202 178 160 193 28 150 78 154 120 12 115 71 74 106 180 153 60 98 70 161 83 18 203 23 189 164 137 111 73 143 31 187 184 141 25 191 146 38 62 200 196 78 193 198 177 186 109 61 38 145 148 94 194 120 202 187 150 46 101 91 129 178 175 99 144 26 79 206 188 189 133 149 156 186 45 18 125 43 30 121 150 165 204 81 105 153 26 66 103 111 203 64 203 169 123 151 58 151 114 22 129 66 113 16 136 122 144 105 46 187 207 127 117 29 44 49 87 92 76 148 208 176 53 67 38 117 35 87 119 141 58 48 138 188 148 130 17 37 98 28 197 76 128 77 66 75 117 183 108 57 72 96 66 55 25 167 34 101 159 60 126 181 142 179 14 85 68 91 126 179 51 10 192 148 65 75 37 174 38 162 97 191 54 47 60 198 33 114 160 184 127 198 127 157 199 41 149 204 89 170 
63 28 19 68 146 125 177 202 150 126 161 51 76 80 118 113 14 19 91 52 39 16 58 164 147 86 69 175 96 209 149 152 12 200 17 41 32 46 146 146 70 99 140 10 32 163 175 109 201 64 119 150 127 124 57 135 153 121 192 87 205 44 38 156 166 207 166 58 52 95 202 34 36 93 168 86 74 192 59 163 100 179 39 168 105 51 84 159 161 77 143 105 54 69 166 111 196 193 58 206 69 175 98 66 137 140 141 151 148 136 56 140 207 142 177 153 52 191 19 122 164 201 172 45 179 28 195 88 151 70 85 198 108 72 106 188 36 105 123 102 53 145 207 80 27 128 63 146 40 87 158 91 97 207 93 49 83 114 142 64 157 79 79 202 88 17 17 14 109 18 50 195 21 84 136 198 207 81 191 10 133 163 188 32 176 110 195 16 158 165 174 23 88 130 103 177 89 194 176 200 
44 72 25 37 77 105 122 47 179 40 98 34 196 59 47 58 194 86 198 136 60 206 149 156 128 128 63 171 55 99 184 179 106 100 57 165 76 137 199 90 112 15 55 130 52 63 125 152 189 47 29 90 110 142 209 95 203 50 29 194 155 181 55 54 174 124 90 170 130 26 149 96 92 77 136 65 150 48 167 139 12 169 186 13 51 27 147 113 155 30 146 75 156 134 93 106 168 74 204 37 152 102 181 208 82 130 51 199 104 100 204 154 188 28 99 201 123 199 147 58 136 142 157 137 51 103 60 87 57 204 151 38 45 75 151 43 87 47 49 117 20 20 86 134 159 64 137 40 63 208 209 17 40 89 80 90 94 16 163 188 184 140 50 204 209 107 170 25 61 194 178 27 138 97 19 126 108 117 172 40 102 192 20 183 109 206 65 206 167 50 65 114 37 73 127 56 205 172 72 153 
99 140 126 192 16 161 156 188 195 28 180 33 128 198 158 60 62 127 201 78 118 59 119 168 120 155 172 73 120 96 103 100 177 21 116 101 16 30 145 109 197 131 104 44 198 25 13 23 164 19 80 90 49 21 93 103 146 41 82 192 74 118 104 177 48 102 142 202 90 134 146 163 129 99 193 153 191 91 202 88 54 82 94 49 98 158 10 39 170 85 56 36 44 62 99 73 175 181 98 198 20 123 143 158 23 101 200 167 83 91 157 80 156 12 11 188 57 208 80 207 129 206 200 94 37 32 96 179 134 156 185 113 16 124 103 109 152 103 75 46 178 137 197 63 199 41 62 162 84 58 165 143 70 52 48 69 21 148 126 200 14 57 203 36 182 184 19 177 203 75 178 112 109 93 132 76 125 65 152 20 165 12 82 192 49 176 114 130 124 114 175 176 46 46 127 207 116 97 131 58 
40 48 135 74 203 167 120 64 24 44 121 97 179 22 199 106 106 24 139 165 107 114 41 90 206 49 31 57 148 38 103 22 72 53 176 103 149 55 106 146 96 106 113 122 167 87 172 44 186 13 174 85 121 116 149 167 151 196 25 147 197 135 15 152 18 188 70 53 129 29 58 83 116 12 176 47 200 193 209 39 184 87 138 163 47 104 42 102 80 110 94 52 48 28 202 198 78 84 17 108 121 82 127 11 140 152 157 47 174 171 37 130 37 95 182 158 59 143 50 199 169 183 86 181 12 205 186 25 29 133 193 109 165 52 187 169 136 184 209 155 49 70 73 134 159 179 100 23 63 79 19 140 10 39 25 93 97 42 109 96 157 31 38 184 196 197 28 173 17 162 125 162 178 152 117 203 112 117 186 133 155 209 55 75 36 166 166 110 135 91 164 156 65 170 31 188 142 19 163 81 
102 112 126 149 144 130 89 168 136 83 136 121 29 14 76 164 126 20 70 205 191 57 166 52 126 110 158 34 27 39 24 186 63 152 111 187 124 164 133 29 77 55 152 43 207 53 90 40 105 121 170 12 88 58 117 41 166 75 33 121 204 26 195 163 45 204 111 173 20 135 72 132 201 103 137 114 105 69 195 47 140 21 63 91 178 63 167 122 152 121 81 146 151 99 148 121 71 19 93 59 202 65 155 26 11 37 98 38 33 56 69 64 111 73 88 121 110 57 93 64 60 104 125 188 47 121 138 47 45 180 130 188 30 164 182 138 60 128 44 144 97 189 82 148 10 27 84 143 91 70 55 179 83 113 63 56 57 46 46 131 47 73 30 160 158 22 41 130 43 144 23 152 64 123 120 26 206 164 26 84 57 152 197 186 188 98 189 150 15 137 168 141 102 145 105 136 172 113 36 10 
168 157 83 38 63 100 24 139 82 37 163 33 41 133 87 78 24 149 40 21 112 106 120 119 81 180 34 196 184 91 94 91 20 167 143 168 117 39 153 94 94 188 175 166 34 95 44 54 77 80 152 85 37 185 173 142 65 122 203 148 200 94 129 93 29 110 28 169 10 12 21 12 115 35 182 186 92 197 141 123 53 45 133 112 173 150 185 36 13 19 98 118 22 209 171 143 38 186 195 87 190 171 130 117 160 152 40 150 64 151 202 100 167 58 95 59 160 97 130 129 197 47 176 197 81 204 141 177 164 59 138 162 98 84 129 208 189 189 140 73 60 117 75 138 76 201 181 81 206 34 105 157 65 87 165 95 202 95 143 173 41 193 57 92 101 72 162 125 75 185 43 164 19 71 24 37 51 121 176 184 144 121 94 95 114 177 161 12 136 18 136 208 12 21 154 162 32 29 85 117 
64 116 149 118 74 69 200 196 140 98 136 200 101 199 65 63 47 62 163 77 163 21 65 45 29 69 99 151 49 108 178 104 55 125 26 24 155 119 109 128 104 75 13 154 102 122 73 86 48 15 140 138 195 168 195 146 93 98 134 24 138 37 72 14 117 118 10 161 117 77 173 16 14 166 103 158 161 131 127 196 46 10 68 170 201 107 76 47 147 205 137 144 83 33 88 117 204 134 77 130 177 47 73 53 86 114 165 83 160 147 124 64 80 17 19 102 180 166 12 197 79 180 21 93 59 22 162 56 43 77 202 91 149 117 72 38 48 192 168 58 107 104 78 139 102 42 41 158 125 89 29 180 90 49 137 175 201 182 54 149 75 20 34 195 107 88 20 12 205 142 80 34 200 92 21 140 209 55 182 80 90 173 70 123 91 67 39 191 48 208 108 84 18 97 189 83 155 78 155 118 
108 37 205 188 73 110 11 196 208 23 193 175 61 24 166 27 138 25 149 61 189 139 155 31 170 109 155 18 19 56 166 181 85 149 119 119 149 173 54 42 51 81 163 201 14 68 198 67 168 45 196 128 82 137 13 123 139 192 187 57 61 71 165 129 145 150 165 52 117 83 79 87 35 31 116 143 19 79 206 124 155 14 140 33 111 41 152 11 76 11 47 79 169 154 48 161 71 145 161 35 120 55 198 83 103 104 148 208 14 147 77 54 30 52 117 31 154 139 28 12 181 164 61 189 53 152 63 190 128 132 121 139 38 17 147 117 207 164 122 29 127 110 21 88 22 143 94 75 117 71 155 57 94 117 30 179 59 195 113 31 154 17 134 61 208 17 78 189 179 43 40 61 180 122 36 194 181 39 145 172 135 157 60 144 72 164 58 168 90 162 55 109 71 30 192 152 92 183 30 37 
196 69 204 185 159 86 35 85 98 156 76 187 105 165 126 17 178 35 80 197 115 180 97 55 143 173 86 125 189 91 164 74 145 170 23 104 111 122 122 81 78 142 136 112 17 15 58 157 124 25 74 33 157 27 103 174 176 109 50 179 184 69 192 119 195 75 73 147 77 30 185 37 199 14 37 122 193 107 144 124 62 93 118 164 40 94 153 146 28 38 114 75 95 157 82 66 184 174 33 66 160 26 32 90 23 82 66 58 177 25 128 45 129 65 93 40 149 21 182 90 194 119 15 92 65 148 186 115 106 60 121 68 56 110 126 143 54 27 177 111 80 202 137 193 100 100 151 131 58 200 112 135 187 82 193 71 102 48 207 75 161 126 55 122 125 162 180 13 106 162 160 202 70 148 189 79 200 86 11 197 146 135 85 80 126 190 191 44 39 10 107 162 91 90 92 83 56 14 162 188 
141 93 144 138 147 64 50 24 196 47 67 159 42 83 94 134 43 67 155 130 107 43 196 31 122 146 192 168 96 42 128 163 199 166 193 152 104 127 209 20 64 71 77 193 180 146 186 48 186 105 99 74 194 161 139 147 22 44 115 112 22 79 118 106 126 19 74 204 196 31 42 34 164 110 74 66 47 109 131 143 108 96 144 11 21 206 88 45 101 74 28 12 104 131 91 163 20 30 157 37 71 154 77 106 65 52 122 35 131 109 15 50 144 97 10 102 99 25 146 206 153 187 133 155 144 159 96 115 153 70 48 123 74 55 161 85 46 50 61 115 177 128 143 74 39 162 57 194 172 185 106 45 145 198 100 118 70 204 133 157 75 42 92 160 12 173 127 195 132 150 195 179 96 200 11 159 183 180 12 32 209 104 113 59 126 61 138 133 168 24 154 151 52 20 169 65 149 102 199 163 
57 73 67 154 56 139 163 24 10 104 140 144 41 13 29 112 87 23 159 127 192 93 199 137 187 139 159 17 149 113 81 62 39 164 158 97 58 43 135 30 136 20 42 153 60 24 70 43 164 100 42 149 86 130 27 196 169 167 149 14 69 126 69 100 102 173 116 184 157 159 110 208 183 146 187 204 154 201 142 37 174 204 173 102 24 174 120 16 93 72 197 48 60 13 74 163 116 78 93 14 177 46 129 167 121 64 186 168 172 56 99 45 75 15 38 19 208 11 140 188 135 86 93 200 203 94 98 110 131 125 113 115 134 186 16 154 166 160 14 38 57 149 55 100 205 45 62 52 133 144 176 48 47 10 166 78 169 137 59 107 75 92 199 169 37 202 19 26 172 113 150 133 50 56 168 201 180 39 37 80 160 157 164 174 94 74 48 177 30 126 198 195 50 90 80 149 94 38 202 79 
181 138 179 126 13 137 191 29 95 203 26 71 40 50 63 147 187 207 106 49 114 94 107 85 74 159 156 186 135 118 148 48 40 181 21 184 45 65 123 31 22 114 31 18 53 71 186 58 78 105 14 176 150 23 97 202 42 75 59 166 58 114 99 78 142 153 164 196 167 62 190 136 209 13 186 137 175 84 30 105 168 65 10 156 89 10 202 137 59 78 29 169 150 18 109 152 190 166 136 10 197 169 166 40 121 106 132 35 111 105 113 24 32 45 207 181 147 136 140 163 44 40 105 164 131 198 59 31 104 196 64 129 46 107 44 150 29 99 77 177 60 94 171 64 94 71 53 36 101 95 16 87 125 65 33 143 114 111 44 146 108 19 150 114 90 10 176 179 85 94 101 50 47 132 198 41 187 102 195 192 54 201 22 94 174 193 91 25 138 123 50 170 43 107 192 52 130 200 194 14 
154 197 83 135 94 209 169 50 54 161 91 82 174 44 101 176 80 56 64 114 108 187 179 182 92 36 198 152 197 43 153 152 139 143 113 200 19 71 115 92 87 170 195 194 54 202 87 164 170 126 71 180 150 104 56 39 152 143 42 13 147 157 95 193 96 163 141 172 198 140 53 174 119 120 68 39 149 66 194 195 21 35 138 173 26 88 57 69 61 34 171 60 68 141 114 80 121 163 96 35 37 26 119 145 197 163 206 186 11 76 95 52 183 184 55 109 24 141 78 207 173 110 96 109 209 43 123 29 23 38 170 31 138 183 168 60 177 19 209 162 184 119 14 152 90 203 87 125 54 173 71 94 16 44 170 95 177 127 90 97 89 20 26 157 28 85 146 152 27 40 13 184 109 205 95 158 150 158 130 180 62 50 35 49 132 66 113 83 45 105 166 84 184 173 202 40 132 51 147 21 
164 10 121 28 122 117 65 103 49 143 24 60 151 83 195 97 139 114 117 192 76 105 129 93 83 25 32 21 201 184 20 114 11 145 78 125 181 127 110 131 189 24 105 138 90 200 159 133 37 19 141 167 166 39 201 205 42 40 125 175 83 70 101 48 105 61 196 195 16 20 100 57 177 24 180 184 102 209 23 30 32 12 83 39 35 99 31 203 125 11 57 28 51 44 46 182 92 206 123 55 10 194 188 105 102 206 99 118 11 38 203 36 46 23 109 105 68 93 51 184 45 96 107 164 208 122 63 149 134 60 42 73 11 34 53 205 99 28 172 188 201 159 66 70 110 51 156 108 208 13 12 148 89 88 61 129 186 136 79 156 135 104 11 176 28 172 89 194 144 81 119 64 49 196 134 125 137 88 96 194 64 100 188 102 193 12 101 152 209 102 111 52 110 144 52 117 164 89 46 19 
94 157 62 77 130 157 181 168 110 30 104 88 66 40 137 62 166 154 20 27 166 148 191 125 19 62 126 72 51 47 126 198 115 176 24 177 77 194 168 144 165 69 30 112 112 107 204 85 167 108 42 66 104 187 175 134 166 64 65 39 82 128 183 91 90 194 132 108 121 11 110 132 46 197 152 114 194 51 21 35 28 56 63 109 167 81 71 151 72 128 37 109 112 122 25 99 104 131 83 72 150 129 209 125 42 206 191 125 62 10 140 48 198 56 114 83 28 207 70 186 127 125 209 96 157 143 182 30 95 107 45 122 84 114 15 50 120 152 67 74 30 166 65 34 100 91 165 108 118 126 21 156 142 94 190 105 162 181 133 131 110 75 122 77 172 183 105 180 193 92 108 177 74 57 19 116 70 144 54 129 166 108 124 152 130 109 156 31 30 78 13 58 173 81 185 174 21 73 103 27 
83 144 73 41 128 162 115 116 21 169 22 146 26 83 99 139 157 73 155 59 97 193 175 141 21 78 12 144 167 126 25 142 192 197 60 130 58 113 49 34 80 13 12 150 52 185 186 24 62 90 67 100 92 62 195 18 133 83 49 105 43 112 103 86 168 204 171 133 191 158 205 79 47 156 42 190 19 40 176 53 166 160 180 155 70 109 64 97 37 38 177 201 208 206 88 58 33 115 143 98 80 193 86 99 74 14 126 105 104 151 119 146 196 51 149 47 183 102 32 131 38 129 84 169 182 40 53 99 157 180 183 24 140 162 150 149 186 99 154 192 74 69 109 33 96 163 199 193 143 97 97 79 15 163 89 33 181 21 126 56 156 149 69 176 115 25 139 190 54 187 148 138 25 100 35 111 18 96 26 97 127 94 44 206 96 19 154 176 150 47 83 186 20 72 47 201 109 94 182 125 
95 159 100 88 150 91 201 127 195 146 62 190 70 77 81 88 154 43 205 103 128 157 124 185 55 60 135 76 59 193 63 99 67 189 76 178 200 178 198 94 34 178 75 25 100 78 168 36 204 74 75 13 148 143 200 188 140 161 51 201 156 130 118 128 12 118 75 199 23 209 139 39 191 86 168 113 114 50 81 139 174 56 164 59 137 45 185 108 204 119 51 31 24 194 34 139 178 155 200 168 195 80 57 24 131 31 118 23 127 119 155 92 104 93 144 121 87 151 133 160 118 46 97 78 48 191 189 197 195 138 156 124 53 176 166 153 165 110 101 146 92 167 207 64 11 193 22 166 46 102 157 105 130 118 84 15 107 75 109 173 169 173 119 68 196 55 138 139 181 146 133 99 15 56 109 167 158 92 175 122 31 48 120 174 168 175 75 138 73 116 43 147 84 98 169 151 16 62 167 70 
180 130 62 122 170 164 53 48 186 62 51 38 113 126 208 208 73 161 207 62 51 100 126 177 170 51 153 54 138 93 60 137 73 88 143 78 21 17 151 99 78 207 34 90 28 89 123 118 28 148 120 100 136 193 80 21 69 31 24 80 41 189 48 141 148 75 66 23 30 193 98 122 98 159 44 109 209 135 90 161 162 208 53 84 152 149 79 47 132 173 71 190 205 76 148 57 110 178 157 102 87 147 16 50 22 87 169 16 111 50 85 65 113 46 120 37 188 199 116 200 24 47 84 200 103 28 64 134 134 119 113 19 207 54 71 165 35 157 136 91 22 96 172 165 68 132 167 207 123 23 39 96 120 148 23 85 134 99 51 27 12 185 133 198 103 204 56 123 136 66 42 205 23 123 199 38 24 67 179 67 101 85 16 190 172 44 90 110 194 131 87 201 48 160 187 157 182 68 114 116 
133 15 87 150 25 57 69 131 87 188 44 81 90 32 167 82 12 63 147 66 108 43 66 24 187 196 113 139 44 134 143 79 115 130 71 79 132 148 71 173 144 62 186 32 27 27 163 78 185 101 36 98 59 171 205 143 188 109 88 174 121 202 125 20 145 77 34 200 209 187 149 91 91 120 165 33 135 11 165 87 10 55 195 110 127 67 40 207 188 147 88 150 102 160 29 156 167 47 151 112 183 150 31 126 72 60 44 83 71 145 21 200 88 83 200 165 57 98 59 143 34 159 65 117 74 209 79 143 38 167 167 40 110 165 165 158 208 81 24 143 18 37 195 39 130 146 133 111 79 50 70 152 118 23 35 208 150 163 51 12 189 63 130 95 206 72 86 138 163 79 41 93 120 79 207 108 88 68 208 29 164 186 200 105 80 20 85 154 72 55 73 36 100 62 160 150 184 127 84 195 
79 181 167 140 17 144 128 48 66 42 115 15 165 123 66 51 201 95 208 104 146 166 128 190 91 84 209 101 51 170 197 96 46 181 114 148 110 86 152 75 41 154 140 60 140 155 36 78 208 190 132 69 68 126 17 163 131 153 100 131 40 121 122 50 63 174 25 70 94 178 157 76 36 30 76 13 168 195 30 81 173 115 153 47 132 48 196 178 67 125 99 184 13 53 138 72 75 152 149 186 161 205 40 52 19 20 18 145 161 107 56 196 81 44 39 94 92 125 73 173 188 184 164 61 197 116 15 19 136 172 207 31 96 38 153 202 71 14 200 17 24 132 105 169 91 51 93 27 132 36 176 153 60 19 32 154 141 111 103 122 48 88 52 30 178 92 167 175 46 163 156 85 156 164 162 13 43 111 189 182 194 36 152 200 102 180 71 174 127 159 179 150 91 125 111 167 183 169 107 154 
19 19 191 188 117 76 123 123 89 160 69 22 120 71 202 170 135 52 56 130 98 122 67 151 152 171 111 49 47 52 86 100 131 29 81 30 100 29 44 96 126 102 182 132 142 28 182 126 129 83 28 118 22 50 183 108 167 179 83 108 35 205 30 77 112 179 202 37 184 126 165 71 193 40 207 55 154 115 164 205 131 90 36 57 164 173 191 182 184 67 28 97 139 107 91 28 129 148 202 86 185 190 109 62 75 176 34 192 14 20 76 150 69 119 94 123 50 205 178 204 92 189 18 32 13 24 207 34 199 152 64 156 208 159 126 21 171 13 181 134 41 79 29 146 80 52 186 53 171 209 49 119 162 159 93 48 107 99 168 14 81 167 45 204 156 184 78 46 121 16 145 98 148 12 193 121 43 32 138 71 172 193 164 70 74 195 28 138 196 93 184 33 111 42 33 89 157 169 118 134 
45 15 118 188 173 187 86 138 22 170 172 160 199 53 35 50 20 144 73 53 121 148 149 26 41 183 156 153 204 98 54 32 208 11 132 67 22 156 13 38 153 12 18 193 123 61 126 155 105 54 10 202 112 25 80 106 64 103 110 132 183 171 141 185 153 132 91 88 159 151 102 68 21 197 74 201 145 145 124 184 177 204 192 185 67 28 80 120 51 74 62 52 41 36 61 188 169 75 130 130 207 189 96 117 186 101 141 105 128 177 199 18 194 172 43 89 74 149 39 61 154 73 14 62 87 125 108 135 150 166 58 162 54 164 197 80 86 132 122 16 192 45 109 40 30 205 186 130 83 61 163 97 102 138 172 69 59 118 203 98 146 135 19 207 148 93 155 158 75 194 27 71 89 189 199 43 100 175 55 78 176 50 149 131 166 143 145 38 188 111 82 158 109 204 61 50 34 137 75 62 
80 159 166 62 100 161 132 58 165 194 144 194 25 86 45 12 98 22 12 124 202 48 168 99 205 135 168 163 15 206 117 41 142 131 52 172 32 98 62 126 31 102 158 65 164 55 19 91 163 81 23 205 54 58 175 16 180 182 59 145 123 62 56 23 179 46 69 10 53 150 155 126 148 140 201 64 91 127 126 33 32 55 128 185 95 147 197 174 57 203 160 148 87 112 126 135 121 72 137 207 28 86 36 147 180 178 17 194 134 149 40 37 193 112 184 57 69 77 19 116 205 53 61 54 161 115 109 154 144 178 79 52 180 187 17 117 166 121 13 45 107 89 55 48 143 83 47 205 17 86 209 91 135 52 27 164 132 113 110 55 167 194 89 24 165 19 26 171 90 74 175 97 28 26 84 114 56 170 13 204 170 64 126 154 71 120 90 105 109 193 153 127 86 153 29 60 96 64 47 118 
48 171 85 23 40 26 63 194 87 204 178 119 24 17 44 34 182 41 153 59 166 27 150 65 45 120 164 88 116 17 15 77 17 182 96 87 112 168 143 17 33 81 45 173 172 99 161 171 114 135 121 170 38 103 60 102 133 157 198 91 97 22 19 137 148 105 167 72 11 180 166 190 104 97 15 47 197 45 190 172 62 82 171 135 190 189 37 182 44 162 34 46 72 174 35 129 105 142 92 91 129 206 90 58 155 181 64 76 179 143 203 126 159 66 181 10 109 205 15 120 61 126 18 152 200 51 159 126 65 156 133 143 90 207 196 140 50 59 136 157 127 25 120 56 87 135 31 74 83 151 51 172 101 177 124 98 169 12 207 176 146 10 60 189 175 189 84 197 70 124 143 74 175 75 117 163 141 170 75 31 160 12 120 204 166 106 169 131 131 129 178 94 15 170 71 77 31 177 138 197 
102 168 100 202 190 125 121 86 89 113 167 11 181 50 120 117 199 107 105 156 63 26 130 145 181 195 142 78 162 11 29 115 179 16 129 142 161 23 181 42 148 45 165 196 17 146 97 194 25 35 52 68 140 143 101 128 134 181 83 25 137 148 86 31 179 90 52 117 178 33 97 183 45 143 163 194 164 101 189 184 43 146 33 20 163 169 188 20 105 152 172 37 51 90 85 170 128 80 93 208 56 67 93 204 52 181 89 142 119 89 82 82 165 128 146 188 58 38 70 100 39 36 91 26 128 159 26 28 58 104 150 54 203 54 73 177 154 169 49 159 169 40 184 54 15 69 117 171 187 71 149 161 190 57 126 162 121 89 125 44 15 84 54 184 28 104 100 143 142 114 10 62 194 64 25 109 130 154 147 162 166 37 111 98 129 103 166 203 109 66 190 27 193 139 140 149 26 74 119 22 
192 119 11 155 107 187 52 94 189 69 75 208 209 118 165 184 197 31 34 165 68 89 140 97 191 53 81 62 93 109 98 38 89 26 197 133 147 16 200 97 17 63 207 14 126 148 135 163 188 95 28 25 167 142 24 13 58 209 149 155 54 31 157 53 159 138 48 149 114 143 54 152 148 121 117 11 53 141 69 154 101 48 42 110 37 120 170 207 153 89 24 187 124 114 168 110 45 191 180 146 136 72 190 24 32 89 86 184 20 195 167 182 184 11 13 46 70 73 130 120 44 76 154 207 15 13 58 87 32 153 144 125 38 58 167 28 29 16 98 13 189 156 180 182 94 134 45 142 122 64 40 136 147 50 154 54 168 63 173 72 18 160 198 110 171 207 67 146 73 15 137 129 80 154 181 27 134 67 178 104 106 69 155 206 23 155 113 57 118 154 79 59 10 76 132 116 80 71 120 170 
150 133 91 92 107 132 130 132 184 161 124 124 69 184 188 163 175 72 87 72 161 53 161 149 161 101 43 15 108 184 183 101 84 177 87 88 16 50 107 154 205 95 26 122 180 186 99 206 20 143 172 42 89 144 91 152 69 68 194 72 55 163 192 179 81 61 118 18 46 84 40 21 164 151 205 137 174 97 40 48 117 177 96 135 55 27 60 84 144 103 155 39 153 176 107 83 191 160 153 117 30 90 184 68 13 176 45 201 11 126 11 73 74 150 90 144 74 86 14 137 42 71 164 27 195 71 176 70 141 146 21 103 95 76 109 176 176 114 202 107 115 97 35 72 139 103 27 21 187 17 151 206 25 101 63 37 100 81 94 99 172 27 197 56 65 98 173 192 126 77 204 199 103 115 90 109 41 42 179 69 97 100 56 195 39 183 194 165 84 148 150 107 67 11 88 177 92 28 121 45 
46 73 178 116 54 66 134 194 155 73 154 57 204 31 65 153 140 47 206 121 156 138 80 206 122 66 69 162 89 51 16 30 129 78 125 51 208 24 16 36 129 98 32 136 68 91 169 64 126 147 114 84 155 193 76 43 209 32 157 58 95 37 44 124 182 132 45 91 102 171 39 126 196 23 61 19 10 70 114 87 143 77 208 148 145 43 50 10 17 109 200 74 46 171 107 206 21 11 178 13 199 109 157 158 194 15 192 178 181 178 162 159 47 92 110 170 23 127 33 140 73 201 86 41 207 54 62 29 142 51 132 80 155 157 144 132 78 10 82 204 157 141 130 119 140 112 13 93 108 204 75 105 185 109 70 16 169 68 53 57 186 93 18 53 27 10 193 25 77 39 187 49 179 33 154 16 32 160 13 22 120 116 14 16 74 63 114 110 52 79 144 89 136 71 86 180 125 54 88 20 
33 136 203 187 46 76 25 105 50 54 78 148 204 118 107 130 171 97 144 60 137 165 183 38 24 155 150 164 164 16 93 143 33 100 193 151 54 176 185 19 163 113 175 24 31 114 65 71 52 41 97 162 135 160 73 119 123 79 67 101 109 112 96 55 110 59 159 96 28 20 96 126 82 89 178 121 105 192 50 142 70 25 205 31 182 39 103 189 120 45 93 145 162 134 136 30 39 78 171 36 151 143 175 137 199 30 61 208 154 88 180 151 24 111 107 11 79 98 17 47 111 51 155 173 82 194 174 180 140 83 102 107 71 99 190 37 18 153 137 173 203 154 56 83 58 61 181 168 184 113 175 166 41 163 151 20 126 84 90 193 13 203 64 206 28 23 197 153 188 72 22 127 139 190 70 58 93 34 169 123 188 76 161 90 61 44 47 44 108 181 148 92 203 62 169 117 159 163 172 118 
68 132 131 143 106 181 30 43 96 189 88 159 40 195 174 106 203 190 12 93 142 75 36 181 165 21 200 15 63 119 74 203 194 182 90 180 17 189 32 207 11 184 122 146 86 94 104 143 43 97 54 208 132 71 58 133 99 102 110 132 197 171 152 25 183 164 153 23 207 31 123 29 95 42 158 12 165 77 125 32 206 93 148 85 181 26 205 100 118 162 155 62 48 151 142 72 162 55 49 15 141 204 40 30 114 187 54 78 46 200 166 86 155 202 40 179 17 178 158 201 45 90 95 50 200 204 164 71 203 32 42 157 177 50 39 33 183 139 104 184 23 199 138 16 203 184 144 67 96 113 181 101 112 173 58 203 61 24 58 158 123 70 99 137 173 67 160 175 123 18 173 33 154 195 179 183 37 31 181 52 138 133 26 39 136 98 75 47 104 156 151 78 49 208 190 202 177 197 131 96 
104 113 93 113 127 154 207 114 193 31 207 159 24 56 196 24 204 51 84 38 160 25 92 15 189 120 57 24 99 66 167 11 205 38 168 10 52 61 63 114 47 40 110 139 162 17 116 175 188 15 187 17 93 205 113 160 192 77 173 132 45 49 101 41 18 114 70 58 107 117 139 31 192 115 121 33 86 63 131 53 201 142 193 120 56 90 134 178 89 151 122 46 150 202 189 17 80 22 110 89 28 200 51 112 195 206 137 105 30 60 71 90 33 111 14 170 136 182 163 109 120 110 184 110 175 132 71 76 70 144 201 56 13 144 63 54 168 34 127 10 185 55 120 125 191 140 97 184 109 107 23 64 37 122 78 186 143 193 107 129 116 194 191 70 120 60 94 56 72 184 193 60 40 112 48 142 120 76 60 33 184 32 196 131 137 123 94 205 206 24 177 25 155 186 200 133 172 44 185 191 
74 39 143 161 42 39 77 95 182 64 189 182 96 12 80 39 195 113 158 13 76 209 80 60 202 98 84 34 186 39 160 74 54 14 155 70 135 100 153 45 80 14 109 118 173 17 60 124 132 188 31 114 162 84 169 97 49 208 98 191 169 207 99 162 173 159 107 174 191 71 202 131 30 71 180 18 207 62 176 25 10 116 113 174 167 66 52 176 137 126 75 12 129 123 34 151 134 121 152 79 11 177 177 95 161 179 97 18 119 115 19 127 175 25 203 110 20 89 121 147 81 195 111 24 99 11 148 208 17 11 74 185 122 56 77 153 144 179 62 77 188 24 167 54 179 44 207 69 47 34 119 95 209 55 174 52 205 111 115 45 118 143 65 149 149 101 160 66 164 45 209 44 159 21 186 69 189 35 67 184 202 134 16 151 193 146 168 72 42 111 125 16 174 28 149 51 138 17 200 66 
179 82 147 94 167 155 125 76 181 192 192 50 133 131 26 49 186 76 68 19 23 52 155 142 168 106 21 194 139 58 94 192 199 131 148 124 76 184 56 156 11 73 198 81 150 59 158 165 115 13 52 21 62 84 204 58 61 89 51 107 160 194 122 157 176 95 28 21 182 21 170 29 111 136 69 117 191 60 68 84 189 197 166 96 134 112 122 170 92 50 69 109 199 143 52 80 36 109 98 66 206 162 45 118 194 140 156 55 56 128 67 198 191 196 27 81 175 153 179 190 77 195 84 177 122 75 139 26 189 111 48 194 131 48 111 128 84 172 84 119 71 37 21 170 153 178 154 11 114 141 200 175 80 197 135 174 120 204 25 194 154 36 196 167 101 69 49 130 179 122 13 52 126 181 80 73 147 112 173 139 110 126 193 85 174 160 168 29 146 132 36 129 28 148 135 166 189 35 99 141 
161 77 207 159 204 199 149 154 62 196 42 148 115 138 190 55 110 189 165 86 15 106 53 79 18 46 193 201 194 168 148 184 53 189 98 63 18 147 116 198 161 64 91 172 114 195 39 30 184 18 143 152 103 190 76 35 180 132 33 72 148 206 174 188 24 178 54 117 175 97 61 68 20 10 150 171 114 55 43 25 173 49 190 124 147 96 192 30 178 165 57 66 172 204 39 57 153 28 82 160 75 169 79 197 128 132 91 98 19 200 91 97 60 48 162 185 145 120 43 199 21 146 135 64 185 130 192 102 200 187 191 161 15 99 20 129 148 60 52 161 29 157 127 13 77 49 154 48 60 206 187 23 164 97 108 170 35 103 169 108 133 207 125 40 185 39 154 111 192 20 207 127 105 134 111 110 201 51 96 80 145 178 169 189 208 83 152 111 194 93 58 202 137 200 68 76 139 157 138 135 
13 107 70 85 135 59 59 68 151 149 154 74 50 148 157 122 160 128 146 207 167 115 35 81 67 47 203 174 125 69 11 130 145 145 87 114 69 172 106 174 191 73 65 77 54 205 103 125 12 193 76 99 185 201 27 120 163 26 52 61 118 208 207 136 135 125 11 55 53 129 174 52 65 54 101 162 61 155 78 72 28 132 92 155 73 168 115 168 74 83 205 122 86 52 204 97 68 73 161 68 126 170 37 176 30 116 174 129 208 87 75 112 57 202 19 30 150 142 203 145 127 160 159 132 29 34 108 131 82 76 131 104 56 183 56 15 149 155 59 161 190 106 174 167 186 28 81 141 200 204 75 146 26 67 42 92 108 131 37 201 120 22 111 107 172 105 78 188 135 27 141 107 63 98 71 101 183 129 142 191 199 50 75 107 124 146 190 26 42 205 199 137 175 200 102 46 33 54 105 85 
43 92 140 198 148 201 118 185 96 56 97 109 20 89 162 205 12 71 170 45 15 66 92 115 13 128 168 209 24 199 23 34 41 39 208 131 156 30 187 164 14 131 20 15 126 47 49 160 98 113 159 21 204 41 163 185 149 23 181 179 23 125 73 76 73 122 105 121 63 152 69 190 209 105 77 20 181 165 104 59 135 111 166 20 15 202 11 200 140 37 180 29 208 62 15 19 164 30 126 41 206 185 173 22 191 26 13 157 74 36 79 71 50 171 36 23 83 140 157 91 156 155 175 87 115 28 161 118 81 52 169 91 16 192 99 124 122 78 171 17 188 99 182 100 83 60 20 209 133 129 209 127 12 55 12 72 174 85 79 198 104 170 200 158 117 21 95 41 137 140 201 16 35 73 204 25 154 82 69 112 159 24 95 87 132 187 172 64 147 147 120 26 26 106 92 155 165 200 33 85 
117 63 117 28 24 32 27 134 128 37 174 188 144 193 158 89 157 197 143 96 153 109 125 43 14 106 85 17 209 209 168 143 157 124 209 147 153 127 81 188 44 157 192 22 169 92 135 157 198 63 12 160 209 115 118 96 116 156 154 41 192 208 77 48 193 100 131 29 57 62 151 91 159 42 19 150 105 121 179 124 151 96 173 207 58 93 11 42 93 70 117 42 19 173 56 199 41 103 180 51 189 53 45 82 200 157 55 203 192 65 159 166 120 207 152 174 140 83 172 177 112 194 52 29 56 96 89 109 30 109 83 117 71 100 186 178 111 164 132 101 190 122 38 26 90 38 150 28 119 77 16 36 189 143 16 201 34 186 112 130 199 127 10 82 118 19 120 171 180 192 89 190 28 109 127 129 189 196 31 154 28 147 49 163 53 61 97 183 206 97 44 149 28 163 159 98 171 42 77 123 
208 138 135 36 25 122 25 34 119 89 203 32 186 85 29 144 206 92 54 119 158 102 31 134 150 91 139 207 100 81 10 141 202 192 14 31 61 10 117 46 202 189 105 197 114 27 101 136 67 12 185 80 201 90 199 127 36 149 126 70 172 32 23 103 186 116 206 160 49 67 107 141 197 200 82 209 155 93 128 174 193 165 120 163 143 163 29 37 70 43 32 146 112 175 171 194 161 100 95 62 124 71 123 134 80 194 47 117 85 188 96 128 194 55 28 119 121 107 24 155 117 139 104 177 42 135 168 109 102 202 168 34 54 149 173 17 68 139 117 65 72 94 139 46 85 26 149 157 62 89 74 206 16 143 63 67 113 22 108 81 201 77 83 132 32 76 24 23 160 172 79 148 181 12 50 17 194 15 123 44 126 60 49 161 87 22 62 209 101 62 144 117 58 149 30 99 81 110 126 56 
29 123 124 191 203 159 37 201 130 92 29 37 33 54 78 162 27 176 27 123 47 93 44 34 186 202 42 40 17 26 181 163 193 129 75 138 90 133 132 101 76 194 148 152 96 150 177 57 10 69 150 48 150 141 63 87 176 91 150 114 120 80 182 65 54 87 165 91 27 16 183 126 96 194 64 92 26 180 10 207 127 133 33 49 106 108 147 141 165 34 124 138 31 208 72 121 84 27 58 149 53 135 93 27 199 122 65 154 160 56 33 140 71 200 106 117 140 84 158 164 64 150 202 88 181 66 181 100 105 79 90 158 208 138 151 61 168 180 143 25 97 106 117 95 188 198 75 165 34 172 209 35 65 88 161 27 171 22 91 146 183 73 101 31 124 16 133 59 203 103 90 114 197 42 191 185 197 55 114 96 39 156 172 139 104 62 113 11 56 196 107 138 62 203 130 31 194 115 167 126 
113 18 201 124 180 56 200 98 34 99 31 39 192 204 135 67 198 153 138 121 188 20 85 69 28 28 58 15 209 26 37 110 17 159 13 112 199 156 141 56 140 122 108 146 199 132 106 188 106 177 156 93 15 46 33 202 115 108 165 30 50 157 142 162 147 21 94 93 165 135 137 198 106 117 128 24 155 108 12 205 197 79 54 54 146 138 47 74 202 66 203 149 164 132 140 10 80 132 84 109 183 63 59 98 165 106 42 42 21 44 70 103 21 201 57 125 52 177 142 164 146 160 28 99 23 23 69 24 70 188 127 21 19 197 98 37 27 147 75 55 83 204 80 201 172 57 125 146 197 193 55 25 178 13 127 65 27 151 58 41 120 13 198 119 139 42 167 70 150 94 51 80 24 68 162 197 122 85 58 83 174 100 106 16 178 113 198 191 41 186 154 16 35 167 51 179 199 84 130 29 
70 69 34 52 153 165 92 56 21 31 120 27 38 56 71 106 138 13 135 44 56 113 127 67 209 42 68 104 149 93 139 20 97 158 87 68 208 69 29 92 63 133 182 192 173 207 110 135 59 199 107 49 88 37 127 194 41 158 137 87 71 20 97 185 25 115 179 16 124 141 22 121 55 65 86 83 188 144 206 150 20 56 50 85 154 204 195 166 75 107 20 112 140 96 198 108 21 155 119 71 93 190 135 134 150 130 206 27 122 74 24 208 182 168 203 193 93 184 27 31 104 10 76 50 93 139 184 118 166 30 208 33 140 206 56 164 107 168 191 145 143 23 20 204 143 120 112 68 177 23 167 204 127 185 136 101 193 148 120 47 19 188 129 127 80 95 193 83 102 147 120 180 180 30 202 11 89 190 119 31 71 187 183 14 193 154 169 122 32 35 21 102 148 77 129 105 193 80 170 170 
120 35 51 165 55 15 162 36 44 28 209 26 166 186 26 60 156 131 111 89 67 96 161 163 105 177 191 102 119 128 66 113 191 168 134 59 155 50 180 200 110 80 165 20 118 118 169 151 90 70 138 73 176 11 26 88 147 136 36 151 27 97 114 105 125 178 67 143 189 87 23 95 73 92 181 206 176 126 204 198 138 153 57 203 74 140 162 170 113 130 120 172 181 154 34 50 74 97 39 57 103 62 76 152 156 207 112 199 83 170 179 194 197 94 86 126 30 91 63 180 52 103 139 108 203 115 130 123 69 189 53 96 128 191 115 11 200 168 85 40 111 26 22 67 66 140 39 155 78 192 114 196 90 199 21 95 47 148 161 173 86 87 76 181 32 75 196 122 20 153 101 24 60 150 20 152 97 139 101 186 113 115 114 66 102 27 165 126 96 69 73 23 45 149 179 23 72 128 166 202 
112 169 128 208 27 118 79 161 147 67 32 42 23 117 89 151 69 25 109 185 23 174 128 138 115 40 204 191 135 183 91 118 181 88 101 135 67 18 189 112 191 35 55 203 161 204 45 115 121 203 59 143 98 79 79 158 71 185 61 76 102 185 121 68 178 150 30 142 165 154 127 162 141 190 100 142 38 130 79 165 97 95 56 33 123 112 30 58 201 142 62 95 51 196 97 164 199 27 25 157 199 47 156 146 61 169 101 187 94 165 71 14 181 143 179 142 122 18 172 95 106 73 129 120 152 194 43 23 116 23 199 59 180 199 198 134 56 149 123 153 34 95 125 149 205 113 78 151 118 155 115 92 97 65 13 118 173 73 102 69 50 106 104 193 105 27 19 142 77 170 142 121 185 86 192 131 42 111 103 196 159 36 89 18 198 141 137 73 72 43 108 133 96 45 92 22 176 68 12 123 
84 168 198 155 107 124 50 31 44 136 111 68 125 118 79 80 42 191 62 34 107 127 75 55 30 174 187 35 48 136 185 173 54 152 34 46 153 208 57 122 41 188 126 120 153 208 21 95 75 102 116 169 93 133 44 181 37 126 148 79 209 97 202 27 202 56 68 74 170 18 62 156 11 67 76 191 178 161 171 118 124 194 67 38 111 148 103 165 116 134 104 123 108 197 47 62 193 49 114 80 134 186 97 156 137 37 25 49 96 51 104 78 186 83 50 23 200 14 164 199 43 92 55 95 119 166 87 93 201 100 29 160 149 56 49 187 20 162 172 184 163 197 117 47 79 89 138 135 128 82 154 20 203 34 137 146 117 51 147 113 44 175 68 97 48 92 128 120 203 170 190 106 132 70 26 168 26 28 172 204 23 56 195 203 131 118 21 52 163 44 67 17 89 76 161 172 158 102 156 68 
38 157 119 55 83 88 167 162 164 116 166 86 46 121 117 197 35 42 149 111 187 57 111 14 209 98 202 184 200 182 182 150 93 51 103 24 22 186 196 84 107 66 32 95 148 11 81 26 172 197 167 80 44 146 127 48 27 73 193 158 125 172 70 127 145 76 54 133 119 180 185 103 49 92 92 132 42 143 127 121 173 143 124 74 151 87 82 206 71 96 36 110 77 96 108 166 17 193 155 189 173 102 165 58 94 139 64 128 38 13 118 51 150 72 68 163 19 104 34 48 54 65 171 47 128 195 167 108 141 24 160 160 209 200 49 198 56 88 174 32 106 206 135 63 159 72 191 107 88 69 21 176 31 171 40 65 15 123 72 105 30 59 123 104 81 106 173 10 97 177 84 55 78 16 51 142 201 167 180 195 126 70 172 131 66 142 58 86 97 186 135 76 107 120 205 98 103 197 57 23 
89 88 123 195 112 189 16 16 123 77 165 203 30 43 134 164 103 170 104 19 166 70 156 54 172 129 101 153 187 135 109 141 182 91 90 108 98 19 39 116 14 58 40 162 55 109 77 129 135 112 131 35 143 177 151 206 74 172 77 59 204 129 56 171 170 196 27 43 20 84 183 18 209 94 110 65 89 34 183 58 25 158 195 59 171 57 160 181 68 67 67 72 186 108 11 34 61 42 36 72 84 174 130 171 188 137 206 159 45 203 197 120 54 165 87 110 26 80 38 163 90 133 176 201 61 78 174 153 69 133 62 122 100 67 78 31 143 139 74 85 98 49 143 163 12 85 137 58 12 93 130 143 188 186 180 182 54 65 201 25 28 172 185 146 67 186 116 125 43 149 152 170 184 186 69 170 133 207 207 71 194 128 68 121 155 42 55 70 12 139 28 26 209 65 21 55 114 35 52 126 
103 181 89 135 104 80 207 102 65 81 98 102 132 65 68 106 127 181 17 50 15 190 151 67 165 179 89 114 64 70 78 10 83 85 165 124 113 10 76 158 30 29 50 199 176 168 66 178 150 19 49 25 71 57 113 100 127 82 79 50 69 27 73 128 152 171 36 72 35 136 117 147 166 97 135 129 112 13 21 160 154 68 40 28 149 123 115 190 135 206 181 176 74 194 206 40 93 153 54 203 119 137 154 148 121 71 65 189 115 96 206 45 74 104 78 178 144 126 141 169 77 152 92 100 53 139 198 11 98 142 178 134 76 207 99 18 85 30 151 194 25 193 21 72 126 207 91 20 81 49 199 148 18 182 76 117 144 46 150 81 208 145 106 105 42 153 152 21 164 189 10 121 107 128 146 50 207 17 175 122 47 60 144 176 165 193 36 148 11 115 25 65 38 76 100 148 153 135 96 124 
205 62 98 202 24 77 85 131 20 47 97 11 154 207 58 76 174 82 110 136 45 27 102 84 148 206 128 13 170 57 205 71 201 160 103 92 65 129 93 106 182 199 26 168 114 122 203 113 78 143 104 50 166 180 12 33 146 111 128 183 84 143 101 184 159 59 17 71 180 122 12 39 123 83 203 136 128 118 164 159 20 169 163 49 22 88 140 81 49 127 43 24 144 66 97 84 159 71 135 13 83 178 104 139 181 169 201 44 131 89 45 157 120 153 135 182 158 45 126 203 152 94 48 65 164 176 56 38 129 36 26 43 14 199 50 150 75 163 135 147 148 148 205 196 115 54 203 57 77 197 26 153 64 116 24 153 50 10 196 20 78 130 122 148 139 107 17 95 134 199 52 158 33 23 54 67 148 95 89 137 179 102 120 152 168 129 155 64 74 89 187 142 53 26 63 101 92 100 31 167 
101 15 103 181 36 123 54 139 75 198 15 110 25 106 39 34 128 134 161 64 131 43 86 125 151 162 25 41 65 196 194 70 192 178 145 207 37 38 190 19 65 186 142 90 37 64 33 103 152 65 97 207 12 90 69 33 178 75 184 54 40 162 203 11 40 88 202 188 106 10 198 124 29 179 198 42 66 183 172 206 193 155 125 173 72 28 168 33 120 38 155 156 35 110 106 174 52 177 202 165 13 61 102 173 159 97 183 65 189 121 81 96 50 37 139 131 124 171 31 102 41 17 91 52 57 207 135 184 148 77 208 106 118 65 109 167 55 92 200 205 48 181 103 100 163 173 140 176 114 149 161 55 179 149 144 206 147 63 10 137 160 84 190 130 11 173 84 106 134 180 155 70 10 19 168 155 189 61 96 61 10 140 79 53 88 67 138 137 200 109 106 72 33 94 82 86 78 57 43 37 
51 113 190 61 172 35 194 69 23 196 46 58 178 207 97 23 168 138 168 54 112 154 81 70 86 203 93 110 166 100 154 176 79 171 50 66 125 117 182 57 145 137 32 102 148 190 175 174 57 57 164 61 203 124 149 114 152 171 167 65 116 40 105 85 64 170 151 164 21 98 124 176 44 182 132 114 39 49 129 50 45 58 92 12 26 28 142 133 141 158 184 199 63 124 40 194 32 190 108 59 140 192 60 89 182 186 195 77 36 160 94 138 163 36 89 94 156 58 14 95 143 189 191 25 39 152 150 79 55 144 147 81 59 168 86 69 42 109 205 160 18 11 24 166 188 119 27 177 33 119 68 207 126 86 77 143 204 205 20 85 180 206 90 44 81 138 185 27 109 39 50 27 89 42 61 168 207 35 49 158 26 33 31 85 65 75 130 40 143 113 50 203 71 26 98 92 70 199 126 84 
121 168 153 61 185 173 166 85 188 176 69 60 30 137 48 19 120 74 110 133 39 189 160 26 96 106 35 26 155 197 197 63 21 48 43 174 203 45 186 168 139 102 101 91 101 88 151 38 91 109 145 126 37 193 126 26 39 128 68 101 55 126 38 133 34 167 16 32 166 72 155 39 53 37 98 157 160 85 92 81 122 162 35 81 39 38 107 10 165 27 135 198 186 97 113 102 94 45 40 192 26 191 95 194 161 205 180 16 86 79 206 58 142 155 179 185 79 114 16 131 178 10 42 157 61 101 101 185 83 34 19 169 64 187 111 138 176 127 75 116 87 72 87 153 151 71 18 148 53 30 189 180 28 119 166 137 183 148 171 103 25 151 57 136 55 90 163 151 120 57 142 66 100 47 45 95 27 94 160 171 47 179 10 54 13 121 187 59 88 93 75 87 55 178 65 56 103 86 99 16 
131 116 47 65 156 100 209 116 100 40 149 45 183 64 55 161 172 152 153 66 136 176 189 74 21 196 156 15 105 101 119 62 121 57 156 67 47 78 98 23 169 189 64 51 69 140 148 180 58 84 152 159 152 85 73 207 51 190 178 189 188 185 206 152 80 30 142 117 61 79 82 96 187 189 59 164 47 81 168 31 134 181 103 162 87 92 207 71 114 134 19 115 72 65 169 31 178 21 44 185 47 14 16 193 208 152 52 145 119 38 148 75 176 11 135 90 54 181 22 58 56 78 199 185 174 85 64 10 63 76 40 167 148 43 179 207 75 22 68 17 180 147 40 48 136 174 208 15 60 88 207 135 144 165 77 46 204 205 107 114 125 13 176 47 37 143 132 109 201 79 35 189 191 24 84 125 47 198 122 34 41 197 34 174 143 138 14 107 101 33 194 71 38 111 69 64 113 72 91 209 
148 164 112 197 135 205 135 123 84 84 44 35 61 108 95 25 207 39 10 63 198 129 108 184 81 50 40 18 104 71 191 91 155 19 205 168 28 202 43 97 167 190 112 161 81 70 69 205 95 43 33 171 25 165 59 29 15 142 110 134 66 164 58 180 70 117 144 182 78 183 102 80 129 46 68 13 84 113 190 181 48 190 187 207 69 197 101 128 111 163 106 124 184 56 130 76 158 99 106 17 190 60 65 144 49 146 89 119 22 118 40 150 49 152 111 74 51 129 179 102 153 25 90 91 137 33 104 50 90 203 131 135 195 129 36 32 79 148 55 157 136 14 60 59 194 169 151 132 113 81 92 186 133 168 96 100 165 201 196 183 18 135 99 56 22 102 38 65 156 178 86 74 65 143 42 90 123 209 153 198 33 158 122 186 92 200 90 166 37 110 38 162 39 62 25 29 21 172 17 202 
55 126 165 28 73 35 161 36 189 177 102 80 179 142 75 14 181 129 113 66 184 162 53 116 192 55 95 21 146 81 67 11 200 47 117 44 57 97 51 192 87 39 150 41 13 202 72 159 161 59 204 135 62 76 115 12 165 180 163 193 141 23 141 134 160 164 70 33 72 120 94 166 194 196 120 106 161 187 25 149 38 95 45 62 128 148 86 27 86 140 54 97 76 36 175 153 46 31 152 196 134 146 163 104 60 16 173 19 79 127 30 119 167 107 146 63 124 193 111 113 132 31 128 172 121 10 57 156 82 167 131 196 156 198 114 59 119 196 38 51 77 72 103 14 73 33 28 209 165 77 158 189 190 85 184 19 204 151 98 72 172 124 175 114 176 12 123 26 179 134 81 194 101 117 147 49 134 71 11 28 152 79 114 24 93 134 24 125 147 13 27 141 61 86 155 93 165 76 21 107 
126 128 102 169 23 174 83 81 100 23 119 10 119 159 53 153 80 138 150 139 72 99 92 106 108 205 48 30 184 94 26 174 194 137 143 184 105 170 23 109 206 87 112 128 57 197 133 25 175 161 35 164 122 161 165 151 50 194 166 149 91 50 104 180 159 24 178 70 45 83 127 38 89 97 53 153 191 50 35 23 42 195 191 161 74 167 198 70 134 67 125 129 173 112 48 181 43 15 153 84 162 104 11 116 207 148 143 75 167 60 191 76 194 201 97 82 31 133 135 29 120 73 109 75 142 97 66 72 112 69 114 41 41 209 42 126 24 72 118 110 67 52 121 119 86 137 203 102 121 91 135 100 112 188 37 178 143 67 85 94 77 10 14 78 192 118 110 164 114 60 186 131 163 66 96 25 150 92 195 190 72 57 15 132 127 61 38 159 143 207 91 190 163 30 172 123 26 207 21 31 
103 10 187 202 53 191 109 10 99 59 130 33 37 159 175 180 156 98 136 193 111 78 50 81 201 17 182 63 172 197 72 135 86 81 200 42 203 97 104 97 124 156 32 48 199 45 71 205 207 77 163 145 101 126 51 159 39 91 202 106 96 22 174 60 144 98 10 132 37 138 81 151 57 41 165 138 135 76 175 111 129 172 87 207 107 113 70 191 165 76 65 53 53 203 97 61 163 51 33 71 137 16 24 107 147 65 192 168 147 194 182 41 17 57 43 26 209 181 98 17 84 20 203 96 131 109 159 34 81 197 93 188 185 117 205 110 49 179 51 154 37 192 205 180 143 139 40 138 149 156 121 54 107 179 152 114 43 122 169 20 74 192 14 130 157 72 47 47 67 105 12 143 101 47 44 183 59 122 87 40 137 181 137 158 58 202 119 148 132 76 87 27 165 124 91 74 187 33 127 175 
82 122 116 199 57 181 187 51 94 110 62 52 204 112 99 56 10 71 82 61 198 185 25 110 90 146 22 84 141 127 77 30 85 182 75 116 27 36 106 56 23 206 117 150 79 21 151 53 42 35 119 38 42 83 151 125 129 144 141 47 146 140 113 51 12 165 104 75 155 131 161 45 31 12 70 100 153 195 85 61 147 143 79 191 23 144 48 10 107 104 153 43 155 199 107 151 79 119 85 183 79 137 63 170 181 64 143 129 10 108 12 63 27 106 114 87 61 202 157 203 191 40 130 42 15 48 114 121 47 188 208 101 137 208 13 128 81 192 129 83 162 112 69 51 100 203 47 87 173 32 38 120 197 170 151 137 206 15 143 122 51 52 194 152 24 47 163 119 51 197 124 34 186 173 41 58 125 180 104 70 101 194 35 114 117 109 130 115 64 76 26 57 76 87 171 14 133 70 17 86 
124 175 192 48 49 76 166 60 207 12 179 45 88 64 180 185 88 137 81 14 158 24 11 103 80 38 202 87 47 45 102 78 107 190 101 10 184 189 36 200 97 74 169 75 163 66 192 132 158 133 125 202 15 33 34 12 137 143 121 165 150 52 28 86 57 107 122 99 45 192 101 135 155 144 10 81 56 40 209 67 21 43 54 200 91 24 182 175 199 179 30 29 50 59 193 207 36 116 32 80 58 118 23 160 54 125 174 174 190 42 21 143 15 146 123 192 203 206 201 56 24 19 202 121 84 10 182 113 158 115 39 116 135 45 187 44 176 25 100 59 149 176 141 184 155 82 198 145 198 129 49 96 22 165 45 73 83 201 67 115 111 126 191 21 18 103 201 162 156 116 133 128 182 131 32 190 138 27 77 156 116 35 111 143 177 59 207 173 176 145 71 133 93 143 40 35 181 202 121 67 
127 166 154 196 192 73 144 32 66 157 161 208 126 170 18 148 15 36 167 132 49 168 204 97 50 156 105 23 56 104 91 183 147 80 145 72 52 155 83 190 93 145 90 14 91 208 28 208 82 63 47 118 120 79 64 68 205 87 44 73 169 16 110 173 175 24 26 187 56 146 170 121 147 61 104 37 203 196 179 91 194 110 165 28 133 71 100 193 127 159 15 96 178 97 196 78 155 167 23 198 30 92 117 153 67 178 50 70 15 133 168 140 149 144 114 78 126 150 184 150 127 92 115 29 98 21 19 177 72 142 126 16 62 195 20 53 37 33 73 161 174 101 75 203 189 29 189 43 69 206 204 163 61 38 111 63 42 11 36 55 125 147 32 178 198 165 95 197 89 160 62 181 56 131 132 73 33 197 120 188 122 110 103 129 202 149 205 119 17 171 190 175 122 79 141 180 184 36 45 171 
64 129 198 27 134 103 195 46 82 144 209 168 75 117 10 152 92 145 203 36 23 21 147 106 184 35 21 205 187 151 191 165 81 106 44 50 70 177 167 129 142 134 26 32 114 197 109 143 61 106 146 79 125 65 153 88 110 78 112 94 176 70 77 75 36 125 191 195 194 97 178 99 104 95 177 115 86 69 200 118 109 16 114 104 145 87 81 104 76 199 21 14 110 137 199 142 74 49 70 197 194 23 106 43 133 155 206 114 32 133 107 207 51 155 123 190 37 55 19 10 171 96 93 190 45 112 37 77 145 109 114 113 85 132 183 122 39 139 195 45 87 205 38 71 47 172 189 10 17 153 143 72 162 192 145 165 198 35 126 202 52 203 59 126 147 46 163 104 77 37 191 19 83 53 120 89 33 177 135 155 156 46 149 127 193 111 126 180 79 162 124 42 168 90 113 77 84 38 85 196 
183 10 81 69 12 189 202 171 194 147 50 178 94 12 52 154 152 45 191 162 130 133 69 199 15 34 84 94 33 133 172 46 134 179 122 50 163 77 84 141 89 163 30 22 95 53 21 71 176 114 99 32 119 36 122 49 128 91 51 200 121 97 105 80 153 198 138 11 15 166 190 160 190 63 107 152 120 175 144 70 176 142 209 198 173 175 98 208 116 189 96 204 172 188 148 191 40 125 193 191 80 46 24 132 114 25 145 192 88 12 197 88 209 49 18 27 52 103 167 130 201 152 73 177 139 140 85 86 12 111 118 119 95 62 49 32 156 56 183 189 151 202 140 165 10 19 94 176 172 18 111 114 186 36 135 176 101 203 155 42 156 139 114 146 27 143 10 45 188 59 95 47 117 107 20 148 59 172 141 28 150 41 107 198 180 130 73 120 34 80 16 78 176 99 22 17 205 127 76 162 
163 108 55 32 27 102 174 62 180 93 30 88 193 37 115 159 177 88 153 82 75 50 178 152 152 70 48 100 115 40 164 48 207 42 144 157 49 42 155 66 78 196 139 51 37 20 47 116 208 31 101 94 87 115 138 64 77 36 136 18 111 88 149 111 131 61 146 137 77 169 168 33 200 131 146 206 115 56 103 29 121 112 54 11 62 186 48 24 54 45 136 188 104 25 158 94 84 101 12 138 33 202 176 106 170 144 68 161 18 24 202 132 109 81 116 178 56 159 75 109 164 177 62 49 167 90 134 53 132 130 199 48 204 13 58 70 29 117 57 187 202 84 17 31 171 156 95 98 150 114 13 177 134 144 172 130 203 34 46 149 82 180 132 20 135 154 13 84 88 192 168 172 115 115 140 142 91 152 198 100 55 11 36 156 68 58 120 87 140 195 78 150 54 19 73 158 200 161 162 182 
11 51 195 70 102 111 51 154 126 84 11 199 44 26 73 150 14 31 66 95 139 188 102 31 81 144 118 157 138 51 177 201 167 101 64 150 34 47 46 194 114 34 12 172 147 184 108 101 69 72 108 90 183 149 109 209 170 49 173 105 42 190 18 23 107 117 40 79 112 147 12 136 170 113 122 18 94 59 76 28 104 187 180 33 120 158 45 75 10 199 140 148 74 59 196 104 159 77 59 143 31 83 55 153 187 201 133 26 109 76 67 121 135 185 116 140 94 47 108 126 199 155 61 52 185 59 113 172 195 52 24 86 47 47 29 31 103 42 68 76 175 172 55 149 91 107 90 50 42 65 83 66 115 75 46 177 159 100 183 161 200 114 145 13 144 176 15 130 69 44 25 39 36 201 137 47 179 55 111 28 27 170 74 142 14 89 175 172 205 111 47 82 69 103 196 116 203 156 108 82 
110 151 202 44 36 101 193 64 183 103 122 161 145 43 136 138 126 51 202 76 194 173 97 53 11 155 26 146 63 156 62 157 201 203 168 42 208 190 159 55 168 154 77 130 117 44 183 16 101 187 78 122 126 77 44 130 40 207 51 208 60 129 11 206 158 72 27 10 182 70 154 13 205 175 190 39 126 150 77 109 91 120 26 30 194 30 18 147 191 25 159 69 59 41 149 115 109 167 123 147 185 123 188 73 14 168 150 111 149 183 35 60 166 138 207 47 21 162 137 205 37 178 206 18 51 110 113 45 95 190 199 78 102 151 187 12 28 100 117 98 192 153 193 115 104 160 117 206 191 208 106 123 196 67 151 166 156 30 106 99 35 78 137 51 47 201 200 14 86 171 83 178 89 82 143 130 96 108 156 202 16 128 181 50 35 154 91 18 23 187 175 53 57 168 55 137 163 169 59 102 
108 77 48 12 103 108 124 138 79 133 59 20 169 58 106 149 194 105 58 102 59 107 55 125 138 26 106 65 123 167 51 172 94 82 11 59 91 86 201 139 163 19 100 100 185 86 144 154 162 182 188 201 104 136 35 137 29 54 114 122 190 27 18 66 21 50 77 196 204 152 191 180 111 182 85 73 161 180 113 41 170 83 185 123 191 137 28 121 194 50 174 85 124 189 150 93 208 141 86 98 122 57 27 45 56 39 63 195 120 28 115 91 130 198 160 69 111 118 191 150 42 48 15 89 181 181 128 176 56 83 182 123 54 171 32 160 48 204 145 147 182 94 39 64 194 25 122 95 56 103 175 103 60 143 38 159 178 179 152 105 107 37 77 23 166 109 149 90 78 22 53 33 27 130 61 87 131 187 55 17 106 36 82 166 48 31 113 143 26 40 174 184 51 57 154 208 61 103 137 46 
18 174 105 44 32 169 44 33 53 76 143 201 110 173 34 200 46 176 144 48 198 202 65 86 56 104 135 11 160 202 13 170 85 202 95 69 132 89 70 181 46 148 74 146 171 18 37 39 79 170 109 170 28 122 186 195 32 35 106 122 153 36 177 54 70 19 117 148 159 187 41 116 48 27 103 170 26 195 52 27 178 173 55 198 78 73 114 198 37 168 196 189 87 150 117 91 13 34 100 79 42 112 78 198 34 33 128 50 170 73 94 44 56 145 61 76 108 37 14 160 207 129 164 84 106 72 73 153 131 54 11 89 132 54 189 194 164 86 43 185 27 170 165 112 32 142 80 107 132 88 105 152 84 101 44 134 83 147 140 15 151 86 188 24 181 127 37 112 39 74 49 167 149 55 151 66 42 188 136 148 168 73 58 119 62 35 138 27 49 133 31 62 81 204 205 21 198 154 136 33 
106 181 17 78 185 113 158 72 198 139 52 119 87 95 96 44 109 53 183 140 132 71 147 117 138 79 71 143 190 143 52 13 22 24 53 187 174 142 47 179 189 116 158 91 162 68 164 88 39 170 155 41 189 122 173 13 17 15 34 175 157 85 106 115 57 153 99 161 20 24 197 202 118 205 116 96 56 159 126 51 78 34 198 153 35 21 16 157 126 116 174 28 28 54 74 76 61 50 69 150 156 189 143 37 65 159 95 191 161 80 166 140 129 93 160 125 86 159 171 94 17 14 178 103 25 137 148 207 90 161 145 66 140 87 68 150 87 163 199 120 134 95 188 36 73 195 24 164 79 106 13 144 155 13 104 23 103 38 175 125 182 200 79 78 95 109 13 115 87 168 36 154 85 180 47 194 36 52 111 199 117 117 111 170 147 145 174 37 203 109 20 158 187 13 161 178 202 167 139 12 
152 -4 125 61 40 6 95 86 99 151 20 92 71 -1 -8 148 89 -15 60 160 78 61 115 144 8 153 124 -12 46 164 162 73 29 115 27 42 14 -1 46 129 96 86 129 6 184 122 10 135 93 111 44 137 113 128 12 142 29 13 180 167 116 -10 -1 43 92 11 70 81 152 126 123 43 25 41 141 84 181 93 99 59 112 98 36 64 147 86 46 38 11 176 134 -15 156 12 111 3 125 132 38 10 149 28 30 179 62 158 23 117 113 96 5 7 2 75 6 52 5 181 99 57 49 49 155 131 125 38 4 126 120 21 123 52 93 159 54 130 87 111 145 90 153 27 -10 12 26 0 96 70 142 78 65 -10 16 42 114 117 47 -12 132 166 118 -8 149 119 169 128 5 160 133 106 113 42 39 166 175 146 128 171 51 141 39 58 33 110 127 26 85 78 74 102 176 147 166 52 179 84 24 88 177 108 
103 81 168 38 170 145 96 152 164 42 151 18 38 183 76 -8 46 105 146 174 151 132 31 37 -7 145 46 75 162 141 -13 55 149 42 157 165 138 172 176 118 166 143 179 5 77 31 47 53 13 184 178 55 85 183 51 138 70 144 119 43 56 41 66 88 136 -9 162 104 0 144 129 38 15 161 57 101 91 160 61 85 13 165 29 62 180 37 170 101 181 23 35 165 65 123 40 136 135 30 101 22 171 67 81 109 -1 87 7 26 73 116 148 151 77 49 155 94 165 63 46 180 22 87 37 9 117 34 147 -1 34 129 95 16 -5 135 -15 78 52 75 -10 93 110 154 126 124 14 4 43 172 167 110 156 167 34 40 36 62 165 144 117 -12 129 151 104 134 81 154 177 55 120 180 102 38 122 82 65 51 6 31 23 43 170 176 63 168 0 -13 79 140 88 132 59 119 -3 32 88 119 92 14 81 32 
-6 122 175 -11 54 124 -10 53 55 -8 21 177 23 175 150 156 152 62 151 116 30 30 112 49 157 68 111 68 92 153 104 138 11 85 112 -8 177 16 44 121 169 121 38 166 37 138 152 150 163 3 140 54 95 182 27 10 74 123 140 172 106 93 143 76 82 53 -13 26 -5 46 157 160 34 144 42 131 116 41 126 139 152 72 70 169 116 84 11 105 123 93 80 144 117 169 15 128 167 10 6 121 68 150 111 10 84 95 72 112 157 147 49 22 151 39 100 110 52 80 90 183 128 106 171 88 173 69 53 139 34 4 50 133 125 80 179 54 94 -3 170 76 23 98 46 5 169 135 64 140 160 130 78 27 -15 123 157 163 115 57 116 40 100 51 -1 176 181 36 113 116 121 145 182 80 2 21 168 0 93 87 56 -12 54 42 39 166 7 70 118 57 45 85 43 28 124 64 172 151 85 170 -7 126 
-4 165 -11 35 110 156 117 160 19 97 85 102 81 41 95 0 49 172 69 11 62 -15 129 178 42 153 59 -11 179 178 11 89 -1 48 175 182 92 127 47 13 27 156 119 153 78 165 149 72 79 86 163 -7 123 37 23 136 71 0 114 71 33 77 118 16 19 18 28 49 123 38 100 126 70 -8 37 5 15 71 128 62 106 2 24 58 150 41 93 158 138 11 34 176 79 161 115 161 55 163 139 19 36 114 69 76 147 133 -15 148 -13 64 9 27 89 42 44 23 158 173 27 173 115 164 115 70 43 144 58 116 -13 139 101 4 61 121 169 142 171 3 177 91 18 94 -8 -1 -4 60 119 23 123 162 97 117 19 33 125 73 47 152 -13 82 39 98 115 37 88 180 34 117 -3 26 166 37 93 35 61 146 172 10 113 155 86 86 -2 133 9 28 167 170 107 163 -2 99 180 128 42 110 37 60 118 97 
57 -5 8 79 59 133 119 114 8 43 161 107 110 2 43 38 61 84 82 97 133 136 106 150 89 46 157 70 -13 143 63 153 -1 28 159 100 124 126 128 122 40 110 136 54 91 55 169 23 160 8 78 149 -1 78 176 155 158 170 131 22 82 31 90 61 112 14 82 74 -8 61 94 128 117 -3 46 -4 118 99 157 121 65 106 171 47 136 15 65 148 124 149 139 30 122 170 18 111 131 42 75 65 -8 170 50 100 94 183 35 127 174 176 50 171 152 145 9 -2 9 18 178 95 34 0 30 13 75 26 78 92 168 94 72 130 19 133 180 143 11 52 150 92 107 141 175 86 173 61 144 139 73 175 110 108 112 33 52 83 166 109 21 7 16 92 178 13 -6 46 19 9 180 116 177 134 22 129 75 154 -7 22 31 93 80 158 140 140 -1 66 157 73 83 117 56 93 178 18 64 -15 164 21 25 81 
130 55 2 83 54 62 151 134 51 60 31 141 142 151 35 14 174 41 1 143 40 161 40 137 166 154 12 39 73 18 108 -8 132 13 114 155 35 75 123 163 36 176 72 91 68 90 148 163 165 104 7 76 151 33 18 89 173 83 164 126 -7 181 -3 77 67 103 9 167 53 152 127 16 179 64 18 70 -7 127 119 163 45 -2 40 177 151 109 57 181 38 116 74 55 157 134 108 113 29 131 183 151 29 125 122 142 120 157 4 135 182 127 140 93 29 99 164 77 177 45 140 182 73 103 92 26 28 53 176 52 92 106 67 66 146 146 22 132 83 151 104 93 26 72 122 106 77 46 179 97 -12 17 106 4 7 155 74 126 95 27 59 117 72 5 166 96 77 143 89 83 165 39 156 49 13 59 67 33 -2 81 157 116 8 113 148 30 142 80 150 3 140 126 163 109 63 98 152 115 93 132 108 35 
45 115 105 26 23 137 125 75 6 11 105 135 -11 37 74 53 65 -10 78 163 45 8 -15 131 107 59 1 120 -6 41 151 131 11 173 -1 9 33 0 33 144 -1 173 169 50 76 78 84 104 101 61 28 131 82 39 173 -1 156 158 25 66 4 183 41 91 128 36 22 38 50 26 119 87 -15 37 27 108 44 170 -7 24 156 165 -2 62 153 109 127 67 168 -3 40 -1 148 148 124 77 43 127 93 8 170 141 158 96 115 172 96 86 93 130 106 61 13 110 29 129 124 16 70 29 89 47 29 55 73 81 94 86 12 104 37 175 89 155 184 4 117 114 64 79 24 95 48 166 136 169 128 135 51 178 76 21 102 75 49 27 91 175 136 97 35 22 47 53 96 59 179 83 167 95 -14 112 92 79 161 3 -2 12 41 70 52 162 39 84 40 147 92 35 75 68 -14 155 25 1 184 7 175 93 80 12 
154 52 23 96 -15 148 173 174 150 8 14 46 145 80 72 170 142 30 150 150 -8 18 68 151 173 160 51 136 36 80 47 112 5 79 72 136 152 148 70 -12 88 30 0 73 105 132 143 134 64 20 22 173 138 96 157 115 48 85 15 86 89 126 88 143 64 10 131 -8 168 177 -14 96 -11 108 119 108 69 62 171 8 135 149 78 159 2 -11 150 15 97 96 147 65 133 150 66 40 52 139 0 47 137 114 179 87 36 12 -5 9 36 166 -2 98 33 113 84 21 71 35 64 101 144 71 -8 74 65 88 167 11 168 -4 121 46 60 151 23 -4 61 141 156 16 166 20 182 49 112 40 49 -2 89 -15 96 18 93 -5 94 33 75 61 157 73 -12 76 69 52 95 32 46 157 73 158 97 1 147 120 4 48 140 91 117 51 32 39 41 129 25 116 101 157 118 99 61 18 1 138 155 58 133 117 98 -14 
159 97 19 50 164 170 128 21 124 56 167 164 37 149 170 -1 67 114 133 182 71 155 55 5 174 8 60 7 123 46 114 68 151 85 26 118 160 98 42 136 56 96 17 80 167 179 146 103 156 134 77 102 80 125 34 43 83 77 136 108 11 75 181 99 26 50 22 107 175 177 17 34 0 36 -15 32 183 145 18 87 106 54 22 3 80 -6 48 75 152 169 70 152 36 44 108 110 70 88 119 82 178 93 78 99 5 130 160 43 36 143 18 39 79 52 32 93 135 88 63 22 182 172 120 28 -1 9 23 14 118 -9 28 130 96 120 106 -14 158 100 102 130 110 118 2 56 115 102 171 5 174 121 136 107 84 142 180 144 162 170 6 122 47 151 30 163 153 176 162 24 27 168 75 60 181 100 178 74 28 14 71 162 84 19 75 67 51 -1 115 67 151 184 24 27 179 -8 13 151 70 31 1 52 
93 88 6 34 -14 130 105 68 116 26 3 13 113 128 7 110 50 63 157 22 118 49 -2 25 49 138 65 52 126 35 126 47 179 11 169 67 28 137 64 23 114 180 41 94 6 38 182 115 -7 151 10 56 109 118 137 -13 1 45 10 114 161 -10 160 128 -11 120 66 73 131 127 56 130 79 147 127 36 170 127 166 139 40 181 146 42 166 88 31 25 60 34 144 82 80 111 16 88 67 1 106 49 120 126 -2 22 2 31 142 56 37 82 112 45 160 2 76 43 -7 109 160 125 -7 23 162 52 114 30 158 127 142 69 65 -11 178 4 133 170 59 168 101 65 103 111 -4 170 168 31 113 12 -12 79 126 44 80 134 169 111 87 27 2 84 149 172 126 141 -15 19 20 55 35 126 -10 96 25 134 178 57 88 114 105 93 9 109 79 -15 114 117 133 139 87 30 52 176 137 -10 107 144 46 74 170 -3 
160 73 -1 109 -14 23 169 27 161 -3 172 53 48 63 61 153 62 22 30 41 99 119 163 122 65 35 126 63 32 88 16 91 44 9 121 151 3 130 138 136 98 126 169 53 15 148 62 167 4 -1 67 9 98 54 80 -13 37 19 176 50 103 31 78 138 39 166 116 126 179 23 38 183 -5 79 122 140 24 62 162 177 69 130 62 -5 -11 179 131 138 37 87 49 16 19 54 60 113 176 8 16 67 -14 86 75 177 -11 -1 157 122 146 12 59 15 -8 94 29 6 139 150 68 88 58 181 40 65 101 -11 153 1 -1 0 157 126 120 87 105 -3 -2 62 75 129 150 22 72 18 21 139 121 42 108 111 91 52 139 174 119 54 60 52 39 57 60 36 42 14 142 75 178 132 17 108 76 15 -6 132 72 130 85 9 130 160 88 151 23 23 64 11 20 167 41 75 12 114 128 45 80 100 3 112 124 109 
115 145 32 92 105 -2 116 134 119 16 111 72 128 140 74 1 -6 -6 184 11 179 170 25 108 10 20 183 8 119 111 129 65 14 13 14 129 32 125 84 23 107 0 98 49 75 135 170 57 104 165 51 51 74 2 182 118 130 119 63 88 99 137 31 143 41 48 72 54 121 -1 72 28 177 73 153 -12 1 105 128 72 10 26 101 6 118 81 106 64 121 136 72 183 150 133 54 160 37 154 180 114 179 157 63 158 2 75 13 104 11 1 147 165 177 115 117 125 136 32 143 107 94 126 161 19 136 90 112 140 152 35 59 86 142 184 130 125 -3 78 150 110 32 126 85 1 76 167 117 144 7 136 123 47 105 80 124 21 18 122 67 82 84 59 60 33 43 78 162 16 -6 122 172 37 24 130 180 11 163 181 -13 54 43 79 127 92 91 152 119 132 19 84 137 91 9 26 9 180 137 25 69 127 
98 80 -10 78 107 12 130 140 -1 95 88 7 85 39 -5 56 -6 29 75 57 123 15 160 14 46 137 96 102 112 55 179 28 60 118 85 145 162 52 77 172 95 4 147 45 132 102 47 30 41 -1 -9 -13 75 141 -7 4 91 22 -14 40 49 82 78 92 145 109 178 45 -3 49 157 162 3 108 94 165 48 110 -6 76 133 46 173 107 113 165 179 -12 88 147 111 -14 59 136 100 74 -9 86 19 138 18 149 92 143 -13 103 31 26 122 150 133 130 184 154 123 24 176 175 16 135 -10 6 39 91 78 163 135 59 88 48 32 82 155 79 120 -14 -8 53 96 106 105 -10 145 74 -15 107 18 171 -11 139 118 53 164 97 10 131 107 122 93 82 163 130 147 82 103 152 35 36 105 118 127 141 45 181 131 89 40 153 170 4 146 177 158 93 18 179 31 172 136 125 166 181 129 30 58 77 118 158 115 180 
127 27 69 -4 182 61 182 169 30 141 27 34 166 90 56 175 176 179 16 3 -8 -4 140 36 169 43 134 89 81 74 161 179 64 170 1 119 53 77 73 146 82 149 109 134 129 60 124 101 103 91 11 107 56 143 14 32 51 0 111 134 39 124 124 1 110 108 141 21 89 -3 163 -4 165 90 135 63 44 152 122 4 110 138 168 18 106 -10 11 97 16 31 61 85 65 181 46 85 97 130 7 134 83 133 69 30 29 77 131 6 14 46 65 167 22 176 41 0 117 9 4 166 55 95 128 174 157 99 149 47 135 26 88 52 154 118 159 72 68 52 23 138 72 143 90 139 38 -3 157 6 121 88 89 48 64 152 55 120 13 151 146 112 82 86 112 116 118 94 153 115 154 57 75 28 176 17 53 115 102 153 139 12 183 164 114 -10 123 -6 -4 36 57 58 101 176 74 -4 39 105 119 126 59 31 
69 2 57 164 16 -2 26 61 174 100 -12 49 158 123 110 17 121 46 -3 89 39 19 102 110 53 78 68 9 94 23 4 -5 143 -7 104 -7 39 -3 73 154 55 54 168 77 135 166 166 -7 25 130 51 40 9 153 116 123 149 115 136 84 10 143 102 160 16 69 23 -13 158 37 105 105 -8 72 151 178 24 110 123 53 148 135 13 104 7 30 137 71 -7 58 180 139 27 63 151 13 70 70 23 75 12 128 27 138 42 32 8 -10 3 89 107 77 176 149 149 90 135 161 75 9 2 125 174 142 170 40 7 123 35 131 152 177 33 61 24 151 75 87 85 41 8 17 30 19 183 61 -15 62 91 113 27 73 -1 67 62 116 22 113 8 161 54 -10 58 69 118 140 37 77 5 86 60 20 69 92 126 68 145 53 26 107 170 168 177 168 88 28 94 46 127 137 49 8 144 182 28 149 122 21 93 -1 
160 75 14 70 148 60 81 27 -12 47 8 73 157 21 60 78 86 24 20 3 94 50 73 184 167 107 183 12 165 8 39 163 74 168 35 161 164 16 169 69 114 89 171 130 3 16 70 90 15 135 -6 116 90 171 81 16 134 166 84 72 -9 53 106 97 165 76 10 114 166 72 180 77 171 133 27 3 116 81 45 133 117 137 38 8 179 36 57 73 98 125 25 65 177 92 151 34 -7 110 165 147 33 52 26 137 117 58 55 79 168 25 -14 142 40 175 112 88 -15 29 9 162 -11 145 70 -7 58 109 110 14 28 48 162 36 69 68 173 113 90 143 104 164 128 174 173 30 111 -9 50 60 61 150 160 4 150 26 157 5 131 136 111 116 88 97 66 141 43 176 108 142 105 70 30 58 155 169 141 181 2 162 115 115 22 15 88 118 69 97 20 48 -14 -10 97 -3 100 1 45 84 145 16 166 168 
155 118 153 18 105 66 116 50 97 161 10 102 77 88 159 137 11 84 5 87 81 133 38 16 137 32 35 12 137 44 140 142 79 63 1 156 99 138 136 5 125 26 8 164 128 49 -10 165 55 148 118 85 128 14 148 78 118 94 179 59 35 164 6 89 125 81 69 111 112 103 98 120 125 31 85 62 178 -6 53 49 121 50 176 56 37 -6 68 -9 35 -5 86 17 150 64 164 40 21 148 -10 76 120 35 18 72 81 46 121 -13 48 35 171 173 10 13 -6 40 146 183 22 74 32 103 4 72 58 81 -3 4 40 104 164 138 92 84 128 184 58 9 -5 84 -4 133 154 98 33 92 62 134 23 111 122 15 126 122 85 29 127 -3 74 61 133 126 -1 74 91 52 52 150 63 55 -4 89 5 94 168 -8 46 81 2 162 26 -15 31 183 148 20 113 123 22 13 -12 130 61 148 135 147 141 122 29 106 
80 184 109 161 51 48 94 62 18 99 39 99 13 28 102 114 170 -2 112 39 134 114 113 107 -2 43 51 118 163 94 -12 93 141 -5 27 52 143 97 36 157 60 34 5 18 167 50 71 55 49 22 41 60 15 130 113 162 162 84 61 35 36 15 9 94 87 90 145 171 80 35 18 101 164 6 132 142 33 106 162 127 80 -11 -3 120 82 175 6 36 17 101 115 33 72 183 124 103 173 132 126 182 -10 164 15 21 98 -1 155 24 18 100 119 90 40 132 180 115 78 80 158 180 169 168 70 145 7 45 156 181 64 -15 137 108 98 174 156 21 143 165 148 71 122 88 37 79 47 113 158 94 171 -11 -5 151 140 147 14 154 74 -7 11 34 167 145 83 62 154 32 26 182 90 152 85 148 9 70 102 102 71 62 3 1 129 29 91 16 26 8 74 173 0 107 47 142 106 141 172 116 73 26 -9 120 
44 112 79 79 72 166 48 176 151 138 90 35 113 10 174 77 1 13 116 169 106 180 177 25 145 99 180 29 -4 156 139 26 83 -11 178 175 94 176 100 125 112 37 164 85 178 27 94 182 155 28 170 167 143 -14 137 74 29 12 19 121 93 70 16 37 1 168 133 173 124 85 98 44 153 14 41 -2 141 184 -14 84 151 148 109 150 87 14 143 25 181 104 40 1 59 104 180 57 38 55 34 168 137 123 73 174 50 63 105 47 113 73 169 143 134 101 37 23 178 8 34 87 33 168 -3 69 23 2 80 133 41 99 103 145 37 171 107 90 -4 175 44 -8 134 134 -12 94 -9 183 65 50 153 121 3 108 98 26 176 148 103 164 116 121 170 77 69 47 120 126 134 81 21 70 81 120 4 120 35 146 154 18 171 86 139 -9 163 143 31 0 138 119 150 134 112 150 97 163 -4 139 83 34 43 138 
40 4 178 71 156 101 158 146 135 134 137 108 160 4 176 25 168 144 146 21 105 9 140 156 6 -1 83 77 77 89 42 62 10 97 165 182 77 62 124 87 23 -13 116 19 1 30 162 121 -10 44 98 183 74 -5 127 82 26 160 4 44 54 1 26 29 165 38 43 109 87 76 54 65 153 33 164 12 77 55 59 112 184 -13 128 157 24 -11 155 113 -3 149 61 176 -10 164 77 118 152 73 179 35 67 21 -11 15 102 129 137 102 60 142 57 149 22 157 109 54 147 64 22 72 133 8 167 171 158 17 161 -14 163 91 151 97 160 67 87 17 28 129 98 130 23 10 101 25 -15 169 17 107 36 10 48 -8 100 40 2 178 126 152 167 96 167 4 165 159 166 60 -4 -8 165 18 144 64 28 -11 55 172 95 41 60 75 138 69 75 112 137 13 14 176 20 73 167 -15 147 165 103 140 54 66 182 -4 
161 53 12 87 38 94 135 165 59 20 22 6 101 160 94 145 165 31 154 99 66 3 89 -4 159 52 11 184 47 -5 163 132 38 80 35 16 2 53 13 84 90 -14 150 142 -2 122 184 179 79 126 16 3 47 80 12 114 76 179 9 60 33 113 181 73 134 21 24 -14 138 146 144 -13 182 19 69 177 163 141 178 141 55 66 54 105 44 55 106 67 145 57 155 160 29 -5 26 67 129 155 122 -10 125 165 137 -1 38 32 99 31 95 120 -4 32 45 83 133 77 63 65 153 118 94 -3 71 67 178 1 10 169 149 97 8 147 132 54 24 59 42 -1 104 17 15 75 142 163 114 74 149 14 43 60 -6 107 -4 145 55 118 120 75 167 75 164 97 99 98 125 6 53 77 -13 97 44 103 45 174 7 15 173 37 5 4 45 105 20 52 98 140 137 80 119 105 48 122 -11 66 115 74 34 27 160 69 
80 102 118 48 0 65 105 179 174 133 7 -7 95 16 81 102 96 126 118 106 40 67 156 54 153 148 80 100 83 6 0 -4 138 55 0 68 121 180 98 152 118 91 -7 147 80 26 39 156 62 7 101 76 138 81 116 22 23 23 18 24 87 184 151 154 87 26 -8 5 110 31 139 174 180 37 76 58 16 45 48 148 181 -9 64 -11 -2 -13 8 19 119 99 160 13 126 47 171 118 169 25 71 88 169 82 100 -12 184 165 136 143 112 171 178 22 116 182 181 141 99 106 128 108 33 152 4 132 40 165 77 1 168 -14 148 40 58 46 68 82 -5 97 124 9 7 114 53 -5 140 84 101 181 49 4 59 98 38 -10 52 164 165 -8 68 122 114 15 9 107 96 145 157 81 60 27 -6 121 165 68 -13 91 4 33 40 117 48 2 106 69 53 85 176 54 166 -6 170 178 81 79 68 89 67 92 29 121 
99 42 136 -1 115 175 10 109 172 29 86 148 129 133 126 108 71 77 18 34 99 90 21 136 -12 146 182 83 83 80 101 9 17 -3 175 154 80 93 140 154 52 177 94 27 83 179 29 175 66 71 57 126 50 143 183 5 132 47 175 105 49 179 77 -6 157 14 175 91 108 -3 79 105 165 171 58 170 30 6 143 175 24 169 172 149 69 3 134 105 88 120 143 162 132 15 13 164 143 12 104 169 79 7 20 83 6 180 72 112 51 28 54 84 41 141 148 5 131 101 10 155 144 92 182 55 -4 91 84 150 143 143 162 37 34 131 138 183 119 133 137 13 56 7 96 117 92 153 73 -9 173 181 -3 156 164 -5 27 71 129 62 -13 88 174 -9 -12 7 140 153 131 38 25 29 157 58 16 -10 159 99 160 143 139 26 162 107 69 179 125 157 15 59 84 98 107 91 59 172 -9 6 94 145 149 -9 
123 59 67 -9 64 137 -15 62 48 173 137 55 122 55 52 169 146 75 -14 154 109 118 74 143 135 71 19 58 119 91 161 60 21 121 45 75 26 24 102 45 -7 77 133 45 77 17 160 13 164 107 84 85 42 122 80 35 49 -2 184 76 103 -9 23 130 144 174 1 103 125 43 160 24 117 150 125 21 44 138 90 72 -14 14 -11 172 21 94 167 136 161 2 173 100 -10 29 79 3 123 177 152 18 178 170 94 24 -13 24 50 167 166 72 129 145 68 20 116 22 77 66 29 118 175 -5 172 153 93 6 89 183 102 20 114 29 96 93 23 69 44 59 148 -14 52 60 183 10 10 118 -14 68 3 118 147 27 108 90 107 156 179 64 36 45 105 62 143 127 119 52 92 126 111 150 162 110 100 159 10 112 93 -6 56 101 117 50 57 122 119 61 139 85 48 5 57 46 133 -9 94 1 15 135 125 140 
52 124 38 60 40 71 123 77 172 74 115 170 37 39 79 161 80 86 164 170 93 171 104 10 97 95 96 59 81 46 106 158 148 170 -10 148 64 118 18 33 47 76 62 178 139 179 21 49 176 140 118 70 1 60 89 104 -10 94 14 68 172 138 34 37 85 49 139 141 154 34 183 19 -1 122 128 54 94 15 42 129 166 94 168 -1 156 110 4 136 10 109 14 53 8 145 62 41 65 49 5 0 160 5 153 12 18 163 80 86 102 140 24 18 58 -10 91 62 135 19 96 -12 8 90 64 61 38 116 167 41 0 -6 180 109 89 30 154 132 43 183 -9 49 91 128 133 107 68 99 127 -14 9 26 135 49 5 22 174 165 69 20 171 13 81 37 159 139 78 92 96 2 183 165 69 111 182 37 89 29 61 125 92 92 114 154 7 82 139 154 150 28 69 103 90 46 108 32 8 90 158 89 44 158 
0 159 26 65 62 105 -2 55 44 4 34 155 11 109 152 156 25 100 41 35 7 31 -10 164 -7 164 125 51 121 36 14 73 29 148 173 -9 107 22 155 34 34 72 73 176 122 114 132 18 87 77 95 34 106 83 157 134 65 -14 183 134 56 61 109 -5 119 76 32 128 157 59 103 118 30 129 96 114 34 73 -6 82 30 62 64 88 54 -13 97 165 155 80 21 42 41 76 -13 11 -3 -9 121 109 117 135 75 34 72 175 64 50 -8 170 1 76 37 70 172 126 68 54 168 137 47 64 153 168 159 41 -10 -14 167 70 97 86 83 52 -9 119 80 42 105 24 38 141 10 33 100 108 42 -5 59 110 82 105 165 17 89 31 111 100 15 87 77 -9 120 2 77 161 123 180 87 162 51 131 107 139 157 -7 91 90 3 104 163 66 73 133 14 155 47 72 99 45 78 59 56 163 54 161 53 62 62 2 
68 63 70 92 63 -6 138 35 27 23 87 180 116 178 124 -10 10 -11 113 91 82 117 114 54 175 -6 98 -12 58 171 154 40 144 178 65 50 99 155 96 48 4 115 62 80 79 86 74 20 175 33 175 143 52 170 13 95 18 93 -11 99 36 120 29 127 145 97 13 142 134 55 65 127 124 174 32 115 75 46 180 174 119 30 163 108 58 45 149 14 82 130 167 69 124 53 72 166 153 118 58 159 184 172 -5 9 109 104 5 22 89 163 154 45 89 156 4 91 115 31 19 21 38 147 40 163 153 3 -13 71 120 95 80 118 58 35 159 102 118 177 124 25 -1 123 28 64 46 19 97 -12 127 94 103 57 70 46 120 133 116 144 165 -9 12 158 95 59 -5 157 149 157 160 97 70 43 15 63 49 72 -4 164 43 182 -1 124 137 13 11 165 55 -7 35 5 184 24 143 -7 158 45 27 129 109 -2 
-15 0 27 149 137 168 58 149 157 125 82 50 26 152 41 150 132 39 132 146 129 131 74 2 168 -6 126 164 115 62 70 90 91 54 115 174 -4 4 176 182 57 79 21 160 32 97 -10 103 153 68 72 86 171 176 84 132 88 112 160 129 82 46 49 41 54 28 -11 143 184 -11 81 131 103 -6 6 135 106 57 145 14 139 20 99 30 3 150 118 31 150 3 154 44 144 56 118 -6 24 152 179 31 21 -15 69 69 47 143 51 55 95 15 -14 99 96 94 109 -15 -9 107 0 -13 42 19 140 133 14 180 133 38 35 28 43 79 155 42 -10 4 17 92 141 -7 7 67 113 151 147 -12 -3 184 34 89 137 31 37 80 24 146 131 90 6 132 95 182 150 79 -5 54 146 151 -10 179 164 13 114 93 181 34 89 165 101 82 17 47 -6 131 77 2 76 62 63 106 64 13 122 16 68 150 181 135 27 135 
117 34 8 98 81 53 96 83 132 122 -13 128 30 53 20 168 92 169 105 7 106 132 61 89 86 88 36 132 175 180 175 156 62 27 137 129 35 59 184 115 -5 153 32 57 16 90 149 126 82 29 -9 141 53 152 163 175 -5 128 64 59 107 29 150 117 2 53 78 137 33 71 126 114 14 51 180 -2 152 160 37 28 62 -2 182 42 23 102 -5 128 103 127 94 88 32 10 138 98 55 143 32 83 121 97 -14 6 -2 144 174 71 173 14 126 11 -8 -11 62 147 129 62 165 179 12 180 143 -2 135 163 106 52 24 163 103 15 14 162 84 -6 170 89 0 115 143 116 78 147 176 112 118 51 145 1 136 33 65 9 -5 -5 -9 112 173 75 114 104 163 140 117 104 91 52 163 44 144 130 22 82 6 82 31 80 111 71 177 29 -10 1 119 173 137 39 8 129 116 -2 15 30 -12 18 96 12 169 29 
87 66 127 78 163 9 14 107 148 38 33 18 89 179 61 36 141 160 -5 51 -14 102 95 166 94 165 25 43 150 159 60 148 168 76 77 101 149 7 54 148 135 -8 148 122 175 -4 174 97 75 26 95 7 158 136 158 58 128 69 155 20 167 63 -3 137 174 129 154 7 -11 173 134 110 41 120 -8 175 21 174 1 -15 81 123 134 106 11 181 72 35 139 166 130 88 100 94 163 70 183 144 157 157 153 84 181 168 -7 61 132 58 179 123 69 76 160 172 80 173 65 6 158 57 162 113 6 172 28 171 0 57 53 107 24 38 11 130 77 107 -1 55 178 75 -9 170 -4 49 -9 155 37 55 169 164 57 163 74 164 175 123 127 125 -6 50 119 169 57 59 123 56 20 118 76 5 104 121 131 154 148 161 167 -7 109 -7 130 117 159 97 101 8 165 147 133 6 26 74 -2 114 65 156 143 119 130 34 
86 17 -9 117 -2 101 78 75 54 167 7 82 116 83 80 180 42 134 39 108 79 181 -8 97 145 -11 -8 120 57 -10 81 158 72 -6 54 70 121 50 162 128 38 59 44 75 96 124 86 36 145 156 166 31 -12 -6 76 126 32 44 85 64 177 124 32 107 151 104 47 117 91 121 24 95 143 151 68 52 125 122 63 0 67 163 50 60 117 109 182 73 139 126 98 131 141 27 30 65 53 147 -8 113 92 -14 79 65 71 153 167 76 -5 4 117 145 111 4 131 130 145 38 165 164 -5 148 181 82 87 18 172 95 153 91 114 76 36 29 129 94 72 115 61 43 19 114 6 87 125 94 120 138 152 109 2 124 135 20 127 4 110 65 146 -2 171 168 77 75 100 122 156 149 42 43 109 35 108 180 74 81 134 16 131 131 74 162 157 60 144 119 96 42 3 120 88 149 140 75 9 176 83 113 137 134 
115 51 72 89 134 9 91 87 8 84 114 22 80 125 46 146 181 -11 15 100 149 14 125 165 35 42 182 99 -14 3 127 35 77 146 118 40 65 60 72 146 30 177 54 107 129 7 37 166 86 39 54 1 132 134 3 37 9 -2 131 -13 31 6 8 1 55 104 111 6 62 74 88 66 125 39 175 9 46 126 -15 113 107 75 115 162 -8 141 184 94 -4 72 33 9 109 -13 178 99 90 -3 59 67 148 4 132 -2 -1 150 36 8 13 91 100 -13 109 2 135 -10 2 148 53 143 38 -10 96 124 65 27 23 127 -3 97 65 24 108 90 180 135 35 150 167 178 144 23 44 91 131 29 26 118 25 19 82 161 127 178 104 181 109 20 181 -3 72 44 179 37 20 84 32 108 -6 151 166 76 47 56 98 42 -11 59 132 65 -10 98 62 36 125 -6 73 20 48 144 108 158 123 174 143 57 126 90 135 126 
115 57 2 25 56 80 -2 -9 116 59 36 144 15 114 3 159 114 128 154 40 178 93 86 138 103 23 110 124 162 61 130 133 46 44 147 30 101 94 63 67 182 135 156 27 86 73 167 67 150 171 109 -6 -5 77 10 64 139 127 31 104 -10 27 106 152 19 -15 177 62 141 113 134 5 110 86 146 137 115 137 107 31 31 11 160 -7 156 119 -1 144 175 119 132 51 4 6 5 143 107 14 67 175 129 139 76 150 161 112 -1 26 4 176 159 36 7 167 4 109 77 59 22 92 -4 165 3 13 156 164 123 43 61 4 35 -15 112 19 31 182 145 12 75 71 91 16 11 170 165 -7 177 168 68 121 103 26 1 131 77 -9 28 47 46 28 177 124 63 166 66 17 135 60 149 52 5 168 136 159 6 96 10 8 110 152 139 177 121 106 30 47 50 48 62 86 108 81 64 140 40 75 64 45 110 81 
38 96 159 109 129 63 41 150 20 -4 12 37 89 178 38 37 140 43 26 2 130 25 -1 27 73 22 -11 170 168 -1 58 84 -13 38 103 36 24 63 133 13 22 174 60 88 183 31 36 26 162 181 77 58 -2 23 93 130 36 0 72 27 141 55 77 14 52 7 14 -8 164 143 16 101 117 156 -4 129 75 85 -12 154 72 -9 178 -14 92 -6 86 29 162 108 183 14 4 141 77 158 97 131 68 135 94 39 10 173 123 -9 68 103 56 173 14 181 159 96 107 42 67 129 -4 68 138 9 92 153 7 65 59 77 3 34 144 49 149 -1 61 62 95 -9 -2 115 3 15 90 2 22 24 46 105 76 68 22 136 28 -1 133 31 61 83 6 170 121 77 28 79 25 -9 127 143 41 37 104 28 94 139 80 90 173 30 180 80 61 67 51 161 176 38 146 118 6 4 160 14 -13 82 102 25 114 127 57 129 
42 71 180 91 96 130 31 20 69 108 28 63 65 134 60 174 71 -10 109 79 43 82 79 89 114 106 -9 142 73 39 -13 76 25 7 184 79 9 82 80 81 76 145 184 37 85 22 177 120 112 79 164 33 67 55 140 -14 157 6 55 47 149 39 37 111 94 83 180 161 -6 141 147 33 141 -3 174 114 -13 169 114 14 44 65 97 92 70 9 143 170 84 101 22 76 119 55 15 171 2 45 106 -8 138 1 8 75 85 17 127 96 -6 -8 6 145 154 4 58 26 69 114 72 8 8 110 123 124 53 32 112 167 76 163 161 21 57 40 159 15 46 123 11 36 58 -4 174 145 10 88 104 161 79 152 30 13 120 -13 128 79 153 -8 146 148 20 111 120 184 128 49 143 134 103 36 98 153 28 -5 91 149 92 5 90 145 140 61 179 105 -12 83 107 118 179 49 147 105 123 96 128 144 158 3 34 56 
80 4 91 148 143 -9 51 37 89 76 114 -13 157 120 125 74 29 182 69 41 153 89 4 39 176 86 129 54 179 128 14 108 50 180 168 56 107 62 166 -6 136 155 6 119 25 129 101 155 97 164 125 39 93 154 -12 53 123 -15 139 57 87 127 60 131 156 74 143 59 153 10 70 180 113 28 167 28 40 168 91 122 67 45 157 161 79 131 93 164 180 129 45 -14 139 56 163 165 126 72 97 37 40 145 81 162 45 77 69 -6 -14 165 -2 56 184 105 147 14 181 91 165 156 180 118 105 33 54 19 173 97 65 84 182 -9 120 -3 73 181 35 24 184 -13 16 0 112 44 42 -8 -15 127 105 156 69 156 98 184 173 13 177 168 120 151 -12 24 53 145 146 109 172 85 -5 179 24 132 169 33 175 151 112 114 93 -13 178 125 157 69 119 95 114 -2 83 39 125 128 87 35 72 50 92 9 154 161 
86 96 68 16 22 40 52 176 10 151 63 107 -7 150 37 102 41 179 159 85 140 16 -4 68 35 60 -3 179 33 137 21 73 11 118 133 181 70 181 -9 0 97 111 161 87 69 -1 -4 72 74 37 110 -6 180 132 -11 50 47 109 61 27 166 53 156 -10 18 61 107 123 177 128 127 7 44 3 -14 86 54 152 84 34 106 27 37 36 28 169 152 163 -13 157 32 51 -11 29 30 -8 67 100 110 67 31 106 150 52 4 1 73 89 -12 9 163 21 136 46 118 180 171 24 116 134 -9 76 182 -5 -11 121 36 94 31 149 38 93 -15 -15 170 103 135 179 63 135 112 114 18 104 140 55 127 18 57 178 66 68 12 106 182 -6 86 1 118 89 125 183 50 72 118 23 12 33 47 39 164 121 121 99 153 -4 6 76 145 165 31 125 74 140 113 119 113 8 25 22 140 8 110 11 147 133 134 18 28 154 
124 23 88 70 144 109 -9 81 70 39 123 61 28 11 100 167 -1 83 87 22 181 86 117 60 25 7 65 59 106 28 18 121 60 97 18 127 35 102 46 54 141 31 183 171 16 -6 120 109 157 70 88 76 123 146 90 157 54 44 108 27 161 83 70 95 65 -1 171 -5 44 55 44 116 179 107 147 151 -12 20 165 61 115 49 36 1 145 35 180 -14 125 -6 84 172 91 169 -9 12 90 96 172 35 83 161 106 106 14 93 8 144 135 112 20 96 17 50 -13 86 177 135 65 43 79 129 72 183 184 53 142 47 0 156 75 63 54 90 32 41 160 140 62 87 105 142 -11 29 80 42 68 179 3 112 73 65 35 154 154 108 153 47 3 184 2 75 8 22 63 4 46 145 176 168 77 139 11 133 96 45 71 58 40 47 37 12 -10 92 121 67 112 154 110 15 110 112 184 21 173 9 70 70 91 145 
63 97 20 53 27 159 117 71 62 -8 39 18 89 101 182 43 114 174 3 113 21 5 15 31 10 122 32 15 97 143 65 145 68 175 133 100 20 171 84 76 78 78 65 13 -2 122 107 7 -3 73 115 43 88 177 157 12 25 74 27 -15 98 129 46 58 15 154 54 49 -13 41 44 4 150 74 -10 104 -3 3 107 184 170 30 143 117 38 43 129 0 148 173 -4 -9 152 43 107 68 8 82 32 20 -14 154 102 102 86 110 -11 58 77 120 110 45 74 44 -15 106 159 27 147 114 180 179 115 160 68 21 -1 134 96 176 147 92 136 108 114 27 175 145 175 132 30 32 -2 102 -4 179 39 0 68 73 75 83 63 52 98 44 13 47 36 57 70 178 150 138 149 88 56 42 151 107 -4 5 137 182 74 108 0 130 42 47 108 5 65 75 56 17 63 52 -13 153 8 108 2 137 131 149 170 158 55 -12 
161 84 36 118 76 -9 25 127 -2 59 34 88 88 64 156 129 -12 64 28 184 14 51 132 136 109 30 80 14 102 135 97 40 122 99 183 63 57 132 92 22 79 29 -10 -13 6 168 174 61 141 51 15 31 15 141 176 29 182 167 158 4 9 113 180 119 140 178 28 159 144 93 171 106 106 96 24 31 160 159 -3 97 170 96 -15 74 173 136 28 50 93 158 29 88 84 6 161 152 158 9 165 150 136 10 174 58 160 156 150 165 174 -13 58 162 43 25 97 16 64 -6 128 0 -5 177 60 90 150 140 48 4 33 142 24 37 121 171 36 103 160 97 89 156 -2 -10 172 131 72 20 121 122 -7 60 35 158 47 98 -11 89 55 93 136 19 35 66 6 76 -13 177 110 137 42 144 161 165 146 118 13 114 18 3 55 144 159 95 31 4 89 128 54 -11 144 23 139 76 142 165 47 50 47 178 173 31 
118 151 158 175 162 5 139 95 81 125 140 57 91 105 50 68 74 170 0 56 88 140 -9 0 82 55 -14 64 108 40 47 97 45 7 175 -5 12 34 -9 35 107 2 48 -3 11 116 77 12 129 130 107 71 55 99 13 150 22 57 168 14 42 177 180 88 -10 65 77 121 130 69 137 133 58 82 59 22 169 -2 119 108 94 143 23 181 174 108 13 167 10 113 138 -14 146 23 6 -4 33 11 65 8 107 158 57 31 101 13 53 113 44 177 170 5 57 145 67 151 68 119 183 58 6 9 46 159 147 121 11 -12 167 31 9 136 32 28 -9 174 53 11 181 145 45 -12 108 55 147 104 97 40 121 172 170 144 147 55 76 99 165 166 101 105 127 139 149 75 120 162 26 53 105 20 -4 11 171 182 -2 153 139 52 71 30 13 51 176 17 48 165 118 167 184 72 34 -5 25 153 31 119 147 149 107 129 
129 152 90 2 86 65 128 99 154 22 182 25 153 60 151 108 69 50 98 10 13 30 154 113 -10 88 133 84 -15 102 130 173 109 151 23 60 183 20 34 39 55 44 166 123 76 47 136 57 114 117 10 69 91 16 63 155 157 23 72 147 35 77 111 127 70 -7 91 121 13 79 43 -13 -14 15 86 177 79 148 90 113 136 112 52 175 -13 22 144 90 174 40 136 171 24 50 -14 175 -13 87 125 11 24 58 133 -1 99 31 152 166 120 44 159 -4 62 42 25 81 60 152 36 -2 170 82 181 149 8 110 42 110 140 71 -1 79 24 157 134 108 163 21 34 55 121 -3 141 170 29 179 168 66 134 -2 28 94 47 61 -1 161 140 63 57 132 162 123 183 167 86 120 -1 17 153 111 13 7 130 56 -10 33 124 163 -13 99 25 97 168 139 24 153 85 142 131 62 125 144 156 177 118 139 73 12 64 39 
157 127 1 68 89 150 8 100 107 66 128 140 150 103 184 -4 26 134 73 21 21 180 95 -5 74 139 19 115 113 175 88 94 112 60 182 14 104 22 -13 -15 -14 24 136 140 180 49 -5 74 95 76 97 117 147 0 167 172 13 79 0 142 127 138 113 141 25 165 43 174 175 167 9 113 114 141 163 172 52 -8 170 84 78 155 30 7 4 89 28 36 180 167 179 -12 66 110 105 149 88 36 9 4 60 59 1 115 -14 18 129 67 28 26 134 84 39 76 111 90 16 1 55 154 95 2 13 182 139 49 145 157 101 160 104 15 17 25 114 31 11 -11 121 82 102 72 29 -1 19 109 22 23 40 -1 9 39 87 152 158 140 120 29 105 182 145 89 160 176 29 168 21 7 75 119 37 96 25 27 119 -1 169 -9 9 22 155 99 136 139 98 49 110 5 75 72 73 112 43 111 177 182 41 82 178 96 
76 9 35 46 14 106 54 28 17 59 89 158 169 -4 68 77 51 157 165 74 35 52 160 178 164 10 155 82 28 70 161 93 -10 153 116 92 44 68 168 133 140 79 118 160 -14 172 95 117 175 108 58 170 89 88 128 116 -13 138 133 52 22 52 1 132 135 -15 16 -15 19 163 87 75 89 53 152 115 175 154 55 101 80 62 94 6 -12 84 159 71 72 111 56 155 55 164 115 -11 81 31 6 102 140 150 17 118 96 148 150 0 127 87 110 139 53 83 145 53 180 -9 22 -5 155 177 100 15 16 158 71 113 36 53 64 74 166 5 86 132 2 59 146 182 131 129 2 183 94 131 155 40 106 11 172 47 117 152 81 177 160 171 61 128 86 10 132 158 153 88 80 32 62 20 170 54 138 57 68 -6 116 -2 4 119 100 159 19 60 85 148 118 81 0 81 93 97 1 30 27 33 149 39 -2 136 
108 158 127 63 156 127 91 107 38 77 75 97 -3 3 89 73 -4 46 165 150 110 89 95 125 124 1 165 140 3 82 95 173 181 169 89 50 161 179 145 163 29 -10 154 175 -14 23 -1 135 64 -12 12 73 -4 43 50 91 112 115 2 38 18 89 12 142 71 181 32 47 154 70 20 146 -1 163 31 176 -11 84 149 134 19 120 156 57 122 40 127 180 132 60 -7 48 131 148 77 -12 77 -14 35 37 62 102 -3 175 6 114 99 149 21 96 27 165 165 16 125 103 47 -10 14 120 96 60 4 146 37 -5 138 -10 44 144 115 69 77 -3 140 51 17 101 117 -3 58 20 73 -4 84 118 55 99 59 -9 119 142 60 99 -7 131 160 119 -6 173 94 111 88 110 152 57 33 141 113 42 87 -15 5 137 14 141 74 1 81 60 142 50 170 22 161 65 129 28 84 86 134 0 26 79 146 153 -2 132 115 126 
149 123 143 64 -3 69 100 13 38 168 44 91 72 126 182 9 78 142 83 84 26 146 -1 145 88 169 145 181 -9 157 76 -11 -3 95 -10 43 26 25 -7 7 97 61 89 87 122 -3 -11 -9 4 114 161 140 -7 33 179 181 169 67 180 35 68 180 -6 91 170 174 4 26 149 -2 150 153 178 183 125 0 28 150 45 31 73 -2 73 91 121 61 90 30 36 30 117 147 59 0 166 32 59 144 161 36 117 59 42 155 89 102 171 176 148 25 23 34 167 176 -4 90 75 28 -2 84 105 75 122 4 159 163 176 51 168 85 109 122 42 95 63 30 15 122 114 13 108 78 50 176 14 -6 50 17 181 80 53 78 65 120 100 87 53 100 127 29 145 77 -1 123 -3 180 91 130 -14 75 73 135 91 13 8 8 180 66 51 135 130 80 65 85 19 151 91 163 23 155 77 -11 183 168 184 136 85 65 127 150 
12 129 9 -9 146 14 95 122 51 138 55 140 -1 4 24 152 15 14 6 129 148 88 0 28 153 134 24 81 34 54 155 122 45 116 50 -11 111 17 32 119 -14 121 21 114 102 12 74 136 78 159 158 168 133 12 129 145 40 87 143 37 37 -5 15 160 116 100 28 56 157 174 91 71 90 -10 110 62 78 47 17 133 79 33 132 121 8 181 176 21 34 35 5 4 44 23 130 77 169 178 79 81 81 85 64 -7 146 155 155 83 -8 167 36 78 66 116 46 -13 71 4 181 72 177 155 9 175 74 -11 14 132 156 12 138 7 109 62 31 6 82 -9 89 63 107 12 2 84 32 120 -11 -9 146 105 95 89 85 53 92 102 100 154 97 -13 46 163 182 35 160 74 23 37 171 138 51 114 79 36 108 134 16 21 88 45 79 -11 63 104 53 3 94 24 92 -1 -4 146 14 160 155 92 82 63 -7 -9 
163 36 48 173 92 112 130 53 66 -5 41 52 120 78 13 158 121 75 23 38 49 20 151 58 148 -6 137 59 20 95 13 75 -11 53 23 0 27 -8 100 72 78 154 110 77 109 174 161 163 73 143 159 -1 131 97 17 75 49 88 80 79 45 112 107 42 86 -3 57 10 123 148 1 168 157 2 32 135 12 -5 107 174 5 173 150 20 27 55 140 -12 -4 36 135 113 21 108 -13 148 8 68 102 12 116 29 171 84 54 147 79 3 63 79 139 120 94 103 147 37 152 36 14 166 77 125 128 153 45 26 84 160 -14 3 110 69 71 137 0 45 97 61 59 17 118 73 32 1 124 68 39 177 -14 2 160 184 61 42 17 6 172 57 47 47 92 0 104 6 179 154 97 43 127 17 83 31 63 145 179 160 157 68 18 56 66 55 178 123 26 45 67 145 50 75 116 -8 15 60 110 166 -8 78 93 13 
95 149 0 128 180 174 28 13 3 -1 12 52 127 -11 92 39 -1 85 141 129 159 135 115 180 18 16 158 22 127 -9 38 68 98 162 -6 146 12 26 179 -15 117 29 116 26 65 106 45 163 177 114 145 7 108 109 52 138 77 130 81 134 159 -12 34 55 142 89 153 182 96 180 120 108 -4 54 68 5 137 96 167 63 146 116 149 123 128 85 159 3 113 100 15 85 160 148 3 -1 149 97 133 -13 63 164 90 85 182 170 170 67 126 94 104 52 -7 75 130 140 52 -1 51 15 125 21 63 51 -5 65 55 131 182 153 62 106 9 122 82 -3 -2 105 95 148 48 20 129 82 -10 71 0 114 103 35 65 157 89 52 3 65 23 50 119 92 50 -13 3 74 54 14 176 27 9 51 -13 145 176 106 161 144 18 121 39 158 65 161 57 53 94 91 177 151 36 95 74 26 72 166 -11 148 15 81 4 40 
-7 104 126 41 12 104 10 39 4 103 135 144 122 -6 3 1 139 -7 170 -11 114 72 26 52 16 82 124 112 171 81 86 68 37 89 95 182 23 78 170 6 85 130 39 31 147 132 -2 70 168 150 -2 81 106 141 93 99 123 166 48 5 26 87 93 118 77 60 47 29 -2 44 90 126 75 115 144 172 11 88 60 175 5 -14 116 126 115 6 84 134 48 12 169 155 117 -12 -13 174 90 11 6 177 27 98 138 23 136 64 10 175 146 95 155 66 19 157 14 74 78 -12 95 166 -9 147 166 19 139 22 142 158 67 60 28 71 157 120 34 56 108 91 37 39 145 63 172 135 153 151 154 102 89 125 38 10 96 27 56 141 148 175 159 67 8 97 145 18 132 70 -14 161 5 34 57 20 63 154 87 119 32 120 65 177 174 2 48 91 52 181 -8 56 97 149 21 72 26 41 21 80 25 93 153 84 
-11 103 5 135 148 110 59 58 -9 120 83 155 117 -12 79 136 -6 127 59 125 33 130 2 82 80 11 -9 73 99 147 17 6 36 169 59 88 113 125 106 -1 142 167 8 54 133 33 137 -14 35 90 52 -4 -4 117 156 20 138 25 -8 46 18 10 112 122 160 104 25 6 29 6 58 -1 45 46 16 144 30 2 183 -15 61 -10 98 44 91 125 164 76 80 66 168 63 103 168 23 94 91 11 184 10 96 145 172 121 69 139 82 121 176 112 128 84 10 116 60 165 149 -12 154 82 67 150 63 115 73 31 -11 162 172 28 119 75 42 13 88 134 29 127 119 106 139 -6 142 44 162 18 107 184 -6 -15 46 16 67 125 156 -13 104 86 140 7 20 122 16 2 60 132 166 149 149 -5 143 42 144 -9 175 64 139 50 111 45 115 180 8 -13 62 71 1 182 173 36 50 149 97 29 97 150 134 5 85 119 
102 117 106 98 79 169 101 153 47 58 144 19 94 149 95 21 78 68 148 133 47 3 56 147 182 182 -13 0 174 120 47 67 135 143 64 66 158 103 110 -10 -2 -4 117 99 141 20 20 78 -14 28 -10 -9 54 122 142 105 24 11 182 24 -10 46 2 163 8 16 40 161 127 121 83 32 118 111 112 68 96 137 112 30 170 159 87 101 154 9 12 33 25 181 82 85 85 -3 127 108 162 112 99 56 25 63 51 175 177 114 143 103 158 125 184 19 23 6 102 167 100 32 25 144 24 124 119 72 155 174 109 88 44 38 105 150 117 89 32 122 158 55 131 4 87 158 143 96 184 111 101 180 139 7 95 65 77 1 132 160 -7 161 166 87 182 140 58 -4 66 71 32 18 86 77 132 58 107 125 108 19 37 179 -14 -11 48 30 84 58 -15 106 162 118 118 55 160 136 16 121 30 74 128 33 108 78 
168 92 73 145 35 99 22 -11 143 19 -2 169 162 149 177 27 155 1 90 105 146 166 13 4 131 -11 28 183 87 111 4 63 84 108 148 138 118 134 46 109 77 101 113 -15 81 60 78 21 43 44 57 138 22 128 59 99 22 48 -2 19 56 -7 120 4 130 69 91 165 -4 0 164 28 87 131 75 156 29 108 178 56 18 93 18 57 113 147 90 140 130 34 50 32 10 48 135 142 179 47 103 177 38 183 176 65 174 44 67 163 -1 19 23 27 23 138 60 125 155 121 -12 183 5 20 105 27 117 -6 59 156 14 19 56 183 107 117 1 149 41 143 107 141 38 2 107 135 114 37 38 30 109 88 48 62 114 36 146 39 42 33 178 103 132 119 126 119 27 153 184 15 176 62 17 52 122 18 15 -13 60 77 145 86 62 10 21 46 94 51 -1 121 8 11 69 175 3 -12 88 72 119 90 150 40 
76 136 54 45 28 137 83 32 172 146 45 26 166 126 44 18 35 33 22 -12 71 130 163 75 181 163 128 26 -3 42 81 8 116 61 114 162 19 -15 135 125 42 -4 106 181 166 92 109 95 32 79 113 142 176 36 110 180 130 178 28 118 72 40 41 6 16 5 28 3 127 33 146 131 6 179 159 28 101 12 24 8 61 -13 102 143 2 91 44 73 88 3 141 44 45 164 88 34 8 96 62 55 41 168 46 -14 9 47 181 82 139 6 -12 123 11 87 125 176 85 142 -9 11 177 36 58 59 150 174 92 -2 101 30 54 167 112 160 17 1 10 48 13 5 112 146 50 48 81 74 56 -15 26 149 -11 -7 61 79 141 172 114 182 15 7 118 103 45 75 -12 128 28 161 114 166 133 117 109 48 147 0 79 75 69 1 16 56 103 124 82 163 20 150 26 148 135 152 156 75 11 106 109 72 166 25 
167 81 21 36 49 48 132 3 61 52 78 113 47 86 180 116 26 15 161 -14 68 113 85 23 93 139 -1 12 12 144 177 -6 -5 42 -1 95 181 -6 152 120 28 -4 -7 136 -1 49 -10 56 92 69 66 128 18 35 16 156 51 53 59 138 128 40 51 107 38 23 -15 25 79 119 134 24 156 131 103 175 153 169 -13 105 57 52 175 183 84 19 170 -8 166 42 109 148 50 144 174 45 175 73 141 7 113 37 93 90 3 81 127 -10 148 116 44 -2 176 124 34 47 33 122 137 147 180 -5 6 1 97 184 144 96 102 169 57 20 51 46 30 7 35 102 123 68 153 147 25 8 81 13 17 10 25 182 62 76 151 166 110 42 117 41 49 155 123 117 -2 94 115 88 137 167 131 82 -15 17 94 30 10 86 116 175 78 13 20 -15 145 44 47 45 149 78 22 9 131 126 22 127 99 21 163 61 86 105 
116 141 10 174 133 85 30 89 138 170 31 -5 35 65 2 154 114 151 154 70 117 97 116 -13 160 174 130 82 11 107 5 125 156 -1 166 27 86 49 111 144 114 54 101 113 84 176 72 151 10 67 63 106 33 34 118 151 113 161 97 181 33 52 77 180 133 40 -11 -9 -1 136 155 60 -11 116 111 18 10 116 181 154 103 115 178 129 66 58 71 13 127 162 177 13 39 71 168 22 7 17 118 107 18 148 123 45 153 10 159 84 114 103 103 -12 175 110 76 171 105 -5 128 3 68 48 50 131 60 19 132 50 176 144 163 135 143 131 30 -14 176 57 139 175 62 168 71 53 116 100 133 26 101 51 128 161 143 -13 132 78 -7 170 10 33 27 70 138 98 172 119 174 76 2 42 20 180 45 -9 101 124 165 101 164 107 -2 116 65 168 137 83 142 55 93 147 161 114 13 76 124 36 67 55 41 114 
-11 115 42 179 152 100 64 82 3 -7 -14 57 173 125 17 176 81 168 170 86 80 86 35 46 175 9 73 54 148 34 73 109 75 30 109 107 166 175 82 14 -12 88 88 170 57 -3 -15 80 15 42 6 154 98 139 94 21 162 180 176 176 61 170 92 108 140 34 133 93 127 176 33 17 27 98 92 166 82 38 -15 48 59 105 115 163 124 10 -5 38 134 167 123 -15 88 22 11 0 142 174 -7 152 43 79 46 26 133 167 159 -10 104 63 25 90 46 22 -7 10 125 148 42 170 -7 81 144 154 132 30 29 81 51 100 74 61 115 44 169 -14 36 104 184 146 180 104 128 -13 151 87 175 183 166 119 -5 32 93 129 168 146 -6 154 132 54 18 91 128 52 134 144 74 48 7 51 169 57 21 113 176 166 62 165 167 25 5 172 134 177 25 153 99 82 168 66 -10 64 100 91 179 148 93 169 80 69 
30 49 48 107 36 154 95 89 12 17 143 105 164 172 122 68 -2 128 73 10 145 22 28 94 104 44 51 29 174 24 164 17 34 171 62 138 64 171 6 60 176 1 80 182 91 165 112 42 -5 158 65 129 42 95 158 137 46 126 175 33 91 -2 22 -5 90 87 -13 179 169 -3 181 -8 178 111 26 105 161 112 176 138 144 83 84 -1 5 3 76 24 118 81 16 53 84 25 134 52 86 39 167 153 143 174 107 5 83 105 164 114 45 94 106 45 85 71 115 5 41 83 133 164 161 149 142 44 55 -5 36 107 15 26 -15 170 11 63 98 26 138 9 16 40 178 70 46 51 107 27 35 -13 54 120 67 100 126 2 161 180 166 139 16 89 20 151 58 102 20 41 16 88 31 142 4 172 85 47 59 -13 169 117 103 144 173 112 68 57 142 80 145 61 144 40 113 134 53 184 11 142 82 130 46 166 
163 127 121 53 24 51 66 94 16 110 174 165 157 12 145 163 79 56 6 80 142 68 56 17 10 156 66 74 70 76 156 141 181 86 31 -13 179 89 35 51 -2 39 39 161 126 117 161 17 27 64 159 148 7 134 93 154 68 67 151 105 151 29 170 4 109 138 134 168 92 -15 158 11 13 134 -5 5 161 42 102 164 146 42 21 107 115 70 56 170 114 149 164 36 53 -1 63 84 147 35 -3 146 173 75 11 101 173 60 42 89 5 146 134 155 10 -12 48 82 171 -12 1 97 45 98 39 154 1 105 133 85 144 -7 62 129 21 47 58 90 28 82 116 164 130 47 115 79 173 40 96 131 5 184 31 70 36 42 82 140 146 83 162 150 59 -4 135 14 101 37 114 122 180 127 89 39 1 168 51 167 67 60 124 94 180 34 75 106 111 13 163 97 168 84 151 0 93 29 129 -7 35 165 84 76 
173 122 0 113 144 53 175 60 98 82 166 43 149 98 45 20 134 67 -6 122 75 78 -13 58 29 2 28 9 145 63 56 176 157 29 98 11 18 62 -2 70 -12 137 52 64 130 152 141 109 18 101 89 31 36 48 184 125 59 -4 79 135 111 147 174 56 38 39 63 12 36 3 58 116 136 153 119 144 34 21 115 173 82 137 31 135 50 58 132 8 87 59 108 130 108 -14 165 49 23 176 79 53 144 164 9 159 151 26 7 153 133 175 38 -13 62 0 171 99 142 124 81 -12 130 0 169 147 104 90 15 38 169 32 34 -3 117 153 92 166 88 116 59 124 -4 39 72 31 103 115 166 114 31 111 165 153 147 97 159 -7 67 124 154 173 179 95 120 -3 -13 90 35 114 179 183 21 8 86 150 127 98 60 0 176 61 101 -7 72 -2 10 160 174 37 -10 1 175 14 29 53 96 61 19 111 118 18 
104 19 75 85 123 26 100 116 69 145 129 11 160 3 76 59 136 28 181 134 160 47 150 162 143 26 27 124 36 105 76 167 16 16 6 125 164 173 110 156 43 5 56 61 49 181 103 114 -12 44 118 165 -7 8 174 -7 58 134 113 43 23 70 63 24 18 62 70 118 120 6 63 131 5 27 94 163 -1 24 3 112 70 146 -9 2 34 107 129 18 21 129 58 65 -6 160 117 30 55 13 91 48 -1 92 181 57 59 101 148 60 138 170 6 80 134 173 177 140 153 87 149 61 88 -4 133 31 159 37 135 -7 182 126 164 124 138 81 177 29 118 74 -9 152 123 77 1 79 109 61 156 164 121 38 155 20 -4 181 116 68 54 87 92 168 135 119 154 10 168 172 147 143 173 162 2 0 169 120 91 120 170 82 144 -15 63 -1 -13 -3 160 70 53 65 141 36 126 12 -6 177 62 161 81 45 75 144 
96 13 -4 52 124 50 174 113 102 68 93 36 5 26 5 136 172 173 -7 166 150 102 -13 60 184 21 126 121 165 28 97 112 167 75 156 179 61 109 -8 178 136 123 58 77 130 87 56 -10 137 140 88 138 0 44 149 153 72 98 18 -4 37 1 4 134 147 60 35 78 115 48 146 13 144 79 32 -13 119 38 174 14 102 81 -7 6 76 174 2 106 42 159 84 111 104 156 5 107 107 80 -7 5 182 35 20 15 182 168 111 6 179 111 45 145 -5 142 70 153 -15 84 27 72 150 86 2 53 175 5 133 166 128 143 54 135 86 21 22 131 115 54 127 31 78 26 174 55 121 98 109 20 167 149 87 83 69 158 157 28 80 4 97 24 72 130 50 4 148 8 7 6 118 1 79 182 48 16 121 -9 63 92 111 134 -9 -5 136 74 79 22 69 68 150 130 140 129 45 111 44 173 183 44 89 35 
112 138 41 170 82 127 165 74 181 -2 44 120 47 30 44 158 74 24 -6 -2 38 5 13 40 31 63 110 90 64 159 98 112 127 159 -13 -4 99 -8 171 -1 84 -9 11 89 97 140 36 182 -8 107 124 130 98 166 59 158 -12 59 118 162 -2 34 19 109 45 26 94 -12 147 124 92 103 18 175 22 42 157 30 56 75 16 15 122 135 73 70 175 -14 94 169 77 54 113 -3 124 139 18 129 42 25 171 -15 166 -6 18 -10 19 139 138 156 136 100 107 -12 54 142 139 51 41 4 133 99 34 21 105 96 68 122 180 62 183 83 106 121 18 -9 153 172 83 131 16 118 59 98 103 171 86 70 97 31 25 70 31 152 103 8 63 -12 165 17 109 80 4 59 88 122 -9 150 145 90 -2 91 159 37 163 116 22 66 27 160 178 177 14 142 -2 95 170 119 2 151 109 25 28 6 26 41 142 166 119 136 
121 46 116 -14 32 111 70 43 128 114 116 179 38 136 -14 156 122 66 156 113 98 75 117 121 106 162 145 140 59 12 184 157 57 41 29 169 58 -10 125 71 92 -13 67 120 165 78 131 121 161 96 53 175 128 102 61 -14 54 171 57 61 87 132 91 124 106 108 160 55 125 72 23 39 66 54 158 95 8 50 66 -11 29 17 21 112 123 122 29 75 64 49 -6 27 106 182 96 158 99 77 142 45 114 39 14 20 146 17 142 111 142 116 22 47 77 29 60 124 11 37 164 21 137 116 60 159 157 33 79 19 12 182 39 3 136 154 168 133 109 46 107 128 104 20 121 95 138 60 1 133 -15 105 -4 -8 119 124 -10 96 7 7 -1 42 166 149 -13 144 127 160 143 67 138 171 77 36 93 26 138 39 -14 174 117 153 -5 93 139 67 4 121 97 103 153 8 41 35 160 44 26 44 119 -13 177 -11 
65 130 44 176 69 110 128 156 80 99 48 152 -12 89 98 31 128 91 125 4 18 18 78 183 2 25 -5 137 9 178 167 36 98 50 39 151 88 32 140 1 113 -5 170 -5 105 157 -8 75 138 146 90 110 122 6 28 174 149 54 175 44 148 157 128 88 94 162 95 151 167 0 174 132 167 -9 131 98 84 17 -1 32 162 135 8 94 145 -12 35 39 168 122 46 48 57 132 -2 64 181 132 116 -8 49 6 181 117 129 173 178 172 52 133 45 77 168 136 102 147 64 -4 29 51 67 21 160 51 79 95 127 93 37 87 174 115 175 123 35 133 167 70 33 113 106 153 180 91 173 95 29 -10 182 79 -8 -15 6 7 5 149 54 182 60 174 184 19 13 16 111 5 126 28 58 3 118 83 -4 141 170 162 72 -14 117 30 163 131 125 130 50 136 172 95 150 18 -11 84 21 24 144 14 -13 158 167 89 
161 -6 26 127 173 9 103 17 169 -13 -2 68 136 34 84 77 46 64 55 65 96 137 130 70 93 158 184 158 -5 68 -10 117 140 165 116 184 146 85 53 160 81 104 104 160 52 146 77 -5 83 143 116 26 115 92 82 125 54 181 117 79 85 137 179 79 180 3 158 148 21 114 82 168 103 115 138 121 63 45 32 124 32 93 124 35 96 52 135 176 107 182 -1 106 171 83 37 56 0 123 118 107 29 54 136 25 107 123 109 119 146 58 28 79 69 66 14 107 149 167 159 96 129 183 22 54 -3 108 126 63 72 47 101 38 66 147 181 123 46 -1 -6 -12 140 24 171 149 122 47 60 115 52 102 83 -3 178 105 113 132 161 59 20 29 76 -10 83 141 21 15 106 124 14 49 102 109 77 169 43 -3 128 50 140 154 141 42 18 30 53 69 138 4 65 168 16 154 37 168 40 7 77 68 46 71 
54 8 20 -3 22 164 21 160 -2 125 31 145 46 82 166 -12 170 -7 31 157 100 115 34 77 26 61 -12 85 114 25 99 42 115 12 99 113 30 65 96 181 60 118 149 32 161 101 45 38 -14 63 161 72 -13 164 73 47 156 85 110 182 173 157 175 125 63 29 -6 -12 85 8 118 181 51 111 182 182 173 29 129 53 4 61 72 52 109 59 95 151 90 152 127 27 20 -14 107 114 105 91 98 132 35 81 117 16 154 14 50 -13 67 177 8 184 136 5 171 90 74 128 106 118 28 38 95 75 122 79 47 110 161 30 139 153 121 84 182 53 -7 173 144 64 50 105 163 184 111 141 140 137 90 179 3 19 122 23 110 135 132 20 35 155 64 79 117 181 110 1 -15 165 177 131 130 53 130 53 57 149 95 119 161 2 22 172 170 31 133 116 100 79 140 9 126 169 -11 132 32 101 2 32 118 167 
152 96 134 18 171 181 76 150 75 50 123 84 165 115 175 137 100 91 64 162 -7 62 2 72 57 86 123 28 54 162 61 12 49 75 28 77 38 161 26 164 40 46 114 72 175 97 105 130 71 22 139 137 132 11 93 95 66 70 63 159 121 117 77 163 105 78 14 145 -14 49 164 142 32 51 125 14 37 124 105 42 143 115 166 43 -5 0 16 110 -6 10 164 89 84 147 87 21 138 8 35 124 0 117 34 109 130 9 22 13 30 182 103 144 123 12 118 145 80 29 43 30 97 164 74 0 85 178 -5 65 179 105 34 7 -9 85 100 96 63 160 35 -2 26 109 147 53 -5 79 110 130 115 107 29 7 173 58 9 132 30 92 161 176 133 106 124 9 135 90 113 80 37 80 165 120 130 59 173 152 88 22 -11 79 155 160 56 168 168 150 56 182 119 111 161 82 118 145 89 138 0 114 179 4 
71 9 -12 156 37 62 133 138 9 144 106 160 48 133 50 114 74 95 41 6 78 181 26 78 0 -9 17 -4 51 127 184 157 90 20 8 105 139 40 2 146 46 76 118 100 138 83 164 84 121 181 -14 115 29 93 141 37 19 12 163 100 111 143 41 3 72 47 72 160 157 56 141 153 128 -12 49 115 34 184 166 31 -9 96 92 46 91 118 10 38 94 9 121 133 68 -4 45 141 64 131 61 1 2 158 -2 175 -2 79 27 150 167 126 80 106 107 159 54 -10 9 82 57 138 89 12 -15 -3 171 164 14 148 98 73 160 99 -14 178 173 35 8 45 148 69 1 148 113 142 6 156 178 68 22 120 26 160 148 151 124 52 27 145 82 175 183 39 86 183 13 60 154 -2 22 118 115 127 24 169 99 43 -2 38 134 184 98 56 13 41 24 24 138 51 76 18 75 79 70 167 2 108 148 100 12 135 
153 26 129 37 125 159 84 152 14 22 67 105 133 90 1 157 84 -7 34 2 182 143 63 123 23 120 99 83 118 10 140 127 120 97 134 39 48 173 37 54 51 154 153 87 120 174 127 123 136 153 86 136 42 96 47 116 51 129 72 43 12 14 154 125 124 28 106 124 167 75 13 76 95 51 176 75 10 45 79 -5 68 127 172 46 175 36 138 2 9 60 58 13 13 56 118 90 139 41 -11 12 20 49 22 83 169 25 152 141 52 149 169 38 17 45 109 43 166 5 74 100 161 176 57 8 65 24 184 -10 -9 129 102 80 70 63 158 114 145 -11 104 44 84 87 156 124 -9 130 113 0 158 27 141 139 51 69 77 101 40 95 -9 0 112 85 62 160 110 29 103 154 72 21 121 137 148 172 26 165 12 38 40 45 127 140 148 86 32 3 94 124 43 -13 165 168 12 -5 29 75 26 11 -9 155 
45 99 67 163 140 34 177 143 18 -7 145 129 73 97 23 150 7 170 -13 -4 33 141 152 151 117 117 91 74 68 89 142 12 0 -3 38 19 18 -13 66 -11 184 115 125 28 125 138 46 178 17 -6 38 62 34 142 49 45 -5 105 48 28 180 -8 -2 61 90 157 34 65 40 -11 69 69 134 92 108 80 106 47 152 163 53 35 165 25 -1 61 39 121 156 145 28 66 65 94 85 15 74 -15 158 12 22 154 145 56 173 76 62 170 104 -7 95 0 147 181 25 110 175 145 132 124 -6 -12 102 76 91 157 53 122 -8 91 52 133 138 104 176 165 12 20 59 84 32 158 113 26 147 56 73 68 2 132 46 6 76 153 39 97 50 -13 132 141 -3 42 58 123 62 49 64 52 44 106 35 126 65 112 135 89 174 181 175 172 184 69 30 126 51 58 151 2 167 10 43 169 16 46 89 134 130 12 -6 15 
3 151 69 -8 139 133 72 172 131 106 -7 54 154 -12 12 84 142 150 46 78 25 64 -7 182 25 103 128 112 68 33 142 155 171 4 106 1 119 87 126 68 98 89 160 169 136 168 176 153 21 45 139 142 136 39 8 123 8 149 129 87 134 0 68 19 76 79 162 65 132 53 15 144 132 176 84 30 16 107 -6 117 137 23 48 33 108 38 166 80 62 152 146 19 111 17 51 -11 52 90 -11 -15 66 158 13 9 136 89 69 140 180 116 153 127 80 -4 27 16 142 180 68 182 162 112 5 -11 48 36 93 57 149 179 11 121 2 116 110 142 -10 106 26 92 35 124 -1 48 156 108 165 10 102 3 66 -3 -3 93 168 5 183 -7 144 -8 95 28 51 120 51 118 19 0 55 45 5 37 21 137 -6 183 149 40 158 -8 10 90 64 132 61 95 131 26 22 104 45 98 160 12 38 23 85 108 171 79 
66 153 84 184 171 148 18 141 -14 30 134 34 156 73 53 140 132 47 0 109 93 137 -12 -10 162 139 4 93 72 142 88 114 39 142 120 132 180 133 177 42 3 55 92 -9 51 136 115 109 66 11 77 -3 123 141 20 -11 60 -15 149 19 173 60 104 18 134 156 1 170 105 149 158 141 120 92 169 15 40 143 112 70 126 148 172 59 64 178 39 -10 63 21 113 113 43 86 12 6 88 74 54 114 160 98 104 38 98 75 173 180 25 174 61 95 24 19 59 86 132 129 163 130 -14 89 135 142 3 157 156 7 52 106 41 131 -5 69 144 175 176 14 144 83 104 158 2 129 80 150 154 95 104 91 97 -15 93 93 161 66 -5 159 168 116 155 28 160 86 82 167 158 61 106 11 162 79 141 173 -10 92 30 -1 43 125 51 174 1 170 56 103 69 38 -3 29 31 174 132 46 148 -6 123 111 114 -13 
-15 36 42 46 119 180 139 111 83 -11 109 10 37 4 18 45 -4 88 44 130 177 120 115 -4 103 33 109 168 48 132 35 46 20 160 170 88 158 -12 175 19 31 143 111 67 127 92 14 75 8 184 6 173 30 62 178 103 -4 61 19 8 17 184 -5 41 163 46 32 166 34 155 51 -9 40 183 42 178 71 94 171 164 133 -9 10 24 116 40 29 55 52 171 -11 1 180 66 120 114 110 0 21 96 -12 123 103 76 24 164 -2 143 -8 17 -6 159 25 142 -15 163 155 87 131 123 22 129 133 131 -13 90 91 81 6 117 65 53 50 146 155 97 6 70 179 25 -1 119 75 149 14 35 92 125 27 82 102 148 34 40 137 103 13 55 44 168 2 -3 -5 70 55 130 14 15 155 -11 120 105 -2 103 22 158 12 136 97 70 45 88 108 113 33 73 -14 13 131 107 162 36 131 168 45 2 88 130 178 70 
118 137 95 127 92 57 66 57 1 139 168 119 177 51 143 11 2 58 39 180 4 141 55 159 136 62 117 162 103 82 61 37 87 130 110 -14 178 117 24 118 119 174 147 144 -11 98 13 105 173 165 90 181 -8 133 81 17 137 39 -12 -11 147 137 168 37 30 16 14 106 111 35 33 94 5 136 72 80 11 173 47 68 155 89 1 151 151 180 153 -6 166 28 66 108 61 97 50 61 132 180 118 168 179 179 147 41 84 16 25 16 -6 100 92 180 67 30 174 83 66 152 71 -15 104 51 -2 175 180 113 21 142 48 132 144 108 94 30 142 54 -13 8 52 -1 59 55 86 -8 109 147 111 57 80 42 154 158 102 37 34 29 136 81 71 119 -14 17 178 53 1 122 148 6 58 71 138 134 149 94 83 32 89 106 116 80 65 90 108 -14 96 43 60 71 121 -15 18 9 27 116 46 156 35 168 115 176 
90 93 170 116 136 89 156 70 32 66 103 16 158 153 123 53 -1 123 165 124 88 154 28 132 98 171 74 25 28 33 76 181 145 98 174 130 156 128 169 111 1 -13 183 -14 118 165 112 182 66 167 109 37 -12 34 -11 183 103 24 127 59 173 59 87 116 74 6 76 120 106 115 66 142 109 93 35 134 105 184 75 102 97 29 -12 113 62 -14 175 98 -5 17 36 82 125 112 124 182 98 105 173 85 41 171 150 81 43 177 148 163 104 40 28 116 141 31 65 17 116 -14 80 54 133 24 43 175 100 -1 147 19 19 115 33 50 49 126 175 128 139 61 10 98 -6 23 10 105 53 156 110 133 16 131 -14 3 157 52 18 42 43 111 171 74 84 53 -8 30 75 70 179 20 173 34 44 91 183 164 111 52 105 155 129 172 90 91 123 168 20 37 138 146 57 -6 30 172 85 37 89 130 30 97 91 69 
138 184 180 13 176 79 9 150 42 46 27 134 160 92 148 150 49 18 83 72 78 167 178 40 -9 116 70 13 114 25 22 -6 169 0 16 64 68 31 169 167 55 44 52 12 12 141 164 85 52 -3 37 131 34 6 88 183 49 107 77 0 96 84 174 20 10 96 -15 165 155 70 39 142 184 165 115 54 -10 157 133 -12 13 77 183 156 150 31 87 112 19 88 95 67 31 -12 97 114 54 162 159 164 21 91 90 123 141 121 170 100 132 14 165 11 133 58 147 138 41 146 25 44 6 141 44 117 143 64 33 85 36 44 178 28 51 6 148 32 87 -8 103 44 144 31 29 51 51 108 151 126 156 103 164 107 57 176 43 7 81 24 140 180 4 128 -14 86 -12 143 19 98 93 122 3 9 153 176 141 76 120 124 60 160 102 38 -7 164 100 107 86 152 -12 60 163 88 151 61 30 153 137 143 168 92 
176 24 -2 73 120 32 109 93 139 104 170 167 47 103 184 55 40 141 35 161 136 147 165 105 12 90 159 142 97 132 43 -12 94 72 151 36 28 1 157 87 116 145 184 4 55 162 97 30 92 22 19 97 125 79 36 134 171 161 61 181 -4 151 148 106 89 107 96 59 125 66 28 114 139 144 40 46 87 31 44 174 184 158 110 113 84 128 78 151 53 121 -8 29 58 56 138 103 9 138 167 158 -13 156 155 4 9 59 112 30 94 143 56 18 124 21 76 56 36 116 148 110 96 178 144 30 68 88 54 179 84 171 173 140 119 53 90 64 101 -13 177 179 60 176 86 64 129 19 92 127 134 180 158 0 119 76 12 25 169 -3 -7 173 52 144 154 102 152 118 169 4 103 153 51 78 -6 92 38 120 94 88 135 22 120 8 140 56 47 -9 -3 174 137 25 168 -2 1 95 -10 100 47 95 152 145 
184 180 149 -1 -1 169 72 171 92 100 86 20 4 136 77 116 -14 131 100 28 141 -14 182 109 57 162 96 44 90 81 46 14 55 27 -7 141 43 1 100 41 10 23 63 98 122 117 139 28 87 169 158 164 76 18 90 99 62 112 58 41 99 82 116 76 4 16 5 24 87 131 49 129 144 25 82 87 136 181 116 145 78 175 182 150 102 136 131 39 135 112 162 81 -14 92 114 74 -1 170 146 162 18 14 40 108 134 42 105 76 40 114 153 163 0 -10 83 41 4 107 66 2 109 164 169 117 -11 117 8 57 121 41 112 120 156 28 10 89 69 107 154 144 -14 146 146 -15 172 182 108 53 164 45 111 108 23 67 38 -12 174 47 54 112 -7 149 135 -3 110 60 148 -7 44 50 94 -4 -12 127 142 52 122 56 74 91 25 149 98 44 -3 117 67 95 141 152 163 72 152 14 86 38 54 14 65 147 
3 169 157 24 24 184 15 115 27 10 37 83 56 -5 115 11 32 114 158 125 8 122 97 73 109 52 103 22 159 146 160 120 99 126 79 147 -2 28 83 -1 70 46 21 84 91 47 33 112 134 18 81 127 97 60 38 58 56 47 160 179 150 24 112 87 99 -13 132 5 140 -11 91 167 83 131 17 71 57 49 181 60 -7 125 42 4 87 150 123 180 65 47 106 -2 -11 0 -6 66 179 175 123 168 148 10 167 92 43 128 91 43 75 -7 103 142 9 164 -14 117 19 160 71 30 49 68 53 158 59 74 94 142 60 153 165 89 141 83 126 54 101 135 9 161 95 56 135 183 125 157 24 18 164 74 60 177 167 22 152 163 8 -1 -12 117 77 179 75 83 104 48 170 172 25 183 108 73 95 60 93 86 -3 97 110 50 50 156 16 92 92 22 61 175 13 69 171 95 38 44 66 -12 115 129 121 6 
56 32 60 50 115 78 16 93 57 145 58 45 5 22 157 56 70 178 2 111 9 101 61 19 135 172 -3 132 113 -2 52 126 16 42 40 124 89 135 66 17 -14 19 61 29 182 136 81 92 31 36 104 182 29 160 24 42 169 51 91 68 167 144 27 105 172 109 130 -15 180 165 17 148 71 145 111 80 -4 42 44 162 79 2 63 18 31 20 149 60 51 137 139 172 39 37 -10 26 1 89 144 6 177 90 38 86 16 41 104 38 160 36 152 135 164 54 47 11 105 179 12 136 174 150 142 43 120 62 44 47 -7 174 35 126 33 12 176 -2 166 61 103 64 40 95 67 53 48 31 159 74 67 179 172 14 169 10 132 74 162 -13 175 128 147 20 123 102 29 117 73 -3 80 92 77 13 174 177 135 36 2 4 40 47 59 182 47 8 52 102 13 112 46 165 157 110 143 84 168 121 173 36 119 35 
-10 117 35 94 154 92 90 139 147 15 66 89 123 59 35 139 47 176 24 62 147 58 183 105 38 20 97 53 -1 120 124 103 80 -14 47 107 170 30 85 163 178 -1 117 89 90 34 57 106 91 113 175 155 1 52 101 96 -1 13 176 98 141 99 85 137 175 50 57 179 72 97 159 148 167 92 9 54 57 114 89 10 31 66 112 144 73 42 174 44 106 184 171 145 -10 156 53 42 10 21 51 23 108 116 74 37 35 -2 62 121 79 -11 155 30 59 145 84 173 58 75 92 148 152 51 -13 106 35 51 131 66 2 147 75 46 180 22 172 86 76 149 -5 146 76 26 70 84 48 32 11 41 140 145 125 -15 104 64 31 116 91 96 110 32 110 108 -13 145 162 169 22 88 36 113 105 176 160 81 68 -4 77 38 180 76 104 99 66 66 10 5 49 104 166 -13 0 69 38 48 41 40 13 28 176 147 
99 154 184 19 140 155 99 167 42 74 -15 128 92 -7 27 48 31 124 183 21 68 132 95 144 34 112 -3 41 94 47 138 38 96 104 32 4 183 30 172 69 80 86 120 34 179 139 39 -5 134 132 155 140 30 124 179 138 -5 74 153 87 156 -6 100 10 3 28 16 19 122 107 79 85 141 145 82 93 130 161 56 74 103 45 115 -3 11 1 54 99 24 143 75 0 79 85 173 87 76 52 42 7 147 34 131 0 20 163 175 159 107 131 180 165 99 7 119 111 3 156 111 -14 73 96 133 133 7 184 -10 131 180 106 84 137 12 12 130 77 90 12 134 144 165 105 4 118 56 -6 161 131 -9 94 -11 31 103 35 165 -11 45 3 135 17 90 148 119 0 101 183 90 53 1 -4 169 49 24 155 72 58 161 118 103 128 118 133 153 76 121 2 148 169 56 174 112 55 -2 140 -5 181 -12 13 20 104 
48 123 22 170 29 33 16 52 107 19 179 62 -7 115 115 30 143 99 -7 160 1 74 145 166 169 104 64 152 11 76 176 13 40 161 174 154 155 12 51 138 32 105 -13 87 150 86 11 184 2 64 118 75 134 29 177 109 114 66 109 176 138 102 69 36 127 46 177 9 3 74 83 164 55 184 136 145 87 120 96 63 137 32 105 50 73 48 41 117 89 49 123 110 127 97 133 174 7 82 15 137 3 53 134 51 136 160 65 68 -5 96 44 6 100 171 43 44 162 92 17 133 30 172 99 65 36 23 182 67 56 102 80 56 149 131 181 127 84 106 56 49 -5 149 149 19 156 80 92 9 39 -1 145 38 82 93 66 9 48 151 89 58 57 104 163 46 161 142 88 127 82 124 19 167 166 -7 124 54 79 -7 44 -13 138 27 113 55 37 27 91 72 108 105 110 68 10 153 161 44 117 164 70 -4 
-5 184 107 96 52 59 105 0 24 141 99 7 91 47 96 113 29 30 109 68 -9 21 157 160 123 50 74 145 163 63 65 181 29 52 8 129 158 91 43 89 -12 20 56 96 184 178 -8 52 172 118 159 173 129 155 125 -1 117 121 70 135 170 182 159 75 138 98 146 156 114 121 180 -8 181 94 20 163 139 126 15 79 57 139 50 84 -13 75 63 97 -10 64 -11 19 3 49 65 109 153 152 81 -15 115 -11 74 -10 58 124 63 83 99 10 102 115 20 45 62 -7 155 101 44 101 89 6 70 -1 21 7 175 -12 115 80 108 152 182 -9 6 67 83 68 97 182 9 94 140 151 46 149 43 43 19 33 122 36 131 139 162 163 16 50 104 -8 111 81 164 47 133 168 176 117 137 23 2 76 36 98 107 -12 -10 129 9 139 -5 87 105 -3 86 22 177 127 69 17 158 8 141 115 49 121 111 110 167 143 
139 77 -7 111 12 86 129 65 61 34 151 176 122 96 91 25 129 81 67 -7 58 133 87 60 14 77 171 12 124 90 53 151 58 -9 24 52 129 106 88 63 169 41 -10 139 72 106 62 95 53 139 88 92 -7 68 36 54 -15 65 106 17 5 165 160 158 4 51 117 -11 140 -10 118 37 44 124 158 35 109 14 52 128 89 20 95 174 138 111 -3 27 86 134 165 -9 17 5 65 19 67 83 97 170 28 114 107 84 126 -3 15 65 162 101 83 51 149 108 50 183 92 134 18 166 29 181 -3 110 16 -4 168 -2 151 37 27 35 138 175 129 172 -3 98 65 20 150 126 163 97 -7 -5 183 153 143 121 66 125 103 92 90 80 123 8 85 33 166 3 141 111 4 83 110 44 51 69 107 46 121 32 54 42 54 130 95 73 11 41 63 0 75 92 164 91 49 27 55 34 170 132 5 150 -4 64 68 85 
95 149 87 180 124 13 170 165 179 -1 89 162 177 44 47 64 89 5 11 159 170 83 104 153 66 8 124 97 42 124 65 86 114 10 11 120 125 44 113 123 161 -13 71 121 16 164 147 29 138 183 159 93 -9 -6 6 151 103 46 74 120 60 25 22 112 171 156 -8 18 31 12 169 179 134 142 151 49 64 47 75 78 -11 115 71 125 7 159 -6 60 136 32 -1 10 140 101 146 3 138 154 13 49 -1 127 179 102 148 81 43 64 154 127 30 140 155 151 84 142 10 90 52 119 37 45 179 48 89 146 31 70 168 110 -4 14 55 76 70 171 27 50 161 78 77 147 166 46 26 45 102 56 24 51 115 112 54 101 133 41 52 127 -13 169 59 23 27 73 182 -5 156 171 41 163 57 60 89 170 153 5 140 179 -3 5 162 -14 41 161 148 176 14 118 60 131 15 93 118 94 99 105 61 172 35 126 
8 99 -11 66 70 142 120 64 177 3 80 114 103 23 172 -9 22 151 78 134 145 128 67 146 166 153 140 182 67 7 28 3 120 33 147 47 133 54 11 80 95 132 65 138 184 138 173 109 125 168 21 34 132 101 15 167 133 65 118 137 0 85 7 74 15 111 93 76 117 82 57 181 0 46 70 115 171 155 124 57 152 4 139 -14 140 18 51 109 130 94 65 122 60 172 100 -11 111 76 25 184 87 18 12 38 171 24 112 45 -6 51 97 19 175 99 63 181 49 159 118 59 77 169 52 48 104 117 51 33 167 0 112 124 106 134 178 59 137 180 183 -15 109 80 11 -12 178 -2 99 172 67 124 17 18 39 184 88 116 19 16 59 137 -8 91 89 176 30 54 148 166 1 89 106 15 99 115 43 -4 154 35 117 62 35 -7 -4 122 95 101 85 86 21 86 141 35 33 -11 134 107 75 115 66 180 
147 95 115 38 76 77 122 114 46 -12 126 84 16 95 95 50 165 110 155 173 87 85 105 103 122 30 -11 45 58 3 -4 136 135 174 104 151 48 36 29 23 70 55 173 61 2 140 138 155 50 37 50 17 120 95 175 94 99 54 135 39 82 23 121 40 38 166 178 137 152 178 -1 178 123 78 140 170 18 57 68 -4 61 72 89 83 152 139 95 64 149 61 -12 65 20 23 115 172 7 80 41 141 115 38 87 140 11 56 145 114 111 87 14 110 22 73 98 59 80 160 96 44 167 -13 36 154 -2 108 64 53 171 50 69 -6 65 63 100 76 89 125 109 54 -6 156 96 168 134 127 67 56 159 152 -5 74 97 33 166 27 178 124 81 179 168 85 5 89 -14 23 31 163 -14 116 24 174 137 138 82 -13 108 154 61 179 37 -14 33 68 124 165 76 132 80 137 94 149 152 -14 66 106 127 165 64 153 
144 31 -14 49 142 55 28 -10 136 74 111 19 -6 86 95 144 79 48 124 4 182 162 86 44 19 23 69 116 63 -15 63 133 50 101 91 144 72 13 77 106 -14 39 155 -7 39 156 128 30 171 147 111 3 30 126 27 143 175 166 100 183 67 163 116 104 169 54 138 114 184 99 127 39 139 1 31 44 3 84 163 95 54 157 141 50 95 111 107 7 142 77 183 61 170 27 94 1 44 122 168 40 61 17 -8 100 154 8 148 69 119 6 47 114 162 173 149 -15 74 76 167 131 16 94 80 91 164 121 94 73 163 98 53 -6 151 182 73 42 0 76 18 124 42 106 117 136 102 125 81 7 30 165 103 156 139 112 21 44 73 5 60 71 158 76 169 135 63 68 -7 56 123 21 89 56 92 152 -3 153 131 172 79 173 51 2 162 -6 65 162 71 110 146 87 -8 156 174 49 164 15 132 -14 130 175 
53 -12 81 2 117 128 63 92 16 105 160 98 -15 163 50 164 -7 142 102 169 94 -8 42 95 98 9 53 11 22 72 74 6 126 55 113 89 126 67 42 -6 133 118 140 151 113 104 117 -6 132 179 18 -2 158 126 49 97 66 181 -11 123 125 38 43 30 156 103 10 70 22 79 152 2 139 98 75 28 74 97 172 54 105 1 131 125 104 178 39 178 55 -13 -3 6 130 149 171 134 105 173 69 184 69 165 127 37 168 69 -12 16 37 30 79 181 176 0 152 5 94 85 90 -7 88 149 66 77 84 51 178 183 13 175 183 0 -4 102 88 59 167 87 40 155 129 7 150 162 57 168 163 183 56 101 67 39 101 153 95 71 163 137 138 145 126 119 155 142 122 16 179 67 125 136 96 14 142 149 184 51 5 97 50 26 36 -4 153 -13 39 89 147 53 8 151 113 -5 110 76 56 121 63 21 -8 101 
44 73 121 -15 28 22 71 144 19 43 134 95 52 153 -10 182 61 140 157 143 50 22 49 86 69 53 157 177 132 140 142 146 3 112 86 147 36 76 17 82 12 31 6 173 143 171 64 7 167 58 -2 148 17 20 80 9 153 156 3 40 0 148 30 122 162 6 166 173 5 45 15 41 6 43 164 133 182 36 25 159 174 58 78 172 166 107 159 61 60 120 106 59 67 103 144 124 90 4 0 95 39 11 145 108 171 104 70 143 96 43 31 134 104 158 173 105 80 153 157 50 -3 -15 50 181 30 44 92 -7 2 120 37 95 3 4 38 108 -13 -1 125 154 13 8 2 75 64 173 66 128 103 48 4 55 149 15 154 3 175 59 66 137 122 171 125 120 24 170 184 40 76 110 1 15 22 59 76 95 131 15 7 84 12 95 10 28 147 82 139 120 -7 52 113 107 123 134 184 72 -10 172 53 81 
144 -9 106 93 1 108 107 49 3 -4 50 98 174 182 8 66 31 82 166 178 25 175 67 63 84 24 70 8 181 154 70 110 103 57 47 117 65 83 73 34 47 165 52 61 85 109 118 169 89 183 129 18 81 -4 46 70 101 48 38 111 110 107 83 184 111 -13 42 38 83 -8 4 -15 15 160 173 83 170 27 76 48 18 50 60 167 96 35 91 104 79 152 121 54 48 9 -13 31 74 31 137 97 89 -5 180 79 100 94 109 132 147 138 10 184 129 177 -7 145 134 157 -6 108 1 79 47 68 164 51 72 122 39 68 53 93 10 101 139 36 141 176 -5 2 99 89 63 168 174 61 134 34 156 144 34 107 59 69 152 74 49 74 104 33 135 42 182 51 38 28 104 111 123 44 64 74 135 81 68 97 154 31 125 31 113 93 77 60 29 162 108 183 63 -4 44 118 129 65 180 115 22 153 82 104 
4 139 92 -10 57 56 41 11 12 45 108 99 54 117 41 72 128 30 154 132 54 26 4 -2 141 113 78 124 41 29 2 88 162 134 87 14 32 47 54 53 36 97 164 84 89 46 31 118 83 145 36 113 39 148 112 76 163 -6 141 39 103 158 112 111 45 132 161 34 20 30 131 144 -5 145 44 -6 156 58 7 15 103 11 0 77 121 34 87 22 4 116 137 179 145 94 148 92 83 36 130 129 142 166 15 43 64 79 70 126 55 79 176 123 139 132 95 65 4 101 67 52 111 87 74 153 94 171 -3 160 118 16 177 35 181 165 171 118 35 90 96 136 112 151 108 137 55 140 177 140 121 115 106 119 181 12 24 128 142 39 133 83 101 39 159 113 81 85 15 11 109 98 83 135 -15 1 49 98 91 172 101 127 159 94 149 119 20 -7 66 129 178 97 50 4 65 73 100 147 83 132 51 104 
-3 -10 95 60 121 133 40 117 136 58 93 169 142 68 28 19 14 103 50 36 113 161 -3 171 17 13 128 176 -14 164 135 117 123 120 164 102 169 171 169 51 85 0 183 139 183 119 54 164 27 111 -10 120 59 127 6 177 109 29 106 137 118 51 42 115 23 7 25 14 0 -14 148 91 114 124 4 -3 25 110 69 169 97 183 143 46 152 75 164 54 141 16 172 181 72 83 38 170 146 67 152 36 182 132 40 6 112 32 123 126 172 184 -9 27 146 121 165 133 25 165 145 137 90 103 92 157 -1 27 1 57 115 84 119 167 179 80 127 172 110 114 182 103 57 39 165 33 38 123 15 -10 5 109 75 75 75 184 75 136 11 171 36 128 67 75 7 127 16 47 47 4 52 36 -12 159 175 82 151 -4 147 23 127 152 181 67 67 19 65 20 33 111 149 147 31 145 48 86 128 133 44 135 121 127 
27 21 52 119 46 105 132 92 27 84 99 12 168 47 153 162 67 171 109 170 51 139 -7 138 -11 62 1 153 112 57 92 36 66 28 55 62 54 84 78 144 45 34 100 17 78 41 20 8 73 62 121 152 80 147 19 147 55 20 84 82 26 149 58 172 81 19 117 61 112 43 107 176 10 169 170 176 183 154 6 -4 115 83 123 58 129 51 -10 -11 0 166 63 137 92 124 65 110 96 113 157 75 59 118 164 158 9 49 52 17 20 40 37 142 138 91 36 79 184 115 40 15 47 13 3 29 142 44 51 171 144 134 169 25 96 134 73 31 42 2 92 27 116 141 58 136 133 175 20 64 -4 51 57 58 4 106 0 55 134 23 134 82 104 138 143 87 85 25 18 46 21 52 72 87 95 7 133 7 68 -10 171 148 5 -13 115 118 88 148 53 175 -10 19 58 76 1 78 80 28 52 112 30 89 
67 -9 177 -4 142 8 182 94 88 119 120 28 52 68 141 106 58 82 68 100 94 114 -15 161 169 72 44 73 149 -5 167 160 115 75 63 115 72 94 109 75 183 84 69 -9 136 52 14 39 122 182 83 103 20 163 -7 184 155 73 139 101 55 59 131 -4 78 160 122 27 93 67 137 166 92 36 56 14 17 181 71 108 64 119 43 79 178 141 20 170 84 97 173 153 178 70 19 109 10 167 81 173 173 142 11 96 60 -9 90 97 120 13 128 178 181 61 28 12 -1 106 152 46 158 97 121 124 -10 142 143 50 82 182 37 -15 177 119 27 96 113 -4 115 31 60 86 160 57 112 48 86 16 180 65 94 117 160 183 128 103 -13 42 134 180 171 158 94 150 1 142 105 176 154 69 178 33 149 -10 161 24 10 80 136 89 144 170 109 126 146 173 146 98 98 145 82 98 71 48 -12 181 27 75 12 13 
32 57 65 6 164 95 41 63 106 157 68 23 107 61 143 26 157 113 -9 44 43 149 89 45 117 67 159 181 41 30 142 33 106 137 62 151 136 88 1 39 40 15 8 131 118 122 162 41 72 13 54 101 36 133 116 68 21 30 151 111 18 167 133 -4 48 155 58 52 97 137 25 120 100 150 117 -11 15 57 119 138 -13 119 161 151 23 121 75 -8 79 155 11 154 -2 30 18 6 138 88 149 -12 104 26 121 145 183 -6 27 124 104 82 54 -11 38 9 70 167 75 89 -3 145 92 121 156 55 14 43 45 6 73 112 30 159 11 123 145 35 32 43 105 57 81 29 127 43 10 122 150 80 25 29 36 62 44 40 106 109 -7 182 118 12 124 36 135 94 165 76 8 77 136 162 25 99 105 83 82 20 31 2 65 176 104 13 126 87 125 -9 117 142 160 168 124 153 75 34 -2 41 75 149 143 136 
125 77 -7 19 128 138 118 184 171 121 23 135 32 65 -4 141 9 152 181 31 129 7 72 125 55 11 28 175 111 158 102 84 177 182 154 8 166 44 -12 101 184 119 63 126 161 121 54 80 79 34 161 50 182 -11 59 167 135 40 33 25 72 95 53 32 148 35 -12 83 164 127 -4 182 -3 100 163 77 172 37 100 104 128 109 123 127 127 80 130 128 35 160 125 46 118 9 124 100 4 62 46 83 57 101 134 145 18 168 137 67 104 14 181 52 162 122 1 45 162 2 56 159 52 138 119 119 106 90 154 50 123 54 82 42 45 156 114 15 0 59 34 41 93 138 139 4 -1 175 67 149 121 121 92 125 57 144 1 12 115 115 144 79 128 98 118 109 25 38 167 55 70 141 173 62 36 75 60 81 135 77 99 71 28 55 109 25 106 81 25 52 -7 77 110 -2 156 52 115 134 115 170 142 169 
173 151 148 -13 60 7 89 147 41 164 40 170 169 171 4 4 160 13 184 23 77 182 -12 21 182 35 137 53 102 -9 112 143 59 183 149 159 149 168 90 169 37 109 169 -10 90 149 57 110 129 108 70 135 102 120 34 4 166 167 48 57 31 159 66 -10 26 7 105 19 152 36 110 155 19 110 39 108 70 85 68 134 0 61 82 17 -4 130 -9 76 108 0 119 163 40 145 15 9 -14 117 184 159 180 77 23 59 -4 73 138 84 46 27 157 140 138 139 21 96 152 131 -11 77 25 118 88 115 32 69 -10 166 89 179 154 162 1 34 179 135 119 60 90 37 49 103 163 2 -15 35 -8 146 -15 61 10 14 140 137 97 176 104 67 38 69 137 87 87 172 184 3 91 15 20 9 54 80 39 89 15 -2 -4 46 33 175 143 39 23 175 22 41 59 34 78 59 32 103 106 35 -10 55 88 -9 87 140 
139 15 128 44 104 113 57 112 3 132 89 144 66 65 116 18 22 142 22 138 77 78 92 124 82 118 145 32 169 160 14 54 133 141 78 90 -3 183 57 73 151 53 71 5 59 123 64 76 28 121 137 24 10 74 162 -5 35 160 -2 154 43 149 10 44 66 53 41 34 93 155 -1 16 63 66 133 165 153 77 -4 24 48 24 94 19 23 144 137 -11 140 184 165 155 55 151 161 70 80 78 57 179 0 6 122 14 172 129 57 24 5 143 129 140 131 -3 147 76 51 105 35 49 22 184 104 99 12 68 108 101 65 144 133 125 119 86 20 51 20 132 68 176 70 -15 93 80 36 14 161 3 94 51 54 128 48 15 38 171 83 -11 147 145 84 75 151 25 177 4 3 182 1 129 158 98 164 147 144 141 35 85 64 -1 177 63 19 154 162 29 94 147 162 -14 -10 18 -14 -1 125 -9 134 177 136 104 
83 10 23 97 95 94 124 59 145 120 24 120 155 102 2 126 156 83 169 -6 107 75 140 174 89 172 8 158 7 44 170 88 176 93 94 35 136 64 -8 41 61 57 112 183 44 143 67 84 31 95 63 104 38 129 183 48 164 -13 88 119 75 52 179 79 106 164 173 96 86 155 163 8 23 71 33 124 -11 113 93 13 2 82 80 -9 33 -6 125 174 152 162 157 58 82 171 17 60 8 174 66 161 73 5 102 15 47 65 99 38 29 86 49 33 126 -4 59 93 70 104 127 65 15 -14 142 14 165 16 166 160 163 107 46 62 122 8 65 63 -2 177 22 46 -4 21 55 7 137 54 146 74 85 9 37 40 184 148 109 19 19 51 152 11 130 179 24 22 80 66 155 24 116 78 -14 123 -14 22 119 72 53 102 83 55 108 71 150 123 139 -2 -8 162 4 91 159 20 45 70 50 26 27 37 134 177 
119 168 175 70 56 177 33 140 66 158 87 43 133 105 124 52 41 90 128 155 8 98 61 36 124 60 74 145 4 -8 80 74 105 183 12 46 125 -10 12 -6 110 164 78 144 48 70 29 97 89 38 156 69 80 183 144 178 -8 -3 82 76 146 82 26 180 81 -13 122 164 106 149 122 26 171 2 111 147 35 80 90 74 67 60 158 129 163 43 154 79 88 57 32 74 181 45 92 95 167 149 169 32 6 54 49 37 8 15 12 102 104 94 155 72 64 3 76 54 98 84 -15 138 93 152 84 148 37 64 14 -6 -4 163 49 177 -7 89 66 99 158 146 75 49 94 120 119 154 86 114 64 53 116 99 22 100 69 58 168 2 131 171 120 62 175 62 66 56 131 22 133 27 140 173 165 51 6 182 136 90 48 75 104 158 177 96 64 84 123 184 51 27 78 150 -15 -14 161 6 155 44 149 134 -7 142 
146 167 50 -3 134 88 44 -11 75 29 -12 24 73 132 137 148 36 168 100 8 87 33 10 167 184 124 93 110 30 55 16 139 49 72 2 31 169 126 100 37 41 88 110 131 21 45 15 89 170 20 124 16 29 164 179 141 22 110 56 13 158 66 16 -13 136 56 60 24 28 137 184 58 -7 60 -3 152 100 -12 91 181 100 42 163 116 168 8 28 -13 131 -10 60 2 142 96 34 29 -1 95 169 32 57 103 24 20 60 121 48 15 150 34 117 104 42 140 65 131 32 75 149 25 109 154 121 53 53 55 94 82 46 -11 177 9 63 129 171 -7 80 47 0 103 140 133 93 113 60 184 77 174 142 126 85 49 70 28 158 93 123 105 75 138 -2 10 100 160 150 167 99 60 40 142 157 161 101 87 138 1 -5 176 184 12 81 138 101 24 69 99 164 178 49 53 107 28 182 159 58 120 79 18 126 107 
97 47 126 -11 89 47 30 72 167 83 43 7 161 133 45 161 75 -9 164 22 150 58 108 25 174 2 75 6 145 96 133 31 29 32 -11 42 161 77 127 133 70 73 75 108 119 121 157 106 31 56 19 158 146 -6 15 40 127 140 110 69 132 35 48 31 19 34 24 104 27 160 110 168 50 178 179 125 58 156 157 83 97 181 164 149 14 84 52 162 72 38 124 43 57 114 54 19 163 -10 16 112 66 26 115 2 90 62 50 90 106 80 -12 21 74 184 70 177 160 32 131 150 -15 126 53 88 95 28 121 45 38 66 21 130 147 154 125 131 -9 -11 55 90 120 44 116 -8 176 153 72 82 -13 158 11 141 -13 134 97 157 150 27 71 99 27 64 127 109 104 40 118 162 96 55 99 174 19 152 19 139 62 166 115 97 124 166 14 175 109 124 96 26 55 134 113 45 -6 15 62 -6 96 60 116 72 
157 20 -10 14 147 -13 34 14 1 40 111 46 29 8 106 3 95 26 57 126 136 61 143 156 84 118 57 152 180 175 0 116 142 148 136 33 48 55 -15 43 107 -9 140 40 53 116 144 113 34 63 93 82 52 0 176 79 16 71 177 176 2 159 138 87 28 95 -15 87 91 3 143 -9 107 131 122 183 12 43 71 171 125 163 52 5 16 159 14 0 22 137 94 82 76 37 113 -15 70 22 152 49 107 63 141 101 105 173 144 37 115 51 49 46 112 150 86 168 142 26 143 44 110 44 112 141 10 81 -1 153 68 119 159 55 121 83 124 51 118 27 63 119 97 -11 60 53 20 47 115 67 101 9 140 149 105 152 143 17 34 148 154 71 103 108 60 128 -12 96 -6 97 137 39 175 72 159 154 106 110 79 176 162 85 29 -4 165 155 70 21 130 32 14 108 91 165 62 11 48 13 -12 76 39 168 
170 15 144 62 91 24 9 41 139 129 157 166 23 155 34 78 118 43 90 63 174 115 106 128 113 150 50 85 65 88 165 0 66 133 170 145 15 129 177 183 56 88 130 111 138 175 178 140 104 42 175 113 96 103 87 35 105 11 68 137 92 108 35 104 120 31 -12 170 82 75 172 8 -3 174 146 112 63 22 119 40 28 10 73 107 62 26 2 27 61 180 36 25 68 97 160 129 36 151 8 41 69 -8 41 99 10 139 76 48 140 114 31 48 170 67 144 96 16 83 10 59 181 8 91 156 153 93 109 66 103 28 172 85 15 119 151 145 119 167 -6 160 115 49 107 77 -13 102 148 54 156 122 88 153 82 111 9 99 4 90 34 116 80 102 25 -9 120 48 -9 9 29 43 42 176 92 77 59 110 78 1 116 45 84 174 68 13 154 105 134 45 172 126 174 182 175 109 118 134 113 115 33 60 
51 45 134 183 -3 28 54 107 59 118 49 158 23 89 166 144 136 38 82 42 169 123 123 113 108 17 37 147 17 112 172 9 113 23 84 125 96 16 46 70 -13 35 19 105 -2 162 117 -6 73 -10 100 132 68 152 127 29 8 26 4 -10 16 7 154 9 152 55 44 3 172 136 73 5 -3 138 66 157 120 137 115 18 127 9 45 9 4 133 51 89 18 104 44 110 -10 88 113 51 183 55 40 145 178 164 160 160 137 9 133 139 69 142 134 113 169 103 173 -7 73 2 15 30 123 115 53 11 116 155 34 169 166 134 126 30 121 27 155 -8 168 130 70 138 181 154 71 15 47 152 12 165 35 6 91 -5 121 91 63 126 -7 160 125 0 174 99 168 99 41 135 153 28 57 180 155 27 25 163 174 98 90 164 90 93 75 83 103 65 -10 97 74 175 54 135 10 26 -10 96 60 183 107 79 108 174 
20 7 45 6 160 10 147 117 137 116 174 0 40 48 130 31 50 91 125 133 89 96 137 103 6 164 107 3 109 132 90 3 -15 155 -4 130 178 87 77 62 37 14 2 70 107 30 69 -10 131 138 25 105 20 108 1 126 30 111 76 71 9 116 60 37 89 136 -1 48 128 131 141 166 84 164 44 113 179 11 72 150 147 31 150 114 63 49 91 96 47 9 145 122 55 168 58 100 83 158 152 63 57 -4 36 132 88 4 77 22 88 152 43 118 -14 128 148 9 24 17 143 157 152 130 56 116 94 144 52 -8 160 -3 85 135 5 -12 72 177 64 40 180 24 -6 165 174 150 46 55 3 134 177 154 85 60 -14 42 90 70 134 12 57 183 159 61 135 154 109 89 121 20 77 174 35 93 -14 11 40 40 73 3 34 16 90 -10 125 61 132 17 31 24 175 157 179 156 64 -10 6 158 96 69 137 -10 
166 176 160 101 79 32 106 153 91 91 67 144 -15 164 94 -6 54 24 -1 145 50 113 72 -3 3 88 74 115 126 79 126 54 51 13 44 41 -15 53 156 100 66 145 92 -3 56 35 146 128 128 61 49 154 150 162 81 3 -15 -4 50 82 152 182 17 -11 -3 53 111 65 177 115 126 159 144 52 142 144 118 77 183 146 107 161 175 162 27 70 102 141 161 16 16 42 -11 -4 90 147 11 -8 57 180 54 41 72 122 84 28 80 112 84 113 61 165 22 125 7 42 98 183 118 -13 59 149 122 133 45 16 113 47 13 -2 178 51 80 102 169 118 87 129 44 118 -7 15 126 116 81 15 10 154 138 100 99 95 88 164 57 16 25 122 38 57 35 -1 41 101 112 20 83 51 0 3 72 169 45 135 41 165 5 129 88 81 51 -4 67 151 135 -4 108 13 127 10 72 83 22 59 151 43 100 130 60 32 
15 2 142 98 72 177 53 120 -7 161 176 0 69 1 31 -13 128 76 173 100 113 88 176 34 125 106 148 148 159 184 37 45 100 6 28 161 99 93 3 166 -11 105 -12 110 121 58 87 12 180 102 146 45 103 52 62 65 113 132 144 145 62 118 70 52 40 32 82 37 77 51 43 159 114 24 130 100 62 -9 82 1 74 73 -3 71 16 143 162 70 160 65 83 18 147 148 -2 82 58 -10 122 63 87 132 85 -6 134 174 155 17 109 144 154 44 178 116 92 130 60 151 -4 49 124 98 148 142 109 138 118 178 26 129 34 134 104 70 56 112 28 147 111 134 173 37 21 66 100 129 71 127 11 181 3 43 173 53 28 118 77 72 79 154 -7 26 12 67 32 10 174 24 -15 -1 54 10 126 78 92 69 129 71 80 126 102 26 41 36 50 20 44 169 169 78 79 130 86 55 14 37 103 153 5 147 
7 154 175 134 104 -12 63 29 64 70 61 46 28 20 156 83 179 21 153 144 36 68 142 171 177 130 72 13 142 73 6 145 37 100 67 146 4 69 14 -7 18 182 0 168 13 85 13 49 128 10 54 146 51 138 174 77 51 121 -12 82 140 68 17 81 68 157 -5 149 81 42 144 -14 78 168 79 59 178 155 -4 101 9 73 10 72 56 33 70 -9 67 6 97 62 9 112 166 163 66 77 125 64 56 107 143 72 12 114 -13 112 34 16 176 88 47 132 124 42 114 111 141 34 65 56 6 54 29 167 68 176 113 12 -7 42 175 17 49 -14 164 45 51 110 -11 35 178 25 146 2 101 -1 89 46 156 93 30 143 92 20 73 72 92 40 1 146 41 20 80 2 23 176 127 81 65 94 148 59 147 41 16 99 149 175 102 -4 35 169 25 2 35 16 141 19 -10 50 65 64 43 29 75 80 177 92 
100 143 59 96 141 90 145 168 19 175 12 131 72 67 17 133 90 107 83 81 127 79 170 79 -15 44 80 54 -10 146 78 -5 163 149 2 171 -5 71 156 45 58 142 138 115 175 81 96 34 177 89 123 120 121 142 -8 70 89 104 168 175 19 79 80 184 109 53 30 63 -5 34 86 89 46 48 110 -2 -12 144 182 -8 151 52 45 21 10 143 135 40 146 154 91 -9 49 9 21 0 73 69 87 78 127 123 21 -13 77 173 17 13 109 39 76 -2 51 60 7 167 171 170 169 117 138 108 73 95 97 47 126 126 135 47 13 141 30 66 75 68 58 93 115 112 5 38 98 125 134 82 170 62 146 -8 76 132 28 109 105 134 74 153 75 16 88 170 23 71 81 39 142 3 34 88 132 6 97 -11 184 12 94 12 133 171 106 -9 65 158 117 68 148 85 116 103 99 -2 3 149 134 10 142 67 103 33 
103 -2 164 63 75 28 62 44 78 147 98 182 80 168 128 42 159 27 3 75 -9 153 184 145 160 34 98 54 143 124 -3 45 0 168 42 44 50 35 107 76 35 120 103 102 126 171 176 73 145 -7 67 161 -4 143 0 65 87 168 107 -4 108 99 178 96 45 36 71 165 -1 42 152 141 103 153 -10 4 99 65 11 146 116 142 15 54 18 97 172 77 89 95 17 148 20 33 -12 -14 -1 44 123 65 -8 129 149 175 121 111 101 144 79 96 15 30 23 10 86 155 10 119 12 6 149 159 59 181 -9 12 -12 -14 101 94 142 177 64 -8 34 -7 113 51 85 105 11 26 93 68 -6 37 23 160 51 129 184 51 60 0 66 24 29 174 162 177 103 60 104 20 4 144 -1 11 80 132 125 127 166 133 173 77 69 127 75 116 181 64 71 85 29 162 6 28 103 69 110 46 134 76 161 43 102 143 -13 -9 
165 177 143 75 176 11 30 49 169 48 58 32 136 106 179 156 72 150 183 170 75 67 119 122 137 80 96 14 141 166 95 34 -8 44 -7 5 2 2 130 15 21 137 60 139 181 -7 162 183 85 2 141 49 4 119 167 173 128 71 30 92 65 38 75 47 129 52 4 92 67 164 23 80 170 -8 136 94 107 171 165 30 109 23 23 122 111 120 76 142 139 -15 123 62 115 165 127 179 121 57 104 41 -13 72 14 91 166 182 80 8 66 74 84 131 95 118 111 173 142 56 31 77 179 118 135 99 90 173 11 153 159 11 61 179 42 46 159 169 107 36 -14 -14 107 180 102 -5 171 21 155 137 40 22 64 171 136 70 129 67 86 -3 166 31 180 66 42 155 137 126 170 105 137 120 23 -12 141 155 -11 41 82 134 44 78 110 98 94 88 104 137 43 -8 159 92 26 85 95 6 121 144 175 32 174 4 
142 164 -9 165 104 142 167 90 11 -9 34 118 151 12 163 131 -3 183 11 184 30 164 69 125 64 15 40 179 85 100 125 74 -12 63 129 125 28 37 45 177 22 58 20 30 155 108 -3 149 134 168 74 115 43 28 32 36 55 173 144 148 58 50 -11 130 19 176 47 70 42 47 151 172 60 165 132 153 178 146 141 125 115 52 144 146 140 20 171 45 53 64 81 130 14 146 -9 28 121 33 23 53 33 134 68 -13 76 178 168 141 37 134 163 156 117 164 165 29 91 156 93 149 81 0 170 30 65 108 138 34 64 57 170 157 154 105 -2 143 102 160 33 178 11 97 14 74 163 94 120 107 127 36 96 -9 44 94 133 175 -12 1 96 -15 23 8 8 52 180 16 27 168 83 71 167 105 5 73 0 22 85 131 98 44 73 140 90 17 124 56 -8 118 54 103 111 60 55 174 24 66 119 140 132 61 
105 39 145 50 -15 119 79 80 -4 68 19 34 183 132 148 115 83 32 76 98 159 79 153 177 95 179 76 152 139 131 73 -1 3 24 113 68 49 140 164 105 87 -9 43 122 139 124 54 182 25 60 17 52 32 42 108 96 55 111 90 54 169 158 98 -3 86 18 53 72 21 86 87 129 -10 22 66 47 85 13 15 154 132 86 46 100 -8 119 120 18 -9 90 131 171 0 77 6 112 12 13 118 29 51 31 64 87 -14 48 119 39 92 5 161 6 102 149 37 57 23 53 183 119 72 36 -1 160 184 121 87 8 12 97 28 132 21 22 135 92 34 20 172 82 -8 -2 138 123 6 120 60 -5 70 70 112 110 145 133 -2 4 2 40 179 -12 134 127 111 164 138 -6 123 96 166 156 63 121 81 62 179 128 29 73 60 44 36 113 106 183 2 166 168 8 29 100 43 164 67 -11 126 134 107 -3 173 90 
167 175 65 92 48 -9 4 -10 34 79 117 -15 25 69 54 100 12 149 116 35 1 83 -9 122 114 172 138 138 -9 62 181 74 92 -11 90 82 44 23 52 44 93 106 79 101 62 180 -4 99 22 67 91 38 183 55 -10 155 51 29 116 -1 182 69 99 57 13 182 153 44 13 80 85 107 126 122 33 22 73 101 91 -12 -7 33 141 161 102 127 -6 130 7 174 161 30 169 114 31 87 10 34 72 113 163 33 45 131 -2 63 101 140 109 0 -11 88 27 125 18 171 78 26 73 52 149 129 84 166 166 109 96 83 12 89 165 90 63 1 101 43 116 161 9 136 15 133 88 -10 6 25 178 -4 128 66 20 172 125 173 28 168 152 182 175 142 154 -5 25 126 9 122 5 12 1 48 118 18 33 132 173 127 -7 108 180 149 -5 6 83 112 160 89 104 -13 164 141 -4 135 21 160 12 134 -9 43 61 181 
148 124 60 113 66 118 52 139 157 118 17 38 151 54 157 32 125 -9 65 0 36 178 175 71 171 161 53 82 131 68 61 -1 37 150 170 109 10 121 85 105 49 30 57 95 -4 2 -4 5 68 126 95 102 95 70 16 102 46 140 118 129 108 109 116 89 52 -12 122 152 58 158 48 82 29 54 100 38 59 122 70 7 150 70 -14 86 -3 103 38 51 94 170 141 124 99 166 59 116 -6 136 -14 7 97 125 108 -3 138 29 82 14 163 38 172 21 41 103 130 64 95 118 19 119 177 92 -5 42 38 119 74 152 174 16 75 69 176 103 18 -13 158 27 146 125 93 54 78 8 -8 65 54 75 100 36 85 177 137 144 24 12 95 65 65 76 112 158 37 120 69 154 82 28 -12 152 70 164 159 91 20 -1 96 68 -8 112 52 159 21 105 -10 64 172 25 62 178 24 104 177 184 88 0 50 24 124 103 
65 44 164 114 139 83 181 35 59 152 14 94 88 41 26 -7 166 155 54 58 58 155 158 101 112 120 115 6 150 104 -8 36 143 104 149 183 1 183 67 28 32 -11 89 -2 71 49 22 167 139 152 56 183 35 5 100 131 141 21 143 -6 98 169 45 60 85 66 176 37 40 24 132 33 143 19 160 -9 25 -2 183 -5 29 57 0 23 169 86 34 138 64 174 -4 107 149 181 173 15 131 131 103 162 16 156 121 178 1 147 173 162 103 58 70 54 98 69 143 98 69 72 96 0 162 37 106 18 119 11 110 44 2 67 88 174 81 45 130 1 -11 75 174 127 88 108 131 128 156 -12 13 81 166 17 142 144 91 25 73 182 121 83 113 36 97 171 29 74 19 170 174 107 4 173 116 157 20 12 -2 40 90 78 41 108 156 131 147 96 153 26 97 88 162 133 93 119 88 73 156 157 71 -6 159 51 
52 175 151 117 171 82 127 86 -3 3 -3 130 31 -3 9 128 62 24 -15 40 10 49 148 60 0 39 173 176 109 31 171 86 55 83 71 22 174 182 -11 76 155 59 47 164 8 86 110 -14 177 35 146 5 -7 135 92 67 128 28 -14 3 163 72 -13 47 76 127 3 153 -12 120 177 183 151 174 168 146 134 152 51 19 66 108 92 71 104 143 -2 125 184 103 169 173 131 -3 103 4 124 141 77 77 70 56 139 98 118 76 136 171 50 -6 88 21 146 57 71 119 62 105 18 122 25 90 36 175 132 62 -2 69 86 156 59 19 34 134 107 179 66 -10 30 55 59 28 -4 -8 176 -5 34 85 148 5 32 89 114 148 65 56 151 43 178 131 -6 132 86 26 -5 43 1 -6 50 74 68 143 -7 22 105 4 93 2 71 96 168 75 0 99 163 101 177 121 99 -4 129 182 25 133 -2 107 22 -11 156 152 
38 153 168 3 108 88 61 40 111 55 4 73 -4 132 137 127 28 173 123 98 16 161 92 125 66 118 171 158 85 29 70 101 143 52 -13 154 61 59 65 52 -8 32 162 55 128 134 180 62 78 20 65 106 102 58 -5 33 117 49 116 66 79 100 117 64 52 121 117 181 99 45 173 137 144 143 9 11 58 131 49 63 -8 130 -7 121 54 -9 86 57 122 118 18 176 60 56 130 138 69 -14 54 -12 167 7 56 -1 45 27 113 29 140 81 88 163 59 23 140 145 31 81 164 86 138 147 93 -9 149 131 61 -6 139 166 29 69 167 25 12 45 -7 91 9 124 158 130 89 138 182 19 138 -1 49 126 119 16 132 -7 -3 136 25 12 13 9 53 76 180 179 101 156 151 -4 -5 177 138 33 54 69 67 67 73 102 59 102 125 80 21 86 80 112 90 -6 96 162 11 102 179 6 41 60 97 142 10 107 
100 156 45 19 70 105 -9 175 156 25 174 123 98 141 -1 40 143 161 131 174 66 135 168 34 165 35 -11 81 9 41 5 179 139 164 7 3 37 64 181 157 104 34 61 -7 72 23 133 32 120 90 154 172 64 26 146 69 4 115 135 65 55 91 111 115 152 105 107 24 52 -15 77 150 -4 146 -2 30 80 124 22 19 92 20 157 11 153 83 -7 182 -1 158 161 29 83 150 90 164 124 146 0 19 138 -12 7 97 -8 10 2 114 113 158 52 4 49 168 13 4 150 2 151 54 -1 180 49 44 163 153 116 46 85 58 173 179 111 145 83 151 61 137 25 78 27 20 61 -8 161 84 -6 54 174 95 106 108 -5 125 89 7 65 20 126 88 78 70 51 -15 -13 40 72 104 -14 6 154 82 103 54 10 66 76 154 179 -14 65 122 36 137 91 73 103 173 52 87 136 59 156 183 98 109 39 177 127 155 
127 163 151 141 52 51 11 80 184 89 113 87 63 59 171 180 39 0 84 87 117 137 -14 134 49 29 178 182 170 140 88 145 157 183 142 128 146 157 127 130 -9 105 149 -2 137 98 -8 46 32 51 127 149 11 172 68 130 68 136 59 125 45 162 147 -15 91 41 -8 74 -15 -5 112 153 144 145 5 150 78 15 2 118 141 64 170 86 14 7 93 102 165 1 180 145 87 89 183 100 25 179 37 100 66 37 36 29 172 59 169 169 79 131 91 157 150 48 179 114 70 107 158 51 109 118 46 115 184 122 30 49 95 172 181 118 76 140 92 5 178 22 3 164 -14 52 1 -5 124 44 27 107 116 150 183 81 107 81 105 58 184 6 70 169 -10 124 63 63 168 142 56 74 178 10 34 9 17 100 125 103 -2 122 90 63 151 33 72 135 183 48 37 23 32 3 144 3 101 107 28 127 20 28 160 3 
132 31 29 0 76 177 47 162 60 -12 48 102 168 68 81 133 138 45 90 -15 31 59 108 168 173 25 93 63 74 70 -13 65 49 30 157 152 33 37 135 91 71 145 148 105 53 16 121 4 115 62 87 42 13 132 41 56 20 15 135 111 66 85 75 172 144 109 122 10 50 78 108 155 174 160 175 39 -8 83 89 180 170 157 150 79 106 32 177 98 109 43 13 134 58 7 14 147 146 141 99 142 87 54 144 153 -15 3 154 1 97 -2 169 5 72 49 5 178 167 118 162 -1 13 110 150 157 76 86 13 150 61 166 34 3 62 -4 33 62 105 73 139 7 70 66 97 -11 99 26 117 139 180 30 69 38 118 17 1 124 8 184 136 151 75 153 141 73 57 184 -8 98 173 2 58 96 81 78 97 127 110 8 117 57 55 55 122 104 23 162 167 106 100 119 166 91 52 4 37 161 15 50 53 52 
77 22 113 37 58 137 144 145 6 147 175 149 66 67 65 156 168 43 144 63 162 -14 73 157 -2 121 178 -5 41 74 103 -11 81 -3 166 117 159 165 168 115 101 27 97 23 148 153 -7 131 178 154 36 180 66 96 111 170 67 70 52 126 -2 16 16 180 162 55 59 -15 34 33 151 14 154 32 92 110 -2 81 92 69 180 -7 115 33 10 43 25 -3 123 85 123 67 182 -12 118 138 175 92 62 8 98 157 62 162 134 42 104 98 38 172 96 153 22 86 156 21 156 106 7 140 140 165 150 -15 145 182 90 14 153 68 119 83 -8 41 -11 150 87 73 149 36 -9 -8 62 39 88 -5 136 33 -9 141 8 15 40 37 102 137 8 174 -4 137 70 176 80 130 51 165 75 11 143 6 147 60 134 22 -3 160 115 111 39 116 100 124 30 7 54 167 83 75 146 -12 156 43 152 174 24 -12 139 65 82 -15 
38 151 49 97 45 30 167 52 47 26 49 143 161 111 127 44 127 82 165 102 -1 97 41 3 -1 87 6 58 16 85 56 87 -14 21 48 132 27 97 -14 -5 138 28 86 73 113 142 172 61 178 78 92 82 168 155 44 33 121 4 115 131 171 25 166 5 149 -7 72 109 144 85 56 139 158 109 141 28 25 137 29 131 7 179 39 72 116 36 45 158 8 147 143 56 83 29 100 100 167 41 17 91 157 140 31 47 50 21 176 149 59 1 178 5 126 145 127 48 67 90 140 42 164 70 17 168 97 25 97 44 54 175 19 70 -15 156 119 117 39 20 53 70 38 52 50 172 24 0 5 177 6 23 49 52 131 28 107 164 83 126 87 12 140 34 13 127 180 111 50 -11 27 58 141 183 50 59 103 96 68 168 94 156 180 49 76 37 103 36 11 132 75 154 148 21 65 25 41 166 87 -5 39 17 
160 119 8 135 8 39 175 48 171 138 -11 33 29 138 44 13 16 48 170 47 169 87 81 62 11 54 45 50 9 -14 117 150 -2 156 61 31 119 -10 27 172 -13 28 49 47 58 105 98 139 148 15 56 109 51 147 6 168 76 24 170 164 146 139 173 55 75 183 109 102 87 130 171 -10 54 95 105 -2 98 182 102 15 93 17 149 111 107 8 162 178 99 103 167 51 162 126 15 33 73 50 169 133 145 154 174 123 84 124 126 7 141 113 40 50 -14 70 129 69 17 92 111 5 1 163 -10 112 114 171 3 63 152 3 151 4 52 109 22 110 99 65 16 154 107 98 16 92 44 54 179 55 19 169 -5 137 77 68 93 106 -15 42 48 63 14 156 143 114 160 157 121 20 173 104 15 174 13 113 85 92 25 81 -12 163 115 126 183 133 71 154 101 146 56 27 119 25 77 -13 35 88 54 9 96 72 
18 56 66 -4 170 86 24 51 36 63 180 52 136 131 59 98 -1 85 110 72 102 126 136 182 133 42 -14 77 44 25 59 152 -8 0 51 3 115 -7 129 168 90 144 147 96 107 104 95 71 30 126 152 115 123 91 171 174 52 96 155 154 69 13 9 124 33 154 120 4 47 26 184 156 149 101 153 63 147 141 51 37 171 139 163 60 151 154 16 80 20 124 7 14 94 165 132 157 -12 29 58 -1 30 -7 125 31 52 140 -3 82 168 -6 102 51 142 21 78 18 11 100 151 157 164 136 46 114 17 153 98 131 154 137 121 75 184 151 71 152 15 70 17 169 82 159 49 146 112 101 106 126 158 23 39 164 157 139 7 165 125 1 100 93 98 54 36 80 62 170 136 183 135 132 51 -5 58 84 76 26 88 169 128 175 72 5 169 174 182 37 68 168 138 13 146 4 172 92 101 119 143 140 110 166 
83 28 140 -7 95 65 119 170 94 155 85 14 98 172 77 27 103 102 35 19 1 109 4 95 104 59 10 120 67 -5 10 146 179 32 99 19 122 47 138 130 163 81 100 83 139 6 155 42 24 39 157 165 121 26 121 7 31 -5 36 35 3 57 171 78 152 79 42 16 89 156 108 99 6 173 124 181 -5 97 115 107 34 150 -14 183 35 114 171 -12 72 140 83 6 14 124 147 55 41 104 87 88 182 33 94 181 79 118 180 60 -5 -9 20 -9 28 68 106 168 37 175 8 157 156 135 -9 100 124 150 80 48 134 109 91 28 113 175 144 79 151 140 29 2 58 143 24 30 47 129 108 145 57 -9 9 42 121 82 7 75 21 -2 163 31 127 29 110 -12 152 116 98 146 101 -10 167 140 136 -8 61 39 177 166 -14 -7 79 60 6 180 121 118 45 11 -14 52 12 -12 -3 160 72 143 69 18 44 70 
-15 -10 -6 37 110 132 -12 3 84 9 2 81 149 28 78 115 52 148 55 181 -5 72 91 177 95 102 9 -10 -8 16 -11 178 107 59 77 75 82 98 84 18 144 92 21 137 181 129 99 126 120 170 158 49 118 73 56 27 22 151 88 152 143 -3 167 110 12 13 25 94 -9 10 79 50 107 109 179 112 142 138 123 142 47 154 145 30 -11 18 178 12 -15 3 46 78 108 67 24 11 27 37 79 127 98 140 155 110 143 22 115 15 1 183 -9 59 129 130 178 173 -1 48 -14 44 40 -14 123 135 102 9 97 97 121 177 117 -2 61 72 49 12 28 93 39 45 117 175 167 116 140 132 151 109 4 92 25 43 19 -4 63 20 -2 159 106 95 108 50 19 50 -1 7 17 181 48 116 93 59 178 172 130 57 170 23 66 -1 -11 22 60 0 67 90 114 85 131 133 -6 38 183 168 107 123 -8 159 35 80 
5 82 94 136 169 181 -14 139 82 99 -7 123 129 166 78 51 71 -6 123 105 101 -5 91 134 47 44 67 43 -15 97 -1 14 10 15 -6 149 0 -6 53 -14 21 88 36 88 1 61 118 5 167 -3 12 113 132 129 75 62 118 -12 157 95 145 166 124 94 152 107 113 -7 113 84 140 101 74 118 173 -10 35 97 139 78 132 60 35 132 145 63 83 142 155 178 39 90 104 164 11 73 -2 46 106 85 108 169 175 125 41 181 82 87 129 11 118 157 -11 134 -15 11 123 77 35 7 30 124 42 58 -9 68 84 78 60 120 39 137 48 154 6 41 98 37 181 152 75 92 87 107 106 106 157 21 75 132 170 57 128 132 165 -9 93 143 183 142 130 49 38 148 157 -9 32 138 70 110 52 124 55 139 166 -1 132 34 -15 91 71 106 -14 3 176 144 50 34 90 28 36 41 9 121 72 143 19 -15 143 48 
156 24 120 160 151 71 90 10 154 164 3 140 81 24 161 62 14 66 167 -5 31 18 90 22 144 152 44 169 51 182 9 74 69 99 40 79 171 122 52 59 76 -14 116 113 97 95 128 25 26 137 93 1 51 -13 114 174 159 95 60 67 92 184 159 -8 -1 160 110 87 17 75 -3 139 179 147 132 10 141 142 7 125 109 93 140 5 118 158 -4 -8 -9 164 -2 -4 46 5 105 59 181 -11 -8 48 123 -6 -13 50 54 31 163 -10 -1 172 5 33 102 70 60 182 161 139 8 149 87 9 35 181 146 143 46 99 92 108 23 19 112 126 38 31 5 118 121 166 183 107 148 30 158 172 4 101 171 82 46 20 7 76 -13 62 151 45 72 111 94 35 171 112 73 1 24 98 80 88 93 113 131 50 82 4 108 31 62 154 164 27 54 -10 56 47 110 142 13 70 117 104 153 20 12 62 21 130 31 173 
40 -11 96 160 181 88 40 114 160 47 24 20 -12 158 -1 -13 113 32 -12 45 116 132 110 126 120 45 90 -2 100 42 5 117 -12 -3 58 27 60 -9 6 129 98 20 155 139 84 11 2 42 74 177 116 157 5 -10 -5 64 184 160 116 104 182 143 8 69 141 57 3 -7 129 174 20 -8 91 14 151 176 19 170 135 27 76 57 88 147 151 52 171 182 51 76 43 -14 132 162 121 3 57 111 -5 26 139 173 74 152 146 126 147 83 -6 35 -10 24 70 16 102 82 123 110 56 17 1 9 55 47 181 171 15 71 178 136 1 119 138 36 111 0 183 18 17 171 31 23 14 54 184 125 126 48 112 4 56 113 128 102 176 173 81 -6 180 98 88 37 22 88 134 59 164 33 3 83 -1 9 20 60 73 80 123 162 66 -11 110 22 28 53 170 133 166 181 121 104 54 116 145 -12 67 140 32 58 17 122 
149 18 6 20 41 131 149 4 69 -2 161 178 101 36 116 30 110 45 120 38 44 19 70 132 159 95 141 172 31 130 142 181 110 13 150 125 36 29 83 66 57 137 154 71 166 167 184 43 77 15 103 8 90 13 140 59 114 28 159 7 123 81 -5 127 84 94 150 60 111 32 67 155 -12 84 62 19 144 117 151 -3 173 49 51 77 164 68 0 16 72 157 104 -10 -3 176 87 154 -15 84 160 24 34 134 44 159 152 141 133 -1 172 103 -13 76 120 52 4 19 -7 154 137 100 107 -15 159 25 4 24 115 -2 68 38 34 138 -5 110 80 109 76 141 87 138 144 94 114 31 110 32 2 34 169 54 161 78 106 111 13 103 153 47 95 98 70 14 101 81 52 119 157 46 168 -12 115 61 -10 72 109 -10 118 93 157 115 181 168 30 95 134 137 90 176 50 23 99 71 166 163 57 22 156 35 148 81 
149 179 43 47 126 135 4 58 128 140 116 141 108 175 -7 31 62 62 86 86 97 38 15 5 116 141 102 120 52 145 77 135 50 48 101 33 102 98 78 75 4 171 32 -14 158 109 82 13 114 118 64 -2 -11 166 -14 163 88 164 3 128 179 57 152 103 79 157 -14 178 160 56 5 160 -13 92 57 143 171 113 152 170 -13 33 26 35 183 94 142 49 163 184 2 85 105 155 4 -14 125 104 2 4 171 123 71 170 28 101 183 102 12 51 77 141 23 103 42 10 -2 157 65 8 132 17 105 24 94 111 83 -9 19 51 20 148 168 58 53 169 127 32 169 103 8 131 47 39 112 -8 -15 94 146 109 156 -8 132 79 -7 33 3 109 59 104 137 125 18 12 46 37 79 -4 124 148 81 18 80 50 111 15 86 61 -1 13 68 117 39 -8 10 19 146 159 119 149 -11 146 104 85 138 20 125 -12 164 131 
76 81 149 102 179 78 101 -2 88 132 132 55 35 -3 121 9 94 147 83 107 155 184 112 47 15 125 29 84 -11 183 78 159 79 126 46 171 81 176 137 155 6 166 31 94 111 149 100 51 152 144 126 68 53 108 62 15 118 36 11 74 151 46 75 8 75 13 76 98 -6 16 122 95 176 20 17 63 120 53 86 60 137 155 65 131 184 138 117 25 101 42 68 89 82 17 28 13 122 69 182 83 119 55 17 66 175 84 146 20 151 174 16 31 72 122 61 167 113 139 15 30 133 31 127 79 119 184 1 183 83 86 78 109 119 -5 166 91 -6 80 10 13 19 22 178 90 165 23 146 113 66 85 10 126 157 91 181 53 157 83 106 133 39 24 146 57 82 158 1 67 33 62 73 146 100 94 11 38 65 32 119 56 130 74 143 144 134 110 94 146 52 67 110 152 108 107 3 94 129 78 42 97 
173 184 31 82 67 134 77 154 67 55 118 14 89 48 109 124 95 40 34 46 124 70 135 72 -4 -8 105 181 139 141 57 126 37 -3 -13 5 151 167 -10 55 11 67 149 120 87 169 -10 52 56 34 169 107 54 78 -13 -4 111 133 12 133 88 114 5 42 161 84 14 28 49 167 15 132 113 3 -11 40 -3 108 152 45 73 74 107 62 17 121 27 68 12 19 115 159 145 77 63 100 25 -1 184 119 47 160 8 50 6 137 118 158 19 89 84 138 19 177 23 10 149 49 167 9 99 171 183 91 172 -3 63 36 -10 -11 177 133 131 16 73 48 -6 4 152 17 47 120 58 96 5 -8 -2 5 83 92 6 179 20 139 81 48 68 -12 -11 155 23 134 72 87 12 -7 169 7 163 172 42 -14 139 88 170 34 159 133 80 55 10 132 66 9 64 109 47 78 14 145 9 9 141 50 23 20 67 162 177 47 
11 9 46 89 46 131 131 134 50 146 -11 97 18 128 17 76 70 31 121 183 -4 180 146 181 71 49 148 29 127 107 129 95 145 115 154 173 49 1 142 156 61 109 13 155 123 24 20 92 182 123 49 24 -11 53 113 72 181 75 104 1 24 163 145 120 53 123 31 110 -14 0 156 133 152 136 143 180 102 115 51 80 129 32 109 20 66 76 70 113 23 73 19 81 183 52 129 65 32 95 173 133 164 145 146 137 -4 34 76 109 162 43 77 136 45 69 118 177 -7 138 1 153 -10 17 -12 37 154 69 105 11 -7 96 115 26 108 36 171 183 39 179 76 109 136 -1 84 165 181 84 -4 95 164 149 74 40 121 84 13 28 -12 166 120 117 121 22 163 68 116 89 110 160 148 147 79 165 151 55 142 175 62 -12 167 63 139 62 80 165 0 115 28 39 58 8 71 112 150 34 123 28 3 169 -6 27 
56 9 53 125 31 36 76 85 -6 125 23 97 -4 86 93 160 -12 148 74 141 70 73 142 3 90 58 140 130 121 -14 176 89 53 175 141 -12 160 44 30 120 24 71 91 164 154 107 7 34 92 89 159 167 55 90 173 167 -3 88 30 157 79 6 96 122 130 13 121 82 51 168 36 111 17 34 141 129 82 63 39 99 64 176 163 36 173 171 52 92 69 115 41 149 180 3 10 109 64 161 71 -7 111 8 109 35 75 22 171 143 117 104 156 75 33 179 133 -3 113 45 90 169 20 -6 60 171 -8 107 30 74 5 -12 176 -10 44 85 123 36 -15 43 22 47 156 0 80 56 174 1 23 17 90 86 152 167 105 151 112 111 108 93 19 50 51 30 123 75 179 165 132 1 40 2 133 176 -9 166 -15 13 103 73 119 25 48 151 54 93 93 105 -11 80 119 184 131 109 10 119 2 136 75 130 113 26 
82 169 -14 155 140 169 64 120 -11 165 14 37 -4 -15 132 -4 95 80 155 15 105 22 68 162 33 -8 171 53 84 146 130 48 94 81 91 96 53 91 133 161 103 76 68 28 165 107 178 132 135 92 42 107 114 62 55 98 120 175 96 129 23 127 -2 75 140 75 137 6 105 163 24 -7 133 102 112 63 19 156 32 132 150 61 154 77 -13 144 99 44 111 70 39 156 99 136 23 58 61 85 108 13 33 161 25 48 143 75 116 165 47 54 157 164 18 139 -6 164 123 20 34 169 63 139 104 55 152 84 123 86 144 145 164 7 4 117 175 29 78 123 14 15 168 136 138 173 134 174 139 65 19 -6 42 81 39 144 -3 34 47 133 43 127 85 54 97 -7 10 7 35 -15 -7 142 15 149 62 90 7 79 31 182 101 140 34 50 92 -5 151 12 60 124 111 26 79 116 61 75 170 142 139 23 150 99 
-15 93 95 62 138 180 156 41 159 11 96 164 152 -12 40 168 119 102 71 150 32 -13 110 133 159 42 184 12 176 142 85 100 132 134 133 106 162 126 24 156 77 109 76 178 21 128 30 -1 144 176 44 -9 162 160 42 67 43 50 43 19 32 154 163 -12 156 90 115 122 169 -8 141 167 89 53 -8 173 18 -1 -10 57 137 89 132 152 78 33 25 78 89 27 51 68 179 164 87 138 -7 -14 23 46 148 58 121 -13 44 121 5 102 78 15 167 -11 155 1 54 129 -13 78 4 165 154 101 120 23 154 -3 48 167 17 44 50 133 -11 156 165 104 37 59 75 140 33 42 66 180 -3 64 36 41 58 151 171 105 69 64 -7 139 116 -13 159 162 22 122 -12 64 139 -2 129 181 172 73 34 88 76 22 175 -11 175 70 4 128 17 -11 142 113 179 76 55 161 90 -8 52 -13 8 170 -3 78 174 112 84 -13 
66 173 114 170 30 85 134 17 81 3 23 127 91 110 116 46 75 -7 122 56 -6 10 111 148 21 78 44 136 135 43 160 65 14 133 18 97 175 173 39 40 84 183 125 94 165 115 15 0 53 7 18 17 110 -5 175 155 151 -3 131 94 53 181 35 0 88 91 155 141 24 48 137 105 95 163 182 12 153 157 45 14 129 39 135 163 45 146 134 160 69 110 128 159 56 104 78 15 41 54 102 0 48 149 61 101 75 93 33 18 62 34 -1 32 160 143 32 -1 104 78 66 156 88 3 12 131 33 66 41 143 -1 -10 168 23 183 100 35 123 158 54 88 176 -4 28 125 7 145 72 143 125 182 25 68 175 167 91 159 140 135 109 164 23 141 171 140 157 22 172 163 76 58 -1 25 173 -13 2 54 131 164 115 34 60 39 66 123 -8 74 54 184 95 74 119 6 168 48 165 137 0 -13 23 141 71 
71 70 61 17 -4 3 140 171 178 54 42 53 164 97 169 55 -6 140 105 7 59 170 80 66 -14 172 78 144 1 156 81 125 163 117 148 13 175 -7 -11 136 -14 107 143 71 3 30 -3 118 149 61 8 170 89 13 -14 44 162 -8 92 38 5 155 150 166 120 18 141 17 106 51 58 106 4 88 144 43 103 25 14 178 181 97 150 72 60 152 108 71 97 25 139 -14 145 92 133 57 134 151 34 180 135 1 -5 136 57 15 63 152 133 58 85 70 138 57 27 58 101 35 86 122 21 135 51 -13 52 48 38 38 75 59 153 7 133 -13 63 154 16 167 114 175 95 90 58 40 147 83 166 95 26 -2 112 46 112 51 164 25 94 125 57 159 129 150 131 97 69 65 16 1 129 24 50 175 84 159 68 168 80 184 1 177 86 121 161 34 90 3 181 46 128 36 101 105 55 0 136 3 134 43 124 117 
-12 130 95 145 20 122 141 183 153 169 2 53 -10 36 2 151 -15 184 79 151 41 14 172 175 62 81 104 36 120 177 12 21 34 -3 40 29 56 52 115 117 31 76 42 -2 140 -9 83 68 111 91 66 135 113 137 52 167 -3 33 10 133 11 171 24 106 82 1 183 66 71 3 87 73 17 11 129 41 103 114 44 130 156 146 158 76 25 135 14 -7 92 128 -1 22 88 145 24 3 125 150 122 17 73 145 73 68 31 44 175 105 71 118 141 57 118 143 171 150 144 86 50 70 51 70 152 150 -10 36 163 -15 138 52 26 33 95 164 73 53 170 113 163 68 101 161 85 176 111 105 -8 22 38 184 103 -10 163 59 82 126 85 -6 147 100 1 115 -1 59 136 94 174 157 105 -15 79 34 40 20 5 120 23 56 47 12 68 35 7 16 155 167 80 149 174 21 62 35 146 75 17 126 20 85 -14 83 
92 163 9 28 168 120 53 96 -12 147 126 -1 121 1 144 20 3 58 1 140 112 131 21 118 46 141 -9 27 100 171 67 40 59 113 146 138 -10 35 165 89 88 36 126 120 117 121 51 52 28 101 4 178 19 126 152 86 52 111 2 42 -9 -1 34 44 15 66 49 67 73 55 165 -13 10 42 14 166 33 83 88 62 125 126 -14 168 112 116 6 147 60 58 171 10 69 65 119 86 15 -10 120 184 113 51 61 85 59 149 160 122 108 127 95 178 71 -1 179 70 166 167 153 52 79 183 79 60 70 17 41 63 124 45 -11 144 167 78 148 87 146 109 34 164 46 5 71 169 120 14 87 35 85 22 79 58 28 85 57 111 -5 183 10 14 149 63 162 60 154 138 43 106 -1 138 13 155 7 21 98 10 138 101 46 72 102 177 97 -3 3 163 160 140 35 107 16 52 114 36 45 3 -14 150 50 126 
18 52 9 183 152 127 14 150 100 155 -1 180 112 7 -1 140 149 83 155 50 15 13 140 128 115 29 14 134 103 82 89 106 -12 164 70 65 64 123 140 181 31 167 91 16 67 106 136 167 17 76 139 98 149 13 14 171 1 64 119 5 178 118 167 79 132 56 116 169 160 25 20 -2 -6 99 138 59 87 113 142 31 7 38 184 99 183 -4 158 148 123 134 7 -9 74 122 150 52 122 137 98 22 78 34 181 106 69 174 124 182 117 20 71 60 95 96 130 62 125 136 43 100 49 96 -3 61 16 110 148 106 175 56 177 145 92 28 40 184 145 16 169 112 28 132 100 21 170 12 -15 147 38 -14 62 11 92 108 114 102 91 178 98 129 82 -13 145 9 66 72 166 -15 -12 113 33 170 -11 103 21 123 31 145 28 145 122 -13 127 168 75 124 182 163 115 38 88 16 51 108 2 151 158 79 13 101 
113 121 107 164 30 70 82 181 55 55 109 65 97 57 70 4 166 30 97 83 64 -13 -11 104 163 57 148 27 58 7 -10 99 141 160 56 61 41 153 18 52 65 167 146 42 20 166 107 86 110 116 58 23 43 -1 67 168 81 44 150 116 182 2 24 -13 10 182 80 86 174 121 183 168 29 167 27 5 65 97 78 95 66 133 66 70 19 35 64 160 45 108 -14 91 72 23 165 182 31 108 51 86 43 -12 15 64 123 48 178 1 147 -15 6 182 2 64 -6 170 120 104 149 106 72 121 62 47 170 110 11 36 -4 152 72 134 58 124 43 84 108 162 94 39 63 80 36 172 167 127 48 152 35 61 74 36 25 18 27 169 75 54 51 148 42 131 57 93 -13 7 179 117 183 30 6 183 15 45 32 1 183 137 108 178 147 81 47 -10 176 105 128 168 116 161 125 55 16 94 148 116 28 71 22 155 
60 138 147 88 -6 160 10 140 157 142 120 128 168 118 59 113 13 149 55 77 116 54 161 133 78 23 130 115 143 27 126 -3 100 104 -11 35 121 57 42 38 102 -10 2 9 107 43 -9 61 33 118 126 87 59 101 70 133 165 96 -13 89 84 170 97 52 70 110 140 -9 11 112 15 150 44 -7 43 118 131 143 75 161 75 45 103 15 25 22 21 15 124 160 142 30 1 78 -8 0 18 142 143 53 8 53 42 5 22 64 132 175 104 52 63 13 -4 96 80 133 23 121 167 12 51 -10 -11 124 104 46 59 96 137 47 112 68 184 56 83 138 53 177 26 91 82 57 27 163 90 0 153 168 -12 46 178 164 51 132 86 40 32 114 161 36 130 136 29 181 140 81 90 62 127 77 160 34 154 22 159 57 104 -11 -4 177 17 166 182 150 139 -7 66 45 -14 74 52 125 45 59 47 24 35 1 31 -7 
86 4 164 165 -1 163 170 87 155 -8 175 103 36 127 125 59 43 117 97 25 60 -2 34 139 42 159 158 52 94 38 161 90 114 135 176 100 -6 112 157 150 77 103 100 147 0 -6 5 -14 3 8 50 92 145 110 68 -3 26 148 -15 145 99 33 90 17 105 140 34 110 42 149 8 117 181 116 49 68 154 16 175 100 36 106 135 15 -10 114 162 156 148 34 -6 8 164 107 112 15 165 93 115 -4 7 171 91 69 155 -11 134 83 76 151 171 112 5 83 158 122 77 99 84 15 1 161 15 137 65 -6 76 164 14 64 162 45 -15 120 30 158 32 148 109 31 5 81 121 71 151 43 136 60 45 31 113 15 -8 169 49 115 32 48 181 183 178 23 161 170 129 157 104 175 91 183 125 178 5 -3 1 169 57 154 85 6 30 95 91 36 169 99 104 87 67 172 53 169 35 73 126 139 -10 27 42 57 
-12 152 5 177 172 74 42 37 155 152 93 -9 129 28 104 133 28 21 20 53 25 13 162 90 136 14 82 47 144 152 28 43 123 6 78 6 -5 106 30 148 85 38 48 136 101 76 65 98 178 8 108 68 27 5 5 121 178 45 53 110 32 142 -2 150 177 137 104 137 58 132 67 181 168 10 109 88 66 73 70 36 170 29 18 180 88 163 94 46 104 168 -1 138 21 51 176 66 173 161 19 161 71 8 10 57 67 101 141 184 105 98 134 123 132 154 164 30 16 151 -3 122 98 46 152 128 39 153 106 22 80 -2 -10 63 76 38 138 135 126 176 176 152 161 182 -5 142 73 -15 171 146 116 81 2 13 128 143 79 171 111 -1 147 154 113 32 123 51 72 78 13 184 98 129 182 175 138 103 139 118 112 120 126 47 -14 49 12 158 35 -13 85 145 -12 28 116 39 128 79 128 -12 92 128 -15 148 
182 58 -1 61 69 156 79 147 81 161 127 46 21 31 125 70 42 43 42 154 182 58 117 165 61 155 182 98 158 108 -9 106 154 122 2 12 80 149 7 36 21 170 100 174 42 -13 83 68 46 101 94 95 69 24 38 123 97 108 68 62 57 -14 119 19 71 49 168 49 30 10 106 97 19 181 15 -8 99 93 86 145 94 154 89 152 18 174 86 178 59 19 4 48 2 10 81 14 164 30 113 55 132 11 146 83 107 121 38 148 103 6 88 37 138 130 42 100 28 76 -9 137 19 -2 44 151 35 148 37 -4 145 91 21 164 132 144 13 122 62 86 145 81 94 132 128 183 114 118 139 171 124 10 -1 17 -6 158 14 124 -5 145 2 12 70 55 148 40 37 113 116 149 138 36 178 55 73 -8 -3 167 167 140 170 159 25 73 47 170 175 108 40 175 178 -1 145 15 108 10 117 36 15 6 183 5 
170 99 16 -9 135 -5 40 79 120 86 160 109 147 143 55 59 35 158 -13 103 145 56 90 28 170 180 122 128 -5 95 94 105 99 99 74 1 72 155 57 180 173 10 172 160 34 149 62 21 92 150 22 164 183 74 77 -12 113 149 -7 147 168 133 16 106 183 28 105 20 69 146 64 145 175 66 72 174 -9 35 -2 31 172 123 115 7 76 167 66 135 71 6 99 53 119 86 71 39 -11 174 -3 41 5 183 100 180 180 5 -6 71 17 162 109 73 50 84 72 104 1 126 40 116 127 101 39 96 62 172 97 42 61 162 141 80 88 33 23 141 127 179 75 28 40 0 60 141 143 171 38 14 -3 158 32 156 70 51 159 178 7 -11 23 -8 24 78 67 112 -9 114 175 85 61 35 27 45 117 79 107 97 146 23 125 26 64 121 130 182 38 72 97 163 122 123 161 75 13 75 37 33 41 89 157 179 
8 127 58 81 31 133 122 149 67 40 149 115 98 54 142 67 110 181 134 172 5 132 110 51 108 74 -12 100 166 38 49 33 39 134 16 17 126 -12 96 42 26 126 -3 82 156 13 60 18 14 24 86 180 18 34 24 87 -2 25 56 -7 54 25 90 156 35 168 52 60 179 147 110 32 152 49 23 118 21 166 100 156 119 115 105 125 112 156 141 56 122 178 17 79 -14 -6 170 142 123 45 87 139 -11 162 164 78 20 73 121 72 174 169 157 73 8 165 15 -4 72 42 22 174 -8 84 111 87 105 73 63 183 71 174 145 141 20 168 42 148 183 166 52 16 -10 54 88 0 73 85 71 11 41 83 43 127 1 -10 121 168 20 38 2 151 -1 33 -14 147 96 151 184 -12 8 25 80 13 37 173 165 145 154 53 139 42 91 -7 171 14 52 10 96 163 26 81 67 21 132 31 106 -11 106 110 14 43 
167 144 108 184 11 95 148 -11 68 44 81 121 23 91 24 105 161 -9 156 72 -13 42 129 145 77 176 104 26 161 61 11 140 84 156 42 104 41 130 180 52 175 66 97 166 131 121 40 9 89 77 157 150 159 114 142 148 82 45 117 11 38 69 72 141 24 22 120 78 78 47 95 30 81 159 61 124 105 172 44 77 170 12 27 77 159 31 16 30 12 140 154 47 8 180 181 118 130 132 55 97 138 -9 179 25 4 -5 180 65 97 178 180 102 159 140 125 127 34 51 112 94 138 103 84 167 135 123 178 184 58 16 127 10 -2 56 169 48 39 78 -3 181 18 -4 80 83 45 37 52 25 56 108 46 -11 44 36 126 26 179 10 119 59 9 128 119 25 161 -12 57 81 -5 48 -7 122 44 -6 -9 93 38 175 177 -10 162 124 18 34 163 45 159 137 -3 2 115 134 126 62 121 5 27 113 154 148 
54 105 152 29 143 157 155 11 121 162 137 99 47 65 83 94 166 129 134 68 4 105 95 178 65 41 -13 70 125 9 158 51 82 -15 26 169 12 19 26 126 54 70 175 19 71 181 51 0 173 -8 140 146 176 48 43 -2 162 16 78 102 142 99 -13 91 119 57 6 59 10 -2 181 166 46 172 170 140 154 39 112 97 81 97 169 123 122 104 31 11 130 45 122 34 62 55 178 119 19 151 86 118 89 -12 84 34 80 2 1 142 9 119 83 169 32 14 149 72 9 128 147 105 -7 79 55 61 -3 68 155 116 113 132 160 112 66 7 182 139 -12 130 53 66 180 53 -4 71 181 38 144 161 -3 159 167 143 117 70 76 133 -12 44 62 149 142 1 61 169 116 150 149 96 43 58 14 8 169 153 138 67 157 1 121 77 111 151 -14 29 184 170 27 58 171 102 -6 16 -5 85 125 74 175 160 103 66 
132 52 76 151 178 147 151 -1 138 31 17 101 102 175 21 108 153 27 82 101 72 178 137 125 169 79 23 3 11 135 -11 144 151 46 62 176 -2 179 25 176 11 25 40 137 18 15 176 164 160 26 154 118 85 -7 25 93 144 113 101 155 -15 50 135 3 77 138 174 82 117 9 9 153 176 141 134 80 99 71 3 124 54 45 123 -12 161 177 115 112 38 178 165 19 153 97 156 123 -3 -9 42 94 88 13 167 56 10 172 43 146 82 95 45 53 26 133 108 15 148 83 183 77 53 1 0 42 161 84 54 23 7 101 35 -4 54 47 -13 53 136 78 86 80 30 119 32 158 181 66 31 161 55 7 156 93 132 72 158 97 91 67 83 32 -12 164 129 59 88 152 172 -15 -13 116 80 114 104 23 42 88 101 93 50 175 17 166 20 39 100 150 -9 112 182 86 20 149 91 108 131 179 124 182 115 68 
73 108 17 39 22 39 12 163 180 20 158 36 2 54 173 100 124 123 90 70 2 61 57 183 84 157 155 14 124 43 97 125 20 144 89 104 3 111 30 46 58 -7 -13 174 35 153 40 172 148 111 184 83 112 65 42 117 143 39 183 105 48 53 11 53 -4 142 24 44 20 167 167 105 117 51 136 13 171 21 61 118 -4 170 169 152 39 80 142 40 93 10 32 -9 110 150 180 155 111 160 54 156 179 120 121 86 151 169 111 2 58 36 163 146 37 53 13 133 0 43 79 183 133 62 126 61 160 84 107 176 159 13 114 128 47 160 170 170 167 85 182 45 9 124 164 41 118 142 84 73 9 139 91 51 7 147 57 102 174 89 15 35 107 21 109 135 184 129 147 184 118 174 62 69 95 127 94 123 32 22 158 181 108 -2 107 -12 76 90 16 184 118 180 49 125 4 32 15 178 15 -15 140 126 
131 36 63 -5 116 100 42 23 145 46 42 -15 1 38 39 113 171 9 173 75 58 157 73 78 41 29 8 48 155 34 21 68 14 143 1 166 169 51 16 142 107 124 17 4 118 122 118 19 141 89 158 128 89 164 39 69 154 94 103 161 116 98 149 123 152 63 -4 183 109 100 176 128 78 74 131 182 53 -7 34 73 40 51 44 -9 -4 33 115 179 159 74 86 -9 107 147 37 179 143 -4 135 70 88 119 33 27 -8 6 72 88 93 85 57 148 142 142 70 -1 -6 108 124 63 49 50 75 0 94 68 54 163 62 110 179 42 -14 60 124 170 35 2 -8 114 55 173 180 27 158 113 182 113 -5 117 11 50 127 -4 127 140 176 -3 13 43 26 37 88 3 44 91 34 -13 -1 4 -14 43 114 49 115 31 49 14 58 117 71 68 104 75 178 25 138 92 142 118 125 -3 37 73 30 -14 -3 -4 1 119 
-14 -10 47 180 78 57 94 56 118 -12 84 -15 87 89 -13 83 161 113 36 24 114 63 45 6 70 50 36 143 78 175 -15 77 118 135 7 156 179 21 68 173 13 18 10 152 106 84 28 25 116 69 20 127 3 16 84 161 77 97 148 -15 109 13 132 86 18 47 2 92 146 13 142 159 127 114 60 40 16 46 50 127 59 99 27 -15 122 73 43 124 59 140 172 81 12 36 40 73 63 166 168 68 34 25 108 29 99 155 28 -6 2 45 95 -14 119 76 97 72 37 82 138 103 127 141 117 22 3 93 30 7 100 164 80 51 164 25 110 80 145 117 8 53 143 2 57 108 135 41 6 -15 119 139 41 75 1 58 167 25 24 113 38 31 161 81 116 1 79 69 180 39 57 40 34 145 47 -10 153 141 59 129 66 47 -11 157 8 160 82 85 138 130 13 7 56 130 150 85 122 103 -13 126 166 83 
12 69 40 56 115 24 14 172 -12 11 124 168 105 126 150 85 49 109 117 168 170 134 -4 128 -12 80 115 -3 24 178 107 91 57 106 99 128 178 7 66 162 128 89 134 52 82 23 164 51 -10 121 25 60 21 72 121 88 138 34 15 114 55 163 60 184 89 -8 50 161 60 157 147 47 66 98 182 60 32 9 35 97 42 43 126 117 24 44 -15 51 40 116 45 143 103 95 33 90 114 31 175 12 114 105 -14 2 -1 70 29 8 28 122 96 40 147 162 148 44 -6 89 122 96 183 156 166 132 56 72 26 112 118 96 120 96 123 67 63 43 1 4 67 39 69 52 174 103 100 -2 123 32 12 33 157 176 62 -12 107 15 163 108 118 59 29 -15 102 87 127 170 178 163 127 134 95 18 19 38 44 15 66 103 -13 66 149 179 33 -14 53 74 66 155 31 101 15 114 157 36 177 110 -2 64 19 58 
10 -13 147 32 166 167 1 48 95 93 147 153 173 15 16 95 45 80 179 134 132 162 171 102 152 47 1 55 169 44 57 167 89 -4 93 98 31 9 94 177 10 152 44 126 148 109 152 143 37 132 120 97 66 51 -5 54 182 20 102 98 -1 119 54 35 -12 119 6 151 94 51 59 155 148 64 -10 41 99 13 114 81 69 160 95 75 26 111 151 43 85 18 175 7 145 15 88 149 171 117 -2 152 -7 157 152 109 91 141 1 9 145 64 -10 -3 134 123 18 157 35 104 151 13 151 104 21 5 54 141 159 70 151 118 148 -11 34 47 12 104 97 64 61 103 -1 108 156 157 63 45 135 158 110 101 66 19 43 176 144 76 174 121 53 -2 183 147 106 101 80 17 105 179 6 111 25 114 3 178 108 30 32 53 -1 183 162 126 49 22 106 129 16 61 41 -4 177 140 99 26 -10 89 92 51 77 151 
64 -5 118 163 95 90 93 99 34 69 129 159 63 20 44 53 -5 91 181 88 160 20 -14 80 12 12 25 144 52 77 161 140 33 93 100 25 107 5 48 178 67 84 151 39 149 101 43 25 174 86 182 44 90 98 129 76 113 162 3 179 114 143 13 41 153 12 35 133 -2 169 29 163 78 50 159 167 149 42 94 17 155 74 36 10 55 151 102 53 34 -5 84 33 86 42 72 -10 38 95 59 142 87 112 76 87 24 24 50 142 54 -5 -3 54 163 47 63 153 144 146 57 86 24 -2 3 3 7 84 36 133 -14 48 139 102 129 9 117 158 107 156 24 -11 16 129 7 -1 61 62 151 98 100 2 65 116 138 157 -6 41 141 30 47 51 101 46 117 82 129 51 167 -9 6 31 17 -13 116 58 -3 157 98 5 92 164 99 153 184 34 80 23 127 122 152 121 74 171 133 -8 103 44 129 48 27 107 
113 1 36 113 161 152 95 40 128 165 45 24 78 46 92 94 131 180 179 182 161 147 5 123 180 24 10 44 97 -9 18 137 165 83 59 158 23 89 45 31 121 63 44 142 67 48 118 96 113 107 126 46 119 182 144 179 49 45 85 89 127 184 145 18 41 123 -4 179 -1 103 14 59 157 -15 55 141 61 73 14 17 69 -10 151 162 170 113 18 -12 93 23 18 180 141 83 171 61 69 171 32 152 48 105 124 155 58 181 183 165 145 16 83 105 140 108 104 169 90 11 140 102 7 94 95 109 26 -8 175 115 154 105 183 12 26 -10 77 96 130 169 36 120 169 21 15 111 24 6 71 132 48 -2 175 16 -1 122 77 123 127 95 156 75 175 71 40 184 14 104 34 161 53 31 -11 131 76 184 120 68 24 162 77 3 172 73 176 98 125 107 124 62 18 64 67 7 92 179 29 51 123 6 107 39 
49 149 124 17 139 82 159 144 156 153 82 61 20 156 114 158 114 82 36 55 37 147 116 148 114 175 76 86 25 72 128 162 160 37 23 184 156 137 84 81 181 155 181 106 178 79 116 177 77 173 181 158 80 144 95 148 88 66 182 152 120 158 48 129 65 142 7 0 57 158 62 34 170 113 144 67 61 58 125 182 166 45 62 146 106 40 115 127 174 92 179 170 105 40 172 21 125 8 132 154 98 169 151 25 76 97 137 -8 46 157 6 67 150 59 88 -12 67 129 42 148 180 29 139 -13 99 38 92 21 11 179 -11 126 61 75 157 87 57 148 1 120 67 24 111 72 36 141 171 44 147 124 162 180 91 149 69 4 -9 24 152 -14 107 -1 44 -13 28 162 177 59 155 139 112 84 158 -12 144 142 48 53 23 161 155 58 180 31 34 156 115 149 91 119 184 51 37 108 159 66 39 104 59 21 
122 141 14 140 79 -9 129 -3 -13 81 164 115 162 137 120 -12 18 154 155 69 74 25 36 121 178 82 39 114 28 115 171 63 20 121 90 30 85 130 177 -4 28 155 177 35 0 59 93 171 26 111 174 141 9 159 179 43 145 161 20 140 125 133 0 175 123 17 126 93 -8 14 17 140 163 -6 56 145 166 63 133 150 122 131 91 28 26 58 38 138 67 18 46 111 90 141 156 29 150 164 176 55 144 33 34 4 -7 54 -9 20 179 108 54 58 82 15 132 155 84 168 157 102 150 155 92 52 41 171 -3 34 166 -6 97 101 14 29 129 37 29 54 47 165 -9 36 129 113 91 -7 119 65 135 91 64 70 148 77 175 43 28 70 4 6 178 139 152 70 169 56 161 94 63 84 23 139 146 102 14 35 148 99 85 63 27 170 174 51 -11 153 48 91 58 104 113 168 42 -2 71 163 105 156 105 72 
63 159 121 127 53 10 53 16 93 163 94 109 73 4 -7 -4 79 85 61 -12 36 152 75 184 86 102 156 3 46 48 56 75 110 -1 115 136 79 48 109 -9 183 115 82 122 41 139 175 -6 108 139 38 160 161 174 132 64 55 112 177 135 9 67 31 46 163 53 78 31 121 184 0 168 49 17 121 142 97 134 97 12 4 82 77 44 -7 82 42 13 4 157 140 30 10 167 166 106 -9 135 58 68 2 106 60 132 67 31 154 171 3 133 119 -13 77 177 104 147 -12 37 118 58 166 -3 22 49 87 115 149 78 8 62 103 126 42 78 146 139 126 148 158 30 46 128 25 167 81 90 120 91 -5 77 128 21 83 -8 70 112 10 95 155 163 41 178 29 110 121 21 2 52 -8 96 182 2 11 127 182 103 79 116 -3 124 125 -5 56 70 46 167 134 -6 146 171 146 168 127 132 59 147 48 29 155 176 
44 98 143 21 9 154 111 124 184 183 39 87 -14 31 141 182 20 112 100 127 151 159 168 6 116 98 50 22 94 151 23 -10 103 12 164 151 80 113 -12 -3 83 -13 -10 12 11 42 8 5 151 53 25 137 114 156 126 101 135 -10 99 110 123 84 172 79 139 93 68 145 24 92 141 131 8 120 161 50 95 162 138 -6 62 140 133 69 82 40 4 180 88 14 99 12 64 74 91 171 95 29 182 11 138 131 50 173 103 174 2 114 30 81 160 14 89 -1 88 30 168 172 177 11 -8 180 53 16 68 83 156 65 164 109 3 84 13 79 115 116 25 173 31 139 169 165 93 136 176 180 153 82 106 96 175 108 109 94 32 105 119 117 126 1 112 115 131 21 1 6 23 87 141 173 105 118 55 136 8 169 148 37 97 9 67 141 108 84 146 -2 75 47 162 74 19 -4 53 136 38 37 183 130 183 127 
164 -2 79 34 0 57 96 0 77 153 129 124 8 177 177 166 52 -5 -9 76 36 25 33 106 147 20 -5 37 134 113 19 12 148 169 51 96 5 111 102 22 105 80 151 27 154 166 70 119 93 21 28 5 141 -6 57 26 129 120 148 84 -10 109 147 29 32 172 51 0 69 132 122 35 -6 98 11 109 154 10 59 50 140 148 2 149 5 21 163 93 79 146 39 99 16 44 -2 3 125 -7 80 169 184 31 108 78 47 23 23 -13 56 167 103 37 146 144 64 74 53 -7 47 50 157 84 53 58 171 168 158 101 53 182 42 148 70 40 -4 0 113 103 105 164 98 108 83 0 142 9 71 68 68 184 20 18 68 44 142 96 111 40 1 132 86 125 145 8 144 135 41 88 183 114 43 105 50 17 64 37 168 143 16 84 131 10 83 21 59 172 161 5 117 172 184 175 171 36 164 174 149 44 20 7 
129 104 27 97 7 -3 163 145 112 146 -7 58 49 141 125 58 58 179 136 3 68 91 -13 87 1 165 117 165 158 111 165 124 167 17 17 85 -6 34 87 103 39 82 66 21 -10 26 80 2 169 8 161 159 100 39 42 164 178 159 82 -10 2 -7 124 184 58 93 79 5 66 159 163 92 156 80 173 93 154 1 44 68 9 69 69 108 181 39 100 141 86 130 116 48 177 32 33 170 41 77 44 80 167 156 -2 171 87 170 16 52 -2 178 -5 177 41 137 60 168 40 67 98 131 83 -10 139 60 139 117 179 43 132 39 15 63 41 90 161 170 129 145 5 -1 9 158 99 56 2 84 5 51 100 44 164 117 75 82 47 42 73 121 140 67 28 157 97 25 161 39 68 25 -7 102 82 -7 3 51 142 10 11 182 146 94 146 8 74 124 45 184 -1 97 90 130 42 113 0 165 34 -1 54 132 23 -15 
135 63 95 184 -11 155 162 46 28 71 -7 89 56 112 124 151 -14 72 -4 -14 -2 50 70 30 0 137 137 72 -15 49 18 34 -12 22 62 12 6 180 15 117 29 87 59 -13 104 92 34 39 104 152 174 -4 166 31 87 105 93 175 24 157 72 183 28 99 95 2 70 174 118 120 15 47 -1 166 96 28 162 101 139 99 17 97 37 168 57 75 87 99 150 81 77 -10 133 76 118 181 48 58 142 158 54 150 24 67 1 45 24 46 156 137 96 156 21 115 -7 69 63 133 140 116 59 158 -15 98 112 121 73 55 48 48 103 43 37 61 164 82 76 154 131 127 48 -14 17 170 155 175 153 124 169 36 176 26 149 70 140 97 47 -9 -6 2 174 123 153 166 115 95 1 139 110 62 144 183 -10 110 30 108 171 147 135 181 125 66 73 120 162 -15 38 132 108 109 4 45 114 171 -12 118 137 107 160 159 
169 34 -8 87 -4 159 118 115 165 168 153 143 6 54 -1 116 21 -1 7 131 -9 146 182 113 140 176 79 84 6 169 152 101 61 100 43 -2 76 60 51 174 146 39 96 43 49 80 76 15 -13 176 150 54 14 -8 87 78 165 90 132 40 58 1 75 134 40 -10 97 70 70 92 51 142 65 126 -12 64 120 104 174 120 6 180 36 43 35 14 136 51 180 161 121 81 -11 139 143 34 172 134 -6 140 72 -15 127 50 154 31 -12 151 146 70 -9 112 -3 139 73 173 -3 132 65 49 122 141 127 -1 -8 135 61 16 33 158 109 178 148 114 143 171 21 49 -7 71 16 106 101 110 160 45 37 2 77 146 130 -1 6 175 61 139 50 -11 117 104 45 -11 -13 72 17 71 11 -15 -13 180 140 17 144 21 40 107 72 26 176 50 10 8 138 166 24 77 45 173 147 85 87 -4 74 -13 76 37 64 64 34 43 
52 183 -5 4 44 69 26 71 124 107 105 126 92 182 19 157 80 160 134 60 156 24 35 161 -1 8 160 10 -1 149 101 74 22 92 -1 73 156 59 66 177 181 110 178 30 51 148 19 -11 23 169 183 -15 180 148 8 114 77 43 63 87 65 166 20 45 123 130 127 152 47 80 183 73 121 61 17 -15 40 106 107 14 148 78 121 91 20 59 175 5 139 150 72 19 59 35 151 133 50 25 93 96 45 34 58 16 2 14 15 40 74 32 3 127 127 1 12 179 34 99 24 -6 33 81 117 182 79 29 142 17 52 169 111 18 6 11 -13 70 -8 155 99 99 98 -10 82 32 9 8 55 169 176 -2 99 82 15 58 60 178 116 98 161 90 47 -14 134 117 19 177 90 138 169 106 103 56 14 157 138 107 121 109 124 12 -2 130 -8 77 54 98 102 164 122 43 127 47 173 133 18 122 162 86 70 133 
159 85 129 34 56 155 17 133 39 143 89 77 74 25 118 -6 -3 89 114 55 178 -15 113 -7 6 32 -13 80 110 169 153 39 97 11 146 175 88 98 88 105 11 14 95 59 14 154 78 153 69 79 2 88 59 18 15 40 137 36 168 168 100 9 49 47 96 132 66 112 -4 72 135 84 102 -7 54 79 81 108 161 -12 4 21 140 162 133 96 145 107 134 2 -6 50 62 40 87 93 83 32 97 4 -2 87 166 113 120 18 150 80 172 161 4 33 52 -7 178 -5 169 146 134 -13 77 80 65 181 123 173 -13 82 26 -9 23 100 174 93 172 70 47 56 134 95 78 0 170 32 173 45 130 99 22 15 72 111 -9 88 53 106 4 72 84 -2 109 57 123 39 162 100 34 75 149 107 96 115 15 97 106 170 101 55 180 107 148 65 61 56 43 144 -2 128 120 81 68 160 157 142 -10 150 100 91 -15 58 
1 107 162 157 63 36 11 174 54 137 -14 147 132 175 62 69 17 130 44 8 15 128 49 65 41 158 144 56 115 2 174 184 -13 -15 93 125 -1 121 70 141 159 2 106 98 180 169 -13 39 170 61 70 97 -7 -11 124 48 178 49 113 166 168 -15 76 31 76 75 121 82 22 1 91 79 153 57 134 169 135 -9 100 30 140 184 61 172 55 24 141 22 126 -9 161 184 10 72 50 183 75 170 181 149 133 10 66 3 19 80 36 -9 -6 65 88 9 42 13 169 129 96 138 3 3 127 25 119 133 121 111 71 128 105 103 11 37 -14 29 106 98 53 46 13 149 87 31 120 121 1 91 50 159 5 89 0 14 165 93 93 -3 45 102 140 65 164 0 -15 115 39 91 13 -5 160 27 168 59 37 177 156 117 91 98 32 174 132 183 106 23 -1 101 -15 -14 119 125 73 130 -2 86 16 6 140 74 169 63 
58 63 111 152 28 143 140 158 159 42 74 15 159 106 50 104 37 119 108 -6 174 140 110 4 95 58 48 95 95 139 15 78 142 26 152 124 173 81 136 139 102 131 145 74 -10 -5 80 134 63 53 37 77 139 -4 139 39 53 171 168 21 146 135 7 23 153 52 36 24 47 128 128 69 22 109 46 102 95 171 132 36 173 173 158 148 132 83 71 162 18 16 -6 50 157 85 25 122 77 77 115 60 51 2 19 -5 42 112 14 12 4 33 158 136 176 49 53 142 139 178 3 174 181 83 84 35 -10 164 132 8 9 38 77 63 15 169 66 38 151 117 60 36 76 132 101 170 -8 112 179 -12 104 74 88 114 143 59 31 154 -1 134 145 121 157 133 9 90 165 179 181 126 127 90 127 -3 64 134 122 115 147 66 160 102 97 9 91 167 15 0 99 79 104 66 136 172 42 -5 73 21 -11 66 92 26 
153 104 30 143 47 86 101 154 155 7 124 91 88 9 7 -12 21 58 152 1 47 16 129 114 95 25 163 23 133 172 14 51 93 96 -14 147 137 20 38 177 -1 135 135 156 173 177 75 106 98 -15 61 137 102 56 68 11 124 85 80 24 7 99 21 48 -12 64 83 137 71 16 52 181 112 178 160 152 174 0 158 25 92 -3 164 63 140 74 80 94 18 73 -8 177 82 -10 63 10 -11 10 113 0 79 66 153 73 4 168 104 -8 109 16 73 56 62 46 171 10 154 38 119 107 40 115 138 90 159 5 53 168 96 101 67 81 124 50 99 130 62 65 7 180 -7 176 156 152 109 180 59 34 102 100 151 99 102 141 128 162 29 55 119 59 150 168 179 11 59 160 35 107 19 29 45 11 67 16 95 104 51 47 44 48 106 28 169 94 93 78 104 50 116 -2 109 99 69 173 79 119 102 4 129 130 
53 -12 66 69 66 184 129 145 111 159 77 156 78 38 13 155 44 118 83 1 37 9 158 71 24 115 104 53 164 175 165 -1 19 -1 85 99 54 80 92 82 129 165 48 117 -7 131 178 155 67 117 49 152 102 112 -13 104 20 122 94 84 85 143 150 91 149 52 23 165 -9 184 94 -4 -14 39 179 52 155 17 50 69 -14 67 58 -1 -15 12 172 133 147 -14 -8 76 66 165 109 86 92 173 169 58 -2 128 104 143 9 127 -1 169 -4 161 27 -14 34 56 165 61 54 163 73 31 36 35 144 118 34 114 -13 175 167 48 112 59 122 56 10 50 38 3 172 67 109 44 -2 65 90 140 131 114 172 70 106 117 168 93 132 154 149 172 149 55 78 31 87 7 76 65 19 21 122 45 66 2 149 24 107 139 11 39 -11 -9 163 117 103 144 30 120 141 119 28 13 46 29 138 176 21 31 -6 129 93 65 
156 124 48 23 164 47 113 184 100 105 136 84 179 41 183 111 -10 4 59 174 118 52 117 42 2 37 -15 83 78 177 78 134 12 79 127 34 67 104 98 47 69 90 111 40 101 24 123 123 24 2 46 135 -5 88 -15 45 142 29 116 106 24 82 39 52 43 184 47 98 128 2 -4 17 142 147 121 100 136 68 115 124 93 168 29 9 28 107 163 -1 102 104 -10 68 86 34 32 17 143 142 120 32 150 135 128 157 -8 154 5 -9 -12 51 71 65 -4 87 74 92 48 172 179 104 11 110 151 163 114 43 97 136 155 89 130 115 26 38 102 172 130 96 180 2 90 7 158 75 13 48 147 9 47 131 17 -1 5 95 46 36 156 60 57 55 28 -7 61 12 14 135 142 37 116 22 94 141 33 47 98 -15 137 65 -15 104 113 112 149 133 130 107 93 162 82 156 -7 126 28 -10 136 50 65 130 31 137 
55 74 99 79 105 66 25 36 135 60 163 48 63 27 30 -7 180 90 146 2 -2 21 138 47 130 112 148 142 60 175 35 0 162 102 83 73 122 178 36 11 55 111 59 34 104 4 37 76 -6 124 62 79 31 54 178 183 87 -9 25 128 38 38 72 57 -3 81 173 138 29 6 107 31 58 36 119 13 13 51 34 85 20 -15 1 103 6 7 49 112 161 59 31 39 135 71 183 149 65 -14 162 115 130 94 38 -8 111 114 -7 -6 84 96 101 -3 19 49 27 42 10 80 145 50 98 45 37 92 15 107 127 -13 149 131 50 35 159 66 180 -3 -2 -7 167 177 16 44 110 -5 30 61 171 58 123 121 144 53 -14 11 13 134 39 -8 82 -5 177 -13 37 51 78 -6 70 -9 111 49 97 81 30 53 148 72 70 123 170 164 121 162 111 152 87 87 165 134 158 127 182 135 21 -6 -5 42 142 70 68 157 
123 -6 177 90 144 60 25 60 1 13 32 2 109 83 62 19 115 31 6 147 -12 57 45 141 34 160 132 145 71 62 86 88 49 4 102 174 37 90 35 -2 129 33 -3 36 118 181 37 -1 158 37 184 126 106 44 109 157 143 21 23 152 42 27 52 183 18 55 71 -6 149 141 27 -1 173 89 113 122 140 -2 92 12 14 95 147 111 183 34 30 168 -11 49 117 46 166 99 118 147 69 -13 53 169 17 135 168 118 94 84 60 171 32 63 138 17 -3 31 118 -3 51 -15 90 30 91 12 -2 36 108 95 19 163 50 8 120 40 136 7 148 116 35 -15 -11 119 177 153 105 183 163 132 18 40 39 75 151 142 145 47 18 -15 34 152 116 16 25 22 79 178 66 172 5 128 148 162 125 127 152 90 111 117 110 21 176 154 34 127 -1 9 -9 152 168 150 2 116 49 170 67 102 44 69 -9 64 37 131 
162 14 156 179 -5 84 156 68 120 52 85 104 20 149 104 78 86 128 74 42 132 21 50 -8 95 150 93 97 128 98 122 141 -12 141 178 50 108 21 66 123 184 112 148 21 77 29 155 70 157 40 -2 134 38 114 166 59 5 136 147 -1 52 170 60 149 10 7 22 5 154 111 152 115 103 17 100 87 46 39 95 144 116 86 173 18 98 90 135 -14 6 -6 158 7 100 -8 173 84 28 108 122 99 22 105 5 180 124 55 12 142 126 67 158 69 148 28 166 45 15 63 147 134 81 158 150 104 71 28 99 153 19 108 116 13 31 74 178 29 39 138 93 19 14 49 158 21 -12 129 -13 -8 22 160 75 166 30 26 19 35 93 54 168 69 102 135 109 18 61 68 71 47 152 -14 23 174 69 169 64 15 76 116 43 90 46 -11 183 -13 62 0 124 135 86 30 154 15 78 149 13 43 121 158 108 -7 
176 144 50 86 107 163 100 107 68 183 109 164 175 78 87 109 96 7 170 29 35 164 -6 56 57 111 107 104 178 24 96 132 38 26 126 59 112 79 10 130 133 89 170 125 161 99 18 -13 164 143 157 133 83 81 39 56 161 11 41 144 96 34 -3 7 42 177 170 55 125 149 -14 20 47 90 10 46 181 44 169 13 10 39 93 86 39 19 -5 158 126 106 69 164 3 68 -7 163 37 110 175 23 49 22 179 25 32 146 148 22 74 -15 12 125 155 121 -14 16 101 35 20 178 126 21 144 -13 20 22 117 24 118 -1 69 142 84 160 158 159 58 177 146 38 177 42 75 160 -2 148 115 149 -1 34 27 37 155 42 162 126 26 145 25 117 21 -10 148 42 55 109 11 153 100 39 26 6 -15 87 6 137 52 49 97 58 125 134 80 167 13 27 83 -12 101 -5 156 178 99 89 148 147 49 163 146 5 
87 52 -11 -11 154 73 173 46 172 110 116 82 29 73 163 71 178 159 106 102 14 117 40 184 111 138 4 138 18 100 91 91 81 168 67 148 4 -2 127 15 -10 156 28 10 25 33 83 94 44 125 1 19 132 104 -13 119 65 8 -10 87 171 79 93 125 68 107 164 162 16 184 45 117 -14 11 -7 -3 88 16 162 156 11 143 70 84 184 130 166 142 146 171 16 89 115 139 154 96 104 86 152 72 165 93 151 96 17 27 3 81 155 5 46 80 125 -4 90 65 24 53 97 150 81 99 -5 97 82 106 128 135 124 119 142 173 -13 175 93 71 18 61 89 158 57 96 64 34 148 132 5 -15 70 79 52 151 78 159 174 86 169 19 87 143 144 23 79 -14 147 28 70 35 101 127 -12 54 -14 137 0 59 15 135 62 61 169 98 158 56 89 89 11 25 30 166 161 99 156 79 147 87 4 30 68 155 
27 115 36 78 31 -8 125 3 175 117 47 164 26 45 160 153 179 56 24 106 -12 51 29 121 97 133 130 11 14 12 93 104 -5 71 73 168 38 5 129 153 -14 -10 46 159 144 40 59 3 123 93 174 8 184 26 122 1 181 131 51 150 57 150 138 65 53 181 10 52 154 136 -14 174 155 66 148 134 19 -14 5 142 106 -2 21 3 -4 59 129 172 139 16 136 154 46 3 115 127 162 124 129 146 48 129 129 65 95 89 81 96 76 101 38 177 126 36 133 124 159 102 122 74 72 132 111 28 52 181 88 18 25 116 44 -8 122 8 6 107 136 4 76 117 33 152 16 125 162 103 142 123 169 156 61 -14 -2 22 177 39 76 43 8 41 122 68 76 57 135 149 152 116 149 81 31 22 173 19 17 178 131 96 87 111 19 67 89 165 12 160 166 105 45 93 116 140 181 126 81 163 79 41 57 83 
150 65 184 -5 37 102 106 -1 67 141 9 57 -4 100 8 138 19 -15 118 170 183 156 68 69 107 1 50 23 171 122 95 40 36 29 72 75 131 114 67 92 81 168 20 184 117 104 0 42 138 105 40 107 74 102 176 81 83 37 49 108 90 114 163 61 14 75 39 127 150 117 140 170 61 -1 0 45 20 37 74 53 97 24 142 108 31 116 104 115 70 74 108 114 108 119 141 159 132 77 -3 6 -10 56 13 -15 8 28 101 112 115 13 118 154 136 78 70 20 61 70 36 73 139 120 164 59 130 91 165 121 -9 170 161 57 172 92 -3 32 64 45 106 48 66 158 180 169 8 172 177 -12 68 117 107 35 42 16 153 53 51 -4 123 8 94 57 85 152 79 -1 -10 144 56 140 9 142 -1 114 -13 131 8 104 14 107 13 119 110 58 107 0 19 128 63 20 54 -9 129 172 87 114 55 170 174 128 
149 0 168 73 172 40 92 112 113 11 7 2 -9 30 21 102 175 177 105 141 87 -6 87 76 -8 82 160 95 173 46 53 1 89 81 80 10 0 144 167 159 73 126 178 184 18 112 136 70 -3 84 61 44 2 134 70 15 60 19 0 105 168 50 85 18 35 167 176 112 164 177 68 57 122 79 160 -10 47 15 70 171 69 23 69 4 184 168 35 66 20 47 102 141 0 85 77 76 -12 10 162 164 103 117 139 102 36 167 -15 148 117 34 129 -12 0 28 -14 85 105 144 37 90 169 -2 68 94 94 41 60 79 -5 130 140 141 17 147 75 60 165 23 21 41 100 80 167 114 141 1 99 41 30 -10 182 161 82 168 136 41 169 21 115 170 48 7 24 140 170 171 62 142 79 174 108 45 29 115 25 44 124 40 138 149 54 82 -4 159 183 149 179 89 169 9 178 102 83 -7 20 17 155 142 34 162 
-14 179 53 161 31 50 135 19 126 144 165 44 98 116 -8 36 136 5 173 164 39 173 105 66 181 0 80 -13 155 26 48 145 140 136 170 45 162 141 9 151 98 176 13 116 177 164 170 118 86 161 165 18 145 129 103 63 37 109 54 51 19 72 80 154 143 132 137 9 38 132 150 159 72 34 154 181 171 18 82 8 88 7 173 29 154 45 70 100 19 166 132 104 121 80 25 62 138 95 74 91 4 143 79 3 -7 45 60 112 184 119 -1 112 142 136 115 26 23 33 84 90 144 180 36 99 -1 131 133 44 182 81 103 22 67 150 172 -11 115 169 139 141 121 121 82 47 129 37 80 3 74 157 114 88 139 32 -4 43 85 87 138 -11 10 146 15 152 28 73 -11 -14 105 134 38 -13 173 162 44 36 168 164 -4 40 154 97 48 -8 76 128 140 137 105 62 97 56 -2 178 1 58 149 49 178 181 
104 132 7 -5 68 128 179 8 131 7 23 9 175 13 93 135 140 110 38 5 13 14 82 78 106 129 94 107 89 28 139 60 106 19 28 68 55 157 7 34 -5 85 -8 5 74 18 11 95 90 153 25 158 -7 25 156 63 167 55 94 155 165 115 159 23 142 -13 126 31 149 31 34 59 151 181 9 180 50 70 80 56 166 128 76 4 155 181 1 -6 -4 172 105 20 27 127 79 7 156 157 124 35 -10 152 82 2 103 49 8 79 -1 43 101 41 121 109 32 136 5 -4 183 24 17 65 30 172 114 94 91 156 109 151 120 153 50 167 96 88 164 72 166 102 10 127 -6 19 82 31 141 42 142 157 -9 152 135 148 151 107 162 34 11 -11 32 154 8 17 26 44 108 85 93 66 26 40 66 164 -1 126 57 -2 19 129 31 104 97 179 61 6 42 146 140 42 102 67 141 87 157 82 110 127 134 32 
58 111 38 110 47 8 75 9 -2 178 -15 134 127 125 29 184 156 152 88 0 102 165 118 21 125 68 39 60 156 48 110 177 43 87 184 183 26 29 135 156 170 107 128 81 14 124 98 120 90 33 9 102 75 133 33 28 55 179 94 89 182 183 27 10 41 42 154 124 138 82 12 160 180 49 41 17 173 21 42 43 145 24 124 180 136 57 136 167 11 139 66 94 27 60 94 24 155 152 34 52 47 167 24 125 149 4 18 182 10 184 11 152 16 175 -5 113 167 161 43 95 18 91 66 62 67 23 175 158 2 97 120 112 10 36 75 26 140 5 91 106 95 -3 110 23 40 93 116 78 103 -11 50 140 115 21 47 -1 167 96 86 122 76 118 110 40 113 89 127 144 97 178 62 74 60 92 66 2 168 153 184 2 113 -3 108 173 14 40 129 137 22 87 -5 164 115 -11 35 27 39 174 122 39 
140 -12 169 0 64 54 -7 142 -8 -3 167 142 124 161 58 170 12 60 32 101 121 53 125 13 71 151 30 58 -7 91 125 37 102 -4 54 84 91 145 121 142 121 0 105 42 160 169 -12 85 43 57 52 139 182 32 118 165 70 13 104 172 17 184 56 149 94 128 59 118 157 110 172 168 137 98 69 5 5 157 146 139 94 175 116 18 151 145 68 27 154 77 65 66 6 117 83 117 36 178 1 85 7 182 112 -4 171 99 172 23 172 149 60 135 90 22 57 35 68 97 24 80 75 17 25 163 88 2 166 94 97 136 127 25 144 104 37 179 28 171 94 114 68 178 82 111 137 174 43 141 35 71 90 43 159 168 31 176 152 0 80 39 -12 28 127 3 168 67 157 141 62 -13 19 83 -3 130 115 179 -14 103 114 81 150 2 49 45 184 97 172 72 13 117 91 89 -3 141 23 139 40 49 103 145 
0 177 99 133 120 39 16 -4 133 49 78 118 37 76 78 -11 134 142 33 180 15 147 13 83 60 163 8 80 14 41 26 31 -14 110 158 181 132 119 129 90 51 149 78 181 14 124 74 148 39 102 108 84 167 64 150 70 122 117 146 27 77 82 63 113 173 155 123 110 17 172 118 28 91 105 164 14 99 -6 179 42 109 41 21 -9 100 158 128 73 175 21 37 107 170 30 6 77 -8 174 155 22 24 76 62 155 117 23 86 56 99 181 129 126 63 -9 174 134 110 132 -14 21 153 -6 80 105 71 124 62 83 83 65 54 45 96 161 35 54 170 133 165 171 119 135 78 65 166 16 -3 168 22 41 155 -14 138 -12 53 60 179 148 65 100 103 26 156 -4 137 74 91 14 169 141 25 145 -10 183 32 98 128 180 131 174 -13 23 84 111 153 51 26 173 23 6 29 103 115 51 101 19 180 7 71 2 
178 141 -7 87 8 102 -15 170 72 75 49 56 117 29 109 149 102 0 48 132 162 18 59 142 31 34 128 177 120 103 39 155 174 135 167 0 125 18 15 0 27 -3 124 141 -12 59 118 123 34 49 167 16 148 17 75 6 140 137 150 95 109 156 43 121 76 18 145 42 94 172 123 117 139 139 175 181 137 65 86 170 140 143 166 130 29 -15 -11 -7 73 183 183 20 67 173 18 19 148 54 64 61 90 156 92 120 31 91 80 -15 59 143 175 -7 93 163 167 33 46 123 161 175 174 132 11 89 171 178 85 41 103 139 164 130 89 11 132 18 167 78 129 121 115 77 -1 9 139 19 96 78 70 175 142 63 35 8 122 166 28 76 52 125 60 97 -12 81 156 23 65 27 -4 157 176 44 -8 163 127 105 8 56 146 8 165 142 165 10 89 131 171 34 39 89 15 108 19 -8 82 33 122 97 36 170 
173 14 14 3 138 113 79 11 172 83 181 120 60 166 54 8 15 157 56 69 66 -14 86 145 124 112 60 99 43 122 13 176 98 107 170 69 97 56 30 60 45 107 168 174 106 145 49 -8 70 6 71 8 167 119 33 122 0 -15 43 46 72 32 44 116 52 155 46 171 6 134 6 -2 157 135 45 49 55 118 46 34 157 -2 -15 139 62 -7 111 103 78 131 151 67 56 45 136 135 26 173 8 -3 0 140 21 9 147 41 18 81 52 180 124 120 20 85 134 45 29 54 25 -7 70 142 144 113 67 128 179 -15 20 51 129 154 71 19 76 84 0 64 96 104 0 173 53 167 19 84 -11 31 46 72 135 72 169 171 181 25 146 97 83 25 18 68 17 10 44 57 91 88 179 172 95 131 67 120 119 9 91 177 63 -7 49 93 57 155 174 136 95 67 20 15 113 55 77 176 16 159 102 96 138 93 
124 37 95 77 149 93 -5 182 115 14 101 18 100 183 54 171 166 126 55 126 17 132 53 148 100 55 6 14 157 -9 176 146 -12 59 15 140 135 180 176 62 51 73 85 82 129 53 80 119 167 126 162 51 57 143 6 88 136 153 106 50 50 77 118 135 65 174 81 112 144 85 8 168 4 4 -1 122 88 -2 141 40 51 151 59 9 157 -8 62 26 112 14 37 161 148 12 165 53 134 14 147 74 89 96 25 124 -11 117 69 162 159 164 30 149 161 16 89 129 60 7 131 -5 164 150 87 35 115 27 35 36 112 179 46 66 145 45 180 131 -2 158 85 17 56 110 91 135 26 139 131 -6 71 133 174 162 108 73 152 17 175 42 64 59 33 165 106 183 112 52 145 29 104 102 41 96 146 12 124 94 181 -1 170 13 -11 24 111 72 41 -8 128 11 49 89 14 139 136 36 -2 113 -10 149 112 65 
57 157 71 94 134 94 112 161 74 76 126 -15 142 25 173 141 98 81 46 72 184 184 27 99 45 57 92 2 36 152 128 128 84 66 40 100 146 -4 128 48 34 113 87 -1 154 56 -14 96 -1 181 12 184 -11 159 104 36 25 18 162 15 105 158 59 177 126 103 -13 57 105 174 -4 173 164 24 181 71 10 158 124 1 137 133 96 157 135 126 93 -10 19 49 121 147 77 13 55 117 65 107 154 71 96 132 28 61 80 184 135 168 21 -15 116 129 87 175 75 52 118 150 2 72 83 108 81 12 97 15 -11 124 164 14 51 99 65 -9 120 11 110 1 183 155 27 107 42 96 33 77 60 128 34 5 119 3 50 21 -7 18 68 138 53 13 32 65 -9 -9 19 53 -8 29 127 84 27 15 133 74 6 86 104 110 69 159 4 -12 155 6 -1 11 179 62 -10 112 -9 144 51 58 158 123 94 103 11 -5 
82 71 4 125 66 -8 128 -7 107 41 52 17 11 108 8 18 18 165 93 32 -8 112 66 182 88 130 72 126 155 142 2 -2 136 3 89 52 18 140 47 124 130 8 130 63 -1 155 60 46 76 109 64 7 161 161 31 -1 148 49 156 121 25 152 109 166 95 16 -4 53 110 86 60 149 134 74 63 113 9 139 47 139 19 162 20 156 81 101 22 74 -15 16 4 155 -8 -1 28 34 145 15 3 176 -12 77 47 -12 -2 7 11 110 72 146 -5 120 138 44 161 6 33 -13 31 128 -2 125 78 165 137 130 142 179 118 134 63 92 31 179 40 98 138 71 38 151 52 50 111 150 166 171 -9 174 119 59 34 88 59 178 11 79 3 40 21 16 84 111 64 66 140 135 63 111 154 162 111 59 174 106 26 69 153 31 13 68 78 69 94 155 161 101 171 112 126 43 119 138 165 176 62 81 117 177 51 162 
-9 144 103 115 53 81 21 20 122 104 4 119 171 153 29 105 31 -8 -3 177 75 98 13 40 -7 131 184 18 -15 145 133 100 0 145 118 22 105 129 32 -12 178 174 76 183 24 31 173 121 181 145 99 169 8 117 31 131 174 39 96 108 137 136 -11 76 150 125 36 141 170 -15 147 132 167 121 77 141 -12 103 151 92 67 -14 -13 81 184 124 157 123 30 131 60 144 51 -12 51 51 15 77 1 -8 -15 97 109 53 83 -6 158 129 143 -14 171 49 154 74 110 -8 48 159 -10 167 -8 137 117 141 177 126 39 161 21 159 -4 150 13 65 80 54 30 135 177 74 66 110 128 65 122 1 20 39 82 182 19 -9 5 152 171 140 19 158 56 45 0 -3 110 48 15 169 106 88 -10 26 20 129 28 92 40 115 25 23 69 85 157 129 20 165 156 104 -3 5 143 141 64 120 62 45 96 141 142 41 156 138 
157 73 152 101 126 93 41 88 65 -4 184 83 9 88 153 62 77 153 77 55 79 41 173 41 33 -7 47 14 146 -6 86 37 171 22 69 -9 118 159 52 175 153 8 -10 9 135 99 98 165 112 155 25 35 -13 116 16 72 81 127 94 170 67 -14 -1 153 46 111 139 23 62 52 81 145 113 147 120 62 -10 179 -9 64 86 70 26 48 81 132 8 151 116 169 100 170 146 130 -7 61 112 118 97 76 6 82 23 38 82 165 172 35 95 62 183 55 -2 155 104 87 179 75 23 156 164 101 168 69 14 51 114 114 9 114 184 23 28 107 128 69 171 47 50 7 128 101 83 11 161 64 115 168 121 112 51 71 128 13 35 77 167 59 27 135 119 2 144 -9 66 70 -6 127 141 143 28 51 99 -7 83 108 29 86 154 97 41 58 37 89 121 184 77 159 94 76 20 157 108 88 89 101 87 27 110 75 
-10 70 80 30 112 89 -1 33 140 174 87 141 5 179 45 178 102 -2 6 109 178 108 101 20 47 75 3 128 -12 17 148 50 72 77 55 65 -3 116 126 179 174 46 80 154 108 154 91 177 175 103 134 175 131 45 93 35 57 99 38 41 24 162 4 -5 75 10 1 100 148 124 122 145 153 56 38 49 135 47 79 134 21 179 12 -4 162 158 110 122 33 -8 81 95 147 165 157 63 37 183 70 102 20 40 121 140 47 18 169 129 101 2 64 139 -2 138 129 37 38 31 118 146 119 154 61 75 69 114 73 46 176 74 86 96 94 7 52 11 72 150 48 -13 118 147 159 85 180 92 109 50 55 135 102 139 99 154 138 53 167 10 6 143 116 -3 104 65 113 -13 27 79 18 66 124 142 90 58 124 111 15 -14 176 146 5 120 101 76 6 118 112 156 8 3 61 26 63 -9 21 49 85 155 110 176 
