300
260 182 79 130 114 236 118 63 123 266 117 13 16 273 269 278 126 160 147 231 143 295 228 107 183 123 200 18 21 177 93 23 21 145 49 138 124 288 36 243 38 51 75 235 170 113 251 36 102 158 222 118 33 250 143 269 307 273 125 296 260 28 138 221 55 301 156 26 236 130 119 214 140 72 200 136 36 193 201 10 189 206 114 307 278 266 292 254 71 98 176 174 260 268 127 274 297 278 175 248 48 99 216 195 287 183 20 297 165 93 175 166 191 178 151 192 139 121 63 217 287 186 115 164 254 31 139 201 24 200 224 16 216 281 291 86 147 206 263 57 198 142 113 37 226 216 169 304 71 309 132 63 11 258 204 29 197 170 44 188 226 291 89 233 258 14 28 57 98 291 292 177 309 50 274 233 120 26 303 285 22 208 159 264 48 132 244 162 109 254 260 199 134 275 22 224 156 281 166 186 198 228 44 13 229 74 107 306 148 18 63 176 237 77 191 303 141 261 239 178 171 133 96 207 196 208 85 173 117 181 295 57 150 164 260 204 286 127 212 279 195 59 223 236 55 23 229 233 283 229 260 214 258 41 176 124 169 179 105 87 278 232 293 231 235 19 109 54 137 295 241 185 188 89 196 154 244 72 129 153 44 185 53 269 38 124 216 33 220 238 113 30 170 197 157 308 12 141 74 220 
265 188 302 64 235 244 265 205 165 27 231 132 270 143 28 60 144 216 48 95 30 75 142 191 85 192 38 127 81 10 266 118 250 25 19 195 257 92 184 258 72 44 227 13 157 221 202 135 235 159 123 109 221 36 32 50 12 277 206 136 294 174 304 119 64 77 207 198 80 201 139 168 56 195 33 17 239 61 194 157 267 219 82 252 99 243 223 110 97 32 183 193 276 13 109 188 276 166 163 234 82 203 60 52 158 264 212 168 266 77 294 23 221 139 117 135 75 110 90 196 187 85 47 23 266 303 37 113 18 191 307 307 151 198 172 82 188 87 53 197 97 248 93 244 140 111 140 183 210 151 183 295 51 244 260 265 45 24 48 37 244 172 111 156 14 250 242 21 181 248 228 280 73 81 218 297 132 79 83 24 307 49 148 248 291 301 39 61 239 16 306 228 244 209 266 266 151 224 237 290 101 48 229 263 209 154 302 177 261 231 265 261 282 148 42 155 234 264 51 295 91 224 210 247 229 182 218 160 146 178 28 232 209 201 235 267 265 174 113 141 124 111 156 238 260 128 153 35 104 58 154 128 14 186 198 242 12 91 165 135 36 177 293 216 188 304 148 155 250 249 222 64 76 271 114 141 148 164 140 72 150 285 222 24 74 76 240 88 191 248 56 99 160 182 138 133 223 238 282 161 
11 83 235 83 238 251 152 159 226 303 33 235 219 35 152 154 106 232 281 182 204 117 199 159 42 115 279 136 56 97 278 297 80 148 298 226 152 40 165 195 190 250 130 288 251 110 256 167 98 60 196 279 275 143 281 172 151 138 302 229 57 195 260 244 229 116 124 208 261 236 139 19 245 114 200 214 183 264 238 250 178 194 39 192 91 84 216 97 194 74 158 75 262 90 139 30 111 87 297 238 166 60 76 79 10 35 283 122 110 95 217 164 55 172 24 157 304 217 98 299 31 242 70 130 61 24 149 250 89 98 37 279 233 245 301 28 145 185 119 148 124 157 103 44 81 161 108 233 90 203 112 289 195 68 167 75 180 124 104 144 271 215 200 188 85 141 190 98 59 169 19 47 178 181 122 267 118 293 83 305 190 245 94 148 196 139 277 42 166 162 209 94 278 239 45 244 242 246 107 120 35 57 133 67 287 183 155 249 76 268 109 148 303 202 268 263 97 39 268 95 68 193 88 50 305 235 169 184 21 274 68 207 170 118 211 281 27 123 102 81 110 118 18 126 193 44 209 267 163 188 239 80 257 191 285 108 196 65 172 168 28 255 40 206 138 53 306 285 34 285 250 192 217 139 309 265 180 294 114 264 108 70 99 176 269 207 163 169 72 295 22 15 38 268 216 178 193 96 209 98 
41 161 173 157 272 195 187 275 21 219 131 229 191 101 289 245 32 181 240 140 164 251 190 133 280 105 236 218 98 81 82 97 143 195 197 285 31 278 192 60 260 41 196 215 281 265 155 43 71 162 150 74 216 263 154 88 84 46 196 267 30 171 287 17 161 215 235 31 126 152 168 17 303 291 265 281 260 75 177 52 73 84 150 59 17 158 124 69 137 247 212 69 140 30 126 183 278 129 219 156 102 241 163 230 88 121 246 128 154 109 209 205 51 264 216 26 134 192 81 259 224 16 283 179 296 21 233 211 238 293 169 159 146 238 156 74 214 263 134 159 235 216 169 101 147 34 111 12 143 25 277 60 288 145 267 57 207 106 248 72 149 284 288 217 26 165 305 249 38 165 42 227 149 73 19 221 299 75 248 264 100 181 268 200 37 238 270 237 60 180 249 298 144 152 105 78 155 148 28 13 246 23 74 15 26 190 17 44 71 217 200 99 174 180 141 168 171 183 121 260 223 103 147 143 118 139 164 97 156 205 54 79 24 18 82 88 38 309 28 300 289 238 185 13 44 146 94 204 255 84 199 145 72 231 289 152 263 263 197 39 161 62 142 254 12 108 142 50 99 172 119 113 143 100 280 169 199 99 89 275 176 194 74 146 64 25 164 60 264 94 120 139 19 33 94 164 217 306 213 208 
239 253 60 232 181 81 144 111 10 23 159 174 90 147 96 159 98 39 92 292 168 14 141 246 153 276 144 65 71 105 276 47 66 291 25 261 113 71 127 20 121 138 307 48 42 28 242 157 255 262 132 67 183 161 147 108 199 38 229 298 134 111 263 26 294 58 191 227 113 112 63 152 224 28 143 102 275 302 72 52 57 250 278 291 77 82 251 52 137 71 93 99 63 250 30 42 89 257 202 51 280 63 137 102 56 210 105 199 157 51 230 295 138 56 28 128 51 73 217 46 60 191 12 191 177 60 149 203 22 126 178 76 111 260 293 143 64 98 210 260 89 173 84 11 14 198 151 67 97 18 129 95 172 110 234 59 152 199 80 120 14 132 34 103 161 95 223 283 208 206 38 261 262 47 153 103 307 30 283 256 133 277 23 115 119 212 242 238 28 134 66 81 28 11 96 55 82 268 238 141 193 80 177 205 264 101 242 176 187 66 32 94 145 130 22 193 195 273 25 229 210 120 208 15 140 227 154 281 55 167 275 41 298 134 247 248 144 146 79 113 270 24 42 46 140 137 271 194 39 73 239 215 293 59 26 254 34 49 137 189 118 228 87 152 219 211 139 275 13 144 40 135 178 251 192 59 258 174 130 85 99 256 12 245 102 270 192 277 243 71 177 238 77 67 275 146 161 254 19 226 
143 202 125 306 17 294 267 178 200 33 151 211 36 230 40 151 56 117 61 65 210 158 309 85 60 184 238 302 139 173 213 97 66 44 53 261 302 35 51 67 125 22 102 24 289 240 22 160 135 284 183 109 255 207 271 273 94 28 251 77 281 275 93 74 47 278 194 12 94 217 36 181 258 298 138 279 75 288 27 189 15 267 252 106 211 144 205 271 299 297 281 298 227 300 29 240 73 160 306 209 228 184 114 36 149 99 69 144 288 220 164 209 201 283 121 128 21 162 120 202 123 137 113 302 262 156 128 61 129 227 102 277 56 280 80 202 276 179 89 24 302 102 238 221 224 258 194 254 41 22 64 219 75 242 219 264 113 111 101 30 261 165 309 51 270 213 167 140 183 140 47 167 36 76 32 212 213 37 294 69 72 183 288 94 262 26 123 138 289 205 261 298 11 43 149 201 79 23 211 137 268 172 110 92 287 108 225 227 18 48 267 268 25 32 146 158 80 247 37 209 209 306 60 105 115 50 156 275 166 287 116 298 29 105 168 296 26 172 36 38 61 200 275 84 20 95 228 63 94 83 192 147 33 83 218 17 268 248 287 294 292 207 58 230 294 125 127 247 41 231 22 168 50 219 135 24 30 259 159 227 222 57 106 188 73 202 22 256 161 291 54 54 163 288 49 151 277 31 148 252 
61 21 71 269 123 11 51 305 30 144 271 179 151 308 49 247 46 164 302 134 17 73 285 122 65 235 100 145 64 71 111 163 197 74 15 118 50 198 179 182 12 138 296 218 158 62 178 277 283 34 84 288 49 144 232 243 230 82 100 149 62 40 52 237 33 54 81 79 127 54 94 52 244 225 101 190 85 54 204 305 28 42 237 45 35 134 94 32 128 198 33 195 144 88 123 138 69 257 239 107 140 266 61 19 275 257 196 39 231 240 257 232 302 18 61 58 211 153 228 14 149 84 59 166 273 74 31 205 182 15 291 283 79 102 160 126 228 282 119 230 293 56 19 102 136 25 95 135 43 264 178 120 289 239 269 275 177 143 202 283 291 288 246 279 255 149 95 125 108 216 119 219 30 286 27 62 106 22 117 207 225 175 272 155 190 226 129 190 276 121 82 291 197 36 112 54 309 41 54 78 261 75 308 117 126 199 305 37 69 71 201 99 12 246 26 67 238 11 137 233 291 149 203 158 42 119 305 60 12 61 13 215 249 303 305 228 129 109 161 190 155 31 232 58 89 85 39 207 300 189 98 23 129 51 219 52 84 162 272 206 292 109 131 176 208 149 32 82 48 17 259 94 147 258 26 253 167 280 169 103 153 256 184 130 198 236 169 12 91 23 34 60 177 166 125 210 153 255 47 229 
254 235 178 24 30 144 39 116 118 39 222 125 216 40 170 187 167 290 44 154 270 292 47 145 288 126 263 204 212 167 11 77 243 296 255 237 206 177 194 130 110 82 27 210 257 233 270 113 163 86 157 236 149 155 303 142 272 238 97 287 189 291 20 195 12 42 246 288 54 113 252 71 240 214 195 145 20 59 66 20 10 177 172 19 92 170 98 223 74 162 71 131 136 237 209 102 112 271 91 82 199 204 177 141 299 153 132 184 194 246 43 78 61 198 73 110 247 187 64 82 164 211 76 275 14 12 116 83 27 58 186 91 107 270 69 129 239 300 120 291 146 246 57 277 63 232 299 151 207 160 136 74 276 39 93 40 263 255 11 42 302 194 278 262 28 231 232 254 173 208 68 71 189 20 32 269 156 49 276 94 72 140 251 73 138 159 190 49 165 72 207 238 208 189 300 88 118 136 138 49 44 39 204 36 145 118 163 295 177 164 278 268 256 143 153 284 304 60 87 267 86 234 116 60 213 66 176 160 180 35 198 281 188 79 40 37 116 61 48 118 25 41 138 137 117 285 118 162 60 181 288 202 297 209 22 151 45 65 110 287 62 109 157 36 270 22 308 167 150 70 289 228 292 259 239 208 294 114 93 256 118 45 89 297 119 165 209 176 261 206 298 108 256 107 31 190 249 218 95 293 
269 27 155 102 230 184 251 29 68 110 164 105 216 22 33 308 115 206 100 263 280 261 84 212 167 107 272 244 13 58 174 156 11 218 153 246 192 159 65 290 29 253 17 274 160 231 221 96 293 128 20 91 147 82 303 23 209 223 104 94 211 90 69 171 224 125 97 20 185 212 288 184 120 187 77 250 309 176 37 129 105 167 33 132 37 105 108 240 177 298 250 251 53 138 60 27 230 262 97 108 50 220 253 118 186 24 236 42 24 273 289 282 152 251 203 151 286 246 239 235 108 275 139 124 114 78 79 252 271 12 170 49 18 273 308 66 189 73 57 122 24 90 32 140 41 245 129 268 190 173 120 58 20 64 303 76 291 302 77 17 58 251 73 79 17 80 220 12 36 140 142 213 221 175 280 126 92 111 121 194 242 235 298 294 40 40 278 228 46 82 28 98 152 127 23 219 271 29 215 249 75 202 25 299 59 92 31 169 42 243 281 230 97 26 239 42 41 175 132 60 170 242 86 149 160 116 283 217 265 261 99 109 235 132 279 54 275 289 134 109 230 135 58 268 267 163 93 67 74 77 108 307 48 118 196 59 62 262 47 176 10 162 69 131 91 132 248 76 168 94 229 257 180 13 264 90 265 307 33 16 167 14 16 193 190 66 225 195 86 273 217 93 46 238 205 128 259 44 176 285 
99 19 139 34 225 35 183 139 294 168 251 303 228 26 70 171 206 87 255 163 273 189 259 183 78 103 143 55 36 135 278 194 286 193 242 299 276 259 134 77 254 276 290 221 142 282 187 149 232 299 56 275 106 218 146 159 133 163 302 41 97 240 308 174 115 222 168 284 57 240 42 293 138 270 84 201 272 216 119 90 262 303 253 156 14 300 217 252 71 301 60 85 126 297 152 150 98 232 266 35 237 165 267 98 137 209 47 247 127 129 25 83 290 216 222 298 235 204 22 55 77 113 175 264 287 69 203 74 305 165 140 230 259 92 105 129 99 167 152 209 225 121 162 176 304 68 259 204 224 300 171 48 233 282 296 130 257 156 21 253 70 143 14 193 47 204 256 177 237 267 23 36 232 257 295 36 14 41 216 151 74 26 117 302 50 74 255 238 55 58 269 288 125 36 295 21 305 21 288 63 225 181 136 127 156 99 22 259 302 298 292 54 63 48 280 113 229 100 39 21 114 303 153 298 24 302 48 50 214 159 108 58 298 261 154 12 19 281 279 230 136 183 244 138 73 168 152 103 204 220 190 282 241 155 171 200 85 208 89 91 197 202 157 95 217 11 63 103 151 62 272 289 182 223 216 102 307 284 125 45 234 114 66 34 192 274 100 61 291 206 218 196 191 135 247 298 208 215 29 249 
132 137 307 271 234 264 236 283 134 194 30 46 276 75 112 164 67 288 248 46 147 64 159 59 11 300 162 178 190 209 309 238 280 200 134 165 147 297 120 29 280 297 68 292 212 309 164 165 175 158 130 171 24 66 120 278 117 282 150 272 243 242 47 137 265 42 263 150 306 162 167 291 41 221 207 235 20 41 106 204 307 106 164 179 86 44 28 193 45 257 102 243 144 12 70 215 262 223 47 67 121 51 167 297 159 61 155 80 108 279 209 158 27 225 232 171 125 46 200 285 112 38 307 140 128 200 96 283 96 231 241 208 67 100 62 116 224 111 220 59 74 12 234 75 184 272 259 234 162 268 168 277 77 135 261 174 196 271 159 230 166 22 35 60 309 34 145 56 235 66 81 159 116 174 125 10 265 33 305 253 144 290 288 162 180 290 128 42 70 67 180 48 152 252 291 231 45 187 263 133 237 51 87 289 58 23 214 28 238 298 198 31 152 141 200 212 38 177 140 272 276 154 235 36 10 41 238 158 266 280 218 302 84 288 258 220 250 25 185 64 184 18 201 97 152 295 231 202 278 38 36 139 162 70 51 134 177 41 44 29 24 114 264 295 278 202 82 245 74 266 178 199 294 180 20 39 14 13 294 217 140 280 21 51 270 145 210 195 164 172 245 127 32 71 174 181 299 81 151 179 
38 145 148 84 68 102 257 264 298 272 225 48 108 239 40 37 174 118 246 271 31 183 80 57 233 221 40 308 202 81 224 99 44 246 140 144 223 167 221 308 126 258 276 260 247 19 239 249 41 81 112 25 115 124 195 282 295 42 178 159 87 187 103 233 90 32 218 279 182 123 24 229 216 249 119 225 228 191 98 63 268 206 284 262 195 176 32 55 19 200 120 126 70 153 186 304 303 85 234 164 217 186 145 108 216 164 182 58 204 257 107 13 142 212 154 226 164 88 44 20 196 73 249 147 108 29 178 24 304 300 156 180 140 236 70 20 28 206 108 143 274 117 152 258 215 173 169 300 160 307 247 112 114 159 42 192 104 233 287 199 240 189 107 46 80 185 85 226 290 197 66 177 10 205 94 12 135 309 62 44 97 276 232 24 122 133 155 77 238 115 188 186 23 80 232 295 208 113 247 81 65 172 40 96 132 118 161 47 243 86 254 91 38 141 57 103 30 23 268 23 134 254 63 304 257 149 27 62 73 228 52 163 78 15 102 239 41 56 185 61 206 21 283 249 52 145 116 290 113 305 13 162 33 34 62 295 43 121 140 156 233 75 59 140 148 126 43 259 176 115 66 239 57 150 241 61 290 263 274 116 200 35 173 129 15 30 270 191 208 70 175 29 298 128 38 106 255 221 45 143 
162 56 43 228 286 85 242 20 212 137 67 234 257 53 190 32 38 292 279 149 76 85 219 40 16 160 123 274 75 96 34 24 61 309 57 93 115 227 184 217 59 174 299 191 271 283 218 260 176 95 212 81 264 307 82 285 281 180 55 154 181 267 231 274 119 100 20 29 260 18 152 57 181 146 109 288 226 129 38 37 244 15 235 226 251 122 26 173 303 90 242 210 268 294 140 304 24 87 212 50 27 292 86 15 241 157 110 185 171 44 77 27 171 128 210 145 277 200 132 184 30 264 96 130 233 158 184 66 174 64 217 64 290 23 42 276 212 179 83 265 245 298 89 137 227 242 42 189 279 127 35 137 92 205 132 93 294 217 209 122 251 85 286 268 49 41 300 132 212 149 242 137 217 208 144 215 198 130 235 235 120 105 157 161 199 212 172 267 69 148 77 137 142 76 181 218 262 53 55 178 72 265 175 132 217 111 131 214 212 98 297 50 56 17 104 160 35 155 266 181 70 76 137 22 216 224 124 57 155 282 229 23 200 296 140 271 171 285 94 298 276 215 239 59 244 194 105 305 62 69 43 251 135 175 129 223 52 149 80 190 175 38 288 210 149 43 295 69 67 232 29 66 74 22 210 142 195 286 272 216 26 50 126 20 198 267 73 64 106 171 148 108 303 44 225 228 250 236 269 27 
215 130 20 230 70 249 195 70 153 224 109 218 110 198 185 153 255 291 280 106 115 42 198 164 78 68 283 172 279 72 262 141 297 145 102 272 173 270 79 40 223 252 232 139 215 209 282 237 296 34 211 57 225 146 68 97 168 134 60 107 289 184 10 94 180 288 264 18 34 115 189 71 67 66 184 86 215 247 127 121 107 34 150 124 262 67 267 72 270 210 70 213 47 131 53 63 165 119 50 96 17 218 84 308 83 178 23 204 101 304 54 76 299 142 33 59 230 253 75 281 74 248 18 201 61 308 262 279 179 14 88 215 231 210 127 118 159 144 163 112 270 144 43 295 117 126 48 292 108 52 272 235 34 48 92 63 188 177 86 199 10 101 58 186 130 54 151 126 42 77 168 39 132 124 308 30 260 202 103 16 56 277 110 103 230 62 104 265 27 61 174 138 275 84 231 63 281 48 260 247 212 31 60 153 78 70 64 292 128 202 193 278 278 174 244 148 137 87 214 76 190 152 39 265 220 223 261 271 157 287 162 222 109 47 110 125 40 239 230 78 45 174 199 288 259 88 199 255 59 269 69 75 65 74 72 243 183 122 22 280 16 231 29 215 166 82 309 207 63 88 131 47 100 82 89 234 222 96 235 199 160 74 142 148 53 15 32 25 168 37 175 166 89 272 276 145 46 238 138 21 
206 71 291 180 240 107 219 13 243 72 284 45 301 80 285 55 201 99 210 287 202 236 267 177 121 138 53 125 105 169 25 64 301 78 238 280 109 207 161 129 103 226 278 185 37 281 42 29 166 210 271 28 77 208 168 267 34 285 210 22 232 177 158 207 129 260 139 44 112 27 10 289 197 33 188 166 216 187 205 78 15 236 15 173 277 119 228 103 263 69 236 197 270 48 240 227 113 36 163 259 116 260 279 46 65 228 288 124 250 224 289 285 296 261 46 37 151 286 124 255 285 215 122 165 195 149 297 243 189 292 247 134 82 80 69 23 192 121 288 157 244 35 295 103 33 170 203 193 174 178 248 268 226 141 298 235 144 259 71 49 105 143 133 105 196 13 297 253 272 47 133 250 66 107 80 231 95 177 96 68 14 105 112 61 185 268 194 239 248 48 159 309 254 305 97 227 180 197 174 176 48 74 107 246 110 82 213 70 165 68 39 251 72 269 284 26 142 217 211 64 199 259 181 33 103 94 89 285 77 254 291 303 37 274 29 147 34 47 225 199 67 53 145 254 171 281 83 197 190 102 121 23 217 256 104 266 37 290 259 282 296 155 59 22 137 179 20 41 21 74 127 103 174 214 170 108 267 37 214 216 164 45 296 251 287 219 286 198 47 137 229 251 136 19 111 94 123 89 309 45 
20 247 86 173 165 61 265 105 176 112 269 295 244 293 247 177 184 272 37 225 237 15 53 212 161 116 267 155 115 104 222 167 69 170 155 143 36 108 160 199 243 236 296 259 123 225 156 252 281 127 286 151 291 268 59 240 264 29 299 80 210 221 123 266 207 292 174 186 224 230 181 191 71 216 91 267 271 59 105 17 276 177 17 182 102 305 45 207 196 226 230 286 151 302 50 230 95 279 235 148 212 34 125 216 229 144 273 161 239 206 179 103 99 60 197 141 177 300 309 70 305 55 242 228 95 244 173 73 227 248 217 85 196 266 196 92 244 192 148 46 216 278 270 203 206 233 16 182 264 162 89 181 199 48 29 39 36 276 66 161 190 164 186 225 280 229 161 131 240 284 238 244 44 287 269 161 80 169 16 74 128 64 255 211 151 218 44 91 288 56 307 18 196 69 60 270 217 63 266 238 133 125 24 211 70 73 274 216 101 222 26 220 272 276 152 93 292 259 159 259 239 246 208 29 126 264 12 31 34 240 153 237 204 165 233 215 155 148 215 229 209 230 194 269 16 204 91 114 14 152 129 99 287 200 91 101 183 190 98 58 240 64 67 211 128 77 87 258 174 184 161 19 273 175 88 40 157 251 154 87 274 189 168 105 114 180 139 63 131 210 297 107 185 304 128 69 205 78 52 27 
75 21 152 295 223 163 195 262 34 252 227 16 87 115 302 174 208 205 43 71 167 195 243 80 168 94 20 142 200 202 222 304 286 200 228 224 18 240 125 170 67 309 131 260 198 284 184 285 267 299 96 104 278 275 282 46 294 103 203 287 172 131 202 286 284 91 168 163 43 208 36 141 53 21 190 267 145 274 18 284 241 13 262 63 148 221 87 20 253 296 32 47 273 263 127 76 284 163 54 60 248 82 177 123 35 288 100 251 298 39 124 27 53 37 273 243 289 89 182 19 172 271 240 195 52 248 12 114 218 153 168 54 140 190 148 275 197 174 225 273 216 285 213 211 204 54 132 261 10 151 211 74 263 262 291 291 252 112 124 222 159 195 167 274 124 80 168 193 207 43 164 224 192 199 182 40 308 216 145 157 210 295 69 219 47 27 289 86 209 237 288 186 194 91 239 139 299 212 247 219 106 291 90 249 309 85 180 157 192 39 286 230 286 189 42 294 287 232 106 220 292 182 213 238 19 271 79 94 25 198 207 194 17 146 175 187 115 26 72 82 89 272 68 168 229 17 64 52 127 303 281 162 292 23 292 19 179 137 284 106 158 98 97 41 205 68 31 200 151 160 253 41 117 29 106 220 191 83 92 113 23 302 195 268 133 188 276 240 225 116 155 268 147 52 217 218 212 18 102 304 
119 34 194 99 67 123 186 22 20 35 34 176 176 252 196 118 63 149 299 123 189 272 26 60 171 21 151 61 64 286 39 177 118 148 122 63 143 267 294 233 25 106 253 278 162 113 236 14 163 30 83 25 215 101 205 257 135 207 170 211 225 229 96 216 305 251 122 15 294 39 24 274 209 74 167 66 171 41 267 223 304 103 102 16 192 263 34 287 73 267 103 184 41 40 195 47 102 237 94 75 115 48 234 153 136 72 274 57 237 224 48 259 55 24 117 172 119 250 160 139 183 142 127 35 270 37 193 86 192 287 258 140 10 239 189 68 103 245 31 79 39 118 241 35 179 130 275 141 273 22 30 293 221 14 271 129 212 110 121 301 15 129 90 46 264 219 256 278 293 119 46 131 133 111 208 282 32 71 146 245 277 171 197 248 237 121 58 169 13 246 245 223 180 240 13 168 304 159 273 29 26 40 114 221 56 187 282 192 234 152 80 151 99 217 217 297 281 14 255 32 31 28 131 136 50 178 212 291 270 237 278 126 11 267 149 298 55 198 234 215 298 254 287 293 215 52 13 160 260 292 189 105 202 42 220 53 21 20 20 274 279 88 284 64 119 172 53 18 287 97 138 20 167 211 92 284 218 297 83 240 243 273 69 281 204 71 52 42 282 223 286 14 94 116 235 64 54 146 11 176 
254 30 36 74 177 105 142 43 207 238 21 137 129 88 259 92 267 299 271 90 184 26 221 150 123 225 47 33 309 63 199 77 38 15 274 159 225 298 104 30 298 192 64 40 210 249 79 45 90 138 293 50 71 84 116 131 150 283 207 208 306 78 77 96 199 98 102 87 105 240 61 211 80 248 216 261 175 188 29 57 58 204 133 293 120 167 50 109 140 258 305 144 300 195 256 154 207 293 204 95 240 290 22 228 124 253 17 103 102 181 232 79 229 41 80 116 162 230 56 11 168 150 131 258 100 198 73 43 44 178 38 107 75 260 180 61 10 290 111 59 206 256 301 276 273 29 258 138 229 241 186 74 287 223 214 190 184 291 45 94 170 131 26 238 24 42 144 299 263 177 77 48 256 289 264 83 242 144 259 40 214 84 212 105 127 309 154 99 287 90 146 280 23 163 266 129 58 180 81 37 154 157 300 279 186 72 169 213 163 163 15 22 99 91 225 289 266 272 150 10 237 96 100 116 221 114 156 143 10 98 309 249 131 246 100 116 59 282 288 213 272 192 289 175 235 46 271 81 124 241 144 98 63 123 89 191 223 59 161 101 143 268 134 208 154 219 65 82 195 37 40 212 221 209 155 252 63 181 248 214 200 210 306 132 184 136 243 132 38 40 88 83 145 246 146 32 296 90 155 225 
147 146 203 306 239 16 115 224 253 140 241 24 138 305 249 303 281 16 115 108 181 196 279 156 300 104 222 49 304 202 233 282 226 230 71 202 133 23 114 24 172 55 286 258 226 120 89 96 96 89 110 62 148 263 308 48 57 130 93 91 175 195 164 181 140 123 25 13 219 96 95 239 112 302 274 200 264 213 105 251 203 69 185 179 147 282 24 309 155 25 45 228 180 246 17 41 58 15 300 294 162 109 44 82 294 110 283 180 165 107 223 63 133 114 119 283 295 51 243 244 62 207 80 243 35 125 197 271 211 37 186 206 269 128 175 88 237 53 11 95 253 25 161 288 83 302 142 205 191 139 21 256 143 277 224 290 304 73 79 39 255 72 121 185 224 23 213 18 249 257 39 224 158 157 116 171 204 256 208 18 176 150 77 62 157 52 82 29 260 294 42 300 211 222 103 238 27 293 182 124 171 228 39 45 62 54 284 116 16 116 151 169 100 281 41 245 24 162 21 98 254 193 165 170 26 134 241 149 51 270 242 113 138 292 167 82 188 172 29 283 32 306 196 243 297 198 207 75 57 257 124 238 82 36 269 22 244 272 138 11 83 286 225 50 242 251 230 132 41 127 22 286 255 130 286 267 243 231 108 176 167 64 126 68 21 193 38 216 301 48 149 252 24 105 30 190 244 127 261 298 
232 71 269 304 57 76 87 278 56 110 148 137 58 263 16 41 22 230 232 307 230 290 77 79 213 55 130 150 227 223 41 258 285 120 144 199 198 112 45 252 38 65 62 298 263 113 171 228 81 281 110 72 58 10 252 237 174 32 165 298 271 159 103 197 272 258 60 27 71 258 165 268 96 123 296 58 109 292 84 63 143 45 270 78 42 100 52 113 171 129 211 61 17 167 174 42 174 297 265 270 127 246 103 86 155 43 92 306 216 27 106 26 127 249 10 50 160 236 241 32 117 72 248 259 67 231 25 90 150 286 10 261 215 228 203 36 46 151 167 225 204 222 71 238 65 59 35 272 63 243 309 298 199 154 91 201 56 183 19 284 104 167 185 199 109 136 25 55 13 106 105 284 250 305 301 159 33 102 285 115 252 91 159 118 185 32 129 287 305 139 37 202 285 190 80 265 47 283 252 122 181 64 226 79 293 44 70 224 220 206 99 275 165 37 82 72 120 128 150 72 304 295 115 168 288 293 188 170 261 199 185 123 49 281 221 229 270 64 271 142 25 231 195 210 229 254 159 285 159 232 146 41 300 163 105 243 217 190 209 180 241 98 248 50 129 145 219 210 139 99 287 228 93 69 251 261 36 92 54 221 106 162 81 161 169 140 151 31 57 251 75 183 145 38 81 272 213 276 117 155 
130 170 152 71 47 176 220 299 103 89 51 184 138 276 151 265 220 100 76 139 67 254 289 96 57 65 80 129 302 194 12 224 59 78 52 303 251 45 26 149 177 95 221 116 282 89 59 37 48 136 229 188 155 238 292 123 83 70 224 236 43 52 211 128 105 273 129 227 253 262 125 162 234 112 58 272 270 20 178 88 117 25 11 201 138 138 28 59 165 228 214 181 260 264 253 276 212 21 240 55 110 16 44 44 110 287 136 242 287 87 48 50 248 289 107 143 147 128 109 289 170 197 207 230 158 147 181 164 116 272 200 173 57 28 185 227 170 220 288 294 288 37 13 185 160 102 192 53 86 43 219 24 127 148 240 149 48 86 272 243 81 288 276 206 238 148 46 232 173 123 162 37 177 18 88 138 197 187 25 144 243 51 110 265 291 305 76 286 26 59 146 25 68 183 19 189 214 98 232 207 272 260 229 15 270 46 291 52 100 11 149 172 215 188 37 35 14 236 26 290 261 80 119 211 265 87 202 295 120 24 282 287 218 75 15 219 260 265 308 53 204 64 133 296 309 18 25 283 144 161 25 20 268 27 247 193 186 275 186 139 68 244 10 133 19 196 126 78 18 87 264 297 105 13 29 153 114 10 138 49 286 216 58 109 207 278 189 154 109 175 180 211 187 41 126 128 47 199 127 295 
293 89 119 29 227 42 141 82 25 158 140 296 79 17 265 65 119 244 274 35 305 195 51 71 212 258 184 249 71 244 66 179 279 181 269 117 159 19 260 268 86 27 66 177 252 133 206 167 183 133 298 63 211 127 118 24 291 13 266 228 250 203 146 82 282 104 45 120 180 260 268 302 17 113 254 235 96 10 292 104 63 252 165 263 118 143 216 82 153 49 196 220 209 233 225 295 118 299 88 254 199 193 159 113 19 277 178 307 99 281 57 103 232 43 11 210 218 167 174 60 32 242 168 205 262 240 41 151 217 172 166 261 187 102 86 209 35 13 283 284 77 91 251 101 72 177 11 109 195 203 32 151 183 36 44 57 259 146 91 121 117 297 59 302 208 147 153 165 285 79 249 251 171 202 147 42 281 295 43 220 262 104 258 254 163 107 58 233 72 85 223 153 38 308 243 136 90 241 251 69 106 34 28 212 188 260 169 41 99 163 185 190 258 140 167 210 178 263 208 188 235 111 141 69 174 11 34 173 122 210 158 115 241 69 171 266 192 123 296 290 309 86 122 64 155 296 296 31 147 276 303 231 14 258 128 63 235 209 83 49 151 263 36 268 278 138 303 133 11 237 258 254 143 100 42 269 114 105 138 172 130 19 82 161 33 112 230 135 272 265 47 193 157 293 302 139 53 32 253 27 
302 89 73 73 309 137 132 198 262 117 199 61 136 62 159 304 78 168 237 62 82 217 182 53 213 38 260 173 279 271 146 281 81 23 178 58 60 298 21 294 219 298 11 268 216 110 80 172 263 278 98 296 308 64 184 140 18 192 134 297 47 138 17 226 294 258 265 230 259 113 238 130 298 226 124 166 98 132 130 207 231 170 81 124 302 234 116 83 100 190 263 305 158 123 237 76 279 236 210 85 150 116 81 98 110 67 40 110 127 194 129 234 87 224 105 246 265 27 180 273 220 119 80 165 159 10 141 239 307 76 208 54 154 133 118 249 259 64 49 253 118 166 237 275 230 68 44 268 235 71 246 191 93 217 102 127 242 77 142 280 239 46 13 181 134 230 291 160 78 213 225 230 203 179 178 242 184 214 156 167 38 194 255 204 99 103 126 172 43 145 216 23 133 167 23 83 202 298 307 130 93 222 64 143 27 164 83 267 41 286 190 30 306 25 283 177 246 145 111 227 211 258 147 247 76 305 31 284 147 164 77 80 27 151 216 240 273 87 85 276 150 28 10 151 214 54 309 262 239 191 32 57 305 232 251 288 281 109 245 211 168 290 250 93 97 208 148 42 209 175 56 284 22 96 236 30 18 42 219 298 241 141 48 205 230 12 215 276 90 179 60 105 209 131 178 38 181 149 247 141 
212 292 100 165 229 299 239 76 86 178 263 154 45 43 244 249 232 240 300 93 106 296 94 77 26 211 180 246 218 246 158 304 32 130 61 248 140 223 12 105 231 284 298 53 202 93 152 145 209 298 166 115 29 222 13 112 88 186 182 234 77 155 105 76 176 285 150 288 250 206 168 240 240 286 84 276 264 172 128 22 197 156 277 11 252 103 106 37 306 112 10 146 220 144 304 236 181 145 116 29 83 102 136 42 149 234 49 162 39 306 44 16 246 228 33 268 262 201 149 153 37 173 229 181 305 70 22 277 41 138 47 309 292 81 203 18 39 50 224 172 300 140 295 270 18 16 237 135 307 126 101 236 84 25 39 64 52 263 212 27 255 152 195 150 256 293 140 45 265 53 247 193 178 67 262 269 20 162 263 116 168 68 80 97 259 53 44 78 239 276 183 125 235 175 88 172 183 72 270 306 231 226 120 103 69 93 178 104 137 205 189 74 16 205 16 61 254 71 16 60 76 274 25 47 38 132 18 248 278 233 38 298 149 287 52 199 230 144 128 272 296 249 192 94 183 260 134 23 106 64 230 105 199 307 54 15 199 73 84 142 304 76 108 17 248 119 155 143 176 126 155 280 305 294 23 219 233 37 38 120 262 281 35 270 106 237 36 186 30 84 155 109 185 113 264 106 295 34 76 183 
87 261 182 109 17 112 36 18 55 292 156 31 14 168 279 163 291 179 189 63 224 251 167 229 45 240 242 46 239 116 133 90 304 152 56 279 62 135 117 247 200 197 35 305 35 107 214 87 42 261 87 283 16 124 260 39 265 269 165 156 207 141 12 129 194 286 110 49 14 63 127 189 17 136 240 38 304 140 195 199 73 158 288 65 254 85 245 99 156 228 110 69 303 189 138 20 253 265 96 256 129 296 294 180 77 177 60 25 149 181 116 82 294 200 36 295 263 184 304 193 23 293 241 284 75 237 171 274 141 40 86 175 202 298 150 121 184 140 233 75 75 173 303 208 280 194 233 301 146 132 151 296 165 256 306 82 220 127 206 27 143 11 171 291 277 166 263 64 302 157 251 167 232 24 89 111 96 232 162 156 119 245 75 140 210 57 141 210 141 200 245 136 306 194 97 223 74 94 204 184 24 209 228 58 15 110 74 277 304 186 94 36 143 299 296 182 14 221 201 197 22 201 122 121 75 221 294 240 94 79 282 154 69 162 226 275 29 35 298 50 227 280 22 192 221 306 309 170 30 150 64 139 160 164 178 185 185 36 15 278 212 246 273 262 185 293 303 87 260 307 132 99 50 219 122 217 237 242 76 139 269 201 156 275 226 131 289 29 168 304 196 48 184 121 225 126 117 235 125 37 
135 198 258 152 219 221 126 174 51 183 195 18 71 279 258 22 72 172 99 172 16 35 128 238 111 98 90 53 68 163 184 10 163 76 18 292 273 191 17 272 236 101 203 294 205 299 73 263 195 25 123 195 154 190 257 141 136 164 51 73 170 236 162 130 226 13 65 60 116 278 32 291 43 272 304 108 302 64 23 63 302 57 183 34 197 146 77 25 283 10 170 275 20 300 153 228 90 141 218 19 113 284 264 18 200 268 306 59 154 292 246 21 145 135 97 48 221 93 73 30 21 58 137 202 205 210 111 77 163 64 135 94 119 259 19 81 48 226 288 108 245 114 140 282 121 161 258 121 135 305 81 70 60 295 149 27 109 241 238 56 64 279 206 196 190 233 29 150 238 216 31 67 224 146 183 194 273 134 293 31 170 272 25 72 27 141 237 73 177 15 91 118 125 220 264 130 175 156 244 266 267 207 120 75 103 183 275 216 21 18 200 139 90 100 80 294 255 180 107 93 83 239 213 58 286 149 73 288 81 54 166 116 41 268 141 260 148 307 38 245 29 177 81 104 52 176 75 76 158 264 197 194 62 297 270 145 204 164 37 189 212 309 17 153 182 198 186 112 161 77 78 184 174 107 138 304 139 68 295 64 295 209 280 241 243 293 176 287 42 59 192 241 37 180 307 12 85 264 281 236 
101 74 221 150 211 168 213 43 267 63 305 239 302 231 72 290 184 247 236 99 212 297 81 78 246 43 96 163 227 264 24 139 224 288 281 158 105 57 15 18 76 95 64 295 228 211 285 220 104 192 38 37 134 269 218 121 166 26 170 186 63 229 80 143 47 260 55 205 66 264 123 13 35 215 79 300 232 195 239 36 151 210 226 103 77 69 281 21 42 201 228 134 21 154 21 96 213 250 230 91 52 182 55 235 75 187 277 126 219 196 153 165 266 234 60 262 216 120 222 12 256 160 57 135 82 69 251 39 231 231 180 223 295 68 265 252 57 127 75 88 67 259 221 124 220 44 291 97 76 114 131 290 79 39 66 256 297 101 82 204 231 157 195 49 73 44 106 290 300 164 273 306 42 226 169 124 178 73 220 25 56 307 231 140 279 230 151 206 134 42 257 74 179 133 220 62 144 268 306 26 152 244 191 77 248 275 161 230 66 95 135 41 136 251 49 142 53 34 24 300 237 84 294 198 199 180 55 258 108 190 93 235 89 28 205 137 299 244 131 166 206 76 112 143 272 102 82 59 92 137 152 263 163 220 143 143 41 165 284 272 179 168 98 11 120 129 274 261 225 279 118 11 13 223 179 108 69 280 130 215 49 108 192 223 111 172 261 202 219 307 10 117 47 85 258 306 140 269 12 302 
234 147 25 105 100 195 15 183 170 202 197 296 34 264 81 219 94 161 271 190 109 240 159 45 247 292 46 97 245 225 153 283 140 124 97 177 270 170 57 188 36 118 190 136 225 71 181 95 234 43 303 184 145 179 309 15 296 207 200 188 160 222 49 169 309 177 182 11 91 267 258 157 233 245 251 267 194 211 236 305 101 239 87 248 161 255 89 159 217 245 164 34 232 31 42 135 112 212 60 19 260 262 191 223 79 232 94 242 67 146 216 106 207 299 24 269 148 150 251 86 146 186 256 184 109 307 123 258 138 96 218 67 132 243 83 301 298 125 200 104 242 226 271 201 110 177 254 259 27 127 230 244 100 46 258 245 64 56 139 294 281 165 13 246 191 78 149 105 128 306 189 23 170 210 207 95 180 87 181 124 81 162 84 120 137 269 92 46 64 297 287 170 184 284 70 138 85 55 188 95 83 286 48 288 36 210 118 71 65 115 217 189 86 51 255 111 295 35 112 274 141 98 155 287 100 251 83 283 155 10 185 304 227 208 39 185 183 186 12 183 55 240 309 173 114 203 308 252 258 153 114 242 51 11 115 220 127 131 184 243 136 91 48 240 26 18 120 118 215 246 27 195 256 77 106 50 166 176 223 220 53 233 128 218 283 136 122 222 240 88 43 271 225 34 169 182 234 223 292 287 
101 182 210 276 215 272 128 152 101 211 203 135 284 84 153 293 148 53 126 212 295 251 62 14 148 120 59 119 78 299 255 142 267 166 68 138 193 204 199 36 211 164 106 152 235 79 24 152 291 62 121 159 57 14 251 137 259 79 152 210 31 150 281 298 171 122 290 196 261 49 279 50 213 176 38 39 203 224 82 134 14 243 260 231 69 238 220 235 74 92 66 228 76 52 109 57 165 54 124 179 167 151 27 229 186 233 196 134 159 261 135 36 284 292 47 275 87 248 18 22 99 188 206 49 309 41 284 211 228 182 298 82 207 286 44 270 302 105 60 218 23 56 31 49 258 285 205 175 212 203 292 306 76 309 164 20 270 21 54 246 132 43 195 114 54 194 166 156 266 278 166 278 156 15 149 82 294 119 280 28 287 226 232 84 137 153 152 101 280 228 303 299 13 287 256 123 91 16 65 200 173 286 102 208 101 41 174 275 307 68 134 266 36 107 60 44 108 191 197 125 266 98 115 105 304 215 302 128 147 222 149 265 115 148 75 144 74 166 199 251 209 190 252 196 128 101 137 165 211 250 88 96 104 232 250 117 96 244 211 89 228 185 61 244 113 60 178 163 75 57 109 30 305 127 102 35 306 196 291 184 265 104 193 93 247 60 63 250 73 104 143 180 20 210 19 85 46 105 127 212 
245 16 203 85 130 301 208 239 262 276 90 124 115 176 272 137 126 15 55 306 220 277 252 306 219 195 237 159 90 13 122 153 71 238 244 84 144 282 145 235 32 229 69 106 200 302 65 24 118 98 222 213 12 94 204 86 199 46 72 295 117 231 82 111 218 255 199 214 40 228 178 263 297 303 234 169 288 138 271 185 41 67 68 188 285 31 57 109 214 93 80 280 92 87 181 196 29 95 105 256 200 74 88 300 280 218 27 14 143 252 140 64 129 220 65 107 139 15 185 242 260 238 120 191 110 25 213 252 24 255 270 114 175 204 245 98 218 286 93 161 222 64 206 178 57 52 152 37 103 192 84 55 47 43 26 295 292 38 255 199 303 225 170 115 202 86 101 16 293 223 148 189 212 274 194 83 50 155 78 199 264 253 36 28 261 142 228 17 153 168 143 196 111 34 153 43 287 304 302 219 231 10 275 171 126 231 80 242 239 20 123 308 39 38 244 282 101 230 231 308 173 104 61 111 235 274 34 11 225 90 106 183 304 257 232 166 39 301 91 160 268 209 239 69 107 39 127 277 244 35 207 173 24 254 48 121 143 302 67 283 177 92 198 87 159 177 73 127 255 197 245 16 262 141 146 210 108 160 162 80 45 217 231 308 207 275 261 206 248 172 106 182 161 274 42 51 224 215 195 61 
106 52 208 163 19 208 67 150 142 58 41 300 36 104 285 236 85 201 17 189 105 110 212 125 196 80 62 108 71 109 94 169 285 76 105 292 286 98 200 197 306 299 48 120 261 120 115 166 14 122 42 135 282 234 212 147 155 207 198 258 216 205 137 175 47 263 108 240 20 63 71 20 23 140 146 29 277 257 42 169 115 272 156 279 260 98 140 13 212 297 109 44 88 142 162 158 240 191 12 179 191 292 217 11 213 214 292 291 51 171 86 102 299 137 65 102 162 21 230 307 166 143 145 151 127 123 43 90 44 218 167 124 10 199 205 181 89 71 259 277 128 151 307 284 242 16 159 19 156 287 255 208 45 122 236 70 283 58 121 301 28 287 271 32 69 105 245 39 194 245 41 131 30 119 232 288 13 56 47 59 59 79 55 249 38 88 170 134 186 282 244 108 264 54 113 98 105 90 243 213 264 282 282 74 295 60 58 246 110 227 297 122 125 115 42 21 28 115 221 14 175 31 28 90 42 291 33 159 33 239 149 90 264 16 284 198 235 195 90 45 228 72 189 279 97 174 96 140 195 94 148 291 239 141 192 45 288 253 159 194 209 298 209 14 153 257 265 302 240 106 193 298 284 155 195 146 84 204 68 80 280 92 262 285 273 212 258 33 53 178 202 152 242 213 275 86 119 303 99 127 
80 147 46 76 196 288 138 113 216 117 179 35 249 231 64 291 217 12 152 267 50 53 32 261 43 163 173 298 211 129 276 157 303 33 292 172 107 131 259 273 228 226 253 93 69 246 206 110 259 105 103 223 153 179 299 184 140 59 257 233 240 131 176 11 67 43 74 137 90 228 258 297 172 273 250 167 161 21 160 217 264 256 175 60 33 238 244 97 206 11 93 64 178 281 33 285 10 27 213 112 75 236 183 63 241 35 34 157 279 256 249 129 275 27 103 266 19 199 258 214 24 62 75 154 157 207 262 84 279 96 193 264 60 297 102 87 274 152 68 290 238 299 55 269 12 283 61 255 169 42 155 220 186 152 108 160 74 13 70 252 303 230 138 82 201 200 170 294 88 69 26 114 247 150 172 170 208 217 219 25 138 168 133 46 168 89 259 258 52 155 146 72 85 73 308 146 281 86 265 84 277 188 178 271 208 189 221 136 274 155 258 204 274 19 46 62 119 245 174 51 308 173 270 37 41 133 130 27 12 105 281 228 283 183 33 158 255 276 306 110 130 159 90 305 254 61 296 308 202 124 259 31 289 220 106 46 99 254 138 254 302 231 231 75 122 124 38 298 148 92 182 180 177 251 34 71 49 236 175 137 190 298 131 51 67 130 237 104 232 108 234 278 119 214 186 44 124 117 207 201 
174 295 295 307 94 189 276 299 91 106 129 273 170 35 238 183 146 188 300 127 223 271 254 276 228 24 200 32 231 93 126 171 249 262 275 91 137 264 206 177 209 277 88 247 70 203 168 158 291 131 20 134 269 247 144 180 53 144 111 270 194 124 216 269 53 118 171 39 239 295 185 216 90 211 238 64 298 39 244 201 57 305 39 153 308 309 79 248 280 237 285 71 246 273 37 11 123 37 255 300 115 204 41 153 18 47 181 239 175 105 192 156 100 144 285 289 94 91 42 295 191 21 232 51 158 242 281 140 62 209 15 198 153 78 174 147 273 73 142 57 32 302 142 194 201 126 12 150 23 163 182 159 261 259 152 233 154 294 180 53 30 205 294 128 157 269 288 115 28 29 64 145 109 127 159 107 202 117 154 251 234 127 155 37 295 131 35 282 230 193 301 73 183 112 89 126 140 193 86 301 18 267 145 240 131 211 279 248 42 128 33 285 146 85 217 248 92 97 119 169 31 35 81 281 210 168 149 305 61 266 213 200 240 291 299 249 193 113 141 193 86 19 91 184 194 99 63 201 212 301 298 107 76 17 196 48 123 224 108 117 89 241 45 168 249 285 231 90 107 231 287 173 128 234 124 51 183 103 223 299 175 271 250 83 234 229 54 99 160 48 154 221 39 228 34 154 265 117 197 284 
262 256 95 13 23 165 182 134 35 128 295 267 234 216 276 122 212 32 235 190 95 156 265 114 71 208 127 26 204 171 105 97 189 279 214 124 156 252 32 118 149 102 84 21 132 190 259 227 34 86 22 160 255 148 135 240 21 193 150 47 307 80 87 165 200 262 160 47 170 87 61 131 234 189 130 132 210 302 309 140 300 280 268 178 269 304 245 177 206 64 157 266 277 154 254 67 51 292 157 141 73 174 78 308 245 80 208 164 66 209 48 206 223 204 298 99 87 288 195 48 85 127 177 295 46 227 111 224 143 25 60 127 265 169 211 290 114 238 164 38 198 177 89 19 258 180 101 204 95 281 109 47 266 28 142 196 75 209 246 28 223 185 230 81 243 108 308 160 254 252 180 234 130 132 164 39 73 162 40 132 169 241 91 79 230 274 284 64 83 162 67 78 180 56 100 202 30 244 168 175 151 115 209 19 280 104 257 173 49 304 50 180 112 113 236 219 140 204 206 209 222 196 202 82 216 59 68 283 14 279 212 231 75 83 39 286 262 83 71 230 308 25 162 100 24 58 294 252 300 92 17 304 301 137 98 58 78 112 302 103 172 162 117 299 38 212 262 87 283 232 68 298 189 209 149 67 233 14 127 201 130 77 193 212 259 92 57 191 123 32 180 303 283 194 137 223 163 223 105 125 
180 234 222 200 269 271 287 149 164 43 123 167 159 263 214 250 264 152 233 80 89 36 208 78 179 221 288 224 250 302 134 68 152 223 298 136 110 29 20 307 164 147 24 53 194 118 228 297 45 123 298 294 123 138 267 181 97 77 172 94 47 302 215 37 191 110 80 15 79 298 127 53 113 152 121 276 20 178 123 86 156 160 82 244 117 19 305 192 92 41 171 300 179 108 121 112 150 91 203 285 193 222 162 262 119 125 193 20 36 111 18 140 252 267 196 216 76 60 10 142 120 173 227 215 181 70 223 60 79 114 193 133 143 217 111 163 83 253 273 180 46 217 142 276 278 296 207 166 47 72 202 92 230 284 298 23 233 70 35 46 289 303 192 188 169 160 263 144 37 206 181 25 74 160 55 66 140 83 236 195 258 266 240 157 233 268 160 243 163 59 35 17 249 302 229 21 119 161 46 48 35 235 221 30 217 72 189 173 309 213 287 111 81 152 153 278 101 68 251 39 172 281 241 182 261 271 120 141 22 229 224 143 199 140 184 12 150 117 280 50 149 284 288 193 65 141 105 150 266 308 18 248 12 15 203 177 20 83 68 300 181 240 128 58 276 101 116 94 194 124 199 76 85 277 282 62 174 105 164 30 93 28 100 214 105 143 113 253 282 260 95 189 248 103 195 241 242 186 215 41 
83 19 119 184 304 293 171 81 142 84 302 161 101 216 190 120 293 308 165 226 164 43 143 40 152 220 165 131 234 39 266 156 159 132 252 101 254 142 105 51 91 286 27 12 179 45 96 159 23 118 154 201 113 185 41 27 164 101 214 261 83 25 73 221 178 85 46 76 280 153 257 284 116 147 114 279 101 33 286 230 192 249 243 106 301 56 237 27 204 280 54 87 218 286 291 253 306 40 217 17 217 107 83 295 290 239 112 309 213 17 307 174 102 278 269 224 297 242 299 299 101 195 133 183 25 51 302 146 89 119 20 119 265 163 163 276 263 198 237 243 215 50 164 303 207 207 272 268 100 178 183 232 162 49 270 24 23 129 132 100 150 44 76 238 21 260 60 224 101 224 309 248 170 98 250 104 35 45 59 170 198 47 260 33 139 242 286 268 53 110 266 158 190 206 282 287 72 160 27 47 212 86 119 45 138 143 171 273 125 228 108 285 148 115 159 76 265 142 273 132 257 104 308 33 20 89 232 234 34 302 132 124 214 182 293 213 271 51 223 179 229 161 101 97 129 29 196 309 78 144 159 291 33 65 114 17 300 149 190 307 120 74 135 40 73 46 225 257 117 236 28 98 143 110 255 143 17 89 203 225 37 118 307 278 280 99 159 137 263 302 230 120 305 116 144 190 97 72 184 269 
121 192 16 81 144 281 90 155 148 171 99 88 135 59 87 280 251 61 40 265 123 100 54 152 153 248 190 11 240 294 70 68 219 69 13 285 115 104 66 16 91 39 126 237 250 296 201 214 168 119 274 78 306 259 239 197 164 274 123 243 136 38 190 130 177 258 161 274 188 81 275 171 37 69 242 149 205 123 222 147 110 192 195 296 148 95 297 147 195 242 13 201 293 166 118 253 89 235 52 287 172 75 180 287 243 21 128 112 196 69 62 108 250 282 223 10 132 156 176 48 165 224 281 178 33 205 200 26 110 128 240 136 53 117 214 225 223 171 84 52 204 258 232 85 59 72 104 53 214 123 28 269 155 100 71 201 90 178 117 300 25 309 56 242 166 137 249 65 92 276 294 72 48 151 86 149 301 294 296 65 134 306 208 41 171 171 278 211 175 279 53 109 77 302 23 133 216 230 157 214 187 142 129 210 165 70 38 236 100 96 216 60 141 150 105 77 287 215 20 19 277 199 163 249 274 215 114 108 229 156 246 168 42 190 19 119 229 304 149 204 213 43 64 229 294 100 183 224 67 297 95 210 263 58 73 73 48 32 293 244 68 75 263 217 288 61 206 18 234 178 207 31 219 177 196 30 233 30 238 12 269 30 260 243 113 144 141 25 300 294 272 256 146 247 257 102 13 73 287 39 
80 111 12 25 131 63 184 36 175 218 270 297 83 72 291 255 151 13 32 236 249 283 286 101 85 228 180 62 238 28 149 120 145 22 59 279 283 110 55 254 79 235 182 164 125 237 147 118 78 250 146 199 283 236 88 275 252 43 120 154 42 145 30 271 255 165 218 80 245 176 159 237 221 121 84 281 37 116 110 215 73 173 187 61 283 238 119 217 192 278 69 197 233 123 20 212 45 291 27 205 45 38 126 308 118 247 82 143 293 116 82 299 197 199 295 27 56 219 305 303 195 190 223 129 115 112 164 300 164 116 295 190 237 221 276 200 64 51 25 39 160 195 16 169 184 245 77 28 306 97 158 154 264 132 177 82 285 243 226 271 267 55 98 90 271 128 119 252 102 104 60 108 35 292 20 194 116 25 82 217 98 166 180 162 11 90 168 13 270 196 222 264 94 190 119 290 163 182 178 77 149 206 309 55 105 263 86 285 185 189 258 106 291 108 289 194 61 113 200 166 291 303 256 59 125 236 308 193 115 221 300 263 171 25 126 267 22 276 61 227 161 79 225 26 173 118 59 59 249 22 45 212 195 172 83 182 53 38 51 132 165 132 150 69 107 229 204 30 34 19 47 112 162 13 203 105 93 240 280 269 223 64 182 44 194 199 216 290 117 206 73 58 276 115 80 100 77 114 239 113 
114 160 162 107 280 229 219 93 162 134 32 115 44 286 57 113 224 260 83 190 166 185 34 184 273 190 298 27 82 181 227 214 65 83 179 48 117 209 302 227 52 207 81 57 278 306 120 28 122 147 100 156 227 119 97 178 275 88 159 171 29 224 272 153 152 289 189 189 195 160 248 206 195 254 78 100 244 99 224 121 47 169 103 308 304 49 196 267 262 60 77 219 307 72 177 241 197 224 74 11 205 22 193 52 188 212 294 256 267 13 193 15 156 112 179 203 49 181 165 232 210 103 250 304 78 90 183 247 159 221 264 181 20 203 109 241 154 170 286 40 53 224 150 290 231 117 274 141 291 156 113 248 24 230 27 129 24 100 270 294 15 93 13 265 59 175 267 10 10 200 134 245 249 176 29 84 122 173 146 61 169 179 80 180 135 137 180 75 65 164 50 167 43 234 91 275 50 178 81 219 34 222 102 238 252 177 292 290 233 114 12 308 135 21 146 247 304 36 300 26 299 72 307 74 282 58 22 260 65 212 297 51 204 140 105 256 33 267 108 131 34 62 40 305 18 85 226 98 285 288 233 77 40 250 228 210 196 255 20 44 193 117 232 14 152 171 216 283 276 122 117 244 87 216 117 113 124 141 306 201 160 267 305 61 212 185 271 64 213 71 248 194 61 25 237 306 144 49 24 270 
209 147 127 100 19 159 84 99 208 56 40 15 277 167 169 185 213 201 194 147 158 261 289 46 145 73 174 17 270 124 239 13 141 176 81 189 83 225 170 40 199 262 285 92 270 26 261 134 157 149 262 195 179 201 116 50 298 223 297 123 286 126 257 149 123 50 197 23 158 129 21 88 307 226 205 73 45 102 205 228 267 51 139 70 254 179 185 224 251 145 71 265 270 237 96 286 183 38 89 112 188 267 137 130 251 146 95 158 62 265 108 98 48 26 128 122 225 167 71 228 80 233 296 166 300 20 90 107 230 206 14 213 210 119 72 199 96 154 157 235 243 73 167 80 110 90 70 23 159 216 176 31 138 17 40 16 148 87 297 205 51 56 159 116 90 213 200 266 153 276 29 218 74 225 67 219 48 60 106 74 53 269 278 208 124 227 143 152 44 297 191 144 174 18 290 265 23 161 115 244 274 41 116 110 70 41 274 267 163 218 114 31 197 71 82 144 82 225 12 276 218 196 100 27 244 94 265 260 194 187 259 120 259 45 30 141 104 257 76 283 137 145 42 305 78 159 212 227 101 302 93 144 157 75 142 102 248 111 54 191 189 35 169 219 21 44 282 259 247 53 51 200 129 121 44 301 209 181 276 20 80 18 200 235 246 142 84 122 82 269 59 277 119 293 28 176 279 235 158 277 
227 65 57 257 111 227 106 146 232 205 202 64 195 96 218 90 127 153 13 215 258 160 220 256 188 238 178 168 269 136 276 227 272 137 179 103 264 137 54 93 218 12 141 34 107 162 234 301 43 148 38 80 297 212 179 157 201 56 241 175 36 240 125 264 35 69 17 294 183 65 214 81 99 128 226 51 78 171 242 55 227 248 287 162 198 285 282 103 217 153 298 20 35 104 65 273 199 205 91 289 272 117 82 147 268 303 213 243 91 111 232 28 41 255 308 108 74 39 279 70 128 247 245 300 302 79 292 222 41 41 109 293 216 271 96 178 212 295 178 241 167 303 237 122 12 190 132 107 12 162 188 296 287 276 270 186 182 84 169 242 195 54 98 149 274 165 91 255 247 150 81 53 76 265 57 58 188 222 16 259 212 214 30 239 305 22 240 223 234 209 234 17 299 34 40 106 122 73 106 186 86 59 37 228 65 82 228 287 54 65 33 99 154 115 164 15 158 155 17 63 26 301 189 160 81 127 233 91 109 66 18 162 132 61 280 190 58 306 289 178 181 89 109 71 263 254 52 165 283 222 175 196 207 212 11 303 259 187 30 69 66 16 275 172 21 18 64 298 24 186 218 198 209 72 56 164 38 217 24 289 211 287 247 225 199 58 43 105 187 288 138 243 265 291 125 191 13 265 30 293 
246 36 261 197 35 148 76 102 59 90 249 206 234 166 249 56 209 287 235 115 277 185 251 130 258 227 287 20 65 194 237 251 248 206 299 287 150 227 87 120 119 191 131 296 40 55 284 138 182 111 69 172 267 81 147 182 78 92 51 251 264 205 167 255 35 106 252 37 278 207 195 123 285 138 178 97 78 230 110 258 180 110 67 173 195 98 159 94 264 118 175 31 287 286 218 233 22 218 175 271 100 131 126 63 273 245 298 234 123 187 169 145 306 296 51 137 24 271 39 267 37 37 288 132 77 273 143 82 137 17 262 204 258 191 24 91 308 262 206 194 84 34 190 202 244 45 281 277 43 116 159 276 295 281 289 19 134 82 150 278 149 114 239 145 263 31 123 271 261 36 219 183 192 231 57 174 255 169 255 261 207 101 10 306 280 115 12 44 258 214 31 132 277 51 271 89 108 275 142 308 212 279 189 233 307 186 205 45 42 109 40 248 196 174 238 112 216 265 295 286 274 183 130 301 281 271 194 225 127 263 216 78 189 302 240 269 121 288 124 38 158 303 303 155 218 267 141 127 98 60 248 146 233 186 114 112 101 78 144 265 307 83 270 64 197 119 264 203 183 75 288 153 297 161 253 21 246 92 104 286 170 293 245 184 87 172 68 170 254 280 296 276 100 107 152 295 51 237 124 274 
40 69 294 263 65 185 230 79 43 81 163 138 256 258 103 47 277 235 96 214 303 81 295 286 19 256 222 166 280 133 285 43 300 172 154 16 282 149 82 248 38 243 209 167 156 213 237 243 174 253 226 197 21 285 153 12 271 132 67 186 23 213 283 93 96 138 240 131 174 19 120 177 217 172 88 100 247 281 69 137 46 152 166 11 27 160 222 262 25 252 88 135 128 250 90 137 27 301 236 69 119 69 301 265 130 145 262 206 253 17 189 117 186 10 147 19 17 43 22 99 11 53 78 100 27 252 114 106 49 111 185 34 100 262 10 109 57 287 180 256 240 279 222 26 49 50 122 62 99 300 41 280 155 181 79 109 193 55 66 125 250 35 248 101 50 102 73 125 300 36 114 235 90 18 132 269 219 180 295 83 262 64 206 185 77 70 87 199 309 196 28 210 279 185 305 218 176 285 50 20 97 86 220 299 258 222 19 105 77 19 222 171 33 68 214 149 291 198 52 46 239 245 118 296 244 261 24 178 198 243 307 295 208 172 305 243 181 43 118 51 225 277 147 121 224 174 197 100 207 131 144 97 260 136 89 47 247 275 157 245 248 108 210 237 23 81 103 103 238 97 135 282 270 173 34 66 288 48 191 23 128 248 285 181 187 35 265 85 90 155 111 22 203 140 165 295 296 119 292 60 
21 36 180 63 137 207 98 50 224 148 68 94 123 273 85 26 220 144 273 251 32 277 79 158 282 303 110 305 70 137 277 30 66 240 162 118 120 236 276 220 308 40 135 176 283 118 36 239 168 258 179 148 261 169 41 204 54 89 189 62 90 135 245 140 190 126 233 190 302 222 292 201 97 247 73 230 232 74 24 264 18 177 113 234 62 39 65 21 261 58 16 250 291 97 38 23 184 204 176 52 67 250 54 156 21 97 162 299 219 52 116 290 34 196 180 289 78 11 267 77 126 271 73 178 169 223 18 150 252 255 213 131 188 20 157 258 95 178 54 156 254 173 167 77 292 209 252 122 50 126 86 179 82 14 14 82 184 125 134 306 43 24 234 244 204 213 251 182 72 249 69 297 47 42 150 224 217 179 172 129 244 38 116 143 175 81 129 49 57 67 286 243 52 21 200 302 211 223 138 185 54 200 198 73 298 147 261 276 272 198 154 297 190 153 135 259 260 190 207 196 35 298 94 224 83 288 43 302 70 264 107 190 20 19 203 160 202 60 280 180 270 158 244 139 12 121 40 56 73 231 47 26 130 176 302 18 121 199 130 104 236 230 30 266 295 24 114 159 151 265 74 261 298 51 163 122 128 248 250 73 226 190 147 136 147 178 133 68 125 296 231 19 125 99 138 53 277 36 196 94 
29 99 132 47 24 66 67 239 152 16 103 20 12 21 141 278 185 233 305 226 303 18 152 87 214 61 45 166 284 207 289 180 85 244 227 177 60 257 44 141 60 95 57 149 199 239 102 95 205 279 80 150 240 36 70 270 142 294 117 262 172 53 96 90 126 34 217 195 231 113 125 69 218 264 21 53 165 28 170 255 229 10 215 170 231 156 65 185 309 85 143 236 44 159 30 152 256 283 282 254 104 123 207 19 228 123 195 299 72 172 157 52 75 28 149 94 16 145 121 111 212 42 163 225 280 171 68 120 140 89 92 214 191 137 159 82 81 252 227 61 55 151 11 263 222 227 40 67 47 239 221 281 106 253 169 72 240 139 128 205 37 99 29 242 53 273 283 134 298 246 57 152 63 145 115 199 43 74 102 145 57 174 23 186 243 54 144 298 229 73 226 41 135 72 35 243 289 49 187 149 194 220 204 63 155 134 90 53 241 288 300 119 285 114 285 76 135 33 286 27 62 155 120 221 250 190 300 169 15 247 217 17 213 199 213 119 203 130 128 148 44 307 154 293 252 160 36 287 259 190 181 258 131 228 300 260 291 276 136 239 124 150 183 190 127 224 248 127 55 109 53 26 245 14 36 109 189 142 308 53 282 209 270 63 176 167 264 31 133 206 145 149 119 69 170 45 169 223 57 129 
108 147 97 91 63 177 201 117 72 89 168 23 169 58 44 91 146 250 174 265 141 140 142 136 148 254 98 145 34 204 144 109 297 121 259 69 78 76 299 73 221 265 22 212 178 86 217 98 236 252 99 251 210 182 166 280 104 180 23 47 110 188 228 292 274 169 309 241 34 11 92 42 237 231 244 17 63 255 19 244 19 77 242 164 164 256 142 28 125 227 205 167 18 81 23 78 268 301 285 49 300 294 197 95 63 245 11 69 172 146 204 231 78 233 181 277 219 67 14 241 30 303 71 172 233 104 119 238 86 51 64 25 175 22 254 177 287 137 271 14 15 156 42 170 209 224 22 114 56 133 114 150 276 184 291 127 299 162 133 53 44 161 257 89 19 305 18 76 110 230 308 292 30 228 93 11 20 254 282 126 250 291 289 196 305 278 195 15 249 306 233 78 107 297 182 120 189 304 235 51 43 211 209 36 185 153 67 111 296 259 277 154 134 294 80 226 132 57 192 13 82 203 74 306 214 65 121 54 164 296 167 235 274 142 63 98 170 145 263 137 200 208 127 161 206 108 44 194 21 130 21 120 54 39 97 272 185 164 31 184 293 171 299 303 107 74 298 293 111 59 196 25 141 167 155 72 160 14 223 261 145 263 296 229 186 77 95 121 117 194 236 230 278 271 99 172 187 63 142 154 
223 102 207 157 269 169 155 98 79 181 245 29 255 229 263 152 193 33 150 169 52 87 64 199 121 250 159 230 137 293 131 276 119 32 84 18 18 47 121 44 248 120 128 210 147 65 207 96 115 138 94 71 245 243 179 88 185 50 286 272 294 52 65 44 306 284 71 239 64 31 254 302 74 294 42 51 98 69 16 190 192 38 217 227 225 290 16 288 27 222 146 170 137 256 15 30 184 282 131 118 225 251 222 91 229 117 277 145 59 179 14 153 89 260 89 175 170 24 144 212 98 238 185 269 90 121 26 233 117 226 181 163 135 101 264 120 46 116 307 56 26 90 60 130 133 117 272 193 67 309 271 131 110 181 272 253 225 163 210 109 262 136 225 127 138 279 90 88 284 299 92 22 244 169 220 20 213 267 76 269 248 37 241 238 208 53 130 249 223 98 147 71 306 181 151 98 20 108 142 284 267 126 118 90 264 14 24 216 144 251 170 128 26 300 34 221 190 205 201 122 243 70 56 191 30 239 303 307 283 116 305 123 243 105 152 214 186 220 245 33 106 29 205 305 188 259 297 219 291 169 179 179 190 160 91 228 40 147 309 191 38 59 95 142 293 60 281 19 155 215 87 112 303 105 87 309 135 236 220 101 68 225 13 301 78 178 278 67 110 149 184 229 174 161 200 236 288 127 14 240 
221 195 62 17 104 136 242 256 45 289 257 90 143 106 271 144 269 270 210 151 36 78 197 242 26 78 243 58 97 98 79 54 223 184 245 267 304 292 247 201 76 204 101 167 95 154 273 135 267 174 119 13 45 144 104 154 38 166 54 284 183 241 256 308 66 210 221 307 195 295 202 73 127 171 179 203 304 98 27 110 122 236 305 209 225 177 213 32 166 77 195 281 202 209 112 127 276 61 242 72 294 11 23 79 279 108 293 127 139 251 92 215 164 95 303 286 224 152 252 252 83 231 167 74 106 236 68 306 220 129 164 223 116 194 217 28 123 269 241 126 135 35 218 231 232 22 154 285 54 260 200 95 132 180 205 110 144 176 265 219 142 103 211 43 101 243 306 239 127 37 232 77 252 195 103 185 143 91 171 97 256 79 127 117 306 40 151 62 123 123 29 307 167 137 210 305 154 306 236 305 40 164 38 48 147 220 68 107 260 105 63 10 262 164 187 213 107 164 47 25 147 63 72 192 230 216 127 309 37 282 304 126 185 30 71 162 303 17 84 37 23 200 49 302 98 223 285 288 149 62 306 220 249 290 296 198 175 97 196 174 45 153 226 277 234 151 279 68 232 241 213 256 185 12 180 171 226 208 16 186 160 220 44 91 251 254 251 260 163 126 54 281 231 114 105 103 67 107 145 273 
275 62 165 16 108 41 111 277 93 191 294 58 142 280 13 173 112 82 179 119 261 57 277 233 77 209 67 195 113 178 258 306 167 267 109 212 102 287 303 301 248 24 85 228 145 124 269 90 177 118 270 122 117 204 172 223 94 234 186 214 107 308 306 23 104 292 261 112 55 250 16 115 129 143 274 197 28 195 103 260 260 254 136 258 92 17 288 170 287 230 259 263 266 173 85 99 211 253 229 194 62 226 50 82 143 232 237 73 64 136 76 20 32 133 79 223 153 243 42 215 54 123 102 19 84 285 291 270 74 17 268 203 167 148 73 23 251 191 230 67 268 89 257 269 226 81 214 88 284 26 20 89 293 154 151 134 167 153 255 29 208 135 260 102 158 74 188 181 279 68 201 236 236 197 275 129 205 270 212 262 78 14 211 17 260 179 261 299 31 147 114 260 54 236 267 117 100 301 104 93 114 128 213 207 73 200 105 76 189 90 134 96 206 15 274 47 269 271 241 146 39 277 276 102 118 101 74 20 236 190 33 250 36 17 187 217 129 34 86 247 298 10 156 83 184 141 307 146 102 116 219 80 231 145 181 20 163 26 153 260 90 100 187 301 158 297 227 141 203 75 297 70 213 18 242 122 240 100 240 11 299 152 179 117 23 193 277 301 249 155 259 53 227 54 286 153 83 146 225 96 
132 23 83 92 305 18 75 286 47 232 142 61 262 197 153 76 279 87 44 226 133 17 74 26 26 110 213 71 243 258 25 110 170 182 96 222 178 295 261 122 288 145 53 105 21 221 97 86 40 197 201 31 30 118 156 148 43 259 262 143 235 108 158 110 12 289 88 259 129 147 222 183 191 11 81 143 268 107 218 215 26 226 37 75 152 52 226 26 47 20 123 280 278 287 209 237 134 274 150 292 149 292 303 101 65 35 169 65 121 119 77 238 99 238 176 242 204 293 52 109 80 215 61 219 56 37 14 38 89 306 308 164 226 160 131 307 261 151 166 54 130 272 222 239 169 301 246 242 253 63 90 185 205 31 175 119 149 13 233 66 140 150 24 116 73 301 92 246 208 164 124 180 170 64 185 243 23 11 10 204 295 200 51 253 87 52 267 265 98 187 74 280 131 36 99 240 269 210 220 201 180 75 163 108 46 242 254 146 26 32 38 87 187 126 297 213 40 130 11 97 202 11 101 117 115 94 133 287 82 198 273 165 131 51 307 21 157 134 136 55 284 228 132 269 148 144 142 246 23 81 80 214 294 257 229 85 91 87 65 65 113 127 257 233 124 291 184 132 27 48 256 47 24 59 301 54 190 38 191 36 40 53 122 304 161 209 163 167 103 274 273 175 221 140 37 278 36 293 21 108 
48 180 62 109 175 53 253 139 90 12 31 242 304 63 17 248 91 267 159 219 240 117 67 73 30 229 192 180 86 156 155 274 201 139 86 170 215 102 268 239 14 146 172 197 142 21 285 50 164 216 193 107 33 75 28 307 88 234 192 58 74 40 254 246 65 279 280 262 167 267 297 100 129 40 172 140 59 240 245 137 157 218 192 232 94 204 40 211 176 47 259 41 309 108 258 63 280 41 15 260 263 202 293 51 60 42 184 88 301 301 22 94 305 190 174 109 247 128 26 52 165 240 66 128 78 122 11 121 147 50 253 280 16 265 44 87 293 116 272 161 98 210 244 297 240 129 105 156 225 171 76 12 224 34 177 96 281 241 188 177 93 40 104 12 249 78 210 185 11 306 192 254 222 213 243 277 123 13 110 65 307 253 84 236 147 199 236 192 130 289 142 207 78 101 133 185 30 295 19 220 58 176 252 203 55 148 19 126 41 136 61 205 218 94 247 23 28 20 178 141 82 259 126 214 19 99 23 138 272 303 239 118 171 203 43 154 159 93 239 225 10 240 53 284 25 182 65 297 51 102 125 138 268 173 89 191 263 120 216 180 266 53 301 299 217 177 283 120 142 251 249 110 275 55 136 181 208 301 142 76 163 91 283 224 101 20 230 254 118 231 66 266 180 63 46 108 156 176 234 196 
118 162 87 12 175 152 76 221 159 268 86 94 172 288 145 107 139 188 172 42 89 47 218 286 130 184 282 213 13 54 53 44 85 161 202 248 42 23 126 231 215 133 36 283 182 10 190 142 48 266 82 123 239 234 204 140 73 232 153 137 271 253 11 140 218 154 209 97 272 139 162 184 223 77 241 264 225 152 252 54 244 268 293 182 192 171 108 38 213 287 206 129 74 228 102 261 302 308 94 124 290 290 244 155 75 149 49 12 126 161 85 242 149 284 45 203 73 122 198 57 264 297 227 28 131 114 104 163 231 291 247 88 48 179 83 65 76 127 280 64 141 167 27 283 201 160 242 117 260 199 297 55 220 174 134 99 41 101 50 73 152 36 93 38 188 26 149 169 41 125 90 44 16 213 268 88 280 50 95 89 299 294 250 60 252 230 120 61 204 156 60 91 114 241 228 78 288 200 124 37 62 286 134 135 165 191 257 82 144 165 154 66 30 119 154 244 208 141 309 59 308 163 138 95 283 71 116 107 83 151 285 306 248 186 45 210 191 45 157 261 131 52 133 93 216 231 122 213 185 52 100 129 242 222 143 266 102 222 25 42 137 244 55 58 178 168 219 100 63 99 222 260 88 261 185 202 21 104 225 254 186 137 259 62 53 49 53 131 191 59 194 30 275 295 216 181 48 242 56 158 
276 293 54 24 112 267 66 180 133 127 86 193 95 101 88 143 182 176 66 284 151 40 264 72 84 105 230 302 30 11 264 164 150 115 246 36 70 82 103 143 37 209 112 59 209 89 160 43 68 247 267 197 157 195 80 59 280 248 19 126 177 51 146 253 105 305 142 257 282 50 26 60 112 268 132 227 199 167 283 63 307 94 160 251 265 146 219 308 172 58 285 61 216 98 84 17 54 47 306 150 172 111 133 295 66 142 294 210 149 177 73 54 195 162 168 30 208 55 36 127 31 77 20 58 56 56 88 210 204 282 189 156 81 141 125 299 300 181 234 195 92 154 73 265 185 209 137 161 265 276 150 79 57 99 38 173 179 230 143 301 91 256 261 190 160 213 42 181 77 123 139 11 199 233 241 31 28 212 161 13 92 67 116 184 11 266 202 308 120 218 136 25 12 239 80 137 238 265 60 241 89 83 82 25 58 216 27 14 168 64 261 25 58 283 63 56 248 204 95 232 148 89 257 203 258 45 87 229 253 134 286 302 57 92 128 82 298 302 124 27 10 103 137 46 206 244 119 96 152 52 154 260 253 175 132 82 149 76 113 297 259 261 174 80 227 168 87 130 62 191 228 148 57 55 13 67 228 270 84 167 168 166 139 177 166 77 291 132 202 142 176 154 52 176 170 248 110 174 159 192 
202 215 34 209 169 23 64 49 160 113 261 182 271 218 226 246 127 189 264 145 124 109 10 15 138 85 231 266 175 122 102 68 250 302 44 165 271 94 256 232 83 89 55 252 93 28 242 133 25 245 223 174 219 288 273 173 171 86 12 289 156 172 250 196 83 84 196 165 214 206 67 223 120 150 275 307 298 300 308 114 227 104 206 95 256 307 303 123 283 13 43 26 12 304 169 21 56 153 131 277 10 210 102 211 44 144 267 103 279 18 225 106 273 93 287 207 26 174 33 38 280 97 18 112 300 210 233 230 134 205 89 228 103 174 248 119 65 19 211 122 187 182 14 265 19 42 12 131 53 16 110 166 152 301 139 40 166 167 279 149 227 133 253 306 294 82 183 248 113 288 29 297 103 44 254 222 34 274 163 250 285 207 236 26 162 23 276 190 92 161 122 246 293 227 73 52 214 298 133 237 24 129 171 227 101 69 272 14 262 13 25 201 135 271 265 143 155 190 165 137 50 69 104 30 264 212 99 166 24 38 280 35 181 255 231 25 119 35 151 120 89 219 149 112 210 14 306 188 18 30 88 209 307 80 283 149 18 145 24 39 275 98 290 130 276 143 303 138 157 76 160 293 53 44 297 302 11 89 119 34 283 235 51 164 159 296 304 126 13 180 304 252 151 291 219 117 17 267 184 96 
305 34 219 293 297 280 227 15 232 300 220 64 230 165 76 275 262 207 131 26 149 139 303 308 60 111 309 64 84 237 173 223 53 39 172 187 14 211 204 216 299 67 40 167 180 112 277 249 69 211 184 16 272 309 284 272 243 103 218 185 110 292 176 300 85 133 279 147 102 257 28 165 232 159 69 142 100 196 211 307 294 230 166 245 208 205 253 128 63 292 296 193 31 239 299 299 275 278 287 190 279 270 235 309 209 290 213 126 303 10 101 172 112 194 103 228 125 17 144 187 284 152 173 115 165 16 51 247 197 145 198 40 33 203 132 253 40 230 197 263 11 104 213 246 24 21 37 226 69 292 302 217 195 277 238 49 142 162 180 65 18 125 166 56 202 134 229 161 61 125 36 240 226 135 73 61 164 210 33 207 134 178 35 276 211 69 162 35 69 77 234 28 135 92 164 279 133 148 172 252 70 273 164 14 164 188 286 242 223 305 175 242 223 259 26 145 280 186 307 218 99 65 100 305 203 201 19 116 219 226 142 270 261 121 131 188 79 213 188 65 122 106 266 248 217 115 224 199 75 231 83 286 195 258 200 220 106 156 45 88 29 215 127 16 222 28 111 135 109 128 219 101 144 121 64 244 242 190 86 32 231 91 191 234 297 192 92 188 92 41 176 219 280 90 114 218 299 176 62 202 
134 16 123 11 65 146 243 95 105 196 266 32 44 200 83 162 61 131 73 13 134 60 29 308 300 133 297 255 238 88 265 146 280 224 215 246 189 57 68 68 251 245 193 44 238 45 131 248 184 208 139 60 35 130 180 164 291 151 102 136 78 308 215 263 217 234 76 47 53 178 187 44 110 46 194 104 34 190 58 305 109 149 93 217 128 217 121 298 39 187 294 224 20 260 234 188 228 225 294 46 48 286 136 102 121 73 39 235 79 119 46 228 88 219 109 59 167 302 196 167 203 251 177 40 190 116 292 166 138 109 25 234 99 167 70 139 168 167 162 189 50 228 157 11 90 279 289 255 110 118 304 230 124 14 119 196 47 168 246 148 86 130 129 155 56 30 166 183 44 269 236 308 82 133 176 258 290 123 82 164 237 143 230 192 153 216 295 227 172 285 108 27 188 264 33 51 97 28 252 309 292 117 137 153 75 295 207 218 144 277 300 171 291 106 214 296 250 61 50 93 15 221 142 166 304 219 270 147 66 63 244 98 260 181 177 247 21 24 209 75 53 163 294 280 175 20 148 291 91 121 65 179 15 45 99 174 243 171 144 62 129 189 174 201 213 32 271 236 209 49 124 156 160 275 18 222 92 44 108 137 93 33 253 257 240 110 149 62 252 192 159 174 16 73 66 147 158 37 104 288 
90 47 250 62 189 168 62 154 99 253 25 129 87 295 273 126 155 14 82 55 228 222 191 279 186 266 291 140 147 66 233 232 40 140 104 232 141 29 51 219 22 273 152 176 182 76 12 243 119 242 175 45 109 98 116 106 292 66 246 187 112 18 148 252 132 138 54 119 127 148 17 153 77 11 25 289 296 77 161 151 284 159 191 135 17 190 149 298 49 156 111 72 126 193 309 287 201 295 160 42 207 108 292 50 174 55 168 121 27 60 253 91 199 244 148 234 280 236 43 165 233 100 154 120 44 255 182 238 175 117 161 98 281 97 211 28 155 77 157 135 51 258 284 87 239 60 12 93 272 166 150 200 281 142 159 227 299 200 101 60 211 59 255 159 198 199 148 127 87 265 24 164 22 268 126 190 244 221 209 169 247 286 262 289 223 278 201 132 98 192 36 134 160 57 124 268 81 162 77 212 267 287 284 184 38 85 183 45 11 54 145 93 201 290 238 112 90 52 241 48 29 59 61 295 170 262 305 178 235 203 111 107 85 163 274 178 279 36 230 115 134 235 285 38 76 180 76 101 135 124 123 194 192 193 252 40 181 76 249 180 107 268 130 223 63 293 250 234 95 47 112 225 36 88 240 116 94 219 42 114 108 34 147 63 132 91 223 121 130 82 70 275 89 106 121 33 145 93 256 286 
124 45 245 22 234 257 284 214 218 103 241 302 120 43 33 259 36 207 225 145 248 112 158 34 153 193 238 128 242 164 83 203 173 222 213 275 306 130 67 93 61 92 177 103 279 189 52 153 40 34 141 213 28 214 299 142 248 178 139 161 290 284 253 32 203 66 36 115 191 279 66 52 42 150 225 282 50 293 198 229 53 161 196 248 89 53 91 51 201 67 17 275 153 150 296 123 109 133 74 27 57 60 41 168 229 301 135 158 132 160 181 244 134 210 82 299 79 39 122 256 116 106 172 235 60 43 269 236 75 247 18 87 69 177 208 224 230 205 253 143 145 244 266 126 183 303 295 237 10 201 34 293 46 134 167 64 30 21 248 140 221 292 201 262 182 215 298 41 270 86 164 107 278 47 204 14 213 291 198 291 287 183 85 76 182 158 44 279 79 130 192 143 84 88 287 277 49 176 201 18 16 200 92 176 142 88 69 153 183 261 96 213 41 78 25 150 200 220 73 116 288 29 151 124 279 155 184 211 216 10 55 292 13 303 193 98 13 298 183 127 193 131 294 14 268 260 220 78 216 255 131 270 91 57 191 107 294 10 59 173 193 15 21 107 152 116 130 182 28 295 223 263 292 284 29 62 257 55 255 121 295 203 298 294 259 240 101 290 234 167 162 190 84 109 278 50 165 193 100 192 
250 210 21 93 271 236 84 46 259 66 305 22 108 200 258 231 285 217 153 139 246 44 99 183 219 54 128 214 168 19 40 151 71 23 261 58 34 67 38 186 18 184 228 59 176 46 63 250 127 76 175 234 290 219 91 196 124 64 89 30 186 147 184 303 147 230 79 74 61 93 274 49 243 179 170 152 162 77 200 207 36 53 246 60 303 242 154 96 54 34 199 275 218 192 140 186 27 43 198 160 181 158 113 36 69 170 232 163 74 225 230 217 125 68 168 308 100 87 111 244 58 308 252 96 116 237 186 193 154 22 95 181 197 274 47 167 156 261 98 93 264 290 81 152 269 25 291 179 141 36 156 19 247 246 93 14 268 264 36 43 301 111 167 172 26 185 268 285 232 199 140 285 65 268 185 77 68 72 224 245 99 264 247 98 225 255 185 161 247 188 239 242 98 34 227 110 226 268 40 58 282 222 149 20 120 91 277 44 222 110 59 253 289 146 17 176 29 197 250 104 269 52 47 58 76 168 114 279 39 29 194 247 121 278 239 93 150 188 95 132 256 253 139 192 239 292 134 74 249 176 258 156 224 138 20 112 156 299 283 206 181 277 36 168 190 229 172 130 285 185 13 42 57 234 65 289 122 73 37 171 111 114 66 132 254 89 214 220 192 200 241 220 46 53 204 228 228 224 101 271 
171 44 108 34 205 98 290 249 56 229 232 236 267 16 286 293 38 181 192 49 59 228 185 96 208 227 207 224 299 191 130 161 164 123 196 287 213 75 84 248 304 32 197 229 28 170 282 170 173 190 120 32 133 217 263 246 219 137 56 211 95 42 82 188 62 148 93 245 216 275 240 33 171 218 245 233 202 44 37 204 97 89 268 84 283 221 275 192 41 254 269 70 41 138 103 243 243 242 186 37 114 92 233 232 143 192 128 157 25 223 157 174 60 152 105 82 72 207 244 196 148 277 228 201 284 153 55 295 198 260 264 119 36 136 65 174 51 220 198 264 26 141 64 169 26 184 242 93 192 290 244 190 128 144 190 199 136 281 287 183 228 160 155 102 269 30 150 135 235 303 179 43 32 216 35 217 234 225 189 242 295 40 201 87 75 54 247 249 202 260 239 192 212 161 123 255 265 282 93 58 84 242 162 73 195 42 65 53 136 76 228 109 30 236 64 203 199 239 259 290 85 116 231 109 74 215 132 205 100 48 186 264 25 99 212 227 132 305 240 186 60 207 44 133 172 74 32 125 55 131 58 222 245 251 274 31 83 142 186 237 119 131 305 181 270 176 93 297 82 64 226 67 283 20 289 142 226 70 27 21 172 26 75 235 307 155 130 130 85 26 56 90 185 121 45 144 272 299 277 34 
253 298 149 221 224 213 155 158 291 16 288 97 260 20 251 175 121 63 149 81 206 215 251 297 131 54 291 293 30 98 200 146 141 269 83 143 111 88 170 22 259 124 106 194 10 241 158 246 302 195 64 305 82 161 119 82 180 180 148 13 188 267 237 35 43 188 289 142 256 176 261 305 86 86 198 303 283 85 240 109 91 251 266 193 128 208 72 88 252 300 102 128 167 268 301 54 46 279 50 30 212 140 165 197 257 178 60 282 93 209 177 284 190 147 297 278 204 241 30 88 59 130 129 133 166 192 208 86 235 82 268 158 11 278 150 146 147 224 79 299 63 139 84 10 230 83 151 267 146 134 212 141 278 270 227 133 265 95 74 269 253 89 197 55 27 249 156 261 233 265 161 163 57 132 283 123 72 39 10 41 271 301 211 200 80 269 42 307 84 37 287 63 108 204 246 88 218 249 259 270 277 255 64 222 188 13 260 181 266 47 208 88 38 52 55 40 161 53 279 108 160 138 238 21 132 152 175 34 283 138 70 160 13 232 33 231 147 100 144 161 231 151 65 303 55 29 208 94 150 204 258 195 104 154 289 287 258 131 132 72 199 40 74 44 29 282 168 23 134 51 62 306 276 147 191 290 103 206 70 154 134 248 55 269 241 105 34 160 141 298 284 295 188 247 87 157 211 275 85 133 
230 85 280 174 71 212 176 58 277 225 144 163 129 231 230 270 270 43 10 265 34 86 85 298 85 116 101 192 173 129 223 274 190 153 200 253 151 204 138 59 117 193 103 229 12 276 230 281 207 188 152 149 251 245 109 54 267 301 204 32 123 10 240 29 86 173 59 188 108 133 75 17 108 277 260 14 22 190 125 191 208 57 234 153 166 176 149 307 260 291 59 218 263 201 178 27 62 296 201 279 35 221 240 262 12 187 24 35 27 67 301 195 78 232 298 304 251 260 16 308 163 139 232 282 59 234 170 100 47 270 234 49 279 10 72 169 104 222 214 39 56 78 199 198 196 295 157 291 236 28 280 218 24 131 221 43 102 89 300 87 108 11 242 115 188 155 233 84 301 86 49 123 64 11 178 275 290 60 127 90 247 59 259 136 168 85 99 250 149 262 235 137 30 299 240 16 35 123 133 227 201 211 16 146 303 170 20 47 297 209 60 236 239 115 59 171 62 51 306 138 279 197 101 105 36 78 217 181 86 104 105 160 179 133 208 58 53 107 123 206 264 116 80 53 29 307 238 70 22 279 53 200 104 222 108 88 298 28 161 233 76 133 37 116 55 48 89 195 23 26 308 115 119 131 10 26 192 63 41 122 41 283 286 55 228 281 217 53 132 193 236 181 58 94 165 205 294 89 255 23 
180 75 115 183 67 293 180 27 100 23 67 23 153 145 255 212 52 98 12 113 167 50 102 61 154 19 48 11 271 118 210 27 188 222 168 157 190 46 152 188 21 211 270 76 277 276 113 102 103 281 161 183 106 237 126 32 43 292 264 258 75 32 289 86 308 284 47 26 19 297 130 259 152 103 252 158 70 124 52 182 305 155 287 24 201 132 145 79 138 177 179 109 136 292 201 33 291 87 183 249 23 188 252 91 112 19 306 288 138 29 127 132 143 254 199 100 13 273 132 105 205 54 110 100 100 24 158 63 22 17 197 231 188 90 257 282 22 99 76 223 64 171 204 123 228 104 93 118 249 198 260 111 78 151 161 80 255 54 140 258 239 264 193 147 77 175 224 193 93 195 58 230 309 190 281 16 200 71 49 123 161 113 12 16 185 149 223 301 167 308 31 22 152 242 295 182 63 48 166 207 233 144 71 82 243 194 59 230 296 277 235 70 110 220 67 69 145 106 74 122 282 108 218 56 125 177 115 160 96 175 299 300 278 296 285 158 21 91 178 274 79 88 307 88 239 54 244 138 242 231 176 112 256 113 191 80 216 147 184 144 242 61 211 302 225 21 190 247 68 286 146 215 173 290 172 244 232 150 132 282 88 185 46 110 155 75 76 73 19 307 19 43 77 170 225 202 65 265 63 77 
26 81 274 178 231 246 223 15 254 42 123 85 288 238 256 33 161 50 302 236 281 264 192 168 216 139 135 215 18 162 267 283 246 149 43 43 36 272 108 85 280 29 77 224 309 184 294 36 197 221 204 264 83 76 259 240 227 30 235 307 233 258 152 10 292 91 106 249 296 232 163 109 30 143 58 163 147 58 103 216 232 178 184 74 96 14 232 218 118 241 58 242 253 51 52 305 237 109 280 93 147 138 104 120 168 12 101 225 26 15 113 77 44 168 12 74 156 198 239 139 242 202 240 169 14 152 161 261 168 305 60 58 58 286 74 21 39 100 243 123 31 293 238 262 128 144 33 195 191 64 263 211 134 143 120 32 184 121 49 41 81 142 137 125 220 220 198 161 230 235 124 61 242 75 183 292 185 20 59 193 262 232 309 49 234 91 240 130 256 102 181 186 221 219 42 193 222 164 224 23 106 46 188 134 65 97 67 90 197 209 270 181 152 67 265 245 98 37 278 152 85 86 72 140 207 134 140 55 15 162 16 136 245 255 115 126 106 275 100 257 91 159 286 163 78 87 175 160 295 211 283 45 56 51 24 90 303 250 71 158 243 38 194 68 237 91 20 14 160 141 44 132 235 183 26 34 278 157 266 102 101 300 139 114 112 217 123 165 53 295 171 243 278 133 129 226 14 43 224 266 
156 43 13 32 182 91 283 143 158 58 256 183 170 64 234 187 193 158 246 296 246 29 52 174 89 33 183 58 54 233 283 301 276 245 41 77 223 261 117 169 250 152 111 17 140 223 191 51 235 227 221 96 281 280 225 170 103 143 298 221 283 219 189 304 306 259 116 94 298 35 60 109 112 121 120 103 154 301 71 246 199 228 128 276 135 272 140 112 280 252 139 247 301 187 138 146 122 182 180 287 256 87 112 287 202 255 59 71 304 182 206 210 244 249 66 29 99 297 115 99 237 227 125 71 118 223 162 288 195 120 259 201 260 259 108 18 100 68 255 298 291 54 28 196 22 23 157 218 237 11 171 260 89 219 262 238 296 114 196 18 25 303 267 152 14 89 158 39 116 50 90 63 62 70 209 122 246 300 75 80 97 70 135 42 208 230 272 168 102 143 177 111 172 69 38 231 71 84 136 145 192 11 298 290 142 44 221 192 191 182 213 195 36 195 233 54 266 107 268 120 49 260 81 268 61 12 57 103 194 280 191 256 60 206 232 209 265 261 39 38 261 47 150 46 153 272 31 128 260 50 178 158 132 116 252 216 107 202 131 176 55 213 102 50 114 43 300 89 49 70 144 43 189 29 20 94 264 155 230 151 18 270 222 259 51 91 105 68 122 97 186 61 106 119 291 225 80 142 30 241 
286 117 252 19 98 39 41 206 26 94 234 204 290 133 68 203 123 65 258 263 214 132 136 278 80 130 180 241 209 207 33 51 10 116 147 135 244 272 155 55 174 307 183 122 162 50 139 145 38 18 29 166 120 194 246 156 216 150 95 11 246 158 111 143 239 177 253 83 76 242 184 124 56 208 188 98 77 214 213 114 38 194 211 164 268 253 200 231 103 307 30 143 65 131 82 250 233 214 161 278 305 72 177 34 265 215 63 51 271 35 152 213 39 106 96 34 248 260 206 78 203 201 49 264 304 274 87 112 262 170 200 293 235 306 229 81 236 107 190 190 213 70 72 119 164 292 148 112 114 179 287 278 194 229 190 31 259 23 218 144 112 185 234 259 202 68 294 36 253 64 190 246 198 95 43 184 89 165 66 257 281 162 257 191 96 285 23 151 189 259 286 199 210 103 31 297 199 198 110 308 208 230 119 144 247 35 220 31 162 98 287 85 58 305 110 180 176 298 90 297 214 112 125 40 61 127 163 187 49 252 134 248 174 248 168 28 278 124 178 192 80 261 251 238 247 156 135 181 242 229 233 156 82 295 253 68 16 167 137 228 105 167 78 117 266 164 135 137 305 119 278 77 182 164 298 277 14 176 300 43 118 68 200 249 138 73 107 63 171 27 131 216 277 297 206 278 45 54 18 100 
268 225 204 27 252 273 276 261 155 111 196 250 136 277 177 279 285 220 15 304 66 209 223 32 175 179 201 272 218 256 254 200 101 125 56 69 187 230 32 300 289 254 269 161 209 243 183 280 55 66 52 219 186 282 166 20 167 98 301 246 133 243 79 82 202 154 89 192 62 266 220 262 32 282 13 113 293 189 73 37 245 286 84 37 130 50 80 143 16 184 296 221 286 23 37 46 295 130 77 235 161 16 58 44 196 153 213 13 222 73 276 64 173 204 61 266 171 45 152 190 82 158 163 293 86 101 303 215 234 152 14 272 116 50 307 294 254 73 173 242 274 46 88 97 262 259 188 85 227 68 11 141 217 149 265 61 116 43 195 169 133 100 81 87 68 231 295 23 204 132 49 55 208 128 141 227 285 209 89 47 32 249 254 31 269 172 184 238 240 22 295 49 235 205 178 238 104 223 17 60 113 136 248 217 293 139 138 275 152 93 240 180 194 222 43 156 83 90 158 139 67 271 192 51 45 181 292 154 57 226 43 196 134 240 204 232 76 163 85 213 162 263 304 151 299 113 150 133 195 81 109 289 80 124 209 126 126 255 297 41 34 132 243 144 121 244 295 211 213 248 256 272 148 155 266 168 281 220 13 138 303 72 111 19 111 15 140 119 206 39 151 247 159 273 190 107 153 135 226 71 
176 78 232 208 265 21 227 284 115 270 306 170 37 275 261 34 37 107 115 297 241 126 135 256 28 74 28 114 171 215 116 171 246 134 192 270 133 97 45 219 26 22 111 218 84 14 306 214 77 132 36 153 48 122 249 295 222 229 36 85 178 167 11 212 282 162 58 94 200 264 160 272 77 170 238 297 161 97 16 78 263 17 237 203 270 152 76 164 28 227 32 159 106 55 69 133 256 107 280 39 107 288 38 180 280 237 176 44 47 280 145 286 71 160 290 118 115 24 258 40 278 297 34 205 211 295 240 183 49 82 220 58 225 250 157 122 160 215 176 254 214 303 134 76 58 88 41 62 16 227 185 39 21 57 199 146 50 184 258 250 156 229 204 227 118 79 22 151 47 224 232 48 230 286 179 53 87 193 301 256 168 31 170 148 244 265 287 263 238 200 43 161 81 58 261 77 247 189 153 26 292 88 34 266 260 169 60 168 39 67 217 212 231 222 245 200 15 207 58 127 284 72 137 52 41 143 294 300 99 206 94 280 180 59 283 111 191 301 176 143 301 235 178 233 54 270 94 62 83 105 211 267 58 276 266 136 199 194 73 309 58 309 37 157 217 189 111 72 179 152 117 242 241 187 136 176 120 193 20 115 135 210 84 271 30 73 180 129 259 46 236 144 301 253 97 68 146 167 122 64 
201 40 21 70 103 144 218 61 201 290 117 10 243 273 211 14 92 69 109 54 174 275 196 64 99 284 44 106 95 39 87 60 36 195 281 71 12 262 118 291 202 13 127 240 20 244 37 164 266 190 74 12 171 248 197 290 220 57 128 30 33 90 52 155 116 235 12 164 203 294 234 234 254 189 47 37 157 306 138 246 206 275 114 275 194 103 155 265 160 112 158 113 39 269 195 38 10 222 180 142 288 226 67 243 49 36 97 44 258 307 161 208 188 11 291 154 191 75 257 90 176 101 261 130 141 254 165 285 209 70 103 172 60 176 221 166 175 281 244 205 39 59 192 258 86 204 247 305 263 200 93 288 151 232 219 70 276 263 114 163 301 274 255 295 186 126 72 206 113 136 246 146 25 210 217 222 102 141 219 289 117 274 53 76 266 221 62 121 259 270 165 265 35 46 294 258 82 94 60 188 142 229 245 192 155 104 61 259 199 22 123 206 106 234 134 294 96 272 211 150 250 189 76 106 54 110 133 118 273 195 268 31 199 137 106 150 210 86 216 143 270 98 31 67 93 306 100 201 141 69 206 265 154 195 309 227 98 109 235 103 262 140 45 244 51 250 177 62 52 230 245 210 298 103 103 221 190 123 286 54 133 44 139 80 122 264 129 159 67 301 22 284 197 179 143 259 226 209 294 144 
287 45 150 21 167 188 82 192 49 114 198 96 265 245 122 180 146 172 204 187 22 162 296 237 175 223 222 231 280 238 12 89 131 40 65 24 17 82 33 42 171 273 142 96 124 173 54 264 234 191 138 226 154 78 82 148 62 148 38 208 298 110 40 129 178 153 263 26 53 231 176 146 131 193 263 245 222 170 88 198 71 93 38 277 148 286 292 206 45 230 286 227 59 43 207 271 170 290 88 192 174 32 247 214 53 167 309 260 140 102 260 226 284 50 217 300 146 242 290 14 117 13 135 284 35 11 194 28 259 221 84 278 141 229 70 199 270 122 163 49 13 211 298 301 114 34 20 10 194 82 59 10 184 137 118 130 231 296 104 119 271 284 166 26 172 51 88 60 93 277 79 107 273 59 278 111 180 145 97 284 292 23 137 206 29 75 108 174 142 36 56 141 216 14 20 111 185 72 166 66 78 26 47 290 217 21 131 155 178 187 36 253 202 99 14 159 80 133 12 252 160 178 25 161 213 110 268 155 160 118 188 124 293 88 60 144 200 20 42 206 284 92 259 238 218 128 267 129 114 148 277 51 238 289 240 256 127 10 35 111 167 63 290 151 251 219 14 302 70 266 216 43 283 29 160 218 28 304 292 219 46 192 82 187 22 251 213 142 97 109 12 286 208 29 28 234 175 303 77 95 
176 146 274 287 274 292 268 298 242 113 104 106 40 166 80 133 59 295 212 210 211 207 169 213 279 254 177 170 102 160 116 104 220 300 163 297 197 51 183 106 174 114 109 237 305 204 23 17 82 65 157 125 302 300 36 215 234 160 103 131 179 174 205 304 41 180 10 110 309 196 173 157 128 86 61 73 260 176 303 226 193 225 287 90 244 184 19 237 227 118 184 160 162 229 86 161 300 190 166 233 241 261 110 95 34 259 201 309 201 145 247 305 51 251 263 86 27 55 124 18 105 144 193 242 123 105 36 196 23 282 268 284 269 205 69 86 54 108 93 54 237 42 85 85 145 135 65 32 283 306 60 119 109 74 249 136 43 118 139 56 193 188 204 184 182 155 263 19 43 225 152 184 191 201 151 27 289 222 225 21 23 63 242 24 174 124 262 143 13 248 178 277 126 129 86 31 179 69 141 77 86 218 12 54 191 249 46 47 65 266 95 288 267 151 120 144 232 126 294 134 74 140 143 157 131 131 305 65 40 206 184 194 125 143 195 256 150 282 146 184 277 308 246 43 251 295 12 75 75 196 159 126 172 272 156 109 211 179 115 261 285 122 183 266 171 108 210 28 254 60 90 166 59 305 208 231 20 249 75 247 256 162 191 306 301 122 246 280 231 202 82 208 251 73 61 14 21 166 117 275 
138 111 228 51 210 59 155 78 29 171 301 202 26 204 10 136 169 232 277 200 117 178 127 198 81 115 245 114 305 119 296 116 211 191 238 180 115 192 120 112 14 247 286 180 26 50 226 185 222 76 17 125 259 237 94 298 168 200 32 165 50 288 82 105 31 128 209 192 263 38 154 172 220 99 61 178 262 13 265 231 26 29 201 272 237 285 174 148 279 148 190 192 204 309 197 138 29 42 229 76 35 283 263 203 74 210 163 247 100 115 41 290 116 62 38 177 197 120 253 298 226 112 123 42 184 131 111 256 285 290 154 87 171 26 237 89 208 31 297 32 168 134 288 221 281 181 236 303 177 245 261 169 69 206 134 288 165 120 53 235 24 126 247 27 205 150 54 89 138 180 301 133 188 224 223 289 80 25 43 203 44 220 287 192 145 183 37 193 115 58 203 62 13 203 106 164 39 53 143 35 189 240 123 141 278 227 89 166 221 194 207 84 195 216 71 268 233 224 242 278 67 76 160 62 164 210 33 19 264 150 223 272 264 291 109 73 18 266 44 199 25 92 248 251 285 255 109 244 293 307 166 219 48 153 10 102 270 193 129 204 201 269 97 144 80 281 177 300 46 108 234 308 286 219 121 192 266 108 276 38 30 50 261 183 110 119 59 223 234 274 137 90 65 222 120 174 160 122 181 119 
32 175 24 122 114 43 219 22 250 295 278 206 91 28 214 230 70 249 132 172 100 99 35 102 300 269 138 159 144 58 11 286 171 270 202 41 297 60 238 49 46 285 97 249 104 152 55 178 38 39 209 74 65 86 301 227 10 122 13 66 248 202 227 275 56 209 172 308 30 102 242 134 57 292 106 275 274 68 274 196 221 129 221 89 96 246 53 238 164 270 25 240 65 28 259 57 106 160 258 140 257 102 198 165 180 217 233 263 83 51 204 51 284 79 54 288 109 159 177 303 21 255 12 133 34 245 241 158 301 303 107 261 98 118 280 153 305 244 289 202 194 273 49 297 57 293 210 179 65 105 61 209 105 234 197 268 39 94 243 127 17 38 248 65 54 148 194 99 254 270 40 19 12 10 176 210 195 95 218 152 34 260 267 237 201 212 155 277 77 113 235 139 59 277 233 295 68 82 85 262 143 241 72 183 55 166 95 295 150 157 186 260 67 300 289 26 20 175 179 170 51 44 94 223 258 184 302 61 60 50 233 59 246 119 54 174 50 81 116 144 135 31 78 106 89 69 129 268 171 97 253 288 181 121 199 134 307 204 143 148 267 74 290 230 237 214 14 271 274 191 20 140 57 154 13 128 142 207 85 185 220 260 245 290 296 82 100 53 28 95 199 51 164 212 207 138 180 156 27 202 
309 132 91 191 285 276 161 38 309 186 198 183 265 266 274 301 171 198 79 148 171 134 103 203 143 155 277 172 37 183 27 196 221 172 13 31 49 67 244 61 118 14 275 98 165 134 18 24 90 133 161 14 48 214 271 279 136 254 125 243 30 125 264 161 118 80 246 46 107 173 75 89 110 128 262 287 241 127 235 269 54 222 70 299 29 141 239 128 24 199 148 87 142 285 275 108 151 254 281 148 215 96 114 157 36 162 305 97 304 195 138 84 133 99 266 181 184 105 231 205 31 77 245 234 286 187 216 58 52 159 47 210 151 246 212 78 293 290 225 134 66 201 131 94 118 27 213 89 141 45 122 307 259 172 119 230 69 35 167 106 197 28 112 23 293 189 39 299 255 142 306 59 164 225 297 31 138 302 14 282 122 212 110 306 54 36 141 183 91 85 187 85 39 287 76 241 112 236 17 145 108 256 108 194 28 127 114 166 71 256 170 237 281 80 41 177 275 17 288 162 49 237 97 39 244 102 179 205 141 15 87 147 283 94 23 15 221 187 236 44 204 182 157 93 97 100 152 273 258 31 72 87 301 279 298 183 191 32 196 13 307 201 113 178 289 190 182 90 164 29 180 253 37 74 51 12 111 204 98 53 52 95 41 137 265 243 212 306 265 137 272 157 30 188 210 118 113 275 118 277 
207 230 178 51 247 125 132 78 26 144 89 50 116 51 47 17 225 145 115 107 68 208 155 217 63 183 12 18 87 277 167 59 161 12 181 209 189 259 215 201 306 52 51 203 55 48 77 86 52 286 305 291 143 139 97 195 116 243 41 306 288 223 269 74 298 16 163 165 164 37 90 178 211 208 302 229 183 131 256 133 186 212 196 233 15 153 186 222 63 174 106 152 303 11 268 187 55 131 114 36 50 277 75 303 294 44 140 247 194 74 12 29 191 152 290 190 15 70 277 16 304 29 199 161 64 32 307 153 159 295 115 245 237 305 299 188 270 272 85 154 96 123 109 275 160 155 41 85 191 82 268 21 170 212 236 52 51 179 271 180 66 94 62 120 161 307 289 73 84 253 215 86 35 116 247 130 248 212 57 55 199 73 285 71 285 211 84 79 53 142 44 42 265 130 75 103 132 69 79 253 138 297 188 118 41 63 29 72 171 134 136 272 176 164 33 187 165 59 97 206 201 110 82 261 67 121 157 136 276 278 203 180 302 130 286 103 21 303 97 274 106 47 188 151 233 205 143 288 195 206 181 106 111 139 309 121 280 201 34 103 296 250 298 31 168 194 207 64 160 240 93 30 59 126 119 249 63 81 61 275 114 54 129 155 304 85 21 163 209 220 48 265 105 136 108 242 58 47 40 266 
85 278 30 160 65 94 111 93 68 308 293 83 258 49 257 40 115 301 81 287 217 309 32 154 162 218 209 268 158 127 288 217 272 252 191 107 149 125 41 256 262 235 53 94 60 189 260 154 125 173 58 244 64 80 302 113 71 179 249 194 279 192 113 196 138 100 262 40 105 238 268 281 73 208 255 120 147 221 196 228 124 51 256 250 202 165 293 86 244 131 79 91 230 309 261 287 81 89 265 115 184 273 274 21 103 77 219 30 271 272 167 139 182 285 215 307 16 240 131 299 278 286 220 156 210 65 97 255 276 152 225 147 63 82 157 32 34 117 303 116 248 88 66 234 247 61 278 208 249 101 258 177 208 125 128 176 183 166 273 268 76 87 206 308 53 265 270 181 162 307 261 193 191 228 173 134 309 190 95 40 238 156 103 127 19 154 131 296 274 59 29 133 179 259 272 295 286 43 221 276 89 157 259 134 71 268 51 271 174 56 280 309 117 265 150 123 202 54 25 252 302 212 289 35 96 96 159 64 262 146 266 163 65 10 227 70 21 232 22 280 289 234 86 147 116 301 167 149 65 29 109 135 83 273 264 29 11 231 202 22 174 255 121 263 121 106 98 190 236 60 288 269 83 174 237 79 23 254 309 266 24 124 221 162 289 174 87 248 193 222 110 74 73 238 149 207 226 185 143 70 
172 140 174 28 91 51 92 17 221 129 153 38 308 209 31 140 129 63 74 96 217 31 95 44 75 72 135 161 267 155 240 281 181 13 224 278 197 141 213 132 190 215 128 304 56 258 84 234 130 101 97 184 139 16 205 247 225 287 19 69 204 52 263 47 176 129 170 186 97 288 134 53 238 114 147 277 252 273 91 131 188 266 48 233 128 203 256 291 58 229 293 116 245 80 293 121 64 93 295 26 228 164 88 63 234 180 245 280 29 292 134 244 292 19 302 134 191 114 267 73 74 289 133 58 43 175 14 43 214 189 305 42 141 278 115 175 273 80 145 306 157 150 99 208 289 169 56 224 188 207 164 117 170 242 70 162 193 73 146 144 156 18 154 159 265 200 91 20 215 297 286 190 159 83 39 152 160 74 162 110 52 137 73 130 265 82 57 64 271 75 112 213 48 62 119 269 306 135 191 23 244 197 297 309 128 154 182 260 207 76 156 173 262 56 55 53 43 16 231 214 130 211 306 230 246 287 32 243 18 88 32 132 77 163 290 79 110 133 252 239 200 129 126 36 142 120 277 209 84 264 213 30 33 82 190 298 228 40 140 222 29 93 199 50 189 223 301 191 56 215 217 154 202 107 83 28 28 177 77 283 229 266 250 72 125 153 129 277 140 16 181 257 13 152 210 109 85 225 250 242 
99 232 208 28 234 29 157 89 301 215 125 150 177 210 305 77 156 19 159 152 217 161 209 205 156 131 157 195 96 29 240 271 114 212 98 10 283 199 30 194 184 214 98 275 293 64 225 184 128 207 219 99 160 238 69 65 58 232 202 217 250 147 68 123 89 120 291 100 61 168 35 96 50 226 40 114 200 80 83 146 16 147 19 117 128 187 21 242 125 18 39 78 67 271 246 153 124 278 235 229 245 306 263 86 109 295 35 146 118 58 67 119 277 266 69 263 277 136 180 16 279 120 237 168 32 77 174 18 296 47 306 113 102 228 24 233 291 306 31 76 127 150 153 198 210 287 50 116 159 225 16 38 251 100 232 103 256 290 36 89 260 155 155 29 96 66 76 40 200 133 219 195 236 153 268 256 59 104 282 281 183 210 283 136 118 121 196 156 112 48 171 39 84 123 35 145 87 236 137 124 82 189 288 292 148 49 266 104 181 240 185 122 124 131 122 148 135 243 273 259 166 140 273 284 181 209 35 16 96 267 105 140 67 19 103 306 163 299 277 95 74 283 50 54 83 176 261 243 234 26 74 263 16 71 52 47 270 67 48 223 138 37 36 149 27 97 289 206 306 284 126 289 89 289 170 289 155 81 180 276 159 262 249 49 18 227 141 157 223 19 69 105 89 243 104 287 244 33 17 180 
200 198 285 153 111 210 278 128 64 235 114 133 67 43 216 16 58 246 223 153 285 151 265 259 122 161 103 165 80 66 90 143 25 19 86 227 278 235 103 127 62 68 185 146 225 157 64 61 282 143 304 212 47 182 135 69 268 184 247 100 275 235 179 299 94 170 272 160 169 146 88 201 166 34 163 152 46 61 84 163 133 285 174 53 277 96 52 78 23 86 302 115 111 14 65 78 46 226 148 276 76 128 168 91 47 131 209 131 184 209 106 99 280 290 179 169 56 44 224 122 176 93 289 79 254 38 224 297 213 281 266 102 36 98 154 57 245 209 39 98 277 286 92 233 186 289 81 92 210 308 163 259 78 275 179 128 143 211 40 103 160 70 66 143 196 70 159 153 289 262 248 50 237 49 211 152 279 194 264 97 142 135 48 270 73 90 266 309 231 101 232 125 73 117 44 243 148 25 199 58 206 40 294 18 154 212 235 305 112 269 166 265 233 141 33 230 270 273 96 242 181 44 157 58 207 58 211 253 197 44 126 238 184 270 279 111 98 93 236 91 267 258 209 83 245 102 36 264 36 112 302 224 301 204 140 16 139 181 69 265 90 238 296 154 39 96 96 308 85 143 25 207 223 257 171 16 213 167 114 299 167 243 36 55 111 81 175 172 279 118 268 12 55 218 300 85 48 77 257 134 
37 41 16 136 49 74 146 31 121 10 295 41 24 113 270 210 144 40 94 221 294 289 117 134 65 94 99 108 182 91 161 117 128 169 59 87 115 101 250 241 162 240 75 194 189 28 128 206 307 243 167 283 216 227 240 78 135 209 61 218 110 161 62 260 137 106 307 91 212 279 89 194 243 202 53 252 113 99 21 166 88 219 196 72 238 278 216 133 25 203 118 236 259 228 94 207 93 132 148 73 264 298 282 17 181 266 66 60 69 27 150 223 220 265 259 185 179 243 247 226 43 184 242 241 85 146 250 76 299 55 278 13 124 163 172 242 270 141 154 164 263 122 231 81 114 271 198 53 88 167 47 294 106 292 172 302 240 220 242 192 271 287 56 246 35 163 120 74 184 100 125 292 226 81 68 283 58 67 294 154 239 144 225 212 77 195 222 79 269 70 266 22 305 236 83 169 73 132 42 61 307 78 59 200 18 184 153 18 85 207 62 164 74 188 237 233 29 233 170 255 215 200 73 304 306 10 127 201 39 192 174 90 301 246 36 299 228 124 29 77 174 217 260 280 257 157 226 113 213 42 301 139 78 63 269 218 57 281 160 83 164 309 267 222 176 306 243 225 171 243 25 196 213 20 142 290 14 129 262 283 161 122 135 226 223 21 208 153 55 90 58 250 104 301 299 293 283 193 201 107 
59 299 161 149 39 104 301 105 303 27 23 284 145 242 159 209 109 28 167 205 238 239 64 159 248 267 128 78 187 39 302 61 33 166 205 218 63 88 169 62 207 291 150 59 154 200 303 163 120 46 278 41 60 133 28 58 243 155 303 193 95 143 174 162 256 34 13 259 209 294 10 88 239 145 267 65 219 130 261 29 241 93 188 238 149 109 232 250 197 61 124 131 27 239 112 243 260 141 128 301 145 173 127 100 170 92 250 261 280 194 234 199 179 128 235 179 247 165 265 168 282 65 110 88 183 22 154 191 202 209 80 216 20 177 226 206 136 254 294 16 226 222 121 124 306 230 173 21 240 171 151 63 231 163 203 103 72 257 34 155 233 173 151 279 25 54 49 269 133 134 85 138 56 276 164 213 255 29 79 63 260 25 117 12 303 131 129 21 213 34 61 38 133 253 210 78 29 253 241 113 154 217 225 10 46 86 138 165 185 200 49 110 113 125 93 282 87 97 265 129 243 250 11 101 143 149 213 71 214 256 218 219 282 69 303 89 285 243 254 37 252 135 62 110 21 270 277 66 66 201 147 288 169 265 163 196 265 77 299 92 239 276 131 155 134 75 294 238 140 306 125 76 240 42 24 46 83 20 242 247 52 267 26 298 15 236 103 66 66 305 233 245 209 26 202 184 248 31 264 262 
87 101 139 287 94 45 253 46 308 139 160 130 249 104 40 34 13 21 81 276 303 145 196 179 238 148 21 123 98 222 91 40 182 151 247 197 121 116 258 248 51 155 106 179 94 198 83 144 44 209 254 285 30 161 154 217 289 255 149 47 148 274 113 225 62 44 143 59 54 76 167 289 212 92 226 81 82 123 32 86 195 289 14 306 162 233 27 52 98 156 218 157 24 101 84 208 238 136 253 17 123 95 128 256 167 210 170 249 37 129 287 221 202 284 225 278 43 89 193 256 18 58 227 109 280 197 244 58 67 148 106 38 286 126 240 35 209 133 123 250 244 154 164 24 146 277 250 62 78 274 243 304 240 268 14 118 168 240 91 15 215 130 306 11 195 37 25 258 101 117 173 77 82 280 103 201 81 222 259 213 66 210 292 281 140 160 285 21 162 121 203 162 101 303 53 219 97 213 57 162 224 286 12 281 127 277 59 240 14 170 22 172 35 43 205 210 134 173 17 213 136 15 50 20 178 115 155 267 168 52 293 27 100 61 135 135 283 60 77 102 222 205 116 143 242 227 138 124 287 275 258 14 25 112 18 152 184 287 287 250 308 236 149 304 200 160 139 71 247 293 57 150 131 74 285 181 270 304 294 131 38 70 188 234 90 187 148 163 266 261 262 157 85 296 124 186 133 204 260 44 
79 124 179 294 12 227 40 303 231 260 135 74 72 162 226 207 286 124 199 128 152 291 164 32 292 211 304 72 61 78 134 67 297 281 82 79 114 11 271 48 166 301 107 173 120 15 98 157 33 131 21 200 11 251 145 274 217 43 27 71 283 65 269 275 219 276 56 263 128 239 160 213 110 14 107 193 190 65 126 65 44 224 176 239 258 91 260 43 206 271 154 230 283 112 109 97 56 137 243 274 226 21 200 218 259 199 23 234 102 276 307 239 193 307 253 208 153 185 267 289 305 187 229 238 217 105 133 148 44 40 140 148 256 234 283 42 138 276 159 103 21 112 173 74 82 64 92 215 36 179 28 49 253 267 183 227 258 55 58 173 252 145 163 296 15 54 40 117 165 209 75 53 290 105 291 291 43 227 85 309 156 48 76 58 251 235 38 296 254 142 172 135 307 256 80 34 106 258 305 140 91 14 46 71 262 16 167 233 267 13 44 42 109 100 43 134 126 31 228 157 163 277 163 260 66 134 114 255 113 152 12 191 121 291 205 58 203 207 107 269 274 284 100 146 297 307 269 289 166 43 214 295 291 106 291 225 143 13 74 291 33 209 102 145 229 152 104 250 291 204 256 58 112 22 106 51 242 277 193 292 259 111 104 302 221 204 51 136 156 251 157 81 137 170 83 99 178 193 147 58 
282 133 130 149 126 221 302 140 271 46 129 171 182 155 66 78 182 47 277 153 209 150 140 106 277 202 35 40 96 259 158 170 206 20 76 149 287 227 144 159 156 186 87 241 210 244 247 62 76 44 203 163 236 296 194 253 282 244 105 217 204 176 280 180 45 220 184 24 59 198 144 301 286 265 52 111 179 128 121 266 57 265 33 275 171 55 42 283 295 230 47 198 185 221 78 53 286 124 76 159 239 212 233 97 288 19 143 44 86 77 174 179 21 51 245 189 270 281 287 31 300 163 115 42 183 287 268 232 166 154 113 100 213 192 228 151 39 117 86 197 222 137 287 197 71 206 250 96 19 37 94 174 162 243 266 301 39 44 86 99 28 229 123 251 268 45 102 13 57 221 271 249 207 42 20 287 95 135 127 108 200 171 175 128 87 34 196 17 52 186 124 274 164 137 274 239 245 129 76 300 240 233 163 305 190 38 56 125 121 104 161 134 88 15 198 284 98 167 200 287 218 148 121 158 242 230 133 145 122 47 29 75 64 15 126 157 14 291 201 297 126 251 308 234 156 181 15 238 92 41 83 102 94 85 111 251 179 224 74 281 198 219 224 272 15 133 264 156 215 76 141 125 293 306 156 263 67 297 301 264 179 185 46 140 199 303 240 200 262 235 139 74 170 217 276 199 95 145 81 178 
194 289 185 141 154 239 300 230 149 207 281 40 46 60 231 73 177 217 77 153 264 15 73 16 28 157 122 305 212 149 20 157 178 105 197 218 185 213 206 102 290 39 235 86 161 126 279 230 172 195 178 308 232 208 192 220 227 276 86 282 220 136 227 146 255 186 224 168 239 123 236 40 75 165 163 195 233 275 305 27 53 289 150 158 258 31 279 22 244 220 144 293 21 34 80 164 141 303 36 42 116 103 263 192 147 245 17 234 217 36 127 175 51 263 290 150 14 26 24 217 225 222 155 75 158 130 199 145 217 49 19 104 258 112 159 229 246 252 136 148 182 195 227 38 191 233 247 26 49 75 217 90 37 199 273 175 88 118 306 217 286 294 282 219 119 278 299 83 273 140 146 149 238 46 298 210 28 27 151 178 190 184 219 17 212 77 96 210 46 253 92 101 53 27 53 299 134 161 65 275 123 14 57 128 243 139 32 136 42 193 194 299 241 299 262 197 79 205 213 76 108 223 216 173 212 184 80 224 212 185 103 249 288 195 202 14 97 200 89 223 245 92 114 293 187 258 278 218 25 208 168 304 134 49 275 100 53 253 162 16 43 110 66 308 153 86 32 246 246 147 36 165 74 266 74 303 123 139 238 297 298 33 153 302 57 149 137 138 264 267 121 174 62 125 110 77 65 234 85 101 
216 98 275 14 296 209 53 46 53 145 115 38 243 267 215 19 260 308 106 137 55 76 163 136 278 284 159 40 164 177 219 130 242 172 44 15 271 63 216 281 297 47 153 68 99 24 191 79 232 110 253 203 272 282 81 279 217 76 108 272 287 62 112 62 237 85 84 304 256 218 119 305 184 87 132 76 266 23 101 309 75 140 24 296 283 131 123 222 114 222 223 101 33 89 126 261 128 253 206 268 202 212 101 226 54 196 200 37 240 40 285 14 239 276 129 105 186 289 52 125 181 40 70 152 294 101 113 34 283 224 292 60 221 171 88 255 193 146 245 284 278 27 203 238 84 104 285 273 107 67 226 22 143 16 186 137 90 132 43 198 118 178 124 283 286 162 158 80 131 69 154 208 31 56 302 164 76 98 112 70 302 260 147 19 203 64 246 259 238 225 38 104 226 27 60 302 132 304 112 230 243 33 20 294 212 47 16 252 169 208 129 17 217 82 308 232 173 270 228 111 213 109 176 285 178 151 86 136 23 103 302 205 281 71 139 278 28 300 63 303 154 277 298 68 266 256 21 282 182 81 10 144 224 190 19 176 191 226 230 298 15 42 132 248 246 245 275 223 183 35 284 289 236 180 45 27 52 126 117 232 264 244 278 35 66 29 284 286 223 96 58 156 65 153 62 176 45 52 164 18 
205 216 103 189 266 127 271 25 144 84 18 20 38 205 282 280 103 234 206 134 117 102 33 101 16 152 135 44 67 288 209 206 123 60 67 60 236 261 240 183 68 234 158 187 225 11 146 38 191 294 107 246 286 82 126 186 213 203 184 285 142 50 119 256 288 197 10 129 155 186 60 281 183 268 298 87 135 70 132 121 115 279 229 251 128 114 10 14 27 154 61 303 216 128 38 291 216 140 14 33 306 110 70 18 238 55 246 144 115 126 267 266 118 14 101 91 214 100 93 186 54 302 34 109 277 284 14 164 184 218 252 15 185 137 147 22 147 17 170 258 26 255 182 237 44 100 239 246 96 46 87 89 122 189 63 23 191 240 231 15 95 277 16 124 164 103 139 79 49 87 217 199 274 265 14 17 226 55 143 235 270 286 275 68 220 176 223 75 104 190 40 271 149 275 49 20 196 12 98 26 148 153 93 118 210 228 35 83 63 217 300 255 145 58 42 194 31 240 147 26 39 221 34 256 175 123 285 66 112 133 240 198 141 116 120 101 163 85 52 203 43 101 20 74 141 129 245 93 231 271 183 291 297 289 206 184 228 276 306 35 252 164 125 80 19 254 43 109 239 270 79 64 23 39 129 299 284 99 237 82 61 79 235 280 89 246 217 20 156 112 17 74 305 274 144 255 70 205 90 245 
189 256 194 50 181 278 208 182 20 200 17 35 188 218 159 217 75 247 102 227 308 150 242 68 98 160 294 157 307 12 112 117 245 80 150 234 96 84 157 280 200 164 248 288 240 194 198 199 88 210 96 187 154 130 257 112 143 120 107 82 41 138 79 79 112 40 135 76 169 136 263 257 125 287 229 292 142 94 250 30 42 287 38 76 133 172 25 243 193 284 287 247 176 297 45 285 245 238 105 263 202 130 168 152 202 133 133 264 45 222 161 53 64 60 137 59 102 12 64 233 179 278 270 228 277 116 87 67 108 41 288 40 86 74 294 110 187 130 200 40 261 61 168 88 155 210 137 124 191 202 76 133 213 268 199 24 38 39 233 130 42 212 147 206 78 29 158 118 112 70 206 15 34 281 159 61 297 153 122 218 183 10 18 99 84 177 287 292 150 222 298 121 34 49 115 22 292 37 224 37 54 281 131 205 65 265 109 269 117 169 244 277 226 285 97 297 223 233 214 11 94 109 284 94 184 283 228 236 242 155 211 267 36 88 158 55 285 145 247 123 283 271 54 131 29 125 79 296 42 124 232 86 116 288 113 174 200 206 194 287 268 123 25 15 58 181 309 265 187 269 222 33 48 201 45 29 195 279 210 143 198 209 129 181 155 199 126 63 39 82 89 271 268 198 92 65 233 250 302 158 
158 234 300 23 71 105 13 282 57 76 160 188 189 78 128 111 79 262 151 205 164 235 56 178 140 114 57 107 48 217 266 15 146 218 101 154 156 157 54 256 305 162 51 259 65 251 291 88 285 117 36 180 224 25 280 49 308 29 252 134 207 136 28 307 95 182 235 30 288 35 168 139 197 231 55 289 246 282 48 13 264 181 112 78 170 276 45 191 222 41 293 289 55 61 290 63 110 206 197 94 126 209 26 80 48 161 270 122 103 224 32 142 201 156 37 30 106 44 175 293 164 304 20 145 151 110 250 71 290 247 62 63 246 53 202 51 103 242 143 169 48 161 14 90 42 292 181 306 208 285 226 174 42 285 124 25 227 34 49 206 63 147 35 260 165 74 38 79 165 185 273 87 305 277 300 198 129 55 105 287 69 188 94 208 58 64 214 51 236 217 127 237 286 64 68 254 178 308 147 17 170 246 149 207 79 25 32 126 102 195 57 288 88 171 42 23 278 208 122 191 64 175 228 287 174 68 132 180 93 223 212 276 147 229 179 298 49 115 60 229 87 174 236 237 13 156 307 244 93 263 232 286 286 288 68 304 275 285 289 155 294 123 287 289 51 58 54 203 243 65 194 183 182 274 60 236 101 257 157 283 92 260 279 184 179 204 30 198 262 18 85 31 214 208 26 116 134 269 224 143 
230 185 190 225 138 254 203 23 23 228 168 275 190 175 89 40 241 135 35 163 102 219 17 35 92 246 54 268 276 114 119 73 193 125 270 211 72 294 190 246 123 83 83 17 231 104 36 183 139 93 139 219 127 256 205 36 117 133 135 153 218 97 160 231 224 124 92 92 95 285 233 130 298 104 16 56 219 156 217 49 157 122 138 211 93 80 121 277 151 301 101 68 295 134 255 218 64 29 218 273 179 105 31 134 215 206 49 137 87 189 216 280 24 298 60 175 121 161 225 275 172 83 152 133 240 125 60 84 28 214 278 53 157 309 302 32 22 133 103 224 266 144 33 31 43 130 204 270 190 78 192 17 268 137 159 59 175 118 123 117 176 154 109 85 223 74 184 297 47 233 234 308 108 177 259 56 167 124 108 44 45 64 155 304 269 160 63 79 290 146 275 12 216 189 214 149 135 86 202 283 63 14 101 234 134 129 35 124 254 154 110 275 189 197 266 240 53 45 144 288 33 19 301 306 297 159 267 80 245 50 300 182 117 120 34 173 55 218 158 38 114 258 19 88 86 174 29 136 112 218 14 267 278 203 141 207 50 100 46 302 96 254 210 58 138 27 31 121 179 282 174 115 130 74 214 210 96 207 168 12 40 105 225 292 99 272 219 198 216 52 232 68 32 166 215 117 165 75 161 296 
307 207 251 38 199 72 13 151 276 57 158 62 187 61 128 190 228 156 79 171 10 115 141 186 53 139 185 210 214 104 164 176 70 195 211 72 96 254 298 79 173 230 232 19 73 309 17 118 191 162 252 260 164 94 193 19 224 139 278 219 181 54 12 157 92 129 96 284 37 255 58 123 67 87 206 258 200 139 114 287 46 49 24 234 254 219 111 256 304 284 103 77 307 130 152 200 94 272 299 151 23 207 285 235 31 269 216 161 82 138 220 134 308 123 197 108 297 291 289 44 77 236 24 51 43 34 66 184 23 110 100 289 261 110 307 286 296 199 186 184 174 258 230 186 58 275 95 267 160 143 189 20 128 177 56 49 85 267 36 251 287 38 135 121 103 296 188 245 26 212 59 124 213 251 150 292 267 109 264 74 83 305 244 44 96 38 169 125 42 134 183 226 227 68 256 279 281 161 127 299 46 166 197 17 278 201 50 259 103 45 299 163 23 307 122 167 189 62 253 133 233 34 66 63 37 196 102 69 140 33 297 229 138 296 282 42 29 292 208 88 298 119 183 74 143 211 130 198 271 179 17 305 54 30 11 42 115 198 234 68 267 176 38 238 85 154 183 115 234 72 134 135 41 51 85 160 187 211 142 136 135 164 89 214 50 192 216 295 281 202 264 131 95 150 26 55 260 40 156 66 
42 90 144 211 219 173 29 141 244 134 136 106 72 309 216 39 72 47 147 13 186 117 260 116 66 147 309 132 165 306 108 56 280 92 256 253 13 270 291 84 212 72 229 219 99 222 304 134 152 258 206 80 106 65 106 259 70 160 34 76 167 184 36 96 116 255 224 156 30 40 266 258 38 217 237 248 159 27 303 24 202 255 265 101 81 19 141 69 243 211 122 124 155 186 121 200 303 228 174 173 42 96 204 174 143 125 248 20 192 296 158 79 275 97 238 308 80 72 59 126 260 58 198 295 51 112 97 52 232 17 132 243 213 271 139 21 29 52 253 156 66 250 161 75 138 80 267 88 66 122 102 21 45 155 251 174 106 238 116 53 143 168 262 35 104 39 292 91 275 286 13 64 178 127 228 191 136 260 102 18 259 95 303 51 234 92 44 164 193 196 256 203 185 219 266 172 34 266 207 83 238 247 93 79 19 44 158 152 124 30 129 33 16 89 182 151 171 19 112 194 118 27 176 277 153 180 115 68 87 26 144 73 284 55 291 90 74 237 73 290 302 244 301 194 80 190 274 102 49 190 118 152 116 257 223 196 187 22 12 292 275 113 82 174 63 162 243 80 221 259 111 140 14 59 145 84 195 233 304 87 104 124 271 145 11 228 262 283 172 185 270 42 35 34 226 178 99 152 227 254 
106 272 201 214 121 95 23 176 130 65 85 67 82 69 179 309 196 298 149 203 35 36 69 138 271 113 160 144 127 174 13 175 297 194 155 134 122 309 197 70 247 52 211 242 241 141 118 169 186 173 155 227 20 217 89 187 273 221 60 113 63 10 218 296 292 88 172 221 229 183 304 253 77 241 234 151 20 188 104 273 161 207 274 172 75 159 285 58 135 216 286 160 31 242 258 129 217 165 174 46 303 271 48 137 69 228 192 175 132 158 220 160 94 238 52 190 69 130 179 43 40 101 17 70 104 280 149 141 27 91 263 14 111 187 101 160 209 57 207 305 103 195 87 163 87 221 54 140 105 198 297 121 169 260 187 303 28 306 83 257 139 73 168 108 133 17 275 47 272 124 289 134 40 79 61 166 271 288 100 27 140 96 132 300 28 230 82 290 266 95 115 292 160 207 33 150 198 40 81 253 31 237 300 65 156 154 238 80 235 159 194 258 36 118 183 209 188 61 307 72 187 26 110 255 266 301 89 68 273 171 40 16 84 189 125 211 181 128 278 241 33 234 196 50 72 197 188 36 78 254 258 296 109 173 233 141 221 79 290 99 42 156 168 268 61 286 63 187 186 178 16 210 80 161 81 58 33 94 249 256 192 189 142 283 227 11 249 207 154 81 238 255 229 274 57 102 118 85 272 286 
287 142 189 135 217 104 118 183 285 171 308 174 281 199 297 28 46 248 65 28 256 163 294 119 143 169 199 262 106 27 94 140 181 30 101 123 182 211 255 129 239 21 207 214 229 94 137 68 285 56 20 109 212 29 34 116 63 117 21 87 269 262 190 288 139 276 296 39 274 110 132 139 251 237 131 159 245 40 203 46 304 71 193 42 233 267 22 213 218 126 192 38 15 232 176 243 81 122 118 170 18 82 105 301 54 78 59 81 300 279 19 11 11 33 229 210 159 114 241 183 115 72 112 234 181 151 152 260 136 202 151 29 304 117 17 209 91 131 149 245 294 73 96 223 259 42 248 222 194 84 165 106 302 28 53 184 261 289 73 100 79 286 146 220 215 260 33 128 154 90 255 275 288 96 300 145 211 203 234 109 35 283 48 69 75 164 191 187 50 297 149 267 126 241 156 202 127 268 37 269 243 142 138 178 269 274 213 150 208 146 210 260 273 21 167 100 43 153 237 136 165 206 170 32 277 35 109 160 249 15 97 177 171 139 294 127 57 214 108 17 168 40 106 286 228 136 218 237 257 232 273 211 188 266 153 283 141 132 97 101 144 59 205 11 161 169 223 281 28 204 73 67 57 250 148 60 49 70 52 85 77 135 281 251 62 40 298 241 38 264 19 157 12 203 168 233 18 216 160 257 
23 216 120 259 19 106 169 274 179 289 239 67 148 300 150 16 124 140 224 238 30 195 309 286 173 302 252 47 53 132 179 230 245 70 212 98 172 38 205 147 254 204 233 268 121 157 272 264 173 194 105 13 295 253 237 266 248 226 235 31 90 33 186 297 23 238 199 24 150 41 195 19 42 43 43 23 60 208 70 168 169 114 267 79 56 102 276 233 249 126 190 302 201 135 62 50 180 236 151 252 229 210 81 260 168 249 65 170 142 83 46 299 68 192 23 287 177 66 38 52 250 138 237 255 135 18 55 132 268 232 189 106 263 239 141 255 23 80 114 221 286 48 30 79 219 104 41 198 135 242 103 39 189 110 283 119 215 30 16 16 203 242 124 120 154 151 56 187 156 179 260 229 156 30 59 24 201 207 136 48 21 184 218 237 229 10 26 205 114 184 235 61 294 267 118 259 145 274 146 262 46 302 289 22 265 125 141 175 287 307 118 176 67 285 172 146 231 50 80 91 214 222 166 220 176 17 253 174 293 96 130 104 165 54 10 267 131 161 215 96 143 293 209 98 18 302 53 156 145 262 210 33 141 222 206 200 81 225 131 147 97 173 166 170 13 289 83 141 57 230 31 306 199 38 122 239 165 21 153 148 221 90 308 160 203 194 219 270 238 204 174 238 205 193 216 168 123 212 124 191 
84 292 235 18 279 92 257 227 108 300 136 161 239 299 177 76 246 280 204 18 66 13 22 284 273 244 41 297 218 75 232 74 70 271 180 299 201 93 230 133 228 22 33 257 234 95 215 88 68 51 67 259 113 63 73 157 302 10 245 282 114 47 229 122 282 55 22 10 247 192 113 202 48 174 246 120 306 240 32 281 108 282 146 229 160 112 238 104 307 79 28 38 196 210 21 238 64 137 285 234 256 88 229 154 104 74 245 131 183 140 297 214 183 11 18 94 78 103 52 149 212 268 266 138 135 266 233 198 141 167 196 12 201 299 23 112 145 105 307 154 54 89 130 220 56 309 63 303 199 59 204 190 54 123 266 77 103 293 281 292 148 34 156 308 77 220 227 44 194 151 176 216 238 157 102 134 135 44 265 235 88 86 66 61 212 29 141 308 65 193 296 77 297 191 198 177 176 35 257 159 87 224 99 198 111 34 275 73 204 120 307 56 299 271 65 274 115 199 43 111 280 109 132 120 13 288 91 300 23 104 217 169 208 272 94 239 149 223 127 25 228 137 215 290 119 154 51 14 297 247 288 117 36 236 27 294 167 243 278 144 228 239 94 229 250 275 147 236 253 11 291 13 282 95 11 86 25 51 286 204 208 151 100 154 282 88 242 50 203 139 202 38 106 168 169 204 248 109 83 276 
155 268 219 110 119 258 292 284 127 166 291 181 143 190 270 203 161 156 253 42 182 255 42 65 94 135 102 61 255 254 230 272 141 209 283 55 270 226 58 279 160 184 274 149 239 172 159 272 13 16 59 198 275 209 183 202 290 96 309 77 229 187 247 124 169 70 207 33 43 28 40 259 88 303 259 155 279 72 67 57 38 224 282 155 262 44 245 112 225 128 94 140 244 178 272 291 150 31 170 167 194 226 180 102 36 204 194 188 23 268 294 112 297 256 88 293 172 272 216 88 219 85 144 37 116 272 71 90 129 92 305 222 256 82 116 173 259 287 74 175 148 131 212 84 81 200 206 59 239 305 56 42 193 40 105 69 139 274 285 228 240 197 260 202 172 222 61 203 138 65 120 121 200 101 160 107 207 60 212 82 118 187 228 309 90 282 267 107 55 290 190 270 85 179 43 118 162 40 295 70 15 164 204 202 278 282 152 142 53 125 70 57 266 90 230 122 218 45 247 167 248 190 98 203 188 112 242 58 163 158 102 282 96 66 150 233 287 278 198 204 129 229 131 261 57 258 32 296 146 51 280 303 80 145 156 140 140 125 168 147 18 170 101 272 280 162 238 106 113 26 51 269 203 289 265 174 174 163 139 108 37 199 188 41 93 154 186 85 21 195 218 189 215 231 217 60 28 227 195 186 
119 160 62 235 106 110 30 47 213 277 290 225 283 140 245 117 39 223 306 97 111 212 276 188 290 160 210 157 63 187 43 13 181 81 257 24 294 202 167 44 115 205 267 104 237 140 244 308 148 115 241 292 47 218 178 194 124 247 276 300 233 249 216 198 84 121 126 80 223 203 276 135 163 17 216 61 146 214 133 30 30 130 55 147 100 167 148 298 173 279 215 48 287 169 107 230 159 181 103 44 273 156 236 61 222 283 54 167 254 158 112 206 304 68 43 26 294 233 61 294 103 240 195 286 228 151 123 69 250 55 182 239 221 224 153 273 198 169 37 251 297 120 169 200 135 89 175 20 157 135 115 286 132 146 55 222 192 151 298 50 42 309 167 186 139 189 149 160 45 145 121 264 76 192 243 286 65 125 185 74 238 244 156 88 83 249 304 87 243 69 246 13 270 270 164 293 257 142 97 189 126 273 233 187 82 54 227 209 85 304 82 228 152 46 121 281 124 166 222 169 238 225 272 243 174 33 83 191 137 295 229 298 86 255 71 219 40 298 101 288 292 118 10 73 140 208 34 27 140 307 57 117 96 119 196 296 279 192 234 73 234 272 224 299 308 54 133 85 296 232 97 217 96 196 180 61 137 278 266 158 222 121 192 99 266 135 130 103 116 238 131 282 33 281 220 245 60 198 292 68 
65 49 235 96 188 228 178 237 307 292 215 14 275 220 85 78 86 137 234 69 297 63 27 59 77 78 303 100 19 183 284 73 284 19 254 102 132 103 22 33 278 94 195 210 245 117 90 171 298 42 59 237 278 123 309 200 306 71 282 27 304 136 21 100 23 99 12 283 177 82 33 272 235 85 107 198 30 186 304 153 98 144 38 128 160 142 235 220 288 12 285 171 83 151 14 232 241 162 187 26 110 115 107 103 261 307 239 11 34 305 291 225 244 289 295 101 154 40 231 263 188 73 92 179 232 120 12 118 298 90 212 132 199 160 304 298 233 189 230 249 171 149 283 43 226 71 170 225 53 205 30 67 193 275 102 144 76 33 267 157 179 257 71 168 293 136 55 115 21 43 110 223 171 189 251 54 128 136 291 72 224 89 196 117 91 48 273 126 46 147 103 110 231 78 135 215 147 226 198 113 27 194 225 18 309 235 236 231 192 307 173 257 247 144 201 32 63 214 75 232 290 218 276 160 294 152 129 156 229 252 203 98 211 116 140 189 34 222 115 233 224 159 117 205 46 255 184 81 216 35 269 238 129 35 81 248 272 165 98 252 123 229 211 139 227 35 11 237 241 90 265 49 91 250 143 43 26 36 123 131 286 29 203 298 234 248 84 138 230 180 104 35 18 205 33 127 261 21 41 201 
206 207 305 254 190 219 127 208 266 104 128 264 74 258 240 37 150 178 151 85 159 245 163 12 253 96 219 79 193 132 60 226 14 140 54 49 176 154 293 11 126 140 216 60 303 104 70 158 267 78 287 170 116 120 149 100 109 14 251 298 61 39 78 136 227 228 299 25 301 127 257 205 143 155 307 220 29 294 95 30 123 162 100 160 248 53 116 250 245 239 283 149 135 26 128 254 24 100 233 231 77 154 282 282 200 96 88 136 269 272 44 72 266 148 165 152 99 304 142 27 165 251 273 19 10 129 30 285 286 89 152 239 213 207 257 205 157 41 53 291 98 297 293 38 18 151 131 93 205 149 89 134 153 258 114 53 179 299 88 104 183 27 120 112 144 202 22 151 219 233 296 190 88 247 309 224 153 251 247 96 171 212 238 248 102 105 201 287 161 270 94 60 154 10 241 271 135 272 201 31 101 279 14 32 207 213 210 267 218 259 199 56 88 269 260 52 151 198 236 144 236 57 159 44 287 167 250 291 145 299 141 134 299 189 11 170 284 299 34 43 106 157 111 199 113 109 245 139 184 146 121 276 12 261 116 53 183 260 156 77 226 180 208 223 85 70 55 84 306 198 306 171 256 120 109 270 164 238 299 141 130 122 129 57 130 156 49 159 17 115 171 120 126 164 184 99 44 294 89 141 
162 144 302 176 116 260 288 307 119 210 19 229 28 164 136 249 285 243 62 73 213 158 207 69 258 209 78 73 271 133 290 301 226 126 122 257 282 149 47 238 54 227 153 120 30 210 154 76 74 298 279 115 136 115 284 63 89 97 246 194 307 255 71 49 244 212 49 187 59 32 55 182 135 43 269 97 265 63 30 183 247 82 243 246 65 108 285 204 255 286 67 122 102 133 149 193 148 155 253 114 198 211 284 16 228 292 254 125 140 158 117 205 258 169 51 66 256 295 204 141 216 118 239 152 23 33 279 28 136 221 224 57 228 95 241 272 57 124 18 271 143 297 72 271 183 220 23 151 178 263 99 156 261 20 44 193 175 256 116 147 134 228 239 44 87 120 240 241 308 306 19 244 235 147 217 197 228 208 159 279 241 300 99 217 74 296 55 188 112 235 119 94 62 138 62 181 129 291 195 103 195 186 206 128 227 240 180 290 27 156 83 77 72 58 71 19 165 237 128 294 165 168 53 204 66 201 308 141 150 110 255 299 29 160 179 14 303 240 27 219 176 167 270 239 236 189 185 11 144 281 275 102 42 153 282 173 292 212 47 75 56 111 76 125 79 240 157 99 131 279 24 103 297 99 86 269 51 245 279 301 10 83 23 249 300 220 242 286 76 250 69 40 169 228 214 64 212 190 150 54 
52 17 209 91 244 119 209 212 172 42 30 288 60 143 26 43 134 231 173 119 16 109 247 135 253 295 65 97 88 86 280 92 121 250 56 18 28 147 44 120 304 96 14 192 284 250 82 67 24 212 14 135 274 232 213 298 114 107 156 123 127 220 296 200 139 306 173 281 94 251 147 284 261 219 15 30 237 202 52 109 222 293 114 159 173 79 246 41 42 131 156 167 282 36 198 171 180 78 10 64 241 211 57 173 69 228 117 270 64 248 307 102 165 197 85 138 262 90 184 85 300 229 101 213 228 122 170 241 202 224 214 10 101 63 304 191 232 133 75 207 143 88 81 218 261 116 179 77 251 89 113 190 133 196 231 164 73 55 183 149 273 33 272 152 66 87 302 53 300 211 246 26 41 103 220 133 100 274 184 103 83 48 142 259 28 92 254 20 18 21 66 11 67 230 273 45 157 247 20 247 199 75 126 35 58 123 26 33 84 27 91 238 291 87 31 165 285 77 149 234 258 126 295 184 178 69 45 106 157 287 278 70 237 199 111 201 55 294 289 281 192 127 194 187 237 79 296 223 48 111 33 18 17 88 302 64 274 40 179 206 243 303 251 258 192 193 269 180 51 142 213 207 13 198 155 288 80 42 68 226 74 50 159 139 248 77 139 90 297 294 245 274 217 172 65 218 298 228 135 53 
130 245 32 119 49 224 211 129 304 309 137 302 262 218 12 126 98 11 178 71 209 182 109 62 113 120 134 171 191 179 51 160 169 29 257 103 114 125 230 293 258 201 109 190 25 72 187 27 239 124 74 95 246 58 144 181 95 157 91 72 189 216 27 160 175 68 55 208 200 250 51 153 49 180 309 266 153 298 211 217 44 31 240 53 18 305 190 263 281 137 24 22 290 278 76 206 180 153 115 169 41 281 251 268 81 232 153 84 80 281 115 92 176 164 140 77 219 303 59 37 93 134 204 292 233 201 45 177 280 224 177 187 155 304 111 163 19 284 72 237 154 78 300 277 27 271 90 76 152 36 299 215 107 270 161 263 171 153 56 38 132 233 69 41 66 161 245 46 54 83 220 92 97 171 170 48 185 112 194 198 134 284 93 105 197 151 69 223 67 34 131 148 287 20 34 113 76 70 205 84 142 59 167 54 115 110 233 44 267 167 207 298 155 291 194 201 265 128 165 263 161 212 295 188 258 37 309 31 303 305 49 38 100 23 242 242 88 46 164 90 116 164 42 37 22 69 262 226 274 169 65 20 109 119 176 98 220 52 46 60 75 248 268 23 202 99 221 274 306 258 281 105 269 279 259 186 16 30 189 158 49 294 209 37 76 120 274 173 209 49 217 308 126 74 221 212 123 299 171 214 
207 296 230 298 261 236 210 54 99 251 139 129 309 235 89 63 269 309 257 302 53 228 82 154 242 58 209 68 128 279 210 67 74 39 232 101 252 43 195 61 42 170 43 136 202 308 48 221 176 283 160 60 81 106 121 187 18 142 232 80 47 279 308 241 100 231 43 269 98 225 137 62 261 64 39 259 304 309 219 276 298 39 128 184 112 177 29 34 159 133 29 27 235 155 226 155 56 216 222 182 252 184 146 125 221 38 165 73 152 154 154 300 210 67 238 33 194 91 163 300 116 103 106 210 76 211 72 302 290 38 267 13 125 278 116 56 193 198 66 275 177 71 189 304 268 129 235 88 236 174 191 193 217 156 309 289 219 135 178 145 266 305 40 222 257 273 128 100 29 182 217 89 140 273 148 308 273 247 306 25 45 140 73 196 138 265 283 47 135 64 295 193 121 225 46 29 285 59 117 80 158 93 304 90 95 218 242 137 136 15 102 39 217 147 253 269 296 64 12 61 29 280 61 226 306 238 257 140 304 134 205 121 287 298 309 282 260 115 268 195 45 52 214 218 117 273 62 41 154 54 284 158 195 85 30 263 118 285 113 94 174 84 134 62 304 67 121 126 179 225 178 21 137 150 35 176 264 73 218 20 189 303 154 31 27 29 15 100 27 132 225 177 79 172 229 209 237 199 200 174 
290 54 272 132 155 160 129 14 110 122 159 285 251 12 84 191 45 242 244 74 87 220 211 37 36 182 138 114 63 94 106 133 227 92 242 16 159 36 228 195 100 110 274 189 306 211 68 75 95 206 132 93 162 150 285 183 221 210 197 35 101 16 203 68 122 142 195 68 49 197 267 265 72 308 206 60 130 166 171 143 23 251 153 140 158 124 268 307 136 35 190 233 184 29 158 234 293 127 97 160 274 127 19 100 165 236 221 164 209 303 197 214 64 88 225 208 261 108 19 264 115 120 124 82 255 161 308 180 198 149 162 37 125 11 129 301 72 298 301 180 177 156 85 29 219 245 193 161 71 136 232 199 117 74 260 162 166 308 129 41 12 195 259 51 71 227 39 188 19 78 15 22 10 215 77 255 47 197 85 102 226 238 137 243 98 258 211 25 85 30 229 214 112 265 276 193 294 192 297 240 157 113 287 147 162 242 83 281 72 306 248 279 184 213 100 257 175 280 274 130 89 188 56 183 201 275 188 96 221 118 157 229 102 281 125 118 167 164 152 122 243 43 152 145 140 57 223 89 91 196 172 45 201 172 25 223 75 57 293 136 121 154 273 217 27 283 193 108 36 269 236 247 270 268 19 128 307 30 146 146 255 183 40 247 53 239 90 135 126 27 101 56 244 274 103 85 71 36 70 228 
126 249 123 19 95 218 122 295 204 260 15 224 197 59 305 184 58 214 173 74 211 13 17 248 117 24 205 280 98 298 161 231 304 292 268 291 254 215 57 55 131 75 204 245 251 297 80 211 71 252 199 225 277 263 193 173 212 178 48 264 269 218 154 108 182 222 269 239 106 228 204 255 200 199 67 18 105 18 161 93 196 172 131 255 133 206 36 267 146 46 27 129 71 225 289 296 16 223 20 62 111 277 62 88 132 256 86 82 109 289 68 65 10 128 303 229 85 16 244 73 246 234 184 24 52 226 130 67 243 183 222 153 153 299 189 50 262 270 50 126 81 61 104 140 140 206 281 266 31 86 59 276 120 116 189 17 293 180 188 104 210 186 278 291 181 240 55 44 303 297 18 269 161 304 62 37 18 92 70 243 203 261 150 299 184 295 287 39 229 265 232 228 73 117 30 217 302 170 53 282 77 58 52 53 115 197 219 181 61 33 246 228 51 28 237 175 135 43 258 243 164 136 50 102 237 258 284 26 252 303 199 17 219 271 114 238 213 240 37 240 60 213 185 44 197 194 59 11 148 164 250 304 291 265 50 299 249 259 89 239 132 269 24 241 242 26 209 17 10 112 200 53 151 180 271 308 85 81 210 252 240 158 150 23 101 140 224 226 233 98 61 300 65 115 282 289 172 269 205 302 
231 243 214 68 50 114 219 259 121 28 236 218 210 225 80 292 78 201 52 36 30 157 284 76 307 268 243 134 75 222 10 260 55 280 133 75 282 227 182 26 275 86 34 272 230 201 198 258 102 164 301 189 219 246 214 91 74 242 168 124 202 131 268 288 158 116 103 99 186 299 120 65 210 225 24 215 188 50 133 161 282 233 124 116 128 47 110 299 243 160 269 14 10 46 258 102 148 225 150 15 279 307 225 219 283 28 46 154 249 204 85 230 285 24 193 157 262 199 234 201 185 34 245 168 137 114 65 276 258 100 159 97 219 257 61 88 81 263 124 42 156 92 21 121 76 105 136 62 104 78 216 232 169 120 146 155 199 215 141 245 115 117 265 29 80 162 159 269 184 278 69 166 297 276 279 241 281 157 296 280 82 127 124 210 254 58 78 219 86 124 10 163 175 64 258 104 46 27 56 242 268 305 14 59 69 17 33 263 286 210 275 46 137 252 232 147 32 304 266 11 240 223 164 11 223 14 244 254 43 158 161 114 238 124 275 92 151 12 96 174 207 213 155 126 115 60 279 248 87 30 54 24 108 187 98 28 38 253 188 50 181 229 211 118 157 264 56 211 164 115 12 195 86 127 177 28 251 187 140 37 264 289 238 21 151 25 45 238 160 87 170 41 176 174 57 173 221 103 217 201 
274 188 168 30 129 262 97 305 14 306 32 197 238 83 37 279 175 75 141 299 158 166 126 114 290 167 78 160 283 234 233 188 95 54 150 10 168 112 194 249 26 51 239 105 146 297 289 142 266 246 58 249 263 92 175 262 233 275 25 15 94 102 269 276 114 168 180 292 29 188 34 155 214 223 145 24 214 300 48 65 184 178 136 156 131 184 227 88 288 297 223 97 31 61 73 236 100 120 19 51 138 45 31 164 222 58 73 43 272 206 27 144 236 239 155 145 219 38 208 269 88 271 260 58 300 57 285 285 300 129 231 292 42 193 226 123 135 121 253 141 172 281 154 280 106 270 262 163 270 269 299 221 208 292 132 72 235 208 25 47 202 215 248 206 254 19 107 217 284 78 79 123 60 172 212 217 26 169 74 216 64 143 100 199 300 228 270 104 131 156 204 149 210 198 305 214 81 163 286 173 145 259 148 148 14 274 171 170 137 74 147 265 101 271 198 304 129 239 276 113 213 220 284 95 37 94 176 287 191 77 58 96 139 94 100 202 105 69 153 132 90 151 137 264 18 49 235 139 305 257 184 40 32 35 15 298 242 87 135 126 280 165 309 57 265 113 270 158 266 248 167 199 249 166 203 125 306 153 101 285 150 110 303 296 268 191 98 142 94 257 295 19 41 11 305 110 131 275 68 18 
56 123 77 78 190 50 179 48 186 112 77 293 64 191 245 103 262 251 189 286 76 89 304 145 157 151 71 108 262 107 140 138 231 218 94 181 202 67 195 56 277 132 95 24 122 226 86 281 17 35 195 63 144 93 13 209 177 234 114 149 189 303 99 98 275 141 124 261 249 280 288 133 255 270 243 245 48 140 145 208 297 139 114 81 106 50 12 270 175 258 268 105 224 86 265 268 133 16 253 146 173 51 166 252 160 34 56 233 74 258 307 281 294 79 124 218 75 237 123 49 90 236 43 155 55 280 58 111 44 115 290 203 164 175 136 45 261 213 263 268 81 102 196 126 97 120 262 133 14 264 75 153 219 69 145 284 151 241 301 13 177 26 295 209 153 76 180 263 85 77 140 241 156 62 104 23 185 72 148 184 259 241 32 115 56 131 260 252 191 189 223 283 27 153 116 43 253 82 44 119 124 248 155 81 35 256 159 76 38 264 89 44 195 74 293 258 220 252 29 126 132 280 88 288 286 81 152 98 250 49 281 80 63 224 156 159 31 74 161 116 225 272 47 20 149 141 164 132 263 242 215 146 109 198 296 52 238 112 61 202 114 302 215 43 249 295 51 120 35 67 277 127 81 25 300 265 29 45 51 238 61 227 200 262 234 164 183 257 64 32 213 162 225 227 302 287 222 24 27 216 
215 286 280 54 167 61 17 134 251 157 63 74 155 82 282 263 267 292 189 108 307 303 101 286 270 213 69 221 255 295 197 106 87 13 10 265 69 74 50 96 212 283 48 92 45 63 250 144 177 267 289 236 35 243 41 263 117 149 217 277 42 39 93 222 208 167 179 283 41 134 139 122 20 26 154 35 289 42 212 242 179 38 132 259 181 214 96 185 182 117 247 110 246 70 263 173 181 92 134 57 194 231 111 57 57 154 132 236 149 242 160 36 97 183 266 221 104 130 256 83 54 139 93 264 184 51 211 107 23 172 29 94 269 268 143 257 125 267 76 223 40 233 241 276 304 184 243 59 292 254 23 202 236 129 31 45 74 26 128 111 25 183 246 291 301 133 103 49 95 65 240 207 143 303 256 154 179 219 51 297 193 30 190 154 144 105 107 10 59 23 255 282 59 273 78 67 186 93 43 202 155 249 89 128 264 218 258 303 86 134 17 150 152 181 205 294 167 114 63 14 212 286 224 123 41 51 153 167 49 34 267 223 170 281 219 283 74 195 84 231 94 104 34 159 208 121 231 18 11 303 120 263 231 240 151 143 164 259 266 95 308 55 35 229 183 258 133 260 270 202 129 149 53 105 102 87 262 105 154 231 291 186 62 121 278 123 36 94 35 106 51 174 114 172 290 179 147 76 237 302 
10 219 204 182 26 145 289 123 73 73 244 277 200 274 13 249 277 228 170 267 70 33 242 21 272 250 33 234 28 264 237 178 149 115 276 189 250 195 199 211 65 182 194 39 276 279 233 123 78 192 295 294 266 46 48 111 88 67 112 69 304 180 210 80 67 164 62 107 111 165 171 254 290 134 180 242 34 41 149 50 160 137 305 48 294 51 109 241 61 288 99 93 131 186 204 23 41 232 34 180 304 159 219 144 61 286 302 253 71 72 295 123 64 133 49 77 306 118 273 98 183 89 186 94 139 305 171 215 110 29 152 223 70 79 121 267 185 38 175 145 289 112 273 161 191 298 294 201 131 285 19 163 211 199 216 99 242 60 62 253 106 181 192 60 259 94 94 160 130 43 105 298 11 233 220 273 38 234 30 14 144 19 69 303 60 292 218 173 163 277 170 293 22 299 85 192 269 308 25 157 261 267 46 199 126 76 79 294 65 124 63 119 165 155 241 115 106 261 144 59 203 107 119 178 49 306 85 23 276 53 172 114 269 160 43 176 112 211 96 281 290 135 254 290 223 295 96 15 258 147 198 206 241 274 241 13 103 276 258 300 131 30 93 243 142 120 160 266 184 207 49 114 295 81 251 79 293 302 26 242 215 205 100 170 133 62 200 257 96 32 65 76 166 301 86 115 193 97 44 145 
274 169 59 232 255 125 22 275 163 208 298 165 273 74 230 46 284 191 68 159 169 146 213 278 89 36 281 54 33 50 101 96 291 163 110 231 43 115 251 78 197 145 78 271 57 308 279 238 172 145 80 262 89 138 68 275 89 125 114 249 198 126 85 44 118 223 130 65 222 211 113 291 40 73 68 109 182 78 300 259 156 272 281 131 153 276 212 43 97 102 59 140 157 119 237 85 119 84 211 243 220 25 101 227 143 256 45 47 264 300 161 25 73 256 183 54 284 48 282 97 157 158 190 26 233 240 189 294 307 73 48 68 225 81 128 105 143 187 85 248 244 278 118 263 137 45 266 46 170 86 234 226 57 120 285 264 118 113 220 47 165 224 142 162 54 124 259 154 46 124 167 128 56 160 10 306 207 151 218 276 123 174 44 129 230 82 294 201 60 14 100 65 25 300 65 277 186 276 81 174 110 60 41 32 167 78 135 93 255 55 190 271 152 177 308 211 155 235 266 142 140 231 283 244 99 261 221 18 225 210 233 272 103 20 93 60 134 148 139 173 230 99 75 216 96 309 73 215 121 135 56 147 161 204 278 283 208 235 86 81 208 183 106 265 135 58 180 67 47 266 291 202 191 129 201 22 51 268 208 262 227 270 122 71 128 189 145 259 51 150 307 289 262 65 13 208 296 32 294 102 
85 244 279 239 78 19 64 286 178 196 237 43 221 164 58 154 67 155 32 119 273 62 265 251 212 110 218 97 90 60 263 104 124 178 274 121 108 279 100 200 32 59 100 295 59 301 129 65 237 120 38 120 61 31 280 38 108 252 105 74 291 132 186 166 173 245 142 59 308 247 144 143 161 63 125 58 110 37 67 128 191 253 53 294 119 245 208 175 300 277 181 245 29 131 233 244 195 235 25 138 218 265 169 155 278 102 59 111 253 289 108 258 275 107 283 176 255 161 205 245 27 252 36 30 303 40 174 213 286 294 292 13 23 36 188 130 186 119 271 247 181 107 227 60 64 144 153 46 62 233 166 189 94 92 12 290 262 13 150 141 35 276 63 85 85 100 278 53 53 302 181 225 228 240 266 298 194 50 211 289 75 214 57 207 264 163 10 25 297 165 41 86 225 255 210 25 79 89 222 271 276 290 197 18 244 173 171 223 165 52 56 233 206 257 112 50 229 144 209 206 244 208 258 129 136 285 260 114 222 143 207 214 209 173 11 69 189 116 259 247 102 265 142 141 180 80 200 235 46 299 251 149 120 90 123 45 41 40 158 272 112 26 188 174 107 254 71 163 229 219 14 171 261 83 39 258 132 133 65 161 161 72 191 244 283 159 18 96 275 103 72 194 124 38 190 200 11 153 176 92 
18 224 159 55 156 285 308 196 10 266 214 225 53 23 36 284 171 291 204 234 202 210 218 281 79 47 209 300 167 238 147 23 180 45 220 246 65 163 261 78 175 161 297 142 159 164 19 76 68 231 41 208 179 13 204 108 71 49 77 33 10 194 56 160 153 225 291 153 259 193 129 132 62 197 28 257 113 220 120 126 301 121 156 149 92 212 54 160 214 209 62 187 268 219 295 21 255 304 237 71 107 167 98 63 51 254 228 165 210 129 10 186 206 302 251 219 292 155 111 192 228 53 35 176 302 62 143 123 13 126 126 189 268 189 138 115 306 12 121 159 238 116 11 249 103 151 228 31 16 74 276 269 243 110 305 297 299 56 266 165 268 263 162 218 34 251 242 171 96 179 130 219 50 254 297 179 221 70 128 64 138 49 265 230 205 109 48 213 239 11 50 81 35 187 220 295 221 289 286 124 204 267 53 80 257 229 97 283 231 169 291 43 121 308 250 252 102 40 212 238 167 25 132 279 10 70 177 12 278 291 70 173 191 284 256 39 267 111 295 142 285 82 197 95 161 164 55 123 100 297 81 212 286 108 172 112 169 116 114 120 276 94 109 91 164 38 140 147 249 154 23 175 280 147 61 30 179 43 123 34 45 35 274 100 264 54 245 72 29 261 12 92 51 280 41 258 139 201 277 281 
298 124 136 211 223 267 237 16 90 222 251 22 193 10 185 58 94 305 53 154 253 241 62 27 268 219 256 229 244 113 243 140 274 39 176 85 98 241 11 114 38 226 23 226 78 245 36 161 199 119 10 198 49 220 151 246 86 257 63 196 256 279 281 149 130 165 137 106 205 271 240 44 232 93 243 195 46 294 92 214 127 71 21 286 238 135 206 264 257 196 262 32 22 33 240 256 113 217 132 58 85 288 87 45 303 217 167 153 20 108 152 144 227 149 10 68 183 116 156 282 262 214 64 13 74 148 105 232 99 291 129 264 125 92 150 182 247 33 271 195 105 175 86 100 270 25 221 240 29 193 201 64 80 109 243 286 21 257 61 206 192 167 279 89 90 211 163 246 289 228 82 125 12 211 32 258 24 119 17 171 126 96 309 125 111 260 253 244 114 159 135 265 125 73 60 104 223 141 96 250 280 208 253 220 301 32 267 249 153 167 148 68 108 55 120 274 192 159 103 119 117 189 186 186 225 221 194 290 144 146 255 29 300 124 216 68 172 222 235 61 214 121 84 148 86 165 241 278 114 17 189 14 207 77 277 304 81 235 130 130 253 251 184 48 289 276 63 124 178 294 252 175 194 149 246 35 81 49 285 126 265 60 190 109 235 154 309 44 39 91 100 289 27 182 165 23 252 48 233 225 
274 294 170 63 106 267 146 124 60 169 300 65 265 263 80 225 69 116 86 153 49 282 56 130 89 232 13 297 52 172 56 174 200 235 208 16 92 176 11 56 199 116 170 100 223 14 109 190 85 58 12 140 15 178 269 130 139 126 47 303 82 96 78 288 205 230 259 55 90 118 90 106 23 46 51 126 214 22 86 235 104 42 231 101 272 36 200 105 222 150 56 32 61 16 36 155 116 53 283 119 264 294 120 163 298 215 99 96 39 37 207 273 125 227 54 23 280 261 93 110 29 230 168 297 73 180 150 202 269 250 212 245 240 249 155 219 271 11 141 86 92 232 184 183 261 205 199 251 231 271 48 210 292 116 143 205 226 181 127 34 185 291 46 253 40 109 68 273 31 122 74 295 99 259 252 290 299 133 16 120 246 236 281 40 260 166 12 149 161 29 161 258 55 22 288 126 48 220 22 101 248 232 134 216 80 55 233 190 139 101 261 291 167 143 264 213 56 263 80 84 141 185 66 194 155 178 12 301 206 173 67 184 201 30 189 228 145 234 265 154 229 166 260 279 273 87 20 148 216 90 52 120 30 290 75 100 234 67 128 273 20 76 133 246 114 162 146 72 172 130 209 94 190 280 140 25 165 122 262 270 53 33 66 90 249 267 208 74 123 256 49 195 25 252 309 46 92 13 215 143 
197 25 177 163 25 100 232 261 209 11 86 179 93 207 302 120 149 23 273 88 94 119 222 110 250 275 171 293 282 132 274 62 18 217 136 153 14 308 37 42 96 34 176 82 107 92 274 158 142 80 193 55 299 123 237 119 50 300 243 27 208 265 40 173 129 17 240 163 114 26 227 213 183 87 36 128 108 304 200 43 269 109 49 263 171 100 48 213 277 195 140 67 243 126 33 43 50 288 127 302 296 300 42 77 181 50 21 104 158 87 233 272 197 161 173 39 17 187 281 141 143 16 127 205 202 262 240 264 263 108 222 86 304 16 125 263 138 115 276 107 292 54 198 33 258 274 153 219 190 114 262 75 125 63 93 174 177 80 187 286 146 104 137 34 267 121 58 254 222 226 297 172 195 247 52 137 140 31 157 245 20 110 259 10 190 88 108 82 141 194 36 114 270 16 239 210 220 94 155 259 270 107 132 44 193 143 30 184 100 132 181 67 86 175 106 203 71 156 32 140 177 211 184 115 304 304 46 251 79 185 105 10 73 67 285 239 292 218 226 35 117 293 132 273 173 138 41 161 190 149 279 173 113 139 167 175 74 240 128 33 104 169 196 262 224 96 243 284 144 245 82 274 32 146 211 164 115 157 306 21 70 32 79 272 121 86 188 170 171 280 110 243 300 126 87 163 205 131 184 275 
207 230 100 272 252 235 202 275 87 30 143 42 124 286 185 210 186 56 57 73 180 196 304 270 182 264 244 118 262 161 234 221 291 147 157 262 105 93 209 87 213 279 200 241 98 37 169 94 103 221 248 308 179 209 142 81 47 291 161 55 171 88 10 234 180 298 264 231 87 162 124 152 294 98 131 89 127 199 155 109 81 185 78 126 143 85 71 117 98 83 43 25 98 34 211 201 68 121 39 60 119 135 22 197 105 209 119 152 111 263 55 147 235 252 295 268 208 177 97 90 119 81 162 205 141 198 195 19 265 51 64 217 184 125 300 55 270 102 155 51 178 140 100 271 165 22 187 165 303 154 10 155 306 87 258 295 91 163 32 288 222 188 296 229 126 254 10 301 25 100 300 164 85 220 108 22 143 96 10 206 255 130 87 272 300 74 110 118 269 195 87 183 104 199 227 212 86 196 256 252 15 123 82 227 48 178 281 11 158 40 223 70 148 139 92 246 152 47 100 222 22 145 104 156 186 86 249 244 63 41 158 296 163 123 269 235 45 70 12 259 105 219 223 162 267 60 272 285 258 40 278 80 58 273 187 96 188 44 262 222 285 263 28 228 206 152 128 37 150 32 76 193 128 266 210 42 19 220 65 72 227 55 165 188 250 127 52 35 174 137 233 269 145 213 293 220 291 62 101 41 
130 20 139 82 116 307 84 293 76 237 125 200 78 190 84 265 28 235 142 12 21 229 131 163 26 194 38 17 242 269 162 178 50 302 47 202 164 108 153 259 71 134 297 165 107 115 265 88 23 141 215 104 84 81 264 244 308 128 263 203 295 21 288 272 132 298 173 100 152 160 56 106 94 55 309 206 191 292 102 224 52 137 85 66 96 219 244 105 167 246 24 237 267 234 262 68 299 108 105 301 33 59 74 255 140 60 140 135 249 87 97 234 301 199 284 291 200 236 215 266 304 300 196 52 181 153 238 238 28 48 187 136 142 128 187 289 222 57 296 73 81 95 52 198 281 220 98 47 284 124 60 34 118 54 109 255 77 292 134 241 229 118 279 242 55 261 47 278 218 34 263 148 64 44 139 223 264 170 166 109 116 276 101 177 302 224 309 195 136 260 76 30 305 31 232 130 128 13 42 50 203 31 82 59 84 130 136 105 219 238 247 157 109 78 192 253 207 107 165 292 253 270 158 281 188 217 179 289 298 308 95 158 277 236 181 251 144 309 254 133 273 297 286 17 186 288 258 239 285 113 197 141 301 196 177 225 39 222 244 42 108 98 36 78 237 153 108 303 217 77 76 51 18 65 247 282 179 192 30 78 276 39 112 247 58 180 200 186 245 240 67 290 183 207 291 77 106 35 262 240 
161 190 87 94 107 80 250 127 237 244 306 296 121 129 172 17 58 297 65 13 154 181 44 277 289 252 265 179 137 116 233 257 11 304 143 23 219 57 230 94 182 231 120 113 219 108 123 203 72 150 178 142 147 72 154 182 77 151 57 234 276 46 159 96 11 176 235 22 194 131 49 203 253 301 213 74 230 50 266 231 217 113 116 136 27 20 166 194 68 89 177 212 33 259 201 198 286 192 125 194 305 152 213 211 59 305 57 179 111 181 253 131 256 57 259 148 194 215 168 276 68 50 67 209 112 237 239 49 103 241 143 207 15 251 23 153 130 293 64 19 45 39 260 243 297 50 223 153 144 64 200 33 88 147 72 214 107 274 104 177 274 108 158 182 148 40 27 171 301 112 182 75 212 146 142 180 124 96 59 20 202 187 22 208 156 194 276 134 116 188 18 81 292 275 106 199 228 151 96 110 221 78 262 22 53 241 280 230 70 27 257 272 251 124 14 218 277 41 163 275 190 38 151 102 60 264 31 161 268 28 288 292 181 267 157 289 67 76 242 20 306 211 211 126 172 191 43 291 130 263 225 26 146 168 164 56 290 254 73 193 247 231 77 49 53 160 291 295 286 218 244 250 257 12 14 54 304 292 94 158 11 171 149 269 95 305 201 161 211 60 179 282 170 36 228 181 121 99 24 21 
234 21 194 266 250 231 98 51 151 111 307 159 124 11 101 112 241 191 261 184 22 64 202 269 268 203 189 199 278 93 188 267 264 116 48 249 29 294 198 238 277 81 10 275 118 290 11 287 253 285 298 59 75 213 226 186 305 72 95 87 295 86 46 292 191 287 285 122 214 98 120 258 207 248 78 262 25 184 179 244 257 159 146 99 263 283 75 256 69 100 104 138 124 151 35 81 156 99 70 151 174 172 238 16 128 113 181 280 179 265 211 66 243 38 166 119 56 286 241 159 245 57 90 284 294 226 264 137 130 162 155 204 16 242 261 167 88 89 101 263 266 73 282 119 99 88 302 80 105 198 219 233 244 301 114 96 176 53 306 229 245 241 276 198 96 234 73 264 132 270 11 226 217 12 267 63 200 134 150 45 103 95 10 239 142 66 160 55 290 166 40 208 261 248 25 249 283 306 21 79 95 302 103 215 37 286 247 284 222 244 61 223 24 85 283 96 40 306 260 116 165 71 49 23 99 176 145 84 52 284 195 175 245 275 220 122 44 299 274 19 233 35 41 93 183 240 107 113 101 19 137 272 108 203 84 142 110 299 133 272 27 187 149 40 43 103 228 81 304 251 100 271 298 209 44 44 244 132 193 225 117 127 233 126 171 62 34 24 138 278 105 120 44 38 12 188 144 241 77 161 
257 211 48 225 176 148 115 104 80 102 184 254 108 225 106 55 219 147 223 221 256 154 101 309 80 127 280 120 164 297 272 77 121 209 212 28 251 250 18 240 42 248 63 148 255 29 305 307 294 228 279 142 163 182 141 231 195 37 17 231 83 26 69 282 163 146 54 218 208 97 232 129 294 212 279 280 202 71 130 141 215 132 34 151 155 165 169 213 55 188 194 203 42 234 80 303 224 187 307 287 54 84 31 122 77 156 188 246 283 227 168 285 15 291 287 271 157 261 12 291 42 296 285 144 41 140 132 242 125 159 39 288 93 290 69 144 242 86 46 65 300 29 293 181 36 269 243 283 20 37 255 114 47 13 128 287 210 216 279 307 31 125 89 97 25 209 287 290 89 296 80 114 212 85 95 106 33 59 142 23 124 13 234 130 306 88 272 20 39 279 87 183 54 47 167 177 79 52 249 201 259 256 56 128 207 155 291 147 270 255 128 186 109 189 69 234 268 167 297 190 183 263 113 258 280 284 251 121 43 111 302 57 207 93 104 132 170 283 145 298 128 150 181 256 280 17 35 223 160 163 54 133 286 49 101 95 243 95 254 40 231 226 284 209 61 171 261 42 212 157 209 59 94 36 184 210 200 93 62 172 51 156 133 279 193 73 278 167 254 206 196 307 57 153 213 186 102 218 303 129 
238 186 290 139 101 170 22 216 262 301 164 262 23 259 124 277 207 48 62 53 138 172 97 150 60 300 198 55 217 130 169 25 282 256 245 54 95 142 151 61 184 169 242 81 206 178 288 70 192 268 19 270 226 249 248 188 176 187 67 125 270 231 73 252 174 241 155 159 98 274 99 230 53 177 284 124 36 227 189 292 309 115 206 114 198 193 42 197 134 151 268 43 141 113 265 251 106 159 281 151 214 220 294 90 274 53 229 227 163 245 194 231 45 15 31 116 10 24 179 78 189 278 68 202 151 68 262 261 128 180 78 33 153 134 100 74 121 42 107 168 17 171 141 36 16 246 53 52 167 27 91 87 130 69 121 197 35 120 220 39 86 154 217 186 41 267 120 166 61 302 264 96 269 47 68 279 167 166 90 35 180 188 14 207 135 277 33 301 37 257 63 72 92 83 53 193 45 71 59 77 286 175 265 270 272 244 220 87 69 117 140 157 42 24 156 111 14 164 197 290 50 268 54 162 144 114 299 247 282 230 57 108 221 183 198 256 21 266 77 213 258 190 292 13 87 52 192 127 103 248 29 83 105 203 91 45 144 215 119 248 243 123 294 82 49 168 171 258 156 249 87 100 95 189 286 272 97 286 167 242 132 60 124 141 19 51 40 306 83 230 197 171 296 36 49 15 114 252 107 257 
230 61 70 217 135 38 250 246 100 40 233 132 63 43 240 263 46 297 206 261 182 123 201 29 157 12 308 49 293 137 87 173 273 38 49 188 98 205 127 153 262 128 242 34 83 95 179 258 92 24 196 277 56 238 22 209 187 168 89 78 184 78 144 301 228 44 281 292 96 78 222 252 237 296 114 240 241 27 134 105 36 79 56 15 149 71 37 44 189 78 185 190 122 43 95 141 212 179 230 237 238 25 152 41 49 86 176 129 48 99 85 161 171 280 196 295 233 262 42 101 80 87 256 230 92 284 247 239 159 275 260 20 191 262 55 229 268 44 21 146 240 51 264 122 68 106 102 55 309 139 221 57 119 271 30 166 52 165 91 40 276 128 106 293 56 157 159 127 148 77 17 218 21 43 254 223 39 36 292 230 236 242 274 263 214 207 174 89 213 138 106 39 119 167 106 235 187 127 210 92 280 261 96 166 284 247 260 177 181 284 222 142 238 128 124 113 113 101 157 51 252 231 221 230 121 86 102 147 174 298 106 51 73 268 298 138 252 219 42 167 197 125 154 304 100 167 181 136 113 58 87 26 139 60 124 85 225 147 103 288 133 87 232 309 42 238 294 133 278 31 144 86 271 271 182 55 133 116 271 206 253 187 72 175 241 221 151 285 51 40 293 75 270 123 160 305 283 43 98 179 
273 203 162 297 195 62 172 155 45 276 79 203 17 55 192 25 83 191 126 114 68 159 52 180 259 49 82 60 104 119 88 293 77 204 216 177 10 275 258 58 73 302 236 82 202 133 226 150 187 96 192 199 255 259 203 34 300 92 142 230 58 170 249 83 194 152 105 269 99 12 181 238 244 25 100 136 282 191 296 22 168 213 214 141 132 263 167 26 219 262 271 114 72 96 101 112 21 249 290 198 59 250 280 95 118 299 109 269 244 96 288 166 306 135 309 147 136 61 140 299 238 250 55 249 90 266 267 305 149 241 147 156 128 157 269 122 248 187 260 188 249 116 295 70 306 268 146 134 77 240 250 126 176 127 228 250 197 110 172 206 198 230 272 246 292 38 294 198 281 73 65 45 43 114 109 137 303 134 48 257 182 152 65 130 110 87 251 70 124 198 181 217 17 94 80 213 115 295 108 97 161 216 92 29 109 56 297 36 157 40 258 13 184 149 285 64 247 265 163 36 15 256 192 269 281 299 277 136 35 98 63 244 224 302 261 172 280 73 25 22 92 305 139 106 165 15 217 35 55 249 66 117 155 250 173 112 162 120 249 76 142 309 251 197 271 54 211 145 267 262 63 108 29 267 140 279 16 234 302 208 198 75 106 289 11 174 298 87 192 221 73 264 132 66 232 32 193 53 204 161 
222 149 120 265 212 145 129 217 274 54 188 39 233 295 288 99 159 290 41 193 232 309 77 137 247 132 69 249 247 57 150 139 245 127 272 154 183 171 130 115 85 91 287 307 79 178 200 71 156 57 216 255 137 146 77 243 273 102 263 39 16 207 49 308 249 292 198 295 112 97 282 70 143 190 287 117 117 38 186 71 65 303 201 152 292 171 208 101 309 42 182 218 144 27 155 100 53 133 16 227 162 287 283 89 188 197 39 196 121 40 242 268 34 115 249 189 40 208 191 72 200 279 202 227 303 226 207 58 93 176 44 119 194 257 11 121 166 89 104 61 97 100 247 41 284 19 147 261 221 230 134 223 133 41 263 162 230 158 128 162 46 42 71 194 294 203 103 54 71 79 142 223 209 215 306 244 81 106 121 253 103 123 233 263 40 88 112 78 52 92 299 238 203 188 225 201 276 305 179 15 143 42 249 147 84 295 107 201 308 160 297 77 83 292 200 207 265 244 30 184 193 185 84 279 232 269 34 243 220 224 14 208 64 117 29 156 273 102 258 281 18 106 40 164 184 89 203 12 133 201 105 19 174 72 67 60 78 68 61 17 161 202 34 111 164 246 81 32 99 115 119 192 249 226 282 239 58 283 129 309 143 216 57 40 206 68 87 122 232 207 12 175 267 168 53 173 147 304 215 112 
199 89 173 181 280 141 127 217 254 124 51 103 240 43 178 130 197 175 102 120 30 137 189 128 198 295 72 53 99 158 73 58 283 202 53 137 35 199 14 71 47 146 265 70 14 71 295 298 52 76 222 12 121 106 201 108 279 41 43 81 182 50 268 158 219 177 80 23 219 153 221 196 237 195 215 197 235 121 74 308 133 202 144 162 227 65 92 76 25 12 74 65 203 47 183 19 265 186 127 44 11 181 26 213 93 37 100 277 215 43 49 115 135 167 252 15 255 28 109 212 148 263 88 150 83 85 172 110 79 17 257 275 271 101 46 98 38 183 142 109 44 91 225 31 111 234 281 183 218 242 38 123 156 97 234 92 249 64 121 55 48 274 181 269 36 223 133 154 96 64 211 34 160 179 142 194 211 147 193 153 42 20 165 74 18 304 245 282 245 52 191 269 217 277 66 185 89 61 42 238 180 122 268 235 143 93 75 29 210 234 158 158 198 272 247 249 230 183 102 124 123 13 78 24 92 94 197 57 222 57 199 301 169 152 157 265 51 111 274 223 181 72 177 166 70 143 12 27 82 218 16 96 48 80 146 285 243 309 250 154 108 225 30 148 267 262 178 256 222 151 221 82 190 51 230 151 151 77 155 44 228 277 242 175 63 47 63 204 170 222 249 226 130 104 204 142 142 244 146 143 
271 256 69 306 167 112 220 168 280 47 10 25 183 76 291 256 188 111 232 24 296 250 305 29 48 302 285 308 155 202 170 103 159 106 174 152 200 247 305 207 42 95 147 186 88 11 64 169 24 269 198 250 209 287 20 22 170 95 81 153 197 128 106 87 189 245 195 132 139 93 223 133 263 26 103 102 281 298 177 150 114 43 269 106 189 282 144 210 45 19 95 182 185 26 266 288 245 281 298 185 298 304 171 253 85 181 190 238 160 198 134 280 78 163 261 207 213 264 182 101 136 14 109 123 97 49 246 305 187 126 277 172 17 186 65 79 192 195 120 214 153 221 127 279 85 119 290 93 88 175 258 246 52 284 201 155 144 99 98 143 288 284 37 144 130 21 305 101 246 239 272 208 247 196 231 38 46 201 75 97 110 13 119 169 208 97 288 23 91 229 57 17 99 131 82 278 203 147 246 213 189 15 168 91 58 100 79 126 149 32 210 239 176 249 95 304 136 89 257 290 304 272 216 248 49 72 288 41 28 79 30 47 140 126 294 57 30 55 20 218 299 168 17 198 273 110 136 120 244 261 298 145 174 110 183 264 76 309 298 90 87 149 183 116 196 36 75 291 72 171 23 27 171 228 129 243 85 270 147 231 85 43 37 167 289 77 22 100 234 15 29 73 166 72 286 136 32 45 106 64 
115 34 179 144 57 166 277 301 124 184 120 57 290 305 71 161 61 52 116 33 19 127 298 129 304 246 239 62 268 116 85 245 223 254 131 66 293 101 31 221 231 124 95 62 267 173 164 287 303 130 135 46 237 275 159 18 142 218 97 294 136 84 46 121 184 182 74 129 60 117 197 246 241 278 171 309 205 281 188 228 51 93 133 64 10 97 100 198 175 148 198 70 45 274 27 141 219 121 157 144 81 31 16 241 83 246 266 10 103 255 179 228 203 100 187 250 234 24 119 74 267 112 104 35 118 215 266 140 40 157 16 164 129 289 268 262 48 116 246 146 169 57 212 153 21 227 25 245 251 287 210 285 102 307 192 44 20 135 308 147 89 125 207 180 114 308 301 120 288 288 136 109 260 46 268 124 28 234 131 93 215 184 274 253 69 271 230 187 193 294 200 14 100 241 37 125 267 300 267 188 51 179 212 62 274 82 28 24 105 261 136 281 225 78 115 194 75 197 170 168 296 17 224 16 140 37 268 306 189 46 153 157 246 19 169 42 158 56 273 223 99 64 265 270 58 229 137 217 160 57 283 28 26 158 166 253 233 161 82 72 130 188 16 116 208 257 257 228 265 58 262 181 250 51 258 195 133 301 252 282 61 108 30 115 165 79 251 51 100 278 280 211 285 40 253 304 305 290 142 141 
233 43 150 287 290 110 243 297 286 18 303 212 137 152 188 252 132 30 35 219 124 130 250 182 90 172 125 22 262 28 249 305 137 135 132 17 84 209 68 291 125 172 176 284 48 211 254 204 99 269 150 168 114 182 231 257 130 98 303 126 166 269 150 255 138 287 105 102 255 69 133 202 175 223 285 201 11 287 283 206 242 46 191 124 240 10 253 214 199 288 254 231 101 19 308 231 234 249 169 35 223 224 257 293 35 291 23 188 73 30 210 271 222 283 95 139 305 307 226 134 72 184 85 173 12 208 37 182 307 174 260 263 101 92 49 101 86 200 77 196 210 175 194 50 207 63 303 158 34 247 287 44 298 157 41 118 70 207 71 132 49 14 285 159 64 271 269 206 14 39 181 166 191 37 144 36 175 302 53 249 284 288 88 273 207 243 66 215 75 176 199 140 163 218 222 118 216 243 129 91 58 158 161 162 147 282 260 197 288 284 289 235 40 36 201 264 206 46 212 75 55 151 25 247 61 200 249 61 222 274 128 217 195 247 186 139 70 289 190 304 81 157 61 133 246 13 153 295 216 34 230 232 103 123 113 228 71 10 247 100 41 142 256 151 151 120 96 110 248 254 106 274 103 265 51 14 176 190 257 286 64 175 309 10 102 262 106 168 130 190 204 34 93 42 247 166 128 131 263 210 
298 289 63 194 113 124 249 75 32 19 178 99 126 169 10 126 233 120 173 227 53 90 175 155 263 86 130 145 241 226 130 168 295 122 206 93 215 278 177 171 77 135 169 267 222 48 159 84 167 267 67 136 300 153 218 49 226 165 49 309 247 223 179 135 12 229 195 74 93 103 27 147 136 192 101 69 285 108 288 247 76 184 226 304 175 254 195 117 254 225 236 54 20 201 192 184 116 103 282 182 308 43 265 271 28 153 201 286 222 50 67 135 224 207 210 42 131 303 203 262 15 221 110 283 172 40 90 250 99 282 303 100 31 207 290 34 101 170 144 241 121 232 266 294 68 84 65 307 227 143 146 234 170 93 108 109 129 184 161 54 253 91 277 53 278 133 237 253 263 40 131 200 183 283 227 257 163 12 289 126 104 278 159 113 10 298 290 179 265 276 65 244 295 135 150 41 214 131 79 203 187 141 178 99 283 232 160 151 257 237 136 36 277 248 52 268 52 306 232 222 95 130 265 23 304 168 48 303 110 35 292 281 236 238 225 19 177 69 277 126 27 257 76 212 10 225 67 59 274 38 266 301 148 286 26 288 288 28 120 284 50 55 55 174 171 175 28 212 266 188 68 186 44 14 165 239 275 113 285 169 286 230 308 257 26 250 84 122 48 133 301 307 299 89 118 131 278 245 262 37 
93 44 248 132 140 270 153 309 261 80 90 206 156 267 129 237 251 163 111 302 115 85 45 133 196 43 231 252 11 258 260 63 214 160 208 216 144 132 66 117 127 231 134 136 14 47 286 262 215 197 215 295 145 299 226 130 161 248 215 296 278 39 139 197 234 58 309 117 43 259 158 172 118 128 277 45 18 124 155 60 61 25 39 158 295 42 174 72 59 208 298 283 85 229 168 288 128 93 147 240 189 125 99 185 84 308 174 281 156 160 168 34 237 181 101 207 75 164 67 46 28 19 204 154 34 183 70 191 188 149 122 308 127 85 46 245 291 236 258 281 42 269 272 93 75 170 83 77 32 92 105 74 227 13 201 109 53 140 88 303 82 114 101 74 296 179 174 243 215 306 293 272 218 82 205 220 16 225 106 101 267 42 210 53 49 254 52 268 132 122 117 128 27 304 294 246 232 227 217 148 274 252 15 172 224 142 21 40 147 280 262 230 146 106 20 90 108 238 298 245 57 64 74 145 78 235 239 155 231 197 89 72 238 300 264 222 58 147 29 84 96 169 42 309 64 264 165 30 23 93 211 179 207 118 195 203 172 123 49 89 150 41 259 26 15 180 147 288 46 104 161 157 107 55 179 305 210 140 187 92 58 47 303 96 59 52 300 129 192 217 39 229 276 295 219 70 291 183 109 262 
111 305 29 139 101 270 206 243 30 11 154 69 262 224 118 148 12 150 132 224 162 195 63 279 89 307 177 302 136 169 266 255 38 126 68 149 110 141 225 38 306 67 20 265 86 85 207 244 66 176 221 59 54 70 40 66 198 10 61 223 25 262 270 108 69 155 135 16 208 66 177 31 110 213 288 119 267 252 224 252 245 246 145 183 117 255 161 75 74 218 254 248 151 85 73 113 147 200 202 39 285 172 69 18 309 242 117 279 247 183 255 95 106 256 241 252 178 224 155 81 114 193 125 195 245 264 266 57 137 81 233 295 108 251 115 54 199 120 120 270 252 32 129 54 128 86 61 93 41 155 118 217 244 49 262 124 287 51 147 16 137 203 240 131 254 263 197 184 136 237 261 156 182 221 273 233 256 64 48 74 59 22 117 275 254 80 73 268 301 132 142 192 238 216 91 240 277 64 268 275 241 227 292 172 115 68 121 162 60 299 28 177 191 299 58 34 160 28 186 103 288 28 52 306 256 57 273 149 79 279 48 20 192 176 284 263 245 127 139 60 174 185 115 47 277 125 279 299 136 87 48 176 263 123 248 277 208 43 259 63 40 62 265 38 200 151 263 217 139 217 100 237 94 264 10 11 269 172 57 265 192 132 96 75 83 69 204 238 269 104 277 30 215 102 10 134 98 231 203 157 
78 218 212 162 306 158 265 234 96 11 72 85 127 118 215 66 150 15 194 192 39 226 139 65 240 152 216 208 252 86 237 283 289 14 287 258 96 241 20 91 166 244 240 102 202 287 278 283 246 43 100 221 287 172 44 29 259 130 151 79 189 159 149 204 172 53 205 242 176 35 234 24 29 42 12 117 208 58 116 38 99 299 236 69 304 85 282 89 201 290 187 196 62 182 274 68 111 283 49 185 52 278 20 89 183 69 14 53 29 171 272 16 175 165 222 41 210 163 287 54 65 246 96 26 86 131 70 194 99 248 108 284 294 189 79 216 171 161 268 95 77 42 245 308 60 219 212 225 122 217 20 135 99 16 222 198 173 102 47 147 239 28 206 26 265 36 92 270 277 283 171 279 297 175 292 115 213 304 300 40 150 139 61 157 64 15 212 263 27 271 166 194 216 199 235 224 22 71 270 293 202 197 155 136 288 255 117 77 239 131 80 123 201 173 274 116 226 22 83 294 181 62 79 216 288 237 59 246 52 94 200 305 153 136 187 87 15 112 112 173 153 210 150 73 240 275 10 179 40 151 55 227 30 84 153 61 229 19 277 115 35 121 197 294 219 161 73 75 36 231 156 92 219 248 279 11 29 85 142 127 159 81 184 149 99 259 178 88 223 215 127 251 179 248 122 91 230 34 187 169 
173 141 83 61 174 217 302 249 59 127 294 143 193 288 62 272 34 293 96 161 197 303 247 260 225 23 31 300 200 180 306 260 106 156 43 85 136 25 29 22 246 37 178 284 189 216 152 237 53 240 268 290 259 185 78 72 168 42 124 34 49 60 178 65 245 237 141 272 136 76 138 122 271 103 290 285 76 241 87 204 260 169 10 284 125 167 135 43 137 218 61 213 243 133 286 91 196 165 37 273 79 274 274 102 41 162 14 151 124 35 236 292 57 269 90 266 291 283 132 218 118 241 217 196 28 86 52 304 159 263 175 212 151 255 121 34 225 196 21 261 188 174 200 10 74 139 96 198 302 139 187 300 29 88 157 252 27 213 230 121 124 142 118 222 47 220 167 17 285 175 268 172 25 95 294 258 238 194 167 80 74 66 189 282 82 88 66 152 241 265 49 124 285 260 119 307 11 303 67 72 215 213 199 212 245 136 25 27 134 236 300 57 69 32 230 184 47 75 145 249 249 66 73 49 190 224 14 14 128 305 283 15 235 44 42 48 299 234 208 165 77 280 307 76 33 37 170 177 226 211 117 30 207 32 198 287 49 90 27 196 129 223 141 113 191 146 248 25 215 194 228 77 175 54 156 163 217 45 141 230 15 299 293 124 220 51 195 223 72 130 102 49 90 287 210 226 161 17 187 58 
38 246 273 259 301 74 66 115 154 52 110 162 304 58 268 171 66 207 138 33 26 96 134 304 132 163 90 175 216 36 145 72 183 260 67 130 117 132 279 139 18 222 46 190 211 94 191 146 172 248 233 180 208 92 177 173 186 77 20 68 289 63 35 298 250 203 69 135 22 72 85 76 168 15 25 82 115 258 298 102 239 158 61 120 240 70 97 105 296 59 78 68 239 173 117 241 48 102 277 241 65 22 133 285 265 27 191 301 93 18 177 30 249 117 102 266 44 130 151 256 251 168 106 136 222 128 139 149 163 59 57 173 268 258 123 256 155 82 88 263 80 122 103 231 129 173 207 158 232 56 15 257 18 128 153 15 23 67 304 73 194 69 46 215 238 169 171 89 161 173 267 13 240 170 306 112 15 271 134 19 115 13 284 145 73 267 171 78 184 114 33 142 118 92 184 38 151 161 84 29 215 90 13 183 65 278 132 154 292 221 237 170 161 215 308 99 240 305 180 289 279 10 34 55 289 24 246 38 140 123 155 56 130 191 219 96 176 274 150 245 51 101 13 87 302 291 189 240 252 266 239 163 12 105 135 257 106 257 146 272 168 228 29 225 129 262 206 169 288 106 48 212 132 153 158 269 99 290 148 191 156 138 273 144 10 40 116 27 282 151 230 116 291 194 35 69 180 193 173 137 
46 35 65 259 152 287 140 304 239 202 193 21 277 309 83 133 297 231 145 290 72 162 219 173 262 259 228 191 296 134 151 65 152 235 163 231 138 142 94 41 138 141 119 106 14 163 298 222 225 151 109 109 208 246 269 136 128 138 11 168 300 175 75 237 176 35 88 76 230 57 129 52 41 230 208 25 147 220 25 258 43 278 81 289 238 296 304 189 97 198 75 19 196 231 182 132 242 44 141 22 13 38 121 132 186 44 226 35 136 65 235 146 158 150 289 142 83 262 83 203 238 125 29 305 264 86 216 282 208 116 42 263 149 188 150 66 76 141 262 31 250 144 139 117 74 77 245 119 114 265 76 78 150 214 141 190 229 88 153 213 124 93 63 242 13 111 132 265 268 160 288 218 104 242 14 256 288 261 148 13 175 294 245 303 125 213 291 17 63 153 308 306 238 30 31 305 122 275 119 230 24 257 200 139 54 272 80 75 227 13 220 59 127 163 131 290 83 250 119 31 244 161 99 36 152 130 259 236 142 48 66 184 59 300 309 179 309 12 53 41 79 60 263 162 269 158 173 242 241 273 212 223 302 92 44 264 272 147 112 101 12 262 66 176 186 277 49 198 248 12 289 147 192 216 306 205 17 293 117 120 142 174 47 254 272 122 104 45 193 184 76 297 289 117 115 146 48 256 274 295 
263 279 79 208 11 72 261 177 196 86 73 307 159 129 88 227 70 63 35 257 40 289 87 170 99 277 45 89 145 153 21 75 163 224 120 165 176 172 224 74 77 148 195 180 222 230 219 187 93 291 137 200 164 98 75 68 156 307 55 126 277 305 185 253 263 57 276 13 217 172 282 131 108 127 33 303 30 186 72 49 44 83 41 104 149 159 82 115 112 265 87 268 201 90 144 217 255 17 15 309 32 12 272 293 249 167 243 67 36 151 238 174 108 109 184 114 135 104 105 74 233 217 79 216 104 73 164 129 215 280 141 96 44 148 186 211 205 280 187 284 258 266 227 126 279 79 306 272 27 177 132 17 97 53 176 297 34 135 31 59 292 18 162 111 101 52 36 78 159 142 260 160 243 152 233 212 163 195 147 210 24 211 131 25 292 135 58 92 36 138 147 47 49 167 89 14 20 245 18 257 272 293 93 220 231 11 269 245 47 231 223 284 50 48 294 282 84 253 45 177 13 260 240 114 227 167 167 120 172 261 116 125 283 77 55 287 91 129 106 112 292 222 246 237 230 117 164 147 219 97 20 147 165 127 20 16 177 118 216 38 94 153 101 225 208 98 186 234 286 241 98 174 73 303 35 305 179 259 139 257 53 258 276 22 253 49 17 184 263 125 288 167 216 54 230 46 11 64 225 296 
240 230 151 34 42 44 147 17 42 132 169 151 20 23 206 220 32 249 253 91 225 118 106 160 164 146 179 52 97 44 254 295 41 130 195 301 64 176 238 157 257 146 22 278 166 214 71 270 86 103 126 116 284 266 296 132 90 163 12 142 53 176 51 15 170 120 108 159 46 167 304 64 158 187 156 261 182 182 206 103 259 199 65 48 171 34 88 120 276 284 112 129 207 130 201 225 202 200 158 231 308 213 40 307 108 197 282 197 37 47 14 69 228 141 109 10 194 184 147 216 132 304 81 92 168 272 60 57 10 246 199 114 82 78 84 105 32 127 227 122 178 193 98 140 292 185 292 175 242 14 276 239 29 305 41 92 255 104 116 62 157 22 237 215 213 158 170 207 245 48 140 147 129 204 135 17 80 299 228 83 246 187 49 298 132 146 69 292 164 56 65 153 303 272 234 11 20 281 307 216 63 46 25 93 126 160 237 56 19 135 222 17 182 62 305 92 68 203 193 197 140 130 202 161 172 88 32 89 136 75 271 161 27 188 70 115 54 78 120 68 125 93 162 65 206 301 123 278 61 304 229 123 102 221 128 179 113 46 68 10 171 101 41 126 72 158 182 282 168 168 168 57 246 25 24 160 219 95 152 135 59 153 244 285 14 93 179 191 237 203 157 242 83 213 35 154 62 20 291 233 
208 279 300 153 227 27 104 174 165 236 44 268 75 242 27 47 20 305 295 236 285 65 109 292 104 272 39 278 157 190 111 217 55 88 245 237 235 16 117 151 98 280 50 40 48 11 286 243 77 155 252 274 155 189 146 276 44 267 74 121 78 32 143 54 272 37 127 156 202 286 100 141 256 183 232 236 215 180 249 114 48 34 29 199 45 12 281 183 129 52 268 32 72 191 75 307 227 304 246 272 57 151 273 275 114 233 48 32 235 253 296 211 46 135 207 216 147 152 178 77 27 117 149 114 151 93 214 212 41 195 302 77 119 37 44 183 297 218 295 227 200 183 295 120 226 80 274 264 75 15 25 29 116 13 48 132 52 51 222 78 273 252 62 252 104 290 109 241 107 122 241 82 130 204 65 241 188 194 250 168 247 215 289 284 154 291 203 137 174 158 77 57 163 282 304 101 25 201 215 99 26 233 190 276 138 34 115 179 244 233 195 47 202 222 164 126 145 173 16 306 14 120 80 240 128 221 302 87 285 109 64 242 210 300 146 182 167 203 305 10 287 217 169 71 145 251 292 182 299 206 296 107 126 231 19 292 299 241 137 227 220 176 274 37 162 305 288 195 185 165 79 253 48 35 203 140 139 66 138 216 246 206 187 99 260 193 98 253 116 245 256 100 23 137 53 217 30 197 293 236 
157 78 72 169 243 69 166 144 244 15 154 273 285 89 304 95 63 64 212 102 263 267 181 39 152 216 131 97 306 25 245 49 178 292 70 225 229 41 294 160 13 294 307 65 269 267 65 302 108 47 238 59 173 110 166 36 194 49 219 59 163 167 64 169 300 102 11 26 141 165 263 258 96 47 55 279 52 120 56 85 198 30 45 53 85 239 72 70 190 156 116 127 179 137 269 220 107 84 88 123 227 159 280 166 204 202 276 180 245 260 102 296 93 212 215 252 188 220 59 149 86 305 243 238 285 78 222 20 108 265 281 69 180 70 63 36 106 35 263 103 25 63 95 246 122 247 288 163 44 50 259 270 149 248 140 296 82 166 249 174 178 155 86 296 103 46 158 306 172 238 268 93 90 274 266 271 267 166 58 39 232 193 40 253 275 50 131 48 24 76 215 13 14 145 190 71 212 198 254 247 261 219 126 66 75 99 181 164 279 121 167 236 169 246 241 273 193 193 163 83 102 186 256 91 247 39 130 238 31 208 39 177 297 135 227 81 300 47 110 141 63 140 80 217 125 67 203 235 254 42 302 96 25 167 44 120 197 130 198 219 69 251 140 213 65 56 77 302 94 223 258 241 261 72 249 286 275 286 302 30 275 78 98 256 76 159 82 169 284 120 106 67 305 303 219 22 108 272 173 139 
260 133 201 97 268 211 246 292 307 293 54 207 162 259 92 139 283 266 220 198 121 230 50 285 136 208 42 36 202 85 63 233 186 15 87 64 280 102 127 51 90 182 243 74 257 135 40 296 186 92 100 290 147 296 14 179 133 238 278 173 216 81 215 11 301 272 227 119 150 174 35 258 298 307 288 126 92 28 154 251 106 174 75 54 266 303 301 293 80 302 231 75 13 226 285 62 244 71 143 34 161 101 136 214 126 62 47 220 25 84 65 69 38 178 196 285 175 217 104 184 173 270 145 274 217 174 112 225 203 250 89 100 225 308 12 58 171 98 178 35 182 226 258 190 159 173 257 76 165 156 163 248 285 115 195 63 249 256 157 42 206 40 22 201 115 304 31 75 15 171 278 304 178 294 269 25 251 260 280 170 156 82 78 84 167 306 231 290 56 52 68 129 298 273 238 183 130 44 187 52 113 233 214 190 158 43 158 263 48 201 30 304 297 13 96 37 283 45 303 58 114 94 45 144 130 149 132 39 34 299 287 86 202 36 88 142 97 115 265 264 226 161 307 242 63 44 187 90 242 302 300 231 227 94 75 116 135 264 42 96 216 259 294 49 61 264 106 35 295 261 21 62 71 173 111 131 126 50 173 100 227 275 177 163 128 280 32 251 256 46 70 63 295 91 57 284 250 269 178 34 
216 217 12 100 49 28 282 147 51 97 199 298 138 166 164 295 76 196 174 297 113 59 89 215 283 15 44 176 37 63 114 195 17 304 104 60 204 189 295 59 133 260 157 25 16 138 187 298 96 270 182 38 106 27 243 278 25 99 279 84 71 262 162 97 217 252 254 99 90 50 296 155 160 163 231 293 216 154 51 262 167 42 288 68 12 47 211 36 151 259 69 309 279 15 176 45 65 214 274 148 141 302 99 15 148 14 188 253 34 212 188 35 237 236 280 122 222 273 179 135 132 27 176 122 197 164 142 98 167 54 255 244 68 237 120 309 178 305 49 33 283 107 142 258 142 61 225 74 232 198 97 236 289 51 14 72 74 154 186 209 229 221 51 266 228 11 285 36 53 272 58 303 249 199 85 195 287 303 20 41 59 247 190 101 44 295 152 114 173 198 34 153 183 109 92 267 120 248 81 278 78 239 275 236 99 116 64 133 199 236 210 10 22 70 14 242 12 271 278 146 162 170 150 131 119 232 271 306 24 268 235 280 211 243 112 83 10 214 197 49 234 42 157 114 157 293 201 231 137 75 263 165 94 212 304 31 195 184 160 152 196 91 180 241 15 234 173 98 72 253 66 246 281 95 213 288 245 167 114 131 224 116 205 85 64 31 263 68 59 243 154 277 173 205 248 185 271 149 209 245 
252 121 128 185 183 109 152 177 41 11 223 226 72 20 82 290 76 198 202 146 21 299 303 96 134 26 143 262 261 305 61 265 194 243 306 213 284 154 296 168 149 275 66 229 309 29 127 135 83 187 298 62 255 162 305 166 303 175 304 210 228 100 257 166 91 37 266 39 52 77 22 18 250 46 84 140 224 133 128 89 80 169 263 200 260 155 249 150 185 130 41 57 140 52 309 167 42 224 134 95 220 10 62 63 135 136 20 82 68 174 125 124 107 212 13 139 65 218 175 117 159 276 268 92 30 88 116 197 95 125 147 268 180 301 200 142 308 93 192 140 253 70 41 151 84 252 267 144 61 71 211 278 186 294 266 58 88 23 132 287 207 222 77 38 218 178 172 267 49 301 14 17 288 95 25 158 208 189 82 207 132 86 68 186 268 263 187 56 41 219 295 246 281 269 296 75 252 121 33 132 87 168 144 278 304 300 178 306 254 91 151 143 91 115 148 165 155 294 154 146 98 187 266 53 197 145 248 104 57 22 296 294 225 142 268 110 101 121 114 231 275 222 168 124 112 226 37 14 74 165 61 143 141 119 121 133 16 33 112 280 305 125 89 192 12 267 46 258 268 110 273 108 202 115 129 148 165 171 40 141 230 255 166 152 73 191 228 114 73 247 41 209 97 222 128 236 142 184 12 90 
159 299 149 54 79 164 140 100 214 82 16 160 106 103 102 72 163 195 102 299 216 134 119 223 260 253 249 110 21 135 97 297 289 172 84 125 90 34 235 158 150 76 147 56 62 19 237 92 238 303 84 264 174 70 170 179 119 211 307 107 201 261 136 32 99 57 279 151 272 118 192 158 161 115 195 128 39 110 243 88 286 139 98 31 17 135 154 57 288 30 112 23 240 203 102 166 27 170 150 207 200 142 221 60 295 80 82 10 87 148 91 263 127 239 88 21 28 237 98 28 249 299 90 233 180 231 307 32 204 207 169 167 94 168 167 43 161 68 210 246 169 237 162 209 274 291 18 69 268 220 303 253 242 91 226 18 241 51 259 217 90 244 92 188 191 286 49 83 166 254 171 285 258 281 236 12 34 132 240 13 43 56 237 251 201 57 252 261 249 66 309 166 42 178 198 161 34 186 121 77 306 33 111 19 240 217 229 245 307 112 89 233 36 185 172 199 224 28 123 95 146 275 142 250 207 215 149 287 179 91 73 113 246 247 261 179 110 79 193 139 94 65 190 218 211 15 216 28 103 26 48 119 120 16 247 162 265 249 263 241 94 257 130 170 136 55 204 305 112 168 288 283 218 241 219 64 73 215 80 231 156 14 188 110 265 156 114 154 221 18 308 172 260 303 24 217 167 128 145 43 
263 285 237 292 299 238 172 38 41 23 214 156 33 308 189 152 191 191 271 165 142 148 142 235 233 183 87 181 44 292 240 79 130 192 37 200 186 70 200 117 211 241 232 174 141 103 251 200 285 289 184 28 256 142 76 227 279 16 186 211 45 150 268 141 253 55 188 235 22 67 205 284 124 103 159 113 53 81 228 287 12 78 51 66 256 155 169 20 16 118 231 250 169 190 291 198 221 204 58 82 275 240 77 164 235 11 183 295 100 169 194 84 214 254 277 60 293 289 106 121 167 141 60 163 181 148 291 157 265 201 187 149 182 285 57 220 104 163 231 29 10 212 43 104 214 113 271 146 11 231 55 119 136 166 154 238 304 208 41 236 129 72 282 203 134 209 241 25 44 57 69 118 135 268 285 266 109 115 174 51 86 281 272 305 136 207 161 122 158 239 261 56 202 247 256 301 219 74 145 59 206 92 127 284 196 246 21 63 45 153 133 295 155 123 296 244 162 177 232 52 55 23 95 83 151 149 157 254 57 19 68 209 90 196 278 211 168 270 102 30 209 285 98 187 149 121 261 11 51 157 57 223 72 93 71 121 84 270 237 203 57 168 235 99 305 97 258 172 159 149 270 44 137 236 91 127 93 159 209 87 49 189 58 84 280 161 272 281 193 166 148 276 294 262 18 235 206 223 46 31 
302 301 215 17 38 295 130 38 142 297 245 127 54 118 196 214 175 60 299 84 279 161 249 56 201 51 213 254 93 202 20 75 260 67 182 140 271 16 44 201 176 183 221 193 170 121 103 10 54 300 208 122 253 175 302 287 240 76 300 243 10 90 130 281 89 232 203 178 136 189 28 187 139 146 212 186 79 37 146 164 168 43 239 94 140 296 269 38 205 221 147 156 278 247 193 120 278 198 30 66 14 133 280 293 136 60 180 184 43 241 95 87 301 300 256 76 75 44 251 165 280 123 173 121 100 261 65 117 302 119 266 49 28 99 202 39 34 86 103 39 269 107 124 187 30 226 238 18 170 35 184 283 43 96 287 247 20 256 38 87 273 226 105 147 46 73 99 200 93 301 282 74 42 238 42 126 262 135 187 105 117 290 275 65 40 142 281 10 163 185 239 107 260 135 121 251 116 138 247 244 38 259 137 254 257 206 229 53 197 214 189 303 253 287 133 139 171 107 35 229 96 302 101 241 94 277 147 29 99 42 22 297 284 34 76 87 54 147 301 15 95 35 53 148 193 180 239 260 302 125 280 97 32 160 25 308 299 102 199 154 62 301 40 140 43 49 254 84 186 229 77 178 49 54 70 152 61 111 75 36 27 39 174 13 61 244 12 225 31 269 80 174 22 195 16 12 256 139 288 233 
83 120 115 166 242 43 90 30 162 298 257 72 66 112 51 86 89 169 273 291 107 126 148 244 38 236 239 11 126 126 143 27 288 52 137 28 187 18 143 242 11 115 79 224 301 90 172 131 227 86 183 235 234 165 245 93 146 136 233 89 81 277 169 138 18 193 208 304 59 183 118 289 68 144 195 75 42 164 149 69 236 277 57 208 21 31 100 192 30 239 190 159 13 12 206 237 175 171 24 21 194 290 87 211 74 260 171 166 64 278 214 196 151 221 76 119 231 46 265 82 19 22 42 189 275 195 48 277 298 286 288 35 188 35 142 219 207 71 101 260 64 88 18 215 256 98 296 299 260 287 139 251 184 191 20 38 14 10 269 81 175 231 138 156 302 270 94 70 134 252 122 178 304 134 134 138 76 119 105 305 264 242 248 186 41 287 262 154 107 221 170 246 75 68 180 285 287 292 145 59 256 177 137 231 11 40 118 15 50 298 295 185 96 52 98 255 119 87 206 115 157 308 67 244 105 59 95 17 27 279 145 55 27 285 256 25 298 42 282 171 294 242 197 274 299 235 50 99 293 257 29 14 228 268 200 86 21 194 27 266 31 29 199 302 142 148 53 281 179 197 58 73 68 27 209 269 213 165 156 62 211 107 274 210 216 243 25 93 224 199 295 204 202 152 199 15 142 203 45 253 
297 203 262 227 13 294 233 153 211 56 148 100 206 136 259 145 274 62 285 224 25 265 253 232 208 74 57 218 209 152 80 13 52 181 297 45 144 49 174 239 252 14 282 39 149 15 102 191 85 302 178 12 280 179 123 302 110 306 236 212 110 196 46 28 41 32 188 216 126 297 139 90 196 86 97 250 228 10 156 41 161 253 22 168 158 199 198 93 263 103 21 69 18 103 198 19 91 170 211 236 129 178 210 199 64 72 54 207 240 224 49 179 275 189 117 105 69 244 210 10 51 43 216 100 155 274 98 265 54 261 62 140 207 229 165 214 34 287 169 294 92 153 173 12 126 132 89 278 240 102 191 76 219 45 145 26 48 239 40 271 79 20 192 69 224 116 289 206 53 229 42 168 240 197 60 41 78 256 113 252 104 289 309 44 305 81 52 242 209 96 157 197 241 74 203 142 250 277 170 304 154 277 125 161 12 52 277 153 220 48 152 199 111 57 103 254 216 107 132 281 91 175 185 94 244 205 217 216 143 142 200 295 139 291 193 244 89 114 261 129 171 43 287 26 16 190 150 105 109 91 303 255 293 38 63 303 89 272 11 154 131 281 102 256 267 251 303 30 22 279 20 240 11 27 290 222 124 236 194 253 278 217 35 243 259 79 33 59 302 119 145 197 156 257 10 154 127 82 271 270 
212 39 298 147 280 203 213 42 249 143 251 143 42 121 49 238 309 292 73 183 306 270 271 157 140 33 122 82 133 290 29 61 133 255 39 302 83 51 99 223 117 124 104 147 81 120 89 267 112 168 164 22 250 101 20 153 46 207 243 187 167 236 61 35 179 17 94 80 115 139 178 268 300 25 111 92 172 76 150 39 144 267 258 249 148 268 81 13 87 274 177 278 201 192 174 299 282 251 184 182 305 79 28 262 212 124 94 163 250 206 250 129 295 77 143 91 103 143 98 39 14 226 135 151 201 115 294 206 184 179 30 231 304 271 286 256 215 31 82 203 248 207 287 58 67 222 274 101 51 214 63 236 263 59 195 25 229 39 131 275 111 123 125 140 128 160 40 215 249 88 171 209 92 221 18 185 203 90 16 123 89 285 192 159 210 129 307 81 13 122 18 270 99 37 164 216 21 72 61 207 92 105 129 41 36 214 51 143 195 233 30 288 240 77 217 226 244 128 56 118 299 94 306 197 90 143 14 88 88 252 79 143 278 120 159 78 164 92 113 76 112 239 250 89 225 288 25 169 100 81 130 265 305 245 33 66 46 23 74 107 128 193 140 40 211 308 302 225 118 117 22 163 133 261 80 41 154 171 57 193 91 274 221 38 239 206 257 129 66 31 185 219 101 37 245 221 73 72 134 209 
140 28 308 61 251 45 126 281 205 259 241 210 203 196 224 275 167 192 55 211 199 182 187 189 100 174 46 187 298 118 35 19 29 217 160 265 132 176 130 72 114 99 89 303 142 36 105 211 291 37 91 48 304 60 124 143 172 142 251 210 189 281 221 162 46 255 286 12 62 139 273 303 279 54 32 101 120 108 262 32 302 20 81 79 149 277 80 97 129 299 183 201 35 197 212 275 50 232 78 181 97 76 203 50 226 106 60 303 159 202 168 119 121 269 265 16 119 17 234 122 148 248 292 216 31 66 195 213 89 219 51 121 307 205 208 148 210 150 43 50 97 232 195 307 263 132 262 85 136 256 111 183 196 41 308 116 185 188 263 93 179 300 171 128 210 268 208 154 280 229 174 289 250 216 222 257 272 33 285 79 74 174 67 300 101 81 284 69 17 64 180 87 61 244 24 97 266 179 94 19 247 237 297 109 240 132 62 120 152 52 130 269 149 48 294 84 55 186 223 250 60 288 242 190 302 169 215 136 77 45 263 215 247 49 180 242 173 198 32 37 40 78 145 165 88 20 124 35 247 155 287 244 289 125 185 291 35 208 71 295 29 278 280 208 17 57 238 187 196 225 118 176 259 253 166 51 263 131 88 150 288 72 286 38 124 71 112 33 50 177 306 191 249 81 278 116 283 133 212 24 
270 125 308 24 269 66 48 84 190 58 23 209 155 33 285 133 66 287 100 85 101 205 150 123 10 300 96 87 204 202 258 171 234 142 32 229 19 190 269 100 98 39 269 251 51 119 300 165 290 267 225 38 72 74 57 25 263 38 141 54 129 198 156 285 68 252 149 228 256 79 55 134 162 212 34 45 176 92 39 281 252 237 303 209 237 278 129 305 136 299 124 113 204 178 34 133 136 231 58 85 253 103 155 135 98 115 298 274 222 97 90 298 53 287 82 206 202 295 26 84 69 156 58 279 104 142 12 221 275 119 264 15 12 148 205 290 103 18 77 55 246 195 296 79 204 243 249 292 99 219 126 18 15 143 295 93 197 211 25 29 36 124 303 195 163 48 24 128 184 124 186 88 95 128 291 288 61 260 130 119 122 192 60 170 105 161 219 186 16 283 98 178 216 119 282 161 265 286 53 16 161 232 50 200 281 253 189 303 225 226 83 104 193 140 79 148 12 278 289 115 16 176 139 164 153 238 51 268 39 129 289 31 130 12 293 276 277 147 127 270 43 61 305 147 131 202 20 198 90 63 231 159 185 152 48 254 133 22 152 164 196 59 78 257 300 227 243 91 218 65 260 113 203 220 227 175 13 134 107 105 169 110 39 287 140 229 304 193 20 204 174 154 148 239 84 49 226 309 195 241 
264 110 234 229 277 253 87 37 46 208 283 200 93 53 282 195 120 202 113 196 252 154 101 202 232 81 65 40 205 254 255 220 108 72 243 54 210 80 91 45 298 244 146 149 280 86 260 166 265 14 61 256 19 138 93 27 178 113 191 133 180 294 21 38 65 186 136 299 261 115 12 226 166 46 278 160 132 207 144 308 207 195 293 168 217 55 10 306 16 15 192 309 71 121 238 199 51 72 149 116 67 207 98 104 240 30 84 150 224 143 80 91 107 288 237 173 120 136 79 106 234 243 210 187 278 32 14 200 306 30 238 31 274 304 297 161 306 132 284 275 45 185 210 32 121 217 309 151 250 47 37 120 47 10 14 228 114 217 229 57 167 43 10 110 145 154 93 30 280 136 90 234 94 195 283 150 263 258 208 85 38 83 220 264 235 202 87 299 66 301 166 113 97 178 295 293 181 302 73 141 169 139 262 296 83 296 183 147 15 167 91 239 161 40 132 209 102 28 239 141 66 77 78 168 257 16 139 229 32 26 130 214 209 55 283 108 301 112 65 151 148 216 298 247 274 210 285 187 217 45 24 238 295 199 189 80 298 218 111 37 125 236 292 121 100 182 54 255 83 199 87 183 162 61 193 182 309 221 290 51 175 287 123 277 76 225 123 194 72 132 199 214 32 206 55 197 235 130 299 197 
173 245 143 19 290 39 20 63 78 265 196 213 168 244 268 91 209 205 76 85 219 86 42 64 38 214 19 98 101 97 58 301 295 202 62 90 119 100 15 144 270 266 256 308 181 82 143 147 175 197 147 47 80 25 270 194 101 266 155 205 14 289 27 207 54 258 12 257 38 181 297 89 252 180 23 97 193 187 51 226 97 84 138 132 286 39 261 225 132 268 205 190 287 68 185 232 25 266 297 299 225 299 107 103 269 63 24 296 112 94 86 279 211 149 187 285 33 138 16 44 244 291 43 80 122 141 302 264 104 40 157 257 122 152 205 98 211 304 222 244 143 250 58 199 198 246 135 206 42 244 155 120 135 139 50 96 58 231 96 266 124 97 99 158 201 190 239 225 248 189 144 73 49 121 128 186 217 54 94 154 32 199 118 125 280 84 73 213 52 280 208 75 68 154 304 291 124 244 272 45 292 104 27 272 122 286 284 147 36 157 11 10 115 289 196 270 164 158 302 300 62 307 233 135 128 257 256 99 153 225 226 189 65 231 175 21 118 177 193 163 39 299 204 213 264 120 171 243 50 97 23 280 175 16 185 297 241 120 271 284 107 263 39 234 141 92 128 55 118 70 213 21 151 228 59 128 213 179 73 273 246 201 297 202 68 227 162 53 222 153 241 235 171 169 204 159 32 165 297 103 
33 293 254 186 11 188 301 74 161 66 255 160 204 134 84 306 284 108 217 36 299 270 289 138 252 203 33 89 96 268 196 180 236 190 45 25 300 292 290 196 297 33 256 215 293 28 116 287 123 12 258 54 77 46 144 233 158 173 290 184 303 248 207 31 289 17 302 251 280 178 121 298 75 180 102 187 52 280 197 34 285 69 309 86 171 57 38 216 89 103 162 147 104 149 183 152 258 219 261 180 189 159 164 35 210 223 203 131 169 252 294 254 227 28 250 53 177 11 39 273 106 301 18 290 224 251 16 234 299 214 77 171 279 240 117 60 243 26 24 180 245 105 252 20 204 222 212 18 268 247 51 119 32 23 286 199 202 198 129 257 127 211 159 88 176 127 157 112 144 269 17 38 155 168 148 287 264 297 48 150 126 239 181 188 220 105 174 295 86 266 20 259 122 63 103 172 154 94 24 56 280 280 286 84 255 63 27 240 16 146 230 92 81 91 307 72 281 235 82 249 105 231 219 233 292 40 289 303 133 75 98 179 244 107 55 39 46 252 308 19 31 150 50 261 109 141 43 157 55 250 158 295 297 201 31 234 206 196 121 68 307 244 294 62 190 275 67 26 39 122 245 187 277 168 184 181 25 190 206 48 46 200 241 117 80 180 192 203 258 198 251 128 18 136 230 241 169 226 120 81 
122 32 228 300 79 275 31 51 29 274 247 80 183 218 220 36 250 176 46 307 11 161 122 87 217 82 228 107 257 86 164 114 64 268 15 136 296 97 308 176 25 93 260 38 293 257 139 80 146 162 136 136 246 119 59 184 169 52 13 212 295 29 268 271 112 53 171 164 108 73 87 103 70 116 267 137 228 212 62 216 120 236 244 238 149 155 78 271 217 277 113 33 282 177 123 108 122 239 196 179 95 27 56 85 127 37 102 247 69 98 236 188 268 271 120 86 59 297 79 73 245 189 291 166 282 237 71 90 62 210 257 95 98 163 295 149 204 158 127 228 27 13 235 282 199 36 253 176 149 25 282 86 154 84 149 34 84 160 142 185 81 118 127 156 252 301 100 264 190 305 146 65 38 200 209 52 164 162 298 159 218 235 26 49 118 126 157 86 206 252 117 272 70 147 83 159 186 245 286 106 16 108 197 234 102 286 71 30 295 248 253 248 158 103 240 175 127 75 256 90 131 64 300 103 266 77 303 160 123 247 122 122 26 30 190 298 148 49 217 89 168 228 276 42 157 289 100 15 213 160 222 209 96 196 279 204 48 225 67 106 51 39 68 305 309 294 135 218 195 216 259 41 168 65 173 234 168 169 42 98 219 39 102 159 107 100 29 40 244 269 129 233 282 73 196 150 96 162 282 37 
28 259 100 73 231 54 142 140 234 168 250 292 101 237 246 217 259 140 12 86 158 154 175 71 61 146 269 61 67 125 80 196 26 302 129 245 295 225 123 99 28 256 163 104 159 247 140 251 181 64 174 288 39 61 99 101 155 240 73 220 142 271 52 155 61 18 86 26 18 105 30 139 116 90 307 182 206 55 173 184 123 204 252 302 14 132 159 102 264 52 38 77 26 24 56 301 301 261 167 24 299 154 237 86 96 75 160 284 165 119 105 229 103 236 234 189 255 109 219 272 181 259 221 224 162 40 150 274 243 168 152 23 215 196 30 145 24 297 287 239 236 25 64 93 65 25 291 221 147 266 49 267 61 223 98 198 275 203 299 111 210 291 209 142 288 224 191 91 86 26 139 218 200 295 149 169 44 45 153 105 181 245 84 304 152 290 296 171 132 101 139 68 154 267 89 181 188 192 45 146 196 13 22 66 248 280 162 113 276 89 98 294 33 153 131 151 167 215 197 226 213 187 70 60 256 110 69 277 91 225 47 262 193 189 26 134 180 263 173 32 53 234 195 211 119 226 67 39 277 241 167 184 210 275 299 60 159 122 241 42 188 275 95 12 50 240 128 216 112 262 227 63 300 102 164 121 204 103 204 53 282 26 295 308 228 50 272 96 131 217 117 227 47 231 219 59 130 229 92 144 
69 160 163 29 300 67 209 132 28 86 158 168 279 41 253 203 278 61 99 223 205 93 264 92 248 11 220 197 125 136 70 128 254 105 135 178 165 184 225 223 273 110 116 21 154 142 237 12 88 286 29 49 40 29 304 39 216 33 102 299 24 293 98 177 84 209 89 52 235 56 90 246 141 211 268 136 298 33 258 120 195 275 282 179 56 220 39 174 154 47 73 271 41 308 299 217 82 220 83 213 179 105 38 130 103 21 104 260 152 166 50 19 46 70 13 169 138 44 30 177 174 71 109 141 255 277 82 44 188 14 103 13 261 298 286 111 47 105 221 197 194 77 167 108 237 185 248 270 261 128 189 173 36 84 157 293 135 144 211 226 250 72 178 33 303 219 73 64 206 61 14 148 23 282 14 127 305 263 181 287 97 48 80 89 77 301 234 265 283 165 134 206 297 32 171 241 127 268 25 38 187 286 257 97 39 82 50 125 100 144 277 283 214 292 22 163 281 168 260 228 26 117 123 36 32 71 248 60 12 229 20 224 79 77 17 123 67 259 157 22 217 272 72 215 73 104 288 104 238 264 291 36 120 86 198 309 75 98 147 142 303 198 55 19 80 192 37 159 294 42 29 46 61 251 70 95 97 36 135 98 22 233 287 202 118 281 234 221 219 51 305 229 302 23 50 95 68 60 26 232 
101 48 188 267 218 289 10 222 39 296 172 269 280 51 43 297 263 23 60 147 39 136 298 182 307 301 41 231 99 274 100 59 198 235 272 128 115 190 137 92 109 69 66 285 109 94 24 249 31 278 192 132 151 55 274 224 214 206 152 79 203 25 142 12 123 17 37 179 193 90 300 186 150 225 100 216 11 102 134 112 191 104 198 199 220 282 12 301 242 235 294 133 62 268 106 54 75 220 297 244 238 61 112 248 63 81 277 145 209 216 277 60 170 164 197 273 117 216 165 49 307 297 265 126 163 97 282 110 183 186 83 157 112 235 64 241 146 206 254 158 160 74 29 93 196 177 98 25 98 92 90 61 89 282 247 201 43 163 63 255 134 274 178 219 59 217 111 22 22 182 143 284 106 113 166 104 222 109 198 64 192 44 109 289 193 300 77 40 113 154 245 294 280 24 119 49 230 201 44 35 47 207 172 258 98 106 71 205 127 275 307 174 74 71 82 140 86 237 210 195 229 158 96 86 166 24 130 128 289 88 160 151 234 228 57 56 300 19 261 235 155 171 25 242 64 205 211 47 64 267 292 67 196 159 83 148 231 245 223 255 12 111 127 230 193 108 201 196 253 290 256 90 42 245 242 136 294 142 94 265 283 245 149 292 92 309 212 287 11 45 225 96 120 96 213 25 231 161 61 136 
276 49 216 92 257 289 296 294 41 210 69 207 296 106 298 81 44 56 293 204 34 224 189 91 11 41 222 244 209 246 245 204 133 98 232 82 91 283 81 93 124 73 142 144 183 168 143 250 53 216 71 187 61 200 284 293 32 273 229 218 57 139 249 109 301 67 302 263 33 151 243 288 112 192 89 105 18 34 104 29 101 137 94 115 107 74 231 190 200 251 215 72 230 200 121 194 98 154 160 57 265 237 47 273 147 89 260 242 203 220 156 179 183 99 213 225 157 230 241 13 117 69 160 53 213 37 296 117 91 190 307 116 234 65 180 12 51 193 170 162 137 190 161 179 299 183 186 112 149 232 309 167 94 150 248 98 249 306 263 99 121 67 219 113 45 140 248 118 260 161 70 34 145 128 201 207 302 131 299 193 21 229 150 163 188 186 35 102 210 79 63 278 146 281 135 76 132 252 241 271 216 47 117 245 13 94 177 151 251 21 49 79 141 51 101 122 266 65 44 86 100 144 121 130 97 92 37 128 158 71 172 226 77 309 71 80 59 105 309 208 250 27 268 67 299 308 82 268 172 307 37 58 248 73 288 203 19 224 107 178 247 51 73 116 179 165 127 174 91 51 72 146 52 127 219 17 217 130 101 136 298 168 276 217 77 51 131 219 67 69 162 297 84 62 296 108 232 137 251 224 
115 245 260 108 216 192 244 240 279 27 22 34 113 300 194 56 139 12 69 77 209 183 126 178 16 186 176 283 62 244 77 50 30 180 19 247 214 29 81 108 127 190 56 143 28 256 231 90 15 273 243 47 89 91 223 236 251 125 175 292 272 170 210 195 297 162 182 286 135 12 71 18 235 262 273 119 104 150 90 156 248 235 213 206 132 43 280 112 25 162 267 28 175 298 26 59 206 185 305 190 69 108 198 54 102 65 159 157 75 267 116 185 206 113 91 309 273 160 30 306 71 61 217 223 230 10 101 135 307 251 292 298 263 289 174 27 125 206 55 230 91 256 190 30 222 202 213 12 56 131 174 37 13 102 177 252 273 189 219 71 279 186 270 59 130 123 254 38 27 173 20 114 276 163 190 103 255 184 294 153 242 138 182 285 205 249 46 196 252 47 27 238 63 125 185 157 304 110 28 11 292 38 204 191 100 70 104 135 125 254 43 102 66 99 194 288 265 246 86 210 228 164 114 69 93 188 135 55 124 250 118 61 132 117 37 92 281 20 290 255 249 87 252 275 308 97 256 71 200 53 303 23 72 253 304 184 32 110 241 154 147 43 289 60 24 82 172 11 11 224 203 210 138 13 165 129 61 179 246 253 150 214 262 270 233 288 257 126 73 77 138 97 99 153 237 238 303 81 285 193 
160 28 306 309 296 207 82 191 96 59 181 276 116 153 79 164 138 46 137 231 35 120 56 165 94 77 133 248 266 83 100 181 282 171 96 179 91 25 254 167 125 52 281 104 25 246 122 288 159 303 175 224 198 91 269 17 152 309 247 36 104 134 261 32 68 197 77 77 184 307 286 298 12 166 70 262 34 50 246 200 112 68 209 157 170 18 78 18 171 179 285 202 305 267 203 273 59 78 84 14 98 78 103 102 226 249 40 130 225 235 260 265 130 111 45 301 224 118 99 104 261 245 228 174 85 295 175 241 238 186 227 59 186 240 82 207 50 209 286 43 80 123 128 57 48 38 24 289 191 17 204 54 246 269 288 199 185 244 185 179 101 161 80 172 290 46 54 77 13 54 142 66 71 216 230 56 18 287 225 109 132 160 217 120 224 273 117 49 44 264 57 136 156 139 160 136 88 68 70 218 154 192 274 114 200 268 134 81 73 296 198 171 265 75 213 100 41 83 266 193 162 309 235 140 288 288 83 92 16 291 133 277 121 231 191 200 265 13 28 29 83 132 61 114 44 39 194 55 253 154 60 215 299 293 282 118 260 112 269 139 300 245 268 176 246 207 164 255 58 101 187 268 103 263 235 64 145 242 138 32 26 73 159 162 144 71 219 279 112 212 74 298 170 184 83 176 34 229 207 104 
197 99 104 273 62 56 212 206 106 58 18 109 210 130 227 303 49 219 114 102 133 18 25 16 10 302 10 80 136 163 166 63 196 187 27 128 238 277 288 179 229 178 221 142 292 44 228 197 224 56 259 72 286 263 283 230 102 17 65 28 184 47 162 67 66 229 156 90 214 57 91 184 278 105 161 64 309 167 166 129 143 224 230 52 48 212 216 268 88 256 215 142 251 247 179 80 212 305 179 123 259 60 256 176 39 161 264 143 108 215 180 206 173 242 291 175 69 127 92 45 108 198 217 208 56 33 77 124 297 43 35 266 112 14 288 168 34 49 79 190 113 72 111 129 147 214 125 185 119 306 150 105 92 73 215 226 31 67 248 41 49 187 149 132 129 116 127 131 42 289 210 189 28 255 139 50 219 256 201 297 173 40 100 14 202 120 169 301 285 119 155 31 24 197 37 172 110 292 149 94 304 212 245 270 202 42 212 52 244 305 243 67 20 57 84 261 293 235 263 12 137 248 299 255 271 213 95 15 200 67 102 141 223 104 23 62 126 82 113 236 67 307 159 261 159 216 219 129 82 190 196 81 219 54 184 192 301 195 179 129 218 101 101 247 195 165 278 40 304 19 268 265 66 263 12 80 302 275 89 152 247 177 125 33 75 97 282 251 154 116 192 253 300 119 100 212 148 73 220 218 
221 34 131 256 244 22 52 307 138 225 82 294 295 32 91 102 126 136 69 228 31 230 60 271 259 175 253 30 35 25 118 184 168 201 263 284 97 178 245 92 133 186 189 140 227 147 287 200 139 101 124 178 263 275 229 173 114 59 89 211 171 37 260 135 17 30 296 250 222 45 116 27 202 282 104 134 305 123 128 207 91 116 196 78 170 105 296 20 37 257 199 27 133 233 285 139 121 95 298 178 270 49 69 181 134 233 89 175 88 278 149 77 205 103 237 163 241 122 12 119 273 91 221 143 159 94 291 271 139 106 36 147 25 168 35 262 231 24 81 56 292 17 169 145 13 155 103 126 87 176 51 111 45 112 185 10 215 242 188 152 143 266 287 61 100 60 296 217 72 173 179 88 102 189 29 13 263 260 18 218 216 37 67 87 189 72 164 37 165 155 277 37 154 115 260 86 298 135 250 302 17 265 61 148 89 192 189 194 44 139 177 80 301 84 241 101 222 286 202 128 127 55 46 27 99 289 32 303 119 116 286 47 35 217 233 127 125 176 161 171 123 278 246 76 37 285 201 121 30 204 207 106 287 16 67 25 86 159 122 159 27 175 144 90 41 275 276 150 107 272 213 104 16 298 23 93 16 184 167 288 24 109 195 152 293 92 31 80 267 59 117 52 211 100 252 71 91 256 206 125 
130 91 196 163 212 16 181 280 294 112 39 150 245 113 181 173 47 189 20 112 239 25 68 274 90 195 21 279 94 37 175 219 178 63 51 85 14 14 28 36 120 115 308 162 291 128 222 134 255 58 132 48 309 55 272 42 309 80 221 205 261 233 171 192 272 299 202 221 202 78 139 126 237 85 151 121 197 167 74 286 212 103 120 57 134 182 221 60 211 123 302 115 288 19 221 162 250 159 29 257 237 187 96 197 118 100 33 227 247 272 297 174 43 208 287 14 40 170 183 23 296 76 37 114 12 173 219 298 223 51 296 257 222 189 281 294 226 117 299 126 102 288 155 270 99 105 195 36 142 183 58 187 296 303 253 252 184 138 95 135 20 67 122 158 237 263 15 80 93 144 120 201 133 255 111 229 264 42 118 246 89 50 249 130 36 89 164 81 264 154 285 23 139 147 80 204 78 23 186 80 39 38 87 278 225 82 206 36 10 87 26 109 151 65 233 217 71 228 64 264 192 261 95 110 267 11 259 46 214 244 221 274 217 237 239 222 304 239 277 30 278 184 165 229 203 122 154 111 13 69 11 138 185 299 232 97 293 167 136 41 296 70 82 97 106 62 173 272 112 236 265 144 231 97 175 85 233 279 292 58 43 241 39 179 174 72 271 12 291 167 46 224 253 109 203 214 178 86 269 240 
169 239 185 65 230 270 114 297 42 30 231 34 228 154 41 202 164 152 293 170 171 148 136 232 288 169 217 308 70 224 231 152 233 122 252 206 29 164 124 159 208 29 290 168 236 202 160 167 174 39 118 179 137 92 177 281 185 159 164 24 245 211 178 298 14 184 149 203 78 121 71 168 22 202 95 16 128 228 30 72 268 137 262 305 183 36 126 158 208 113 152 125 195 233 252 214 299 129 65 115 57 199 137 71 149 68 72 89 259 156 133 54 186 147 284 170 303 261 95 123 162 140 192 272 105 21 79 277 217 20 160 194 200 40 159 245 171 283 282 56 13 125 74 195 149 99 210 218 117 34 244 282 234 41 65 45 57 123 276 203 43 227 226 82 113 66 292 181 243 199 292 212 203 193 77 147 188 194 102 254 71 66 125 240 152 286 191 115 230 102 306 15 165 45 162 276 256 148 114 177 170 100 40 106 67 99 86 306 11 229 93 273 243 155 73 284 125 277 22 79 289 272 159 45 279 138 170 135 19 141 187 201 263 206 128 214 208 127 228 271 39 167 219 125 104 80 77 35 104 112 182 24 104 28 142 267 98 70 284 200 88 215 60 299 114 265 301 167 155 149 24 86 39 235 51 119 119 68 213 260 221 293 299 191 166 114 78 290 141 270 213 282 174 289 201 288 259 193 71 185 
298 49 175 132 219 163 199 53 283 129 277 65 53 83 136 151 132 291 16 201 209 228 101 271 122 295 102 163 283 238 286 285 92 295 102 101 136 78 41 119 16 22 17 26 51 113 58 93 184 97 188 62 77 273 228 19 99 53 66 153 141 81 130 35 149 72 16 156 221 303 158 264 71 187 100 100 15 81 305 68 68 25 13 205 301 29 41 104 269 227 227 269 173 32 258 230 246 74 280 34 254 132 134 57 90 216 83 47 22 246 81 281 56 115 297 207 49 121 229 91 192 197 95 89 28 204 127 155 86 218 309 282 223 20 125 62 16 14 307 98 190 204 130 64 114 24 198 116 34 71 48 70 121 295 75 169 65 74 201 185 134 201 304 217 229 223 54 230 14 67 65 166 58 115 295 236 208 86 261 55 43 269 22 89 139 265 251 38 156 116 208 221 248 233 21 35 251 197 282 37 182 248 272 130 131 35 230 10 94 91 286 253 112 302 115 88 123 272 166 132 54 240 148 151 218 212 68 267 14 262 241 53 243 141 263 83 35 92 281 85 122 205 189 181 254 89 291 294 243 122 14 226 250 153 60 190 127 113 173 89 252 103 195 231 149 283 157 153 37 106 140 58 274 50 109 152 59 116 185 159 233 276 141 241 120 194 218 11 84 127 83 282 112 306 216 122 149 88 27 11 
13 202 265 277 158 89 304 117 298 134 170 296 121 211 180 64 13 301 196 173 164 296 168 202 251 20 144 131 282 158 101 101 224 98 251 149 276 306 284 201 116 227 86 37 229 13 287 164 292 45 307 297 31 179 78 44 107 198 254 221 120 107 259 113 101 51 129 38 94 232 114 72 207 210 113 241 307 260 66 144 165 162 302 126 150 180 58 81 127 118 127 146 228 233 101 68 292 78 300 133 203 149 42 237 106 165 62 257 303 271 108 285 84 288 235 61 176 155 263 20 203 130 11 114 265 283 10 137 290 197 100 282 60 184 307 109 62 39 87 156 255 17 31 43 246 91 292 25 293 40 79 82 40 12 58 62 51 16 295 57 162 26 173 252 44 217 299 211 202 45 106 203 65 152 29 41 58 35 267 135 81 55 68 59 53 178 92 282 70 146 248 179 156 180 58 72 67 208 160 272 30 125 12 185 64 43 291 52 309 288 153 263 17 36 119 50 102 238 168 57 299 264 13 257 265 174 141 125 133 102 287 95 294 160 229 247 309 10 152 115 262 247 85 104 300 199 236 260 91 302 219 24 110 14 190 287 224 90 300 20 11 221 196 257 191 90 88 289 87 85 74 115 193 74 98 147 131 144 47 272 105 45 273 150 301 252 62 206 17 39 292 157 160 274 23 209 24 92 191 306 
278 216 167 175 190 34 159 35 164 287 264 239 272 143 166 188 170 86 202 258 137 301 37 91 136 117 155 108 209 72 304 79 190 35 197 292 86 152 114 69 57 293 50 156 162 268 170 150 72 272 235 94 54 152 162 34 92 123 169 22 279 271 168 15 164 290 14 306 56 290 37 276 90 272 226 28 129 260 24 239 59 146 238 139 187 236 165 227 39 278 193 122 69 294 191 47 195 242 254 160 224 142 44 305 237 158 64 194 200 291 274 279 276 65 42 292 93 261 208 230 217 188 211 221 167 144 221 162 112 169 211 174 91 262 185 64 240 57 288 75 284 197 98 55 98 27 298 94 114 35 128 94 31 203 187 274 34 224 105 105 133 200 259 10 32 244 15 48 231 199 142 27 263 214 81 143 262 153 41 225 101 66 265 64 40 225 213 110 45 72 129 179 12 176 32 233 71 243 221 45 36 291 157 181 271 10 110 206 94 112 264 104 46 91 59 304 172 205 292 28 252 155 179 213 125 287 244 86 44 147 32 36 245 92 286 78 280 22 307 33 256 182 43 127 26 148 121 241 148 175 189 241 220 305 116 23 10 111 132 82 296 243 176 57 173 44 65 29 276 212 66 204 136 165 274 264 24 174 301 219 11 82 16 97 155 221 32 216 37 134 219 80 151 185 289 131 169 134 18 55 
225 182 285 222 44 308 73 256 204 206 49 147 141 24 41 219 148 169 126 25 65 230 83 174 11 92 170 79 304 34 21 183 203 94 126 247 126 106 143 22 175 10 18 153 274 148 184 272 192 212 300 73 155 118 218 236 122 280 192 309 46 232 106 82 28 78 225 32 153 105 173 151 120 288 231 256 143 14 16 295 301 147 56 141 22 169 173 244 211 34 100 16 291 164 188 260 302 196 224 285 290 232 307 142 239 38 86 233 307 134 166 201 162 100 235 297 46 169 252 247 146 100 236 224 132 14 136 100 101 110 129 37 232 31 137 301 273 94 177 187 123 200 246 141 39 300 13 104 72 117 275 239 44 195 16 215 20 250 42 58 179 247 86 13 67 94 215 304 209 283 38 307 74 189 256 44 77 39 37 246 131 65 217 288 296 163 194 222 104 289 46 300 70 31 209 160 111 261 308 176 79 205 139 45 68 155 216 78 299 210 125 100 291 77 76 266 139 221 88 75 23 129 279 95 17 253 151 115 77 124 69 73 260 52 284 272 49 207 261 282 106 235 227 66 208 269 30 120 23 275 124 26 217 151 255 22 145 171 231 74 204 187 111 266 107 252 19 184 82 234 221 172 140 171 36 299 39 169 48 38 242 238 96 83 182 52 144 35 253 108 75 56 129 106 55 96 152 133 155 70 
130 106 38 173 27 175 240 16 31 26 118 217 68 287 101 213 79 110 167 58 21 52 109 301 111 149 120 110 139 119 207 42 17 77 45 213 35 66 39 220 60 98 179 193 83 261 206 304 63 155 264 160 73 256 298 14 242 105 105 101 225 202 128 267 96 81 225 131 242 63 228 308 67 30 29 41 17 235 17 205 150 93 66 49 110 306 74 283 174 140 265 265 77 270 306 206 278 272 120 36 106 188 145 32 15 283 110 214 309 47 104 188 216 254 19 204 79 287 109 191 156 39 237 137 307 147 132 43 307 49 284 84 162 124 160 235 301 263 259 67 244 272 180 48 134 145 257 49 205 83 174 175 295 267 85 65 304 222 104 249 252 159 162 30 227 187 114 85 279 196 60 69 49 210 189 170 140 254 201 82 290 211 247 167 27 207 153 135 71 245 48 124 243 204 118 142 256 193 119 308 67 152 289 55 200 201 115 297 260 56 259 204 116 17 274 17 285 222 109 204 189 138 37 157 275 163 236 29 221 57 190 17 212 189 269 142 182 277 77 298 152 105 191 194 243 219 136 140 128 226 104 307 12 83 239 292 33 164 20 303 70 126 277 187 19 210 82 182 25 174 265 96 67 104 308 202 73 227 121 34 276 46 11 17 278 134 194 268 35 19 125 287 96 213 66 179 191 35 126 170 
272 192 101 40 118 41 248 20 256 155 216 292 13 93 22 217 102 169 82 210 288 124 29 10 170 195 50 16 256 231 86 207 140 295 18 70 111 285 293 117 52 213 247 129 216 29 117 129 77 142 246 269 101 219 194 107 141 116 53 208 175 84 33 168 163 15 80 181 85 150 284 97 99 211 308 86 256 261 228 213 170 296 239 122 304 233 136 91 103 120 74 123 231 129 129 238 84 49 186 194 69 205 81 307 47 192 32 226 102 281 238 242 65 211 213 33 227 36 225 178 63 16 279 223 240 178 116 172 87 59 210 52 189 198 27 136 91 96 19 138 113 261 120 92 23 166 224 225 26 153 84 59 270 174 202 53 178 231 60 35 209 206 226 192 264 94 91 179 36 99 309 133 113 126 99 14 47 39 232 78 84 125 284 34 286 71 184 23 114 301 179 267 257 219 243 205 110 71 290 73 301 137 273 280 154 178 184 201 253 173 32 66 181 102 26 209 150 212 169 297 15 150 141 211 55 20 145 40 304 227 262 226 14 82 156 307 81 38 274 184 201 277 157 278 25 290 154 229 82 68 33 31 173 291 140 119 236 303 279 273 217 272 200 289 215 206 107 161 169 142 188 36 68 157 143 305 16 207 72 217 142 138 59 236 277 48 86 20 43 59 203 131 281 232 179 18 257 145 108 51 
254 243 93 273 33 186 194 20 19 123 199 67 107 96 301 180 10 202 309 182 168 275 303 138 257 249 133 282 135 100 279 76 265 171 14 246 129 72 186 258 194 153 145 147 97 109 277 60 116 139 159 77 244 309 40 72 268 17 12 117 93 137 278 25 261 180 295 51 158 251 63 241 123 28 68 234 138 241 148 224 68 37 73 55 217 80 278 102 298 275 253 270 148 57 195 109 230 232 32 26 242 196 272 285 56 66 285 43 276 260 305 215 233 83 206 71 246 140 217 23 123 179 248 94 167 293 163 133 185 277 209 144 109 105 266 95 304 130 27 200 162 130 50 98 307 284 136 123 132 309 256 49 20 233 105 285 90 107 178 257 269 42 193 24 101 116 165 167 236 232 184 134 229 147 181 128 147 226 57 247 121 139 73 124 288 257 155 142 38 229 112 300 254 138 41 255 104 27 293 288 251 300 27 51 120 175 204 86 204 280 186 189 172 210 38 277 92 123 15 309 78 189 301 303 73 263 129 104 182 40 277 167 309 178 115 231 123 42 289 243 258 298 159 230 290 206 100 168 187 15 222 267 186 181 288 265 117 192 253 41 277 18 47 139 298 226 129 294 202 208 116 260 86 211 164 200 85 75 139 72 261 33 130 240 151 264 218 243 78 217 93 246 243 225 237 229 171 121 69 31 
270 33 131 221 86 141 176 31 155 30 306 129 94 193 15 227 172 298 207 116 204 178 152 172 111 124 216 121 135 217 186 210 214 42 217 237 193 151 57 263 36 217 59 33 295 196 175 197 193 106 139 25 208 199 219 247 258 277 156 18 67 23 86 108 102 25 93 273 32 222 121 243 274 14 52 33 267 188 24 29 271 214 34 29 29 20 267 306 107 279 36 152 165 260 195 73 47 40 216 252 89 84 37 91 167 163 14 276 242 99 131 76 272 209 184 149 204 129 257 222 122 222 166 213 259 266 90 228 204 241 210 291 79 150 25 72 119 242 109 224 81 207 184 97 111 147 116 93 91 195 272 78 115 298 196 174 241 295 171 202 173 82 39 193 246 80 92 22 44 89 104 269 103 42 191 93 177 49 259 128 85 304 43 199 175 199 243 274 93 281 190 134 171 149 266 187 231 255 200 248 40 150 205 124 92 178 248 140 104 265 249 47 135 25 193 181 269 114 299 39 233 78 82 133 185 164 296 92 229 29 95 71 247 260 82 129 293 277 34 117 275 116 90 229 191 275 127 295 110 165 220 117 64 216 241 286 219 42 66 221 104 148 78 114 179 258 280 243 277 146 219 281 178 18 17 47 292 220 73 17 120 73 133 217 227 13 41 186 254 99 150 206 277 166 101 274 270 250 211 155 
212 40 289 227 218 188 212 264 78 242 143 237 101 27 72 102 185 268 283 33 80 287 292 238 167 293 204 126 123 71 159 140 59 201 217 160 10 40 185 201 278 104 305 144 101 109 203 30 162 293 15 266 136 18 142 34 186 79 146 183 27 257 244 231 208 116 198 223 210 224 185 134 18 153 42 141 210 41 231 78 215 284 308 133 135 208 82 265 239 166 309 65 177 40 285 256 178 89 178 269 59 82 64 298 21 151 263 33 130 37 227 16 258 121 20 24 139 101 101 228 197 73 55 299 281 156 143 126 282 40 91 90 204 164 245 85 100 209 192 103 109 115 73 172 302 296 57 101 251 309 188 79 188 300 173 154 227 202 114 149 194 37 222 17 205 245 22 145 69 287 109 105 273 22 179 30 184 221 52 32 87 276 136 193 105 199 298 105 112 76 262 254 249 297 111 91 35 36 185 115 131 193 178 103 292 205 31 164 206 152 121 162 208 78 276 306 298 238 292 269 279 107 22 261 179 254 286 291 309 279 203 130 187 19 118 266 81 178 79 309 295 98 264 242 85 124 74 211 218 297 265 237 216 27 100 249 109 121 123 141 255 149 144 308 132 305 66 306 201 220 147 251 239 281 104 129 271 88 268 192 70 308 215 238 288 229 202 219 226 298 121 35 113 218 75 61 90 239 83 106 
55 207 129 107 259 174 118 191 24 76 228 220 196 51 60 112 206 71 173 62 279 66 201 43 100 94 242 126 209 193 42 159 127 115 187 212 298 66 66 231 54 126 63 296 291 190 136 170 258 283 61 163 242 51 99 205 79 181 219 95 238 87 278 296 45 20 119 194 132 91 232 266 213 176 220 39 183 201 37 132 177 288 282 294 89 131 75 242 191 15 87 51 84 126 174 58 14 98 195 175 94 303 48 279 259 96 249 230 161 213 137 191 10 141 23 186 251 69 273 210 87 132 198 203 183 224 265 125 117 53 252 261 183 69 70 235 270 256 132 137 72 200 70 15 245 68 109 160 257 104 256 240 295 37 304 282 164 50 276 52 19 126 165 152 55 240 205 201 297 223 58 187 264 56 182 43 283 256 164 195 162 162 277 173 159 260 61 77 86 21 251 31 190 219 248 109 99 182 82 254 273 129 187 264 74 119 146 28 71 25 220 28 250 218 172 252 200 234 296 167 169 168 186 235 84 37 47 176 194 142 113 110 37 42 147 78 237 47 49 222 297 295 77 50 66 260 233 34 245 228 38 221 262 138 97 204 165 217 79 28 284 52 266 160 209 158 166 58 13 11 137 256 233 286 135 14 49 192 36 10 138 268 87 303 140 261 87 289 203 225 232 257 105 156 161 301 89 309 47 231 
63 98 304 234 192 14 301 259 35 270 145 217 68 88 111 28 107 16 145 115 56 163 298 121 58 218 105 204 154 223 59 239 102 246 99 201 297 263 116 118 20 94 107 31 266 146 50 172 232 230 47 146 252 162 137 225 34 246 223 150 23 28 278 54 210 306 58 141 253 213 128 15 297 52 295 199 176 308 211 69 238 13 121 21 65 221 44 308 58 136 263 290 97 252 112 305 164 46 137 113 174 248 217 293 281 244 65 45 51 129 207 140 117 24 183 84 153 170 288 160 176 260 225 253 218 187 209 243 198 282 244 50 154 280 235 57 257 18 157 102 293 205 86 200 49 171 68 224 43 140 237 229 271 279 225 139 45 194 84 146 110 14 306 28 29 90 169 102 163 275 102 38 113 292 32 87 183 210 97 269 16 159 131 24 244 163 138 123 107 227 59 43 128 122 272 158 182 252 144 13 73 261 150 101 232 245 133 229 90 114 11 150 259 287 114 105 133 169 122 185 286 112 288 161 203 270 110 28 73 12 256 165 83 273 199 273 220 158 80 211 239 137 139 12 268 84 97 63 65 34 187 286 137 167 96 13 283 270 108 203 174 212 233 23 187 224 74 85 220 183 235 245 124 16 60 102 291 42 129 107 164 212 134 286 296 118 46 238 148 219 206 151 102 94 211 47 39 308 83 135 
25 106 260 162 71 71 77 145 117 85 162 172 251 273 246 188 107 279 172 298 67 291 131 15 251 32 25 248 91 67 253 63 69 48 188 286 32 103 241 37 245 237 120 87 237 232 229 141 63 208 40 177 207 47 164 180 164 164 17 298 149 196 198 187 98 93 90 235 185 262 161 49 156 186 159 199 98 224 173 193 100 120 23 256 296 96 305 69 254 97 129 226 223 134 120 92 172 193 108 279 108 250 297 25 136 89 174 217 270 167 55 139 196 31 261 167 291 292 274 15 287 167 74 20 112 139 40 113 258 197 148 214 205 77 161 186 191 296 131 273 218 56 307 43 145 125 34 101 307 13 43 57 302 210 135 120 145 218 298 15 40 187 92 261 138 245 21 24 233 61 196 254 233 239 113 114 150 182 122 307 224 10 107 108 152 230 66 228 277 91 286 245 174 309 253 163 101 133 260 238 216 302 74 172 72 80 41 268 92 150 240 24 83 254 44 156 100 291 121 135 160 62 219 53 133 177 186 89 50 100 219 37 182 37 273 165 182 155 282 156 165 241 145 117 219 199 252 128 154 229 25 23 42 51 199 199 32 205 14 31 31 260 158 301 175 180 168 26 107 260 14 11 40 167 193 237 160 16 184 193 202 76 142 64 196 126 208 48 263 168 92 36 158 272 221 21 21 181 241 74 
151 271 163 100 298 204 112 65 98 285 279 226 41 128 236 256 125 39 155 308 266 309 218 181 266 244 108 189 290 187 42 283 83 212 81 236 69 196 230 169 154 110 263 44 14 250 275 116 94 155 64 58 290 306 22 93 92 200 302 46 65 10 256 17 62 160 70 267 24 252 14 40 75 203 246 302 141 104 198 258 225 124 182 187 298 166 173 29 63 216 109 300 139 162 107 169 13 201 53 20 279 278 134 195 70 264 294 233 255 83 178 150 109 307 275 90 27 229 206 165 235 12 187 70 283 287 154 51 18 108 137 259 163 148 96 141 42 73 257 208 67 284 127 216 91 189 193 236 196 267 67 172 292 260 113 81 245 129 195 66 91 238 219 258 151 200 308 43 191 226 239 173 165 29 25 307 217 28 177 201 233 152 162 242 215 281 218 164 89 228 92 143 240 125 79 262 191 72 184 188 141 268 66 145 50 12 124 127 90 70 283 304 278 88 40 93 143 209 188 160 252 228 282 101 263 123 185 162 16 166 171 89 17 257 180 154 233 124 143 77 210 309 122 233 52 11 285 298 280 97 257 217 53 133 137 117 162 199 260 15 165 252 156 49 34 239 79 32 302 85 172 177 37 19 228 121 150 122 117 156 23 214 150 54 153 183 65 122 192 236 78 260 90 265 192 62 268 268 13 54 
94 218 105 38 160 295 115 176 13 255 91 188 195 238 211 299 259 283 145 309 142 268 97 71 23 37 71 145 28 290 119 301 20 145 71 65 99 173 124 41 227 143 301 309 252 271 136 157 55 135 90 26 123 242 102 64 105 168 21 172 213 123 184 165 304 117 169 49 228 145 275 37 226 219 277 21 207 260 241 136 305 308 253 176 147 90 157 264 56 90 174 43 151 309 222 41 82 254 269 207 157 46 116 260 182 45 84 16 271 300 261 219 250 39 220 56 183 288 249 35 142 31 129 13 135 35 59 197 267 272 277 182 253 134 306 308 185 119 58 183 80 37 253 263 209 95 15 285 165 68 252 16 105 155 291 163 180 300 212 214 286 123 102 139 213 145 230 160 265 203 70 194 235 66 293 268 14 171 100 176 152 106 192 52 232 58 68 97 202 262 249 144 240 187 88 66 259 261 193 30 234 191 130 116 294 95 177 105 305 37 169 228 233 94 50 131 91 132 68 74 141 84 126 210 244 181 19 142 82 283 81 75 246 210 284 306 116 184 253 186 239 188 191 166 158 308 290 111 59 37 39 14 166 186 119 113 158 15 211 140 223 63 238 226 135 52 77 43 14 241 220 32 12 19 202 205 38 272 99 27 23 298 28 194 276 32 87 161 186 70 187 51 228 133 294 288 144 141 197 300 
302 22 304 303 134 160 142 154 145 27 283 189 120 173 192 46 264 202 47 232 277 91 236 196 100 206 263 304 98 101 296 305 87 167 243 166 127 206 19 41 216 127 232 210 24 252 251 93 81 128 199 217 258 220 154 282 303 44 182 95 96 256 133 309 302 196 166 66 58 249 180 221 78 10 27 281 261 89 33 84 111 223 231 10 301 267 105 210 98 229 272 88 50 158 301 156 209 281 220 114 204 113 307 139 155 130 164 31 266 106 198 122 230 213 219 116 23 274 89 304 240 219 238 148 52 195 164 279 134 307 139 171 119 159 118 262 200 221 231 131 284 221 246 272 243 43 286 174 119 115 77 275 309 60 247 119 103 187 190 170 97 208 177 65 73 273 302 51 192 269 95 294 274 88 44 218 17 38 249 173 61 61 275 163 86 243 209 180 150 286 247 44 208 301 175 67 78 280 18 289 39 208 150 35 104 126 265 39 112 108 40 300 101 252 93 298 42 43 262 288 117 77 11 38 45 55 225 21 189 200 160 85 246 253 206 51 287 215 149 199 185 275 47 56 168 191 144 229 209 250 56 38 109 238 289 16 244 149 275 148 274 154 226 35 276 168 260 106 150 307 176 128 187 213 174 80 69 16 44 71 151 271 68 235 205 22 294 265 235 114 157 308 81 292 17 26 189 69 96 175 
129 182 225 235 94 144 16 285 257 126 212 86 125 126 289 122 298 10 110 229 280 164 90 232 235 36 137 275 137 16 117 270 172 20 82 199 83 39 119 291 95 25 305 102 14 255 201 152 158 212 189 241 198 126 247 29 203 200 194 181 173 189 13 17 40 33 265 78 121 250 281 93 191 178 48 100 299 74 270 49 203 210 219 129 106 179 220 47 301 134 231 73 236 16 62 41 68 69 67 96 104 212 187 92 65 83 103 184 187 19 249 212 156 79 159 240 115 149 221 41 153 21 130 102 235 137 225 81 309 268 280 262 224 111 276 231 250 173 166 253 82 210 210 149 58 130 38 215 129 279 250 307 164 172 205 109 169 248 86 179 121 243 168 148 234 46 42 27 53 176 43 59 112 43 81 74 292 273 252 117 117 225 190 114 250 237 77 193 130 153 13 87 110 100 262 309 249 265 127 135 163 289 68 80 238 71 206 272 86 215 105 135 137 295 247 142 69 291 170 211 110 77 161 262 228 280 167 129 110 168 65 88 178 206 19 218 279 120 116 210 145 296 101 281 16 45 179 206 227 46 308 211 194 158 107 172 102 56 223 18 20 136 238 121 276 121 38 65 51 140 32 54 219 288 279 22 35 12 163 199 307 146 54 228 93 18 280 220 303 134 170 69 247 27 150 84 213 160 105 170 
63 225 58 212 39 131 285 218 176 250 230 20 102 299 241 259 47 159 293 55 154 152 156 109 47 122 295 226 87 281 106 140 54 21 86 105 178 193 265 54 46 228 298 42 18 245 105 287 293 267 249 96 80 213 28 180 213 181 147 209 44 306 128 240 156 286 28 89 222 178 136 270 13 299 137 113 74 193 82 257 26 144 35 240 91 84 72 218 292 181 172 233 107 161 258 190 130 198 279 295 166 55 18 65 142 61 236 20 163 245 184 100 306 140 226 254 307 235 242 52 196 12 252 273 277 265 93 269 31 280 192 195 186 190 234 128 124 232 175 23 227 142 218 77 117 54 15 147 222 265 263 98 230 16 292 110 133 74 293 214 143 139 272 171 135 16 277 70 179 242 114 227 17 53 170 300 144 134 250 71 114 106 131 131 229 148 11 268 199 140 126 184 147 65 140 241 44 266 212 296 156 41 137 240 229 80 254 240 127 176 231 213 302 90 141 284 53 47 23 242 212 215 127 164 45 97 275 133 221 270 169 66 130 24 47 45 172 293 127 162 236 96 246 74 251 281 263 144 63 267 222 136 182 83 70 194 276 287 40 116 255 158 116 31 105 134 65 167 97 122 277 17 273 218 234 157 203 175 67 228 274 279 157 295 72 160 229 205 301 139 18 97 309 225 295 68 81 301 103 238 
136 137 99 18 61 290 88 143 149 132 258 303 234 99 64 239 115 62 49 21 278 205 78 294 263 198 112 108 219 136 53 61 98 132 122 296 292 168 88 183 118 80 148 98 183 162 131 123 61 37 145 287 126 286 244 28 70 139 81 208 75 95 167 184 201 209 15 112 47 264 166 206 256 280 84 133 58 154 34 84 301 134 303 175 293 96 192 133 297 139 16 15 31 154 76 60 248 295 180 281 105 266 42 11 218 122 48 15 90 138 68 293 139 227 277 112 188 236 149 277 288 22 266 66 265 69 306 117 244 118 190 177 207 283 287 75 72 163 126 213 140 231 46 99 28 129 193 283 114 187 201 107 99 80 222 24 252 180 295 54 215 106 120 193 183 201 63 78 95 228 175 214 159 27 304 290 191 53 77 95 235 243 178 208 199 201 206 142 24 307 172 16 24 119 184 87 67 193 144 211 210 171 187 135 95 239 230 93 200 173 94 117 180 85 273 40 199 73 180 128 114 23 16 182 84 49 196 203 147 280 31 103 153 46 58 147 260 295 64 81 108 263 175 305 268 142 126 38 124 16 41 17 109 110 297 209 181 120 109 176 173 261 307 125 237 140 119 111 227 208 65 193 242 98 294 206 215 89 296 74 109 150 121 298 98 205 301 197 286 56 79 299 263 123 146 290 285 104 240 283 
259 68 50 50 306 249 189 25 34 185 69 98 198 27 192 54 191 25 101 281 176 78 29 156 257 32 170 182 233 292 123 170 152 117 183 207 21 258 105 89 196 172 275 131 151 132 93 158 266 236 225 305 141 108 89 286 289 271 125 292 61 119 113 72 95 113 252 165 213 92 286 19 201 73 103 71 73 11 34 37 59 88 185 258 116 199 57 221 193 72 305 56 230 233 186 18 39 62 297 195 93 255 184 158 146 128 193 54 275 49 261 212 268 175 181 164 81 204 198 150 260 246 30 79 207 250 289 188 96 18 309 278 110 83 82 307 286 125 73 292 117 159 123 263 119 179 132 190 61 141 120 85 179 159 170 277 77 50 208 53 307 187 70 102 230 144 238 89 205 300 54 200 272 187 72 153 99 295 211 77 191 160 195 229 97 222 179 205 131 145 161 178 38 88 142 58 92 302 210 221 151 41 306 306 119 247 163 79 93 199 10 173 119 44 99 11 226 28 271 124 173 15 41 51 156 289 114 151 253 125 227 275 165 16 47 275 254 182 290 20 308 287 41 233 70 140 147 278 270 187 172 205 119 168 40 115 182 142 289 188 207 210 121 246 50 209 182 215 146 168 247 285 252 299 304 253 283 230 288 243 162 124 66 125 298 217 21 106 238 47 229 286 232 119 159 23 235 152 271 37 
14 180 131 269 125 27 14 238 170 193 210 170 265 79 23 168 113 200 286 49 303 184 208 36 116 49 147 81 146 30 193 166 218 296 78 161 288 243 181 296 59 309 201 214 67 45 130 93 184 258 69 228 122 21 60 35 57 229 159 257 137 269 82 229 98 119 292 272 264 271 291 146 23 86 289 55 253 24 30 296 304 168 243 150 129 102 167 286 165 17 272 210 24 286 20 27 171 225 280 139 106 183 125 281 177 236 133 166 302 305 152 118 280 64 84 212 159 191 169 38 32 307 234 121 81 110 248 240 232 282 288 254 257 63 178 232 82 99 102 107 154 125 44 175 264 252 204 169 269 132 56 75 220 289 296 266 214 283 222 247 190 30 94 100 93 116 204 72 77 151 265 297 46 203 106 218 153 303 218 134 149 54 106 124 43 89 44 240 23 67 289 76 295 170 215 254 282 160 137 249 178 164 223 13 73 206 61 76 118 284 180 43 150 163 49 86 125 162 68 199 234 137 179 24 178 204 306 243 289 260 302 250 49 78 155 155 259 184 51 185 47 65 276 23 280 121 67 168 232 95 129 288 305 185 142 163 80 133 257 60 105 69 75 35 163 98 72 178 161 72 234 252 105 77 231 191 80 198 297 219 110 178 123 243 151 50 83 40 155 222 226 216 250 150 188 309 39 226 53 98 
190 281 259 129 131 88 40 22 217 120 62 163 50 62 82 292 285 90 294 276 298 205 142 148 273 82 221 148 305 132 151 288 290 145 26 73 213 294 301 180 87 57 208 95 21 167 309 49 246 276 283 230 121 43 41 84 249 31 45 67 270 182 186 276 265 43 54 48 251 159 80 91 215 31 193 51 170 209 278 225 102 60 13 171 45 69 55 307 182 308 181 59 185 246 182 149 80 67 285 93 286 79 83 65 15 45 302 144 21 72 195 150 217 146 69 75 165 278 192 93 72 172 241 220 250 222 66 284 62 197 77 53 73 250 16 74 238 183 103 194 178 205 173 180 216 186 20 89 61 29 91 44 80 69 117 257 206 208 204 48 168 126 11 147 245 232 256 79 289 213 220 56 90 254 228 129 18 48 256 206 121 216 34 77 61 290 293 146 40 303 58 134 213 60 19 304 44 218 114 300 106 187 125 99 148 268 211 66 236 281 17 289 178 166 67 279 100 143 304 212 84 67 101 90 241 260 120 24 96 198 144 276 220 169 181 194 24 191 276 285 44 51 37 75 244 303 74 284 72 284 104 79 114 196 273 23 292 262 220 14 265 265 228 243 56 139 37 126 267 136 149 274 117 203 126 275 305 115 77 288 53 153 167 114 87 286 281 29 35 159 77 159 197 40 291 59 300 129 193 247 
104 245 23 273 248 38 90 178 299 62 135 244 75 171 22 162 166 61 39 29 197 285 304 78 282 113 93 301 302 251 269 152 239 96 130 113 67 230 215 75 69 228 239 228 71 140 116 170 164 81 29 135 70 62 265 271 256 306 294 244 306 234 109 46 57 128 102 254 193 77 209 267 308 169 122 139 228 81 251 95 236 270 136 282 307 92 12 308 61 170 93 182 183 20 136 304 185 48 210 41 110 221 170 94 182 237 116 70 34 163 245 269 50 284 216 231 219 25 149 199 27 256 27 235 265 302 167 110 231 198 195 114 62 188 308 239 173 284 293 100 202 100 239 159 150 247 261 30 82 64 167 264 186 86 33 280 280 257 134 90 12 281 165 268 222 221 161 291 205 127 56 270 239 262 161 45 61 112 30 286 33 289 111 28 284 207 85 85 253 39 57 42 123 101 36 288 158 208 47 145 80 116 119 143 85 195 123 148 18 133 225 299 202 299 277 59 183 203 295 141 231 90 44 170 304 162 256 217 128 21 75 306 180 132 224 104 169 129 25 192 165 95 276 122 216 308 149 196 86 154 245 29 162 165 18 223 243 32 209 224 226 184 304 17 165 224 156 265 218 247 86 44 63 183 256 203 128 211 198 287 106 308 249 256 18 99 61 121 69 279 54 164 267 33 148 263 37 103 135 193 
52 240 111 113 147 215 72 77 88 188 114 122 69 277 133 119 204 82 271 91 157 235 280 222 200 88 73 304 214 16 12 180 156 154 128 79 297 73 302 73 239 131 39 94 150 305 183 237 180 13 33 301 28 300 51 270 131 117 132 103 188 273 185 43 137 84 281 297 138 172 224 206 54 53 138 242 194 204 59 223 204 212 86 29 76 238 99 235 31 104 233 136 229 53 244 22 103 70 270 231 209 292 292 85 131 208 91 76 231 51 227 113 30 111 224 289 115 213 91 306 229 181 100 85 55 27 122 113 254 204 210 282 58 80 288 178 32 73 102 44 32 252 86 230 73 258 121 237 165 286 133 194 251 300 213 167 229 41 255 270 51 126 143 298 109 214 36 272 49 36 258 275 81 48 71 259 174 53 279 74 125 219 231 200 284 222 35 81 188 66 178 208 149 224 291 26 271 105 30 115 128 306 204 265 307 48 155 239 303 108 248 103 103 206 230 283 308 261 87 293 51 242 69 225 137 270 299 27 223 29 132 45 119 133 301 21 149 154 282 35 226 119 296 269 223 305 178 160 136 215 241 215 78 141 102 50 89 253 130 132 30 62 208 55 262 91 162 24 59 72 27 70 71 299 85 292 218 242 259 203 271 190 89 196 245 131 126 66 284 239 138 114 195 245 160 200 123 162 190 93 
166 205 44 21 125 174 289 131 66 140 192 211 177 252 239 196 137 285 125 113 187 213 257 189 134 116 125 53 236 16 40 57 177 88 247 192 72 186 174 123 190 222 202 136 119 40 158 278 117 201 83 157 96 212 212 76 179 216 46 149 257 204 219 51 212 123 294 42 220 293 222 39 259 10 282 28 84 77 31 214 294 248 160 187 138 282 47 103 135 149 101 78 204 89 288 152 135 209 274 123 178 237 202 96 183 159 93 84 288 41 227 18 218 159 79 282 165 157 290 239 53 220 204 88 95 221 127 76 155 114 50 76 13 272 105 218 89 253 270 303 43 219 203 143 223 132 137 12 258 83 193 296 165 95 108 252 37 231 304 146 291 266 53 33 253 40 41 132 178 112 148 231 158 283 70 184 17 33 302 137 27 90 255 53 244 144 97 166 135 131 71 27 308 197 182 17 154 160 272 242 229 120 166 44 100 53 159 243 86 288 174 110 11 25 301 239 309 233 99 81 188 149 103 290 217 303 242 41 305 199 47 61 134 93 301 207 98 165 85 92 132 63 61 39 207 212 107 50 124 196 138 142 156 197 225 16 238 180 173 77 282 147 202 241 197 247 229 244 211 39 85 84 131 216 134 155 177 31 301 189 234 264 45 84 227 199 185 256 103 152 187 16 227 303 25 105 167 162 34 266 
223 307 115 307 101 209 74 283 76 238 99 72 122 100 21 164 286 132 215 39 257 16 128 146 78 283 24 22 135 187 100 277 282 154 83 92 80 133 297 70 221 209 168 284 256 234 34 66 76 186 199 64 123 294 247 76 230 287 262 163 305 32 182 39 97 110 120 212 243 248 87 121 23 68 230 53 44 229 92 61 169 34 12 140 233 43 198 206 244 295 252 245 162 110 37 170 39 24 108 42 47 274 296 196 90 19 227 46 43 77 271 82 302 165 44 83 100 288 67 91 206 271 30 88 297 130 293 10 272 193 81 71 27 303 151 14 154 18 152 40 185 74 114 280 70 217 141 248 179 51 283 148 66 96 184 187 282 35 214 196 57 295 96 59 259 23 178 87 80 101 220 214 212 208 106 167 62 144 268 100 274 218 305 181 300 28 54 147 102 100 168 247 13 24 25 237 303 286 175 113 191 221 233 61 50 307 199 281 164 180 108 242 262 176 303 116 179 80 199 275 152 199 58 80 292 90 32 13 160 80 175 17 139 80 309 145 198 260 181 80 58 111 103 19 102 244 307 212 103 277 68 55 136 71 158 267 103 155 96 304 77 21 113 182 173 227 289 233 68 121 44 212 115 304 207 282 262 108 226 207 32 161 193 249 75 87 110 167 53 190 286 166 278 130 199 277 32 63 101 73 
17 279 216 154 76 306 166 24 191 83 200 238 291 122 62 219 128 285 227 69 242 287 22 26 200 185 107 101 188 171 157 118 212 255 128 201 236 251 42 181 212 285 273 128 162 66 15 237 171 36 192 180 99 85 12 89 290 272 251 172 306 110 57 92 101 199 113 79 55 118 287 156 229 262 93 194 60 283 43 52 56 40 127 69 178 138 16 267 208 69 45 302 45 298 252 162 309 64 11 97 286 171 271 166 258 194 43 207 22 76 228 184 280 197 150 28 134 53 113 43 191 258 309 292 57 262 83 137 71 67 262 93 79 86 184 66 292 61 112 132 250 165 232 192 18 43 190 104 212 146 105 41 54 49 133 134 63 277 110 65 167 291 241 27 112 259 36 117 202 107 124 56 243 285 244 244 291 142 107 169 86 254 42 130 257 256 307 11 202 141 109 232 58 183 198 283 89 266 289 190 69 76 271 56 58 254 200 54 294 27 33 220 159 127 133 50 173 86 29 96 214 193 148 37 79 125 147 303 309 200 92 194 55 113 117 168 114 239 259 200 139 24 72 145 27 198 102 80 117 183 293 84 67 225 42 150 146 296 309 54 168 231 248 249 166 256 261 183 91 188 234 274 146 30 191 119 251 215 128 141 285 186 104 300 190 109 133 12 220 308 140 290 122 120 247 210 286 182 241 153 
265 265 190 273 80 110 167 47 50 279 45 64 182 137 129 20 270 69 43 10 303 37 267 160 256 104 263 145 41 64 27 284 309 87 277 36 20 86 144 120 72 132 71 182 158 175 14 47 128 178 85 269 214 127 284 299 213 237 125 159 141 104 96 273 218 180 231 108 186 20 170 219 62 240 243 206 12 172 165 205 274 218 86 20 246 54 25 103 137 289 49 200 302 144 227 43 189 21 246 209 79 302 129 20 155 177 153 253 113 33 199 115 250 162 168 304 305 226 91 294 61 146 135 87 118 151 270 72 140 174 165 298 210 158 40 86 19 173 12 215 251 156 264 149 260 295 265 300 242 47 154 10 284 10 270 249 35 260 207 228 57 112 83 44 303 275 293 138 83 302 54 155 285 46 16 106 230 147 102 166 117 126 90 219 94 64 64 222 268 41 63 108 84 161 185 186 58 309 182 155 266 190 93 214 227 303 242 307 290 40 255 91 307 65 142 146 248 39 111 13 82 61 94 128 291 63 307 41 188 247 204 106 20 44 34 103 94 128 204 132 224 100 188 249 127 101 159 271 25 253 156 74 120 184 228 295 148 72 72 65 84 43 90 218 158 152 169 143 217 183 196 52 246 277 217 248 109 39 126 201 201 133 235 62 34 74 297 142 183 294 258 53 15 48 78 108 151 186 74 129 
140 102 51 159 134 202 77 303 94 177 297 64 280 195 199 241 257 163 268 292 86 284 159 109 60 46 238 183 203 266 244 262 216 147 173 206 260 50 125 175 33 17 260 114 63 231 58 282 63 247 110 158 175 278 292 46 111 222 248 144 174 196 65 218 212 112 133 69 186 119 69 192 58 58 245 192 41 153 302 98 42 86 199 243 65 60 157 148 172 190 217 211 125 228 139 144 36 159 173 211 210 184 73 60 278 231 82 37 171 21 12 276 294 276 79 276 297 65 146 106 224 63 164 99 139 94 55 33 77 282 271 225 51 237 117 194 80 202 136 203 267 43 88 309 294 42 194 109 138 143 31 221 194 189 172 209 133 246 88 280 302 40 108 222 94 118 268 112 28 266 211 142 143 44 181 65 66 274 127 17 188 261 175 200 219 49 160 204 45 249 236 89 55 157 304 43 118 19 152 175 267 83 247 291 139 62 197 19 142 166 199 33 239 32 159 224 245 217 90 269 249 249 213 242 292 257 279 279 295 144 107 150 83 217 20 50 154 55 262 219 35 72 35 148 244 154 251 181 170 307 220 111 77 11 221 189 282 228 256 188 193 149 194 114 79 24 109 238 84 125 21 55 268 82 88 43 286 304 207 198 166 125 114 299 151 280 82 290 168 58 296 307 141 139 28 14 296 200 196 300 
53 225 38 256 141 82 93 189 174 278 131 247 79 249 142 121 97 283 104 246 111 135 200 306 230 296 11 175 224 233 67 103 182 60 133 229 103 294 245 283 146 21 186 38 307 249 71 92 95 131 249 65 42 279 161 209 180 257 193 192 198 147 43 144 13 13 10 283 209 69 247 77 304 291 217 252 89 235 76 48 223 182 31 294 209 275 90 231 104 39 251 38 94 66 115 102 125 151 224 237 163 290 104 114 240 130 60 84 210 210 34 154 55 147 284 290 72 305 222 277 177 308 45 157 173 243 113 54 119 256 56 117 245 143 24 162 44 60 267 164 65 46 257 262 222 145 262 248 132 286 68 210 203 14 219 100 166 196 67 64 61 227 34 123 180 43 51 278 134 291 278 164 294 43 129 48 289 118 306 73 304 235 273 183 79 51 141 96 122 215 146 19 10 112 10 29 171 138 132 14 22 141 152 65 218 273 301 210 211 289 175 140 112 130 21 308 132 101 30 244 131 182 286 299 119 271 87 48 235 240 121 206 114 116 135 155 31 268 62 211 172 226 251 70 297 53 132 152 182 59 59 217 263 83 95 142 71 284 23 38 131 97 236 284 12 171 93 293 112 28 241 29 52 149 100 187 306 182 226 308 46 37 120 130 97 96 217 105 10 179 124 259 195 185 234 271 47 138 11 47 
210 253 96 204 260 194 307 290 231 295 262 223 134 159 57 40 62 175 231 111 240 64 91 283 43 85 75 77 276 269 29 263 259 39 59 134 231 46 112 187 113 267 201 138 53 301 238 175 125 263 222 230 162 31 136 17 72 103 291 270 286 132 170 86 234 219 100 236 230 67 43 23 266 210 43 184 300 23 246 238 202 76 42 262 303 157 231 181 217 280 145 43 57 207 247 11 223 251 89 225 147 210 76 290 153 295 156 182 173 29 287 174 22 221 47 132 288 228 95 32 198 61 210 212 97 126 93 32 291 200 104 166 104 71 178 180 79 264 76 75 27 243 51 166 120 248 265 120 131 17 41 170 176 148 90 284 79 37 90 221 217 259 151 186 217 131 66 227 262 24 279 136 147 69 83 175 80 64 55 261 282 181 294 234 258 283 261 192 134 236 274 291 221 118 279 67 93 184 48 146 197 211 108 189 211 27 46 196 130 210 86 20 245 186 304 105 160 168 135 156 255 199 307 194 104 239 139 249 303 108 180 51 93 198 176 85 129 22 294 274 175 96 58 212 90 222 239 202 147 141 296 286 196 55 264 25 77 309 53 165 150 198 142 298 200 151 167 197 269 268 93 284 66 259 11 182 147 120 153 286 158 269 127 289 175 78 308 149 96 19 107 67 59 161 29 257 148 107 269 24 
25 134 204 151 299 107 53 229 207 131 20 28 81 255 49 223 104 162 256 309 230 91 198 302 20 223 27 161 113 66 205 187 127 105 235 135 147 76 127 246 291 289 301 269 245 165 222 273 285 45 12 286 289 212 154 239 249 291 106 229 14 129 233 201 127 144 182 39 261 239 151 45 46 309 44 193 93 298 274 146 256 53 31 304 268 34 75 37 192 121 190 42 115 58 251 35 103 198 129 72 206 262 39 65 248 219 49 123 177 18 200 275 245 288 259 158 132 277 196 213 223 217 157 299 192 155 256 217 201 297 111 217 120 215 280 271 102 99 304 91 29 57 38 15 106 240 154 252 263 125 59 110 109 167 202 298 66 178 52 130 192 288 185 99 25 196 66 178 238 13 80 235 126 143 122 47 61 144 69 31 252 294 102 193 147 239 76 83 36 193 178 251 309 262 127 181 53 107 88 67 19 269 170 300 223 104 93 274 189 152 104 147 36 32 206 150 259 221 248 103 78 227 208 211 111 297 197 104 174 179 180 205 230 27 90 141 285 169 95 125 131 32 283 291 29 256 19 160 135 77 142 214 280 39 188 134 286 220 279 280 214 76 104 17 225 163 304 284 154 228 175 52 122 68 146 96 25 276 224 228 87 259 266 115 243 255 99 202 87 103 140 228 136 25 33 250 47 202 164 161 
156 42 83 30 162 24 288 237 160 173 47 181 190 100 15 75 278 166 193 117 56 138 170 77 249 192 207 113 200 182 309 17 291 100 137 92 207 16 290 295 284 292 142 272 148 278 307 41 74 296 257 75 136 297 107 126 44 200 265 302 189 60 133 200 301 292 194 161 114 240 256 90 91 175 170 208 193 258 208 230 166 233 149 261 192 101 216 84 217 113 257 204 73 173 178 165 112 108 246 286 62 208 270 185 53 300 131 122 118 185 75 306 98 33 295 287 254 252 140 102 280 219 229 164 112 239 245 209 292 266 189 106 64 17 176 116 152 205 188 106 10 253 148 64 262 16 128 284 181 171 117 301 158 46 202 185 223 264 18 103 251 156 54 14 222 209 97 193 50 268 83 239 185 208 223 248 59 302 280 45 157 27 265 112 282 15 196 192 85 31 100 92 115 29 79 265 38 209 218 33 23 160 86 125 124 173 47 207 36 76 87 17 63 202 193 272 65 16 271 68 42 139 284 195 255 100 266 68 72 94 35 195 117 184 74 230 162 255 221 129 118 120 125 105 74 30 225 161 297 302 254 54 231 206 15 237 216 291 156 159 46 154 72 177 98 214 195 267 167 248 165 209 107 119 233 172 294 25 77 298 180 94 42 50 279 295 187 118 157 213 297 61 146 95 233 251 305 17 297 119 
167 23 55 120 85 22 60 139 20 185 181 40 294 278 240 175 150 154 52 45 214 150 132 91 116 272 277 30 59 197 199 116 255 268 183 238 12 39 154 50 179 257 88 222 129 72 113 210 160 279 180 235 104 214 183 252 130 288 218 170 87 54 91 182 246 19 28 113 190 156 67 140 59 300 271 285 55 126 172 290 130 182 229 39 117 85 68 277 22 265 154 162 301 120 131 134 89 232 60 72 69 279 223 265 240 196 158 276 88 90 228 144 299 123 141 222 127 75 144 186 191 170 138 10 17 196 248 212 123 239 261 49 109 90 145 11 303 68 193 252 150 79 92 87 208 278 78 219 50 229 139 122 26 23 242 124 204 44 42 111 84 92 308 181 280 64 230 215 152 160 308 209 47 172 149 164 223 139 225 75 145 253 148 121 82 88 189 17 101 129 244 183 304 224 157 51 68 177 274 276 53 196 86 82 294 183 19 38 139 15 281 141 184 24 173 208 271 81 160 116 164 47 196 142 240 217 287 112 132 69 181 148 68 116 169 116 184 91 290 166 245 60 172 274 51 283 280 203 269 234 220 183 158 259 204 122 147 268 300 127 113 216 87 143 20 308 111 194 88 140 90 296 259 47 304 174 43 136 46 309 281 27 151 222 94 123 113 247 305 26 278 265 294 254 99 262 193 244 293 277 
122 238 46 299 192 33 206 12 199 89 111 159 138 56 125 82 28 301 135 234 227 49 94 101 171 191 163 233 268 213 10 128 214 229 92 268 120 84 94 37 235 212 187 40 269 166 268 247 225 284 289 58 48 119 240 188 184 95 57 139 152 281 148 256 105 153 130 22 212 22 136 68 116 175 189 133 224 183 55 76 64 127 297 80 268 26 259 282 286 202 134 120 146 201 109 140 42 82 296 38 195 45 219 234 149 181 171 306 125 17 249 206 169 56 245 292 48 148 85 214 240 16 77 210 148 174 218 101 58 25 236 15 297 107 185 71 18 29 19 86 280 226 135 108 173 258 30 237 179 244 200 125 87 301 280 195 84 82 151 235 255 184 125 146 102 239 28 254 23 221 126 189 295 184 149 67 255 285 12 184 141 18 209 94 113 94 233 123 106 123 204 209 155 196 178 11 227 89 93 131 305 156 120 161 104 281 214 170 107 293 59 292 214 193 268 306 216 289 301 263 196 11 229 68 154 98 12 213 179 53 184 95 51 98 296 295 70 255 208 214 229 266 107 82 307 143 21 24 240 288 248 242 296 212 125 27 90 256 251 185 131 211 84 178 226 111 92 86 50 261 257 71 238 288 227 126 120 219 99 49 235 217 110 114 245 233 17 11 53 172 183 110 46 259 171 283 105 291 142 75 
195 166 46 84 189 175 96 55 15 293 52 289 271 74 127 284 276 206 213 251 39 113 35 201 20 41 267 23 276 166 87 237 53 192 43 238 155 143 58 225 150 250 114 127 23 118 306 154 248 71 277 252 222 106 105 57 173 149 121 217 307 197 139 298 97 106 136 60 114 140 129 217 212 256 10 87 112 176 261 12 249 256 121 262 224 253 291 71 90 191 197 126 207 42 141 42 30 56 69 15 228 146 92 35 213 260 15 199 205 42 270 174 131 233 16 100 144 249 166 158 182 59 282 286 231 294 115 115 16 10 233 42 33 174 73 38 298 262 59 100 246 139 53 42 139 194 216 59 291 122 134 60 54 94 282 136 147 78 175 14 215 180 113 226 280 266 58 179 34 43 156 205 60 91 232 47 212 43 295 206 20 232 270 170 40 114 187 92 68 48 246 129 48 66 209 251 293 36 144 234 89 33 276 196 45 154 130 71 219 36 82 86 163 207 24 178 38 61 78 143 81 294 88 276 62 245 209 148 80 190 195 101 188 78 173 269 48 248 174 94 187 209 256 178 232 103 274 196 104 253 219 189 290 170 61 27 201 279 53 53 90 38 143 271 118 236 155 289 226 229 29 182 276 283 19 207 84 48 73 23 56 260 62 30 40 130 32 277 270 277 300 208 117 187 27 58 263 21 252 32 
281 149 27 124 302 124 225 136 150 162 245 156 108 164 211 112 122 125 103 110 136 168 167 298 236 308 52 199 268 223 211 45 92 93 240 71 50 117 279 238 211 270 114 275 236 35 89 90 104 138 112 139 60 190 186 282 96 243 230 25 72 52 31 284 251 243 139 292 91 195 177 289 89 158 39 155 274 88 41 18 103 23 132 64 296 37 309 257 295 259 273 153 239 131 101 279 263 284 70 286 229 204 31 208 186 179 122 228 56 87 199 232 74 127 42 76 130 79 112 62 272 260 97 94 34 264 161 68 139 165 75 39 197 46 273 88 250 254 161 247 105 80 279 273 289 298 24 124 41 74 118 179 180 114 54 181 80 75 38 259 139 164 307 127 254 96 290 164 303 33 161 128 178 195 16 289 28 116 228 47 302 157 41 92 282 225 167 173 193 100 46 105 36 131 250 119 288 86 255 109 183 34 261 238 122 12 204 67 20 93 276 42 48 215 47 99 54 89 161 119 89 259 283 65 177 109 191 75 279 223 292 270 138 39 275 306 81 91 17 304 68 309 222 196 307 150 189 65 80 106 100 123 273 20 38 172 122 309 92 42 108 305 149 104 90 262 81 47 127 240 84 67 89 141 94 54 208 281 103 101 129 108 280 16 16 267 283 166 76 309 279 261 278 71 222 207 145 86 297 106 
193 87 289 137 41 31 290 252 34 108 16 156 40 192 205 151 182 300 142 26 190 84 85 195 90 213 230 214 286 155 241 147 42 104 100 130 66 20 209 281 133 111 273 221 201 252 142 171 228 236 163 41 156 242 178 33 39 71 79 138 38 149 269 93 294 216 40 269 212 17 286 58 113 222 39 126 213 217 304 281 177 269 177 206 282 223 94 19 181 33 59 94 140 244 43 224 202 261 219 255 309 260 194 290 247 290 64 175 19 280 31 304 242 49 269 158 253 99 308 56 200 240 115 43 40 184 190 277 145 93 95 27 263 123 177 174 66 241 84 149 207 268 107 189 165 202 79 73 96 42 97 36 77 242 210 116 34 277 109 16 295 214 21 297 158 208 247 65 162 288 61 68 278 204 48 212 288 74 263 66 20 256 277 44 251 176 98 86 27 31 169 24 57 146 260 55 24 253 251 144 60 191 70 55 75 214 173 268 307 259 201 97 276 77 96 288 26 95 245 168 170 254 110 178 126 87 238 95 103 161 174 278 139 295 206 147 222 85 108 213 184 31 56 164 260 73 274 131 231 197 144 15 292 82 271 178 226 291 161 117 146 263 41 228 79 54 122 183 188 140 143 192 141 117 246 104 80 245 303 262 93 68 71 23 31 88 66 147 146 121 122 198 18 297 106 246 185 178 254 148 
84 233 11 241 161 288 209 299 257 91 206 129 296 270 22 159 42 42 241 101 133 193 69 190 226 126 65 39 292 89 89 61 134 151 275 288 225 302 102 169 154 44 48 67 157 153 149 236 118 213 181 277 227 303 202 280 258 14 284 40 28 193 241 155 74 178 273 179 172 198 100 42 147 37 29 304 119 43 51 33 237 70 74 107 68 230 277 268 246 93 129 136 150 277 168 166 285 166 211 161 302 260 169 49 125 196 49 157 50 90 85 279 282 12 244 74 221 273 29 292 299 159 170 176 45 45 223 205 58 163 230 28 11 60 291 302 19 151 116 170 87 17 95 101 85 238 251 159 181 205 223 97 104 273 249 64 189 113 206 257 162 153 142 272 260 82 35 50 105 65 101 274 253 104 109 40 54 14 158 125 301 19 35 138 62 61 306 127 127 84 73 13 180 17 263 271 300 195 25 117 172 229 121 226 172 275 175 208 178 203 98 201 232 127 133 41 16 84 159 81 93 108 100 142 136 33 77 162 144 113 305 66 187 69 20 273 228 138 128 260 121 269 243 235 18 149 169 138 222 266 154 107 186 84 146 215 70 282 239 308 234 137 67 234 94 144 186 120 66 49 58 121 25 239 97 198 299 262 114 74 12 100 13 101 263 293 228 249 163 209 206 58 208 212 62 200 181 10 271 195 
157 48 303 158 148 175 172 22 76 52 262 129 167 172 258 54 114 165 246 64 242 188 74 23 298 304 191 85 85 223 266 217 206 255 160 216 53 304 243 228 212 224 23 126 242 108 146 15 218 45 188 87 111 165 307 33 62 122 278 180 17 171 233 262 171 243 308 242 153 82 263 260 163 199 30 130 205 26 308 155 287 29 62 290 123 46 237 248 190 231 195 255 302 174 202 163 147 262 17 261 302 238 49 121 282 280 267 144 137 80 110 35 126 294 195 83 305 73 135 13 30 306 38 179 38 53 206 80 151 113 237 100 170 290 122 36 248 114 205 45 160 289 86 211 66 98 132 215 129 217 43 268 260 170 222 38 76 190 181 92 297 17 45 32 233 295 109 257 37 207 169 220 145 105 241 190 203 50 77 45 147 18 135 140 86 69 80 88 105 238 102 240 92 68 133 37 150 109 137 55 85 270 204 194 137 75 115 40 194 75 146 38 288 112 192 150 208 258 232 156 163 113 178 252 308 20 13 198 253 153 169 230 157 271 72 167 298 85 256 187 222 12 215 101 127 34 61 273 188 309 22 147 29 64 222 115 10 99 253 76 58 209 142 303 245 121 89 114 95 282 176 112 31 148 275 212 281 90 232 10 216 78 274 204 263 137 16 173 56 287 172 302 122 299 60 54 103 18 197 48 
145 178 258 122 30 89 40 291 249 111 59 252 11 101 235 180 270 46 244 227 269 247 175 153 280 37 295 286 181 141 14 124 207 121 191 246 254 254 208 36 203 166 99 148 218 298 239 99 97 270 132 37 162 187 222 276 180 109 126 292 254 83 286 139 17 288 99 139 231 79 164 212 99 217 184 238 111 205 172 196 272 284 102 18 81 135 225 60 114 126 199 291 163 86 275 128 227 257 242 11 154 280 48 30 34 165 10 217 260 38 39 308 99 102 184 43 65 267 116 101 187 72 64 56 138 243 30 136 130 269 116 198 141 125 251 271 51 38 145 138 165 297 68 18 31 231 76 175 247 307 78 102 247 290 174 55 177 194 54 78 97 268 20 126 243 230 219 94 171 33 296 80 113 199 70 79 292 79 79 71 154 195 153 240 252 94 285 143 68 163 69 83 80 27 24 144 297 159 82 229 224 76 268 44 128 306 111 186 56 54 96 206 278 19 195 166 44 27 56 300 29 223 17 247 308 220 302 159 45 224 225 80 224 129 41 289 190 199 109 44 141 92 305 185 167 219 217 73 202 201 253 32 238 292 27 277 152 17 295 236 150 189 152 260 159 18 127 232 276 207 237 292 110 201 280 268 238 279 182 24 123 188 70 164 171 44 247 286 64 156 82 230 72 266 54 189 127 233 246 245 
125 108 251 51 268 217 102 170 262 240 76 296 309 164 12 151 294 293 245 161 309 143 113 19 168 148 77 58 274 132 281 59 33 228 198 45 101 308 55 100 75 248 201 300 82 270 283 166 173 245 208 99 158 277 70 207 285 177 247 272 23 105 226 130 265 110 108 37 207 278 259 21 42 272 282 125 102 76 159 280 200 15 46 99 99 126 278 187 35 179 217 234 275 107 139 236 207 277 231 100 94 60 137 158 154 197 295 99 76 155 251 247 257 303 285 238 229 25 161 143 91 28 191 229 77 58 149 178 146 39 240 13 213 120 151 54 31 285 236 257 288 144 41 83 62 20 138 300 154 72 247 150 220 146 188 112 117 278 124 119 223 283 223 165 296 223 227 182 122 186 189 208 302 309 111 25 158 68 241 308 265 66 232 41 50 171 290 280 200 151 231 273 48 81 260 215 51 234 198 34 134 227 121 71 259 188 118 37 282 158 77 295 91 303 151 303 174 125 187 237 104 129 243 284 288 221 110 64 35 47 168 29 275 256 225 235 178 247 249 206 165 218 24 96 42 279 41 185 75 11 300 26 24 28 205 181 272 139 195 124 110 28 308 276 274 64 73 31 123 252 202 241 67 92 272 60 173 123 210 122 65 281 61 300 125 64 159 156 59 19 13 174 91 136 260 38 194 97 129 232 
271 134 271 177 244 73 202 270 216 61 134 143 289 103 26 218 225 185 121 20 101 29 189 138 227 63 70 176 123 46 209 118 240 224 126 39 281 203 46 123 16 286 93 168 13 225 239 245 183 72 109 77 178 254 166 182 188 36 251 133 77 119 12 108 65 152 265 43 153 239 124 19 60 258 270 172 236 15 191 156 203 267 245 89 67 256 106 107 285 181 223 50 69 140 296 263 119 245 164 228 36 221 107 65 117 166 19 120 51 285 199 132 234 51 55 74 303 184 23 96 207 285 306 54 38 13 199 50 60 99 133 91 295 106 220 77 297 200 162 303 244 235 299 293 103 101 97 40 286 103 255 198 121 140 123 30 153 227 218 78 119 106 82 287 293 296 243 112 226 150 255 102 230 141 43 302 282 291 235 120 41 155 188 108 307 266 172 190 208 120 132 62 41 226 197 192 154 145 140 166 36 134 32 56 21 168 39 295 88 163 239 37 91 238 198 260 121 83 279 65 229 109 43 27 48 247 60 44 231 23 31 10 173 74 56 94 254 190 14 49 148 160 244 240 84 26 179 227 232 12 13 280 168 131 137 168 275 29 60 269 271 180 152 121 231 57 262 267 128 300 181 248 70 117 57 33 265 13 14 24 55 203 277 150 203 200 23 158 199 93 256 247 46 151 226 287 309 231 55 288 
271 275 76 84 271 176 87 111 205 74 302 207 279 241 177 16 212 86 25 141 178 225 178 55 129 152 66 99 156 79 243 89 108 269 183 187 213 140 250 259 140 97 96 306 106 43 191 137 299 235 91 268 79 14 20 124 283 178 104 221 163 87 270 229 286 124 10 164 171 77 26 56 30 158 240 58 54 87 64 202 58 113 121 168 250 145 19 44 268 279 220 98 302 34 220 57 153 195 216 129 130 59 134 135 132 208 57 74 247 258 44 255 119 230 266 104 48 36 179 56 236 50 54 42 85 168 272 12 282 85 147 234 220 150 300 120 165 21 297 204 155 201 119 163 302 184 99 21 276 205 40 134 172 203 193 208 241 33 251 223 108 216 201 109 284 118 178 126 242 117 158 240 128 95 277 150 189 18 248 130 282 67 246 238 219 166 182 93 273 78 145 246 127 187 131 219 307 295 133 257 170 194 293 283 26 83 109 170 290 292 189 188 223 269 144 152 14 48 117 32 98 141 282 224 231 18 309 210 287 214 296 114 285 237 242 73 119 111 176 92 112 214 222 259 38 61 283 83 292 307 182 70 275 203 226 125 173 273 294 62 134 201 269 213 251 282 165 257 193 86 247 215 156 176 230 278 175 154 51 131 81 284 77 123 44 236 140 110 300 204 64 35 236 221 222 101 261 241 174 156 
239 16 251 193 113 186 187 122 226 228 36 85 301 135 25 18 189 149 297 27 289 275 49 124 191 135 165 79 66 147 100 297 34 241 163 270 243 264 83 42 32 91 266 61 273 301 136 151 39 248 301 51 275 130 170 101 177 37 308 39 218 246 96 85 25 301 90 51 162 182 163 299 172 223 168 94 308 168 304 164 165 139 96 279 158 201 27 279 182 85 264 295 190 200 266 228 76 300 275 260 151 229 90 56 111 196 275 113 114 106 10 302 187 124 226 166 230 33 247 78 140 137 284 158 89 87 270 145 27 142 131 80 49 171 150 286 52 186 191 169 92 233 89 88 166 309 75 125 16 52 308 289 61 19 22 122 47 301 184 124 131 63 78 88 60 61 45 304 79 33 52 207 105 287 131 248 244 229 226 92 195 100 304 281 105 186 68 276 125 249 307 66 151 99 100 247 113 100 32 199 156 209 34 158 13 15 42 18 176 216 268 126 147 135 120 261 134 158 115 299 146 58 89 43 59 183 220 46 267 102 223 163 88 19 148 147 69 116 215 307 287 305 293 179 245 267 260 146 166 290 127 228 258 34 236 134 212 113 300 132 210 169 178 67 226 65 176 190 151 240 134 298 91 130 161 125 120 82 279 23 56 236 136 154 142 300 169 292 273 91 34 174 255 179 117 120 202 85 168 290 
274 18 163 249 71 254 71 297 204 54 55 289 73 47 77 62 237 160 267 13 250 279 155 100 245 162 171 305 157 77 13 43 103 294 290 257 60 73 157 150 54 38 14 284 296 175 92 127 79 102 292 96 264 207 167 261 184 265 301 179 42 279 267 71 40 164 154 228 69 52 221 198 53 133 209 215 85 68 19 146 128 230 62 285 82 169 105 165 73 280 79 41 221 153 257 215 44 304 248 74 250 85 40 45 49 29 140 203 276 243 107 11 145 60 46 61 212 263 115 46 70 51 37 296 39 233 281 146 72 242 20 15 103 197 154 184 282 25 63 307 18 114 236 65 281 60 200 16 211 180 107 93 34 170 87 224 247 182 305 186 238 187 302 210 73 184 79 303 89 105 186 24 302 126 257 13 84 15 200 245 210 11 62 121 46 245 132 244 277 64 298 251 56 261 214 227 115 203 162 309 301 33 136 97 200 128 160 50 95 155 42 89 289 182 232 132 284 32 262 185 273 207 268 82 98 205 260 175 229 44 192 302 111 225 230 107 261 94 67 61 85 261 41 123 69 84 36 90 155 171 215 46 124 303 222 143 31 276 131 170 228 296 257 140 206 277 68 174 12 237 75 53 287 30 166 236 152 273 136 180 128 250 188 136 61 48 142 53 51 208 208 267 35 52 49 236 166 70 238 193 
225 66 212 227 191 108 37 51 17 301 222 178 297 73 192 170 197 98 74 157 214 91 87 231 82 195 132 97 303 230 148 68 149 156 13 239 187 189 166 73 53 24 27 51 88 125 165 241 87 213 107 158 40 91 256 229 286 180 101 249 54 266 57 176 247 146 284 304 59 83 77 106 98 95 183 123 53 40 225 176 231 49 193 49 110 130 282 110 34 193 30 280 254 175 246 233 291 10 27 26 281 284 253 233 195 132 94 244 138 203 145 180 273 194 24 245 32 71 26 57 298 217 153 135 195 195 183 98 234 119 155 34 195 231 95 275 104 184 200 84 85 247 221 233 106 137 163 155 240 265 133 263 23 104 79 46 202 252 120 104 235 277 148 248 200 16 223 31 230 236 176 107 66 86 265 186 197 296 207 211 268 110 297 96 103 201 152 204 90 184 97 155 238 88 154 44 93 42 145 102 284 234 203 98 275 86 109 132 226 292 257 232 107 253 234 227 241 290 155 26 39 281 105 298 259 252 60 188 129 235 221 99 226 228 229 304 142 158 272 170 218 78 151 66 46 290 186 272 150 86 270 183 90 146 294 85 31 205 288 307 192 230 299 175 129 296 174 91 154 198 27 109 308 101 29 83 232 265 139 21 192 34 19 108 210 266 26 181 161 179 96 147 230 179 42 122 272 20 94 184 
60 249 302 64 76 212 169 308 209 274 239 167 170 144 59 284 63 175 22 18 170 274 81 248 284 218 171 271 283 306 112 33 135 41 273 188 183 25 149 228 117 125 212 149 300 229 282 92 73 260 54 207 220 186 239 240 89 32 294 130 67 268 25 178 187 213 172 81 132 55 122 117 121 279 11 241 11 229 19 168 61 185 145 197 289 147 141 76 210 119 203 213 75 113 297 82 117 189 86 142 71 181 172 239 216 306 167 195 274 157 104 167 306 34 109 44 165 286 57 235 237 228 309 273 299 217 96 234 283 45 85 83 260 181 191 219 27 199 74 304 306 15 71 210 253 271 76 179 47 161 61 250 292 92 146 241 147 252 294 46 144 101 227 158 104 134 303 37 100 263 138 200 101 112 193 200 269 77 63 74 43 170 298 16 259 121 164 51 136 290 30 185 117 198 89 188 86 248 303 164 53 184 256 54 301 121 182 138 22 46 78 42 277 235 148 147 276 113 236 179 129 39 150 11 116 186 70 308 135 299 193 161 290 168 140 115 158 113 214 243 104 23 40 267 249 218 163 115 17 78 186 278 199 99 200 210 48 270 20 124 154 96 39 79 213 197 94 134 98 287 204 164 204 68 231 12 104 174 294 21 50 110 225 104 65 174 97 87 213 67 309 248 227 309 182 163 220 77 305 308 
131 249 274 300 237 294 77 174 166 190 234 185 65 283 287 88 255 300 260 209 212 211 62 169 18 279 61 44 102 154 15 172 76 234 174 181 183 155 199 264 133 292 275 150 188 59 186 303 113 178 115 61 200 152 87 283 300 278 290 147 180 230 282 103 30 306 133 288 279 61 297 63 119 99 13 89 34 41 195 296 92 206 120 294 165 288 216 25 292 175 47 188 33 252 223 49 200 232 11 31 128 198 294 26 183 163 148 93 48 53 170 20 87 150 205 110 256 133 165 136 254 72 53 238 205 16 38 101 142 210 103 210 190 276 136 250 158 304 16 147 273 135 55 34 10 172 268 133 248 149 133 135 231 271 128 58 133 270 178 224 220 71 147 112 90 246 17 307 27 306 288 58 273 271 113 143 214 306 277 252 213 50 81 179 174 106 228 103 215 42 285 21 243 144 177 118 47 112 18 172 78 217 41 291 181 265 262 187 98 110 174 207 15 63 181 131 79 243 280 82 114 308 85 141 266 23 270 132 305 25 143 266 83 21 287 70 219 137 136 81 170 214 33 297 183 196 297 232 191 13 50 98 83 228 91 203 22 169 66 249 40 55 48 280 91 266 74 106 241 219 60 117 123 77 232 47 273 277 245 294 129 279 36 108 172 78 303 232 22 174 280 185 89 49 173 147 261 265 153 36 
27 295 173 92 251 159 285 168 299 146 256 136 157 139 275 27 260 283 73 163 86 99 130 285 15 275 281 106 61 96 214 123 20 298 309 110 37 283 145 133 43 159 24 186 187 288 107 196 19 281 272 106 50 198 166 49 279 46 185 174 244 105 79 184 156 74 114 283 134 307 131 70 208 56 51 146 272 186 140 111 250 261 293 174 259 296 245 300 232 60 221 239 269 134 309 294 67 152 158 129 44 186 237 298 130 25 302 89 247 225 53 127 16 28 148 125 200 182 127 51 258 62 309 60 172 293 304 54 146 281 127 11 46 276 221 293 206 103 256 34 21 133 263 289 273 268 169 255 45 275 240 209 233 80 157 141 74 24 296 20 248 219 97 227 97 298 48 256 159 308 83 235 185 66 122 164 242 251 40 35 270 30 15 35 262 59 92 95 302 33 188 39 21 12 30 117 31 302 50 211 242 209 133 288 271 281 86 113 134 128 133 10 236 165 290 17 212 89 95 102 260 195 21 15 78 83 41 299 31 141 67 305 33 191 15 166 291 300 11 19 225 198 171 64 111 199 235 262 275 247 98 89 201 145 40 114 289 76 129 126 18 299 34 279 10 184 121 81 70 144 160 55 52 11 199 224 173 80 223 307 244 158 189 21 120 289 254 49 225 178 15 29 98 93 133 229 277 106 167 116 
75 234 63 189 46 66 49 90 216 292 201 43 234 193 108 170 193 298 282 303 143 31 175 277 50 137 38 306 128 19 217 268 54 188 90 172 131 43 269 35 211 14 283 250 57 39 78 283 68 204 243 238 137 90 301 117 134 113 202 22 193 137 190 132 264 124 110 85 63 70 63 207 39 165 19 170 122 38 17 280 214 43 92 214 22 291 172 231 55 99 109 146 59 55 259 253 240 160 263 131 291 27 222 229 291 218 163 297 27 105 119 22 202 183 154 48 47 254 189 111 160 209 114 302 307 117 84 10 230 246 60 271 58 106 155 62 307 22 73 187 39 112 205 277 221 152 193 76 19 47 173 90 77 286 179 73 216 51 177 60 295 60 51 288 37 19 258 109 303 85 174 285 47 243 47 156 134 219 273 129 138 255 193 44 242 273 194 232 290 197 102 99 102 120 114 159 158 90 115 115 172 251 97 191 105 162 104 240 217 178 62 259 272 244 180 184 276 80 160 10 129 47 178 62 235 305 306 147 120 28 94 64 53 29 76 64 28 21 286 53 258 158 31 248 110 295 109 199 103 82 145 128 230 73 11 193 287 91 15 245 76 219 50 179 62 225 245 188 257 216 259 93 90 156 121 94 207 140 247 16 97 19 53 230 280 267 123 78 28 90 100 297 112 272 161 160 264 181 45 305 
94 295 108 231 256 62 244 289 11 192 79 240 176 195 291 287 100 265 227 274 177 46 59 242 239 108 185 181 30 99 252 44 42 186 169 13 212 238 148 18 99 13 77 147 135 250 204 123 201 287 286 16 59 199 54 309 165 161 107 187 44 285 210 160 158 101 33 292 291 106 181 252 142 81 133 152 114 88 173 123 123 238 218 274 248 125 290 113 127 253 26 233 271 309 202 299 64 101 78 127 104 160 198 124 272 23 91 147 66 109 111 263 70 100 161 296 227 264 139 35 152 283 132 280 50 173 213 97 111 160 234 19 207 255 57 22 18 214 114 265 54 186 277 70 271 74 236 103 124 121 241 238 100 202 263 31 101 112 132 215 75 240 18 243 136 211 116 89 35 280 156 278 187 181 258 137 185 277 23 159 248 34 75 247 291 276 184 160 221 26 49 169 29 243 166 48 236 16 272 130 239 60 119 197 15 263 145 76 32 207 50 295 50 172 22 78 306 220 239 219 84 79 192 102 108 31 301 121 198 57 24 304 242 278 228 111 104 265 71 221 261 46 33 92 158 40 66 102 20 198 96 29 13 71 27 79 240 170 301 95 291 252 210 228 253 170 290 279 66 281 100 203 279 121 75 229 249 236 95 80 138 154 43 58 137 298 120 55 50 286 60 306 62 152 300 10 39 292 107 138 
183 45 36 304 294 280 165 167 274 30 133 167 159 220 251 209 34 256 209 111 220 246 27 197 235 242 203 249 129 80 125 128 157 15 215 101 102 14 79 301 297 221 108 140 275 36 81 95 291 73 68 150 301 202 206 121 146 68 99 265 214 18 281 300 100 221 248 193 232 69 145 40 195 304 15 266 210 30 114 236 40 277 237 201 162 290 117 137 212 179 236 75 214 206 299 143 262 190 144 269 171 136 247 28 187 13 287 270 13 178 279 190 94 160 234 116 245 58 36 178 224 187 166 147 141 196 87 188 13 246 155 276 72 123 84 84 305 11 196 135 163 305 299 128 272 15 174 102 277 306 258 183 87 241 108 308 140 152 241 172 196 48 29 219 178 154 114 36 94 258 214 67 265 81 145 156 111 164 308 28 119 114 64 101 115 15 255 279 214 223 244 274 36 286 290 293 129 201 75 186 272 282 185 63 285 63 40 91 253 65 193 117 89 114 22 187 138 255 35 300 159 171 297 15 232 15 125 151 93 85 96 75 242 175 184 209 189 56 133 220 24 172 189 282 274 118 188 203 260 303 144 269 204 142 88 218 96 259 32 169 167 208 24 186 113 265 165 153 33 146 252 75 224 75 124 162 111 87 66 50 163 301 118 213 136 262 293 120 252 303 273 246 306 59 29 241 275 108 242 294 
167 135 285 194 31 224 97 54 210 263 119 106 177 187 92 278 271 277 40 261 169 265 281 175 298 39 161 272 95 260 107 161 41 242 167 55 171 273 209 242 234 275 192 223 141 71 40 69 254 78 208 288 94 66 60 103 256 162 29 48 185 177 150 34 94 166 292 74 47 41 301 205 279 64 121 56 240 188 272 213 256 140 34 226 252 122 117 303 55 198 25 217 302 248 34 56 231 57 102 212 172 76 210 175 302 152 158 306 169 178 201 31 77 53 138 134 77 50 294 202 31 293 165 194 13 59 22 291 147 114 262 137 105 194 51 45 118 81 43 113 36 109 42 98 182 124 260 53 19 164 237 157 217 145 145 208 267 228 283 260 38 249 187 220 282 243 303 63 207 70 136 220 226 149 149 283 157 141 160 290 38 146 263 76 272 100 20 58 186 241 153 111 57 58 283 77 51 171 285 136 241 226 80 83 169 34 244 277 257 40 218 234 300 74 223 262 16 288 195 153 140 16 208 279 50 21 72 98 73 122 82 93 25 167 44 163 107 228 121 61 59 41 301 73 159 130 175 272 166 152 30 104 144 167 55 57 300 30 232 308 219 176 186 22 55 296 80 96 228 299 305 107 273 280 162 110 306 21 242 57 165 20 269 104 191 76 12 264 72 29 257 282 38 77 257 66 153 197 124 289 
27 11 263 246 34 73 241 181 114 126 151 22 53 164 12 81 248 258 25 209 104 110 264 226 156 133 159 261 73 202 171 259 216 293 98 231 138 289 262 104 130 55 271 298 194 212 42 270 67 225 83 156 23 281 88 192 48 221 123 100 230 163 131 197 215 207 145 73 178 306 172 164 18 47 166 106 21 36 33 15 73 189 174 96 217 31 187 105 127 179 287 167 233 108 134 100 89 282 114 141 109 225 105 224 251 210 175 125 53 24 207 170 105 25 25 241 239 166 67 265 159 17 89 133 284 185 101 272 149 179 215 258 144 91 143 54 212 16 108 124 43 16 277 24 143 148 266 96 100 240 157 243 115 169 306 231 285 90 68 260 151 256 196 277 93 66 159 62 161 169 139 63 37 233 206 12 251 263 227 189 108 155 141 288 147 177 281 216 160 36 158 17 128 171 107 270 162 96 45 133 142 41 49 257 110 73 212 204 102 111 277 107 132 33 51 219 151 75 300 65 32 13 217 102 291 115 35 200 251 39 244 91 40 168 190 83 27 25 133 216 243 200 224 123 267 72 142 97 300 233 45 218 49 66 107 48 296 243 203 155 50 273 90 67 82 151 82 36 290 222 90 301 106 34 40 141 73 158 256 125 250 218 73 298 123 20 245 198 280 145 72 48 285 121 65 201 280 124 213 41 
222 246 195 255 164 186 104 148 103 22 87 12 27 230 40 258 27 50 235 33 217 108 138 283 39 91 74 207 51 52 210 309 275 63 212 113 100 58 266 160 304 280 116 142 209 269 10 105 128 275 233 76 170 84 201 52 125 238 273 103 26 136 302 45 134 151 89 152 147 287 140 182 252 128 175 238 283 299 211 203 122 105 182 124 172 193 128 237 82 168 74 149 49 238 89 241 37 144 161 287 75 206 283 178 51 246 251 265 246 84 78 46 165 91 211 281 169 151 60 49 210 300 272 150 173 256 207 184 127 285 185 143 274 117 50 31 102 30 286 126 41 252 16 244 110 168 236 222 188 142 206 18 273 138 185 245 97 184 227 214 265 134 305 19 207 86 271 22 228 88 238 170 24 167 265 33 269 26 125 136 98 14 144 132 196 235 183 51 97 52 159 265 149 135 181 20 283 276 40 50 222 16 88 180 91 153 301 110 184 196 202 246 245 16 122 41 198 89 19 92 30 151 213 158 98 48 229 258 121 187 159 208 131 186 300 153 291 306 172 27 257 130 307 185 259 194 226 278 128 85 173 231 95 41 138 144 197 245 216 20 121 278 130 44 67 258 62 120 75 183 225 59 187 192 135 28 276 193 142 74 224 87 204 41 168 146 186 157 225 18 300 198 292 115 125 197 302 205 177 26 
179 106 250 238 299 130 235 188 242 126 64 278 192 244 129 165 141 22 145 93 286 239 219 98 57 57 290 231 273 281 106 151 48 269 33 122 79 140 207 20 55 135 18 233 32 18 217 56 47 61 170 273 84 128 102 189 180 196 168 68 39 292 93 18 205 90 235 192 77 171 107 21 119 30 101 273 134 155 222 142 165 115 91 105 180 225 96 26 173 192 242 117 92 256 170 224 250 127 83 255 305 181 175 259 116 85 80 286 220 249 221 122 152 272 170 156 65 279 71 95 125 270 97 17 253 111 89 240 32 162 279 169 130 115 70 277 76 242 161 121 142 278 105 236 211 52 208 83 291 60 309 128 71 152 257 57 65 239 222 243 206 217 21 190 88 134 73 160 71 240 82 282 142 200 292 269 86 139 208 169 139 185 255 194 256 59 209 124 172 42 156 253 108 43 50 195 139 176 20 299 119 83 252 32 258 125 180 273 205 117 12 19 84 55 233 41 134 215 287 156 42 103 72 229 86 24 206 116 240 303 27 59 82 174 287 56 193 240 158 47 169 271 126 28 230 48 191 52 11 305 17 285 108 186 34 303 233 140 301 280 274 149 270 80 135 119 267 165 140 253 34 260 125 247 199 185 242 298 261 88 31 15 304 32 62 271 58 16 85 239 283 200 121 140 141 41 63 85 79 24 
258 20 100 156 101 27 179 166 11 116 130 248 284 131 184 213 258 254 180 184 188 37 235 151 285 179 19 162 197 272 213 292 63 309 203 186 34 289 218 138 25 66 135 273 76 267 97 227 178 247 291 294 304 46 78 262 39 17 169 72 177 148 227 186 36 140 144 210 271 15 140 161 101 123 304 278 119 209 87 103 265 278 168 143 304 142 168 20 42 60 111 307 123 46 282 110 283 249 208 193 140 248 300 216 50 181 181 20 171 72 101 224 59 155 139 298 104 205 301 102 23 123 285 306 268 28 278 59 242 20 68 243 146 195 264 79 76 251 66 259 38 99 156 267 25 38 88 272 265 243 205 80 197 306 278 254 287 191 182 290 109 253 283 39 72 202 194 46 79 221 142 166 167 240 104 264 226 235 151 49 190 65 247 209 148 93 108 274 268 132 100 10 211 29 268 170 46 276 158 303 256 167 83 285 219 106 137 138 151 235 115 152 200 245 128 242 16 180 301 199 44 77 106 24 232 46 250 31 308 157 62 265 294 109 111 134 197 241 79 33 250 108 226 281 153 289 25 150 306 48 178 265 90 55 209 223 56 186 286 91 107 217 13 230 14 120 239 38 53 21 25 191 237 212 174 309 91 235 43 166 85 59 75 251 162 59 293 256 192 107 112 293 274 28 254 63 226 186 130 296 
111 122 276 237 52 81 244 184 165 89 129 277 110 58 183 110 129 44 173 31 79 123 220 155 282 94 266 243 172 144 302 282 248 284 68 226 229 137 235 257 272 185 266 64 271 105 280 169 134 37 103 111 81 160 154 166 150 283 33 78 288 211 225 308 111 48 137 263 266 210 105 125 51 61 137 295 118 245 296 261 65 292 73 284 95 228 145 160 106 32 275 270 37 121 156 95 265 252 59 51 255 254 292 156 222 184 231 129 95 232 280 129 127 232 144 96 107 250 147 141 26 239 47 305 10 292 139 107 280 201 146 148 282 300 125 193 50 154 108 118 272 244 204 154 63 77 212 248 104 133 226 256 131 173 111 95 130 18 170 11 278 132 13 66 161 64 84 252 42 271 160 203 187 167 156 191 97 147 241 71 295 303 143 158 84 131 229 45 242 285 265 84 219 147 109 246 67 241 137 290 218 63 286 52 68 243 79 37 265 126 70 243 154 227 305 242 261 111 166 14 56 151 159 241 145 247 90 216 241 245 136 39 178 98 88 84 137 191 170 164 116 166 237 176 184 229 78 109 183 175 258 123 12 66 277 175 10 301 212 63 278 139 156 70 263 268 200 148 180 15 277 15 305 151 116 199 14 277 44 35 81 154 144 112 40 121 27 49 178 72 170 164 274 232 255 296 296 305 31 148 
44 30 36 242 305 161 120 204 167 23 72 235 67 239 134 280 302 160 37 104 155 227 194 119 117 50 247 36 242 233 257 43 270 142 303 171 26 212 265 302 263 168 254 266 94 260 70 84 285 243 123 84 299 296 250 154 156 102 296 51 11 12 26 53 193 266 86 168 66 284 34 197 150 194 130 59 196 308 69 71 142 142 52 244 205 110 307 52 270 212 192 141 93 303 53 87 45 166 212 173 261 22 85 251 137 266 64 251 252 207 15 246 48 49 282 208 18 161 141 151 131 53 70 249 188 160 59 245 218 259 30 67 26 204 172 114 159 300 303 121 83 249 296 205 79 236 251 114 225 45 291 16 308 15 57 55 175 309 64 150 133 207 176 105 253 308 24 162 216 293 284 90 91 254 235 131 267 291 88 35 294 222 71 234 96 67 98 53 210 236 264 151 105 55 202 116 50 208 105 296 101 155 295 81 255 210 261 100 245 251 172 222 201 284 31 249 219 66 225 100 193 131 119 120 79 199 116 236 233 114 250 171 269 16 44 163 164 273 38 150 200 134 141 97 35 87 56 231 62 43 122 271 272 144 261 283 89 216 245 308 163 265 229 168 68 151 159 112 88 195 198 234 152 109 45 88 131 255 166 306 272 285 160 44 272 297 25 95 73 32 270 49 48 100 80 259 43 219 87 107 
73 60 145 271 50 261 93 304 202 13 189 222 157 126 65 135 293 41 84 166 155 120 259 218 302 293 48 239 133 30 197 105 111 121 87 162 233 288 145 221 302 211 184 56 154 81 179 273 217 224 278 197 193 241 96 180 159 47 213 261 138 139 209 301 305 224 231 74 273 272 13 290 301 206 117 103 94 282 267 290 302 130 187 79 237 166 189 275 122 98 191 68 154 186 231 232 135 154 90 157 135 43 265 72 179 15 154 89 269 108 180 25 219 139 154 293 99 182 230 114 180 14 34 61 138 27 255 177 161 124 116 223 10 183 84 34 26 24 68 255 67 57 120 294 149 131 169 214 253 195 66 285 296 63 297 164 273 198 129 221 20 212 93 141 86 219 11 149 212 83 230 207 237 172 46 287 218 222 82 203 301 24 194 49 42 245 173 124 140 251 184 20 194 300 309 135 248 195 306 232 85 206 154 273 22 249 265 29 165 152 18 183 138 73 202 10 274 292 258 249 214 22 309 177 110 163 123 88 170 71 281 40 303 279 18 101 95 165 42 227 271 169 237 163 257 90 94 207 189 36 16 168 163 163 276 228 173 112 164 173 127 23 32 101 236 245 139 102 155 174 25 23 198 214 234 247 245 175 261 225 198 106 82 69 251 138 245 291 33 57 296 221 16 307 246 118 167 120 138 172 
130 121 49 233 17 229 79 158 246 180 285 187 185 164 262 127 71 132 259 283 185 237 55 53 35 99 229 267 57 280 136 304 244 94 272 18 212 287 138 248 72 133 92 158 187 140 262 179 42 39 220 271 134 228 245 281 171 87 203 270 141 69 260 178 146 234 268 142 180 97 220 191 160 250 271 142 11 224 227 185 280 108 278 52 299 34 305 72 245 275 113 248 71 199 72 61 283 159 166 12 192 161 65 217 41 91 190 150 13 178 205 23 162 68 238 173 40 127 181 122 167 283 58 36 307 78 106 86 295 307 114 41 100 253 53 246 76 236 40 271 294 92 80 272 191 161 60 284 233 111 87 12 79 16 120 72 154 278 128 168 119 264 48 116 101 40 31 227 251 146 35 28 165 92 103 294 267 17 119 74 95 155 104 18 117 56 205 204 131 175 111 252 82 164 19 298 134 93 121 27 252 95 201 125 182 33 267 42 219 243 117 110 57 61 256 171 111 72 134 153 299 241 298 37 112 258 305 190 87 146 141 307 223 209 123 36 114 34 264 231 34 298 100 96 160 62 62 28 219 113 19 247 132 13 199 248 94 46 232 101 288 98 184 51 166 294 305 275 304 153 58 94 64 188 109 114 90 258 51 265 61 209 156 289 81 93 28 165 42 239 281 115 114 249 246 302 287 308 303 98 
212 41 281 226 86 104 300 113 45 250 152 289 219 10 261 120 143 287 138 227 67 171 52 187 252 31 254 157 146 121 60 202 106 50 269 244 74 182 17 260 101 64 31 124 103 211 137 159 92 293 49 30 38 153 132 118 235 272 14 171 33 123 237 91 67 264 161 23 263 78 55 85 212 34 256 123 17 224 305 195 14 281 85 128 221 181 27 43 102 304 92 193 266 249 218 176 286 267 98 260 250 60 100 232 176 87 33 162 191 276 77 227 140 13 106 62 111 99 131 243 277 187 197 126 92 283 239 141 100 276 28 179 125 80 86 250 105 250 104 240 23 145 13 60 179 159 175 171 129 200 57 37 124 81 173 231 120 61 188 48 156 101 131 259 107 306 270 63 85 285 15 46 132 190 229 242 285 246 193 109 89 158 37 186 156 15 231 60 285 167 273 127 246 91 259 137 44 155 28 134 18 283 112 127 71 183 192 156 190 270 196 160 173 98 91 257 28 143 257 256 151 65 189 86 110 26 99 240 245 157 255 268 147 68 48 256 82 16 292 298 36 94 124 297 53 292 190 291 272 26 269 184 178 103 117 106 229 183 144 221 113 161 301 276 229 164 142 193 40 193 103 301 245 80 53 84 295 165 259 240 101 185 56 203 19 177 93 74 198 172 286 87 181 164 200 279 131 227 156 257 
246 139 218 77 284 19 194 108 129 119 78 23 38 10 278 226 57 303 37 119 53 103 225 107 307 76 241 269 65 13 12 224 62 120 252 106 130 104 64 114 279 108 279 305 119 155 163 124 101 306 257 213 147 182 193 169 145 27 200 13 287 306 111 63 179 157 307 111 305 25 283 37 263 66 246 189 221 239 110 194 89 196 112 63 139 187 161 120 215 59 36 119 102 162 185 30 249 119 269 288 43 107 271 170 63 215 51 56 71 213 289 256 123 134 251 122 237 253 102 232 23 66 99 168 289 197 170 40 221 88 211 10 24 270 20 96 119 118 249 21 69 199 102 185 95 129 306 113 25 288 193 234 111 155 155 184 104 64 41 66 134 298 61 89 71 70 25 56 33 59 53 45 264 144 126 49 27 35 297 301 32 28 48 46 46 50 225 294 252 209 240 203 160 131 231 308 52 228 184 182 239 169 127 28 147 164 105 42 173 62 32 194 65 276 279 244 89 223 117 103 48 117 113 72 264 117 21 227 111 294 131 61 60 62 187 177 154 107 286 109 277 197 35 303 45 234 244 26 31 229 191 123 149 301 209 17 37 302 18 16 177 222 103 73 153 301 105 41 301 153 87 25 77 275 153 16 167 238 129 55 288 306 226 205 93 308 80 137 267 148 259 81 17 226 76 56 65 98 168 239 
281 50 162 51 143 186 119 94 71 218 259 241 208 74 255 305 162 249 149 261 239 134 172 34 111 92 257 267 172 13 221 36 265 274 268 210 206 265 217 173 13 207 98 60 132 199 235 224 283 202 242 136 159 220 201 232 219 167 64 261 82 222 128 299 170 269 65 180 91 260 287 60 158 37 10 274 163 134 100 138 129 178 153 303 138 78 278 207 78 163 43 244 260 218 169 309 254 180 16 161 81 107 52 172 113 172 31 168 198 243 78 190 15 84 47 157 305 236 122 58 204 27 115 180 101 307 16 146 291 45 287 247 60 122 294 100 267 73 264 57 127 178 283 205 69 230 224 255 258 266 171 97 255 273 104 130 61 46 288 305 233 141 16 119 168 33 175 209 218 34 50 238 140 68 245 274 232 55 124 240 284 24 115 277 237 244 201 170 157 176 31 214 238 41 240 187 78 124 80 203 212 85 269 74 285 159 117 238 118 299 86 249 203 114 267 122 33 148 272 307 236 247 203 250 116 15 71 247 221 187 113 25 169 148 233 179 236 249 303 68 194 166 55 242 228 225 222 64 104 129 111 34 238 233 121 225 251 69 285 287 222 271 165 131 23 17 126 25 199 212 163 153 229 160 112 302 130 123 34 10 120 227 223 302 32 184 252 26 169 306 265 254 271 66 14 115 152 114 35 13 
142 278 141 113 245 150 307 270 250 161 305 40 235 283 280 224 81 302 186 82 16 193 297 16 218 217 122 106 279 65 118 163 55 222 168 283 237 238 24 109 146 308 24 175 277 235 22 31 177 238 61 161 308 200 35 166 207 249 74 219 105 221 201 18 64 267 294 300 13 125 257 112 112 10 203 143 185 220 196 80 273 255 174 38 143 294 104 192 76 200 74 96 177 106 113 51 152 255 257 11 94 144 196 54 204 269 238 47 11 243 147 155 16 71 37 97 195 39 131 197 127 28 142 97 283 204 185 53 164 309 214 269 143 125 138 108 132 295 145 95 151 106 296 191 250 149 218 295 87 67 182 150 56 272 289 251 296 267 191 241 239 33 176 201 236 233 283 202 110 22 27 273 214 111 228 153 44 201 37 132 116 142 223 306 85 119 112 294 158 147 133 258 213 215 273 76 262 133 67 251 305 293 105 271 219 56 202 292 232 223 101 43 156 292 60 78 300 271 59 105 131 28 288 133 83 223 119 170 84 52 126 132 254 68 223 185 230 143 77 221 40 291 236 309 198 113 231 269 180 115 66 268 83 222 168 58 303 309 87 98 46 85 71 76 280 91 177 256 56 303 216 139 24 165 120 249 39 65 280 76 102 19 89 177 197 281 21 212 263 109 133 84 305 158 47 276 307 122 247 295 
215 131 288 139 299 122 121 256 125 177 121 115 301 131 268 61 265 282 299 164 43 103 97 226 160 130 35 243 120 301 268 124 210 293 29 68 145 216 125 34 111 235 237 197 273 51 298 67 123 139 21 109 18 60 111 25 87 193 52 50 193 84 98 100 114 216 143 35 66 256 103 154 229 168 47 55 110 59 196 237 156 61 48 232 56 58 54 264 210 203 53 124 304 111 75 129 117 28 242 136 99 131 114 200 60 197 240 144 37 187 94 227 123 29 40 308 225 163 263 93 30 184 165 118 185 270 260 83 150 121 169 290 71 11 171 230 59 244 276 281 165 248 48 166 128 81 93 238 250 217 126 172 126 288 243 108 299 65 36 278 94 87 110 78 106 150 170 237 194 131 51 201 138 268 298 258 224 195 43 278 286 50 19 202 223 71 156 61 302 281 269 204 267 218 247 267 257 182 299 228 178 309 128 37 129 124 271 46 138 10 25 275 49 72 270 259 20 185 168 70 282 20 245 292 40 170 137 250 271 193 125 212 270 265 144 72 237 277 248 79 174 165 149 133 83 109 190 154 133 182 51 146 120 199 241 280 90 300 71 210 288 18 110 76 202 217 172 251 191 201 162 284 53 66 153 250 261 268 284 212 118 247 176 30 155 151 213 245 175 26 111 156 213 268 296 146 158 16 50 42 
177 286 98 258 69 252 254 175 83 272 205 96 12 226 221 185 191 90 177 106 94 205 287 84 109 81 80 254 163 242 190 236 149 206 99 273 265 55 68 255 11 63 58 175 30 205 64 164 261 82 33 23 195 254 168 17 268 132 146 242 120 211 10 114 150 183 224 144 190 147 178 56 235 260 274 60 64 94 90 79 24 38 96 30 271 191 58 200 146 221 65 23 210 103 56 115 57 120 116 23 110 128 309 266 106 35 196 136 119 111 15 261 200 222 143 233 89 234 165 304 124 256 59 287 260 130 18 272 301 204 176 139 264 298 254 238 105 208 291 262 242 230 262 306 305 309 298 148 197 166 96 154 181 101 38 162 74 72 86 169 14 37 156 128 308 21 239 308 38 179 148 172 61 65 125 128 84 261 241 296 220 266 169 37 186 96 167 284 100 205 84 153 289 170 196 97 39 98 96 75 176 233 303 203 81 159 230 32 176 253 136 208 96 84 98 94 273 170 58 231 135 238 14 56 141 103 251 163 100 255 95 55 248 36 84 105 17 119 210 153 46 241 234 286 208 99 104 288 304 193 50 154 250 181 38 107 122 152 271 149 212 89 106 98 80 237 270 98 65 255 65 241 25 301 141 307 213 223 175 80 203 90 165 43 261 39 294 222 304 181 182 120 273 197 71 202 227 201 259 178 
165 306 66 76 33 221 215 157 117 32 38 146 53 166 277 199 97 121 220 140 128 271 205 148 93 237 268 259 301 106 37 279 166 112 255 95 122 306 265 192 171 102 23 193 166 243 215 193 165 29 61 26 189 116 144 244 164 135 309 54 47 49 309 280 299 145 110 190 273 242 158 148 168 277 128 14 182 91 195 206 249 205 292 167 83 161 122 60 148 49 80 258 104 275 299 63 37 173 176 76 93 98 44 27 147 65 122 28 106 128 85 125 246 16 299 212 31 234 285 226 27 105 200 304 236 43 218 52 230 269 137 30 182 227 225 280 124 70 209 180 264 256 236 11 231 129 64 261 248 80 127 39 57 90 292 212 272 28 300 81 45 31 249 83 141 295 127 93 131 233 33 33 151 57 162 67 120 250 212 141 115 285 201 10 236 192 185 261 267 156 59 219 119 128 32 256 125 52 91 27 205 224 137 80 152 165 185 302 146 142 31 104 166 195 275 53 146 166 307 188 205 34 68 249 142 293 13 296 122 196 116 185 233 280 303 269 81 295 254 200 284 173 117 24 239 296 273 256 10 266 90 84 230 18 251 188 77 56 189 240 281 309 217 243 11 206 281 71 249 11 37 16 254 239 302 166 29 162 302 184 97 243 137 234 251 12 116 299 300 251 92 248 77 117 61 119 280 232 260 283 
25 225 53 82 120 104 117 189 293 112 95 173 253 113 222 214 267 204 62 84 264 172 58 71 114 70 141 35 159 228 264 256 176 265 176 72 59 232 103 34 282 218 101 34 73 128 19 187 111 30 171 215 36 49 259 185 93 259 166 223 12 160 84 203 294 275 132 127 126 151 64 44 308 195 185 119 90 205 241 209 238 274 213 145 192 208 102 223 173 296 161 256 248 126 153 23 35 15 134 306 54 253 280 177 216 181 306 122 286 154 167 93 200 272 77 30 220 179 168 241 210 105 177 245 22 89 304 109 116 293 182 31 285 199 295 217 104 159 71 40 288 256 87 211 213 40 107 265 21 285 137 119 220 194 116 80 130 113 107 77 116 102 160 138 109 47 224 278 275 193 75 48 300 60 83 90 218 43 230 191 139 50 261 295 216 87 300 50 184 226 198 198 172 12 243 136 262 54 225 89 150 32 199 160 271 208 185 147 286 127 96 83 96 66 28 232 69 288 167 61 305 188 259 36 86 280 220 141 118 45 16 40 119 238 111 264 28 177 51 226 281 57 107 130 226 221 193 248 84 153 282 285 260 227 65 248 220 111 172 140 203 106 258 83 129 24 167 189 275 144 78 157 296 278 184 92 276 271 54 52 220 87 56 206 258 167 99 142 234 123 196 198 185 59 246 186 124 18 239 71 
165 16 101 267 254 152 103 200 202 168 105 279 37 40 259 78 290 300 14 89 42 254 143 18 142 191 246 44 209 233 54 121 257 32 190 34 103 121 191 230 141 32 215 285 251 181 177 236 188 214 198 14 62 55 220 213 200 153 192 145 251 91 193 288 91 302 151 31 156 280 130 63 204 15 251 220 279 295 116 146 32 33 274 101 133 57 82 134 227 231 157 134 142 269 125 131 220 229 229 53 148 233 54 255 84 302 123 121 160 80 137 157 179 146 208 289 92 178 74 274 37 140 281 175 275 92 99 147 271 217 68 185 83 207 216 237 183 275 173 19 66 286 219 284 196 303 194 178 70 17 260 233 256 64 144 295 165 231 226 211 52 102 20 238 222 240 124 10 283 48 79 268 194 307 97 223 131 125 101 189 59 86 124 218 119 151 226 75 224 209 61 168 15 120 136 13 219 187 138 153 276 103 59 108 38 193 154 240 241 165 233 34 48 281 302 10 11 213 242 22 193 96 119 74 125 171 306 265 97 52 105 83 164 86 129 212 185 71 99 141 129 38 198 284 251 114 85 296 154 230 249 265 107 11 133 20 21 187 20 279 265 287 58 28 133 243 47 136 216 53 289 42 275 127 272 300 215 213 82 41 122 282 303 59 162 58 87 243 260 104 243 227 233 196 118 251 275 284 303 63 
245 263 169 300 72 114 170 97 173 154 89 180 131 209 64 81 251 53 121 18 268 82 71 104 268 227 55 261 192 220 95 166 175 45 206 174 291 78 73 252 195 261 290 90 208 292 296 67 124 164 258 62 227 121 207 31 170 49 29 37 38 27 253 208 207 91 282 270 112 35 269 197 276 11 221 122 57 269 98 108 132 39 80 130 21 50 89 19 296 308 222 168 172 244 110 146 236 205 207 297 163 292 282 155 204 90 201 201 230 282 140 189 180 210 181 123 149 27 91 69 233 137 96 281 235 81 305 224 250 79 67 141 149 31 236 106 132 39 176 27 288 269 160 49 242 89 114 277 23 82 290 140 98 181 104 13 210 141 280 277 69 249 243 226 185 127 294 87 303 147 272 71 38 272 35 85 149 40 283 71 231 273 134 17 97 70 187 207 125 64 277 197 138 35 30 220 200 288 89 162 193 248 106 146 232 293 76 188 193 207 279 57 205 258 106 304 204 282 98 80 256 287 145 70 132 242 82 125 165 23 290 246 203 96 309 275 31 302 201 35 131 51 180 197 158 228 296 200 18 143 52 124 120 144 32 101 119 252 33 92 164 70 266 52 264 258 307 151 178 269 92 161 110 146 148 156 114 106 190 257 200 263 279 102 80 272 194 25 164 266 209 207 161 302 196 44 100 17 238 278 
57 160 306 163 178 154 68 145 139 246 217 224 273 265 65 155 13 303 286 227 190 237 283 266 261 91 23 181 32 75 264 295 132 10 35 89 204 45 308 10 279 103 41 69 85 125 212 294 69 174 34 90 253 291 22 103 215 206 194 275 239 11 30 122 12 51 271 82 159 145 260 207 225 229 158 252 217 63 277 240 214 111 168 248 66 214 41 195 255 217 94 235 65 289 107 180 152 247 14 139 135 256 99 301 246 144 107 223 276 187 271 88 292 184 221 29 72 265 75 93 154 58 211 121 214 89 278 37 249 62 63 51 57 236 186 27 189 164 126 257 194 181 24 39 53 151 229 18 43 292 181 86 299 263 269 20 119 239 86 128 246 192 223 131 212 252 274 31 178 173 257 52 35 149 186 301 167 78 295 91 144 86 136 41 86 66 127 77 107 283 189 134 63 165 66 283 176 224 228 130 217 19 245 196 92 43 26 25 173 224 197 247 302 161 265 128 60 230 151 191 231 213 101 274 100 210 172 234 94 84 239 19 55 18 106 39 148 31 168 131 64 48 77 175 73 140 87 159 304 118 239 155 209 73 218 41 202 149 85 68 132 252 282 227 151 15 223 46 120 129 288 21 203 12 120 122 73 231 200 23 86 28 128 185 20 220 98 39 24 111 56 198 225 124 284 97 273 224 54 184 
14 269 14 28 302 239 142 93 15 190 230 80 14 123 58 252 69 92 176 239 166 53 270 288 162 116 126 243 274 255 253 266 136 232 261 103 118 285 299 52 138 125 147 97 113 95 104 288 190 178 211 157 141 29 283 261 265 192 212 185 213 18 85 139 50 80 98 92 50 174 146 114 11 89 216 151 178 104 180 147 46 119 216 286 104 129 223 166 249 96 26 188 194 223 110 165 214 27 181 259 146 126 44 123 260 252 148 121 158 42 32 306 61 97 223 186 91 307 150 174 290 293 12 252 270 244 232 68 186 199 218 237 294 229 94 48 147 267 45 100 304 201 49 36 220 118 216 229 47 117 164 282 29 289 129 288 32 23 218 65 214 274 237 34 99 235 257 145 88 71 161 284 120 238 19 294 270 32 198 125 163 110 132 242 29 245 290 81 56 199 177 292 240 279 217 197 272 65 308 29 98 210 270 276 150 139 98 231 187 305 263 129 75 105 127 297 18 170 196 186 159 175 285 176 206 185 295 14 137 65 18 273 285 154 297 56 151 293 249 289 271 88 153 131 64 284 57 147 21 54 300 172 36 57 22 74 279 86 124 119 99 288 30 73 85 281 57 10 58 57 70 96 123 277 233 31 289 298 198 286 221 203 209 242 95 48 272 125 52 221 177 46 305 15 157 248 62 193 49 227 
151 45 95 277 34 88 287 38 218 227 33 59 62 140 282 145 188 16 51 266 284 242 149 171 47 192 115 174 13 32 124 46 87 211 261 244 225 249 282 164 235 251 180 277 253 68 298 33 212 229 50 52 191 289 187 47 298 69 56 156 222 64 291 104 137 305 243 132 79 204 180 100 265 50 257 166 161 273 290 201 242 19 294 200 253 146 22 201 69 220 36 118 39 196 307 84 113 277 251 202 272 117 219 107 179 168 89 114 50 26 10 150 99 19 179 50 47 17 143 230 24 27 246 175 42 224 217 40 76 174 231 73 276 260 32 220 194 118 236 266 44 275 62 123 246 127 137 129 140 50 254 242 300 265 115 268 202 256 188 36 61 143 269 118 92 261 267 252 36 206 262 58 264 288 73 237 59 72 135 26 129 282 215 216 80 242 175 92 120 16 103 241 52 298 215 205 247 60 159 119 79 309 166 249 89 81 89 247 226 50 279 52 41 91 137 209 92 265 126 204 223 44 301 67 174 18 125 189 298 182 98 180 207 268 85 19 96 118 104 286 48 290 275 140 228 110 290 148 209 212 240 247 103 128 175 297 265 79 29 282 27 29 26 300 278 21 223 214 188 247 39 58 232 218 268 17 206 152 20 202 181 18 92 126 276 176 133 224 76 157 185 58 116 259 72 186 102 142 292 259 
197 28 298 174 302 128 74 300 184 79 236 83 38 224 24 265 55 205 275 279 132 96 63 42 137 38 16 182 63 33 236 281 251 42 36 122 59 275 41 161 201 69 162 138 220 64 18 215 15 253 216 303 243 236 261 57 160 156 162 246 123 100 203 22 203 47 67 28 246 18 24 231 89 48 241 259 146 143 291 117 224 169 261 76 56 49 152 140 147 143 261 204 156 178 12 86 104 252 253 225 219 115 112 298 208 26 107 47 112 61 295 234 147 58 135 53 67 76 279 130 258 253 291 124 49 298 152 166 98 86 43 256 46 85 66 276 83 62 10 38 226 186 53 259 75 130 180 126 217 287 220 13 211 217 110 83 267 130 47 214 258 51 309 34 208 148 215 130 230 228 19 79 41 19 26 35 160 255 24 169 257 19 121 173 188 51 267 97 49 273 293 237 51 241 307 18 28 159 226 91 259 279 58 191 256 290 279 199 19 11 53 19 51 209 35 16 132 83 62 257 83 91 217 136 305 91 144 302 75 36 34 141 12 121 207 34 211 197 206 79 27 164 301 99 272 255 82 35 80 161 14 227 202 180 225 30 45 124 153 90 196 299 78 20 156 77 225 11 163 70 211 26 256 289 226 194 175 95 286 184 131 145 65 213 280 104 51 68 90 142 115 96 147 26 267 29 156 279 166 194 
275 71 236 217 271 82 202 239 288 92 275 143 245 15 173 192 239 291 236 85 84 64 263 301 68 102 181 88 166 216 264 268 59 295 220 215 298 219 257 172 188 245 44 276 10 295 251 87 179 302 24 246 103 258 256 100 172 175 300 212 177 286 108 225 136 133 142 145 196 160 141 37 162 152 94 209 211 293 299 56 11 27 226 267 84 108 301 90 18 157 176 269 198 206 110 92 105 47 283 186 278 45 289 23 242 108 161 93 291 269 37 199 155 195 196 191 190 278 25 214 179 197 96 157 75 140 61 42 210 160 295 111 258 230 256 258 205 209 253 198 290 196 36 93 147 27 116 51 214 216 45 186 301 201 21 290 275 73 115 186 275 28 265 47 75 155 15 73 237 215 10 157 177 260 221 154 264 81 211 138 11 186 261 58 146 151 75 280 198 231 238 277 169 275 119 247 198 76 62 213 41 286 147 121 79 267 305 69 197 79 173 65 293 301 61 163 254 153 258 192 305 228 51 142 35 289 215 255 53 261 177 93 258 82 277 270 188 71 85 203 146 207 198 71 172 55 285 201 171 49 202 49 15 258 298 82 198 22 286 202 102 63 227 202 146 291 188 174 189 74 148 259 192 87 17 85 121 225 128 15 63 281 246 232 244 231 270 269 261 262 64 249 161 152 33 204 204 173 268 191 
129 58 129 250 226 270 32 226 171 304 35 58 301 87 228 113 105 173 85 254 200 262 153 107 244 109 36 70 144 248 141 205 148 161 255 127 48 139 149 140 50 134 143 285 170 206 226 87 137 126 109 90 211 68 93 185 161 235 162 244 91 305 235 21 151 230 67 15 74 148 141 192 15 105 33 197 265 74 185 307 304 45 63 108 127 33 159 210 180 212 223 48 212 230 49 207 269 29 133 250 29 276 120 72 249 123 184 133 26 263 88 216 170 238 287 145 299 38 232 103 167 38 121 171 255 177 216 50 126 274 33 303 48 139 101 300 264 110 219 238 274 273 289 147 60 193 309 112 115 197 260 276 248 224 306 116 177 260 208 94 78 125 307 23 284 149 34 211 169 105 285 268 71 72 210 160 89 146 208 26 84 224 163 228 79 134 188 56 113 301 233 12 274 294 42 165 224 122 273 138 163 91 279 82 259 260 108 302 206 17 17 47 185 229 296 20 238 275 121 206 11 246 198 64 189 277 283 226 244 166 275 33 278 174 157 217 126 201 115 77 150 174 157 274 278 126 185 231 307 145 85 20 164 145 121 266 264 250 158 173 56 94 68 107 270 169 87 180 135 163 159 150 25 69 234 80 36 90 224 37 189 151 82 162 75 145 16 61 198 169 219 51 57 48 279 164 260 176 296 88 
30 107 112 109 259 134 272 112 141 29 278 36 85 17 227 269 192 126 36 13 219 178 166 211 18 69 78 161 295 279 230 64 63 227 241 197 49 186 85 59 56 19 115 114 121 283 259 285 244 164 305 47 115 298 154 278 123 298 131 82 284 274 19 241 135 288 91 183 210 187 171 148 18 100 239 215 124 205 35 25 166 39 182 75 107 135 129 184 301 209 247 34 266 309 280 23 189 47 38 191 94 250 84 84 81 44 225 244 143 88 235 118 142 259 229 36 138 210 149 236 223 240 234 182 169 81 53 21 213 66 62 71 142 308 226 274 204 23 19 93 24 218 155 95 100 300 212 91 148 128 63 247 109 93 104 213 257 32 225 187 76 167 115 198 93 168 189 303 296 173 163 145 42 132 78 261 13 270 200 291 142 172 106 36 156 10 72 240 15 223 178 250 221 77 284 234 147 57 187 295 75 198 246 309 265 115 77 232 264 309 165 213 147 145 168 100 235 222 192 199 162 99 306 110 304 115 291 36 297 285 82 149 71 298 183 248 158 65 41 95 149 221 215 156 91 97 87 206 234 296 282 217 242 14 126 43 94 239 30 47 298 79 60 238 92 309 68 51 244 168 12 42 141 47 61 13 90 59 93 131 18 270 203 178 260 214 142 127 69 136 230 72 270 274 23 273 125 264 291 65 
211 154 122 247 291 21 84 264 229 115 64 191 94 239 114 92 283 217 210 221 88 290 158 134 222 164 264 275 134 225 17 95 208 137 253 83 164 180 37 80 16 292 268 177 114 303 81 20 307 197 273 255 252 289 284 54 128 20 222 271 127 126 278 165 10 47 207 301 266 225 106 257 153 72 27 54 46 226 138 289 257 309 160 197 207 149 78 171 291 194 67 230 293 229 142 162 289 62 274 290 251 23 247 149 142 118 111 25 231 36 255 77 216 189 20 161 280 54 185 118 172 122 109 128 263 96 149 126 242 245 64 217 182 73 90 33 174 71 250 71 124 161 206 120 264 220 222 264 107 84 281 251 297 124 189 180 81 122 74 59 231 304 69 20 168 241 297 44 273 125 54 111 58 230 68 215 177 172 289 64 269 24 150 81 217 69 195 174 135 66 295 82 47 231 175 111 264 190 101 272 120 189 124 238 243 133 52 214 192 28 128 229 25 84 176 213 80 135 103 112 258 254 26 10 303 234 149 11 134 283 138 33 262 19 111 156 201 231 112 24 36 220 34 99 180 277 46 242 263 91 141 95 229 45 119 213 113 137 10 148 155 182 116 268 72 24 289 68 68 113 130 45 306 128 256 221 148 116 254 285 101 17 92 170 37 127 296 287 248 212 303 221 214 14 111 241 48 90 116 294 
186 37 31 271 53 153 94 115 59 275 90 117 59 278 157 86 217 224 180 117 112 47 120 239 79 239 266 103 88 90 137 87 113 257 175 11 193 269 204 46 17 100 154 239 131 116 160 42 245 24 266 147 266 279 209 285 26 149 167 35 16 277 16 247 185 127 22 40 302 273 158 150 304 29 80 75 271 29 273 200 213 147 83 276 201 94 137 16 280 37 64 204 250 286 173 109 112 101 203 120 253 42 51 134 282 72 139 304 262 292 60 105 258 113 167 228 170 125 25 296 72 89 278 71 36 268 11 218 20 198 123 235 145 102 165 219 227 200 302 298 49 196 100 168 123 307 86 221 119 293 82 60 15 130 36 119 86 225 224 294 144 169 87 98 238 162 130 60 185 253 146 86 103 219 162 113 237 11 279 157 90 228 30 188 299 112 232 221 30 72 118 296 233 196 301 309 257 11 34 58 290 266 187 120 292 16 267 206 266 110 260 200 187 12 185 234 194 292 296 209 138 172 194 288 10 298 141 159 85 224 151 116 213 77 137 212 277 59 152 144 60 185 303 271 208 75 81 287 144 220 165 38 101 207 100 179 279 119 293 197 66 120 240 283 175 153 251 92 217 272 16 278 179 50 261 45 211 167 168 150 75 82 75 20 72 140 307 185 157 43 171 194 241 205 12 179 302 230 118 55 
160 223 102 254 189 87 150 60 219 279 88 296 289 160 166 61 102 83 273 25 166 146 65 183 113 66 236 99 209 309 131 147 54 132 277 68 44 39 161 305 49 223 263 40 202 172 250 50 199 296 140 164 248 208 29 115 178 203 228 76 177 52 216 308 240 135 294 217 68 49 120 230 208 27 141 172 36 165 138 142 135 288 237 269 251 274 23 271 260 36 128 53 72 124 205 168 221 216 61 209 299 131 53 143 136 99 188 252 197 286 283 11 279 285 148 85 202 50 213 251 112 129 27 215 305 157 136 280 262 207 202 23 223 124 193 40 102 95 287 285 300 281 169 221 190 160 240 264 173 81 298 214 149 266 271 249 296 280 111 223 185 293 296 16 131 104 308 175 164 91 177 215 306 197 288 97 92 205 139 197 48 140 113 309 280 79 158 56 110 119 140 62 180 300 109 47 32 111 302 127 148 175 83 225 218 210 164 151 302 57 183 280 56 165 163 179 107 180 305 172 58 235 65 60 295 245 227 121 209 285 214 98 38 119 249 276 152 64 192 22 67 138 269 291 236 198 160 85 65 197 216 76 196 21 167 163 204 89 87 114 90 62 125 48 113 75 39 199 36 299 141 171 159 150 245 271 72 173 116 218 143 178 82 20 257 236 97 47 181 210 249 209 183 14 279 295 213 180 36 67 
211 191 243 117 215 47 279 179 129 196 110 23 235 48 281 33 84 35 109 141 126 102 189 230 141 309 196 144 242 252 13 260 24 181 306 201 98 263 27 141 114 34 195 36 52 149 143 247 69 108 193 69 97 140 206 242 259 151 160 162 129 192 159 33 108 139 70 258 132 81 228 225 11 223 96 84 242 75 17 105 213 178 42 206 84 247 49 153 45 73 195 270 233 49 216 14 33 202 146 45 38 201 143 208 284 62 66 283 142 164 175 220 27 165 152 57 138 101 58 206 20 173 228 15 106 153 248 173 85 211 84 178 63 202 88 105 78 17 36 42 255 74 173 284 103 89 91 81 172 221 157 190 147 284 120 167 33 222 205 183 196 64 234 60 83 18 127 10 244 119 137 161 73 43 118 92 41 234 258 263 257 279 154 65 271 271 139 286 21 283 257 99 136 199 49 120 202 260 15 116 247 132 268 295 257 25 275 280 58 84 195 110 229 231 12 166 142 28 253 57 306 280 26 74 295 114 221 213 153 256 294 165 98 220 234 225 289 23 193 61 277 191 244 87 84 277 85 101 62 153 34 256 124 276 254 275 69 243 309 116 195 218 254 69 249 76 43 87 252 189 174 19 35 35 82 250 47 137 239 155 306 141 157 214 100 281 69 108 300 216 79 28 53 139 108 280 268 294 303 208 
83 291 38 213 46 164 93 246 37 279 63 116 63 148 235 288 157 286 121 149 242 299 261 42 306 225 224 125 300 99 162 208 156 13 63 44 36 95 292 244 135 52 269 147 200 169 248 193 80 267 245 55 226 255 128 141 302 69 254 72 164 219 35 296 198 251 175 284 45 234 137 139 48 54 184 189 61 262 148 166 44 212 160 118 97 44 84 298 177 243 169 162 296 243 12 272 138 57 91 48 252 230 118 116 148 66 58 217 303 50 23 103 57 161 111 173 42 94 272 241 36 104 262 279 141 61 111 59 294 91 243 56 253 160 128 250 299 153 225 120 124 89 96 255 287 303 90 229 293 265 306 93 306 54 246 110 154 295 93 238 17 233 87 273 152 130 167 142 130 225 142 189 175 67 197 98 163 140 245 301 62 81 68 199 211 115 83 20 71 299 153 148 80 280 231 167 233 186 98 280 192 112 281 193 273 304 220 201 144 225 143 278 106 202 275 126 36 289 125 12 273 227 25 18 125 174 266 113 157 131 263 47 269 88 273 72 92 21 266 220 114 127 205 260 24 284 183 235 196 294 146 99 147 30 107 200 251 172 10 264 132 72 32 179 305 115 264 73 43 200 106 302 186 228 272 14 129 16 84 41 231 197 168 232 65 292 308 105 50 187 225 111 40 83 250 106 241 232 88 153 
50 194 114 256 71 230 202 120 175 84 173 153 278 145 236 236 308 32 168 266 147 73 167 151 179 267 261 113 177 231 134 275 218 151 264 110 37 279 243 131 168 309 47 103 167 272 46 79 298 64 31 110 193 204 42 259 288 92 185 111 71 284 74 276 94 156 138 15 117 141 161 207 252 244 243 10 193 25 118 268 242 303 213 49 164 35 209 212 288 94 237 34 85 178 104 67 102 119 282 151 202 94 174 79 217 207 94 255 109 132 52 215 153 29 61 293 237 69 215 134 74 241 143 270 266 219 167 197 83 122 84 19 180 200 224 224 201 116 111 141 229 105 39 214 257 190 232 68 78 128 25 116 254 233 225 172 31 26 201 62 16 44 66 143 236 38 201 22 152 286 269 229 232 272 224 154 261 295 182 130 118 179 291 95 48 102 248 144 18 200 188 225 61 28 118 174 277 168 17 128 60 96 283 234 191 209 267 210 177 222 239 92 82 174 185 178 57 145 276 181 198 259 269 194 259 252 38 285 111 30 206 238 263 64 102 269 268 309 120 124 170 280 199 86 188 145 166 18 120 60 276 171 300 268 71 183 25 159 56 171 170 16 119 289 144 301 246 161 229 210 151 112 243 45 293 39 251 176 280 202 93 208 122 292 218 111 172 13 19 221 173 21 51 134 259 225 128 187 239 271 
94 137 215 167 213 258 127 167 248 63 289 263 41 218 120 146 71 285 170 79 249 246 60 283 41 172 251 297 54 130 205 211 150 95 122 221 142 257 39 212 13 254 278 205 275 48 115 157 275 68 219 83 32 306 59 288 193 134 175 98 38 174 75 84 273 206 66 281 304 16 138 103 48 77 187 107 251 128 19 42 71 226 189 269 63 41 112 64 254 241 227 291 240 163 247 119 171 172 128 92 251 205 135 63 113 113 71 221 234 112 219 308 166 33 204 154 183 119 68 228 228 163 90 185 33 69 23 67 80 179 11 209 109 126 248 38 127 52 76 208 203 194 233 252 92 251 246 230 111 12 143 156 87 49 69 160 236 32 275 173 97 197 137 93 256 50 159 128 74 239 296 268 182 161 119 30 210 122 109 260 75 152 225 111 60 304 189 235 10 292 145 69 82 273 44 247 143 77 193 230 98 199 84 76 104 200 102 85 275 172 279 17 19 76 269 250 274 306 56 274 193 222 244 245 217 206 30 12 167 106 306 160 40 270 108 149 148 137 214 222 271 172 126 180 260 114 69 117 213 89 170 178 239 288 187 284 220 82 205 140 71 71 126 225 199 246 60 207 306 19 187 232 110 14 107 238 65 99 287 183 26 199 113 223 12 228 191 256 266 160 237 286 39 71 153 26 271 94 279 113 
178 102 189 168 165 202 165 82 42 196 88 76 223 202 219 160 251 176 144 126 92 288 48 183 39 34 150 50 180 105 198 39 281 102 127 70 39 188 266 117 12 68 244 13 143 41 82 214 307 234 138 77 165 162 244 34 180 56 290 146 11 13 266 262 70 203 142 169 193 144 24 182 206 242 190 170 83 176 240 181 83 232 264 90 309 90 51 188 149 34 281 149 212 173 49 234 218 186 114 221 86 254 276 263 68 148 304 246 205 219 121 300 216 172 220 296 248 200 115 60 279 126 131 156 121 149 103 14 104 65 291 39 170 86 78 213 287 145 264 298 296 162 279 151 96 181 40 188 99 169 69 15 181 293 256 183 276 61 106 135 188 121 156 295 293 188 74 198 162 24 283 205 209 77 277 87 286 23 61 50 273 51 232 84 43 227 103 41 308 205 216 237 74 66 135 148 96 29 192 22 305 211 149 40 119 156 106 236 99 26 87 85 143 187 210 77 165 185 293 63 10 97 150 34 11 13 214 151 250 219 79 164 104 29 46 230 34 71 39 65 254 85 261 225 207 166 61 175 128 221 15 104 300 301 108 249 194 268 190 80 19 224 140 77 96 102 101 128 122 78 272 115 151 227 265 159 199 226 30 68 87 261 294 213 228 30 146 176 59 245 227 65 232 22 295 53 56 282 239 178 
180 145 285 237 135 109 145 163 39 21 217 188 242 123 61 29 106 210 136 184 27 151 25 65 240 207 20 227 145 125 261 211 231 293 177 20 292 24 222 172 281 17 238 102 74 29 179 81 37 118 173 184 289 89 19 294 195 289 175 103 129 284 129 88 227 88 205 28 128 92 216 15 171 136 232 191 73 230 51 121 121 283 171 261 85 237 86 289 42 162 207 135 123 309 215 120 49 215 74 164 51 205 119 40 284 309 157 39 110 110 282 92 18 43 128 138 267 298 34 213 184 233 254 208 184 17 61 116 172 75 78 108 20 84 126 254 225 219 123 205 298 52 180 62 53 224 132 80 232 76 11 151 189 225 266 221 214 293 241 103 32 114 29 177 135 147 135 121 221 164 127 289 227 174 89 224 41 132 157 194 19 307 97 214 154 12 51 307 196 183 268 70 194 98 61 299 76 247 80 198 168 191 21 200 236 255 256 158 162 289 262 25 149 27 180 203 265 281 39 13 22 268 158 225 153 306 160 273 236 105 34 265 287 264 72 250 274 11 235 71 88 298 226 297 149 36 215 273 245 204 173 157 229 165 131 271 193 266 132 208 82 167 300 21 124 127 242 62 32 186 176 92 224 46 14 133 163 34 227 309 271 165 88 163 32 149 107 201 267 89 235 84 162 219 92 231 126 40 101 33 
214 125 204 77 98 103 278 206 243 53 212 183 17 68 137 132 191 131 113 62 50 201 81 256 168 308 256 10 62 247 250 130 204 306 47 101 268 284 26 255 254 157 70 190 254 130 92 104 146 57 110 95 114 13 204 188 205 214 142 235 166 172 137 98 263 138 101 268 120 225 113 97 307 278 233 83 210 249 113 126 146 66 98 63 59 81 187 49 189 184 36 270 201 192 129 221 162 29 65 303 301 174 53 155 287 177 40 309 214 174 11 51 19 302 309 87 14 45 69 83 10 296 226 38 255 93 152 258 153 188 76 190 255 227 44 30 228 216 32 201 17 306 220 242 303 137 115 14 170 61 307 241 42 261 142 187 45 248 12 73 29 253 106 268 119 300 35 189 240 221 121 250 267 87 290 36 16 243 224 145 76 134 13 116 32 55 111 86 86 182 206 208 265 130 31 102 256 90 266 114 79 250 287 309 109 214 162 141 289 260 279 140 146 18 119 139 45 122 64 99 182 193 146 240 45 189 231 48 263 203 260 122 143 165 114 150 114 100 192 208 227 24 61 82 86 246 172 151 283 67 138 209 38 103 204 292 98 168 186 216 290 304 27 175 278 252 289 268 46 204 60 61 216 303 222 180 168 107 13 164 232 164 305 61 49 179 132 257 199 202 83 177 160 302 165 241 275 137 301 287 
102 233 93 133 186 301 146 97 19 99 131 101 20 286 72 187 307 72 205 206 100 91 275 125 178 87 191 91 67 307 279 52 269 249 80 196 245 19 156 290 67 40 268 222 22 269 285 178 165 280 216 213 266 171 22 109 186 233 241 10 133 150 117 267 299 23 89 261 79 87 182 70 96 192 120 264 86 254 258 214 238 286 181 294 303 237 84 272 250 230 171 154 165 286 215 56 269 211 112 117 186 39 82 142 22 205 73 135 212 71 276 136 34 118 300 174 234 91 292 147 301 184 224 18 64 31 211 69 154 185 25 91 42 37 193 134 154 173 161 186 173 226 159 72 25 224 124 185 256 28 248 153 260 182 229 306 276 205 107 117 186 133 91 84 133 47 47 29 100 110 74 42 288 217 299 41 176 300 263 298 111 213 122 207 49 160 171 163 95 24 180 62 197 23 228 72 161 63 251 235 186 11 254 99 89 178 188 188 214 54 75 58 222 36 19 144 211 269 216 241 57 236 78 28 112 175 70 270 266 279 215 222 178 116 129 64 217 40 257 180 96 146 73 53 21 162 219 61 223 279 252 299 209 189 213 197 82 21 242 235 138 290 81 207 95 253 49 49 126 66 39 42 168 20 257 73 185 115 33 274 20 173 257 202 111 232 137 134 256 13 52 198 143 51 266 277 90 30 81 107 
15 186 238 290 245 265 279 57 69 188 179 226 66 247 157 258 199 307 205 38 272 16 163 264 292 192 54 298 38 35 80 66 93 263 126 131 132 155 110 111 42 103 75 17 153 153 201 113 26 227 242 158 272 108 225 244 110 132 132 234 15 308 155 61 250 57 79 193 263 111 44 284 214 217 178 105 70 252 57 26 115 137 208 205 52 122 136 259 228 263 194 270 53 137 66 265 117 28 144 166 233 306 159 31 75 155 180 304 64 190 13 287 106 143 35 309 138 271 89 232 26 205 230 18 249 159 29 229 107 300 234 227 234 158 120 16 261 268 45 50 80 228 241 37 216 223 23 262 252 13 256 300 128 46 205 141 162 160 75 142 238 265 205 179 251 137 210 245 182 243 268 76 288 11 304 115 308 16 75 77 178 294 132 103 303 71 287 200 276 241 25 36 17 248 309 11 31 94 203 60 32 266 187 297 122 65 48 142 18 94 165 94 90 105 299 188 198 266 180 274 172 255 156 278 217 167 306 46 14 28 189 149 46 88 172 194 142 263 207 73 267 296 235 40 230 153 291 212 270 80 256 36 257 64 258 84 132 247 256 86 104 225 77 269 137 93 200 299 138 298 65 309 149 60 134 68 165 164 129 138 21 98 122 249 103 186 211 303 161 173 258 31 134 80 67 20 164 28 247 203 
228 241 264 221 307 189 241 289 156 77 85 103 269 266 95 234 275 83 149 263 52 231 113 70 27 241 175 277 31 111 260 223 224 215 99 90 290 251 146 68 294 212 55 250 170 34 123 35 64 37 290 131 130 306 125 215 140 304 137 288 218 153 25 198 164 290 277 136 296 146 103 64 95 41 118 64 94 148 58 51 26 175 276 180 162 83 134 69 20 81 144 307 254 135 128 257 86 121 135 286 168 242 69 27 107 16 308 73 159 218 188 42 142 241 297 226 164 109 251 193 43 132 205 263 174 67 94 187 117 208 257 109 26 203 176 126 71 273 75 240 225 58 172 126 291 263 265 24 61 199 290 70 49 33 184 127 263 226 115 133 286 135 183 148 199 162 120 127 22 128 296 305 262 242 39 172 77 48 46 34 23 135 101 209 39 244 129 309 180 156 54 199 208 69 168 152 198 281 237 150 225 150 26 250 220 281 253 15 300 155 259 97 201 96 69 178 240 106 244 125 65 266 213 108 67 261 94 244 112 89 30 70 38 17 115 196 62 115 50 305 189 125 275 21 184 294 18 296 141 73 16 168 266 162 58 77 303 40 23 189 303 115 176 92 184 62 25 238 193 152 166 290 167 211 183 57 114 73 207 79 192 286 155 70 248 17 66 281 221 87 108 58 117 85 151 39 40 234 278 146 
296 96 244 271 287 253 131 98 38 309 66 165 107 298 23 138 50 104 209 149 20 98 153 96 278 225 71 296 252 123 76 28 235 119 26 44 91 103 15 275 185 110 125 179 194 147 301 117 288 126 35 104 61 149 281 159 148 25 284 103 191 179 143 69 150 193 26 88 89 265 50 129 226 252 289 244 87 51 257 194 95 254 291 259 262 205 38 302 241 279 277 255 289 192 161 93 226 186 229 79 185 124 77 108 13 275 162 233 116 113 146 266 241 122 131 182 309 36 118 30 49 174 208 241 306 240 293 299 226 66 86 51 305 246 285 163 274 216 220 81 140 12 41 100 249 33 41 68 114 272 106 82 102 198 271 108 135 246 54 91 258 202 223 90 211 149 116 226 118 181 38 278 112 286 239 73 280 187 46 265 279 51 206 307 282 106 227 56 156 118 85 151 243 24 198 176 123 163 166 62 60 39 134 104 279 214 86 201 244 147 142 250 274 163 274 29 212 84 176 15 115 212 174 197 144 34 308 46 187 102 221 219 264 195 190 233 285 192 246 275 228 15 92 223 95 246 185 175 161 251 121 199 86 64 264 257 37 26 17 227 113 197 15 108 39 47 95 26 99 68 177 192 297 19 98 304 264 90 68 17 43 91 135 184 204 297 89 300 43 34 29 173 41 24 138 158 236 297 172 105 
187 70 117 223 26 21 262 107 267 162 276 200 217 21 127 135 98 214 95 233 161 148 284 221 133 246 64 165 87 243 215 178 212 274 260 49 71 150 293 71 251 82 307 108 84 255 207 108 126 132 219 41 67 234 53 73 87 273 189 300 69 187 122 281 59 208 284 189 96 266 199 222 157 150 117 168 294 74 91 282 307 152 185 180 218 283 286 221 222 164 31 211 33 256 259 204 146 12 122 136 14 97 95 44 220 50 216 245 38 126 165 62 22 290 269 213 145 87 61 108 23 291 189 183 11 214 60 98 284 246 93 125 80 100 31 182 72 214 230 46 256 124 183 107 113 246 99 13 92 137 231 175 100 14 150 44 215 89 201 301 213 147 171 197 226 65 25 136 37 22 176 52 161 110 203 302 283 101 58 223 252 59 283 182 96 137 91 229 98 309 24 78 134 173 46 236 33 117 234 129 272 174 22 287 16 298 251 258 164 217 47 296 55 40 75 148 176 181 140 79 27 66 175 248 10 226 31 161 188 209 118 74 124 46 220 142 157 126 259 40 149 208 54 60 16 68 33 217 138 16 309 209 47 220 36 91 129 228 90 173 195 64 37 211 70 102 246 190 37 172 229 271 161 132 223 114 224 232 122 223 237 263 233 44 245 95 225 241 80 281 43 207 299 201 90 235 280 151 127 206 
215 142 296 132 80 35 146 166 81 282 210 187 193 123 33 148 57 15 231 292 306 167 125 208 91 138 215 130 188 51 309 207 231 10 199 195 219 176 238 97 202 71 233 96 255 278 150 56 259 200 45 60 19 256 198 128 39 294 114 277 190 180 26 52 38 79 251 255 149 294 269 231 143 83 262 83 162 62 74 48 212 207 165 18 52 231 168 293 260 85 296 308 240 160 131 306 231 221 96 165 38 183 189 163 241 235 43 15 86 57 121 209 247 86 117 134 72 20 168 170 108 295 204 114 156 297 63 108 182 272 86 200 146 246 175 98 111 173 286 110 224 261 57 99 112 195 206 159 71 107 282 33 158 36 156 12 50 114 184 39 111 168 136 229 266 39 286 44 245 15 176 112 303 52 100 185 200 280 136 241 201 252 245 195 55 224 166 305 96 114 204 251 283 41 40 176 281 166 236 56 280 303 165 258 143 92 192 208 278 27 279 150 215 35 183 279 93 103 156 194 128 283 224 139 105 259 52 156 72 247 123 22 99 87 172 104 161 28 155 216 226 118 147 211 52 248 170 14 143 53 84 162 177 192 228 240 298 22 305 273 46 282 136 111 162 274 227 133 167 216 269 196 105 303 219 279 289 303 303 103 53 282 306 122 68 257 56 293 124 226 194 60 171 23 47 63 306 43 288 286 
300 68 168 144 18 61 212 260 121 224 166 223 288 102 224 178 220 278 31 183 229 68 57 169 111 271 180 157 82 136 56 26 225 140 35 133 181 172 46 118 212 19 126 58 115 222 69 285 13 271 35 33 33 110 228 11 127 172 251 82 218 260 63 74 140 72 209 271 118 179 145 146 118 145 273 199 155 180 276 196 91 100 62 140 267 281 253 255 270 291 187 133 286 223 49 210 100 20 247 277 270 164 33 256 156 72 249 278 266 218 218 250 223 145 265 111 43 174 206 125 124 209 45 179 271 29 285 201 89 288 93 276 152 266 173 251 105 90 183 236 258 238 139 244 308 170 148 55 249 215 136 72 198 20 161 163 268 218 252 239 88 33 147 99 225 30 198 128 273 101 155 253 215 82 283 301 107 252 202 196 17 62 226 168 163 38 59 202 118 94 262 245 236 153 24 255 228 94 244 170 229 91 169 216 31 16 265 234 274 217 273 289 160 206 130 78 151 285 87 256 72 57 299 223 70 101 261 156 245 299 147 22 68 94 45 186 248 246 138 210 291 110 87 71 102 202 138 190 291 75 272 20 194 280 183 40 252 146 51 189 172 285 219 283 182 228 222 299 153 203 91 290 206 288 129 49 209 172 11 183 38 231 267 235 224 25 238 17 176 102 268 150 114 188 35 110 59 292 97 262 
143 223 214 194 21 257 71 72 227 171 177 26 276 225 276 12 151 293 187 134 294 303 308 76 258 81 45 119 112 166 82 227 125 102 67 93 38 43 301 228 215 151 136 178 250 248 291 40 238 153 163 194 220 259 189 107 100 230 231 13 53 150 213 219 187 308 84 256 21 49 162 216 306 164 123 92 166 138 52 46 261 231 298 57 32 204 81 294 13 105 182 56 148 120 274 66 161 169 231 202 124 62 84 304 183 294 280 39 27 82 259 231 273 193 260 308 101 81 138 30 152 172 290 202 267 140 40 175 88 81 178 80 201 252 281 237 202 125 213 20 262 116 227 203 41 265 221 291 224 118 270 11 213 265 278 60 301 286 304 159 159 308 299 162 31 306 22 135 67 173 35 91 61 193 125 13 73 245 24 237 164 91 205 108 305 15 48 65 138 86 78 169 271 274 138 39 155 224 298 221 59 251 62 63 11 111 277 50 226 124 46 135 309 59 225 269 115 218 30 75 31 280 262 134 266 307 141 163 276 290 283 264 105 105 309 309 192 255 59 245 166 62 103 300 76 165 233 247 275 37 193 306 23 92 276 222 239 32 258 47 26 200 271 135 109 116 302 220 81 257 66 103 304 115 79 137 307 230 16 102 261 102 13 63 87 231 91 104 51 139 143 187 261 206 143 151 20 261 95 117 
281 198 248 267 229 42 62 74 180 159 215 269 30 172 97 178 189 283 233 32 184 86 250 42 306 68 303 132 265 82 17 307 288 140 271 26 43 197 43 62 27 276 126 89 113 243 59 38 227 122 180 296 193 191 272 193 40 35 303 273 48 125 300 91 31 297 260 203 25 104 16 177 11 17 61 245 187 303 81 288 25 298 197 125 46 180 104 143 239 65 151 111 254 296 275 93 197 195 87 35 64 81 11 88 156 234 255 94 243 180 280 263 233 149 35 290 55 135 148 257 244 171 174 21 78 169 148 92 270 180 215 62 62 249 129 187 46 196 161 132 181 295 280 256 165 57 68 201 181 146 202 287 86 146 286 155 192 151 25 292 59 74 26 299 133 24 306 185 66 285 56 30 177 238 305 82 165 92 182 178 224 128 39 108 94 228 253 307 181 245 15 191 171 55 118 267 269 26 149 123 119 271 262 300 192 262 250 118 299 169 26 46 230 97 167 156 222 179 96 71 108 189 266 306 38 146 280 297 273 36 167 165 145 164 127 195 93 256 80 60 101 52 128 140 61 237 30 189 56 301 86 155 245 22 94 16 125 219 20 158 157 204 241 161 109 98 153 107 24 70 196 231 230 89 40 166 84 96 244 288 307 52 53 172 280 76 150 86 87 294 298 129 249 76 17 226 270 52 122 203 
146 258 300 207 239 107 30 105 248 154 224 228 184 235 239 42 42 19 24 75 40 211 225 227 254 166 83 158 80 221 44 224 294 134 68 30 111 221 289 280 148 23 259 202 186 69 145 60 138 219 242 97 300 122 271 12 151 220 129 250 91 215 109 218 48 84 78 190 222 156 294 184 52 15 173 301 277 124 123 94 225 41 65 92 240 95 254 115 168 81 277 85 212 197 161 240 301 87 208 239 44 89 141 224 244 174 158 67 282 51 245 22 98 215 293 290 31 46 179 44 45 292 93 136 250 139 202 218 256 58 243 18 178 112 178 306 153 276 146 136 88 250 302 190 33 238 157 44 102 11 273 12 263 163 271 98 38 133 115 225 129 43 35 226 251 233 77 250 82 130 300 302 275 69 108 122 118 306 267 65 43 271 282 307 185 137 280 296 303 187 239 69 113 21 240 120 187 241 157 281 283 242 294 178 151 40 257 19 254 48 261 254 112 256 104 93 216 50 159 305 269 21 131 69 278 168 286 48 303 274 296 99 17 254 30 174 289 243 138 48 248 22 284 206 289 79 193 136 107 178 182 30 220 144 35 118 143 228 200 45 10 21 20 107 291 68 285 86 152 307 19 58 292 290 84 167 16 137 119 15 254 25 59 263 205 38 51 279 233 277 216 108 284 287 146 186 289 58 238 38 
168 210 23 233 283 275 309 45 31 141 306 212 129 259 103 187 227 208 26 161 290 55 168 220 94 155 242 59 208 258 39 73 258 245 132 68 268 32 282 105 302 182 300 252 121 120 66 11 191 39 33 75 29 302 261 26 135 192 195 251 55 138 38 127 105 157 72 296 203 155 92 135 55 106 100 266 89 41 68 298 159 97 29 179 178 291 138 125 199 284 146 133 250 301 124 29 222 68 28 224 88 231 99 46 112 136 53 94 278 88 64 237 125 131 124 198 146 292 277 42 307 230 256 246 222 211 89 195 11 20 136 137 104 112 199 107 292 111 200 282 238 62 148 243 308 10 178 102 284 10 224 25 106 210 307 74 81 168 93 168 142 103 20 55 106 118 260 13 72 89 97 83 235 28 82 217 189 77 45 167 20 246 100 77 304 155 63 308 14 136 36 245 10 55 155 141 199 69 150 213 259 41 288 60 113 216 67 155 279 263 59 144 231 302 189 95 173 79 114 244 150 247 281 149 140 31 139 199 94 49 172 215 21 87 68 111 222 292 303 272 146 214 142 190 36 212 51 166 278 209 30 224 135 161 169 193 83 267 118 42 51 174 139 86 254 263 22 280 264 114 129 281 227 89 204 237 31 175 77 67 114 90 209 90 188 142 240 116 83 246 97 186 238 292 95 278 283 289 86 116 
215 80 223 277 245 168 273 87 93 54 101 133 170 80 125 130 177 50 202 111 285 38 195 226 172 119 288 140 95 198 216 143 229 181 127 153 124 239 99 291 141 183 253 21 193 88 147 137 111 77 171 30 255 226 158 259 244 167 201 276 235 140 88 292 208 277 258 20 112 46 49 299 207 257 38 246 63 306 294 278 13 216 262 216 228 110 144 292 127 217 260 213 13 212 298 232 27 124 132 251 58 245 210 240 136 236 228 17 52 106 172 130 184 257 61 170 225 202 102 42 67 11 219 136 199 30 193 210 179 82 205 141 133 208 159 113 114 84 299 262 129 277 71 41 134 122 158 279 104 303 300 161 126 227 107 52 125 259 110 211 95 271 100 175 206 123 256 63 76 57 230 204 121 157 72 134 21 101 178 60 112 87 194 12 244 275 88 298 18 73 37 63 55 147 247 265 304 94 49 269 63 183 70 52 220 300 71 38 112 248 16 216 125 251 188 31 103 229 162 94 198 38 282 65 15 30 172 174 219 74 305 156 301 86 139 109 179 40 188 124 120 249 306 212 248 140 145 64 197 164 232 255 81 61 41 157 180 272 112 63 135 229 177 287 89 22 157 68 209 63 126 37 304 290 14 31 116 144 279 56 133 283 107 86 279 169 193 56 61 193 234 11 137 113 174 268 39 280 184 112 
286 136 279 96 232 122 181 286 153 40 288 170 164 128 196 214 297 104 208 250 183 209 216 291 196 188 86 308 208 114 47 250 15 107 253 194 185 61 47 77 220 285 261 136 149 34 276 27 303 121 36 170 48 237 196 234 116 72 229 261 231 245 12 178 290 107 249 163 254 291 24 195 64 118 101 294 264 273 34 103 91 228 222 117 106 291 123 225 230 195 301 287 20 226 245 219 274 118 283 278 275 60 292 289 97 194 238 189 130 277 121 172 151 145 157 71 249 53 13 308 128 103 56 117 36 239 83 250 184 103 158 252 32 12 34 198 128 119 14 109 105 82 124 294 202 244 155 183 179 269 250 186 69 59 200 228 278 38 170 10 306 106 164 308 50 263 139 119 124 244 266 49 35 288 272 218 125 309 82 109 14 17 58 15 98 39 91 299 162 169 45 292 115 87 279 175 268 89 131 72 49 305 242 109 40 259 57 48 190 244 59 18 145 244 92 213 193 71 173 87 281 150 25 47 216 291 164 188 167 202 270 36 28 186 150 235 51 195 47 215 204 265 158 250 245 89 285 253 161 194 148 188 70 60 127 84 143 208 235 92 141 10 52 211 179 286 81 172 208 193 142 240 196 40 239 184 165 198 66 298 135 270 199 305 45 11 269 66 290 79 96 239 264 58 308 158 117 24 81 47 
67 11 213 298 224 149 46 41 197 278 236 70 10 171 297 247 99 283 140 286 49 60 134 252 52 116 111 93 251 161 212 222 61 14 201 226 175 257 146 252 50 69 34 113 74 51 135 33 71 152 67 56 266 60 226 63 168 126 33 55 119 246 27 169 201 163 86 283 165 78 256 18 238 175 167 196 79 283 189 156 77 262 80 147 191 229 200 145 148 58 182 277 152 207 230 269 107 149 12 50 171 174 16 114 260 304 278 115 306 187 191 147 277 89 177 188 64 105 272 146 280 218 270 146 110 256 44 106 180 295 299 102 96 255 150 193 21 224 216 49 62 131 124 147 44 205 127 162 119 242 174 253 160 176 281 75 282 154 283 239 31 127 66 104 140 183 38 79 307 239 197 275 247 236 226 167 129 286 202 14 86 106 298 227 261 234 130 68 283 175 73 105 284 168 303 76 132 265 307 135 281 250 41 224 94 32 287 64 60 68 210 44 193 248 47 204 171 259 142 48 93 145 267 143 40 305 304 229 59 260 78 202 283 91 71 53 194 305 284 166 146 260 162 74 254 168 250 191 284 151 41 103 249 238 101 202 77 160 198 68 205 242 155 59 70 27 81 205 167 185 144 208 302 60 207 55 123 45 23 40 210 210 287 107 286 112 263 206 254 52 16 284 182 266 26 259 137 27 65 185 
162 154 21 99 93 241 29 289 71 277 166 308 104 100 111 189 132 101 232 250 304 265 132 30 63 72 71 297 192 117 224 221 186 307 249 190 93 136 48 141 39 179 231 127 263 185 83 76 80 131 302 138 77 119 180 246 119 12 118 306 192 31 226 64 11 123 218 38 188 280 124 230 58 211 157 232 29 261 237 146 145 301 155 147 296 262 205 195 143 190 150 98 300 296 10 54 306 296 234 242 209 204 281 33 88 149 205 140 225 88 282 235 175 299 28 165 65 78 19 69 194 190 104 52 260 271 186 260 194 137 230 239 265 74 282 49 17 189 123 166 116 30 226 140 179 125 176 47 265 280 170 213 192 180 304 160 161 86 64 70 199 238 117 277 43 221 96 207 262 104 75 75 80 75 185 244 91 295 141 230 155 246 210 99 81 245 290 288 202 64 293 100 37 71 101 107 107 273 59 287 102 152 81 131 304 120 274 293 78 109 149 217 308 125 58 18 74 247 193 169 95 165 225 284 253 196 200 158 302 25 111 96 109 238 112 277 256 119 146 248 229 215 285 25 302 262 275 59 106 267 195 286 196 245 111 153 22 217 291 197 283 139 260 30 184 87 162 261 117 62 257 172 34 141 81 142 103 63 153 94 109 206 30 21 306 260 13 93 277 255 66 233 214 242 185 10 290 101 241 141 
206 171 299 274 40 135 125 95 279 142 224 158 176 70 55 170 36 130 289 113 280 248 109 281 207 158 303 216 183 302 82 278 27 36 236 129 191 225 193 88 48 37 188 207 94 193 210 66 79 243 236 112 57 81 83 66 119 180 267 147 216 24 268 79 193 40 264 31 292 288 108 131 204 58 248 22 247 113 222 85 134 119 90 182 160 223 14 15 149 262 162 232 136 253 205 153 227 202 86 100 210 182 56 141 55 176 146 107 212 92 209 38 149 210 19 105 168 224 204 169 10 93 283 219 83 88 51 19 65 44 75 213 137 149 131 77 151 95 124 25 228 305 169 250 116 33 163 287 257 249 282 72 192 129 89 183 262 44 15 303 287 45 303 206 98 247 258 37 54 54 127 229 163 108 123 84 236 102 265 88 163 215 59 175 129 123 279 188 204 187 229 305 86 89 118 66 44 250 40 225 239 123 206 26 277 40 179 209 192 134 138 165 218 253 105 271 169 293 122 123 133 32 177 235 34 92 231 246 251 77 139 90 259 169 115 21 63 123 97 304 176 178 30 125 83 206 202 295 102 293 86 68 106 307 263 102 241 98 128 149 296 67 265 152 308 228 40 301 237 128 256 86 125 244 297 273 110 40 60 288 230 37 215 90 201 224 174 64 237 155 95 108 78 274 219 106 97 165 142 83 
77 207 158 246 222 214 191 165 249 30 169 229 37 211 48 54 100 43 123 217 125 207 257 74 229 65 53 284 111 146 281 275 61 197 221 54 259 163 271 52 110 204 74 175 45 126 271 139 39 308 139 65 189 66 206 192 137 224 139 32 284 236 125 136 156 12 286 79 141 103 266 39 100 302 306 122 292 65 230 158 17 144 35 182 22 273 173 266 59 87 268 131 155 163 174 155 94 221 76 303 87 173 40 257 52 184 287 73 161 74 146 75 30 157 250 255 63 238 92 87 274 134 186 272 180 192 231 43 232 272 73 182 89 151 97 295 93 22 219 205 145 132 75 45 234 272 39 274 196 266 97 172 159 229 23 285 192 249 73 101 225 130 107 243 19 76 205 97 47 40 259 237 15 115 276 48 114 194 177 172 282 66 229 260 81 288 232 242 134 296 145 288 121 273 100 55 298 88 239 98 198 174 255 226 187 67 247 25 281 277 125 188 196 208 296 216 76 171 249 156 294 23 56 21 197 131 86 230 285 223 145 258 227 44 35 71 221 228 150 68 143 291 99 135 186 166 78 95 68 159 265 279 173 124 129 40 124 82 25 283 257 153 301 63 273 223 250 213 158 242 190 296 169 54 35 268 53 139 22 10 46 242 58 270 50 121 15 240 266 220 63 38 28 115 24 250 240 25 306 131 
81 182 271 286 222 136 284 48 200 98 182 196 293 165 158 166 113 172 237 245 220 19 131 229 33 75 101 186 57 20 157 214 187 218 269 38 26 120 223 210 215 77 212 183 121 53 14 38 63 164 256 201 41 305 276 93 77 34 258 160 83 254 80 190 46 255 59 207 270 37 81 231 195 111 69 84 135 12 198 103 215 85 268 141 245 85 307 177 14 92 217 251 170 229 206 94 12 66 227 277 232 137 268 127 115 296 49 209 170 300 198 284 289 187 305 228 213 15 12 266 107 82 44 97 235 191 185 203 249 149 87 253 23 283 152 221 295 200 147 158 86 120 257 10 157 222 70 143 16 299 235 91 200 234 169 22 53 102 51 200 63 110 128 263 248 187 23 177 199 51 169 118 176 227 273 285 132 274 236 229 22 225 39 218 114 10 28 147 296 109 230 242 240 211 141 26 137 213 51 37 140 13 13 170 223 259 92 88 105 295 180 184 227 129 241 255 80 141 163 48 229 72 60 28 80 122 152 55 85 301 198 242 269 146 124 286 75 67 19 236 81 65 244 64 92 195 178 187 142 286 212 188 79 135 306 195 221 74 291 17 281 115 74 183 155 78 210 193 204 251 173 120 38 132 144 283 300 59 171 102 20 139 89 92 234 221 115 159 53 262 160 169 307 28 280 250 104 302 250 207 
151 127 232 177 138 177 266 174 100 269 131 231 283 159 208 239 246 240 157 203 275 84 93 195 141 230 303 11 210 276 62 141 175 263 122 142 285 210 64 304 98 226 53 147 43 238 154 102 292 16 286 156 228 303 30 66 191 162 213 243 37 25 32 259 273 39 93 168 262 112 264 118 300 308 252 193 118 232 14 109 147 119 175 85 235 243 117 14 124 13 204 26 131 138 249 20 96 19 179 307 293 192 224 131 38 281 97 122 214 29 14 279 144 206 88 67 228 200 128 193 300 253 153 151 282 169 173 169 192 16 232 154 86 92 177 173 70 55 244 294 106 53 212 20 145 245 105 49 19 298 249 112 79 304 92 15 226 308 164 113 273 56 30 145 89 22 122 132 186 292 33 244 187 188 273 201 108 256 25 288 229 161 198 10 46 32 141 153 205 174 89 81 76 16 63 58 167 153 197 293 34 202 160 76 291 90 65 178 121 176 270 215 293 113 228 244 179 191 235 46 181 18 118 125 68 193 81 110 24 292 276 192 224 211 304 243 232 75 124 234 294 19 146 267 224 211 166 33 89 179 100 177 22 126 253 188 277 89 150 260 210 145 100 156 30 194 303 265 302 96 289 274 137 87 114 56 76 173 142 215 277 214 146 207 306 281 103 38 292 66 155 238 123 183 185 174 219 106 107 105 
235 299 238 162 122 226 285 101 19 188 50 22 209 59 138 268 227 231 12 169 64 262 203 16 102 174 11 221 152 189 193 200 182 169 81 281 143 202 261 195 101 109 59 11 176 62 92 35 56 192 63 158 237 299 56 243 68 54 133 98 220 298 184 93 32 219 203 211 230 62 28 137 44 118 241 126 167 119 111 121 274 44 205 216 20 80 24 239 216 91 305 29 307 301 298 237 158 228 156 121 203 97 224 36 218 201 204 38 165 42 253 149 39 299 59 169 280 92 140 163 22 285 153 197 293 118 265 192 241 75 295 235 244 189 275 171 271 73 156 172 110 91 128 148 58 137 183 173 81 305 156 251 138 232 138 38 219 253 206 221 209 206 78 68 263 229 94 67 261 149 44 215 278 142 297 153 244 298 102 73 79 302 144 81 197 201 228 285 188 255 193 65 32 264 35 161 299 161 76 20 226 143 253 240 166 287 112 209 27 163 47 137 231 251 263 66 174 218 254 158 97 90 154 139 28 88 195 45 21 241 79 197 13 302 35 115 137 303 173 299 78 70 252 156 80 32 259 265 89 248 158 200 204 107 65 64 24 56 162 73 19 109 101 243 251 170 46 227 280 208 103 116 281 228 251 114 39 245 194 208 211 84 178 180 263 39 193 67 193 275 140 25 256 221 271 177 43 291 14 24 
145 211 11 192 197 210 17 53 175 302 153 199 47 120 227 289 158 296 91 85 286 149 100 268 45 50 233 124 173 109 198 212 46 165 25 166 301 54 162 202 156 200 76 19 253 50 217 12 28 75 95 61 99 82 123 230 200 114 183 215 133 232 67 48 223 108 61 151 309 298 262 184 206 217 18 220 30 196 99 21 280 221 165 180 304 114 290 160 96 182 172 59 32 168 221 255 10 258 287 102 186 213 232 109 150 278 125 161 257 84 263 47 81 61 213 198 22 114 214 102 101 75 206 267 185 57 100 175 173 50 291 80 171 98 125 49 135 128 259 43 154 169 195 111 156 202 266 14 80 48 18 183 280 291 171 260 189 71 112 272 135 199 212 221 84 191 198 297 73 25 169 141 226 106 24 260 195 270 113 233 191 217 257 96 256 47 248 270 282 115 269 207 217 207 211 300 21 23 105 137 37 175 195 304 148 117 178 26 250 240 190 102 69 190 258 216 17 208 296 128 150 259 282 91 66 21 72 265 259 194 142 244 26 68 125 87 280 221 293 75 231 100 53 174 48 261 18 184 12 121 169 179 257 37 40 66 158 37 159 277 217 136 143 15 104 178 66 255 290 102 100 185 212 54 246 176 204 131 201 160 248 249 65 106 209 19 127 25 298 103 160 232 28 145 170 141 128 156 52 176 
259 212 109 300 28 58 133 145 123 297 11 59 265 238 178 134 28 239 103 290 216 147 14 101 167 17 233 35 249 74 229 29 78 135 294 53 276 12 297 221 271 18 220 126 296 15 214 194 10 295 59 37 175 245 282 165 22 180 134 268 247 247 166 99 52 252 100 264 278 304 307 87 160 57 235 292 131 24 270 91 29 53 129 134 196 157 276 275 225 262 17 133 62 281 186 145 160 277 75 280 188 66 187 267 108 108 269 82 297 189 25 305 75 76 75 139 261 159 228 60 21 156 232 218 299 23 131 32 194 123 138 106 154 282 145 259 85 194 302 207 207 186 217 287 43 60 138 135 249 308 226 220 265 152 226 130 289 273 227 203 194 170 211 101 19 217 176 164 266 275 122 140 175 303 100 234 214 101 54 228 132 110 241 262 125 275 86 202 289 179 192 103 41 231 184 150 183 153 66 233 244 275 213 308 140 280 15 213 39 259 34 215 179 54 131 302 246 50 201 125 222 170 292 56 230 80 18 164 46 251 13 80 282 14 103 132 270 73 22 165 186 162 224 83 53 13 42 97 183 95 263 180 200 260 147 121 197 127 177 140 137 192 306 133 196 148 15 288 294 18 105 105 31 166 138 176 42 237 307 11 272 68 236 238 235 274 299 202 63 115 196 237 107 170 189 93 174 165 282 75 
303 68 295 58 99 31 97 132 199 64 173 47 226 120 83 296 200 60 242 145 19 215 145 168 108 95 153 36 53 117 104 186 250 89 114 219 289 13 189 241 39 245 150 150 168 270 273 106 126 175 190 263 273 169 62 205 249 158 16 73 244 156 17 100 13 167 300 29 14 100 38 155 302 179 192 40 102 136 47 211 273 93 209 51 41 280 192 75 236 302 76 228 275 99 228 90 70 68 250 96 229 81 139 47 225 16 44 140 241 169 210 79 134 40 252 138 56 188 83 299 172 117 122 167 47 228 115 19 157 106 239 175 38 142 89 117 239 255 138 50 76 185 141 135 124 155 126 199 221 193 115 20 14 210 194 256 307 193 88 108 304 179 305 223 185 136 193 116 104 208 190 47 179 196 87 27 287 125 57 280 225 299 108 171 224 301 120 107 183 40 164 33 105 201 298 175 163 248 17 260 272 139 236 143 130 218 199 262 200 156 123 233 263 106 17 144 249 26 211 173 144 151 263 29 115 299 92 72 107 93 137 19 60 160 167 261 290 163 166 137 130 67 193 288 111 146 303 54 106 41 37 177 305 268 304 89 83 217 177 261 197 122 231 250 279 163 292 130 162 43 276 204 273 194 183 78 53 287 294 73 66 46 180 220 62 73 249 28 284 283 234 199 261 85 245 208 34 92 176 85 
31 134 189 210 153 120 233 14 158 225 286 198 233 25 17 42 84 273 192 19 226 304 126 114 268 293 128 99 223 39 164 171 155 213 205 287 191 179 66 209 265 124 150 249 271 179 104 290 222 243 230 125 42 74 107 309 134 25 168 255 177 13 163 72 308 222 119 296 134 87 164 258 231 113 224 169 73 22 88 285 304 293 267 303 158 297 147 129 117 95 53 301 49 168 28 79 306 234 205 289 259 142 221 223 118 186 214 163 290 51 34 22 203 162 70 128 100 63 171 57 223 214 111 217 293 277 98 125 211 190 65 169 101 289 158 40 240 237 265 287 206 147 163 38 269 58 117 173 152 277 123 54 35 290 137 106 20 29 270 81 297 60 244 169 92 60 11 158 285 92 125 24 30 172 277 209 165 249 50 262 293 191 35 183 14 99 229 129 302 158 92 195 48 150 153 44 60 63 271 161 51 77 278 182 33 72 269 118 96 107 250 178 63 77 190 285 198 50 57 105 12 186 100 57 26 263 242 139 226 195 116 144 52 247 75 58 115 237 50 189 84 169 101 198 198 152 226 207 73 213 126 279 309 12 181 25 241 234 261 158 41 130 76 172 243 157 177 272 37 213 18 187 124 169 255 149 163 14 165 270 67 297 243 282 221 119 109 167 77 165 167 160 181 294 200 288 93 133 140 39 
154 223 123 88 256 40 204 24 249 149 52 270 119 70 54 239 232 309 178 28 64 255 284 30 119 261 92 273 13 26 296 92 150 107 270 299 169 251 39 34 308 55 182 174 281 273 73 30 59 229 37 224 112 136 172 143 222 153 208 118 227 156 145 58 237 289 83 145 126 264 57 284 257 78 273 27 49 204 53 162 177 275 49 246 240 208 263 195 254 140 259 84 172 43 87 290 188 304 106 186 135 245 90 266 171 81 59 276 300 301 278 163 23 227 40 222 281 99 224 212 304 148 239 43 226 235 29 159 206 42 166 21 153 156 174 31 54 143 198 82 85 130 76 287 296 81 113 262 109 273 160 40 222 276 266 38 215 84 248 266 152 275 16 226 43 227 249 123 206 194 164 140 300 289 71 143 124 145 227 207 15 258 243 115 159 144 73 122 211 38 120 67 85 149 193 186 81 252 254 40 120 173 54 91 221 245 26 302 159 15 63 48 28 282 85 98 284 52 215 286 193 113 29 273 89 201 283 57 192 157 170 39 19 208 147 47 205 193 210 118 122 131 221 175 62 170 198 277 71 284 138 231 21 154 59 57 80 147 30 234 207 169 277 167 288 207 281 127 148 131 59 175 288 85 284 156 304 280 165 191 283 140 232 264 199 307 197 10 67 287 32 290 70 44 295 262 202 158 10 160 
192 154 113 214 98 150 62 100 154 269 240 308 113 132 283 198 76 250 36 85 53 34 235 104 205 74 176 152 69 169 207 145 227 22 80 99 118 212 77 123 93 30 45 186 111 60 121 289 147 193 68 125 134 50 308 261 45 147 279 22 57 293 236 159 20 127 171 281 246 213 42 48 208 181 105 170 132 200 102 132 148 246 293 263 307 17 307 220 305 251 298 84 195 168 109 149 80 197 39 273 238 171 221 104 235 12 15 135 213 116 236 95 132 15 111 155 291 293 240 50 206 174 195 169 274 279 293 208 29 88 100 78 212 188 134 62 187 110 177 75 64 217 113 23 126 178 257 248 102 24 203 59 183 268 139 70 15 195 78 163 70 125 210 221 150 182 16 167 255 290 89 42 248 129 83 68 202 270 172 214 53 301 107 126 252 85 65 234 60 66 134 287 280 294 61 285 192 87 29 70 307 74 192 281 193 162 76 186 13 198 101 15 247 31 22 208 201 42 115 266 55 125 90 192 117 152 80 279 240 186 79 32 91 77 26 192 224 170 249 175 85 300 53 236 20 140 102 268 203 189 263 29 104 153 57 261 48 284 233 267 128 175 299 253 232 115 303 266 156 295 205 242 229 111 83 256 165 267 20 211 37 40 90 112 101 49 237 123 53 76 86 204 147 238 173 204 33 36 71 152 
169 292 74 201 62 167 106 240 241 132 135 44 195 77 212 191 308 24 248 177 157 82 12 103 218 67 104 170 111 20 245 57 304 296 98 204 82 136 145 47 64 39 65 56 150 14 181 65 80 276 264 164 263 148 83 31 24 210 150 102 157 47 282 178 227 197 146 181 296 250 61 91 114 276 304 203 249 193 285 162 66 112 175 131 183 128 110 153 241 259 17 233 43 293 170 166 137 30 134 297 224 241 14 12 200 243 209 52 52 296 183 163 241 296 262 135 46 232 207 116 273 158 238 162 217 38 237 234 291 143 270 130 99 242 136 40 57 292 152 244 132 130 137 144 113 200 20 104 186 78 224 265 257 299 29 70 108 191 279 186 75 172 277 96 128 47 95 60 249 187 293 90 203 39 145 33 114 284 139 109 154 145 246 263 284 90 290 172 87 26 63 45 136 297 269 87 168 153 130 19 69 181 76 15 164 262 207 84 73 120 221 27 275 209 165 267 278 220 112 93 38 285 258 28 151 218 308 30 281 189 182 50 236 100 232 110 116 241 297 244 113 164 191 109 187 50 104 25 24 227 136 201 258 238 305 242 22 15 179 133 181 113 27 280 267 194 82 148 113 115 222 47 219 256 293 180 73 108 229 308 201 33 190 299 50 227 77 252 251 216 122 273 156 219 149 191 136 257 98 304 
250 288 89 54 70 180 191 71 162 295 102 309 149 208 258 36 302 22 121 45 162 66 124 238 236 65 296 155 281 235 104 95 68 133 115 48 174 73 304 291 124 51 228 147 37 138 140 63 175 125 120 34 110 59 99 219 103 309 187 205 138 286 244 245 49 48 284 169 231 121 134 19 46 48 211 67 28 89 24 113 44 207 57 223 79 104 209 185 81 206 116 129 297 120 149 53 27 138 48 151 74 90 139 244 121 227 227 300 214 15 117 49 193 299 121 71 145 94 271 111 32 244 73 138 284 96 72 192 110 103 30 147 226 162 228 26 223 190 151 71 248 111 280 152 255 139 172 62 149 67 121 10 274 111 255 269 246 285 81 73 81 44 24 304 143 303 96 68 171 242 268 228 145 161 161 302 205 122 302 205 226 49 51 173 62 58 229 13 164 213 236 17 40 23 92 260 138 227 197 279 293 52 127 242 13 29 260 58 295 48 43 32 168 143 100 97 33 207 97 23 245 83 45 51 295 206 299 39 54 264 265 110 266 54 49 10 24 259 197 217 289 281 262 98 35 136 302 118 197 41 65 107 121 83 72 212 135 255 217 130 195 193 222 18 41 50 293 151 143 247 279 150 200 249 164 116 144 34 135 47 217 209 42 60 224 181 300 40 91 168 181 205 193 174 210 234 282 171 50 142 
97 137 31 70 247 148 221 126 43 152 136 237 26 93 140 74 179 97 66 118 207 204 37 31 45 283 258 263 266 116 119 18 75 289 101 264 231 139 45 19 38 94 28 79 42 242 307 262 69 232 226 302 203 122 159 33 70 279 181 53 212 15 265 172 260 11 189 157 226 112 148 15 67 308 253 106 220 268 95 28 179 300 156 225 48 84 132 254 121 304 49 255 152 299 292 83 96 95 179 121 190 60 181 91 293 94 137 25 68 252 23 31 79 302 151 223 218 145 140 303 73 182 248 98 230 28 208 160 223 146 42 59 191 76 261 279 209 100 298 85 67 236 52 224 143 19 161 108 303 297 135 172 234 251 287 249 267 230 253 199 242 254 208 155 39 214 80 202 133 154 34 174 44 298 210 82 235 45 152 66 105 196 244 248 172 264 294 49 30 165 106 187 116 88 251 234 124 196 162 277 151 272 233 51 171 80 225 106 49 62 249 24 67 294 92 239 216 161 117 249 28 25 185 237 201 37 272 224 114 276 171 239 139 47 305 288 65 160 165 184 71 128 24 116 281 215 79 115 157 126 87 138 252 34 140 148 18 36 186 128 223 144 71 85 200 21 208 62 121 40 301 231 153 57 240 215 284 175 237 197 247 28 162 211 302 216 60 117 10 168 135 27 73 147 97 235 134 124 224 57 
111 130 239 152 169 271 279 104 119 163 202 35 135 17 112 209 122 259 304 191 289 203 141 105 35 240 22 32 269 226 119 296 288 201 57 42 129 48 207 203 215 225 182 201 160 259 166 208 205 252 34 11 255 220 181 21 90 237 286 77 262 89 78 212 279 289 300 53 297 175 45 178 170 114 84 259 126 136 135 195 50 13 112 77 109 187 87 207 29 157 101 261 296 15 276 145 192 298 283 163 303 128 133 230 202 11 157 60 66 246 289 195 305 64 175 208 75 15 175 272 288 12 246 301 183 130 107 306 247 96 128 306 269 159 67 206 203 30 117 248 171 268 42 75 27 287 159 253 207 202 17 64 216 282 275 200 263 269 181 151 273 251 89 270 214 40 90 188 175 117 280 160 97 29 72 244 87 68 272 211 287 191 200 270 239 115 106 291 273 183 231 73 45 95 260 240 19 223 304 36 236 150 238 20 125 243 201 81 229 253 257 247 226 147 202 87 163 55 232 293 109 46 77 308 284 96 267 88 254 244 63 83 246 43 114 11 134 201 110 243 282 128 296 308 96 108 253 150 136 147 177 51 193 205 91 131 20 182 242 177 193 19 204 301 107 203 237 238 28 147 194 126 49 304 171 139 198 167 101 204 185 97 105 133 115 228 296 259 63 286 155 260 32 184 55 205 205 74 239 300 
239 37 243 265 210 61 35 303 91 100 184 301 82 150 83 98 86 63 206 216 269 302 244 280 30 52 259 84 67 196 188 18 132 111 91 73 125 211 244 125 232 296 57 296 79 79 180 230 151 242 251 297 101 91 83 142 239 253 186 97 166 76 288 236 62 225 31 265 235 97 157 117 239 293 59 121 37 122 204 271 144 13 216 42 103 214 182 269 107 136 150 249 253 20 46 257 14 220 307 202 55 65 172 218 58 12 155 154 295 89 127 14 267 137 273 64 31 129 221 10 47 262 92 116 56 36 308 273 266 178 51 15 278 55 219 289 229 258 193 136 105 78 165 118 212 224 177 15 285 230 86 308 194 109 136 181 83 122 20 69 60 304 146 145 111 241 135 81 154 182 41 258 264 31 97 161 266 171 74 154 110 272 232 25 148 303 193 200 219 51 231 85 132 51 162 71 170 96 124 71 163 51 118 45 179 247 45 11 181 119 126 150 130 178 78 282 38 155 129 142 227 23 229 120 245 149 257 114 51 160 62 27 116 51 102 236 202 61 127 29 33 258 150 142 111 70 53 25 150 189 194 11 216 106 269 263 23 183 40 138 295 38 192 304 263 213 83 305 129 275 136 235 195 98 118 115 99 303 53 258 239 176 157 118 104 169 280 126 54 186 174 42 53 32 132 250 254 185 146 200 
305 152 232 200 201 193 118 88 153 161 246 172 146 242 78 20 157 138 123 180 186 37 309 171 21 111 96 238 32 130 55 83 81 92 14 125 214 117 25 294 174 132 131 52 13 290 133 209 151 15 64 149 196 199 15 140 108 112 41 164 166 130 97 79 190 91 284 265 223 257 105 237 241 164 150 74 207 276 217 52 204 62 139 222 88 18 182 242 265 133 154 47 223 112 214 298 275 245 176 33 14 181 204 192 82 209 277 33 261 100 15 193 18 141 86 207 92 21 284 40 24 308 133 32 163 220 296 52 256 82 67 300 34 176 259 212 97 115 25 53 262 82 64 181 168 279 115 267 206 52 50 307 94 268 272 18 106 147 92 25 165 63 265 195 156 108 157 56 103 63 241 247 130 90 18 240 143 303 304 295 149 35 127 23 162 209 173 166 305 99 134 212 215 214 149 170 219 96 176 257 259 167 179 87 13 73 221 165 142 239 167 170 306 246 121 139 192 262 238 24 203 37 73 113 61 160 205 132 183 204 242 222 101 304 57 232 220 29 235 197 177 278 189 129 88 141 282 183 28 157 271 163 72 233 251 137 235 226 83 182 44 180 237 132 246 55 69 35 222 39 74 11 305 44 157 135 267 292 255 225 91 185 186 215 249 44 290 100 18 166 308 243 287 289 263 175 289 162 241 104 
115 168 143 96 24 25 297 141 247 287 32 270 216 274 194 101 261 104 203 57 97 138 272 64 95 41 172 14 266 67 138 270 128 26 294 143 217 277 135 155 289 230 61 37 12 16 274 233 164 203 90 305 208 260 103 48 13 133 274 249 162 112 127 93 48 43 139 221 237 220 168 212 184 74 277 148 234 236 215 178 147 207 167 83 132 222 200 260 75 73 227 193 72 171 278 186 123 194 102 270 222 206 32 269 116 53 134 131 18 288 37 229 121 38 205 100 292 207 65 84 151 90 149 230 68 283 97 153 66 138 66 237 283 88 127 173 170 253 70 27 208 229 99 38 294 159 230 143 256 266 136 199 201 122 202 15 35 220 61 157 116 217 265 147 180 116 60 265 249 236 14 280 261 215 231 144 271 22 52 37 73 117 254 169 247 163 175 17 36 85 18 283 237 222 253 195 250 71 177 272 293 220 77 209 180 231 27 11 115 222 268 282 66 243 231 187 107 284 39 140 111 84 116 274 61 25 71 150 272 38 288 251 267 35 161 139 109 263 24 196 186 209 130 253 275 56 14 37 261 240 224 63 44 16 174 299 77 14 10 291 138 63 42 110 62 195 116 237 141 197 226 111 36 178 205 262 212 172 289 91 147 237 72 74 236 149 82 281 236 193 288 103 221 160 259 16 166 227 252 12 
111 15 173 191 250 241 19 235 238 203 74 243 267 26 284 34 258 183 298 269 51 182 35 210 36 71 94 98 96 175 23 111 35 267 209 165 71 58 14 129 224 161 94 284 52 243 12 179 299 151 151 135 65 281 204 179 275 146 41 35 195 135 78 223 70 236 281 116 104 106 219 51 87 23 309 56 295 239 228 84 290 183 73 10 110 10 35 50 11 124 126 136 203 78 280 44 19 233 38 21 48 243 286 43 85 163 214 127 11 48 124 98 71 76 31 179 286 33 288 37 227 49 214 28 184 166 283 109 166 72 68 144 199 42 147 157 60 158 179 58 284 285 111 113 166 27 131 121 186 234 175 193 83 161 73 104 103 271 289 130 104 100 59 108 277 95 161 250 60 217 270 65 122 215 254 123 108 194 147 137 161 210 195 217 119 268 43 171 247 247 291 293 135 193 39 193 271 107 301 22 147 210 228 255 30 284 37 203 304 74 224 186 27 207 65 207 20 142 27 134 137 235 301 187 146 259 35 204 124 132 164 244 63 43 229 125 139 121 232 131 278 124 42 285 61 187 25 175 181 255 174 253 215 19 215 247 62 210 48 69 76 240 195 265 192 154 285 31 210 238 63 160 131 271 152 206 234 228 199 306 211 143 61 243 159 103 16 11 89 18 79 139 64 249 33 204 60 281 243 151 
161 96 273 181 306 202 140 48 146 192 199 56 225 110 174 13 269 172 78 227 78 124 165 59 183 129 165 190 113 191 225 288 114 37 291 231 227 143 296 131 90 86 256 156 55 56 197 126 143 260 287 248 225 166 117 61 293 295 62 58 266 51 49 36 77 187 137 217 194 49 149 301 189 201 187 147 109 117 156 207 239 49 156 170 103 49 246 268 279 246 21 117 152 131 108 180 188 216 247 220 88 72 59 127 127 79 265 40 240 258 141 99 177 237 213 96 295 77 99 96 223 232 290 219 46 294 29 59 149 286 109 163 132 232 194 236 49 75 43 156 111 77 217 275 239 106 309 167 201 151 193 150 168 116 101 251 268 272 246 174 92 131 266 143 295 49 189 77 161 93 68 222 234 40 216 295 67 119 46 134 126 241 184 26 51 278 274 246 215 61 289 112 35 141 16 264 124 139 50 61 166 89 235 275 294 41 174 142 33 287 214 222 225 13 28 111 70 278 216 243 197 193 32 90 132 251 173 37 43 18 119 50 125 31 295 154 290 78 263 292 135 104 154 294 126 266 252 46 20 260 188 87 136 60 13 107 298 13 238 279 56 38 209 169 264 239 117 77 266 178 258 147 235 81 262 223 74 31 254 302 22 52 34 297 200 191 309 96 106 163 302 217 212 243 200 229 202 77 257 33 
11 264 236 292 120 142 53 189 288 174 300 236 26 95 122 134 28 244 67 305 227 249 207 84 302 81 11 234 19 66 91 120 24 34 82 78 243 263 129 11 132 90 127 64 10 47 104 133 80 212 305 245 89 171 179 119 231 301 232 246 24 68 282 210 249 143 209 175 178 200 112 281 119 107 139 125 14 113 19 268 220 120 73 248 152 277 168 271 81 141 17 282 288 164 112 46 210 147 176 43 304 293 275 305 67 53 15 215 72 250 25 188 29 254 196 240 273 163 208 127 214 251 63 285 76 187 215 49 240 70 206 303 282 295 214 88 279 88 133 92 247 28 200 115 194 240 66 199 263 241 219 185 134 69 234 289 78 211 48 279 86 200 58 199 114 76 77 113 196 36 75 29 128 301 277 181 219 196 111 65 135 307 143 278 123 173 162 114 220 202 151 67 237 257 297 162 287 257 263 238 276 257 26 33 68 171 239 89 49 44 62 67 291 306 306 184 279 202 186 277 82 66 19 157 296 293 123 217 221 106 226 223 118 271 142 25 48 256 228 16 243 35 224 256 301 28 90 287 305 127 211 150 42 133 234 63 75 229 140 279 165 172 240 109 102 271 115 260 276 91 130 50 233 152 234 45 57 83 93 78 222 90 181 292 206 74 262 106 234 179 187 89 158 289 98 108 285 207 72 76 
54 55 59 82 203 249 298 34 181 93 104 122 257 126 176 24 73 281 192 253 74 60 174 206 304 239 48 303 302 36 279 137 280 282 76 176 178 305 296 46 27 200 26 227 218 71 180 289 108 25 296 201 178 189 47 19 36 85 153 255 297 143 302 100 113 219 268 77 293 304 42 98 171 91 289 304 190 161 177 288 198 64 170 301 302 12 123 240 213 106 103 63 131 178 146 277 142 62 70 97 265 290 286 29 187 269 303 273 271 132 122 13 63 33 125 267 55 143 118 300 287 200 68 136 171 59 18 271 214 155 273 159 153 11 50 36 277 256 169 63 35 80 176 111 47 84 263 191 248 93 291 259 211 42 241 221 133 236 196 43 241 294 219 224 293 11 124 207 104 87 171 210 202 173 267 86 95 122 102 174 209 305 32 303 259 260 234 307 242 23 26 208 227 219 138 95 137 35 32 16 93 246 81 153 171 175 159 71 38 129 15 256 211 193 103 233 38 62 278 158 233 167 58 211 173 159 146 117 110 157 308 170 131 233 59 213 218 251 187 186 45 170 162 184 200 264 301 184 181 72 27 309 90 248 46 84 306 284 245 42 187 254 282 91 130 296 148 10 295 159 225 74 170 129 122 111 211 158 230 42 150 298 283 36 74 178 278 282 182 287 126 25 48 167 160 64 134 67 113 42 
303 265 211 36 303 271 193 168 209 283 25 51 68 228 139 261 187 201 48 118 186 105 128 298 58 66 212 196 48 226 174 248 253 159 58 99 260 106 61 156 84 111 96 48 219 234 207 137 180 225 118 131 97 160 148 271 256 293 15 284 167 169 299 174 65 203 278 280 247 100 131 19 95 114 153 293 216 236 15 235 114 162 54 181 224 154 34 121 126 250 112 83 156 109 148 305 140 119 291 51 238 127 227 172 83 196 141 201 34 71 282 25 127 284 58 90 297 41 254 271 165 275 257 306 97 36 96 68 157 33 280 275 65 117 28 275 134 225 180 48 42 21 114 255 138 131 35 264 86 255 95 246 80 271 296 289 112 295 308 264 304 168 306 209 222 144 164 25 110 237 254 100 302 56 297 278 207 175 92 103 78 147 67 117 223 270 254 91 277 111 300 200 117 43 294 296 31 134 121 230 255 301 155 211 140 290 276 26 111 157 243 100 62 280 96 26 159 239 223 264 62 258 276 93 241 248 205 40 211 294 268 233 120 79 274 225 144 157 115 230 297 243 34 202 217 72 295 289 94 112 295 150 205 258 92 30 68 202 74 203 239 244 297 123 269 140 76 83 160 135 129 35 166 171 50 47 187 218 32 31 187 220 70 178 34 50 291 176 164 189 204 99 22 92 84 159 246 213 157 108 
198 90 288 24 88 75 179 264 77 266 194 116 63 259 279 75 303 21 35 35 11 129 298 136 228 190 192 78 104 28 157 122 97 265 182 190 85 289 145 207 217 76 55 215 36 93 195 218 266 109 274 182 168 302 101 247 186 42 238 88 73 47 112 298 22 56 52 260 288 111 108 20 202 92 173 241 93 83 58 146 302 165 277 206 271 160 257 256 22 132 159 172 268 65 29 202 200 70 294 11 138 75 63 203 53 74 229 114 198 155 12 185 188 189 231 262 301 48 182 206 54 28 277 119 174 142 257 258 187 301 123 19 290 144 279 14 188 299 155 60 32 202 37 187 91 165 46 187 117 148 260 102 130 46 268 92 225 69 108 114 232 124 209 171 108 14 260 204 118 289 270 182 14 284 180 198 243 293 16 84 292 37 246 139 25 119 294 264 132 272 202 304 181 196 270 227 269 244 110 211 47 249 180 286 213 58 231 179 68 185 91 270 172 196 197 134 275 93 205 214 252 74 259 127 208 187 183 25 128 200 205 200 80 272 243 121 71 178 276 124 255 241 169 32 119 99 141 230 280 33 135 227 84 263 134 201 113 54 76 102 217 205 292 90 208 160 172 178 182 270 76 81 287 205 306 99 73 156 10 260 133 84 206 62 208 63 93 234 291 65 97 245 48 220 120 225 159 99 299 85 
146 84 126 154 205 106 144 307 248 109 104 247 289 73 126 20 48 26 30 196 302 308 277 108 10 99 173 79 150 159 240 216 273 210 92 270 247 186 241 267 74 132 26 41 28 43 225 177 273 205 278 108 262 52 206 187 70 235 75 106 160 58 134 145 225 299 276 85 215 239 47 228 290 264 50 75 31 256 181 112 162 218 240 121 188 211 22 155 240 16 50 190 233 162 239 260 101 35 247 240 69 39 92 49 181 277 118 147 100 151 132 82 240 182 126 272 119 119 254 224 277 130 226 108 70 21 133 86 250 33 117 271 131 112 165 63 42 207 243 245 106 51 28 50 309 81 142 224 227 58 114 177 116 30 266 156 170 134 45 191 231 247 94 69 219 228 305 174 213 25 176 208 142 130 46 153 219 164 170 99 109 94 33 175 38 302 107 289 225 113 59 114 112 20 262 115 144 145 138 129 83 65 203 41 98 243 109 234 162 109 224 37 24 70 301 85 297 164 285 219 155 154 46 235 209 268 268 16 83 66 110 148 78 130 278 132 293 26 135 78 140 66 156 43 228 249 188 248 199 266 108 152 245 137 296 112 215 71 101 269 167 42 254 160 209 153 194 64 240 67 222 213 203 78 24 41 169 77 187 111 292 26 219 45 202 254 51 138 69 206 253 293 128 179 254 33 61 96 15 241 
46 66 55 302 279 56 18 214 124 45 210 31 198 23 200 285 235 217 308 52 220 183 16 233 91 224 18 242 168 160 269 196 47 76 142 85 270 178 168 67 200 29 188 236 23 173 65 178 206 282 283 196 27 79 86 193 107 181 102 304 69 141 228 281 207 227 275 280 262 119 36 99 230 121 75 197 50 219 35 124 113 226 112 254 230 302 230 264 292 162 85 274 220 168 159 139 119 36 266 136 82 187 59 131 41 193 73 22 104 143 166 280 112 135 250 151 45 93 218 295 186 99 32 53 154 235 207 207 202 67 14 252 203 54 140 107 57 169 175 33 256 120 185 94 286 218 206 255 69 58 88 93 130 208 27 245 182 304 148 77 204 201 204 262 308 296 21 230 262 286 25 51 90 262 54 133 47 28 109 301 273 103 85 191 119 282 242 193 156 297 30 296 170 164 108 42 261 281 12 92 37 230 187 211 66 209 71 162 303 135 240 306 277 298 84 208 49 67 133 286 13 144 269 240 71 38 218 145 134 281 126 78 121 206 44 119 225 137 73 232 91 225 34 157 210 81 71 25 73 156 211 115 196 131 120 106 271 146 146 27 180 164 183 96 51 130 270 155 282 51 264 152 106 265 278 147 78 119 28 245 242 226 273 181 129 184 273 282 67 99 287 187 162 34 99 109 121 203 151 272 
134 257 220 221 72 138 115 179 236 48 212 193 101 167 203 227 45 122 186 79 46 55 226 29 188 124 33 274 161 75 100 102 87 60 184 32 77 246 170 262 13 67 47 121 252 21 137 34 191 301 192 202 192 153 304 235 111 300 79 203 255 244 45 144 59 297 73 133 302 168 159 180 151 42 61 104 301 178 299 57 191 73 186 74 117 217 306 223 30 259 163 67 249 125 69 75 214 170 104 227 90 136 282 256 137 304 86 207 39 308 264 93 13 90 242 116 194 219 247 89 186 234 254 258 57 113 210 246 158 213 95 210 78 94 159 155 36 85 253 85 127 34 230 14 38 204 62 299 26 211 22 266 165 188 252 229 146 86 154 146 213 60 206 104 65 106 261 216 91 245 135 187 280 124 275 163 157 163 223 24 210 297 146 197 269 48 164 156 53 107 46 74 143 145 299 50 243 248 85 216 290 149 272 281 46 129 240 225 75 183 305 179 301 61 24 31 173 144 232 202 101 252 214 203 54 99 300 87 36 280 75 142 65 187 208 230 34 187 108 259 70 212 188 111 219 39 144 60 266 167 66 260 146 145 173 45 168 185 178 101 93 110 163 223 93 20 223 118 179 145 293 198 304 231 24 57 44 179 250 11 147 44 83 209 40 62 225 19 284 33 37 144 225 163 137 258 165 308 132 222 
45 203 53 117 149 18 100 76 221 182 37 193 60 133 99 54 28 59 224 253 179 38 49 189 173 177 268 56 145 40 188 42 256 109 238 61 151 150 309 257 17 126 287 213 130 57 270 223 281 108 279 149 40 28 222 100 203 177 182 265 214 238 16 33 137 60 214 53 72 172 12 171 32 308 202 260 155 72 219 135 136 97 150 148 99 95 71 96 145 132 189 176 295 160 137 12 167 166 269 222 84 26 270 87 59 109 71 94 118 166 75 98 288 198 53 65 168 199 110 290 123 196 90 18 220 292 218 82 222 292 45 104 169 222 186 261 253 255 134 14 272 59 267 149 93 228 19 58 104 196 57 249 255 171 100 94 206 188 290 172 243 246 168 142 57 31 99 240 262 124 255 28 87 172 128 244 239 257 306 23 174 178 69 102 155 276 293 185 240 99 220 102 261 189 88 121 188 92 144 296 31 275 45 17 110 55 197 298 171 167 16 97 255 134 137 196 30 142 159 106 94 77 13 183 236 127 267 64 144 247 34 159 167 147 173 305 33 125 245 216 132 92 46 28 237 82 23 240 153 287 276 186 213 137 13 47 261 286 194 304 223 231 149 278 34 66 195 255 57 67 83 162 226 114 208 131 58 211 289 298 151 242 106 25 223 165 128 256 151 272 208 213 164 180 105 32 97 271 83 168 
165 127 56 54 50 63 101 35 162 74 40 93 152 55 101 294 263 172 73 87 250 239 303 138 188 262 253 22 78 250 197 24 249 54 180 171 163 85 179 71 39 221 44 170 145 154 231 10 278 174 234 51 135 226 25 299 258 281 182 271 96 307 84 274 246 229 75 147 221 143 12 116 195 270 209 132 208 51 86 92 262 83 229 273 305 285 171 257 14 33 121 129 28 62 78 42 271 95 97 275 204 281 229 149 142 304 278 172 256 306 276 173 154 144 251 244 192 152 29 248 176 286 228 301 52 115 65 261 252 95 69 302 293 90 74 159 238 302 133 209 58 263 63 152 34 167 192 174 153 242 271 147 77 205 103 250 135 218 50 207 26 11 20 237 91 48 10 278 57 182 156 152 148 14 163 210 299 161 148 31 238 125 253 303 292 116 248 96 241 204 261 23 44 214 182 75 31 246 59 73 210 287 268 264 221 100 46 195 120 303 186 209 34 116 222 307 309 52 301 17 263 255 141 134 66 180 91 73 76 25 191 88 126 297 157 238 133 143 235 166 282 131 75 89 278 80 175 224 261 174 136 214 20 268 124 167 32 249 183 106 282 303 263 209 244 88 151 218 201 148 237 287 43 186 223 13 44 95 196 58 91 140 263 282 229 124 196 291 227 261 265 147 33 89 55 161 244 304 209 143 
204 172 113 267 181 141 70 145 295 158 225 188 87 244 131 99 32 217 26 149 146 20 283 20 142 67 295 175 54 121 100 242 150 281 215 286 44 67 64 173 191 181 18 267 50 276 155 309 99 193 242 226 230 30 83 108 284 209 202 293 15 179 192 198 276 65 207 95 262 231 285 276 89 157 250 186 191 130 125 141 166 278 19 278 62 227 182 20 227 132 246 159 278 18 89 256 309 90 180 259 177 171 252 90 204 128 22 49 234 125 263 51 291 182 123 204 142 279 100 87 268 102 285 230 236 111 267 47 41 106 140 178 140 54 86 276 80 288 214 162 112 285 194 250 164 128 272 145 74 255 92 98 166 237 160 234 31 128 137 64 161 212 81 227 84 148 247 118 90 307 266 275 72 229 18 107 68 92 303 276 215 117 88 32 141 267 303 138 113 306 149 187 248 56 184 190 148 16 295 223 69 279 198 176 270 211 231 149 216 294 140 222 228 135 14 294 42 74 129 287 114 82 217 255 110 170 117 92 188 224 293 124 177 238 21 262 142 282 236 61 215 173 259 174 53 171 71 76 176 121 276 296 172 122 230 165 287 198 99 197 200 71 211 144 107 42 165 37 69 62 175 183 65 151 23 101 15 55 294 97 15 51 130 158 309 296 280 100 212 136 304 176 61 118 151 228 10 294 244 144 
-15 106 161 121 37 238 -7 22 252 56 164 73 135 69 111 243 32 109 201 16 51 171 65 -15 169 234 29 90 105 17 102 78 109 149 193 49 242 137 153 66 190 254 106 121 145 68 229 242 261 77 41 94 43 209 81 57 171 98 39 273 -13 133 45 115 162 44 126 -13 70 221 135 201 261 83 238 273 176 15 42 10 197 206 273 238 182 37 191 64 21 109 135 72 97 165 23 228 7 72 111 7 106 275 146 -10 -4 234 145 40 176 50 220 198 103 124 102 159 76 11 114 38 207 260 67 130 2 245 197 125 145 82 70 236 220 231 252 70 75 1 243 163 226 65 249 34 56 227 0 34 65 172 192 222 61 41 221 44 227 121 284 -13 -6 280 261 191 254 170 167 20 186 139 87 169 33 196 170 188 243 43 110 191 186 106 279 -4 132 109 154 241 58 125 250 1 281 279 45 15 72 154 25 261 198 4 67 11 162 168 111 -3 132 264 278 85 266 55 224 86 207 21 158 266 178 233 15 64 142 256 186 209 64 97 16 184 22 184 145 65 11 15 -12 216 231 250 86 61 129 201 223 253 254 128 61 58 163 9 121 244 230 118 151 61 20 125 80 90 215 168 150 230 70 58 200 131 233 157 19 -14 128 250 96 136 54 117 30 214 186 162 63 152 272 104 10 86 92 284 247 -13 79 238 18 -1 
59 97 201 238 269 77 233 -11 242 284 79 45 29 10 99 117 46 86 52 173 108 256 237 189 86 97 263 190 29 83 149 119 157 217 265 278 120 230 120 117 79 5 31 232 186 22 38 148 3 255 157 262 222 277 109 97 244 39 130 220 54 51 219 263 240 116 117 95 140 105 39 147 143 228 161 -10 66 237 192 239 82 -9 30 -12 243 271 238 98 133 136 2 176 192 127 203 226 44 12 73 140 268 256 91 75 199 185 69 186 199 102 237 281 30 172 78 87 46 210 240 102 82 259 152 59 -10 257 214 161 201 200 196 274 45 100 8 156 7 156 71 62 120 203 52 -9 163 280 227 74 16 126 234 275 46 128 107 80 240 191 200 248 4 127 176 -4 233 258 230 103 17 269 202 -5 78 283 159 40 86 125 23 101 184 123 178 241 277 183 181 92 47 7 149 -14 241 87 115 247 67 45 229 119 215 172 -12 143 132 91 108 25 134 58 31 97 190 65 162 49 -12 276 240 187 126 51 48 267 126 27 274 174 27 144 49 233 76 57 103 2 154 169 24 102 271 279 71 -2 154 52 115 7 253 175 105 96 37 1 91 9 5 71 33 202 173 237 237 92 40 168 112 140 224 262 235 46 254 208 215 211 9 148 237 274 142 164 80 159 284 267 236 49 149 95 19 191 174 239 210 109 40 229 63 136 
139 146 168 125 269 177 187 21 30 149 127 207 -13 75 93 125 120 224 252 154 227 191 90 212 14 126 120 179 71 248 92 138 270 230 193 268 67 270 166 83 238 20 191 49 211 161 256 282 137 180 71 142 230 231 80 209 251 245 159 -4 154 82 54 207 201 188 76 23 85 283 217 230 -1 -13 203 169 102 180 32 190 41 243 265 25 118 139 214 -1 223 242 151 69 275 169 126 275 93 125 226 165 -3 -4 124 98 255 176 76 90 8 218 242 219 50 117 41 8 39 151 272 142 181 92 259 204 12 131 137 213 121 82 83 123 234 73 -9 134 66 181 254 265 206 165 90 180 27 42 177 283 42 23 82 170 -14 103 49 97 41 170 232 202 1 -6 95 252 256 59 10 222 226 260 156 165 67 103 136 255 112 154 -13 265 34 56 63 222 208 16 255 31 160 40 282 197 230 32 41 133 52 80 256 160 117 4 104 56 23 122 156 37 190 21 220 231 15 68 153 78 33 105 249 251 3 239 242 191 283 266 43 234 205 45 62 9 -6 100 184 91 203 68 149 189 24 47 163 76 118 261 6 59 257 175 209 157 194 189 183 87 144 263 -13 150 191 79 76 116 226 206 -7 116 61 164 164 183 23 233 74 25 34 149 267 29 151 198 10 172 219 85 34 194 46 155 198 229 151 56 202 259 24 241 259 167 
116 249 242 101 105 9 43 -11 215 66 100 187 203 111 167 176 192 11 111 -4 127 10 4 249 152 234 64 62 212 225 182 171 277 149 236 28 236 177 203 73 278 258 52 45 73 248 133 10 -12 -5 178 116 246 23 136 39 122 184 69 222 -6 210 -3 277 154 -1 25 159 192 231 18 205 -2 87 229 -15 38 79 260 102 148 185 -9 218 96 261 127 158 -14 157 183 243 215 212 10 129 114 -13 240 228 159 69 124 0 211 68 85 133 49 2 272 171 35 141 89 208 223 -15 218 84 195 227 252 168 234 251 31 122 154 217 196 211 3 53 93 234 154 225 229 217 238 219 164 130 209 75 -3 132 14 156 211 21 229 177 281 49 56 39 37 148 128 273 130 257 68 145 0 9 150 237 157 246 113 -7 166 178 26 47 63 142 101 102 87 -2 28 143 22 180 260 192 112 184 27 256 230 -10 208 172 -9 210 123 262 216 264 195 255 244 40 203 197 -13 99 97 15 -11 99 197 273 186 258 38 23 271 70 228 16 8 173 257 90 112 24 89 207 244 158 216 35 135 0 183 117 253 170 121 256 103 135 -1 167 34 226 30 278 272 165 209 250 223 79 226 158 83 217 61 265 27 220 18 96 11 29 74 148 0 164 10 179 147 2 195 173 115 30 117 103 237 122 205 43 61 51 172 2 158 85 278 38 206 55 
91 62 83 -9 77 244 54 197 38 142 278 62 136 187 27 158 194 104 195 181 148 153 88 210 194 109 96 181 241 15 77 203 66 229 129 175 19 142 261 24 267 -1 188 224 138 89 194 139 -3 -5 10 77 199 29 225 248 204 167 120 49 44 0 252 80 -12 121 31 257 160 163 218 242 161 8 5 199 145 140 122 177 179 214 214 -2 77 32 16 232 62 265 31 188 149 13 134 240 147 30 274 240 117 78 276 254 234 183 128 145 262 50 206 47 167 103 246 161 234 205 21 102 1 153 229 22 72 155 9 118 10 213 182 185 237 66 141 73 244 82 195 114 -12 281 125 134 33 69 79 102 247 139 55 243 200 216 282 1 127 276 83 148 254 56 279 140 128 33 203 18 126 152 72 187 251 103 180 229 97 47 257 216 -13 244 51 175 188 174 97 95 56 10 217 243 37 16 92 112 227 126 208 146 161 245 172 -4 108 178 91 -3 152 279 124 56 154 175 97 161 163 176 20 100 31 103 59 22 194 146 187 233 65 109 218 193 208 177 170 264 42 276 197 78 142 164 32 33 12 240 1 106 275 168 93 5 246 89 272 109 105 132 198 160 234 29 249 -2 103 28 16 176 165 87 192 151 217 74 265 180 50 227 123 18 184 200 33 85 131 179 178 142 95 92 -6 69 122 84 175 242 94 278 92 103 
218 114 86 204 207 73 14 188 -13 72 242 252 192 50 128 278 38 200 247 91 -1 8 218 -1 246 17 282 180 10 75 88 10 236 244 48 30 255 229 68 106 168 -5 160 96 117 64 -3 205 217 266 208 72 -3 198 180 143 13 225 116 209 118 195 -10 148 47 79 62 165 45 43 259 174 168 64 227 19 50 221 134 284 278 268 137 74 150 177 126 284 232 146 71 64 171 218 194 198 211 170 200 252 246 109 51 19 23 263 284 61 264 96 33 223 28 150 33 92 260 24 142 99 234 9 264 22 127 16 198 60 181 17 254 40 97 -8 12 198 229 260 191 201 174 199 159 249 132 236 150 132 110 153 10 220 179 54 230 134 61 202 233 193 4 236 35 252 55 188 13 218 147 36 59 128 44 237 48 87 252 98 22 135 25 175 222 202 59 138 127 94 86 14 202 214 189 91 276 53 182 26 -5 284 196 -11 254 137 211 18 68 213 147 192 78 -13 79 102 72 93 191 31 61 131 268 226 146 230 107 262 93 47 192 -4 170 -13 124 164 162 97 194 214 230 230 98 -9 126 112 19 210 187 230 54 22 229 119 210 208 105 106 122 146 190 81 73 228 218 176 276 58 120 251 253 261 275 30 19 13 198 178 142 207 266 9 188 16 111 238 200 34 227 129 62 185 227 39 223 144 23 227 187 281 88 184 
64 267 119 -1 185 163 45 255 50 133 78 81 230 -5 243 75 230 270 -9 180 148 208 279 183 256 170 272 267 125 95 141 252 112 264 278 42 64 -11 137 126 198 264 263 255 207 -3 212 59 145 222 118 126 63 192 143 246 59 93 222 152 219 175 281 54 160 57 40 58 253 196 264 177 111 105 28 -1 47 205 228 258 -3 57 129 29 251 27 3 3 69 169 166 96 88 144 22 263 248 176 193 36 211 230 35 205 31 158 219 36 3 283 149 215 248 207 181 138 185 55 63 36 165 154 133 64 84 212 169 -10 65 258 -4 191 90 125 250 109 9 128 14 14 253 246 156 246 140 72 205 163 0 162 179 133 135 163 90 55 52 66 114 224 174 232 114 189 175 60 120 233 209 52 202 238 76 260 217 8 60 216 128 236 224 58 226 159 152 86 40 215 266 278 33 92 283 164 79 26 105 198 187 263 104 64 167 72 241 36 251 133 209 103 53 244 114 62 34 150 158 239 -14 120 61 68 121 95 281 116 159 -13 252 185 69 121 81 130 1 135 182 102 268 -8 26 129 17 104 121 42 253 -15 116 204 41 3 98 208 64 141 167 150 -6 180 17 16 143 271 204 217 164 136 158 70 90 166 167 122 260 184 25 217 84 180 259 130 181 84 71 146 96 281 149 160 191 72 90 -1 205 54 50 188 187 178 
126 233 -2 138 132 242 26 279 202 125 83 129 37 33 122 78 63 186 174 3 84 109 131 252 98 194 2 113 70 77 135 218 132 265 60 137 -2 217 195 173 221 145 157 265 209 57 248 221 222 277 41 141 239 185 26 67 54 141 272 38 -4 111 112 240 58 223 91 99 20 204 214 211 13 177 3 95 79 51 14 275 93 49 159 128 122 116 128 54 40 32 201 186 40 86 126 215 176 215 201 -5 198 -7 241 125 203 37 102 233 196 57 145 189 143 251 10 215 -6 -11 -7 177 91 71 130 95 23 62 117 7 84 130 80 9 113 10 -6 138 278 222 188 199 87 221 1 42 5 48 164 16 117 62 144 87 279 146 187 5 176 199 132 206 48 138 273 131 152 273 202 -1 254 242 113 258 224 49 114 32 137 182 75 259 173 91 275 160 265 61 220 232 12 157 220 253 192 193 280 258 283 72 24 111 7 194 23 110 -8 119 184 115 29 251 283 113 186 94 184 -3 72 137 96 198 54 92 33 87 198 229 17 193 55 -7 162 239 10 186 41 34 250 69 114 72 64 229 218 118 -9 124 136 222 89 240 237 102 66 28 259 -3 48 32 156 13 123 222 182 135 62 147 282 47 6 173 246 243 119 10 227 221 68 33 202 150 126 88 181 214 196 253 58 170 86 37 120 41 191 210 157 274 123 83 79 104 
277 270 154 55 65 1 145 147 273 237 156 -14 -7 279 21 79 201 24 90 244 10 24 22 31 172 273 227 125 150 220 52 74 226 96 219 193 70 -6 225 255 179 257 40 194 162 63 73 216 248 -9 86 51 22 124 226 19 224 227 272 179 26 28 240 228 193 87 56 168 231 93 207 218 165 135 36 25 227 170 100 117 17 76 147 80 113 87 148 146 118 -12 172 84 -1 165 173 179 30 247 19 149 135 154 -14 247 123 57 22 259 218 214 24 184 133 229 45 111 204 40 123 192 235 200 10 282 206 166 25 283 2 108 130 224 102 113 176 59 58 33 -14 29 254 90 83 223 131 68 220 211 278 163 45 12 37 79 75 67 218 -13 265 263 116 38 182 44 244 258 275 113 153 177 150 -5 84 74 102 50 27 139 115 177 43 48 220 235 91 33 123 127 231 60 45 192 261 1 35 245 70 -11 104 143 200 32 240 204 187 193 129 118 278 28 212 92 239 8 281 133 217 242 114 7 1 172 269 177 163 129 189 60 215 258 267 186 104 141 218 65 167 257 259 258 223 114 225 97 267 65 208 212 240 182 212 275 17 221 129 35 4 219 12 141 276 65 160 -8 16 114 246 173 157 57 146 108 174 277 143 60 54 160 137 227 -1 194 116 190 258 58 104 121 36 233 275 267 279 -10 127 81 -4 26 229 185 
119 66 60 141 227 -7 22 68 56 217 -9 100 279 184 196 268 101 80 259 268 89 264 19 71 278 134 -1 216 284 217 234 45 111 206 62 79 87 242 53 102 -10 9 179 132 174 94 258 19 49 133 78 248 109 109 -12 112 21 239 229 198 197 91 207 120 117 182 192 46 101 32 34 33 71 122 230 262 190 262 111 204 234 214 265 4 220 58 -2 175 150 171 21 39 198 188 254 138 116 146 18 242 34 107 127 89 103 94 58 235 246 258 66 146 48 99 44 156 84 137 97 32 271 240 3 86 128 44 224 184 180 70 55 69 21 139 5 256 23 43 63 74 239 252 41 91 216 -15 158 134 283 169 72 14 284 172 183 -1 238 263 101 30 281 239 9 46 214 36 104 244 -6 171 203 72 108 14 86 207 -15 78 240 67 173 77 217 142 247 178 260 144 224 146 5 75 48 183 134 259 209 38 68 217 108 129 16 132 273 79 22 255 167 39 38 234 52 283 154 95 218 113 52 58 262 127 191 108 140 88 175 69 179 214 4 68 86 180 31 263 -1 211 9 187 235 141 124 181 170 174 80 142 248 119 129 -12 137 171 153 176 177 52 128 43 243 34 198 44 39 274 128 249 93 178 207 10 188 39 218 64 14 70 230 142 114 87 47 87 248 111 21 180 240 121 76 61 129 203 32 151 279 42 207 45 
275 244 148 89 90 272 31 280 -11 255 38 148 91 85 120 250 3 245 228 184 172 -6 57 205 114 54 227 118 11 96 256 51 77 105 263 147 30 262 61 101 106 281 78 199 111 137 175 211 191 35 74 35 277 146 -11 165 81 54 274 131 97 64 214 105 276 225 193 197 -6 12 86 102 93 32 192 228 6 211 195 178 75 211 166 46 255 207 153 173 230 102 267 34 267 158 274 252 27 64 110 210 229 206 179 103 50 188 190 -9 233 191 117 136 135 -1 146 80 267 20 73 34 70 64 268 95 109 2 184 279 127 218 158 215 208 80 160 30 94 166 88 267 111 245 265 241 256 194 -8 262 100 109 0 227 52 203 179 105 38 241 108 180 22 279 17 -4 101 82 236 180 84 176 272 93 89 158 247 56 240 220 53 171 139 218 4 274 44 282 102 280 234 29 66 -13 66 172 102 128 207 112 172 32 224 -1 196 196 174 160 126 -14 198 37 145 112 95 267 103 0 54 263 209 -7 1 75 29 177 95 219 134 112 251 218 81 228 163 48 218 229 2 32 84 142 251 33 192 280 208 64 174 7 39 41 46 8 276 200 59 266 152 246 270 239 251 -4 -3 124 28 29 132 199 173 71 155 45 269 232 281 28 278 30 209 3 162 240 55 12 -14 42 98 9 161 107 199 122 -6 226 208 -15 -9 256 34 75 
248 23 96 55 163 254 9 32 170 267 192 139 4 -12 122 50 223 87 111 3 22 224 52 232 185 36 56 111 269 199 -6 44 178 182 147 103 190 187 241 259 207 196 154 236 20 42 61 57 4 105 218 251 183 147 -4 266 98 203 100 181 -11 236 215 256 183 -10 104 265 252 151 107 66 274 217 -15 258 274 124 165 26 44 114 54 166 101 266 62 44 200 53 87 76 259 38 68 148 3 9 246 122 95 230 211 268 85 183 123 244 82 223 -11 208 251 181 80 -1 80 196 159 41 83 128 18 23 -4 209 166 214 15 46 110 66 147 8 95 238 282 24 129 270 33 127 31 108 94 153 273 243 30 21 59 93 72 50 213 219 163 88 153 142 183 57 248 88 7 2 101 71 137 258 183 258 -6 25 253 -6 71 164 95 266 181 89 242 189 118 261 43 171 132 277 13 275 69 281 168 -3 191 226 274 -12 144 280 116 -3 245 67 224 -15 109 193 230 139 232 84 -12 181 197 215 170 160 191 111 97 46 -1 208 -2 32 -9 62 30 101 33 69 150 258 47 71 248 93 193 204 116 79 268 50 212 140 118 50 72 270 169 226 131 47 88 141 49 182 12 256 257 141 155 55 223 110 -1 155 165 -8 9 241 175 105 279 267 139 263 215 185 82 32 209 186 69 93 217 232 55 171 0 186 275 169 163 49 160 40 
49 269 19 171 164 32 253 82 72 215 57 270 87 -12 252 79 -4 160 44 -12 260 86 270 98 186 199 43 0 264 11 241 34 258 228 57 185 131 -15 76 45 -4 170 226 72 155 79 54 -14 128 74 51 97 120 149 167 236 239 34 190 243 266 117 29 20 -7 275 -4 172 276 261 129 39 177 208 210 237 9 190 112 238 216 229 128 240 194 90 70 32 177 269 213 225 233 23 146 3 206 196 -12 0 229 198 179 279 154 138 8 26 160 37 73 58 113 86 77 128 8 257 158 143 59 147 81 135 130 269 194 -5 121 -2 157 58 78 21 84 226 179 98 57 255 -15 16 234 43 185 171 208 62 281 15 33 128 194 172 97 52 12 179 166 111 179 -7 163 94 274 103 250 44 113 166 29 63 54 43 79 265 75 281 131 2 229 210 77 224 197 184 272 45 164 57 238 244 59 225 33 143 229 130 42 40 -5 176 100 283 134 46 80 203 139 273 59 263 129 272 163 74 232 55 45 74 197 123 142 225 126 102 0 202 251 172 72 27 277 202 282 2 50 170 61 41 110 6 11 85 184 143 183 95 3 221 233 222 87 214 161 31 283 32 268 22 209 115 44 124 188 278 259 165 24 241 97 109 267 203 173 265 62 53 280 247 267 86 220 30 134 12 1 138 14 88 73 80 265 161 77 -4 171 242 246 244 
39 4 121 72 266 54 167 127 56 240 20 225 283 151 58 129 171 155 216 237 115 276 259 75 146 193 81 243 142 261 200 230 239 48 249 73 107 114 190 182 221 234 21 102 228 250 2 8 189 89 251 220 -5 65 101 132 169 10 282 40 33 235 145 76 165 15 17 25 271 71 234 31 9 106 52 25 20 116 50 14 40 148 102 125 101 196 185 199 284 26 193 71 53 28 77 253 116 95 249 87 81 177 3 201 164 144 37 15 225 114 -8 116 241 210 152 -7 133 267 57 47 66 240 150 61 222 40 -9 197 20 159 220 53 106 116 128 77 227 88 -12 31 19 242 165 10 267 73 71 43 232 116 274 172 -12 64 4 206 138 35 225 30 169 -6 128 259 193 108 219 66 265 126 100 42 120 262 169 211 122 184 281 196 49 141 192 228 13 26 -3 245 211 273 145 130 116 138 119 -13 234 269 182 33 43 158 -9 24 162 237 243 63 106 267 191 87 16 176 38 56 101 270 87 159 128 118 128 169 105 74 198 118 97 147 130 102 84 272 263 192 189 194 165 32 12 1 129 186 174 151 178 -5 208 188 23 31 221 30 250 108 278 6 253 115 199 -10 79 84 240 200 205 102 55 195 9 239 63 144 278 237 46 100 142 -1 151 124 201 90 171 202 191 99 205 82 123 139 99 10 112 52 -9 26 92 -12 
194 263 260 35 276 71 40 265 60 250 35 120 109 67 108 204 29 92 66 185 49 134 174 269 234 56 219 229 82 215 -10 183 17 -10 134 22 -6 70 101 126 129 29 97 263 -13 191 18 180 231 189 196 30 271 210 52 15 86 170 -10 172 148 149 145 270 113 200 86 260 193 18 38 91 139 233 35 224 51 85 221 134 -10 86 137 228 -11 42 190 1 249 130 -14 52 121 -11 227 67 49 249 274 238 5 197 211 33 93 -14 199 126 199 86 130 55 -7 169 181 224 121 206 112 -12 63 178 71 138 94 16 -10 98 105 57 224 264 195 248 168 35 264 216 267 246 255 48 77 75 276 28 156 125 243 35 -11 180 42 156 12 86 222 125 42 132 5 80 269 73 118 123 8 54 278 179 192 219 269 73 278 61 20 114 229 157 226 167 151 120 284 3 247 43 221 223 45 245 282 2 73 154 94 223 221 -14 34 131 198 106 223 12 273 162 180 78 202 208 102 232 276 57 192 126 214 281 268 204 114 16 119 43 8 122 72 30 45 170 144 197 141 254 92 232 17 262 92 42 145 223 267 168 65 150 87 -1 226 162 70 11 16 233 272 252 214 18 91 214 241 150 65 27 284 140 245 283 -9 184 173 253 267 134 10 37 206 132 196 189 227 271 191 199 4 30 246 147 -2 169 255 253 21 12 100 246 224 128 
145 228 123 264 78 -5 12 200 182 141 2 274 27 0 201 219 264 274 186 141 52 141 209 196 -3 281 252 49 93 271 130 105 -12 183 265 43 79 248 227 2 227 238 183 257 32 36 131 240 175 159 89 110 87 283 195 211 108 141 188 228 137 52 3 152 159 276 153 201 56 60 166 47 185 231 227 1 176 61 111 190 179 90 95 22 217 119 176 13 176 164 -1 54 67 107 54 104 40 19 142 -7 138 243 279 232 161 171 31 101 98 211 163 254 85 -13 166 36 260 -5 72 262 18 260 246 178 131 -13 26 -10 10 272 145 48 60 141 91 276 283 164 83 58 55 218 284 168 71 150 259 185 143 122 210 107 277 156 173 122 254 271 30 125 206 79 190 169 107 166 230 92 141 25 155 47 74 78 238 63 104 168 78 209 3 76 251 88 93 260 79 46 75 209 151 254 262 64 93 101 237 95 191 248 157 222 271 185 267 256 -8 59 216 35 151 87 59 132 59 269 130 64 150 255 206 212 77 40 105 236 -10 60 -8 34 276 3 242 103 242 -5 54 46 88 102 232 168 222 244 235 232 138 236 -15 40 124 161 76 124 28 240 259 217 268 105 20 124 19 106 209 200 133 210 168 278 96 257 271 -1 122 171 8 183 24 4 149 112 90 247 55 25 100 2 141 80 273 169 83 74 -7 132 192 225 96 234 
20 78 -3 119 218 9 72 173 124 125 124 239 171 284 196 38 194 191 252 261 130 278 131 55 223 18 74 110 257 243 3 78 130 272 3 70 211 224 176 126 218 94 84 70 97 177 270 33 186 262 186 182 166 249 223 79 156 166 274 231 232 96 210 -6 -1 282 66 182 60 58 26 213 -9 62 214 112 69 225 63 5 5 114 268 280 186 279 252 63 144 117 276 172 172 145 260 11 206 70 137 188 60 270 66 258 133 266 35 205 223 113 181 102 266 119 171 268 53 267 272 65 197 6 -2 5 157 135 18 29 39 23 209 176 176 267 -5 162 271 72 198 83 254 178 210 111 265 217 70 9 91 232 189 -11 67 71 -6 253 235 188 200 256 234 28 274 -11 27 43 163 161 281 81 61 268 -10 166 31 60 11 81 211 64 253 72 0 144 216 211 57 36 43 114 110 238 236 75 -4 32 265 37 240 170 16 93 82 4 115 111 172 -13 87 177 140 13 22 170 185 14 254 -10 47 195 16 99 272 202 105 183 239 96 135 5 83 74 39 173 259 -4 177 192 116 97 -10 11 142 159 38 22 276 154 268 40 95 262 82 85 125 242 271 36 175 2 144 -13 3 269 194 19 190 103 89 272 65 145 -6 181 105 167 173 240 29 64 23 125 103 260 233 91 3 162 52 86 107 254 -8 35 266 122 2 129 143 146 
19 -3 209 216 -15 257 53 56 160 220 147 114 -7 41 173 202 118 52 52 240 239 81 80 19 43 185 50 209 -6 62 60 165 33 262 25 81 94 137 213 271 26 106 59 117 237 284 246 -8 20 190 209 -7 100 6 70 117 222 157 96 11 214 213 179 227 -7 243 5 142 130 -13 215 111 192 190 45 228 116 278 234 257 112 204 62 83 52 107 93 265 80 283 224 188 83 276 114 253 -14 164 100 211 148 2 25 269 240 148 37 5 144 120 48 17 97 146 118 74 186 -3 68 31 66 47 178 167 236 178 47 26 165 1 12 177 44 14 280 -8 -15 105 -13 216 208 264 38 13 139 12 143 274 107 -12 149 142 254 49 186 189 181 275 95 15 105 110 195 100 263 283 20 57 -4 99 234 2 76 203 58 113 98 150 247 30 197 261 -6 19 282 2 263 -3 110 123 277 184 114 231 90 279 92 104 221 124 243 87 104 147 161 62 197 240 227 61 99 62 150 -10 96 133 150 36 146 244 124 114 55 184 -8 184 125 259 199 103 194 248 21 106 275 106 250 91 147 75 173 19 123 35 206 185 155 -11 180 -3 123 157 134 168 19 23 204 73 148 219 192 240 56 242 -14 242 44 176 147 84 36 90 17 121 122 17 279 221 103 7 162 11 202 269 165 237 202 39 173 219 258 252 -4 137 59 273 27 65 199 60 
97 56 31 279 93 11 126 151 99 37 211 34 248 192 43 56 284 277 104 185 151 120 45 186 178 119 59 34 -13 26 75 71 -9 94 234 97 203 82 181 222 173 275 84 111 12 -5 129 65 71 4 261 12 19 230 179 60 82 174 212 8 142 192 -3 160 -3 116 115 86 75 40 -12 21 250 106 35 197 228 195 93 185 118 203 212 157 184 179 -11 18 133 91 181 204 28 45 78 220 163 273 183 15 195 179 99 113 93 166 141 213 163 -14 23 11 230 256 235 51 218 185 255 214 198 -12 232 86 78 84 12 151 282 245 181 7 -15 201 21 169 178 -9 253 134 78 71 259 116 118 112 208 48 18 242 276 205 258 86 163 209 283 -11 251 92 257 16 127 79 21 232 280 6 222 184 258 129 64 238 29 43 110 52 148 56 211 32 138 94 103 270 279 218 32 256 165 28 269 -2 35 2 177 175 122 8 187 48 207 121 73 259 13 109 143 223 207 12 249 50 79 218 103 222 256 84 140 29 244 142 145 171 127 41 55 14 180 170 152 112 97 227 149 -14 242 242 32 136 140 208 85 40 60 96 206 192 1 0 15 4 198 135 -11 111 -7 215 218 221 206 129 234 177 156 19 169 87 5 105 169 169 73 91 226 193 -7 14 170 63 131 117 97 221 189 206 249 66 194 69 259 243 272 224 -1 75 80 24 
168 14 206 39 63 265 100 270 180 155 41 268 265 147 -5 44 155 76 34 100 122 209 225 7 161 18 170 108 90 66 273 199 43 200 105 159 193 167 86 140 11 181 158 263 174 23 111 112 280 273 168 236 279 182 20 52 40 25 243 68 159 251 170 187 -15 159 249 86 223 49 167 190 284 279 82 175 90 205 3 247 165 137 81 171 168 194 81 120 172 265 24 237 107 52 216 -11 250 88 268 47 257 18 247 200 154 6 202 255 84 36 165 126 124 106 247 137 154 50 149 89 94 80 197 87 245 167 119 232 218 4 216 279 48 214 65 169 138 196 -2 28 272 160 24 155 171 102 195 73 276 88 32 53 237 203 34 161 125 -14 -5 197 166 165 130 125 223 141 234 125 50 6 34 61 214 217 247 194 82 259 141 228 250 14 42 0 130 110 259 247 52 135 260 159 65 -15 202 70 91 3 167 153 196 36 -7 127 19 16 3 130 255 99 253 53 109 231 162 111 -9 -2 47 238 33 204 33 16 115 222 275 170 134 269 213 25 180 175 113 238 2 131 96 72 24 188 50 45 24 206 9 253 174 5 231 102 160 283 208 153 76 54 51 24 187 73 195 140 64 185 184 17 60 -1 33 252 245 112 42 39 183 109 140 23 87 92 259 47 134 27 175 184 5 4 176 237 -13 84 0 -13 142 20 115 256 
63 124 264 29 104 134 155 44 15 139 45 137 236 0 103 219 133 24 131 145 118 280 91 56 56 35 155 146 266 242 38 229 65 47 131 251 83 38 270 76 163 -4 184 2 255 284 151 177 16 158 175 263 93 269 184 34 57 56 -11 52 50 133 132 73 -2 266 55 255 125 152 55 226 47 176 91 51 276 215 114 83 116 249 245 155 72 13 167 198 66 81 70 1 172 88 271 143 164 19 224 5 35 256 29 91 31 211 264 239 85 183 -14 273 283 13 111 229 122 163 3 -15 272 168 -2 142 268 254 209 -8 189 236 226 52 76 46 66 78 -8 129 209 47 136 123 185 260 40 70 50 48 172 223 142 135 238 151 13 187 172 125 187 223 233 -13 57 77 44 266 192 264 -15 126 232 278 276 187 144 28 -8 132 174 36 280 78 -14 31 76 -12 190 -1 210 76 69 38 238 267 80 143 59 8 20 36 43 62 109 129 146 143 187 236 117 215 131 74 1 194 92 129 106 41 74 3 237 167 202 149 126 275 60 179 238 80 150 155 240 198 122 216 281 207 221 217 277 0 5 98 12 56 67 62 -3 33 13 78 106 6 56 145 -4 241 169 33 160 74 234 189 2 156 154 282 245 279 244 47 144 97 219 167 23 128 45 234 225 224 259 229 -9 17 17 86 89 192 279 44 97 31 243 245 229 261 88 128 
198 39 66 69 264 251 162 2 105 27 136 89 12 170 232 51 203 36 262 107 196 188 166 240 18 137 170 71 131 106 149 209 161 51 92 7 99 75 230 279 190 279 214 45 128 195 223 98 7 87 251 81 113 225 109 146 50 266 27 92 98 9 97 274 149 195 174 -10 189 275 55 161 3 198 129 165 184 151 -6 143 33 275 64 159 88 127 157 38 85 68 214 4 234 92 -9 194 39 63 87 154 80 161 101 40 -1 278 25 147 137 126 175 156 72 114 236 230 74 50 263 151 108 81 279 110 181 110 1 266 233 36 93 42 238 272 39 -3 262 197 164 -1 121 8 131 93 76 277 221 258 106 86 280 246 166 223 130 123 133 178 157 242 69 204 102 271 67 115 279 236 69 213 225 39 250 113 234 169 226 113 225 214 197 224 203 139 99 -8 22 -5 26 118 68 65 271 277 251 100 185 -4 27 252 191 68 111 84 52 26 23 57 97 -12 109 242 101 250 91 137 180 107 232 217 70 177 174 35 29 109 192 94 222 250 264 266 264 85 7 101 25 97 75 152 25 216 -15 196 56 -15 275 4 104 264 60 89 195 7 -13 45 61 210 196 224 217 249 5 253 180 204 89 -9 87 140 203 75 275 164 120 1 274 250 256 229 163 211 122 52 236 220 219 111 247 266 93 239 23 93 272 14 32 213 117 201 
62 269 189 238 274 207 0 224 245 259 174 60 181 76 222 22 74 96 189 5 25 183 193 -9 39 50 119 140 71 48 170 213 88 266 117 72 74 11 231 138 107 66 101 96 171 39 47 86 135 51 118 221 197 12 229 75 69 188 239 80 110 -3 281 187 147 241 113 238 228 219 38 94 40 -14 80 134 44 60 110 273 226 193 62 18 194 157 21 60 137 103 192 6 256 60 38 156 99 272 232 19 110 191 233 146 102 66 61 25 173 247 139 86 192 34 49 70 141 202 173 53 272 -4 246 281 245 57 113 160 282 70 37 120 227 35 215 154 31 88 -10 142 257 228 18 102 199 251 175 113 89 179 177 239 -15 29 1 194 273 284 -2 246 114 142 -7 72 12 143 170 259 42 -1 156 53 224 243 115 73 114 50 71 240 86 104 144 141 128 195 160 152 1 94 241 35 254 198 168 -4 127 87 68 269 96 175 247 213 162 81 53 -10 25 8 11 67 176 209 139 56 2 27 200 -8 216 281 237 54 111 277 233 271 95 91 202 135 196 28 -10 234 224 248 174 249 257 162 197 1 128 274 14 124 150 247 266 41 -2 127 139 76 132 219 162 134 132 159 80 50 158 134 15 -11 189 66 72 28 153 86 274 275 141 227 241 -12 260 85 35 112 224 26 255 209 249 128 265 9 55 211 170 145 210 269 20 74 
-3 269 196 104 261 250 185 141 276 49 208 268 201 163 -6 249 33 224 273 268 234 141 91 47 167 152 19 261 93 173 74 105 117 11 113 164 14 157 148 146 219 262 126 93 116 239 230 279 89 47 241 213 40 28 156 89 73 128 1 246 190 54 81 92 112 -6 81 237 251 242 213 226 188 147 160 127 261 4 230 58 -11 37 186 41 30 -10 212 166 203 245 70 119 262 17 -15 270 6 200 170 26 56 75 269 142 95 -7 194 181 105 110 123 100 20 253 130 260 13 95 50 67 47 17 203 208 15 32 261 161 187 196 77 205 29 87 40 10 10 42 -4 268 59 12 173 138 166 234 207 281 207 8 132 139 261 242 232 250 103 104 227 13 4 230 282 190 79 278 122 273 3 48 90 12 115 32 44 35 40 38 42 57 210 63 16 119 91 34 104 221 22 202 97 267 97 98 85 75 157 80 279 28 234 86 51 108 9 85 39 5 80 168 178 52 166 222 271 99 215 23 157 104 46 160 196 83 104 247 74 121 164 89 110 198 161 107 145 60 -14 91 231 224 57 212 213 28 193 215 33 266 36 -12 145 124 -7 12 111 148 59 172 120 2 207 169 88 32 170 49 150 281 5 167 229 257 264 206 197 168 -7 272 5 61 87 89 145 145 63 24 4 7 153 218 184 162 42 12 85 197 272 131 71 155 
71 159 211 228 27 102 231 182 74 187 265 15 -5 237 253 38 130 -6 5 227 42 242 247 -11 1 282 245 190 176 53 96 273 230 16 125 180 233 1 39 63 58 186 55 21 216 -10 148 283 48 253 16 165 211 220 6 10 229 136 248 163 253 99 200 104 209 86 125 185 -6 -15 265 274 11 128 160 190 99 155 36 169 148 197 3 173 103 44 248 257 13 0 277 91 231 101 245 120 45 14 129 73 -13 -13 169 20 12 273 28 227 90 24 235 220 43 222 274 154 -9 55 112 239 21 131 218 7 38 107 177 268 220 210 31 257 215 88 134 12 118 41 183 95 -5 170 254 39 84 20 239 40 209 71 189 140 66 -14 61 134 227 81 101 136 29 152 89 52 242 50 61 71 60 56 180 279 282 111 -11 167 39 119 176 -15 55 33 192 15 71 20 31 221 281 67 101 221 176 82 4 120 -3 18 74 188 186 74 149 23 282 252 52 87 184 43 203 234 117 194 85 161 168 120 23 139 9 230 252 59 46 210 239 185 99 257 113 132 152 47 284 58 115 13 10 -12 144 152 202 222 281 189 -12 281 206 140 71 117 181 76 284 25 266 174 168 96 264 6 274 143 95 95 222 245 237 95 -15 202 186 266 30 142 161 169 136 88 8 98 41 42 -1 66 107 272 8 248 129 -11 205 260 168 168 126 70 62 63 
161 48 183 264 187 277 278 277 33 68 254 65 110 280 6 23 91 209 22 155 192 203 -1 95 25 93 0 232 237 157 82 85 62 106 165 154 105 206 176 101 263 169 223 241 193 101 242 128 111 196 117 143 79 211 226 131 260 196 22 230 233 202 188 106 208 183 111 257 275 171 54 46 153 168 37 148 116 45 125 248 245 166 63 71 144 40 -10 276 271 141 274 -1 193 -9 261 47 168 277 84 201 142 26 245 233 226 248 12 225 247 192 271 100 5 273 -10 56 240 -6 78 195 81 16 52 282 9 102 17 88 -3 135 74 17 32 21 221 142 171 103 254 88 2 190 95 55 29 256 72 250 194 137 80 180 242 57 200 32 54 17 276 192 19 116 19 114 79 74 190 276 271 280 -15 59 274 183 118 10 -13 166 178 280 150 73 154 46 266 20 53 241 75 78 -10 187 282 34 44 240 234 267 196 228 234 140 183 231 102 251 232 -15 142 41 60 83 228 -2 229 265 30 137 196 108 232 199 154 123 163 148 61 82 186 50 50 150 132 89 42 179 235 139 97 27 87 132 90 66 225 276 137 234 33 228 169 205 198 23 130 5 69 266 1 4 41 102 137 16 34 56 47 41 31 153 109 200 173 103 -8 114 184 240 77 141 76 57 132 282 56 58 80 64 65 180 186 243 247 3 77 93 99 213 197 5 
232 238 267 201 80 38 177 282 193 84 -9 229 213 109 196 24 98 79 140 22 114 130 218 75 162 264 -6 235 251 116 186 228 122 167 108 178 152 101 246 35 85 201 185 199 102 278 195 262 101 -8 148 55 204 204 254 119 92 231 12 259 275 274 284 42 159 178 205 238 226 140 215 112 103 88 136 78 91 145 211 30 211 72 47 68 155 174 74 200 -12 179 226 200 182 237 156 -14 153 245 199 246 201 16 188 91 168 267 192 115 86 175 253 240 -5 -13 176 253 112 261 242 217 243 117 37 -14 212 211 250 241 188 70 37 189 69 75 57 57 214 0 236 150 129 242 77 273 190 78 220 25 282 67 141 243 227 219 181 271 70 14 134 94 226 127 2 180 119 242 197 272 87 242 -10 214 52 208 194 89 150 211 27 29 202 109 241 58 162 258 194 29 83 148 -5 274 141 115 9 155 34 262 173 36 42 248 276 28 281 216 170 51 170 55 85 160 234 56 100 117 40 106 20 228 111 196 43 248 120 201 15 241 27 25 169 224 148 276 187 171 206 189 255 0 126 278 49 275 72 90 -5 80 236 35 203 25 39 190 136 93 260 -13 180 22 100 173 21 17 216 245 55 244 110 201 -14 15 171 81 13 -15 168 109 154 52 202 50 -10 35 250 145 155 193 236 140 228 108 23 128 253 239 238 107 144 10 
274 143 255 281 268 58 107 63 68 128 128 241 266 117 266 196 252 227 68 203 68 188 126 28 23 228 72 17 114 282 89 150 101 219 270 61 261 279 28 0 -14 242 187 262 37 74 19 237 149 79 162 156 121 263 8 273 93 28 44 191 61 254 100 7 95 249 62 156 203 202 180 150 89 165 85 176 134 251 173 44 274 -3 243 255 37 161 276 88 84 131 15 70 202 139 247 278 184 269 217 241 93 125 202 86 146 -12 199 79 21 250 -13 129 -14 125 37 181 106 10 39 280 240 255 222 142 174 153 179 255 61 231 233 166 275 143 36 274 16 -9 257 210 106 234 127 160 210 -8 125 153 -8 271 273 275 106 3 21 262 24 177 144 281 245 3 135 220 238 247 192 6 87 98 74 81 146 3 123 160 93 268 139 32 274 70 58 157 149 55 219 267 212 257 225 61 149 202 266 201 113 231 119 62 211 149 20 113 37 16 148 45 279 14 99 -15 240 164 109 272 233 147 78 261 42 106 180 22 147 90 256 213 212 -14 137 144 265 268 249 134 221 139 6 156 276 102 140 121 122 278 215 49 218 123 280 26 131 69 63 185 246 252 119 135 59 268 198 83 256 195 134 143 56 63 140 57 53 121 159 120 169 2 164 14 125 84 126 217 238 -12 271 121 75 249 57 20 -13 133 225 197 -15 118 239 217 
73 16 164 199 269 9 32 241 100 26 248 215 269 72 136 196 3 41 0 167 96 59 192 228 275 237 183 263 215 5 276 3 17 122 192 231 216 20 91 45 19 100 63 224 226 116 17 32 175 134 217 210 28 180 233 158 48 0 132 180 70 13 112 126 42 73 177 184 247 20 88 271 239 282 241 200 101 228 167 168 249 209 228 100 187 218 139 50 273 6 8 40 34 172 237 250 50 194 275 187 109 231 27 196 283 155 117 99 61 201 128 157 -3 73 3 106 53 203 260 -10 230 244 279 225 124 36 121 278 121 103 42 123 174 284 -1 140 87 70 -4 30 135 273 269 254 271 261 87 258 263 106 62 163 211 160 253 104 79 135 225 54 10 257 41 233 115 163 281 -6 231 45 86 61 141 138 10 192 168 47 28 176 153 19 234 100 253 107 273 144 3 19 265 99 185 177 169 213 -6 163 105 26 276 195 199 83 101 234 223 78 28 98 206 135 281 114 216 138 135 266 16 263 229 118 236 273 94 13 -5 154 106 102 87 241 -11 68 214 45 126 251 135 57 69 118 140 4 141 246 68 -12 185 83 2 205 48 46 128 7 -6 19 189 0 204 39 31 23 -13 144 217 86 189 92 59 185 189 7 156 7 216 53 169 100 40 240 247 71 16 -2 111 10 20 177 -9 189 70 222 -8 -9 97 35 194 103 
25 177 259 253 95 65 276 123 19 55 20 34 115 247 207 -11 113 18 78 98 188 137 47 146 147 243 115 10 -13 121 270 183 198 173 23 266 207 25 197 128 24 18 42 123 202 250 73 170 152 65 9 190 123 14 167 258 208 46 196 115 9 79 105 171 165 34 23 31 158 249 283 183 202 227 72 107 42 124 242 159 104 249 67 50 227 187 272 131 19 24 51 283 56 51 26 103 112 91 215 265 223 2 269 244 214 50 137 33 249 281 46 183 170 61 206 215 119 238 78 165 42 115 116 198 267 78 171 2 22 60 178 123 191 80 29 118 22 67 116 54 54 225 17 131 245 273 96 29 -12 10 9 217 133 176 110 219 158 69 6 221 236 242 277 174 124 44 33 78 45 11 208 1 226 131 195 15 17 210 194 43 140 115 93 267 142 48 47 210 94 262 104 131 224 279 64 217 36 220 262 180 263 -8 130 275 219 73 19 270 138 174 48 82 -6 229 -11 118 84 17 53 180 278 31 109 265 117 168 243 169 147 234 96 139 121 176 190 220 60 155 267 256 221 154 86 45 107 128 67 -1 196 153 141 173 30 210 33 242 111 189 38 214 91 13 251 231 190 205 144 19 258 47 21 223 241 150 -9 5 121 84 25 29 47 274 82 145 79 141 255 11 59 103 192 11 14 144 282 53 2 173 272 96 
95 150 262 212 266 283 137 110 219 73 136 17 238 118 230 222 132 55 65 39 12 116 202 197 171 253 278 225 54 223 1 284 237 36 45 189 -7 219 110 79 62 268 43 262 57 100 191 107 9 255 113 155 114 121 252 243 263 159 67 194 197 278 21 55 192 169 160 242 81 240 91 8 192 203 156 57 190 183 194 10 107 207 28 175 70 159 246 134 237 218 77 229 19 180 98 88 179 118 233 283 150 212 240 234 -8 183 157 182 -13 153 187 247 101 278 202 174 15 21 40 258 249 150 176 189 128 52 225 36 162 245 194 183 281 249 40 65 226 13 263 108 223 105 2 175 11 64 166 -15 245 42 110 178 268 171 232 -9 201 98 209 -6 217 184 173 102 17 214 197 84 203 -9 130 31 103 119 227 58 201 -3 122 95 249 80 51 230 208 133 16 110 5 138 152 231 233 129 274 93 262 50 29 284 174 219 246 41 190 55 133 235 84 173 240 53 246 2 80 227 196 220 173 179 69 276 200 55 5 10 71 196 117 55 281 161 271 64 7 143 280 193 117 19 111 52 93 -5 16 28 65 221 97 280 147 186 84 96 -10 281 13 222 102 178 273 4 149 254 235 221 8 76 193 157 256 229 83 163 193 16 100 158 262 135 97 261 186 10 270 134 78 234 45 156 117 28 54 189 212 143 121 56 150 162 
182 224 15 126 210 164 151 200 200 76 46 38 -13 211 210 24 107 270 208 77 234 206 26 61 8 218 76 181 125 232 237 85 222 216 249 110 14 280 85 -8 183 214 179 169 203 7 70 151 204 205 76 147 223 263 150 214 284 79 -9 128 227 245 73 50 53 174 97 56 231 236 13 24 138 20 7 177 -2 127 95 248 264 153 161 91 137 251 208 15 85 248 202 119 180 87 170 -11 12 -13 82 13 235 154 160 219 155 58 167 182 195 117 109 186 -13 44 200 194 75 126 126 151 248 109 101 163 283 218 71 121 158 193 149 104 20 192 150 258 113 72 279 79 134 15 112 234 -2 88 249 215 17 40 30 30 267 203 204 275 49 -2 193 259 16 78 166 25 154 100 179 80 92 226 282 5 100 235 104 48 152 183 248 223 -13 217 185 153 101 180 10 112 165 251 256 38 72 244 117 82 279 168 278 146 61 29 274 171 120 279 152 7 165 235 -7 158 -14 41 91 80 -1 209 241 170 67 33 280 283 172 109 237 217 -11 47 85 112 255 7 165 226 266 189 201 151 214 274 131 35 261 265 284 54 47 7 203 188 231 233 257 277 -9 108 20 150 187 88 202 85 266 102 256 261 123 36 -8 210 74 39 63 43 137 171 71 252 148 172 57 10 182 173 82 97 266 88 176 142 186 241 238 133 187 236 35 77 
53 -8 270 33 241 154 177 77 16 276 262 102 242 22 147 89 155 138 21 39 228 183 34 257 77 21 5 82 65 19 6 177 167 125 -14 267 48 258 213 110 280 -3 135 123 225 220 208 217 130 49 172 58 169 72 113 170 132 12 50 13 80 269 64 10 246 3 227 110 281 73 231 217 -11 212 7 59 126 9 26 261 132 156 76 167 78 183 83 261 164 258 23 233 273 -8 154 28 188 262 280 154 -5 270 11 183 45 103 98 79 65 23 207 30 228 77 37 201 169 164 135 20 67 207 46 104 79 275 8 -6 136 2 238 80 267 101 20 236 198 80 27 175 88 169 208 36 134 194 234 189 153 139 276 208 179 35 108 14 226 186 46 241 143 19 29 196 7 234 11 39 76 57 56 230 77 243 77 170 143 189 181 282 167 188 3 264 116 155 237 40 75 209 272 112 139 213 153 129 150 122 56 0 181 141 211 49 167 217 277 60 -10 277 192 21 281 200 100 162 137 41 -4 -15 276 144 246 24 34 149 278 -1 -8 263 15 33 231 76 125 -5 95 19 162 243 191 202 256 105 -14 17 34 186 150 170 151 243 280 7 11 100 284 185 139 188 26 38 67 191 121 102 166 93 152 53 2 63 106 176 129 23 106 260 263 97 271 15 4 127 -8 262 0 37 51 86 181 93 207 80 278 173 256 27 170 218 
-2 175 22 71 40 279 2 191 194 6 61 59 61 182 264 280 218 89 -3 274 249 277 112 209 147 35 198 77 155 223 80 207 81 225 166 160 176 51 273 44 193 237 157 11 -5 277 3 263 257 84 174 224 266 284 116 250 259 165 0 215 146 262 5 20 150 55 166 161 7 168 40 111 111 27 167 134 21 70 37 203 101 228 219 71 132 133 241 124 146 112 244 172 69 280 26 272 44 102 237 147 8 206 204 211 185 26 123 15 240 199 77 74 39 143 111 210 129 247 206 96 240 174 37 4 177 213 260 40 199 116 85 266 127 237 205 153 210 272 48 15 223 199 245 248 122 174 247 242 281 182 5 186 70 57 281 142 233 97 94 187 80 -1 32 5 260 133 219 4 278 143 84 269 22 169 195 50 58 214 211 6 150 193 -4 5 59 55 258 58 45 232 219 270 210 233 123 -8 48 99 53 121 42 177 89 22 169 79 252 168 56 69 71 19 54 134 240 26 55 171 173 202 -2 119 58 200 277 116 54 196 142 205 60 152 117 185 80 122 273 160 275 105 115 161 119 137 148 92 72 272 271 65 182 -8 259 188 276 14 130 262 72 129 38 120 89 236 79 167 121 -8 -15 76 98 130 231 197 231 155 169 51 262 128 82 173 -3 220 169 237 105 8 76 169 51 170 13 213 25 202 264 67 35 265 
174 259 -13 198 261 196 234 245 128 95 48 2 20 15 113 23 214 228 249 97 187 148 277 80 250 51 31 137 173 113 160 12 279 137 280 22 56 28 45 152 -15 176 171 193 149 63 148 276 28 159 144 226 164 59 159 23 213 -3 62 50 65 217 -10 278 124 138 15 173 64 280 200 92 44 74 279 89 94 133 104 -4 254 57 233 258 98 277 161 170 147 53 17 276 129 139 38 150 273 123 4 12 157 52 -13 192 218 106 252 103 74 93 170 239 81 213 129 86 213 32 262 101 271 182 97 240 247 19 236 89 271 118 161 -9 108 160 281 153 134 182 174 7 170 27 90 200 8 121 44 121 225 63 68 169 249 12 270 225 165 50 236 194 73 48 69 153 12 204 112 146 228 83 168 160 156 100 91 188 279 40 66 68 147 58 129 202 225 238 176 136 223 270 145 42 279 238 279 163 30 164 26 120 53 154 -9 215 270 158 258 178 119 58 215 190 218 194 22 267 88 22 259 205 88 268 188 49 102 142 48 12 181 4 224 31 132 169 271 179 212 266 124 -9 158 199 115 72 239 221 175 73 137 191 130 119 188 217 77 202 65 -14 36 49 181 204 230 238 105 142 40 21 4 37 179 219 147 151 125 158 4 244 136 235 49 37 139 155 115 67 76 266 136 52 71 9 206 125 147 114 189 143 62 -3 
172 129 -4 97 39 166 210 279 275 283 4 110 115 249 4 16 222 124 237 244 260 166 184 25 61 77 73 266 179 182 76 186 64 56 270 97 204 132 238 -4 268 139 201 30 167 85 113 -5 51 171 32 149 96 75 12 80 213 85 218 178 215 -2 56 261 222 241 151 4 221 134 77 -12 229 30 265 62 217 134 92 207 17 139 84 164 112 266 92 188 22 226 51 12 46 263 244 249 220 192 5 238 150 122 2 228 36 54 57 254 22 116 136 61 117 14 70 250 57 89 234 278 113 191 192 262 171 112 53 71 225 0 85 162 192 177 223 211 25 193 125 91 185 220 208 -11 253 227 190 7 253 259 46 12 1 283 81 136 194 283 66 2 34 139 199 213 30 152 250 158 158 213 0 33 18 -4 245 178 116 158 92 242 7 92 78 170 98 192 9 147 103 179 37 211 134 28 175 71 88 257 168 249 165 25 204 179 146 -2 115 41 227 235 180 136 164 0 180 59 213 257 -11 215 27 0 220 89 245 107 92 283 71 206 129 147 166 124 239 270 104 140 94 13 269 38 45 76 254 263 273 176 13 229 189 35 41 279 41 149 179 160 283 177 162 14 120 280 207 256 134 122 140 140 157 191 250 127 228 227 12 -6 114 241 -6 78 225 75 34 214 162 167 277 255 269 86 85 220 35 98 170 12 33 22 
247 45 254 -10 10 78 -7 256 255 67 28 165 116 55 5 145 100 238 47 2 110 212 188 50 181 6 268 206 258 236 167 266 228 70 99 219 82 283 124 276 109 27 182 284 -4 260 85 127 218 11 34 211 107 96 132 48 165 111 152 3 4 52 190 259 231 261 145 78 229 151 89 203 16 214 206 255 117 273 44 77 241 234 157 69 226 21 215 137 233 11 219 207 270 232 4 177 284 -3 284 22 172 136 275 28 24 5 238 198 88 162 15 128 235 29 194 13 -10 20 103 176 189 46 276 -2 215 168 270 39 24 54 39 99 61 11 28 51 127 238 248 84 44 171 246 215 143 94 -13 234 112 206 45 170 86 -12 229 113 52 28 196 202 234 176 176 278 210 133 74 77 67 151 181 78 253 133 145 255 89 119 184 149 202 5 49 226 251 9 88 144 131 101 250 265 175 71 257 23 95 200 194 122 -4 182 48 235 39 54 0 -4 38 130 3 197 231 99 239 65 -7 245 70 174 -9 -11 211 69 254 147 187 -15 46 170 91 237 108 1 -1 0 59 131 22 201 201 17 63 44 99 47 159 275 163 100 255 112 68 209 221 -6 119 13 102 273 65 174 119 19 277 111 152 45 -4 273 76 103 70 170 55 75 234 88 108 155 225 74 -1 221 127 198 234 127 34 3 246 55 107 95 252 68 158 12 260 61 
226 138 210 277 177 244 272 204 257 284 136 78 151 4 90 58 159 2 227 264 172 158 262 -14 261 103 119 -5 80 271 183 232 -10 0 96 204 35 159 10 235 -12 174 213 123 230 220 87 202 248 255 196 6 52 115 0 82 38 9 132 48 86 154 149 268 255 249 190 108 3 235 269 259 101 114 264 11 193 187 55 22 147 4 -8 -3 2 208 274 48 50 277 259 20 60 -8 222 66 281 23 0 84 282 224 84 193 274 76 232 1 48 206 126 182 95 176 185 220 231 275 209 80 102 155 120 107 270 149 69 117 129 9 157 236 119 210 129 281 138 112 247 130 284 35 36 229 164 253 229 232 226 278 -8 265 88 171 254 48 157 53 27 199 182 210 142 77 6 9 78 18 58 94 127 238 164 108 189 107 55 162 133 265 215 187 153 80 175 33 23 -12 76 269 104 216 152 180 191 123 111 137 44 128 24 206 273 76 100 16 60 50 226 211 -7 258 211 232 154 24 180 237 5 282 128 -13 76 265 115 218 28 201 19 242 274 124 191 248 41 101 113 119 230 111 168 228 224 23 -3 11 197 26 221 23 132 55 88 0 223 130 240 8 24 244 53 5 22 78 104 236 143 108 170 44 11 241 262 -15 -4 213 273 119 16 98 109 184 58 75 280 136 128 86 158 282 245 123 117 268 106 281 5 238 139 270 
215 81 23 142 154 274 -5 56 284 120 83 47 184 158 122 217 36 284 113 233 30 188 269 223 -4 80 188 86 265 267 44 98 236 -11 -14 10 219 99 30 -13 148 6 244 105 47 66 247 -3 69 266 196 129 107 -9 65 64 49 282 158 237 148 85 195 13 170 188 123 30 189 248 229 179 168 237 110 57 261 149 214 237 234 240 206 119 105 101 221 141 149 284 249 197 183 206 280 238 228 134 32 46 161 -7 72 183 85 105 96 151 282 125 55 234 35 24 38 146 268 179 144 223 142 228 228 58 89 88 7 10 135 147 139 257 -6 187 26 256 57 202 87 186 95 96 -14 227 249 140 190 68 101 5 96 153 262 53 233 201 182 213 4 169 257 48 81 155 105 96 213 -7 51 184 7 223 183 281 78 226 234 239 64 73 3 204 55 83 144 98 234 -2 175 36 18 130 177 219 25 122 140 38 239 200 79 40 79 146 250 79 125 115 161 73 33 270 2 182 22 271 109 205 12 8 239 32 50 82 116 245 113 196 277 11 129 254 130 224 133 126 37 240 101 155 75 257 237 263 -13 233 17 215 84 41 43 220 174 159 256 220 180 110 87 105 184 1 199 173 275 257 199 131 71 63 139 245 70 241 120 39 277 127 80 187 177 110 79 241 8 124 8 217 216 63 60 206 27 166 280 21 -10 224 10 214 
180 60 23 227 213 8 66 51 248 154 270 168 240 48 103 8 66 179 34 80 116 82 116 106 164 24 -6 -7 36 143 74 223 52 127 20 246 -11 270 254 234 9 -15 0 78 238 55 209 44 -1 164 46 98 117 17 271 275 18 2 43 266 248 232 95 225 68 144 24 160 57 39 209 89 195 40 202 144 110 199 51 98 220 231 211 227 170 211 117 238 238 144 88 -12 206 274 117 17 139 71 41 -3 153 -4 219 99 102 218 96 2 113 76 226 42 236 80 282 266 -1 207 77 277 199 109 109 45 203 180 155 214 270 84 4 161 193 115 80 13 154 241 54 62 42 187 266 171 83 131 167 23 176 19 181 100 9 7 269 136 110 236 158 125 228 275 193 27 206 173 52 263 240 140 32 137 173 26 138 142 93 149 122 79 186 154 -9 3 33 161 154 31 7 185 46 218 173 284 211 179 31 278 270 108 203 163 277 122 -6 22 16 62 23 16 94 54 157 252 11 172 233 47 102 139 155 239 175 212 261 36 148 78 16 107 203 201 224 11 186 243 6 240 206 136 128 -3 217 12 259 189 11 90 -1 -14 38 111 92 110 205 223 113 201 246 188 226 62 192 145 2 -6 279 108 84 202 185 255 88 205 41 119 246 201 166 55 283 116 206 140 169 74 231 -11 272 169 266 148 32 253 110 173 105 177 224 194 
284 270 1 68 248 134 271 254 77 -4 119 95 164 -10 38 57 11 71 186 103 78 74 56 139 118 246 204 40 225 36 281 -11 39 2 205 15 279 98 267 -1 29 242 251 228 82 276 281 71 192 45 139 252 68 270 220 280 217 215 89 159 119 0 225 52 228 -12 151 195 13 187 104 146 52 43 246 127 173 263 177 193 263 68 127 77 105 191 141 168 200 159 184 98 234 111 153 284 139 151 129 260 111 247 16 161 76 199 224 -9 202 81 280 212 284 244 193 113 213 23 165 170 119 82 10 52 250 126 17 224 208 78 64 192 28 201 185 113 277 15 140 273 92 216 267 224 264 14 116 250 112 261 150 63 275 47 259 69 172 154 21 157 180 59 220 256 116 189 216 153 273 -15 156 56 63 262 202 128 254 212 275 136 51 89 45 163 138 124 259 -6 67 218 185 239 115 45 97 151 219 266 101 230 31 10 266 274 100 237 32 37 50 276 55 76 206 271 282 193 167 276 6 191 231 121 153 265 143 88 162 23 178 106 248 7 156 255 3 23 142 236 231 98 93 272 244 34 147 219 248 253 123 199 135 15 221 253 188 271 250 40 25 280 61 196 20 186 5 83 3 120 261 202 117 72 170 2 266 261 72 93 117 113 184 -11 151 147 188 249 139 70 123 249 124 23 230 136 3 7 43 21 205 141 
89 133 135 54 277 264 48 2 76 173 283 186 37 143 -6 191 280 261 242 14 202 100 40 140 243 15 131 55 82 31 251 17 223 104 13 217 59 24 120 124 47 151 223 259 82 219 40 242 69 57 85 26 100 71 21 142 87 231 61 186 72 240 119 105 15 107 166 141 199 145 216 52 102 235 5 190 164 110 269 16 228 221 175 243 44 143 150 169 74 133 69 263 283 139 90 120 283 50 -4 245 265 91 5 70 52 17 249 283 102 176 264 158 252 217 210 236 171 28 185 215 49 89 150 159 126 222 184 67 73 -11 25 58 34 190 259 217 238 70 190 211 33 74 46 100 2 161 136 186 263 207 248 229 179 112 254 217 258 276 53 6 156 264 226 111 -7 202 -11 153 190 48 257 90 -1 226 235 201 96 249 222 49 14 86 68 222 164 32 115 190 178 25 -12 256 100 95 195 17 6 -13 241 72 242 57 163 275 -6 122 127 6 253 -7 88 252 196 211 41 160 165 -5 22 274 98 57 118 61 138 255 12 187 21 37 -3 179 82 115 101 -1 82 248 14 54 278 89 41 31 259 121 234 -1 201 127 283 32 42 160 107 86 89 26 144 182 59 44 274 181 128 92 126 29 245 158 64 274 113 114 111 200 165 123 253 188 56 106 93 140 215 19 219 259 110 245 113 129 87 196 96 135 130 274 77 146 
105 239 76 254 157 -6 140 104 53 259 136 263 275 258 34 247 -8 152 -6 -9 11 97 57 233 117 17 -13 24 160 159 209 1 101 39 191 169 70 203 33 206 176 232 128 155 61 25 104 241 102 76 104 -9 202 112 205 174 206 128 142 58 188 166 267 19 10 78 17 20 177 131 274 168 161 146 173 181 250 30 92 85 279 76 224 219 255 208 69 103 57 115 159 97 280 223 15 168 127 35 130 66 225 220 71 30 48 205 23 152 203 145 174 284 237 98 235 130 64 80 148 113 115 131 272 234 127 78 137 55 220 60 177 187 230 156 15 73 58 277 262 101 11 158 274 82 72 124 153 232 191 75 -4 71 170 61 186 113 86 -5 137 61 5 100 80 225 29 77 119 217 153 262 245 88 158 141 239 161 182 0 62 230 -9 23 151 250 60 188 40 237 168 18 70 273 75 136 221 74 92 238 184 21 44 228 133 92 156 246 102 16 221 140 86 48 45 199 206 165 264 227 180 35 121 107 81 188 233 42 193 190 250 7 259 89 80 139 154 121 182 9 120 45 49 18 116 33 164 99 73 173 243 -4 184 55 113 206 198 209 164 -1 256 50 92 100 119 163 263 127 140 36 135 178 227 221 100 248 113 262 20 63 284 270 100 106 70 107 213 107 237 13 127 247 274 -10 272 17 87 192 200 56 58 93 
184 189 51 59 228 69 9 62 113 183 122 91 283 204 124 90 116 50 102 251 262 63 178 101 5 210 110 167 279 55 14 235 15 23 6 148 192 225 240 58 272 31 -4 113 153 136 102 -6 210 260 248 249 17 253 105 67 32 39 117 -14 33 50 82 231 186 78 154 47 233 20 110 58 20 131 -6 55 13 145 198 264 48 207 49 236 57 90 27 162 91 88 260 117 5 3 39 204 145 99 184 -7 34 262 258 33 242 255 128 42 47 275 206 7 173 112 135 154 121 215 256 83 181 -15 111 177 251 272 1 7 166 183 132 229 223 223 30 107 17 187 62 205 115 234 60 215 61 180 55 115 225 31 68 53 127 175 94 50 204 283 16 12 223 109 258 40 176 203 172 133 17 200 148 153 190 63 194 42 113 162 140 142 34 105 46 182 151 116 52 -5 143 159 239 250 148 200 38 150 78 42 1 19 214 276 21 265 191 36 213 98 260 93 116 228 86 111 176 174 72 153 14 281 256 123 159 142 -1 2 3 22 224 240 5 28 237 17 238 262 111 258 60 247 226 91 121 141 272 12 44 90 130 111 1 215 12 -3 204 199 270 38 107 165 190 198 71 249 77 137 11 172 24 265 213 14 32 119 16 92 17 212 43 114 2 96 78 178 189 68 270 158 140 215 252 222 129 82 128 62 90 138 168 98 
216 198 -14 82 157 261 117 29 267 206 101 185 219 66 104 161 114 56 89 246 26 223 227 214 4 258 105 169 221 130 260 249 183 23 196 89 245 80 256 277 73 96 281 272 245 192 90 261 284 245 265 80 163 33 43 236 259 -12 200 201 149 279 189 8 131 42 199 228 100 122 53 268 168 109 253 262 168 193 27 214 85 187 269 67 155 133 266 257 115 70 149 72 42 -4 77 200 82 189 251 -11 55 82 115 273 127 178 51 236 209 75 36 131 104 66 10 140 -2 191 210 117 103 266 126 259 268 41 233 156 100 230 212 48 137 105 36 137 6 61 52 29 80 -11 217 -3 182 262 268 -13 149 227 112 167 199 170 137 161 88 257 153 281 -9 96 213 141 99 249 94 79 137 -13 196 106 223 235 158 103 229 191 91 155 -5 42 228 195 260 209 96 203 189 38 253 223 45 50 87 155 260 55 -11 96 -3 148 -2 183 140 197 134 -14 107 66 95 49 217 250 234 135 185 243 117 128 124 191 0 33 -7 158 238 210 -4 83 207 152 141 237 176 3 -6 7 143 49 20 265 171 260 -11 252 126 88 218 27 249 145 68 240 15 72 144 147 238 143 15 6 187 258 37 276 80 267 14 13 -5 241 50 1 240 209 81 60 219 101 116 87 183 245 261 22 242 175 221 9 163 254 150 78 220 26 98 22 235 162 
218 179 95 150 191 183 234 203 261 107 182 60 45 78 9 217 39 227 5 283 156 40 -8 94 132 36 19 250 111 232 265 173 188 17 63 39 83 154 181 211 252 3 3 257 -12 -12 85 69 99 224 256 179 225 64 142 76 249 37 216 23 112 125 66 35 4 156 138 276 240 189 149 120 277 110 -10 93 130 138 212 136 96 33 -9 120 121 5 197 135 254 180 195 252 182 -12 37 113 233 238 50 39 92 162 273 12 151 171 239 176 9 114 122 7 118 55 133 69 207 188 245 264 194 16 27 278 76 7 48 159 143 56 77 77 11 44 63 -8 19 77 129 221 104 233 119 197 210 208 155 231 32 -1 114 46 277 215 270 124 98 1 101 116 62 219 220 117 15 42 -7 22 -13 6 29 117 175 147 274 147 15 -10 -15 150 250 195 95 22 108 256 134 280 229 150 105 216 247 185 199 257 34 126 144 254 223 213 260 59 123 5 33 184 101 283 267 113 199 161 222 256 281 106 52 278 191 105 240 188 281 192 -14 33 175 199 131 199 153 270 27 252 163 189 106 229 37 253 68 145 23 251 61 171 259 211 272 95 259 248 17 212 276 63 76 230 223 129 76 190 35 33 -7 7 255 13 278 94 246 179 210 45 112 283 217 79 27 2 -3 111 78 226 122 195 204 1 46 264 209 184 97 151 120 106 5 241 
268 -9 33 246 248 120 195 222 72 239 230 50 35 55 253 113 242 184 9 198 238 60 -3 266 141 64 123 265 -11 41 26 145 153 33 26 242 -4 190 284 191 83 137 211 177 126 166 214 198 22 200 35 145 138 275 46 268 71 101 82 104 48 274 245 189 234 185 151 101 -3 48 89 241 135 23 274 179 73 212 45 170 234 251 92 111 94 230 200 216 232 128 38 197 267 121 134 110 252 257 134 160 59 170 210 0 34 47 201 30 174 147 26 3 171 181 111 64 -4 25 18 155 -1 171 27 200 78 150 153 122 222 -8 276 250 246 212 162 139 227 20 213 62 59 116 128 52 108 99 94 165 55 44 75 280 60 195 220 220 204 42 113 213 272 162 209 28 223 182 218 167 143 154 66 200 252 275 141 171 26 143 39 98 248 15 272 53 16 61 190 162 233 195 148 146 42 43 205 269 277 236 70 171 17 161 251 -12 99 261 171 129 -13 254 123 202 245 154 25 78 274 95 217 218 213 122 108 90 49 239 139 278 161 78 262 140 33 181 34 33 50 264 115 97 265 105 86 274 112 158 174 136 -10 -9 281 35 189 220 166 221 88 22 121 247 153 -3 158 109 119 126 177 128 45 -14 53 187 180 67 8 138 209 101 107 111 233 139 266 189 -4 63 214 122 136 264 -3 259 96 -9 42 83 248 36 217 24 
250 145 -11 57 90 107 104 136 -9 112 103 98 14 -3 191 209 202 249 27 -15 240 165 52 155 123 249 -15 209 203 283 194 34 -1 111 42 133 73 131 60 207 206 236 191 162 53 88 214 251 268 185 207 176 0 129 105 34 232 236 176 208 181 208 80 21 148 -1 54 115 180 170 62 177 234 227 24 114 187 0 161 226 249 162 268 164 56 89 182 -15 182 270 59 176 52 81 22 178 183 277 19 216 276 260 203 231 80 263 35 267 63 252 161 171 129 254 183 31 29 211 5 219 193 181 -2 148 238 71 33 153 54 224 50 16 36 33 110 8 111 230 15 244 1 266 81 245 52 284 176 97 182 261 7 9 45 284 8 33 167 283 166 17 168 6 183 274 12 52 217 77 23 2 275 210 173 93 91 133 227 156 55 90 -9 101 252 47 115 74 59 114 113 183 7 198 30 234 201 -14 36 16 54 257 272 266 42 133 -8 185 29 174 53 58 151 45 177 -3 244 84 243 97 273 84 262 105 112 186 39 4 182 94 53 86 27 97 111 57 133 192 249 -9 104 69 195 26 82 34 139 175 19 -4 59 116 59 38 214 16 179 54 223 60 16 207 282 91 210 100 -12 197 116 72 49 25 128 106 44 244 150 110 221 65 88 17 257 71 181 -15 75 147 134 73 34 95 216 180 156 191 12 -5 141 85 247 132 
38 4 117 164 284 48 244 129 144 94 228 200 92 22 19 269 67 28 178 33 25 83 182 171 253 46 12 166 140 237 201 237 243 72 155 248 231 55 40 254 106 218 256 196 17 177 240 109 221 22 183 82 7 149 234 116 96 249 164 -12 284 253 208 162 101 10 229 185 126 127 133 58 122 96 53 7 207 -8 169 234 14 225 253 29 184 33 43 124 50 154 282 229 65 113 146 88 94 -4 232 160 272 113 241 184 177 254 10 129 70 107 78 43 1 165 164 202 61 224 134 243 161 187 59 147 104 82 52 203 185 272 125 180 69 78 30 85 209 211 50 147 6 110 95 281 114 166 263 124 229 -8 -12 228 52 202 87 87 116 38 146 102 42 248 69 282 210 232 89 189 129 91 0 205 180 37 136 227 97 188 232 4 48 259 166 144 59 21 194 224 210 10 135 221 18 66 135 -14 182 105 262 195 194 215 57 270 247 209 1 206 175 155 89 213 171 -9 123 226 58 162 179 116 24 174 281 38 207 32 158 107 1 271 72 111 238 265 89 231 -5 124 41 249 179 91 -9 8 141 242 162 23 78 279 143 19 261 91 262 234 16 188 245 17 212 24 5 118 143 162 32 71 69 4 233 125 190 52 93 8 70 111 74 250 219 123 227 42 278 67 147 72 -6 169 273 278 86 207 127 240 201 90 25 63 
112 11 1 182 262 -9 -7 86 27 113 136 200 -5 242 37 253 32 28 188 45 139 215 22 207 91 40 91 72 79 266 114 2 160 -5 261 203 34 162 253 6 75 14 180 209 264 -12 149 243 8 112 193 196 190 94 240 151 23 199 5 51 -7 104 41 41 246 86 176 281 15 51 210 91 206 229 -10 280 97 273 281 29 86 9 153 203 68 274 146 208 71 35 229 88 67 118 191 -8 193 266 36 283 -1 276 100 54 176 218 134 98 43 145 215 214 4 222 81 54 36 191 65 70 254 -10 242 268 142 154 184 22 25 -6 243 250 120 87 131 262 202 161 203 282 93 184 173 163 264 271 10 211 34 77 254 18 17 148 145 83 129 26 171 55 91 50 226 -3 261 234 46 212 -9 18 274 29 119 34 277 263 -3 123 125 7 182 32 175 -8 203 275 127 232 24 177 250 277 134 257 61 113 111 31 259 -13 284 265 75 42 37 107 187 59 228 32 65 153 181 52 260 55 112 192 190 156 99 182 11 25 58 261 48 -6 144 -7 252 28 112 95 158 -2 108 43 1 187 108 97 -11 162 170 70 111 259 76 31 126 66 3 87 55 198 199 85 70 175 140 232 14 202 71 182 223 180 171 87 86 70 -15 34 240 161 73 144 198 86 -12 72 185 87 231 131 82 150 250 201 168 69 125 128 65 -2 17 247 193 281 
42 77 209 61 135 240 51 280 187 39 -1 65 267 116 197 146 -12 122 63 125 170 2 266 91 173 88 201 -4 35 199 178 233 250 187 111 131 163 261 106 223 223 180 120 159 61 41 180 112 -7 64 40 192 108 254 8 270 263 226 81 67 136 256 4 275 2 223 268 213 200 94 277 3 169 93 77 150 15 109 140 228 274 129 23 79 110 114 190 1 160 182 6 140 28 24 188 -12 50 55 23 -6 239 183 20 240 126 104 56 110 32 98 133 11 139 -11 93 169 18 250 32 25 66 130 44 198 180 85 -3 159 155 153 30 187 102 57 146 -7 73 36 76 72 12 102 73 253 5 112 166 234 268 115 69 257 67 211 235 254 155 177 153 249 92 -13 135 196 239 -10 152 -5 130 44 -8 124 16 264 190 185 3 167 62 76 254 275 26 118 127 -3 19 171 45 183 30 94 281 256 63 12 194 107 223 -11 202 18 165 41 99 139 70 112 242 220 173 81 38 112 111 168 49 225 75 142 103 66 22 0 151 28 138 119 105 149 124 124 32 245 259 64 245 237 147 249 40 4 222 -3 140 92 156 210 253 133 117 183 275 144 143 122 44 203 -12 -6 42 207 218 187 144 145 6 148 67 81 114 113 195 20 206 25 38 97 176 221 235 222 263 229 208 280 -7 114 283 77 277 69 233 84 244 43 42 2 241 182 
4 107 146 167 251 130 93 228 178 154 141 184 204 29 34 177 235 254 94 9 29 82 72 0 0 102 97 28 271 268 138 70 56 203 209 80 26 164 151 224 196 42 173 256 111 184 -14 114 90 226 16 10 60 246 78 97 29 196 62 21 258 91 39 111 55 105 -15 -8 54 184 184 186 226 -9 49 68 88 57 114 185 100 40 89 30 131 165 167 35 167 54 7 7 172 55 221 129 226 65 175 254 79 84 35 48 -6 76 29 93 243 111 115 221 154 56 -9 56 274 231 19 72 123 208 120 277 128 109 167 169 52 251 39 -14 187 59 149 234 255 -11 -3 211 265 10 190 151 66 19 186 249 34 172 10 128 64 42 144 232 150 163 263 235 281 11 249 158 280 201 274 23 262 238 252 173 118 49 73 54 18 147 96 109 266 213 159 112 -10 -12 173 43 278 230 196 222 158 14 37 135 69 266 62 88 189 279 51 108 244 258 237 39 214 85 60 111 3 144 52 124 157 94 221 95 93 191 89 247 150 270 250 100 143 245 133 189 47 152 34 83 165 232 -7 202 21 254 1 235 23 255 143 155 122 24 25 140 90 52 39 153 258 245 25 103 1 260 178 113 233 277 97 107 248 -5 87 162 3 156 232 74 184 100 261 50 132 190 37 141 73 59 74 73 272 149 182 204 59 203 27 100 13 227 88 263 
238 107 33 100 216 113 185 224 154 169 97 185 64 20 264 234 27 118 29 31 282 112 129 104 137 256 106 256 242 252 271 72 -11 260 84 115 113 127 212 88 11 80 121 50 156 59 136 129 211 239 42 106 4 176 30 179 140 240 52 98 40 153 69 233 235 43 96 36 272 284 16 211 181 19 199 136 142 165 231 43 233 257 151 271 48 167 96 240 179 7 32 281 256 151 155 51 224 110 -7 278 72 215 155 245 231 105 104 17 282 280 182 235 277 148 69 253 -12 28 96 79 247 41 256 106 29 40 89 202 243 250 202 250 246 203 275 217 278 -14 276 130 66 26 145 202 40 111 272 273 223 246 187 126 146 259 98 204 63 174 283 5 228 284 88 248 192 14 237 191 277 146 227 230 144 213 24 151 162 188 212 6 182 163 270 283 258 75 272 29 23 180 172 -11 159 130 255 -5 37 -5 261 76 268 133 205 34 96 227 246 128 261 178 8 221 188 234 244 94 175 71 260 157 236 105 74 117 61 274 203 36 2 42 14 20 63 59 -7 213 260 206 156 121 235 281 82 241 193 95 120 12 267 257 146 157 154 11 63 34 69 98 276 274 70 199 222 178 91 204 44 200 6 269 223 224 91 265 -8 183 9 198 -3 60 216 283 -12 21 30 77 196 183 131 152 150 138 181 126 127 279 155 280 18 14 
197 220 128 138 17 163 267 151 45 147 64 107 17 224 44 164 138 127 85 157 240 19 4 11 243 135 126 58 172 31 107 32 126 175 246 273 110 37 139 140 36 159 25 125 175 23 276 227 85 105 98 252 130 10 223 34 257 250 267 160 100 133 107 58 144 234 68 77 181 284 243 175 247 132 40 93 105 190 14 273 136 35 50 267 20 7 -9 75 82 180 153 37 81 95 85 115 231 113 5 110 183 269 85 -5 268 115 -12 68 235 132 227 123 189 157 282 51 235 221 168 221 175 79 106 144 -1 55 179 187 131 44 122 67 246 218 271 173 -11 141 235 277 138 257 218 157 231 259 50 251 113 -4 210 220 86 253 136 249 13 23 -9 84 213 39 271 20 152 256 46 164 -10 88 99 57 232 37 97 142 14 181 266 228 69 208 280 109 197 224 4 158 231 201 66 200 212 94 188 214 53 280 -10 53 13 -15 -15 184 248 176 174 38 119 75 -6 181 100 33 79 252 12 61 90 184 137 63 115 59 -15 122 133 137 183 245 -14 279 264 145 17 241 255 46 94 230 85 78 118 115 176 179 208 264 201 117 166 14 227 243 56 238 254 181 181 280 20 274 192 208 43 59 175 52 275 115 277 258 281 8 41 245 84 118 104 90 262 127 216 210 210 211 171 140 37 16 129 12 255 -7 26 225 76 170 22 118 
3 52 175 153 5 231 20 224 249 91 178 30 150 206 283 240 138 202 49 194 10 284 162 140 221 189 217 244 53 104 43 143 215 -9 43 4 247 97 167 216 13 232 73 207 22 156 160 181 241 116 150 216 79 259 181 281 165 114 129 1 258 0 74 206 164 197 43 159 231 172 110 120 27 82 236 37 57 156 163 48 61 117 266 213 14 131 45 154 243 224 94 23 69 214 107 28 113 203 169 -15 199 102 164 49 155 142 188 57 131 138 124 167 53 5 -3 86 207 139 229 60 192 135 47 159 92 186 86 169 138 7 22 78 133 -15 203 150 238 178 213 163 281 114 262 199 146 76 142 90 184 234 260 267 90 67 62 -15 230 268 206 132 128 271 238 123 268 132 77 116 227 60 171 210 73 80 -13 187 50 126 138 238 195 190 191 218 132 68 113 32 112 196 85 57 14 157 252 228 237 103 -1 178 22 -13 153 207 70 44 89 40 56 215 61 134 155 90 122 34 251 -14 245 56 28 222 25 161 140 227 278 24 199 109 -3 73 264 54 225 121 89 202 249 213 193 107 219 173 237 2 9 6 197 205 242 102 132 282 215 68 227 240 158 4 146 8 119 49 39 -5 53 45 16 94 167 264 7 158 -8 139 212 210 127 135 129 269 187 10 204 256 167 241 242 56 173 279 259 75 200 -7 282 173 206 195 
262 145 27 129 -15 197 231 77 176 178 38 60 19 27 2 71 87 213 272 253 129 99 275 22 16 134 261 130 166 180 24 242 267 161 168 149 263 178 221 251 -11 22 -12 194 48 53 177 6 17 163 84 147 176 -7 20 261 191 90 178 -5 181 280 250 50 232 31 51 208 218 91 187 52 272 238 14 29 43 193 209 123 158 239 101 276 88 226 163 47 120 197 79 265 26 197 130 276 284 160 153 225 141 226 50 61 72 106 268 224 176 21 126 253 139 -14 80 167 240 186 233 124 198 260 276 -13 46 191 78 228 83 266 271 101 164 37 77 217 234 187 -7 247 132 47 64 188 279 130 29 53 125 29 127 93 81 163 105 86 96 186 115 277 146 55 160 3 204 42 231 149 28 191 283 79 170 278 158 9 62 117 275 78 110 271 10 210 89 143 217 157 144 206 29 48 -12 74 55 12 248 263 215 209 156 211 148 36 198 85 81 220 33 138 268 53 143 0 121 158 103 282 -11 105 134 172 44 25 49 226 47 11 68 15 198 40 210 188 93 74 101 142 213 16 -6 68 6 235 80 233 67 210 230 282 113 210 191 6 55 215 166 225 113 193 176 50 -8 78 280 180 234 59 105 252 130 218 184 97 246 -13 26 284 55 25 42 221 101 255 182 -7 260 14 170 38 153 -6 -3 116 173 13 252 261 147 266 
89 251 184 133 28 232 -8 114 60 170 266 260 36 233 -12 169 155 190 61 47 53 177 183 85 171 61 20 -6 102 118 123 5 134 7 127 230 16 261 40 91 210 172 48 59 171 229 92 283 -1 43 227 26 103 6 239 247 276 133 -13 28 72 254 107 96 206 156 146 268 235 120 169 71 113 68 -11 121 103 104 119 38 53 138 133 86 237 169 76 103 6 176 60 76 -4 191 268 5 12 30 102 160 130 29 113 146 116 272 77 139 112 272 194 217 61 25 57 256 230 94 207 282 200 270 228 229 205 196 56 129 41 193 223 146 108 56 58 115 147 95 203 -4 11 256 -3 73 152 218 177 251 155 189 60 219 38 91 -13 261 156 -11 143 278 87 13 109 -11 273 253 9 251 179 244 28 165 72 0 128 106 -7 32 47 48 10 14 119 27 -15 83 265 208 36 134 255 36 196 51 191 110 221 153 193 69 159 165 152 109 193 60 34 115 168 179 281 47 94 178 84 153 276 55 229 232 125 115 202 127 88 269 179 84 145 170 56 89 283 165 275 17 204 212 124 113 37 203 239 35 124 167 246 126 196 77 248 246 99 28 117 246 261 -3 175 116 232 269 96 241 191 216 137 132 228 244 254 283 137 184 47 60 90 122 47 110 107 227 62 -8 95 89 84 233 61 25 228 97 230 31 99 227 100 158 10 127 
249 92 136 218 119 262 168 228 167 32 213 276 215 107 147 234 80 159 275 101 76 183 250 208 48 82 3 155 173 163 137 58 180 113 34 49 76 281 97 96 63 31 129 41 71 23 283 128 278 216 146 34 36 193 125 193 93 136 232 278 115 135 67 144 228 141 232 -15 47 49 107 155 15 173 194 -12 240 78 182 85 146 253 140 127 -9 181 240 179 61 51 32 52 81 174 84 158 -2 93 133 37 184 238 102 210 118 193 230 82 61 39 31 41 199 15 123 281 61 234 84 22 217 205 1 276 231 153 8 199 248 6 -6 -6 247 188 189 264 232 138 279 90 186 76 19 57 50 -8 209 35 80 75 154 168 112 -11 189 123 141 234 26 -12 276 226 227 252 177 36 14 71 241 178 135 89 248 156 170 17 69 158 70 206 162 158 207 186 234 7 266 204 32 54 68 172 166 187 92 110 161 220 159 15 162 260 276 27 86 143 112 -4 258 3 96 49 230 202 182 35 -9 219 225 8 167 210 128 188 64 136 40 281 159 274 173 101 170 112 138 63 156 69 208 59 80 165 230 261 21 27 178 201 260 93 173 94 22 32 39 264 116 168 109 80 80 100 12 225 2 250 175 94 86 230 196 161 224 199 -1 114 214 249 34 -12 208 253 76 131 18 18 136 83 25 -3 -15 32 11 32 232 38 125 166 25 159 
257 190 274 151 9 272 220 183 101 152 27 65 64 -1 216 163 154 163 61 122 92 82 113 0 248 36 229 53 63 140 250 103 220 77 -13 164 115 74 229 221 218 184 201 188 119 183 162 269 38 126 -15 244 108 35 153 225 68 278 162 169 208 96 160 213 144 119 11 229 183 136 282 -13 14 -6 40 32 225 141 6 73 194 37 255 42 -3 12 221 219 58 53 136 247 241 78 124 282 35 141 25 198 216 74 218 82 248 228 160 105 230 121 188 108 155 219 252 -5 7 57 152 101 114 25 51 67 273 143 25 178 -13 133 79 114 10 224 35 9 156 231 248 101 211 55 172 178 233 264 228 108 -13 158 35 231 148 -11 147 268 113 29 205 76 164 256 259 242 93 130 279 153 191 116 265 269 103 160 273 27 182 96 202 208 40 -13 210 79 281 239 268 182 259 -7 54 24 212 131 54 205 186 124 19 102 276 257 103 20 138 62 92 73 36 271 236 16 35 168 205 18 280 102 25 31 241 72 117 79 153 212 124 120 168 19 75 215 51 0 -6 220 109 43 -15 147 210 177 252 208 135 69 168 67 122 71 135 156 251 120 194 237 91 157 65 90 51 209 222 96 33 83 238 225 239 161 260 111 225 66 51 83 64 243 267 112 30 68 182 264 39 7 269 37 36 49 208 112 240 203 54 122 85 284 138 116 
108 162 45 109 51 126 265 266 6 92 253 185 136 282 90 276 119 47 45 256 182 275 55 237 234 230 217 145 143 206 36 165 29 5 -13 23 34 141 66 72 210 166 103 123 220 5 15 79 166 78 148 246 29 153 44 178 62 228 44 188 228 221 106 167 173 29 156 38 166 64 -10 74 251 231 141 274 107 157 153 279 85 15 88 266 223 66 84 99 210 191 223 284 35 201 129 207 40 28 270 189 250 41 216 -1 165 137 15 53 196 259 167 272 171 154 230 216 26 130 219 95 100 189 194 173 204 213 20 96 95 105 137 9 66 21 189 136 -15 178 224 221 167 161 -6 152 184 243 -10 237 173 193 28 279 7 280 248 -2 -13 195 201 235 224 116 51 245 174 121 -7 229 202 104 254 277 181 117 102 92 113 246 139 109 13 135 33 190 40 67 166 115 249 46 26 248 82 65 159 79 279 51 80 77 36 42 179 98 237 41 235 -2 104 139 -1 55 136 168 84 93 234 202 281 153 97 135 120 250 146 104 260 271 59 -7 137 108 39 36 -12 263 51 19 0 198 4 18 148 104 185 4 6 8 185 120 43 212 252 192 179 45 226 69 107 254 181 22 58 4 188 277 97 161 148 98 179 176 182 -9 247 -9 5 55 59 146 250 75 56 167 44 282 35 66 -11 176 140 68 110 82 169 2 86 179 2 156 
99 126 22 138 40 -14 248 129 226 262 106 175 83 98 250 203 284 133 256 65 -1 162 219 60 0 148 171 237 2 229 22 183 284 146 282 119 105 107 150 66 19 267 81 188 267 205 67 144 225 78 45 53 217 237 87 151 210 162 64 -5 131 203 -6 186 199 72 115 41 165 47 179 229 168 211 186 169 39 260 104 -15 233 43 79 31 162 134 246 36 81 -1 52 52 161 122 278 119 13 283 12 185 141 108 141 182 234 35 94 157 109 112 281 98 19 154 134 258 183 102 246 252 196 195 242 81 144 56 218 103 277 87 139 54 44 48 233 99 24 241 281 17 104 -13 102 196 103 237 258 219 254 99 260 75 119 90 280 206 -7 -6 78 273 252 92 126 108 114 1 235 225 -10 3 159 104 152 98 -9 67 122 18 103 -14 117 139 112 56 154 188 12 210 283 4 142 235 277 106 42 237 220 21 83 83 261 24 175 163 10 274 23 134 150 -13 220 122 68 148 246 183 22 126 255 2 182 139 45 1 68 38 227 247 225 74 197 166 244 3 219 266 193 53 132 66 146 234 167 116 69 136 61 57 86 102 228 213 -13 -3 180 28 121 58 121 138 221 278 252 177 59 178 273 36 245 64 132 138 11 46 70 179 42 94 274 118 87 185 257 32 -11 64 223 276 77 3 267 35 161 200 109 258 102 148 266 25 
239 212 159 131 23 11 126 116 38 94 189 9 11 244 132 38 176 70 170 248 -13 178 51 254 60 20 16 193 118 145 58 243 242 56 139 268 173 149 134 18 270 259 30 187 124 273 150 36 97 61 104 153 247 85 55 130 94 202 105 172 -10 201 80 -13 250 231 247 114 198 212 32 170 209 263 41 244 134 205 211 186 59 36 -5 274 166 26 32 227 -1 226 63 -8 219 12 166 48 188 159 78 237 177 216 122 79 -9 157 117 214 159 5 283 171 202 238 197 236 63 167 5 267 176 20 132 159 12 42 186 203 71 211 149 148 234 113 82 278 212 113 12 8 269 132 6 99 91 229 255 270 234 42 40 91 216 260 270 -15 93 51 149 59 47 239 28 268 141 283 90 223 197 248 124 140 140 81 -13 107 185 220 129 249 24 114 227 202 144 174 22 58 126 199 63 242 193 175 203 152 111 142 94 25 97 196 178 3 158 214 140 115 108 67 3 -15 184 114 71 158 75 270 124 168 256 283 275 4 75 71 117 237 71 203 180 -11 129 206 150 224 157 254 211 71 176 114 108 197 214 40 140 39 -15 72 160 254 138 89 235 223 160 59 232 94 225 244 102 242 231 278 103 144 216 161 84 277 34 49 137 113 123 -13 6 254 50 221 101 54 72 78 97 96 237 187 262 272 222 78 218 69 177 193 151 38 
256 91 149 100 57 212 -6 35 233 247 181 -1 103 3 8 -15 239 239 182 81 164 283 40 -10 189 14 22 213 131 81 164 163 280 232 97 254 210 123 243 36 111 80 140 161 107 192 126 102 58 126 250 226 120 63 -10 182 -2 62 210 207 251 20 -5 74 132 40 219 52 123 255 64 135 166 46 137 253 118 206 185 170 233 229 129 103 117 19 283 245 166 -4 20 75 27 204 88 208 136 203 248 225 123 258 225 218 256 69 -14 142 257 283 237 192 245 167 -14 7 124 96 117 25 188 191 51 128 75 11 102 273 61 105 52 265 159 233 177 85 212 105 212 121 135 137 220 113 81 123 155 -10 144 220 234 274 68 18 246 106 37 -1 155 216 154 198 31 254 45 101 61 105 182 211 138 141 28 206 -8 184 113 219 174 -3 1 33 171 47 195 83 114 38 155 278 177 226 271 135 160 -2 92 24 173 26 223 105 194 75 4 269 198 66 254 102 184 28 88 57 112 277 128 257 267 76 160 203 257 198 -15 62 49 125 200 220 257 163 202 44 110 123 264 226 166 191 -5 188 64 274 220 66 233 172 207 76 157 31 149 82 271 105 207 -4 244 256 102 152 280 77 99 113 55 104 200 125 116 234 208 93 -4 152 277 182 157 243 120 76 67 236 145 167 143 22 66 -14 26 66 124 31 96 3 171 194 197 98 
30 26 16 275 173 -3 62 33 232 243 33 110 64 89 254 83 100 230 20 102 164 43 283 160 89 55 175 146 89 41 280 11 272 109 57 36 183 112 184 182 120 68 126 2 278 183 279 219 127 191 4 205 183 46 102 230 110 267 178 89 33 269 280 32 169 34 248 46 177 82 184 18 137 -7 186 87 119 90 0 216 264 118 213 226 50 73 209 255 233 27 17 121 -4 257 8 16 93 277 85 276 72 87 22 -14 176 134 53 8 282 175 217 140 17 -5 120 109 270 67 98 244 61 111 156 238 13 223 217 237 277 98 120 168 58 68 164 122 55 127 53 114 211 68 0 108 250 22 116 0 94 71 70 260 163 243 246 7 68 210 227 -9 116 37 53 6 277 199 9 -15 57 152 64 229 158 62 51 66 254 248 83 20 182 259 -11 124 134 -5 28 108 54 198 258 239 -1 251 39 151 13 89 224 24 87 141 83 115 92 -10 148 150 81 103 219 32 175 138 263 216 262 259 190 127 273 63 106 225 144 210 256 99 160 211 18 278 119 106 194 147 256 206 65 184 215 0 242 270 -13 80 31 3 -1 71 280 185 80 217 98 188 197 271 230 157 24 235 31 148 284 179 37 35 270 8 83 251 33 36 90 78 85 257 70 45 226 251 126 185 96 0 99 221 98 203 110 138 57 235 111 153 42 136 36 100 
3 18 221 191 270 222 255 173 238 41 228 128 182 36 148 197 199 120 81 211 149 125 132 -3 221 246 37 174 282 106 198 233 198 -6 133 201 62 49 215 147 168 65 121 89 235 144 145 137 104 117 112 267 148 72 115 95 226 103 230 78 19 63 157 103 279 159 273 137 234 195 269 63 170 199 5 263 -14 109 46 258 171 231 204 88 119 26 268 267 56 140 211 -6 -3 133 95 217 246 101 102 278 76 119 232 61 120 76 0 203 122 113 -9 56 245 -1 232 99 148 222 220 222 241 160 138 106 125 122 148 192 280 39 252 225 107 124 9 155 103 97 101 124 99 54 44 98 173 91 46 16 117 172 149 112 91 259 171 121 34 -12 174 115 73 -5 87 205 168 104 192 131 218 160 169 60 66 14 -12 129 187 177 -4 74 201 175 23 124 225 237 144 172 20 202 48 151 55 20 142 135 169 194 56 249 173 -5 104 7 30 255 93 64 196 23 203 5 205 109 -4 59 108 22 187 214 8 251 33 36 212 266 259 190 177 50 99 246 89 232 10 250 131 24 113 196 83 99 91 63 160 105 6 120 50 78 173 28 81 5 210 181 231 181 44 3 189 172 71 261 265 201 -9 -3 166 13 125 20 280 167 187 21 162 104 83 -12 206 1 111 186 87 51 283 107 252 282 210 162 196 48 73 212 77 160 54 147 
198 65 -7 145 64 -3 121 218 263 68 137 114 141 183 6 279 34 253 208 269 256 215 173 178 50 79 197 156 282 7 112 157 247 174 229 247 254 248 227 76 116 70 169 59 1 -15 209 159 91 131 124 68 34 261 16 192 131 211 51 55 111 -3 281 206 97 247 68 49 282 220 174 111 64 234 62 58 205 -3 234 239 189 49 29 179 91 201 29 195 148 213 231 149 244 90 145 67 -7 108 267 75 225 105 270 64 79 137 226 152 -11 244 103 183 189 123 169 183 209 9 102 140 240 97 152 249 1 142 92 168 242 30 34 95 270 167 154 31 198 197 215 157 -2 183 202 214 274 181 145 199 150 130 196 170 203 228 15 108 151 41 45 228 113 131 261 250 117 62 176 -1 248 219 110 128 87 268 -8 81 -4 103 13 125 18 209 243 282 198 216 244 18 141 211 66 255 232 284 264 191 178 118 82 81 53 -8 11 130 -8 21 268 255 63 -14 12 162 95 85 174 36 12 259 247 114 160 4 117 218 93 73 211 172 174 259 193 144 266 282 66 98 26 261 164 65 116 4 104 20 179 65 263 43 29 264 284 36 275 140 67 141 180 103 153 157 140 141 229 249 266 43 114 113 80 107 146 231 118 250 35 219 41 123 180 275 126 190 102 34 202 103 152 171 207 20 -1 51 88 120 182 211 29 174 181 59 
22 145 219 96 165 133 38 114 234 30 170 -2 242 147 71 -7 165 146 143 49 216 194 209 66 75 217 15 39 -8 223 9 195 132 90 127 28 214 11 201 38 17 190 13 125 109 158 277 247 133 115 153 103 11 171 -5 53 268 18 157 97 150 89 263 53 271 58 78 85 148 122 196 31 234 207 157 171 191 95 161 32 253 96 227 252 222 17 224 173 48 276 177 40 31 54 127 142 274 197 156 48 79 57 150 72 2 181 189 234 145 46 82 24 253 -1 147 8 75 243 150 225 105 44 212 181 223 13 236 10 158 87 8 -8 280 183 8 13 251 148 -1 238 222 83 122 142 70 274 65 72 194 144 243 250 277 205 37 123 207 10 116 112 146 8 -9 111 254 90 171 219 92 40 277 0 235 58 79 178 51 63 271 136 25 66 164 63 75 106 -5 59 126 73 209 109 178 272 161 193 197 45 21 122 242 189 120 -8 -9 39 74 97 56 180 123 83 146 268 57 253 228 97 265 140 121 79 176 104 170 255 246 151 233 232 66 33 267 127 192 209 126 10 179 75 126 268 183 154 64 26 222 148 171 25 32 275 123 118 269 210 15 34 274 185 183 219 264 233 142 18 160 239 4 171 254 23 275 167 81 276 144 264 242 187 120 70 116 263 128 199 255 43 220 83 12 154 94 186 193 13 255 223 266 260 
118 38 110 230 266 20 254 106 280 22 22 110 268 143 205 261 224 178 -8 126 233 11 130 274 175 201 218 106 207 136 148 173 -13 176 181 91 104 33 237 23 -1 56 -10 7 86 122 27 249 264 128 254 159 51 223 134 55 29 140 191 80 173 19 251 105 27 95 85 211 7 113 140 261 182 70 254 231 -10 50 209 30 259 103 202 151 81 157 133 26 88 136 148 150 141 230 23 70 147 261 159 30 2 132 273 13 211 -15 178 85 276 235 85 133 149 105 120 78 39 187 138 42 180 31 213 133 280 127 179 208 86 248 63 99 134 159 49 197 157 3 182 7 181 254 89 9 239 88 40 264 258 280 -1 281 226 254 65 124 201 269 209 252 276 -14 241 242 149 128 52 121 -8 109 133 145 224 177 194 203 256 186 -14 167 241 271 202 215 209 46 266 24 92 143 35 222 178 150 256 -8 250 144 170 48 245 204 56 152 166 109 207 46 -8 282 29 226 176 30 200 1 273 33 234 272 22 239 250 97 215 63 61 21 106 207 -10 135 7 170 -5 124 13 158 142 263 68 176 166 215 228 124 85 27 191 189 269 253 169 176 150 146 3 235 160 108 7 50 274 -7 166 273 246 28 119 193 77 202 198 47 209 82 4 117 153 164 98 168 133 -14 92 110 203 228 55 -15 109 274 148 103 184 95 271 160 -8 277 
280 180 65 2 125 197 194 -12 192 41 100 81 154 212 165 72 260 189 277 96 209 21 220 246 141 232 153 233 29 226 103 118 34 25 -6 92 18 201 205 129 188 192 193 197 284 108 28 111 251 101 143 90 236 95 20 225 271 99 217 158 112 185 33 144 3 126 120 191 211 123 17 176 237 202 237 61 39 255 171 282 92 126 146 141 129 11 95 255 5 234 179 47 153 196 159 150 19 249 70 76 131 39 123 110 26 -5 172 108 167 43 -2 38 20 248 262 5 182 253 79 183 219 63 117 131 146 171 209 145 188 25 142 150 267 10 203 14 256 235 142 203 240 71 229 202 13 47 275 95 14 89 -3 166 101 248 241 235 46 266 67 241 200 153 2 2 65 10 189 253 169 215 127 62 31 255 239 243 1 104 268 183 237 204 125 135 152 280 0 170 70 225 32 189 250 127 219 283 75 164 33 191 187 157 242 28 235 263 26 32 120 197 163 28 28 92 90 263 84 283 246 9 96 36 193 117 251 178 201 -2 201 76 142 71 146 155 208 134 113 7 0 186 152 140 -14 115 -10 38 142 -7 115 249 99 247 131 39 126 95 90 -2 255 279 109 139 74 174 88 263 114 3 216 51 266 224 91 239 162 -13 -12 203 83 278 19 66 82 169 275 122 191 128 -1 115 63 145 -3 155 139 91 239 271 85 216 
28 276 144 43 109 72 23 145 248 101 134 277 103 254 24 -13 93 89 168 3 90 53 39 9 221 10 138 118 267 65 184 180 25 108 173 79 256 281 237 109 260 258 3 59 227 137 258 64 140 125 -7 138 152 36 68 38 67 74 54 193 182 167 210 -12 80 24 83 175 194 72 39 162 272 252 153 164 92 231 146 261 205 164 17 33 220 157 6 -7 281 65 261 26 110 227 30 195 224 185 84 48 -5 220 138 209 226 209 198 7 245 157 60 125 30 -9 149 193 171 34 145 58 7 50 45 169 54 -1 17 11 253 65 13 157 277 60 42 277 132 236 204 145 11 97 74 161 161 207 249 162 127 124 12 103 211 176 255 51 227 30 79 101 56 122 122 167 70 -2 199 -13 21 57 260 105 24 200 230 164 266 59 129 91 26 180 173 31 127 45 219 268 256 204 260 127 48 126 151 50 81 237 157 146 222 211 106 92 202 251 41 191 211 142 56 73 148 188 194 260 46 168 89 263 141 69 208 201 245 203 91 85 163 45 36 159 226 120 102 249 69 160 123 150 54 206 116 43 215 266 80 271 25 141 201 48 267 105 6 230 252 188 92 260 211 -10 91 113 149 155 95 197 -5 77 28 276 50 78 15 42 65 96 39 267 75 144 10 149 24 224 243 179 36 201 48 204 1 72 183 193 239 168 119 192 
262 112 180 262 84 101 178 49 178 64 46 209 176 137 29 223 118 138 75 0 229 277 148 17 253 256 104 203 5 228 224 101 266 111 34 223 63 237 217 189 12 148 50 180 32 -4 218 145 1 260 62 204 55 2 95 242 164 140 122 274 246 153 87 196 209 249 55 31 27 -7 200 90 205 198 0 89 244 46 161 189 96 228 68 227 235 75 51 96 145 53 137 91 163 240 263 227 109 270 40 120 177 129 174 55 140 93 250 36 139 61 -6 39 11 -13 92 162 80 144 -10 234 216 191 20 33 178 73 102 247 161 45 122 8 39 217 180 260 242 277 188 176 241 198 172 220 94 278 203 225 235 141 113 189 210 251 80 101 113 -15 266 51 170 52 208 7 272 114 142 59 282 162 8 189 267 230 205 200 110 71 209 155 3 147 136 265 138 123 161 254 152 18 9 9 187 62 105 254 93 122 72 241 144 256 173 180 -4 75 219 82 30 8 150 185 116 156 -1 173 152 169 11 209 133 38 101 229 8 179 56 41 248 162 234 41 56 103 14 77 269 7 131 115 6 91 174 2 266 81 58 2 189 111 46 106 98 -13 134 64 73 240 142 119 44 138 244 265 223 275 132 -1 52 8 109 50 167 58 129 87 210 283 156 175 92 143 -15 140 179 27 22 170 35 15 279 29 217 35 173 257 128 148 35 55 
179 116 40 220 56 276 66 240 231 68 91 128 185 52 122 235 202 232 160 146 257 5 123 102 164 51 278 242 36 127 62 13 73 78 65 188 189 148 106 124 105 -3 113 3 169 94 147 236 225 -4 199 -4 112 278 93 127 244 72 3 180 117 114 -5 228 55 61 113 235 130 108 109 20 273 43 59 82 155 189 257 179 95 -10 276 102 254 267 187 15 77 60 244 106 57 114 144 48 72 15 130 241 -8 19 235 139 134 -3 16 85 135 56 19 223 161 38 83 249 49 170 263 7 44 265 116 -3 88 232 262 146 232 35 248 65 190 281 247 177 52 262 -2 177 77 49 135 53 262 44 163 100 37 85 -10 127 -12 182 25 68 48 98 237 186 108 201 157 136 93 -10 183 160 116 260 131 162 130 252 143 9 98 128 46 221 240 206 236 126 145 122 189 80 259 250 93 119 30 141 95 261 40 210 9 166 13 -6 32 151 117 179 88 158 266 162 82 -12 156 -1 272 248 283 15 221 60 185 151 -10 90 260 -1 24 -15 155 101 102 31 219 216 237 128 275 47 246 52 156 262 208 218 196 23 176 59 263 168 81 85 164 100 223 -2 86 135 222 195 170 192 238 152 278 94 266 87 118 104 33 9 -10 -4 12 167 149 37 158 280 173 109 185 63 22 -5 229 4 -9 226 254 16 162 73 29 13 127 143 162 26 
109 30 201 194 148 48 70 -2 214 135 199 194 95 278 0 17 254 199 208 256 87 258 139 51 86 37 26 189 229 198 155 253 13 138 137 273 37 51 146 116 267 208 251 103 43 199 215 239 105 140 168 193 46 108 219 41 10 177 182 248 9 72 191 49 284 170 34 -6 261 15 187 100 201 180 101 203 188 76 106 199 62 178 185 211 137 265 116 102 47 179 -15 48 -10 194 171 201 13 272 84 169 152 74 230 71 47 171 207 147 166 165 33 270 125 173 170 67 255 231 211 57 284 201 95 166 284 212 83 238 272 86 219 29 171 138 195 185 153 5 231 11 6 271 76 103 38 85 240 37 156 28 100 67 157 129 176 245 235 18 234 132 214 -14 139 62 37 37 90 45 107 2 2 62 99 44 103 252 190 70 280 124 261 190 271 39 279 117 123 143 84 -7 -14 122 29 114 115 185 134 45 79 191 46 146 220 25 98 185 1 149 16 84 211 21 181 203 -9 82 241 184 174 116 162 227 -15 129 -4 8 53 70 107 56 141 272 217 58 57 279 113 15 211 -1 61 19 260 144 260 134 254 283 211 13 99 273 197 62 164 176 160 107 263 44 126 245 210 244 176 220 117 33 90 -4 225 246 215 128 22 268 199 130 270 167 6 -10 107 82 78 20 243 -4 55 215 226 260 62 267 208 2 96 17 211 146 
133 46 -9 141 212 -3 224 21 197 25 104 2 181 162 242 266 56 79 30 93 252 236 21 93 240 64 108 283 -12 162 84 75 68 228 240 213 100 12 271 96 246 98 4 227 40 77 219 10 243 89 116 282 4 202 206 80 18 23 37 99 112 237 120 95 -7 153 -6 193 201 191 167 137 34 245 141 91 199 283 -12 217 12 256 283 183 242 217 -1 76 247 148 241 201 173 188 171 8 27 87 23 122 121 152 284 279 10 46 41 213 51 92 203 20 133 235 125 189 74 213 161 266 208 -9 122 13 54 193 -7 239 -13 237 -12 183 272 209 133 251 17 -7 10 226 67 116 21 270 69 158 199 4 152 222 20 86 240 -12 197 236 79 98 9 238 148 99 265 -3 180 180 196 204 128 262 145 29 164 100 70 280 9 45 208 35 177 76 76 267 147 124 74 10 221 146 248 245 250 13 90 228 115 144 187 279 273 181 98 103 0 50 145 18 75 -4 178 167 -12 104 161 30 125 229 213 214 31 13 110 24 193 139 110 211 60 213 95 208 218 223 169 64 249 143 180 243 14 191 219 155 41 36 282 150 135 188 58 5 101 171 263 -7 174 281 66 122 208 -1 208 282 51 242 213 135 263 -12 77 272 35 30 232 64 169 265 12 232 -4 198 40 142 140 195 243 235 180 63 182 283 30 114 185 113 87 79 107 84 
200 55 109 212 108 125 165 266 15 152 96 99 -12 137 80 30 130 159 157 216 264 157 170 147 174 166 56 107 242 255 279 248 102 18 220 160 232 240 26 240 235 191 47 136 224 102 282 212 33 167 19 196 37 115 -6 53 105 -1 187 189 20 140 45 111 121 247 54 103 0 -13 35 171 262 272 52 115 7 38 238 137 193 121 139 193 75 142 170 235 257 185 279 182 26 20 105 24 151 180 126 -10 234 191 171 18 239 218 -7 -1 69 172 92 -3 125 258 270 180 78 152 101 9 184 100 4 191 -14 162 47 48 134 184 122 -11 17 62 232 117 258 20 232 12 239 211 143 155 193 14 163 124 179 182 180 -4 82 80 138 -13 131 81 146 155 257 126 -4 227 93 258 100 10 20 100 159 164 272 149 140 220 205 -11 76 178 1 49 15 -8 122 166 92 224 42 247 195 284 17 276 141 152 3 53 280 211 4 77 203 92 152 57 55 203 14 216 3 257 132 16 38 196 56 -8 248 18 37 7 142 219 153 265 117 277 278 5 191 208 66 39 0 123 23 59 112 125 19 -7 38 95 53 30 128 120 48 195 -12 274 155 -11 255 217 -11 57 55 -2 82 217 215 166 242 202 249 7 94 127 255 245 228 18 215 -12 207 189 159 282 7 176 101 56 105 41 154 146 54 16 89 170 172 244 110 189 81 186 259 16 
64 81 80 232 162 253 202 221 -2 204 117 4 184 170 10 147 82 91 10 73 58 238 157 42 166 188 93 20 238 107 171 219 -2 257 102 130 120 96 105 2 258 234 11 118 275 8 245 228 114 283 84 279 223 251 132 50 11 104 100 11 186 181 163 4 119 7 26 86 78 106 -2 230 16 193 5 129 -8 88 200 130 89 77 124 151 49 216 226 -11 148 156 87 156 272 221 115 150 47 99 108 25 125 42 163 -6 259 4 147 217 20 277 77 14 192 281 -6 82 279 91 282 243 79 96 261 152 220 41 17 -7 162 181 256 42 228 -2 210 277 240 175 204 201 227 66 210 28 166 120 14 240 201 237 186 257 103 56 184 242 70 186 19 31 241 254 233 77 263 165 160 48 134 230 33 141 251 221 239 211 52 164 155 200 183 243 256 -5 13 16 238 4 3 169 15 145 219 164 -11 176 122 167 100 103 181 74 206 174 118 269 242 127 116 206 111 242 270 231 49 48 127 8 24 -6 214 64 31 46 28 140 158 21 70 192 188 93 17 261 87 8 127 2 129 -2 188 215 260 192 85 59 157 97 95 144 130 109 275 117 163 232 129 163 129 176 154 -4 250 162 39 -4 -12 191 187 144 86 233 92 277 199 111 196 145 176 81 161 153 127 185 35 234 249 127 9 127 210 138 31 131 19 211 202 131 77 146 
-12 224 -5 103 246 30 279 6 84 111 137 229 128 209 181 229 189 -11 56 180 284 174 60 51 204 185 59 264 158 167 173 137 32 60 13 266 264 157 274 50 104 276 210 -7 164 173 134 94 209 89 -9 227 67 99 165 162 117 175 142 236 224 22 185 1 263 9 -5 6 53 57 206 34 260 255 165 216 -3 54 55 171 115 6 -1 131 -7 173 155 60 62 51 39 264 207 230 273 18 204 227 275 164 186 16 120 80 232 202 211 135 48 142 264 193 68 7 92 45 66 190 119 240 212 98 164 280 75 269 249 39 91 235 79 271 58 261 80 156 45 96 91 37 36 143 201 64 244 66 186 244 179 21 165 7 210 197 191 135 229 273 12 156 136 115 244 149 29 76 170 104 38 221 55 74 5 180 157 131 193 50 32 -3 122 122 -15 172 84 94 273 241 260 153 84 171 64 121 106 243 20 257 126 1 256 89 253 252 63 88 214 14 113 227 256 128 150 61 26 152 139 239 194 99 56 172 35 258 146 3 241 91 245 112 71 73 62 280 239 233 111 57 102 242 11 229 48 152 4 126 90 175 190 6 9 69 266 8 126 97 126 11 25 185 251 173 150 280 24 138 203 105 181 -14 242 151 75 157 237 173 162 85 227 204 29 209 280 198 169 220 201 45 132 192 169 145 39 112 91 126 126 8 38 245 
27 127 269 80 102 5 -14 256 59 -10 278 279 229 259 -3 195 201 84 192 29 269 93 -6 109 279 157 10 22 29 32 139 157 139 212 113 214 203 6 1 -11 259 206 34 149 204 228 129 -13 98 156 50 55 17 128 184 180 -2 17 43 116 172 251 44 164 264 93 48 144 31 -11 17 147 -13 247 277 102 153 260 8 131 153 212 48 64 234 208 263 212 184 10 114 169 71 42 119 250 175 98 275 99 84 180 109 267 98 146 169 66 13 95 274 107 257 40 111 10 162 45 123 254 90 45 262 113 23 175 37 157 278 143 278 219 8 240 54 240 205 84 232 43 234 105 -2 146 95 244 180 17 148 147 159 41 95 111 16 119 -1 256 274 114 271 157 93 215 91 230 200 83 186 87 36 144 79 94 161 44 245 213 -10 -15 121 -10 4 101 71 274 260 136 151 123 242 44 282 282 212 107 131 241 130 236 111 101 5 251 57 266 108 186 182 13 124 284 51 50 94 188 23 56 194 283 76 46 156 125 -2 47 178 21 42 260 234 62 247 120 -15 188 50 25 256 276 107 -3 217 165 93 264 101 12 278 24 5 157 81 160 137 -7 235 261 157 58 79 281 -2 18 55 18 207 157 56 239 -8 181 86 134 -6 14 4 106 133 269 96 -7 202 -11 218 32 238 77 5 50 263 61 11 123 219 179 190 222 22 159 
251 241 7 -10 42 170 31 92 94 13 202 88 30 133 46 60 284 232 249 125 281 220 33 108 17 74 57 118 36 136 167 45 186 197 24 283 263 139 160 134 114 58 87 181 27 23 83 250 90 23 166 280 162 261 58 191 253 154 212 226 106 252 198 64 193 240 176 195 -2 56 261 184 160 71 73 19 31 127 281 50 120 269 55 7 244 211 80 107 88 47 155 188 239 173 195 247 48 167 227 186 85 180 205 160 141 26 184 166 10 157 126 24 206 202 46 229 151 225 129 192 36 273 124 111 135 21 217 260 172 8 281 77 135 61 281 284 8 253 240 276 133 109 -8 214 -7 218 81 59 268 238 -14 257 224 212 161 228 226 132 85 79 195 225 142 208 77 90 197 188 193 -14 236 190 59 59 73 93 0 145 98 0 143 104 255 54 53 148 11 227 69 224 200 153 96 245 117 278 5 179 117 45 137 123 238 179 277 135 279 20 28 76 105 149 82 190 224 109 37 29 222 -13 183 30 283 106 96 195 255 112 74 184 89 266 262 194 76 33 1 245 79 85 219 105 152 -10 255 112 100 187 171 67 181 181 49 234 81 169 29 101 168 121 69 149 180 73 99 30 87 200 246 145 256 224 231 21 122 30 -7 2 113 231 223 43 274 268 41 168 -15 79 70 154 108 146 1 62 179 191 157 259 279 121 
149 12 20 110 -4 53 198 206 -11 276 277 119 46 67 227 133 165 49 214 15 180 278 163 178 110 263 195 22 26 41 59 192 212 264 57 227 -8 119 5 5 29 162 261 39 163 149 233 151 -15 35 1 262 22 61 256 74 196 40 53 10 5 136 9 168 30 107 284 30 9 77 203 76 63 209 217 256 282 231 224 223 259 108 2 48 176 159 217 142 56 97 136 35 71 136 243 162 27 227 -3 184 151 113 251 58 267 75 -12 238 252 -9 131 73 245 162 225 40 134 -8 240 281 81 87 11 119 79 265 46 205 256 262 148 24 128 149 19 112 211 5 0 128 168 132 228 12 191 175 166 42 197 280 194 216 223 108 165 229 65 247 106 194 164 226 208 231 -2 136 137 126 -2 92 67 11 170 229 253 80 39 270 36 207 244 140 15 162 63 81 139 267 273 71 251 176 191 257 135 20 64 126 214 275 253 178 122 142 143 220 83 6 263 90 273 123 36 122 142 24 8 171 257 146 160 191 172 228 173 134 39 20 7 66 22 259 266 53 185 90 13 276 98 10 198 193 63 -15 71 211 20 265 162 61 3 249 261 60 202 46 11 57 217 131 -14 142 41 39 55 223 64 126 259 165 214 -1 105 82 279 230 35 56 -6 206 258 278 273 272 256 131 278 185 229 238 221 124 1 201 151 95 199 10 282 163 
62 259 250 210 7 49 148 170 52 167 214 123 187 204 154 181 170 122 266 125 213 109 154 216 204 123 203 34 203 -15 21 189 -12 22 28 199 156 194 52 187 124 162 96 19 69 102 119 82 138 251 142 236 181 246 238 194 220 120 50 53 105 268 279 63 44 122 74 149 -4 273 21 144 137 84 66 51 157 247 60 91 40 233 184 11 208 77 151 155 220 205 116 172 32 -6 209 90 119 223 17 164 72 -14 244 3 115 144 247 102 58 1 189 197 237 115 38 1 134 78 222 134 121 120 129 234 177 113 114 9 75 225 -11 242 51 -15 261 173 96 152 134 113 180 139 206 27 232 47 253 16 192 109 267 108 250 242 185 43 127 260 156 5 122 225 189 36 198 35 28 101 166 151 260 79 -13 85 -6 255 173 140 -15 252 77 42 54 196 11 79 283 224 94 151 77 133 116 117 259 24 104 86 161 8 16 149 25 189 276 79 58 154 20 6 54 102 110 170 174 24 188 140 261 93 54 114 10 -6 187 63 137 206 189 267 55 189 23 118 0 154 270 210 159 278 78 257 188 10 277 195 0 53 178 63 89 125 280 134 39 124 213 21 268 78 201 227 -1 213 34 198 -5 179 254 84 102 151 230 133 114 283 224 39 96 -7 20 122 244 117 235 69 268 234 250 121 100 119 185 -8 261 23 145 261 116 20 
138 18 58 273 105 146 134 46 191 40 10 256 30 251 205 57 280 132 -11 44 164 17 185 237 112 244 37 104 32 211 48 264 200 52 174 182 206 36 14 154 112 116 210 129 241 256 122 191 101 83 177 184 33 203 106 29 46 105 235 280 112 216 239 16 140 35 153 193 17 175 27 48 85 1 216 41 -9 272 277 22 284 267 98 183 181 234 156 251 183 21 186 82 148 244 209 275 20 1 20 228 102 203 48 27 270 113 3 128 235 167 95 276 73 138 166 20 74 229 27 214 280 215 75 115 16 132 50 230 202 68 51 180 34 25 255 52 17 251 32 165 234 72 132 238 206 242 54 73 126 246 283 255 185 227 174 -6 169 210 85 228 6 198 78 152 232 243 262 167 176 63 183 100 266 57 84 215 17 98 149 34 28 236 124 233 176 180 39 204 270 243 11 170 110 273 281 52 56 -5 54 47 22 13 124 26 50 17 247 40 170 177 29 232 281 251 18 65 95 48 214 172 96 164 96 120 60 224 231 234 151 179 119 52 192 113 143 207 183 16 -12 36 219 37 256 171 132 75 36 226 77 114 63 235 133 235 240 -7 92 -6 149 252 100 133 113 204 253 -9 43 82 144 218 80 216 86 145 79 262 73 124 223 281 51 18 33 1 15 18 82 265 272 113 179 106 103 151 32 113 97 159 153 28 
85 84 95 183 14 53 34 189 108 83 23 -14 239 108 129 53 17 208 0 270 162 56 117 133 201 3 103 211 280 9 85 100 106 72 177 266 148 196 77 14 150 130 52 120 32 89 75 179 -4 197 136 129 149 115 243 212 13 184 -5 59 19 117 139 91 52 211 6 17 -13 192 47 198 126 246 93 88 39 207 11 245 83 144 239 93 18 198 92 1 239 158 44 172 25 239 35 169 110 125 65 11 131 105 242 -12 8 75 136 17 38 163 68 188 -10 175 261 28 79 129 53 21 123 117 122 155 270 184 276 141 116 207 240 48 72 49 8 26 209 166 71 24 100 270 128 -13 74 213 222 266 207 180 3 42 18 24 73 8 123 138 256 123 47 75 221 218 63 -11 214 36 92 225 159 252 253 58 225 128 201 146 113 92 35 171 231 208 59 273 108 182 79 207 53 173 126 23 165 171 187 269 180 79 61 130 32 2 262 41 48 3 -14 30 -4 114 193 43 -12 167 155 156 44 190 262 177 232 284 89 101 103 175 21 153 281 127 101 155 222 130 10 277 273 213 282 185 133 135 104 210 109 173 229 195 65 199 125 218 244 231 181 -1 1 227 35 282 111 187 171 174 100 115 249 212 259 234 27 132 25 44 156 9 45 193 249 115 95 38 179 180 27 255 -7 200 25 214 195 50 16 44 111 -6 239 229 
24 36 56 245 68 253 43 56 94 193 237 129 159 136 58 122 168 -3 39 11 61 156 248 13 133 67 229 89 242 219 284 270 106 227 30 202 261 201 125 144 161 24 13 262 84 183 81 92 161 252 25 -11 66 250 278 224 199 119 238 123 123 53 12 87 -5 140 270 71 111 57 149 103 93 252 85 7 191 74 130 12 -11 109 281 157 98 232 159 206 47 184 83 281 162 231 242 259 19 247 148 -14 -3 271 160 154 155 176 53 260 228 194 139 205 244 216 -9 56 132 17 207 140 157 112 55 80 211 91 57 120 271 104 92 23 247 156 242 41 74 7 68 87 84 196 277 16 14 168 159 66 277 17 137 165 267 245 236 272 235 133 148 58 266 15 249 171 130 93 179 -1 202 107 139 261 30 62 -12 248 116 11 240 42 -5 212 170 246 279 102 56 252 9 123 8 26 253 132 -15 153 129 261 27 184 192 55 90 165 14 110 79 262 25 5 11 149 125 15 266 102 224 183 168 121 186 258 29 60 271 -9 86 235 104 135 277 250 250 43 65 153 193 87 268 141 114 160 5 -13 215 68 181 178 159 140 43 122 28 206 247 223 124 108 25 58 260 261 127 -2 119 179 200 -11 138 73 133 230 82 201 199 266 226 80 215 278 271 73 7 4 182 -5 194 103 240 151 261 68 80 14 271 163 228 23 242 142 
65 15 263 124 157 68 200 5 -3 227 -1 57 172 -2 6 258 65 54 41 246 48 169 8 253 -8 2 13 31 243 47 164 24 98 -9 182 48 195 54 95 230 13 50 270 168 274 79 38 281 179 145 97 117 199 124 -4 76 168 197 91 214 219 107 27 50 146 80 81 50 49 93 -9 138 132 155 101 50 46 96 185 145 167 94 206 143 209 197 79 6 61 207 12 113 73 207 4 181 256 190 -10 233 262 242 221 36 164 148 265 168 -13 45 19 161 249 27 116 174 55 185 127 219 230 68 19 124 151 35 62 248 -11 97 207 158 10 106 129 36 193 31 245 209 158 70 198 117 62 38 11 50 8 262 33 66 52 120 193 194 -5 260 252 92 52 209 269 176 -6 268 19 28 113 210 188 54 245 68 100 139 280 113 210 200 200 126 172 203 78 95 -14 -1 41 32 209 161 161 -1 80 0 145 95 78 206 2 220 145 239 98 177 55 192 30 178 271 248 92 84 246 164 236 165 282 37 283 220 258 106 144 5 48 93 119 141 80 202 143 161 237 155 -3 59 245 255 209 120 252 37 107 128 69 86 102 263 272 230 115 41 75 23 10 132 252 48 5 69 87 -3 101 0 92 122 80 52 207 105 167 227 118 272 161 29 214 215 197 187 50 258 125 58 24 250 42 85 173 113 117 195 144 71 151 203 102 14 
213 114 232 269 -9 219 200 144 235 213 237 107 184 70 210 90 159 218 121 160 104 130 95 -9 130 14 -14 215 245 201 30 28 228 116 62 241 154 80 204 238 99 51 82 22 139 77 -15 21 227 19 101 272 37 105 274 247 49 276 135 93 51 58 214 191 211 145 259 125 -1 262 64 130 124 195 12 227 183 103 79 269 168 72 21 275 228 108 -2 232 72 172 162 279 142 170 88 144 84 139 72 35 86 213 193 215 71 149 244 98 247 143 63 175 79 4 257 36 73 273 163 159 226 282 94 82 109 66 261 230 226 249 105 184 51 217 35 17 166 165 115 84 75 227 179 205 255 193 237 93 281 231 96 159 168 -1 144 25 149 204 209 39 278 243 246 35 243 222 206 249 260 43 246 109 124 46 105 251 252 30 9 190 7 245 66 93 12 129 244 34 241 13 212 91 243 37 102 253 221 141 122 83 201 168 248 36 225 59 190 124 19 91 8 148 115 13 177 176 104 265 181 141 273 249 85 64 217 63 271 45 189 284 138 178 -2 102 48 38 22 160 18 129 234 64 91 163 82 230 1 81 184 79 93 -9 177 105 149 -13 128 137 263 93 96 232 147 119 254 62 97 158 239 204 277 230 240 -10 231 234 162 56 146 272 218 128 106 164 134 235 28 154 229 87 183 149 69 -6 109 49 2 277 -4 217 
77 79 58 10 134 55 21 70 -10 183 59 136 104 214 165 183 67 129 178 245 235 161 251 178 280 112 188 101 0 125 33 207 47 141 254 213 82 64 212 -14 207 39 90 18 198 59 234 113 176 42 31 64 23 20 174 16 46 196 152 -1 38 36 216 195 242 110 -3 141 39 201 235 7 139 12 189 85 18 197 133 189 174 125 83 274 131 206 146 38 62 185 136 54 63 -15 109 189 128 107 219 115 25 171 45 29 -15 194 212 166 146 182 165 192 19 100 37 27 225 280 281 29 100 118 182 75 88 231 155 138 120 282 92 -14 221 -12 15 23 -11 274 85 9 122 245 56 237 182 114 198 100 169 251 212 80 113 1 232 253 284 284 260 -2 207 152 -12 23 134 186 5 65 276 38 235 -11 216 70 80 -15 40 155 242 29 81 41 259 156 28 237 67 277 219 99 74 196 195 234 250 93 168 79 195 145 181 275 93 170 126 252 138 4 -13 134 77 237 147 24 162 -4 253 198 134 122 222 148 74 105 163 242 23 46 56 101 253 52 284 170 60 73 211 9 246 133 226 269 86 141 247 255 212 181 108 216 255 257 248 55 183 168 71 226 59 226 -11 95 262 257 242 273 276 214 92 136 139 221 106 139 55 44 187 37 259 99 22 27 84 5 249 56 19 170 156 264 74 38 155 256 163 129 258 202 145 -8 
52 9 243 -13 -14 25 134 279 169 24 265 141 70 231 15 15 37 3 212 203 1 102 192 170 2 30 148 19 280 108 78 104 167 24 100 196 270 169 216 197 88 19 51 12 73 260 41 159 157 32 283 66 -2 182 4 273 11 276 129 49 233 202 257 265 209 58 271 283 42 84 193 79 205 138 220 119 262 179 161 200 140 127 4 100 51 218 139 220 18 38 38 215 220 102 164 152 111 201 176 -7 95 78 228 193 271 249 34 279 13 82 246 27 155 188 135 284 81 117 229 74 -11 104 126 86 157 219 20 97 236 94 47 209 200 260 23 30 266 0 67 83 178 166 263 47 188 263 188 7 80 119 274 92 54 182 66 206 5 165 113 255 4 261 175 256 77 4 80 107 234 223 221 60 126 128 -10 165 265 85 -6 164 218 100 178 150 36 196 15 -6 66 184 102 74 236 175 1 134 119 15 4 231 244 30 46 118 100 158 169 272 -2 -4 74 24 17 64 184 83 219 82 50 175 159 252 85 191 275 54 253 82 133 102 271 267 263 86 110 132 20 86 248 17 29 230 232 130 36 183 102 219 216 61 70 280 209 145 -8 2 61 104 15 213 203 132 61 202 284 233 75 190 55 98 45 276 100 61 -8 67 252 -7 10 275 234 35 126 150 258 271 260 158 267 143 55 114 -6 276 53 149 61 232 247 186 
116 156 179 276 275 19 234 259 179 166 29 159 110 57 85 233 21 102 193 236 252 73 125 214 45 4 137 111 44 128 28 85 91 115 41 241 12 111 153 169 251 234 142 134 206 192 108 180 -6 111 35 168 176 9 200 280 176 83 131 149 145 43 64 166 116 95 224 248 105 28 2 6 276 34 75 57 148 158 103 155 186 36 261 213 60 187 209 157 116 113 60 79 202 19 260 206 4 83 92 101 101 144 217 13 36 196 218 140 156 153 66 128 212 46 121 183 83 50 264 93 275 93 220 276 149 78 239 64 279 101 277 259 213 50 190 211 1 254 37 254 144 56 81 72 236 246 33 219 121 200 101 247 8 221 74 273 49 94 43 202 7 200 46 107 116 182 97 95 43 138 30 191 122 98 251 206 167 34 282 149 46 48 172 148 276 260 124 25 127 86 2 56 238 164 208 53 274 196 202 234 184 210 97 72 229 225 197 -13 256 180 127 60 191 54 116 203 125 143 240 213 98 -11 265 108 263 178 4 260 -13 -8 120 168 -10 0 248 237 30 64 63 114 35 214 262 29 147 198 262 189 142 92 -5 141 178 25 168 271 250 20 280 184 12 258 156 248 37 70 121 85 284 -9 177 157 213 70 217 91 239 104 154 161 59 172 133 68 240 261 199 7 84 7 16 75 200 126 198 262 179 111 230 273 
15 66 -13 64 177 11 126 203 214 117 92 212 21 275 33 214 55 245 265 216 88 119 198 166 100 281 -10 144 18 283 21 216 139 61 228 120 191 33 23 49 184 223 96 142 283 26 181 256 251 109 132 238 235 69 48 219 87 53 59 227 97 177 47 83 1 168 157 153 100 164 216 200 189 -1 137 194 246 47 227 226 224 37 210 252 171 199 156 186 97 191 123 94 173 251 95 138 208 59 47 -2 91 0 115 220 198 234 209 116 20 163 28 47 159 157 236 214 26 54 84 143 130 24 148 163 181 160 91 32 261 222 91 196 96 165 231 98 38 62 254 197 131 231 176 0 139 50 130 253 204 179 161 -11 211 198 191 126 197 192 93 73 23 161 72 162 -5 251 147 178 201 241 73 269 111 2 267 92 40 42 199 273 155 113 222 280 195 107 192 284 13 68 66 -2 50 129 157 221 109 18 48 95 72 269 249 267 174 63 100 116 267 78 173 281 141 95 105 265 98 229 14 45 -2 206 178 63 62 -8 165 37 37 254 90 210 230 0 188 272 146 68 9 28 87 251 262 198 69 167 148 148 232 22 103 24 99 159 -3 183 240 67 237 45 -5 115 264 271 51 101 280 100 126 0 200 235 61 267 235 279 56 168 -4 24 34 261 129 41 173 43 30 31 159 191 1 225 136 -10 32 53 204 119 270 78 
163 243 282 273 143 52 112 257 97 66 261 46 108 2 209 130 90 143 255 235 87 143 169 63 231 65 92 152 -13 188 222 270 116 13 163 200 -13 112 97 103 0 65 259 257 44 152 55 124 164 105 250 113 125 218 41 84 193 58 177 -7 -5 219 152 121 121 57 226 29 168 1 85 234 218 101 109 90 236 133 123 238 123 211 264 148 164 166 68 23 276 55 59 120 145 244 164 243 126 190 257 271 263 126 90 134 113 74 69 272 35 16 28 118 201 75 217 138 92 114 191 -15 154 206 246 136 55 7 81 259 192 89 106 83 239 103 74 98 -4 284 229 116 86 185 104 60 216 207 96 8 25 173 2 21 238 -7 114 70 168 136 281 62 122 135 266 224 60 35 226 63 284 163 218 162 263 177 169 29 28 53 95 241 240 237 13 117 57 66 142 5 189 71 258 191 201 236 29 4 83 176 181 68 243 75 168 173 5 42 64 65 139 23 8 178 244 113 156 37 178 204 115 82 184 109 128 23 19 4 226 223 127 189 101 -2 216 253 46 202 105 145 181 215 35 160 0 114 102 261 82 18 217 -13 253 101 15 52 29 74 87 12 191 143 8 158 28 276 155 155 26 260 225 70 31 100 211 36 139 238 9 253 -4 236 135 226 12 -15 206 261 116 103 150 2 58 277 166 247 164 -1 29 78 114 184 
252 82 47 83 172 59 29 29 89 246 191 110 3 267 184 14 240 5 196 42 206 79 100 67 274 237 223 275 13 283 155 29 98 -9 150 265 201 69 145 88 26 242 76 65 237 85 32 226 197 6 98 65 226 216 261 113 95 190 9 11 163 160 61 248 176 263 210 58 162 170 -4 143 33 230 82 0 97 57 21 14 181 102 38 49 198 184 185 267 125 183 84 31 280 103 219 81 89 172 284 177 195 266 99 209 85 46 28 -12 224 221 -13 265 32 43 184 253 182 86 87 176 217 44 154 92 207 235 147 255 269 248 283 146 185 -7 68 263 182 275 149 109 33 118 202 88 11 99 123 67 187 224 89 8 54 50 85 230 200 43 203 162 13 265 141 166 195 220 91 200 89 215 170 218 89 -12 174 250 210 153 65 -5 33 233 241 124 148 23 59 53 96 153 12 180 208 81 40 241 101 45 -10 177 165 52 67 275 30 35 215 109 115 236 100 46 114 245 172 244 272 141 213 7 5 116 206 42 170 271 185 82 -12 237 59 241 30 48 204 86 74 264 172 77 140 -2 245 3 108 260 205 171 125 -9 170 251 154 252 217 47 247 223 200 214 255 261 -5 -7 -3 221 229 156 153 273 30 63 -4 202 99 124 34 10 10 242 3 44 108 279 140 81 212 273 144 209 261 93 242 47 162 97 45 230 13 172 
105 268 209 127 20 260 184 206 25 91 17 276 131 90 221 263 249 219 101 64 -4 117 31 190 206 25 -4 236 42 222 77 -13 252 47 201 -12 11 168 139 155 256 67 100 122 60 -4 58 249 236 250 22 117 100 215 27 45 78 189 37 151 57 -9 197 272 58 44 165 159 161 138 223 115 115 230 129 283 102 50 155 218 106 22 156 24 79 155 254 243 134 269 60 141 249 48 237 161 -3 190 99 239 126 26 49 142 234 276 248 120 34 251 168 164 205 83 83 196 153 105 66 40 231 24 74 99 38 17 177 134 223 149 269 21 23 245 217 27 158 165 207 85 22 149 4 155 27 182 90 201 170 81 271 199 200 146 31 68 244 106 152 12 235 148 112 21 31 181 146 238 210 54 53 221 1 79 193 131 76 261 31 73 71 16 35 225 -15 226 47 189 212 139 251 223 178 53 168 210 -13 11 42 284 22 101 105 29 60 186 81 271 134 66 96 89 227 56 204 229 79 122 278 -11 45 88 283 166 103 155 144 152 61 156 195 213 239 -4 220 196 221 268 5 163 263 175 14 232 270 267 147 100 212 89 212 21 116 141 5 218 146 150 254 137 247 186 86 216 20 193 158 171 267 70 117 4 267 262 249 264 225 191 220 -7 -1 183 112 61 15 103 236 26 283 26 148 206 137 55 279 154 29 214 47 193 
238 220 192 -2 128 137 200 141 15 258 199 113 129 -11 107 8 273 156 107 283 71 211 243 66 149 65 226 166 183 45 150 259 143 131 124 152 176 206 5 80 188 210 276 32 72 61 133 23 35 5 173 217 9 -6 163 171 129 2 230 197 237 172 240 52 13 125 27 251 19 276 138 217 89 241 198 65 7 184 -10 117 -13 267 139 99 178 29 64 241 120 164 17 198 195 114 186 117 176 280 66 154 71 50 108 115 257 158 171 101 226 174 253 31 236 272 1 73 264 105 141 149 259 169 229 130 270 51 30 -10 221 218 97 58 30 2 -5 227 124 284 77 171 98 16 232 228 150 6 171 129 273 43 128 26 241 80 167 57 252 3 116 26 99 81 92 70 3 131 15 228 155 261 25 44 70 256 173 193 130 -4 249 220 185 -7 123 62 194 245 11 22 48 214 26 242 154 87 42 171 75 209 -12 -13 4 108 142 163 170 44 257 38 66 -11 86 53 186 209 131 102 107 28 232 269 271 100 142 177 263 278 29 213 45 136 169 260 226 197 210 81 267 58 172 -2 149 183 155 129 18 5 -9 148 -10 5 -12 192 15 173 153 28 25 37 83 123 85 76 283 98 262 80 259 258 244 112 205 -3 124 185 184 35 25 67 185 228 194 204 21 117 283 145 184 183 4 0 25 206 83 266 26 69 58 125 110 125 
193 49 182 153 173 91 17 -11 33 142 155 262 284 269 128 12 159 -8 124 117 25 119 158 133 204 32 130 74 181 85 271 255 155 44 265 103 131 9 186 55 12 77 -13 20 98 224 125 -10 136 90 208 234 206 194 276 225 123 207 262 165 227 90 98 95 77 75 251 146 267 263 274 238 245 218 199 273 163 10 80 34 121 84 66 27 230 173 189 169 -4 251 -4 53 225 189 139 1 155 217 208 236 108 193 22 46 93 176 15 207 199 217 216 69 163 44 136 12 138 220 31 98 120 229 170 39 226 182 157 135 261 142 175 85 78 255 255 98 91 31 161 171 195 18 274 95 256 212 88 228 68 183 116 16 274 31 97 82 279 182 141 131 80 222 194 62 161 221 246 219 191 223 131 200 26 166 218 283 210 258 167 8 151 58 84 234 78 19 57 199 126 215 59 233 7 97 139 127 270 243 98 8 185 -4 -5 58 68 99 128 282 41 256 84 171 147 -11 225 172 1 216 234 230 273 -5 239 26 251 203 159 63 12 158 26 206 182 58 51 263 122 35 240 143 11 240 -11 66 113 37 217 91 186 145 47 206 19 281 157 234 27 176 170 11 123 84 101 225 197 113 272 225 119 241 74 131 62 280 232 161 196 244 90 259 57 264 21 80 25 248 44 20 135 -15 128 2 0 222 144 220 59 238 233 108 
151 136 205 245 13 243 102 215 76 136 94 215 147 228 216 199 114 122 17 125 247 -4 153 125 2 21 35 151 74 199 180 105 103 218 126 262 261 29 -9 112 -10 119 66 176 171 257 228 164 202 110 116 28 52 10 172 127 281 180 70 123 -4 1 191 232 58 202 85 266 249 6 59 -2 141 83 93 -2 217 3 89 270 202 200 197 282 45 92 182 45 154 278 197 112 221 49 155 124 56 252 118 280 161 2 206 98 89 267 189 8 21 254 103 66 253 132 204 14 138 104 83 39 228 113 -13 265 -13 41 56 45 269 80 241 201 265 149 195 207 59 90 180 146 32 -10 41 95 123 258 33 161 16 12 75 160 275 -4 261 43 216 79 -14 17 130 282 -3 136 2 243 35 103 270 158 283 157 73 131 112 154 108 82 199 31 278 42 166 216 -4 154 195 210 140 130 105 113 198 102 43 162 95 112 130 -10 66 254 66 257 149 225 196 67 201 88 107 139 136 -8 -5 209 82 65 185 269 165 -11 176 72 198 64 195 34 209 216 24 61 192 214 153 273 6 152 241 245 253 212 13 41 143 85 75 124 89 88 47 168 145 -10 100 148 108 280 85 145 186 215 -3 3 146 186 84 138 38 260 31 93 45 102 193 270 33 249 222 48 169 -5 80 260 247 60 213 25 111 139 265 -5 53 102 232 26 230 138 154 92 
149 262 221 38 19 -9 274 262 -15 8 20 147 199 46 209 73 248 63 155 44 176 47 38 127 39 131 83 -5 168 282 244 82 54 200 268 265 45 93 42 197 52 117 157 17 186 78 107 206 267 59 234 1 41 193 134 221 258 196 72 1 115 50 90 -4 181 220 268 249 123 37 -5 193 172 234 188 279 231 113 199 204 72 140 197 183 65 150 195 102 33 15 124 89 183 154 212 31 34 196 85 259 43 104 190 177 188 47 11 41 128 120 104 246 239 266 93 35 140 168 254 66 164 78 134 202 152 255 18 23 266 38 251 115 263 52 103 283 57 10 120 238 271 119 153 57 25 -7 174 92 19 185 -6 184 131 71 136 198 59 131 67 47 167 284 205 32 131 227 225 151 49 40 84 158 244 279 1 201 65 13 -4 115 281 52 157 101 195 112 64 33 71 39 108 188 248 76 85 282 257 -12 142 31 210 57 70 19 61 150 253 49 236 246 83 219 234 68 29 1 88 88 155 48 148 124 73 5 158 85 37 -6 215 42 84 176 232 245 56 159 64 198 5 277 60 249 194 45 14 151 23 211 224 179 221 79 247 240 50 -5 127 47 238 220 104 279 140 253 150 221 180 6 57 37 201 206 75 208 199 93 54 64 203 263 29 269 170 17 251 -3 11 197 194 166 71 104 253 106 118 27 180 231 92 149 
70 33 277 -4 261 141 128 182 45 155 53 66 74 274 250 111 272 214 15 -8 280 78 190 112 153 211 10 13 146 93 105 263 229 165 16 278 40 66 54 24 276 252 277 0 240 238 12 132 119 194 76 200 280 215 17 103 220 -2 31 61 53 49 74 -15 258 260 191 29 82 269 49 193 -6 235 30 220 53 209 277 113 59 59 -8 216 38 113 177 123 102 219 79 263 16 281 218 139 135 132 162 129 103 96 -8 278 11 64 -10 155 84 131 201 237 -12 212 48 141 70 268 66 248 140 110 176 52 263 100 32 240 274 272 209 101 93 197 229 202 31 215 251 276 150 116 180 253 98 101 151 150 145 280 116 40 69 255 259 68 30 213 10 -3 46 188 128 105 90 187 10 35 -13 180 97 192 77 104 174 61 142 262 259 128 170 178 -5 216 222 187 256 -10 70 -2 82 5 252 40 238 146 9 178 88 245 242 268 266 255 72 108 18 52 167 275 250 130 233 224 106 258 53 20 210 243 142 130 17 153 51 0 145 236 43 14 -13 21 -15 33 177 88 183 130 82 211 150 72 122 -11 167 279 158 166 121 87 23 18 187 281 86 153 3 224 71 258 31 7 198 11 266 80 73 59 175 180 36 277 -6 101 93 240 215 72 63 132 171 133 145 220 188 -9 31 72 256 116 97 37 21 133 219 250 131 234 83 206 
19 228 124 183 63 -10 199 65 65 261 33 239 181 88 149 125 173 32 94 170 259 265 118 72 9 100 280 203 188 29 55 242 99 280 60 216 185 252 34 81 186 136 88 27 54 130 91 284 50 172 124 1 83 205 120 204 200 84 150 153 71 283 157 222 80 138 -9 121 49 277 272 250 121 24 179 -7 -10 117 18 85 72 183 37 234 0 221 105 213 145 89 169 277 178 267 276 39 269 104 268 269 170 111 247 172 126 245 164 -7 117 127 260 97 234 266 253 72 171 282 98 118 273 123 145 274 0 28 22 132 118 181 180 -14 92 12 5 54 38 86 169 238 192 83 235 24 113 255 195 132 191 134 75 15 155 91 21 269 158 200 221 207 23 133 187 189 24 186 51 45 132 273 23 97 131 261 80 245 159 47 257 233 76 179 32 9 279 227 14 210 -1 198 154 48 29 28 13 220 129 55 8 137 236 21 193 97 144 281 19 181 38 279 201 273 179 -4 53 172 73 36 41 168 231 186 21 212 88 62 226 279 239 161 -14 -11 182 50 17 223 73 182 -4 160 194 9 92 248 71 280 173 23 46 51 56 40 127 176 41 199 262 67 125 253 211 223 247 5 187 212 97 214 53 18 206 148 77 239 34 143 260 145 81 87 149 207 15 145 249 96 156 144 265 139 279 223 128 108 108 66 74 255 110 3 
13 261 34 56 -11 -5 198 134 11 118 221 228 214 35 80 260 96 90 92 28 16 38 232 161 70 106 269 156 148 95 236 14 243 193 17 98 274 71 -6 84 150 43 253 249 117 1 13 120 85 -14 -6 71 215 224 -8 26 113 148 154 198 88 281 55 -10 -2 215 109 267 50 62 164 254 168 144 61 166 11 136 83 282 102 224 230 199 39 193 139 270 194 -14 271 29 54 191 87 4 91 43 -14 -10 187 -8 -7 87 146 261 12 196 -4 135 258 197 258 28 151 147 111 102 256 270 108 284 247 53 18 138 251 115 96 277 246 108 28 53 197 256 30 54 128 3 78 28 178 70 157 107 263 89 64 273 -4 126 84 258 31 52 229 235 72 44 152 166 235 64 -2 169 32 57 127 27 283 118 283 174 219 133 204 47 24 74 8 232 115 61 73 104 191 81 146 256 246 30 55 236 -10 211 60 228 253 273 6 68 6 86 174 201 60 237 158 254 47 -7 169 65 73 56 23 235 115 34 241 147 269 274 34 237 100 76 30 218 89 148 -7 213 276 154 164 233 51 263 143 214 64 75 146 262 230 282 14 145 43 116 199 46 209 268 176 159 270 260 96 227 104 251 114 251 -5 279 107 263 210 78 280 97 -9 23 88 141 222 68 15 11 234 102 47 263 269 255 129 116 -1 103 163 75 30 238 89 212 249 125 
205 245 258 275 248 -15 267 82 118 256 12 270 193 226 205 77 225 169 123 43 206 231 165 220 42 146 7 256 96 17 279 195 170 236 254 205 187 180 18 39 104 222 177 27 276 32 120 132 17 136 13 262 46 79 238 268 257 257 271 114 13 199 245 169 125 256 260 109 70 133 186 19 95 259 121 75 221 119 135 232 20 267 252 93 213 -14 236 74 13 158 101 4 108 5 95 64 238 194 6 283 192 72 168 222 114 47 24 240 143 93 154 48 41 100 -8 251 39 55 268 211 57 30 74 49 179 30 193 176 189 268 261 150 13 113 116 255 133 102 133 235 222 244 236 -3 165 238 116 166 13 210 25 154 50 -10 42 225 120 92 158 168 3 -4 129 23 53 84 65 198 32 4 166 203 199 175 231 231 55 145 281 198 86 87 25 56 158 280 89 33 118 182 231 217 183 260 50 37 -3 165 141 209 240 197 109 270 41 6 33 9 87 258 280 96 139 138 230 9 267 250 271 133 222 179 236 71 241 246 135 221 220 248 118 81 192 229 87 224 12 4 131 236 13 239 39 264 211 199 229 112 168 207 179 40 11 45 221 17 237 233 130 58 127 277 25 153 173 76 60 46 236 55 228 119 134 221 126 233 38 22 94 105 270 230 142 227 221 119 282 51 276 68 253 57 153 44 182 99 141 47 124 168 
2 94 50 75 -11 0 75 55 252 271 -15 202 152 161 24 225 221 193 138 110 274 233 -11 249 90 157 221 271 170 84 46 149 53 233 143 159 35 5 56 276 146 163 14 224 10 75 29 155 137 275 -5 206 53 39 62 259 162 105 -3 -6 212 260 127 41 202 172 205 272 102 -2 79 198 71 28 244 34 17 244 -7 97 96 153 143 222 55 262 64 67 154 26 55 168 58 284 175 50 284 -8 86 117 136 173 -14 177 143 48 64 234 223 208 255 50 11 132 159 51 95 46 158 76 145 210 224 64 183 126 66 173 131 -13 190 240 193 220 193 66 39 181 110 32 59 139 229 42 232 198 142 124 34 -1 209 147 7 191 281 163 74 24 112 33 171 2 275 58 235 1 82 168 30 209 42 281 262 173 -7 90 -2 120 10 282 278 -3 -15 167 45 91 233 52 224 81 160 108 25 97 19 201 12 102 176 284 248 -10 236 137 254 14 132 102 45 19 -3 5 178 45 194 245 54 108 131 160 275 132 264 34 208 17 52 269 243 149 262 202 -10 134 91 99 30 163 166 109 70 25 264 280 -5 149 276 148 126 60 250 22 47 279 10 104 32 184 256 169 233 97 169 65 75 264 24 239 -2 86 50 268 132 24 51 235 203 146 242 165 213 182 151 179 2 189 91 38 238 108 236 50 25 98 25 210 187 55 8 271 
79 184 245 122 83 46 90 207 21 109 174 80 32 -14 14 251 118 94 135 75 225 44 147 68 143 240 -2 196 7 97 196 281 236 222 148 144 72 273 29 172 9 236 122 128 -9 236 107 125 278 26 205 116 221 95 167 86 92 207 187 8 273 61 167 229 245 130 189 126 242 200 271 45 280 133 275 42 192 112 118 134 151 213 271 280 151 51 190 140 114 151 202 54 88 67 20 84 227 174 172 255 -3 138 273 187 49 130 -11 5 137 142 150 181 143 -13 67 184 234 215 65 43 240 188 249 33 113 151 134 121 113 213 135 204 237 17 275 26 116 129 91 230 17 170 0 15 13 8 202 263 114 139 164 147 35 166 209 165 274 265 282 258 15 274 -12 272 155 212 209 169 222 -8 278 84 156 256 44 19 22 136 152 246 235 122 239 75 217 33 193 31 190 278 284 116 254 187 109 52 207 183 55 60 53 53 219 192 71 8 118 190 16 100 196 -15 98 150 266 196 209 138 191 3 173 204 252 25 129 275 244 187 175 70 248 188 244 7 248 101 105 218 106 259 18 54 -12 55 2 54 240 149 51 191 121 72 68 276 113 -7 252 130 46 218 73 -3 210 13 268 114 238 -11 231 259 47 171 28 159 242 189 272 183 110 115 -8 237 109 259 178 43 185 -5 11 276 202 272 72 236 115 270 15 270 32 181 
183 17 167 138 91 104 51 78 95 131 76 282 91 53 249 39 67 31 66 152 243 69 106 234 108 7 24 232 152 267 76 -1 91 33 244 119 130 43 239 3 87 147 126 13 220 181 270 77 128 -11 181 -8 191 29 280 84 210 151 84 50 56 65 252 -9 147 260 243 43 113 98 170 135 56 123 200 277 -4 231 7 165 216 278 170 278 248 244 -7 117 101 250 165 213 181 120 213 188 33 33 147 213 53 256 107 171 11 72 93 17 182 142 266 82 115 41 128 254 113 234 41 262 102 173 85 153 130 156 47 119 31 267 98 42 141 168 -12 163 147 84 18 150 182 253 117 101 234 1 37 34 102 15 264 230 159 5 217 5 280 230 277 268 117 268 50 14 245 52 115 -14 28 237 43 235 249 270 37 249 280 104 263 7 3 208 133 62 246 276 257 49 157 60 269 206 125 47 117 156 181 -9 97 144 143 153 120 169 77 64 174 79 -15 237 -5 3 -11 127 226 153 3 72 17 70 92 135 149 65 121 172 -7 68 206 169 46 26 75 138 -11 127 77 3 144 234 114 108 105 158 207 185 53 192 224 -13 229 228 201 8 222 102 96 186 62 55 223 66 209 84 236 14 9 186 30 23 -2 283 254 37 189 152 181 35 67 87 271 3 212 22 209 229 124 29 107 123 130 101 17 230 4 253 135 219 194 170 
202 160 -6 149 57 28 190 0 284 151 284 141 31 247 207 161 183 116 63 49 1 26 19 -7 43 205 85 266 270 40 274 170 0 278 154 113 3 69 46 162 263 183 227 279 221 163 106 93 71 284 15 55 222 156 39 128 9 71 141 143 76 277 70 123 213 109 11 251 201 92 39 3 278 206 22 16 216 79 53 105 234 248 159 198 174 223 52 173 -5 172 200 27 274 50 253 204 103 154 93 122 86 217 78 -1 70 164 63 193 124 35 48 193 107 22 48 87 226 116 174 241 30 217 57 22 250 223 17 230 180 139 203 215 155 276 255 129 186 264 215 205 9 191 42 130 206 153 134 122 237 279 243 248 253 80 82 153 187 48 236 256 0 29 147 173 66 18 13 14 222 284 14 77 68 119 241 24 55 253 173 90 131 269 46 253 180 202 41 36 -6 221 280 115 -7 217 231 65 241 73 222 249 282 31 196 284 124 275 267 126 163 198 57 107 225 88 58 120 40 224 275 78 105 222 95 110 105 265 0 218 128 22 64 103 187 41 36 63 162 131 133 29 45 32 249 142 66 93 108 158 240 184 -8 144 123 47 221 22 24 31 34 213 1 262 12 188 264 186 244 274 93 139 170 232 94 63 82 259 194 53 44 179 264 20 172 -11 105 208 116 103 148 205 284 190 202 67 190 19 -14 206 202 32 
125 204 228 140 49 99 225 73 178 155 170 70 9 67 130 258 273 166 -10 12 91 81 172 248 195 267 209 20 39 202 59 214 26 8 77 269 62 280 47 197 113 -2 169 192 14 228 152 55 78 195 173 18 41 114 152 39 174 269 3 24 122 140 234 251 -3 120 274 38 193 178 27 31 159 68 87 149 167 5 124 271 196 189 83 260 200 123 -15 212 61 133 54 103 272 157 153 96 125 57 31 143 219 -2 40 162 269 96 82 248 197 265 139 27 100 186 21 55 14 98 167 67 207 230 199 104 111 -14 206 164 166 82 176 253 55 110 69 74 158 29 35 205 147 272 56 162 -7 144 278 159 6 58 266 132 225 18 62 212 270 -11 158 192 269 210 125 276 165 184 31 72 166 33 214 181 269 58 77 140 267 1 64 135 213 55 81 89 186 136 255 222 157 99 141 40 141 103 281 31 90 218 46 52 233 187 238 4 163 -13 100 55 15 11 173 251 182 173 122 49 -6 36 5 35 29 281 123 59 154 208 101 207 217 150 274 33 256 119 281 245 238 87 163 217 -13 177 -10 88 269 228 -5 174 109 54 197 -5 49 94 112 125 240 84 193 204 242 110 138 160 98 273 1 53 181 22 272 230 198 119 283 230 178 137 45 220 -8 210 236 249 193 233 279 104 28 109 -15 193 110 264 72 32 112 110 47 179 
161 116 204 123 53 69 40 136 26 146 56 69 26 4 8 122 17 160 74 117 205 274 261 218 272 43 274 42 249 68 51 184 184 166 6 280 158 79 137 39 204 236 111 22 128 53 157 77 22 198 75 47 256 255 120 168 92 275 249 174 253 40 196 168 208 26 96 212 76 213 133 246 248 51 132 209 4 -13 13 219 220 239 166 32 192 108 20 171 150 88 101 31 96 134 -8 6 1 89 56 115 200 -13 113 270 243 72 77 146 193 255 122 127 229 275 137 64 185 37 -1 158 199 46 205 145 47 171 261 115 273 112 247 51 16 197 277 135 16 141 207 45 92 22 -10 86 55 58 47 232 171 67 254 42 6 105 11 137 69 21 116 182 214 249 157 -3 6 55 245 268 203 0 86 269 27 30 135 155 141 80 119 12 179 164 264 2 216 -7 165 51 150 238 189 39 228 254 186 128 114 258 25 206 257 -8 14 242 221 109 33 103 144 -7 86 203 232 117 131 -5 16 166 20 190 179 -8 164 224 257 182 161 70 279 80 244 24 205 -12 194 113 22 69 14 170 266 149 116 162 118 259 41 53 206 48 264 247 -1 133 113 147 195 148 87 11 233 282 215 106 187 30 67 86 274 268 56 71 89 168 77 172 182 208 135 79 34 227 -11 270 254 128 127 -8 278 42 37 60 236 273 6 14 20 189 177 256 
18 49 229 63 69 167 108 138 -1 198 273 217 89 260 222 102 181 261 115 88 116 43 149 53 13 275 237 242 67 269 4 176 254 268 19 273 76 60 23 155 41 75 267 88 6 265 97 39 142 227 277 267 239 35 235 45 279 62 48 230 68 106 228 189 108 197 67 6 192 164 96 212 205 205 85 152 65 95 12 38 132 144 261 68 114 234 177 121 14 57 30 27 175 168 205 28 206 60 132 73 241 228 180 53 150 267 246 72 -9 235 40 111 136 71 238 7 58 84 193 52 226 27 265 85 53 191 54 120 131 257 -4 259 129 263 59 77 64 88 187 93 151 67 20 93 4 188 34 106 129 233 69 35 148 162 115 99 77 107 236 10 132 244 125 56 70 80 88 276 -4 14 4 127 29 209 230 13 15 155 187 226 66 25 -5 225 180 197 69 169 0 248 147 74 179 89 204 95 -8 193 229 235 125 72 73 65 82 176 16 254 38 217 30 106 150 104 231 31 8 248 62 241 52 78 83 239 147 240 209 184 165 177 72 126 -13 2 94 67 113 280 64 125 207 96 211 20 43 247 43 225 122 183 24 61 143 61 147 94 161 201 96 5 7 7 -14 13 150 264 250 70 38 168 224 26 84 101 34 20 184 28 194 162 269 18 229 53 129 94 145 182 183 184 45 143 245 -7 203 82 143 130 215 154 
185 54 20 112 125 156 186 31 157 188 55 195 58 149 279 50 141 103 15 204 100 222 255 229 152 106 162 48 89 124 279 134 123 45 178 63 180 266 244 53 123 0 199 63 59 124 188 55 55 282 270 187 192 261 211 265 147 254 137 45 205 114 87 203 171 21 260 -15 263 117 269 257 121 170 202 163 270 171 128 149 227 157 -10 80 136 195 85 59 190 241 138 266 237 225 134 260 54 154 200 103 82 215 242 224 3 268 75 18 -13 271 157 216 158 54 27 91 271 170 1 164 121 203 14 194 28 155 242 78 179 21 132 172 35 10 266 141 34 165 268 273 261 114 185 215 58 28 32 47 129 280 7 36 261 145 213 269 243 25 277 105 30 128 29 133 56 72 228 69 153 228 231 32 12 46 78 183 186 2 -2 240 71 0 62 174 73 33 91 -7 116 268 264 60 35 212 230 221 169 216 35 211 44 259 154 186 148 257 250 27 239 234 150 148 152 221 255 50 198 168 68 51 238 166 15 39 135 13 149 258 92 9 148 276 7 -7 194 87 278 53 238 128 167 207 217 104 124 117 55 210 186 51 139 126 161 53 58 11 149 0 0 260 7 165 283 48 183 194 146 44 101 192 33 110 125 145 166 39 63 43 51 275 139 180 165 252 34 39 109 20 37 43 0 232 225 15 272 82 59 226 209 189 
145 180 277 0 82 196 0 167 178 39 122 72 133 -15 182 -11 -1 58 271 213 144 76 37 70 183 239 35 111 0 221 214 177 34 268 32 38 253 280 90 -4 236 225 231 3 150 28 22 58 -5 53 233 283 53 33 203 161 144 97 111 106 249 207 34 89 -11 -5 47 201 94 145 113 127 2 269 -7 208 28 75 -7 199 87 20 71 230 196 280 222 214 204 169 229 212 126 80 209 61 254 279 26 241 277 75 181 180 231 191 13 72 275 16 34 111 137 199 249 21 82 216 -7 196 251 11 1 184 31 0 215 256 71 -13 157 149 115 250 242 102 11 159 179 119 77 281 126 219 232 118 79 272 66 268 249 268 34 268 259 47 109 160 100 90 142 71 48 226 203 51 80 129 186 122 235 144 4 61 17 34 157 217 64 136 276 38 194 278 100 162 55 104 247 18 211 140 166 227 226 111 9 88 50 91 69 10 176 252 231 80 191 -3 155 20 226 41 92 17 232 265 -15 34 96 260 281 63 38 274 168 39 108 53 218 242 277 238 195 272 184 90 51 262 136 168 234 99 71 -14 235 33 275 94 94 73 240 235 188 256 267 47 234 235 194 240 221 154 189 46 128 141 61 175 95 263 75 266 262 110 96 48 105 246 166 216 186 149 33 248 191 15 59 108 82 96 172 199 26 203 250 180 97 -9 28 35 
43 71 138 67 200 21 80 242 276 16 22 279 222 216 204 64 258 62 209 261 120 248 282 135 82 160 92 199 121 252 161 269 219 6 219 73 275 153 125 157 142 99 95 85 116 276 40 54 170 84 15 268 -13 36 251 123 184 35 54 48 216 134 188 -15 24 188 187 5 235 72 117 125 134 152 241 224 150 115 147 95 50 32 147 116 83 153 128 15 104 99 110 135 95 63 156 32 5 101 277 82 165 231 197 49 264 -3 152 48 67 264 179 206 66 192 242 115 0 73 145 69 95 191 134 51 229 214 66 66 222 -2 31 273 104 195 225 141 57 23 188 98 236 174 250 280 35 47 276 34 131 254 22 15 84 49 207 153 50 11 6 282 208 25 23 9 224 247 13 254 280 283 12 205 188 75 122 217 280 13 225 228 -10 234 99 261 247 108 244 48 91 157 16 -15 14 268 135 244 54 82 129 180 13 95 229 191 215 150 111 224 37 170 105 182 -8 71 135 52 68 4 135 137 170 142 224 219 -4 269 81 -14 -11 214 124 86 249 244 107 133 6 159 91 82 -10 98 -1 199 174 200 76 44 44 5 230 112 78 105 41 167 227 14 13 4 81 6 171 13 155 115 222 237 75 282 48 246 64 145 128 12 42 209 156 96 18 111 158 88 88 198 169 -11 222 77 -11 126 283 33 230 9 211 23 181 95 
132 179 196 145 130 255 16 172 255 -3 224 76 43 218 215 169 146 122 194 18 141 4 131 31 202 257 213 128 246 83 2 227 85 26 193 182 37 172 155 60 174 186 256 162 282 -5 97 120 219 227 121 -6 121 106 237 28 110 21 284 69 -5 9 -1 239 97 284 -8 34 247 205 245 176 218 207 139 168 179 68 140 61 271 46 110 196 81 -9 169 180 43 181 162 66 206 48 25 98 232 223 260 53 98 228 81 79 -1 76 122 -14 122 34 215 3 263 63 40 81 13 266 64 8 62 77 -15 132 8 276 204 258 278 68 255 230 74 218 237 -15 229 257 202 145 176 190 31 247 246 175 277 108 226 73 125 124 222 165 111 14 235 173 127 236 20 260 83 129 169 212 83 4 77 -1 229 252 284 58 264 152 268 260 139 50 266 83 94 63 276 218 185 109 174 15 192 67 137 49 173 -9 125 16 96 -3 274 60 75 184 202 68 62 35 74 116 31 246 68 168 213 17 134 86 102 44 282 110 29 47 269 9 141 -4 26 236 -13 187 117 189 98 29 31 10 209 36 235 53 145 49 69 233 99 139 74 274 284 164 69 198 143 162 -15 190 223 263 66 7 206 220 56 10 141 278 282 174 192 118 283 165 92 251 87 212 132 269 96 235 -3 112 150 187 70 -14 116 262 170 157 255 -4 203 264 77 236 -1 0 
11 251 101 70 47 226 270 247 21 74 268 138 30 99 166 46 53 18 -14 119 86 272 260 278 112 141 235 148 24 21 -7 70 118 61 130 103 114 162 29 178 143 187 162 135 34 52 3 -9 87 57 202 222 148 155 51 101 266 273 26 56 103 143 123 269 184 259 40 254 168 248 174 191 142 216 276 172 232 124 268 217 235 145 267 39 17 25 24 242 228 160 104 227 248 188 12 153 132 63 -2 150 190 172 29 171 281 127 236 188 34 197 213 168 61 183 98 77 169 113 215 194 182 230 233 262 87 30 206 117 -1 28 242 240 251 138 70 213 268 18 243 207 118 66 105 59 6 5 249 164 40 199 175 221 261 83 12 48 278 56 231 101 96 102 174 99 119 34 28 218 60 83 33 50 256 42 69 115 157 13 76 22 31 75 78 226 107 47 282 34 239 202 4 14 83 238 140 192 90 196 53 230 120 20 77 125 146 123 113 268 142 38 109 92 101 21 18 190 10 250 247 123 117 88 61 276 264 214 181 43 225 276 79 96 192 223 153 63 182 248 265 88 206 79 42 45 207 29 140 100 2 252 119 44 153 245 -10 278 252 279 84 63 7 142 199 41 65 18 35 -11 219 13 109 -10 36 34 144 203 95 75 144 281 158 82 178 181 282 127 67 21 274 249 164 257 117 42 252 160 238 164 208 82 
110 22 244 160 128 198 83 250 247 284 49 1 270 194 171 209 204 97 219 276 167 1 108 152 97 45 4 93 123 253 188 115 30 167 160 59 95 67 167 91 35 26 61 103 202 150 119 -3 175 272 27 160 13 245 110 233 185 93 1 118 8 73 131 147 219 188 31 -14 55 1 104 258 258 159 238 267 135 236 15 232 52 246 127 161 174 227 196 275 245 87 213 189 130 16 192 268 13 137 218 18 11 160 173 70 280 185 225 251 -8 242 244 199 14 132 207 106 222 121 162 179 203 172 94 162 264 2 268 183 41 255 268 170 72 136 124 240 225 193 54 184 205 190 9 165 74 26 139 131 71 205 78 269 149 107 20 174 271 51 256 94 94 56 283 99 28 153 275 103 78 52 77 237 91 98 105 263 34 173 18 82 51 281 147 256 99 3 185 233 218 283 253 93 56 145 81 68 146 235 115 184 185 213 66 255 237 53 99 245 -4 -5 57 40 69 159 108 112 227 54 103 218 217 251 198 27 176 239 239 282 70 138 167 134 89 7 276 57 47 38 132 -14 -12 170 24 32 242 210 138 234 175 67 144 86 28 69 66 169 29 36 181 121 225 183 29 194 59 20 152 269 169 71 112 154 196 20 239 156 33 238 17 242 110 -3 258 100 220 22 -4 14 183 -14 155 200 14 188 31 196 93 15 126 55 
260 267 83 274 274 -13 74 16 82 79 261 44 61 86 22 97 40 59 237 151 139 151 61 148 114 7 206 259 250 272 214 -7 59 242 224 130 266 57 256 261 242 133 21 174 283 189 95 -12 280 226 137 188 88 213 282 64 83 258 94 231 219 223 219 160 279 108 89 94 46 136 63 211 107 204 222 191 60 242 191 90 113 5 148 60 218 -1 159 -11 59 259 67 182 79 76 267 114 215 77 196 -8 116 43 29 93 124 224 -11 209 8 97 176 31 254 38 94 128 46 221 20 270 221 24 237 137 110 -5 64 183 135 -3 138 51 71 46 139 7 274 225 216 100 100 190 171 74 127 239 98 139 146 171 173 132 30 203 115 183 248 20 75 171 23 9 39 277 172 97 97 267 259 203 135 230 71 274 180 259 141 251 189 34 261 25 154 103 53 43 86 -6 262 11 116 53 208 23 131 174 170 -4 62 250 54 159 248 116 254 179 63 35 174 214 -1 108 -12 107 10 118 42 256 70 202 79 277 255 181 161 148 45 67 45 -9 147 219 211 151 193 237 171 186 0 58 261 271 196 18 57 125 151 122 122 153 123 64 156 72 115 180 -2 -7 -14 240 73 14 117 100 99 176 280 194 12 163 122 120 135 96 152 75 -9 167 131 66 64 280 137 92 275 69 105 50 16 260 226 200 159 145 54 265 261 127 215 114 
125 155 214 -9 150 60 139 48 7 237 195 143 52 80 275 225 150 189 122 262 254 91 273 112 202 12 130 195 17 62 183 79 185 256 216 82 33 103 168 197 151 91 142 184 246 162 170 92 157 102 176 29 196 156 275 196 195 195 171 210 136 75 -1 161 95 180 252 43 61 -6 88 237 265 30 122 30 19 264 190 276 26 162 39 274 107 125 12 30 124 87 252 133 161 -11 -15 93 126 86 234 230 48 103 115 145 117 104 205 -8 54 -5 7 54 59 200 65 90 226 201 135 221 207 30 4 69 116 191 -5 195 35 213 257 245 196 31 69 184 137 282 48 227 247 127 29 93 211 235 160 280 5 183 1 159 124 218 76 89 2 39 158 146 180 91 43 89 109 78 205 211 251 81 227 231 239 264 267 218 271 1 253 185 209 273 234 29 177 21 140 110 -3 52 70 283 177 91 26 145 142 45 85 137 147 132 274 203 81 111 271 9 118 277 -8 257 213 170 162 206 68 65 283 -12 96 18 63 97 4 37 62 198 191 130 3 67 203 246 205 188 170 234 23 137 228 27 109 151 37 70 148 223 229 152 219 186 128 153 140 241 35 65 233 211 100 199 160 161 265 57 219 101 112 171 12 267 174 -1 -8 267 45 105 162 267 78 140 238 140 79 77 7 154 37 63 -2 150 222 10 -8 170 268 108 209 235 
161 88 262 50 218 -15 180 75 250 71 238 187 205 264 161 195 4 138 6 137 75 135 76 -9 256 65 202 203 281 94 183 153 149 283 264 231 91 265 266 -12 203 96 153 118 253 76 88 171 140 252 182 110 139 165 268 183 246 187 200 259 163 257 237 28 182 223 220 109 278 231 230 161 5 41 215 89 -1 176 207 59 69 68 251 20 15 21 -2 118 280 203 32 94 234 192 51 272 182 104 192 213 65 91 72 84 98 164 171 20 46 248 194 92 117 164 -4 172 151 251 142 191 259 207 211 190 115 203 128 172 248 221 -15 254 95 38 112 -7 140 90 139 118 122 124 44 277 256 21 7 25 254 24 95 207 58 90 157 85 280 182 190 89 89 4 71 109 108 42 185 -3 131 212 69 184 223 152 238 127 132 216 174 132 96 18 107 113 170 8 121 71 140 169 111 90 28 248 61 106 5 -8 121 144 181 52 186 141 234 228 144 34 107 -9 158 268 141 230 212 126 26 217 165 237 24 217 184 184 161 77 33 232 49 129 94 189 148 164 114 38 170 0 282 -11 189 192 191 266 182 273 99 6 274 173 279 59 234 264 92 154 136 119 169 68 -4 103 273 265 68 202 185 210 276 29 196 196 156 57 204 150 142 273 76 188 202 128 264 268 57 127 101 121 274 162 190 13 199 152 274 7 251 156 226 190 
122 189 9 201 174 196 171 -1 201 276 171 12 15 202 16 125 45 111 233 184 242 -1 48 128 37 59 236 28 155 209 243 261 110 109 70 17 15 280 130 85 140 173 199 27 56 248 43 9 215 -2 193 180 53 284 103 -4 86 191 48 211 151 44 6 136 132 98 79 39 229 80 190 206 -6 71 93 121 154 80 281 193 238 254 141 21 129 70 250 158 183 98 123 217 152 47 24 47 210 10 56 65 146 2 267 143 67 -4 241 25 207 51 241 172 54 193 93 226 40 214 86 78 91 211 -9 246 249 33 41 253 -2 -13 41 -1 105 249 141 11 251 187 151 108 201 42 36 235 160 181 45 220 -2 266 80 11 102 278 268 205 114 150 236 103 140 84 93 122 95 21 231 208 39 64 115 282 192 31 214 126 215 265 52 238 93 44 1 38 272 127 92 175 160 210 163 36 74 136 158 122 243 186 263 58 282 231 48 29 18 236 163 244 107 136 151 253 231 266 224 226 150 170 185 11 213 29 108 181 138 33 102 158 25 212 191 210 125 8 216 112 29 31 103 281 252 276 138 80 224 214 260 4 111 67 93 42 147 15 60 94 -5 42 210 166 161 64 148 4 275 131 205 261 17 230 61 123 95 44 21 8 130 71 -12 123 -4 130 142 3 110 49 115 150 2 47 22 256 216 172 130 35 4 216 20 149 
20 176 230 239 140 80 168 33 55 148 93 124 103 15 217 7 61 69 0 153 278 148 161 9 233 33 172 191 40 164 257 259 56 77 242 96 53 244 230 158 146 27 59 106 -5 31 85 37 140 88 85 196 271 61 72 152 164 143 80 50 44 89 -9 76 252 9 233 248 264 108 45 260 -4 219 78 226 125 100 204 18 231 111 136 127 257 250 24 79 278 63 160 46 67 256 256 263 181 176 175 271 -4 128 271 -10 112 68 42 232 115 -5 148 182 263 144 194 121 141 263 263 230 150 187 257 71 -7 178 138 157 194 254 271 70 65 76 185 141 106 150 278 159 208 237 46 168 275 93 135 275 -14 28 61 250 136 141 119 142 31 85 42 233 19 211 3 137 220 173 118 12 110 9 256 236 44 196 46 157 51 96 271 276 221 58 144 91 269 16 161 98 220 19 24 76 164 87 49 255 0 185 -12 208 261 217 206 282 160 90 16 36 88 55 217 73 164 111 55 148 228 3 241 272 256 42 131 110 214 50 94 264 74 233 233 44 110 14 4 106 119 21 211 234 161 241 259 134 169 165 257 254 201 124 145 16 104 164 93 98 0 68 189 34 272 218 74 73 86 9 224 75 13 107 105 219 254 153 51 218 12 110 35 84 25 34 2 277 51 8 228 249 95 209 60 115 -12 186 223 159 127 268 277 14 
94 79 -8 -2 -1 225 150 209 131 56 57 19 43 89 240 124 81 14 73 206 253 274 165 187 206 239 76 269 -13 264 10 103 243 253 121 91 205 224 20 117 -4 121 246 282 247 105 59 16 38 5 220 126 4 257 133 123 8 255 249 80 130 34 76 181 171 57 256 19 223 46 256 139 66 15 180 70 5 270 63 6 131 119 177 132 92 228 232 82 72 100 245 107 94 176 -5 77 215 7 152 250 22 123 228 234 34 57 121 155 66 68 255 66 128 79 207 97 103 245 62 50 101 17 53 43 201 260 91 110 106 195 283 19 241 183 38 43 51 182 150 144 253 215 12 195 23 85 64 93 271 74 231 132 260 234 49 51 215 117 223 193 172 1 75 207 36 54 227 209 129 244 39 226 271 259 114 81 42 90 146 171 271 206 78 30 12 227 261 72 242 46 157 157 1 249 273 65 39 265 271 158 45 78 140 24 166 148 73 41 104 28 246 119 192 236 117 168 209 56 273 150 272 177 91 163 10 15 45 190 163 174 217 206 266 64 197 139 32 230 176 175 -11 148 271 171 233 190 94 126 171 161 16 240 268 273 130 58 10 23 242 14 227 6 183 167 56 238 69 278 141 150 45 78 74 82 219 196 106 259 29 206 75 134 16 267 143 130 78 252 274 82 170 244 67 86 187 2 243 212 73 254 
72 86 170 235 -6 279 36 173 168 -1 176 239 228 111 11 134 16 108 146 170 236 10 255 164 260 236 18 5 180 250 177 23 89 48 144 190 49 201 60 220 217 34 226 243 131 48 130 14 187 67 112 170 26 281 74 131 197 246 36 224 182 233 233 148 228 278 267 73 32 -6 277 165 236 284 238 -6 179 49 220 126 100 131 226 228 0 13 27 141 146 2 69 95 193 119 85 261 174 86 239 143 30 152 163 241 178 237 177 62 164 135 83 223 212 60 73 115 44 44 98 130 52 258 216 281 250 153 224 112 253 11 127 246 59 -15 280 224 249 177 143 32 270 104 137 172 190 42 109 -12 72 88 -9 244 174 133 47 2 220 264 31 178 8 24 108 55 64 187 75 -7 192 93 208 259 146 41 -9 274 211 134 258 99 -8 283 165 2 80 210 232 35 132 22 174 22 220 267 58 197 284 64 215 172 -1 99 75 276 267 247 105 277 233 122 47 155 6 244 229 262 51 275 12 148 240 89 73 273 55 243 57 225 219 75 189 223 75 112 90 182 69 268 59 32 58 195 110 84 112 267 15 256 246 143 98 96 62 167 0 6 84 20 253 182 198 24 269 184 267 81 131 31 117 238 217 232 266 138 13 279 137 100 207 29 201 126 208 32 77 82 246 99 228 134 166 237 244 67 282 199 99 52 147 31 
70 0 34 8 47 201 61 152 2 239 240 125 164 8 -12 259 26 201 61 240 150 253 51 245 241 208 10 -15 244 107 58 119 116 50 147 205 71 70 25 70 222 196 240 235 196 233 28 142 176 179 75 223 90 77 1 23 69 -1 219 1 149 57 151 -13 3 199 284 202 -14 -9 87 62 273 231 281 252 100 145 218 0 191 218 41 117 236 170 12 111 205 108 -6 280 42 45 20 50 212 109 57 -12 82 150 57 279 227 -12 160 47 161 157 82 46 128 201 263 197 221 64 148 204 248 -13 75 30 128 17 59 181 278 119 162 159 233 258 253 262 153 159 -7 265 37 43 222 248 242 64 0 112 184 224 77 55 230 136 254 130 190 248 133 211 170 89 86 186 150 195 61 179 142 16 216 222 34 212 133 97 145 -13 197 221 281 176 38 43 44 4 179 201 -12 10 10 261 15 259 35 178 230 105 69 49 254 152 152 209 104 273 154 178 181 134 155 -14 113 217 204 101 109 85 213 6 130 79 194 111 169 49 231 86 176 68 7 -12 70 37 75 159 241 96 122 230 187 122 120 79 155 240 255 24 242 97 209 14 165 227 192 60 152 200 87 103 104 -8 202 33 105 193 247 79 51 23 281 186 226 109 32 213 95 4 103 -7 49 66 271 101 24 26 17 136 41 30 98 128 242 253 -15 180 231 222 217 13 
54 -12 111 197 194 76 17 108 34 132 232 216 172 238 127 150 80 212 281 56 179 276 18 234 263 -9 25 112 85 110 152 -13 76 97 -9 280 12 83 150 255 251 218 197 -12 75 171 85 121 216 121 68 28 266 23 81 200 182 14 130 74 62 259 242 223 195 117 274 2 263 39 -6 91 34 49 20 133 252 175 76 244 32 21 98 83 135 137 12 183 32 194 271 66 22 187 93 93 94 283 17 256 123 134 34 -13 52 180 195 128 93 77 54 124 100 49 95 78 9 136 155 143 215 68 230 211 150 157 166 206 6 197 210 162 101 178 106 -4 184 165 251 77 113 180 153 75 109 167 150 157 108 282 206 115 254 6 153 89 229 253 41 278 138 22 45 259 196 125 133 69 54 159 -13 140 61 10 66 117 22 208 260 191 49 -7 249 76 174 45 257 141 -1 271 54 100 210 158 24 80 36 149 225 207 162 146 9 -1 8 70 268 46 147 105 25 40 207 195 183 9 253 186 130 195 232 222 57 168 54 233 277 180 214 37 44 78 193 142 251 -3 22 248 57 -7 73 120 13 -11 218 2 201 207 142 228 164 38 61 105 221 224 147 179 146 108 145 257 107 161 134 99 226 64 99 48 15 2 31 47 164 214 151 241 243 97 273 138 219 279 45 -7 43 177 176 57 101 0 45 129 214 73 58 165 210 24 
164 118 147 -10 65 49 185 114 97 156 173 -12 86 82 222 121 141 15 267 250 174 25 218 115 87 252 89 173 12 221 -13 -9 204 163 41 113 264 185 -11 278 212 39 39 -8 238 23 210 189 164 79 -7 233 284 112 247 141 41 12 240 162 88 13 173 198 232 197 273 234 227 113 224 121 280 262 208 228 25 189 219 31 226 9 141 -6 230 174 2 -13 238 208 -6 279 190 222 -9 244 22 85 239 158 266 160 174 180 14 185 170 225 257 143 121 -14 231 146 14 78 244 4 37 -15 3 153 200 173 35 157 98 10 180 44 254 64 69 114 227 51 253 12 31 282 224 247 -8 218 284 76 274 165 139 24 42 126 258 245 226 264 50 96 154 107 270 0 -13 5 37 -1 6 -15 130 231 -12 108 157 60 111 48 212 272 31 10 70 256 174 91 118 161 -8 215 39 149 159 269 218 234 94 40 217 35 9 58 175 47 52 86 101 6 -5 256 71 155 82 278 73 -14 28 51 -9 65 174 162 -13 222 45 16 46 275 215 103 34 10 62 239 115 10 93 173 210 146 61 41 282 192 15 72 229 104 74 3 118 66 131 115 221 25 15 165 138 166 78 267 18 277 34 252 131 -11 229 264 222 -2 -2 132 224 234 65 5 224 261 42 -1 230 90 76 223 281 129 179 20 68 30 98 250 188 154 161 176 173 137 69 32 
13 55 265 277 105 283 257 28 133 73 73 282 55 78 145 281 51 238 43 208 10 277 276 172 165 -10 50 120 48 84 73 -11 74 37 157 251 61 254 104 266 165 223 75 252 150 23 222 250 128 -8 -12 118 200 98 100 -4 -13 137 210 44 160 280 53 218 205 65 237 50 225 279 200 87 182 229 92 171 166 -4 115 241 19 -10 -3 257 64 265 142 159 169 176 -10 3 242 187 277 48 86 -11 74 231 57 269 97 -2 87 6 4 216 79 52 183 28 109 238 124 194 92 266 -2 272 235 221 168 273 184 87 228 110 178 63 272 274 239 258 133 80 -7 266 30 -2 66 29 72 35 129 103 255 220 3 37 279 188 190 218 64 123 109 107 147 213 180 269 139 14 -7 221 62 188 95 89 23 242 94 114 248 124 19 50 251 16 278 234 187 231 149 114 104 145 266 59 226 104 108 257 250 12 158 187 30 283 129 20 107 139 59 275 28 160 267 177 108 122 55 189 72 132 272 216 42 222 265 135 145 140 186 142 187 51 275 30 63 4 11 169 10 199 154 96 220 22 138 17 190 233 272 254 211 68 231 6 276 159 77 279 68 17 219 72 32 108 110 211 114 92 70 245 60 22 129 45 247 123 207 266 165 238 -7 29 260 250 111 -9 136 87 39 79 14 202 191 158 6 283 57 2 250 66 145 56 24 138 
35 2 223 -10 263 153 204 80 9 163 98 67 204 43 223 195 142 279 121 176 224 246 165 -5 108 -5 193 219 284 247 272 92 145 267 210 -15 136 272 248 128 140 86 159 114 216 106 276 126 278 231 79 54 92 47 100 260 277 195 253 47 252 252 242 63 -3 252 61 112 72 -15 277 205 202 211 61 28 133 116 269 85 131 75 201 29 278 205 277 284 278 -12 191 225 20 113 179 76 90 253 180 152 59 182 135 164 172 35 209 216 50 81 212 196 282 31 82 0 43 60 258 224 187 180 223 198 272 132 258 258 116 250 22 125 263 57 142 145 21 100 127 31 40 1 118 10 202 236 8 40 257 20 180 203 102 221 217 -11 73 115 165 51 200 168 169 222 162 32 17 275 181 36 26 265 121 248 107 36 95 72 117 -4 174 -6 83 26 189 13 -8 123 262 129 250 127 121 117 47 112 147 265 218 246 113 150 140 245 59 122 163 237 258 108 230 189 222 84 239 132 8 107 58 271 127 42 34 111 159 223 209 234 219 43 203 68 171 65 51 248 126 60 9 102 150 93 159 115 272 31 195 207 41 235 41 142 229 121 277 187 19 156 123 273 189 186 101 210 110 59 196 -15 77 24 107 278 223 193 132 41 212 236 265 267 238 276 190 52 78 232 239 198 136 78 12 16 49 114 148 167 71 119 267 9 
176 215 83 134 26 222 1 12 70 269 199 17 242 232 105 24 -3 38 284 209 138 255 54 228 68 247 211 -11 264 217 140 115 63 198 206 266 2 275 33 243 55 200 186 21 158 278 237 91 279 39 79 243 250 13 143 45 24 1 63 248 20 105 78 204 -5 167 144 -11 155 64 -15 -9 118 59 249 -2 249 246 -4 224 270 195 29 245 255 119 196 178 112 160 213 113 72 255 -1 252 202 120 136 148 118 184 233 223 91 48 182 25 11 76 172 268 257 103 74 186 1 125 81 12 33 272 7 104 43 251 137 242 63 16 56 74 50 45 273 76 83 98 115 69 164 265 214 210 40 221 58 95 29 99 54 274 137 -15 157 168 85 193 217 262 31 215 250 124 175 6 85 98 12 172 250 223 225 119 -14 211 -4 210 261 124 273 25 91 161 147 248 -15 9 46 234 214 246 8 276 167 177 209 139 104 40 49 268 21 35 73 -5 176 71 148 -6 130 248 68 35 51 116 35 103 77 221 235 168 -10 227 169 93 223 6 97 104 120 263 63 45 200 144 280 1 87 265 61 266 123 200 171 109 251 184 186 195 191 222 55 212 -5 156 107 53 274 38 146 105 239 2 148 67 33 183 215 26 12 241 49 180 258 271 168 211 -9 157 -9 205 189 20 38 -5 63 14 153 112 243 -6 157 99 58 98 235 126 30 3 
73 240 263 124 66 126 -5 74 210 221 159 26 222 103 99 184 277 163 84 164 -13 26 260 182 -8 52 188 102 1 278 241 16 142 -3 40 210 284 -10 132 148 37 100 163 63 264 3 59 1 27 178 230 4 165 115 219 37 141 -15 199 135 268 51 84 160 79 131 91 134 277 62 32 190 258 158 262 277 144 8 136 220 204 82 -1 211 -8 200 221 48 160 135 209 228 39 233 16 193 259 196 24 277 75 157 230 251 4 188 205 220 234 157 205 213 85 1 270 64 179 63 269 130 91 284 127 54 -9 281 192 163 194 191 94 -9 9 27 199 276 135 199 156 216 255 -8 75 7 209 110 210 187 51 189 205 24 180 -2 45 221 114 281 278 79 253 32 46 67 196 123 147 265 76 113 39 -5 65 216 126 123 144 133 276 42 78 195 3 57 163 91 211 184 43 54 100 140 199 14 12 37 127 195 186 109 242 4 -10 200 143 229 274 236 218 242 72 266 274 95 144 218 2 97 89 36 58 53 263 100 92 23 240 178 6 22 128 57 213 -5 136 141 270 103 38 215 88 -8 93 38 -1 170 276 251 259 158 34 108 184 228 171 104 152 118 2 270 245 152 124 16 98 221 191 106 180 270 208 216 237 153 53 108 155 269 19 187 222 240 83 209 256 265 196 58 64 179 253 168 141 265 95 115 28 204 253 25 
112 198 110 122 82 181 118 200 192 135 261 222 5 18 264 154 222 111 82 86 135 98 238 133 29 238 233 142 35 279 75 63 255 151 137 37 194 6 273 183 38 211 61 270 186 120 121 164 75 181 144 108 206 188 -15 104 194 249 130 240 243 262 261 30 103 262 188 26 9 49 126 29 263 211 280 104 204 54 254 3 150 257 31 31 276 103 278 222 -5 7 182 213 173 89 2 110 70 25 1 209 91 142 69 85 -15 274 19 23 260 212 178 274 131 218 195 187 273 -12 -15 7 172 220 224 18 172 172 80 59 108 237 142 -3 101 101 282 40 163 176 175 213 181 166 235 254 210 276 228 133 53 163 161 282 173 197 189 239 81 279 257 76 115 -5 225 -9 158 123 228 121 206 189 55 86 23 72 47 126 160 7 22 217 233 169 84 147 -5 176 21 151 239 54 18 97 37 21 256 151 242 86 60 265 29 221 66 79 206 234 227 151 28 55 204 174 60 60 180 8 45 63 -8 83 110 229 67 135 162 213 284 123 166 156 250 48 28 8 219 84 207 109 70 160 111 264 243 69 74 138 66 110 107 -4 182 90 54 213 -5 210 -12 157 260 186 65 275 158 21 111 122 227 184 69 -5 162 226 12 238 71 49 212 57 73 44 10 177 207 53 60 268 180 281 29 115 138 166 207 237 92 240 163 199 142 220 
92 13 273 196 251 185 96 195 201 183 227 236 128 277 118 208 111 236 184 17 241 174 72 -12 -15 185 119 238 15 139 248 -9 41 64 60 159 220 45 126 138 201 235 66 86 216 28 36 246 51 7 124 157 90 -10 259 27 122 42 -11 87 239 11 104 186 275 262 99 75 64 23 104 3 165 244 51 39 67 -3 121 119 253 59 272 86 58 14 159 156 2 18 204 234 156 281 268 184 114 273 154 47 230 53 180 270 39 92 198 178 27 118 233 137 116 210 115 123 0 36 240 98 70 32 225 32 165 47 270 22 171 111 241 52 50 241 36 178 70 10 39 161 47 122 135 61 72 102 131 133 253 107 137 274 233 192 159 109 274 139 243 160 57 106 163 5 265 217 161 223 -9 10 94 249 260 5 97 -14 142 122 282 -12 -4 243 224 55 191 182 272 132 236 223 223 117 144 269 141 199 -6 -13 279 59 204 20 70 252 9 164 -11 222 13 137 117 263 21 96 107 274 240 242 246 9 186 157 13 233 229 -4 19 129 201 145 249 195 0 252 160 178 46 193 216 5 229 69 240 111 264 47 267 155 141 120 250 25 264 39 -9 278 6 127 125 36 163 93 137 234 4 30 44 151 239 253 90 32 34 -15 103 191 242 110 52 109 277 120 240 36 27 160 67 237 166 258 275 100 99 94 141 266 262 -1 22 194 
133 236 259 155 129 101 50 136 278 198 145 141 264 191 28 205 42 147 -10 -7 190 161 236 72 273 76 66 139 -12 213 278 175 215 135 102 281 213 249 76 253 112 92 236 10 275 195 6 105 185 -10 244 284 24 260 166 81 -3 203 16 262 122 181 252 271 253 272 8 278 11 177 -6 123 225 134 283 37 149 117 25 79 281 280 84 270 275 227 35 194 -8 167 134 63 31 92 235 -2 -8 172 65 4 142 149 140 166 212 237 179 229 51 186 -14 180 128 73 36 272 212 250 40 52 189 196 102 265 143 48 240 175 187 224 101 104 158 278 134 113 177 142 156 187 139 12 245 3 9 257 90 134 93 201 260 106 237 114 198 245 282 71 -1 103 42 15 244 85 99 -10 52 264 37 124 213 99 203 93 210 13 177 252 279 219 80 197 33 245 87 213 211 170 200 163 96 17 102 -4 157 9 138 130 85 232 255 190 188 248 191 35 209 -14 170 179 103 87 125 240 9 132 7 149 161 169 178 274 234 162 190 189 78 160 142 259 282 101 235 246 187 102 181 168 221 169 99 120 166 120 106 115 29 272 145 278 40 57 192 7 274 257 10 277 77 19 71 15 43 126 162 131 155 194 279 231 83 151 256 260 240 56 133 -13 21 277 122 89 275 75 76 41 125 127 143 44 63 50 182 -8 -12 108 167 249 36 8 
284 180 115 195 146 284 0 -9 242 138 97 -2 241 0 -1 123 196 142 217 108 79 137 80 212 126 260 89 19 222 68 182 120 -7 90 57 206 216 138 -5 78 -1 198 157 196 46 164 281 252 243 193 34 271 257 106 75 222 179 277 105 206 179 192 276 164 29 147 37 27 -10 104 173 128 62 282 52 2 66 166 223 10 274 254 214 96 22 198 134 83 218 178 118 221 3 221 276 -1 44 258 67 275 73 260 86 79 86 150 91 193 0 57 197 135 136 69 279 177 104 94 243 128 210 150 158 -7 69 155 40 39 82 139 14 278 48 188 158 84 188 213 98 216 96 152 17 52 205 102 7 103 6 268 159 76 283 163 278 58 130 258 97 156 252 -6 231 67 7 30 144 261 43 65 -15 60 47 133 229 80 21 161 92 49 176 165 142 4 165 168 18 223 116 130 211 116 125 40 258 214 -9 196 141 86 59 249 284 21 24 215 182 261 117 271 119 -11 43 -3 55 84 141 129 233 73 237 167 185 268 62 243 187 237 179 197 81 86 1 53 46 34 107 141 96 191 188 206 155 275 46 37 132 271 190 198 205 264 49 198 57 27 157 284 129 53 235 205 32 150 63 221 145 111 256 125 95 163 91 55 -10 232 2 259 43 250 125 171 -4 27 283 217 133 58 96 196 -14 261 31 96 198 -10 4 105 203 70 
244 246 71 89 140 27 166 92 137 236 225 196 13 197 -9 198 283 118 258 24 63 225 208 127 152 106 18 109 173 146 165 236 254 44 119 140 117 272 212 94 261 9 90 70 -14 202 130 26 269 259 248 171 264 265 0 195 93 243 174 31 252 262 -6 8 79 263 173 245 30 96 208 119 90 113 182 63 172 31 100 -5 177 134 151 107 73 162 154 50 -5 275 8 142 12 -10 44 192 126 276 67 155 45 217 158 -14 254 51 116 220 260 180 115 200 84 98 122 29 222 10 213 48 109 206 173 115 25 283 249 268 111 125 6 47 28 169 113 192 27 261 178 244 165 26 269 106 82 74 250 25 237 115 111 88 199 4 188 149 152 71 34 25 162 79 165 220 2 270 51 136 128 242 22 129 99 223 215 56 101 252 63 74 244 239 98 243 5 270 11 97 220 140 43 91 56 178 258 131 -12 254 198 31 122 194 273 124 67 281 21 199 91 19 57 213 90 221 243 -8 48 202 100 10 149 220 204 201 8 59 63 164 233 232 67 125 216 116 27 171 136 222 142 22 139 159 264 1 56 49 238 188 59 234 153 154 252 193 69 32 114 124 233 22 81 204 226 141 198 42 179 170 70 220 -8 -10 118 192 88 187 213 -5 27 26 46 -4 68 157 208 221 137 99 119 75 -12 134 101 182 62 112 132 199 167 76 
258 226 -3 207 271 270 200 114 97 247 105 7 266 150 45 4 185 250 233 27 206 10 252 -13 159 94 281 241 195 152 257 270 19 12 6 116 26 141 141 247 73 173 90 107 214 226 94 171 183 207 133 115 139 131 52 258 150 84 9 209 142 95 226 -12 265 261 23 70 83 21 159 110 227 93 52 241 2 186 221 57 131 236 165 168 95 69 -14 14 27 212 127 167 238 53 82 225 104 143 168 60 27 158 202 278 249 175 112 33 19 21 204 19 117 261 145 66 -7 19 252 16 208 86 35 112 94 122 240 233 141 241 185 155 249 233 53 60 -13 67 13 180 95 191 -7 236 223 258 140 160 165 47 55 43 272 131 149 7 266 227 82 153 239 19 233 158 -15 256 70 279 280 2 53 22 13 219 237 113 95 283 240 278 155 180 167 204 55 153 276 98 86 90 -6 221 123 194 261 86 220 41 7 124 0 126 110 135 58 99 259 146 40 8 251 190 152 178 64 227 262 273 109 198 267 68 133 -8 248 128 5 127 181 262 193 134 143 204 58 37 100 250 149 54 226 221 234 269 87 269 25 235 120 64 260 229 200 250 191 115 262 166 217 176 204 265 260 210 106 81 47 91 50 196 101 77 14 127 104 98 73 277 99 205 53 144 93 91 17 -9 64 93 41 36 73 1 42 188 208 76 276 251 153 63 
233 122 12 252 163 276 263 67 197 194 6 72 114 151 192 251 166 42 83 -9 126 51 200 47 254 273 172 111 233 92 174 193 115 214 50 3 26 5 229 140 127 45 66 129 282 236 97 190 172 57 118 93 112 69 143 166 148 27 261 -13 -10 163 21 131 247 25 151 77 13 -1 143 86 175 280 39 259 165 262 131 160 203 87 171 42 231 263 270 13 209 53 52 102 85 204 197 130 182 39 86 147 70 120 233 253 98 -8 284 171 200 283 271 284 5 216 -13 275 4 26 69 221 64 157 154 5 21 238 -13 157 94 105 269 9 233 -14 11 124 131 66 3 229 -14 62 49 230 272 124 141 247 282 97 112 -2 189 174 22 207 123 207 99 277 -6 237 210 182 164 27 277 160 254 188 126 20 47 179 81 207 7 94 283 274 209 231 158 87 68 40 239 110 117 198 129 173 210 117 158 110 125 157 50 160 124 176 126 225 71 230 171 227 -9 241 195 266 262 198 153 244 198 255 160 102 186 215 20 159 79 191 101 262 3 203 35 233 12 12 211 79 207 27 74 213 283 174 99 281 271 253 263 30 122 -13 178 68 211 110 241 95 16 273 258 98 215 277 260 126 262 82 -12 211 66 130 235 194 223 274 185 175 39 -4 241 213 193 100 -11 180 67 19 245 82 181 206 223 197 136 271 201 128 171 64 143 36 
253 251 218 205 191 217 46 93 151 279 91 68 42 59 257 133 254 159 169 24 178 97 90 36 106 129 226 235 6 108 254 131 234 278 3 59 284 147 145 3 197 2 204 12 245 94 118 47 204 196 108 104 160 60 24 142 25 107 218 150 283 93 242 -5 104 56 94 272 205 105 184 64 224 81 162 169 222 266 43 236 42 179 241 175 119 34 93 240 22 145 83 49 63 231 -1 17 152 39 278 235 138 65 229 192 141 12 259 69 106 40 205 98 23 140 99 232 61 59 37 138 152 167 179 254 248 98 248 245 164 232 201 248 80 133 89 197 150 243 48 251 208 138 284 193 195 124 135 212 272 207 59 107 168 109 15 218 57 38 187 182 83 92 153 117 2 115 172 172 86 238 233 193 216 90 260 238 167 -7 153 -9 179 50 240 39 49 259 -10 144 83 59 46 -11 -15 -15 187 87 56 249 258 176 6 5 105 216 231 218 249 72 210 61 113 120 -10 160 -7 251 167 154 22 238 0 269 30 153 39 101 34 281 139 269 126 19 200 109 274 211 96 48 38 28 224 119 91 55 190 37 267 119 126 144 113 212 123 208 43 115 40 39 252 -8 258 13 129 237 51 88 138 147 203 35 153 58 270 242 18 161 10 18 217 274 -9 130 -12 155 48 117 125 10 80 214 79 191 233 16 -8 59 3 136 46 231 
184 67 284 209 103 56 80 114 91 101 166 69 -15 161 -9 95 16 130 123 127 179 196 44 52 93 42 269 201 129 127 202 12 220 132 96 150 75 136 247 89 283 155 205 220 28 35 50 67 78 252 50 250 218 164 95 191 112 159 -12 138 196 183 229 13 234 181 220 40 262 102 8 243 88 245 99 161 269 2 249 116 30 -12 258 14 208 282 64 33 149 31 183 235 132 10 169 31 263 36 62 164 273 -6 274 167 114 233 280 55 251 89 91 89 149 168 35 52 118 262 239 210 129 254 152 215 230 162 52 102 86 12 224 30 175 164 111 198 247 85 116 252 278 76 97 211 18 130 237 247 115 168 259 25 66 92 1 159 204 42 27 269 195 -6 83 101 33 184 33 12 53 27 147 29 282 54 43 181 1 5 192 144 23 8 85 59 179 273 36 202 273 34 30 121 158 196 51 201 2 170 209 56 244 89 148 149 192 237 93 172 111 256 263 78 234 210 230 164 36 57 265 73 6 274 249 113 160 199 76 211 2 58 63 255 170 262 196 137 27 16 227 228 63 249 283 74 129 82 23 266 246 4 206 -8 77 146 60 82 224 51 78 -1 113 164 239 172 237 174 175 240 8 131 280 236 93 115 56 47 187 49 155 168 164 39 138 166 213 246 222 131 23 -3 276 60 180 52 -3 280 252 180 201 95 
10 106 110 256 142 46 54 271 81 81 229 44 159 184 148 96 43 158 220 209 171 147 195 47 70 239 20 22 40 274 62 265 41 281 -13 126 164 170 121 75 77 271 236 243 41 33 93 5 185 78 186 271 130 47 231 268 15 51 209 51 0 275 117 35 201 177 40 83 162 115 168 213 73 -12 257 220 268 136 33 174 -10 50 108 147 4 103 180 21 244 70 20 194 180 7 -8 149 -13 128 184 146 177 5 13 265 125 218 256 39 208 219 28 242 -1 239 62 38 143 -7 42 165 176 190 129 152 100 23 17 206 90 223 221 37 67 132 138 98 119 231 217 74 239 132 177 138 18 219 171 22 277 23 88 246 195 253 196 233 33 73 -7 163 94 31 269 252 31 152 99 5 201 246 211 131 119 61 49 214 214 83 20 115 109 99 -8 169 178 54 268 16 22 146 224 71 248 166 237 164 81 53 258 238 46 126 32 -2 151 125 17 181 247 208 73 176 28 -8 -4 97 64 164 114 126 196 -10 181 -1 127 30 149 -15 42 -8 6 68 91 225 186 168 84 40 -14 271 74 216 118 102 193 174 181 115 253 9 54 158 85 190 210 178 -1 69 21 98 81 87 274 227 167 238 274 173 173 222 3 145 178 181 127 69 112 181 94 266 174 196 196 249 43 92 121 161 265 117 -15 64 179 124 31 72 266 281 11 -12 
90 151 83 51 71 158 160 220 238 181 157 51 217 145 0 242 126 46 -1 60 216 16 192 282 126 121 249 147 77 114 103 -7 15 75 173 128 161 282 -4 243 233 74 24 61 201 92 146 58 104 130 227 274 40 32 283 261 224 64 168 123 46 217 236 278 77 274 30 205 49 143 268 67 107 228 157 277 3 93 65 21 27 90 263 264 86 208 150 116 256 199 63 193 20 250 92 36 147 92 78 138 67 76 60 160 280 75 113 107 101 80 246 230 122 137 -2 77 165 136 73 0 79 276 116 208 68 157 229 274 6 105 209 70 269 129 180 97 15 279 27 146 94 173 229 57 62 214 127 22 249 -8 148 45 232 142 177 145 260 262 164 66 280 225 -13 269 245 238 283 227 256 105 234 215 82 137 270 220 94 231 147 26 170 168 94 254 127 209 99 200 87 273 100 -4 212 193 243 228 206 51 251 141 191 211 169 257 190 154 84 36 114 127 194 114 193 236 117 67 161 157 170 64 73 47 127 57 215 215 51 -1 197 32 146 272 117 62 278 41 237 121 37 36 -5 146 171 229 237 120 275 242 269 229 185 17 71 22 119 249 -13 165 213 153 120 29 121 188 181 219 35 58 40 219 211 222 20 156 188 140 191 56 77 164 103 36 106 164 24 52 205 75 167 149 6 255 41 38 212 36 235 4 20 93 
173 10 247 102 -15 165 187 107 197 33 222 36 55 251 231 133 240 175 233 84 239 37 41 60 88 136 242 137 148 179 187 -14 242 272 37 229 30 9 249 281 166 253 28 64 166 151 29 275 56 9 139 95 31 231 236 281 180 149 193 14 63 199 255 232 147 31 256 127 176 224 58 135 231 265 97 28 219 40 140 167 167 256 42 5 -12 269 41 254 69 122 23 72 4 219 79 87 14 197 6 227 118 179 34 68 90 174 154 249 42 158 4 109 65 66 152 181 94 250 245 38 131 180 53 82 40 197 20 64 133 161 1 233 196 240 201 169 34 26 243 155 244 178 232 224 3 138 27 32 211 210 272 118 139 62 51 261 213 120 42 199 255 63 146 -5 99 140 282 49 51 87 -8 81 208 34 74 160 -4 52 284 10 17 245 118 269 228 91 173 164 -14 172 109 284 157 258 133 63 22 12 42 113 222 71 17 72 99 63 112 58 220 108 155 70 63 155 79 23 26 73 130 188 156 173 -8 69 114 120 138 233 177 86 281 -11 21 8 189 275 55 34 235 278 111 250 227 245 250 236 190 102 57 95 283 205 273 207 -4 197 126 68 56 106 249 260 67 28 123 209 197 151 98 113 166 7 70 174 74 70 85 52 188 120 106 160 248 258 160 90 98 66 189 138 173 257 5 160 171 270 225 70 49 95 
-9 -2 67 -10 56 256 254 262 224 263 13 281 21 54 29 264 190 38 108 264 -4 51 123 3 21 48 139 117 121 199 141 280 211 124 0 126 258 24 216 4 99 129 109 246 40 144 114 118 273 0 274 73 66 137 231 100 18 119 277 222 266 56 221 54 77 251 167 208 259 218 56 57 155 278 156 167 101 114 43 -15 39 186 218 26 112 181 37 179 31 97 238 4 213 149 192 68 221 278 2 152 103 130 230 56 279 103 269 19 135 28 179 104 224 145 90 22 208 115 272 45 236 174 70 229 69 166 8 82 120 99 45 -3 198 101 41 42 7 90 170 134 3 2 103 124 10 154 84 242 60 88 217 41 157 206 -3 261 210 215 143 166 29 141 6 139 77 85 14 199 216 133 13 274 187 0 83 0 59 55 -6 97 200 94 209 56 195 149 106 53 204 116 126 161 112 32 232 268 235 52 -3 214 229 250 91 48 173 67 107 161 243 26 149 153 186 47 234 14 261 59 -5 281 80 273 36 182 249 128 170 125 264 224 186 84 14 167 -1 231 205 -3 183 143 108 41 84 66 40 73 69 50 80 188 226 244 161 107 43 87 229 258 73 17 149 103 101 248 252 266 71 149 18 267 202 21 120 274 237 -15 146 218 273 104 87 56 232 35 99 16 197 4 19 240 29 165 237 71 278 215 166 201 173 58 
148 138 213 248 119 164 46 46 78 72 64 125 94 115 84 33 211 85 175 206 164 131 29 224 136 198 208 141 -8 91 78 -1 119 284 284 247 219 83 56 112 146 45 272 69 161 249 156 211 236 83 137 5 254 155 203 64 282 167 236 81 10 184 62 108 92 263 -1 51 118 134 279 36 81 92 154 199 189 7 122 200 278 20 127 84 91 229 281 117 140 206 126 235 13 -4 33 276 114 145 66 0 223 87 99 161 212 221 50 284 161 71 95 85 2 98 113 72 255 107 132 40 70 131 194 280 205 43 75 84 65 56 245 237 87 13 99 220 30 220 20 4 269 123 227 278 267 228 14 68 236 207 -8 77 -10 206 12 -4 232 205 203 39 217 131 247 -14 273 276 73 272 19 257 143 274 150 241 234 46 61 6 235 45 172 211 69 267 186 39 235 70 88 26 38 270 75 257 105 172 189 112 275 66 -8 88 220 -14 219 171 240 281 101 7 204 186 243 137 107 67 65 94 40 67 12 254 72 32 134 36 239 267 187 18 102 6 123 13 72 209 36 192 136 200 62 261 -3 112 139 100 -15 64 67 179 123 186 84 129 265 2 219 251 -15 10 268 192 54 155 82 16 68 15 174 111 252 275 284 275 282 187 266 179 20 99 193 86 68 8 101 231 45 284 81 238 238 118 107 131 30 102 133 -3 71 51 
48 274 150 38 67 73 274 46 239 188 132 204 2 55 243 49 134 233 79 1 136 177 8 182 256 32 204 90 235 73 192 238 154 20 198 207 140 263 247 233 19 38 145 2 87 79 135 0 0 109 272 270 -8 0 25 267 84 53 282 120 140 138 262 271 -4 -11 70 197 258 33 191 34 209 273 251 73 94 160 -10 93 -7 33 161 66 154 156 210 77 134 223 41 219 264 210 134 155 -5 21 173 142 174 56 119 6 25 37 245 223 173 -12 234 269 155 43 55 86 153 203 231 223 26 3 197 268 284 179 280 229 110 220 14 3 166 250 158 284 227 6 60 9 196 -3 116 108 269 77 201 85 50 54 47 126 161 248 265 243 171 195 224 147 250 190 178 95 8 152 130 38 92 152 132 222 165 9 35 29 232 237 214 108 199 205 268 45 218 249 35 39 125 280 246 98 -2 235 213 94 204 47 269 16 99 84 65 135 178 -10 17 229 51 -7 145 227 150 197 -8 181 153 164 261 112 139 280 141 148 86 256 7 198 149 269 0 239 213 272 35 215 259 58 200 108 146 180 183 65 115 -12 100 141 267 180 104 8 267 118 95 69 22 251 47 261 202 200 131 203 140 89 -14 120 194 12 145 109 14 30 52 174 164 152 32 210 71 217 60 60 32 1 78 240 259 157 263 31 150 238 262 175 98 4 133 30 
165 32 32 16 162 75 48 31 67 179 108 107 225 63 229 131 39 151 15 82 160 203 49 9 42 33 273 132 183 187 93 18 47 117 197 18 78 115 234 0 52 175 39 65 29 2 246 271 266 75 81 222 101 155 70 258 120 211 267 125 137 271 54 212 13 145 192 215 194 146 212 36 109 159 254 52 232 118 185 220 112 193 174 261 271 75 198 163 88 254 1 11 146 125 108 167 26 179 256 210 87 264 16 -12 256 135 69 247 57 -5 20 143 242 173 276 243 69 258 168 64 12 253 83 21 274 248 46 260 114 -4 51 284 276 -3 91 224 108 254 20 266 109 81 164 232 47 267 92 83 235 199 126 28 -14 188 9 28 163 271 234 91 165 254 87 -12 262 105 77 7 138 -14 227 7 66 24 197 230 143 44 110 170 94 192 146 44 233 147 195 144 267 24 270 50 -4 30 132 151 187 248 90 21 49 78 202 164 158 172 106 141 214 186 74 135 144 28 113 127 102 242 40 188 17 238 259 56 86 280 72 273 9 119 109 243 73 198 268 145 -11 170 45 95 201 190 144 151 32 199 211 214 272 93 2 220 158 41 5 147 39 213 246 229 28 40 -9 105 234 95 278 199 106 128 204 274 107 40 171 193 179 261 160 269 83 108 187 146 209 25 19 120 192 15 45 -1 55 69 124 198 21 195 64 281 
37 124 12 -10 164 265 -12 218 251 238 251 107 167 107 56 135 6 254 215 262 72 91 14 77 246 -8 132 203 281 79 214 152 186 100 233 72 233 175 19 149 63 50 245 172 157 263 124 274 -11 116 271 85 103 162 253 156 37 67 47 -8 -9 143 136 16 237 198 266 147 101 268 272 -13 172 85 106 202 8 90 125 217 219 203 276 59 38 231 78 175 272 144 133 91 57 264 157 248 -13 125 17 228 84 219 107 108 276 95 234 14 40 193 13 228 159 239 18 242 224 13 228 212 244 177 257 91 77 232 190 33 40 220 124 219 59 219 239 159 93 232 33 263 134 57 93 212 190 281 21 150 201 178 129 151 257 217 192 166 215 124 235 62 114 189 164 215 33 146 69 97 147 81 243 250 97 144 61 13 134 47 112 92 106 41 55 253 153 280 146 85 57 97 80 68 207 135 -15 137 38 187 -15 49 105 156 239 74 33 140 29 218 161 26 93 131 138 198 71 118 162 182 231 271 89 58 -3 23 -10 262 35 260 238 50 259 220 251 174 66 253 275 107 129 252 183 3 -6 225 -11 164 28 185 119 71 258 73 123 -6 114 206 284 138 66 153 222 123 187 221 41 48 244 231 46 191 48 50 -10 -4 188 83 179 137 32 2 205 195 149 230 197 43 6 237 84 263 101 272 241 42 81 137 148 -8 121 245 
202 55 191 117 20 155 282 143 257 160 2 191 14 98 122 175 49 160 142 45 66 37 233 200 176 95 40 60 154 52 189 151 260 275 -14 36 221 30 186 133 202 261 217 149 185 92 234 91 242 177 274 166 118 160 90 41 66 282 253 89 86 3 271 200 194 279 109 28 283 203 214 137 183 17 38 11 263 -11 213 259 233 114 174 107 269 96 104 160 15 -13 56 196 213 224 164 265 47 175 260 225 244 221 15 62 35 50 249 187 114 98 154 279 141 3 233 -15 30 10 242 77 -13 78 45 199 89 257 264 41 16 55 90 126 19 196 246 8 -14 205 153 129 273 -7 -9 146 14 160 197 -9 253 260 78 35 107 4 263 247 5 177 175 85 231 91 173 111 237 40 156 132 124 202 4 62 92 115 -6 172 128 217 196 54 7 244 150 171 262 27 244 107 270 256 265 109 215 207 63 66 165 65 212 46 2 182 112 218 100 37 68 3 20 186 15 82 67 -12 71 9 268 28 138 244 199 266 177 180 185 107 5 112 55 179 4 221 231 63 6 168 268 165 89 265 189 131 126 18 121 18 189 231 266 36 186 5 188 215 89 258 119 243 166 220 135 158 202 54 219 119 66 161 216 137 137 182 28 128 284 115 38 192 252 80 63 129 144 172 145 103 11 128 227 220 28 24 10 110 204 128 67 100 160 84 
73 -12 59 167 191 142 35 100 29 268 47 118 23 33 -9 202 23 3 64 230 45 88 261 108 131 107 119 20 74 208 11 -2 214 153 141 87 -4 243 209 173 214 33 167 66 275 259 125 -6 49 181 0 -5 235 48 -10 125 27 157 -14 97 128 258 225 38 23 270 105 139 255 93 23 244 198 178 236 271 274 62 128 152 168 270 142 180 55 217 91 239 4 97 51 48 86 186 264 213 264 102 208 71 70 98 213 227 92 189 -14 102 236 184 41 226 162 138 215 97 161 25 28 49 281 161 228 25 126 103 241 75 14 17 146 258 179 148 35 210 120 153 281 250 210 216 252 233 133 218 52 149 99 254 49 132 187 223 202 195 127 175 124 111 192 279 214 1 210 181 32 58 182 122 225 168 198 226 105 68 21 4 15 196 111 167 257 239 96 213 93 222 122 181 132 190 263 284 150 19 17 219 101 175 195 112 189 263 271 238 231 133 80 62 140 59 105 8 109 227 162 1 -7 128 281 117 207 79 238 128 -12 229 54 265 90 236 50 7 82 100 258 152 112 36 176 87 69 10 243 4 213 95 16 85 -6 54 263 59 239 127 269 75 37 98 236 103 235 129 216 24 84 103 17 -12 118 -6 53 38 108 116 87 1 65 180 199 31 227 271 189 0 277 185 156 149 5 91 68 101 124 12 208 109 143 15 
-1 146 206 163 165 45 171 202 160 -10 13 130 33 102 225 201 9 282 185 182 112 79 7 224 221 175 101 19 118 175 43 277 120 43 284 106 46 131 236 79 111 111 192 -4 82 -6 92 60 69 62 51 217 256 155 93 240 191 -7 257 254 218 2 139 280 21 277 115 -4 239 188 24 120 18 256 92 206 188 102 68 189 273 280 78 167 124 34 281 240 206 67 77 134 89 235 188 277 73 97 181 244 37 140 86 153 56 261 51 229 9 256 161 84 191 61 259 12 -7 73 128 79 219 129 61 146 -6 184 54 43 141 32 284 3 3 175 184 129 158 151 266 73 8 179 50 32 117 271 74 243 154 194 226 106 177 223 129 119 201 191 65 79 151 -8 45 233 185 281 76 192 54 260 216 54 -2 132 84 146 243 168 87 257 207 219 171 192 93 146 57 189 231 230 -11 41 57 243 140 33 7 14 259 243 67 9 71 127 133 105 283 61 19 150 282 -11 1 67 -6 266 69 140 36 267 43 243 261 76 243 23 -4 11 70 258 1 6 217 99 181 256 83 -13 135 2 27 139 131 120 123 -11 233 148 207 230 115 2 9 269 158 20 119 262 263 116 21 265 138 228 85 12 223 114 92 134 164 220 175 66 25 233 45 271 222 149 167 261 62 153 149 80 89 106 91 167 39 4 152 220 209 50 78 118 -11 77 
283 102 33 -12 -3 147 241 221 212 96 6 133 271 87 61 85 92 80 132 118 258 -6 13 238 132 37 260 99 0 195 259 132 224 244 240 106 -5 281 243 120 19 112 229 130 37 218 220 138 245 36 135 32 185 283 225 -13 108 33 101 64 116 9 265 71 195 178 283 93 92 82 115 233 66 3 102 17 245 205 231 -9 161 254 56 14 127 221 135 63 41 189 49 221 85 138 -6 228 221 90 3 97 277 45 261 177 69 113 147 237 33 87 173 164 35 266 13 59 268 46 190 17 233 284 188 137 95 180 151 177 205 262 140 188 97 282 204 107 157 122 282 151 39 150 79 -14 175 206 99 213 256 46 191 173 134 197 109 241 263 110 96 266 27 112 69 91 64 153 185 284 -3 110 264 14 22 265 69 157 169 271 10 48 64 -13 123 32 271 6 170 144 263 24 41 116 211 -13 272 193 182 270 204 279 242 -15 121 104 11 180 79 88 250 61 178 162 95 154 192 2 249 186 165 223 138 194 218 159 98 35 -1 100 152 -10 173 69 250 192 180 89 57 131 36 128 257 204 271 72 246 79 190 -6 83 180 27 173 85 180 278 262 68 67 235 212 269 219 132 238 27 5 279 63 140 -2 -14 100 115 65 92 161 243 246 -1 -3 269 -2 56 183 234 154 127 137 147 -3 272 86 253 282 100 177 125 97 184 239 
236 13 -9 69 118 102 18 126 140 252 281 74 12 279 224 264 40 40 -13 269 273 68 233 234 93 252 187 118 170 177 168 127 250 256 204 39 280 45 125 94 -15 275 -11 26 30 127 38 185 155 142 171 182 29 256 216 -5 264 47 55 2 272 215 175 191 81 123 61 89 57 184 161 283 52 113 263 96 54 82 275 274 192 13 110 144 244 105 -13 198 174 241 85 9 79 149 149 187 254 59 121 171 147 245 10 29 83 8 27 237 221 48 116 246 58 223 254 158 -12 187 79 158 60 148 144 258 221 82 5 90 -9 258 94 15 28 186 59 33 210 190 25 137 185 194 279 10 190 89 141 72 247 111 0 188 85 174 190 278 108 217 97 272 42 261 210 118 91 261 98 83 123 66 188 63 9 254 148 129 282 180 260 43 17 47 90 219 273 66 61 137 24 220 11 194 19 29 -14 23 269 261 185 22 16 227 102 252 33 229 49 160 28 78 55 263 69 132 60 144 277 -9 218 46 131 194 140 40 -8 200 226 12 277 38 53 187 104 147 201 19 246 152 72 82 16 281 122 3 223 207 59 143 112 131 77 253 107 235 43 117 31 64 186 105 203 212 265 273 0 17 246 217 243 -11 50 232 24 135 245 3 207 170 72 -13 254 117 70 115 39 211 154 190 64 228 41 3 84 235 159 61 143 273 44 205 
168 69 279 170 198 106 159 249 -2 159 284 241 208 193 117 100 224 282 139 50 81 111 -12 206 -2 191 241 26 233 203 161 20 142 57 31 15 173 205 153 199 147 272 122 188 4 55 225 275 4 12 36 242 168 183 243 61 207 196 284 169 103 143 211 170 96 248 242 108 18 -8 71 181 118 111 45 109 204 147 56 89 270 197 83 137 36 131 74 84 279 234 236 178 275 45 199 38 74 69 155 216 124 143 241 204 88 71 48 135 164 161 52 -7 151 29 124 132 62 187 105 269 29 185 45 164 235 77 81 12 97 114 215 28 47 118 111 79 275 251 100 59 231 142 281 216 161 137 209 175 249 35 108 149 149 262 95 200 131 187 133 94 200 174 239 91 172 125 48 160 114 213 5 164 -15 144 97 190 119 143 85 145 25 175 146 131 243 11 73 277 106 76 283 249 259 209 40 110 209 220 210 272 278 120 167 55 66 140 71 226 161 72 71 239 218 -13 168 161 28 77 172 184 28 190 246 128 30 75 77 212 32 75 103 185 125 100 62 264 7 223 194 236 32 281 24 216 249 267 74 127 231 169 52 160 197 227 59 13 282 260 205 186 109 246 88 207 254 177 37 110 71 59 179 46 187 24 236 57 65 64 152 -6 56 65 245 106 106 29 242 32 94 220 19 272 3 101 12 122 274 11 142 6 
82 38 -10 85 62 91 71 165 142 4 110 130 20 71 151 46 210 162 39 118 255 275 16 137 270 29 45 116 175 126 27 187 25 94 47 156 270 101 24 5 189 196 207 78 -14 262 205 127 89 232 242 47 68 177 64 174 262 196 5 224 160 246 13 278 247 13 53 172 34 169 100 160 101 269 124 155 26 77 217 185 191 201 134 -2 245 146 31 230 -4 19 265 212 170 60 227 230 56 94 266 184 258 185 4 111 43 229 230 220 257 54 61 18 185 108 248 -4 178 231 124 210 43 99 221 197 31 254 199 284 257 20 196 218 186 164 242 22 133 234 174 170 209 64 118 143 75 112 5 168 204 250 21 277 43 50 -15 126 46 49 55 204 245 89 276 174 115 86 26 220 93 190 67 113 157 11 236 7 187 251 246 187 170 17 132 52 193 170 -11 -5 -9 266 100 245 80 48 154 194 44 235 138 218 266 87 132 28 18 63 2 240 111 148 -2 128 36 178 242 179 152 138 152 70 27 255 38 120 282 93 1 55 58 191 128 -9 93 128 148 67 -10 120 205 234 166 271 240 144 39 283 135 157 40 82 115 -7 -11 166 241 264 236 36 107 283 148 166 150 268 209 64 216 227 148 182 106 38 233 76 239 26 -6 74 234 114 109 181 70 276 125 14 220 174 85 137 82 6 118 104 94 169 210 233 20 76 
244 281 163 192 282 163 48 176 61 -3 65 32 268 261 161 76 -8 282 157 165 66 40 255 160 252 49 152 273 221 -14 68 21 211 250 276 91 188 149 175 263 145 63 22 216 188 197 88 56 196 152 66 146 245 70 142 187 143 214 258 248 129 23 15 247 24 183 47 155 76 68 276 105 97 111 202 65 206 81 102 154 84 267 236 216 252 1 246 142 -2 269 42 119 214 224 275 277 72 277 14 98 276 201 -2 154 277 219 209 133 13 85 109 243 117 75 55 232 243 222 -11 179 165 191 174 238 152 -11 10 108 185 161 119 218 239 213 75 174 25 126 178 64 101 133 99 277 233 284 82 106 1 206 213 -1 109 153 228 276 12 -1 41 180 241 93 204 243 13 118 -11 31 158 204 219 227 86 162 249 216 247 106 47 145 206 239 147 141 33 125 177 166 129 180 172 136 64 67 17 54 11 109 281 204 239 257 274 118 17 226 58 56 88 149 16 74 198 -5 171 118 157 181 168 195 127 145 90 -4 284 173 276 158 68 267 175 43 41 25 192 284 33 94 276 71 27 153 -10 80 146 -12 -11 185 78 -12 119 244 63 22 77 90 283 5 236 220 16 151 114 272 250 141 189 34 202 51 73 276 216 26 9 272 280 256 20 103 35 49 244 113 152 252 227 179 181 182 284 28 120 68 100 57 129 175 85 231 
57 63 75 157 183 241 113 117 259 81 106 239 148 166 200 65 239 261 125 78 112 128 249 93 231 12 179 67 219 60 136 200 121 16 255 43 169 100 13 40 168 97 241 206 214 238 79 148 162 91 207 97 258 -6 259 220 169 122 92 153 74 197 269 152 14 104 12 37 225 140 227 153 257 251 6 184 208 265 109 72 223 228 29 160 174 170 182 132 78 154 227 32 257 116 113 192 185 277 29 279 79 166 69 131 33 107 201 32 218 211 54 102 117 14 134 132 265 39 185 250 99 148 64 199 244 283 100 112 245 165 273 223 76 176 96 267 201 45 145 246 240 208 113 61 69 0 51 281 173 -15 42 246 67 88 262 156 224 -8 34 99 62 178 269 159 99 108 196 48 28 225 80 200 -13 148 91 94 162 26 -3 186 229 260 95 119 211 146 275 111 128 141 87 125 237 79 26 115 212 256 64 -13 238 259 264 103 210 63 -4 108 244 39 205 131 -2 45 21 157 154 206 37 213 232 156 198 191 29 244 237 100 60 90 -3 215 187 139 78 246 178 45 204 61 188 245 34 178 130 254 271 241 184 136 105 154 24 31 116 121 262 -3 53 225 94 105 196 -7 128 209 122 119 265 123 95 173 132 259 223 256 252 132 195 143 13 252 155 29 73 225 53 163 52 214 208 12 114 229 95 69 268 158 212 258 
197 83 152 122 107 145 235 8 132 196 215 154 86 187 114 11 23 262 29 251 244 51 124 118 128 26 234 182 184 92 223 36 206 154 261 169 270 88 183 280 223 52 89 -5 270 87 68 143 228 66 -4 284 177 148 275 13 161 156 159 128 6 200 12 5 102 25 112 8 43 146 103 128 148 213 143 274 33 249 215 246 258 193 81 212 88 25 122 73 8 179 245 264 0 55 260 152 43 82 -2 55 41 36 283 213 215 256 242 221 232 -14 80 80 256 31 210 112 4 87 112 246 218 -13 143 266 222 275 28 174 65 283 278 278 140 250 63 139 41 88 221 231 258 92 135 12 14 200 45 251 249 284 115 186 210 36 38 205 190 130 271 210 246 111 222 208 281 201 70 49 185 248 82 82 223 177 243 214 201 220 123 53 243 253 181 -4 20 186 86 238 118 71 92 69 44 253 228 197 127 279 217 260 255 110 -1 279 276 268 86 103 28 175 11 200 167 79 220 42 124 -11 210 249 213 97 250 138 -5 95 69 122 6 193 273 195 136 113 149 17 152 37 30 235 224 250 151 197 128 224 157 237 115 202 8 13 148 58 -14 242 77 184 253 51 243 236 255 23 123 -7 244 49 87 175 28 205 87 127 -15 7 230 74 39 200 160 111 274 126 218 221 168 49 220 172 -8 175 121 179 138 247 24 254 268 118 
110 24 256 218 135 56 159 284 138 -9 133 23 239 101 45 245 183 130 144 -2 123 71 134 143 284 241 49 248 155 164 272 93 175 203 174 117 260 15 223 104 178 121 222 176 77 125 225 150 264 49 18 238 171 197 26 26 9 232 231 246 17 -9 282 129 169 184 161 55 164 154 261 4 105 127 83 97 109 166 54 208 143 90 145 256 54 162 93 157 27 67 185 236 217 267 252 43 37 119 18 -12 197 215 31 140 32 53 73 66 215 171 176 148 131 145 138 81 246 142 23 255 70 150 31 19 208 192 247 7 189 76 98 151 -13 112 23 95 141 159 101 208 224 26 170 53 65 226 257 252 -5 17 144 97 263 65 5 138 152 130 31 16 -8 39 239 217 36 20 199 178 267 253 238 218 103 42 121 200 179 125 86 10 228 96 20 87 124 212 34 42 163 245 239 27 10 277 233 165 198 215 25 16 11 59 -2 266 68 31 181 21 236 15 129 6 117 253 114 16 236 7 96 222 193 66 9 215 136 168 30 52 96 104 34 166 236 185 255 129 147 40 174 203 256 118 37 233 214 30 32 101 40 214 21 7 141 119 83 281 257 45 224 105 175 29 197 40 30 119 31 225 209 247 -8 262 92 275 124 23 12 197 112 81 206 13 262 205 183 134 238 20 122 89 136 193 214 61 256 5 45 1 239 78 
273 27 98 235 55 39 216 147 -14 264 231 189 101 0 23 159 143 33 154 145 5 26 171 259 145 72 221 21 194 215 242 24 132 56 -11 118 221 280 94 22 152 165 32 112 249 19 27 189 53 278 150 32 180 238 -14 256 40 267 173 106 84 134 94 65 125 75 238 194 23 152 -7 231 175 238 33 263 175 267 52 257 126 24 44 244 178 147 28 172 152 212 96 233 151 272 261 284 36 -10 78 40 -8 222 103 139 -6 17 284 277 26 282 28 192 18 94 194 269 60 199 91 206 244 12 110 69 92 -2 169 167 225 206 -12 24 220 5 262 46 97 272 142 215 14 26 72 41 27 10 61 252 17 17 197 199 125 199 102 67 198 29 159 110 237 95 279 269 128 203 100 95 212 2 163 29 212 137 20 250 103 127 73 -3 129 109 248 94 13 274 70 142 157 95 -2 151 219 262 198 55 127 163 94 2 16 39 275 26 155 273 96 7 169 29 30 264 145 163 33 280 106 67 172 96 50 78 233 127 103 73 262 123 229 281 283 92 196 115 78 271 235 4 175 145 126 136 167 67 204 151 163 184 16 44 9 89 252 141 67 161 30 266 59 1 170 105 150 29 149 -6 3 187 213 20 154 31 121 232 258 117 238 261 4 7 25 167 -15 174 235 -4 89 106 19 271 281 8 51 95 2 152 186 4 223 87 
104 256 250 79 114 133 277 112 147 161 2 93 203 -2 135 227 232 102 76 129 66 58 187 57 63 163 101 6 159 41 10 243 124 264 28 38 205 123 105 40 88 171 230 -11 225 0 5 111 170 5 121 168 184 90 75 279 163 1 57 110 4 198 108 14 146 44 47 203 279 14 154 83 144 91 276 151 180 96 105 251 137 228 275 35 156 262 143 167 233 117 170 25 262 269 265 220 172 248 214 39 59 87 111 174 0 5 48 281 35 148 48 -6 217 147 72 151 82 40 196 5 20 172 162 -13 124 43 228 170 137 40 156 253 185 188 130 144 262 9 278 44 198 47 222 245 55 118 134 44 38 119 106 64 93 0 236 35 190 49 86 264 -6 68 190 259 238 -5 169 10 200 88 245 -9 30 181 47 232 258 113 267 13 213 259 16 208 190 -6 83 -15 205 137 159 125 269 64 216 245 113 250 189 15 114 168 -14 104 94 42 278 206 27 89 68 67 6 252 72 59 138 259 16 194 24 1 275 34 241 4 222 108 214 -1 54 125 230 231 89 143 138 82 212 11 56 80 216 57 130 58 156 26 61 145 135 58 51 59 262 230 86 53 216 216 158 212 64 228 202 35 262 177 118 157 46 148 139 107 213 104 4 201 153 48 80 190 56 17 163 233 220 42 113 153 89 112 40 67 190 241 46 226 1 214 
171 19 177 41 160 271 245 240 264 38 -13 114 38 176 150 177 19 174 180 122 217 261 258 181 232 135 37 68 140 163 185 133 108 53 80 205 66 122 154 68 254 223 46 43 47 241 211 29 155 97 51 113 194 -10 56 214 155 187 -15 36 -10 185 283 190 -11 209 58 177 265 194 29 32 167 13 61 209 39 164 213 -5 184 224 41 151 69 26 168 176 268 29 278 66 -5 18 16 51 83 36 154 257 261 33 189 54 34 -7 230 8 283 77 221 43 265 234 126 -6 189 279 201 174 79 96 232 201 20 201 89 150 237 219 249 160 86 73 97 -9 271 149 119 -3 170 28 19 14 2 43 253 255 202 136 282 53 40 256 267 174 252 154 265 31 111 68 59 66 165 156 272 178 235 -1 265 188 221 213 10 -12 107 131 276 177 81 100 122 101 184 245 38 44 43 17 23 147 242 265 268 144 154 16 -13 188 129 261 111 184 283 76 252 188 245 110 113 186 161 225 122 13 150 227 238 92 105 106 62 57 213 156 100 18 167 160 103 4 133 217 99 246 268 245 -13 43 15 -8 189 138 270 14 266 122 59 71 195 258 83 25 135 258 116 51 278 171 250 16 229 212 240 282 11 225 248 -4 212 120 138 54 96 178 136 183 26 139 142 71 109 5 176 58 150 26 224 193 231 176 6 -8 232 276 253 235 29 262 
156 21 75 0 136 206 -2 274 276 232 161 113 75 92 179 218 49 38 131 8 252 26 259 96 4 180 131 133 20 258 139 157 219 260 79 199 219 189 262 -15 273 245 117 167 178 262 211 76 261 147 257 57 28 21 62 120 3 152 61 95 170 262 97 65 62 106 14 108 203 212 57 127 268 18 24 66 52 46 47 248 32 214 130 168 161 56 212 259 263 132 151 277 105 123 97 34 67 93 54 192 14 145 255 142 164 -1 267 182 172 166 -4 25 10 256 64 278 197 134 80 50 264 124 141 272 244 253 1 102 180 47 28 158 -6 30 200 191 229 184 50 226 -6 84 174 24 172 231 0 31 2 128 48 -15 191 49 199 279 144 -8 275 194 245 266 84 186 -5 101 204 101 19 118 96 150 -13 191 97 153 189 153 130 210 16 240 126 147 47 273 240 71 215 116 221 133 -8 108 158 98 279 164 115 146 27 159 251 216 226 10 152 239 261 248 229 271 258 107 67 77 268 85 201 164 172 97 44 24 255 3 69 20 52 122 284 30 32 284 77 157 135 -1 128 206 148 158 -1 47 -12 -3 223 242 87 218 175 209 211 176 83 6 158 137 95 88 169 238 0 114 14 154 59 48 82 45 222 200 139 242 154 278 50 278 249 -5 95 118 68 234 205 255 188 65 19 241 26 11 59 18 255 50 278 39 33 170 
180 68 259 254 -14 40 67 75 -3 15 74 283 76 255 12 45 273 271 137 149 88 31 111 173 65 157 9 77 59 265 155 14 52 155 42 -1 199 207 194 127 160 74 227 243 15 139 257 215 211 261 215 100 8 271 18 -3 139 155 61 96 185 35 0 42 35 224 106 181 252 49 179 26 15 21 6 103 -13 236 5 -5 160 59 242 111 48 73 198 115 182 8 245 -6 213 104 133 -10 140 195 222 144 280 53 217 175 215 282 47 78 228 189 146 42 139 -1 10 68 7 265 61 133 232 112 131 220 62 42 35 40 95 182 67 -15 280 187 62 114 159 255 156 181 139 -6 154 223 280 48 47 251 213 91 97 260 115 -5 192 241 44 0 75 37 68 34 53 128 242 240 180 196 123 267 108 275 246 259 125 108 92 1 212 260 254 211 -13 119 95 186 40 -10 167 114 76 180 108 67 128 152 253 242 228 141 32 77 114 117 40 144 109 41 94 192 10 117 247 1 31 168 83 43 118 15 136 0 245 98 6 125 76 225 158 210 182 180 249 79 -9 254 202 157 173 47 18 16 241 109 3 117 181 43 35 23 148 59 114 22 277 266 103 57 252 13 267 144 105 254 186 96 87 91 78 54 172 50 241 101 13 206 94 0 108 85 183 219 244 -9 126 64 121 30 277 137 249 230 51 125 179 270 267 120 25 123 
275 107 147 117 117 275 2 273 189 272 37 110 40 153 99 130 27 186 45 14 58 47 259 52 42 215 138 185 225 39 31 3 -6 272 226 93 249 30 119 229 251 3 117 173 197 147 5 129 -3 105 269 211 218 57 214 48 265 28 271 222 39 141 95 39 229 -15 257 157 10 226 113 186 268 247 9 271 186 155 22 255 48 11 201 -7 139 213 114 37 275 -10 54 218 34 146 250 266 106 99 107 34 158 187 4 82 61 274 0 175 88 99 17 273 217 -15 168 35 83 153 162 4 156 79 114 45 45 242 -4 41 245 248 129 56 60 169 248 207 209 166 161 198 94 162 160 2 139 284 83 54 189 219 168 85 17 253 133 18 116 146 237 179 224 217 232 -10 28 228 101 145 20 -7 147 155 140 95 85 220 6 150 15 209 178 114 238 143 165 254 177 162 75 40 145 -15 221 171 274 116 119 153 127 137 -1 202 139 75 206 216 137 92 75 41 281 165 141 242 85 263 100 173 267 236 123 277 63 -10 204 160 67 56 268 62 221 15 209 25 133 158 17 108 60 44 -3 95 188 193 22 139 128 188 150 114 279 145 243 138 104 279 203 46 181 131 155 177 252 198 274 110 145 175 144 151 33 92 184 2 -1 42 274 109 -15 19 40 1 137 168 191 201 216 64 180 244 166 144 37 12 -8 2 18 -15 47 43 
236 225 210 7 9 33 121 0 123 284 210 48 253 2 56 22 108 84 155 112 23 282 196 36 117 153 113 28 190 62 194 217 284 78 209 54 175 239 191 90 247 64 132 90 70 173 69 99 41 61 72 48 146 135 229 254 43 82 126 4 197 1 63 58 92 118 87 253 210 -10 125 85 166 149 143 181 198 146 229 266 82 46 229 123 227 133 177 88 40 149 213 14 248 114 118 269 12 -6 240 215 74 205 63 92 111 235 211 222 73 273 142 128 272 214 52 141 5 83 206 -2 211 133 88 101 274 125 39 -5 169 244 27 276 52 16 164 160 58 255 168 197 259 86 200 100 25 9 74 236 281 77 267 57 240 214 40 161 203 206 98 119 170 145 186 93 191 39 38 180 259 35 253 185 281 70 217 103 72 271 63 226 281 -13 31 141 252 4 -11 119 259 118 82 34 131 138 183 86 236 70 251 217 151 172 175 187 26 187 91 64 50 140 223 123 64 37 23 201 18 279 262 23 159 95 169 272 49 161 59 158 254 25 220 43 141 191 78 95 210 250 140 56 177 56 -7 64 211 232 23 62 22 183 125 208 282 194 117 172 195 256 222 10 213 133 117 201 217 218 242 -9 142 -12 2 118 248 123 55 9 172 190 159 -9 124 92 272 71 268 252 211 79 121 57 152 161 105 236 65 111 16 279 183 18 
161 148 169 203 172 245 51 273 86 116 182 -7 65 114 240 263 -14 88 182 84 24 202 -4 260 151 231 142 34 213 265 124 138 31 85 187 203 199 58 34 233 89 159 29 216 160 253 69 -7 35 133 56 112 211 -6 108 107 170 259 210 238 232 195 87 140 181 13 -14 113 259 130 123 84 178 121 93 79 5 217 99 228 3 109 203 66 66 200 142 129 170 278 222 31 142 95 198 167 134 155 284 74 -4 229 276 283 44 52 280 46 209 143 109 193 278 279 21 255 190 -14 123 210 -8 30 246 159 -15 184 54 24 38 50 151 165 161 156 51 209 207 282 122 19 87 101 180 68 209 -9 220 163 122 19 210 60 3 137 138 113 124 182 54 170 242 -12 44 39 118 273 45 267 284 161 169 107 104 128 -3 60 204 76 236 181 250 31 237 176 199 37 141 191 156 73 136 -10 148 76 274 159 243 146 158 17 282 15 223 93 166 157 46 161 133 180 223 138 270 250 170 149 137 185 152 -7 231 9 2 191 195 -2 71 -10 57 37 -10 110 273 158 206 34 -5 123 51 229 98 66 119 141 263 172 47 125 200 217 88 1 240 106 -3 270 76 226 85 244 159 176 149 -14 190 -15 28 97 186 157 174 37 222 43 254 35 12 61 174 172 4 284 114 196 119 280 233 119 85 44 117 168 225 -10 274 15 191 172 17 152 
84 193 245 156 229 5 170 39 -14 10 96 155 21 156 121 40 217 112 58 217 5 153 27 -14 43 206 47 250 203 111 155 79 140 126 29 76 236 25 168 14 95 277 24 158 256 48 84 65 25 248 156 65 52 103 255 164 182 182 46 274 239 242 45 231 154 19 -2 13 -14 63 267 128 93 255 76 88 40 160 -2 279 116 33 282 -6 235 -9 197 135 -15 245 223 89 245 89 6 136 203 270 256 172 188 24 141 256 116 201 38 113 230 172 44 261 204 248 194 53 257 265 100 150 41 115 68 259 160 -8 147 161 174 202 115 253 140 -2 12 146 274 237 -1 159 149 49 190 267 51 67 54 85 283 158 69 190 -15 184 172 1 220 139 64 15 -1 179 18 107 272 254 261 87 125 221 251 203 209 269 124 58 61 200 122 -9 171 112 92 18 29 72 158 127 86 199 69 13 90 257 83 147 176 49 20 211 237 271 158 120 190 125 154 138 216 89 4 27 11 257 109 0 61 167 127 168 -15 258 97 112 4 61 260 8 134 82 105 221 20 9 283 204 129 -2 171 50 82 208 135 272 186 268 284 9 54 221 179 284 266 185 201 276 240 281 38 283 196 272 55 62 268 -14 263 207 125 278 225 111 195 -4 254 166 273 172 160 196 119 87 182 189 111 -3 -10 176 211 6 76 255 270 185 196 -14 16 253 103 74 
206 6 82 112 273 57 238 270 211 243 242 81 181 179 111 221 162 60 154 256 107 156 136 165 258 172 202 184 77 228 9 105 97 143 226 154 246 262 99 272 100 272 251 162 42 250 176 176 223 156 109 70 262 88 248 145 158 -4 206 24 78 26 161 259 145 24 167 72 -11 149 189 80 37 131 156 40 84 181 187 275 256 47 153 75 124 116 213 150 29 239 224 247 87 27 5 185 230 140 264 283 119 185 259 160 209 276 156 230 267 250 229 29 223 15 40 74 15 262 171 56 92 196 127 101 121 247 127 186 161 29 228 107 66 38 198 139 36 275 262 146 -7 75 154 140 243 23 176 172 73 208 126 205 30 279 205 205 238 -2 13 -5 205 42 92 3 141 9 99 131 230 184 41 248 212 -1 17 -3 269 279 151 52 246 204 190 186 219 216 0 124 176 56 153 -1 190 283 276 140 229 128 24 8 68 3 146 37 252 165 244 18 208 143 245 68 224 65 10 86 131 116 209 261 219 2 275 275 76 268 184 161 60 160 269 68 49 16 49 85 15 151 261 143 32 227 24 284 113 102 67 179 67 69 48 225 26 142 41 259 216 165 207 183 45 269 272 196 206 123 210 139 119 0 69 136 10 51 107 269 128 33 185 265 254 152 252 136 37 53 186 42 125 222 159 261 272 284 203 39 197 73 140 188 
227 252 36 115 36 59 29 267 94 233 284 65 248 153 79 149 136 108 109 209 176 71 170 228 206 199 4 262 8 196 41 159 76 47 -2 231 32 271 151 -3 150 114 24 -5 134 213 235 264 184 81 -13 199 175 24 257 88 90 207 117 92 191 73 63 -11 17 125 62 114 186 159 49 116 44 184 100 90 223 250 249 55 220 110 160 109 121 145 60 152 280 137 59 47 284 33 243 222 214 58 173 92 273 243 55 223 140 55 145 115 -9 170 37 67 96 265 108 130 71 278 166 140 209 244 177 63 261 86 241 5 71 282 179 19 37 60 152 227 275 231 -5 -15 139 91 67 123 77 52 46 239 83 252 257 13 156 51 29 241 90 26 269 266 277 65 64 196 78 260 277 72 0 21 222 177 230 147 227 49 34 70 191 72 72 273 59 271 77 84 1 1 61 64 122 34 227 179 180 194 161 76 223 281 44 263 34 226 56 -11 56 281 155 23 268 124 182 235 125 221 273 230 222 222 232 -13 53 117 261 189 183 30 45 129 196 146 113 194 274 121 238 249 83 228 168 274 -2 143 254 244 -9 148 23 177 -12 273 -14 5 198 -6 68 261 0 55 182 245 28 141 193 187 192 246 55 274 256 273 186 -7 212 274 55 190 113 72 151 109 -1 13 204 241 17 150 211 160 228 3 121 74 201 103 148 208 138 168 
283 -2 175 142 24 275 5 281 45 11 66 156 25 146 122 95 -11 -1 150 149 99 119 31 34 5 79 -15 155 116 27 1 -12 194 264 -9 96 251 52 80 51 217 97 47 272 162 140 199 258 145 -1 96 122 218 32 113 133 70 272 38 14 119 42 37 189 121 100 82 177 142 252 106 101 53 247 273 29 249 139 136 135 0 277 5 181 270 129 46 12 84 212 -2 51 153 223 105 16 23 86 270 161 217 172 23 267 236 217 78 215 127 59 46 82 147 253 179 39 162 137 137 66 140 45 261 68 228 64 39 36 21 147 236 104 276 270 43 276 239 239 182 85 6 148 245 210 137 27 207 124 51 184 -1 120 93 62 113 245 130 131 269 110 134 257 48 97 164 139 146 280 0 229 99 76 116 87 284 -8 119 148 133 95 136 -7 280 53 28 171 153 103 26 187 0 249 38 241 190 8 68 139 79 256 214 155 219 128 61 186 85 87 100 82 252 125 129 58 32 6 188 60 168 2 157 260 236 30 73 139 33 246 124 227 232 236 74 229 259 52 88 258 138 80 84 210 146 93 19 234 175 271 281 205 35 9 246 178 -12 149 140 140 170 27 241 157 23 143 34 183 119 104 257 80 104 114 235 229 217 52 272 245 32 35 107 -9 46 133 225 33 70 -7 202 182 82 6 178 155 249 94 45 129 87 113 
208 126 147 22 182 117 86 61 271 11 101 274 63 256 117 157 206 85 228 207 15 151 99 180 135 39 69 124 280 96 239 51 225 74 102 128 244 236 197 121 201 220 276 -11 240 -15 115 270 210 190 183 126 0 281 69 20 193 263 117 -2 13 258 98 225 269 163 39 211 205 260 141 172 268 25 58 104 222 15 93 136 272 72 255 43 68 126 202 139 175 246 27 68 243 244 82 52 180 -4 -4 175 9 219 36 229 283 176 282 166 258 128 192 26 37 88 204 141 195 53 152 52 249 40 104 209 30 -5 189 59 140 83 -14 186 129 152 248 17 6 258 258 148 223 258 106 84 -5 256 157 61 218 141 32 20 232 192 256 26 -1 33 71 143 215 159 21 93 -3 151 130 195 6 187 192 214 85 251 179 231 248 233 11 235 199 -8 138 79 78 -12 63 106 33 268 138 111 76 60 249 175 143 252 158 68 130 280 34 283 177 241 13 191 176 36 71 250 201 185 254 164 62 107 237 165 108 251 13 108 12 22 257 230 157 78 24 147 270 215 30 31 226 138 126 199 169 283 202 187 141 16 184 27 197 197 29 113 169 89 143 190 150 245 235 250 222 235 107 -15 199 74 100 227 284 140 92 -4 -3 60 83 181 237 197 283 -10 41 170 260 76 114 0 261 148 266 129 273 52 -13 206 45 206 196 268 166 31 
168 -10 101 230 276 146 -11 193 32 88 96 78 201 39 86 210 210 155 51 55 180 74 68 40 158 264 52 9 257 40 254 90 57 180 133 220 28 192 167 74 199 165 251 166 225 146 203 224 210 2 253 182 57 77 52 277 38 187 37 266 -13 236 26 113 19 54 122 166 259 144 266 33 136 -11 100 160 74 268 39 -10 72 77 58 182 240 0 192 283 24 12 91 195 1 163 12 95 158 168 183 169 216 249 274 101 5 30 243 112 187 213 193 63 239 260 180 110 81 40 226 72 10 87 96 81 127 197 213 225 235 230 123 173 228 51 247 135 262 281 235 15 81 190 271 195 224 183 13 31 149 126 -4 242 279 9 114 87 5 78 68 215 5 96 99 197 -2 162 145 183 226 147 254 101 50 69 175 128 161 -6 10 17 19 284 179 153 183 92 67 147 152 110 151 132 53 2 55 66 242 258 -5 48 141 214 126 241 68 124 150 23 184 221 43 79 47 72 223 54 163 -2 57 273 131 233 240 4 126 5 23 279 56 47 31 191 15 88 0 84 55 193 207 171 -15 109 235 169 266 16 11 220 26 37 276 214 151 283 280 148 64 171 218 241 177 237 87 131 16 119 111 281 137 178 196 82 -13 152 64 84 55 106 165 248 68 71 38 162 259 264 91 172 235 253 113 168 224 68 203 45 9 277 49 197 
256 282 235 60 106 191 -8 188 202 33 239 158 186 174 37 248 123 76 257 39 172 84 265 79 258 80 53 233 86 77 252 131 -1 5 145 166 118 187 204 156 176 148 62 -3 135 40 227 177 247 88 269 206 98 214 116 2 -15 110 84 217 197 218 282 228 131 214 18 216 164 246 236 205 224 277 130 34 131 40 278 164 88 98 221 53 233 9 262 42 59 160 7 180 -8 50 153 204 191 243 14 53 79 190 12 123 134 3 175 60 154 230 279 94 141 171 39 215 194 15 121 39 276 268 175 28 246 36 -3 14 199 123 33 274 255 26 239 73 242 278 133 196 277 50 241 62 182 240 60 20 -13 262 27 112 175 200 176 122 164 188 104 59 55 82 274 2 152 5 282 159 97 54 75 114 267 152 62 269 100 268 116 -15 219 161 106 50 143 126 266 249 145 202 44 242 236 284 174 -14 155 201 58 126 122 47 46 113 189 40 256 90 126 46 214 122 55 76 -4 153 179 108 140 186 149 154 147 176 129 26 41 -7 276 29 265 258 22 106 90 181 266 266 -4 111 236 108 -4 -6 257 179 161 224 156 148 260 200 64 172 23 80 -1 -2 251 120 -11 225 27 82 144 177 223 267 50 262 2 117 -13 9 40 258 244 66 283 143 64 141 128 84 7 97 205 115 57 229 252 219 132 173 154 63 280 9 228 239 
-11 180 18 274 178 276 95 261 169 177 265 31 98 151 245 54 89 119 112 148 259 275 159 197 36 237 272 277 102 214 95 -8 160 253 272 222 85 135 45 8 43 200 126 248 239 206 19 81 283 279 86 57 5 -3 225 155 258 233 30 166 159 169 246 79 130 259 247 236 200 109 278 -6 38 11 43 29 238 65 57 29 91 166 49 119 8 281 7 84 120 57 -4 125 210 84 178 140 267 196 144 205 256 86 117 104 22 194 8 215 95 259 41 187 107 182 246 160 123 17 230 265 36 122 158 212 195 137 -13 141 -4 42 19 121 232 122 223 250 160 89 237 -11 223 9 85 67 223 185 245 244 18 59 -11 201 86 154 156 264 31 235 273 41 72 227 248 283 153 237 29 195 39 249 229 208 176 140 142 68 257 205 262 6 74 29 51 257 5 166 17 192 113 17 107 -14 211 57 123 167 17 184 233 168 115 172 105 168 88 76 0 251 123 164 0 59 113 42 283 117 193 183 23 245 145 57 130 249 58 162 59 255 143 113 171 180 133 11 74 72 39 173 251 268 28 61 221 55 74 -14 90 160 78 279 172 282 79 194 150 189 84 49 126 200 152 277 -15 204 36 -1 -6 268 152 220 54 -10 177 111 231 253 234 108 280 250 217 148 116 268 280 164 15 27 89 273 42 269 14 157 249 103 92 50 277 105 
-5 267 179 149 33 80 231 185 87 -6 133 116 193 24 33 242 187 171 241 174 238 108 147 227 12 203 244 166 34 162 -7 247 80 235 -12 34 188 15 237 -8 136 255 60 238 118 101 146 117 185 83 280 -5 117 77 271 57 202 260 -14 1 189 14 124 -11 200 77 154 25 99 44 284 258 30 7 215 87 100 214 166 249 5 168 87 149 281 48 193 141 57 245 159 143 9 102 12 176 190 7 52 257 144 47 198 34 128 62 216 -4 40 114 262 129 187 58 55 85 239 9 244 203 -8 201 55 217 279 169 147 120 -2 43 124 159 238 52 53 85 234 133 120 -15 202 207 118 62 19 221 112 275 237 260 13 112 167 271 29 174 74 177 209 12 148 0 152 46 150 99 14 214 264 126 23 197 176 76 106 87 34 -15 158 114 106 254 172 140 186 169 110 119 34 233 132 244 213 190 86 195 46 48 129 30 179 22 21 68 16 53 85 157 139 114 161 159 14 189 213 266 134 34 -2 183 59 61 31 57 41 260 76 106 -11 208 233 185 118 93 277 223 69 154 33 259 55 273 156 217 250 46 247 15 139 174 61 187 278 37 245 227 122 56 14 98 135 133 184 2 265 248 164 114 243 11 80 226 48 20 -12 125 237 226 244 146 71 165 135 142 146 181 167 37 -2 189 94 55 201 196 156 81 249 193 254 80 
211 4 147 129 -4 -15 265 142 255 239 218 228 216 243 96 185 16 266 205 280 84 35 43 246 34 86 278 64 41 134 123 218 104 62 202 282 187 90 271 217 213 182 42 273 137 48 119 276 98 210 227 255 241 202 160 67 106 5 98 60 161 73 15 284 215 163 136 34 187 197 -14 258 218 68 276 164 207 16 53 198 234 150 80 35 139 131 282 169 54 239 84 260 138 48 214 156 -2 0 95 247 142 60 233 160 34 220 164 189 144 151 114 24 96 207 69 68 232 96 13 129 273 223 124 257 279 262 103 5 204 150 241 -11 7 205 201 11 158 249 101 17 246 121 190 153 211 143 -13 73 48 202 60 247 23 72 125 -14 36 283 239 257 210 271 91 67 219 151 251 160 209 13 108 252 253 227 236 142 271 144 40 146 194 53 137 46 157 120 248 257 242 175 46 129 90 37 81 30 221 254 45 207 171 19 21 141 219 199 46 202 196 8 -8 256 -14 254 158 74 22 150 141 186 135 5 284 -4 142 138 203 34 5 98 215 12 93 23 -4 169 274 7 282 70 134 149 161 147 188 7 40 104 26 190 72 98 174 39 252 -9 -3 244 196 242 140 103 99 -7 210 229 113 199 262 277 109 274 230 61 281 266 177 146 203 264 109 20 192 257 52 40 152 1 12 46 93 90 104 53 135 57 194 225 199 64 
1 143 -1 265 188 194 178 74 136 237 207 41 236 168 143 34 247 37 18 243 137 176 275 223 159 64 164 202 205 115 240 176 93 63 -13 83 238 39 90 267 265 250 144 180 66 246 183 242 282 224 159 184 -13 89 144 229 173 52 134 252 4 15 102 246 214 135 219 98 242 272 113 184 237 212 9 280 156 246 -7 201 53 230 119 221 171 251 188 263 261 265 157 253 274 93 178 35 218 50 237 63 123 121 133 237 106 222 139 134 88 144 105 69 141 179 109 138 256 181 17 26 215 16 221 274 32 201 8 238 171 267 90 161 130 258 81 247 207 210 202 190 141 -3 239 85 65 132 15 278 106 243 225 126 7 51 245 78 116 136 23 60 152 12 30 162 274 275 180 42 13 39 70 23 52 143 -2 219 262 111 87 5 181 117 161 209 118 47 54 214 232 44 37 212 218 108 76 194 263 76 171 221 246 233 255 193 159 239 112 56 106 173 250 281 270 136 257 98 211 149 276 93 12 -10 220 283 168 143 222 142 265 149 182 261 141 188 232 158 221 158 155 251 191 107 128 184 252 110 37 -13 254 231 175 281 282 187 125 196 214 241 226 218 241 67 -7 177 275 28 254 259 130 150 160 268 117 100 -15 118 72 68 41 13 0 203 51 134 96 161 196 252 148 -14 53 21 50 12 71 158 134 277 205 203 
7 153 246 45 262 71 152 80 268 255 228 251 144 72 175 33 206 258 92 -5 271 167 103 108 176 221 5 4 57 60 173 211 -5 18 51 192 152 274 131 189 206 161 280 22 90 110 221 250 186 1 231 136 230 266 148 162 268 179 168 82 -15 31 150 170 70 276 265 -7 22 160 60 90 282 95 195 113 159 88 131 212 210 165 175 100 18 236 124 20 201 116 186 72 276 211 32 18 136 13 265 145 153 45 80 83 82 50 61 93 209 44 218 140 145 108 217 82 201 158 210 213 243 250 171 127 33 189 14 255 190 192 183 112 104 44 3 -9 92 97 152 165 119 249 165 77 20 137 193 -13 29 182 151 226 127 275 93 107 68 115 33 102 59 193 103 33 243 7 76 199 192 223 227 78 38 203 258 56 90 204 67 190 62 222 263 239 180 173 34 43 106 174 25 239 264 280 61 124 54 45 85 110 188 102 -3 284 164 174 -13 136 75 149 150 244 2 124 166 51 154 139 236 44 50 51 198 201 52 265 180 175 62 207 180 -11 214 85 163 178 272 230 209 231 87 56 176 241 199 166 148 22 234 217 -11 158 12 61 63 249 235 272 169 279 206 203 22 -9 1 208 109 161 182 267 88 114 235 61 31 48 213 94 100 134 95 67 173 208 121 19 266 234 217 81 260 107 35 242 103 125 206 55 275 244 
-9 186 -12 15 254 148 88 169 14 250 51 92 77 96 54 54 43 7 57 133 231 16 133 137 176 236 -14 127 184 25 152 108 110 13 177 54 41 218 206 54 -12 77 233 31 12 99 183 1 65 68 189 142 40 18 60 217 33 226 137 224 147 137 86 176 192 81 226 174 154 85 131 -12 194 183 182 1 165 13 163 -7 76 18 118 252 101 9 60 108 158 118 226 197 71 20 139 281 135 183 144 280 116 246 61 38 273 8 266 14 223 227 55 281 150 197 171 143 60 62 79 42 180 153 -6 221 161 219 232 194 253 277 75 127 40 282 150 234 276 224 128 275 171 213 35 158 34 117 10 221 135 166 175 190 138 4 13 161 180 266 101 160 98 261 -1 100 136 55 268 56 163 103 246 76 55 191 135 -13 25 86 1 43 130 155 197 133 184 206 199 236 25 237 237 199 204 253 168 39 75 43 7 153 142 81 30 32 17 65 270 277 162 280 145 100 115 83 149 58 147 30 99 95 282 29 118 270 117 283 233 275 57 104 45 117 166 162 201 119 125 52 213 140 93 35 182 197 120 217 150 162 33 146 231 206 133 80 206 274 161 138 188 161 142 84 13 11 -2 14 210 3 141 186 153 99 82 28 220 269 168 208 41 76 197 53 17 28 158 120 18 186 266 238 255 44 87 206 162 43 278 238 15 138 
127 217 200 46 2 161 202 274 116 22 51 81 268 87 150 113 195 51 126 155 82 38 167 192 176 10 29 159 95 100 142 136 235 175 50 18 204 3 46 92 75 274 58 57 156 111 122 102 178 267 18 37 64 92 256 235 251 152 138 145 244 198 152 102 11 242 21 59 252 259 266 97 -11 160 98 95 180 91 64 195 171 202 169 227 17 151 157 19 -10 4 132 261 269 162 13 263 201 281 147 84 55 95 151 182 263 60 257 92 105 159 14 48 28 82 244 229 183 67 175 20 224 -15 277 244 -9 258 61 237 209 4 186 86 164 213 92 1 27 202 9 155 174 41 238 271 135 74 160 156 -7 257 123 171 186 134 119 233 173 44 100 265 197 170 212 161 43 211 183 66 76 130 80 129 75 234 145 239 107 30 15 224 280 199 43 160 30 168 31 281 95 218 137 213 163 25 253 16 101 255 186 277 199 204 216 233 208 230 111 210 117 18 65 28 126 278 115 234 279 120 201 176 10 239 222 205 262 160 127 -5 93 8 71 192 78 32 282 28 282 57 183 104 168 254 56 265 -10 106 29 30 110 74 5 81 185 131 265 188 143 183 201 219 215 134 36 194 192 106 65 281 88 8 179 130 124 38 78 110 76 64 235 275 201 262 39 237 32 153 219 167 116 150 262 148 79 -7 225 89 213 31 139 201 
158 269 49 88 145 250 216 276 101 126 27 254 255 233 250 19 72 163 239 38 192 33 187 -15 174 81 212 274 42 197 58 204 237 201 18 201 184 254 2 187 124 206 31 110 136 281 75 216 7 116 115 216 168 157 200 271 63 122 43 136 10 42 39 45 16 57 78 150 24 230 24 270 85 110 111 208 73 20 170 220 216 232 109 13 142 120 53 53 227 144 68 19 105 184 210 21 63 92 57 175 74 138 58 62 133 48 269 39 17 176 175 30 256 68 50 -1 137 11 9 24 153 3 237 161 80 193 91 135 91 225 54 135 272 223 63 238 131 94 176 216 120 195 186 254 129 206 106 59 173 -1 25 12 109 23 107 88 50 -13 53 168 223 42 171 -14 52 43 253 283 83 154 35 247 27 268 182 241 14 267 213 180 131 98 174 56 39 260 269 80 87 100 -14 236 95 262 14 69 42 276 94 -12 242 -1 159 23 141 202 165 15 203 67 210 195 118 78 82 232 136 67 185 214 96 215 68 65 -12 233 188 -12 128 108 207 -14 3 101 260 65 30 255 57 3 133 191 75 107 238 17 161 229 199 -2 185 186 208 28 64 90 60 139 40 98 32 281 263 248 74 228 254 184 22 134 63 110 251 -15 54 -2 156 49 13 71 208 207 138 87 115 255 -10 217 150 128 284 116 98 18 92 155 239 16 260 113 
142 227 10 180 217 31 28 212 131 84 156 -7 256 276 48 93 105 124 181 227 203 12 238 181 132 54 236 -5 163 265 236 144 41 102 280 64 268 175 -15 86 51 20 164 200 178 191 55 178 27 47 231 43 281 71 -12 122 36 143 264 227 221 143 272 256 132 115 71 86 151 231 144 212 265 200 159 276 154 34 271 231 24 52 146 226 187 17 92 162 73 88 92 120 166 282 229 157 -10 266 104 115 162 274 167 37 283 216 257 276 177 19 207 107 101 247 159 279 205 194 74 10 68 73 228 217 -4 78 74 144 115 239 151 123 138 247 80 102 12 12 188 60 118 61 180 12 93 192 250 179 228 78 168 2 208 130 27 267 153 -4 9 269 239 235 72 89 162 128 48 238 85 212 271 233 57 40 178 46 92 127 254 46 163 78 73 -3 173 43 39 161 193 -2 136 11 255 68 279 138 130 224 207 198 196 88 177 207 22 99 257 -2 90 277 97 35 59 32 156 212 171 208 190 196 179 177 233 271 50 3 3 61 146 275 161 130 168 232 131 165 18 184 77 216 104 44 185 78 278 250 158 86 107 173 101 143 191 30 142 109 136 221 -3 163 195 121 249 33 53 212 77 232 228 270 197 203 145 86 47 184 126 34 255 152 180 234 176 15 149 147 144 72 94 80 133 87 140 98 184 167 132 17 47 7 
145 134 86 120 221 237 199 233 123 58 159 29 151 236 170 132 153 186 190 0 59 30 235 182 122 178 278 85 176 149 256 231 176 250 112 154 269 251 141 276 95 56 85 266 238 5 65 85 48 106 166 -6 231 93 283 108 92 -3 283 159 90 225 109 152 37 23 247 182 84 94 61 210 120 98 250 62 195 50 187 211 226 -6 130 6 139 115 72 -4 278 124 19 188 168 282 -1 21 224 225 -1 67 -10 20 234 171 181 119 147 214 30 264 121 49 85 40 7 15 70 87 87 83 24 257 42 261 104 66 132 166 78 64 211 2 75 224 153 166 211 251 262 238 249 153 3 116 107 -1 129 58 8 13 0 284 83 265 143 -10 186 143 204 160 182 241 269 3 -12 122 134 279 117 262 59 141 22 275 125 200 79 55 228 -6 166 84 267 184 118 213 87 146 124 -5 69 143 168 190 19 73 137 246 9 167 219 280 136 124 109 201 226 164 174 260 171 40 82 206 0 246 205 195 6 221 200 184 225 166 109 117 18 40 24 240 66 230 281 205 159 142 200 250 272 112 103 234 100 71 127 266 227 3 233 13 236 36 281 189 266 154 92 284 222 62 51 168 244 3 16 65 166 208 81 60 177 89 58 257 221 252 -6 232 31 99 65 57 49 231 68 238 130 203 113 61 258 144 177 38 136 135 243 220 231 226 
199 150 110 147 275 13 183 39 45 57 249 81 113 125 120 205 20 39 281 20 117 279 192 257 58 278 22 177 95 134 62 223 195 -12 26 277 203 51 98 211 -5 275 5 242 98 276 -6 83 61 251 101 249 255 166 154 259 43 128 202 222 14 163 9 119 4 90 135 180 69 281 185 173 60 235 107 9 218 2 19 44 140 185 25 179 259 153 249 230 243 148 28 274 27 136 118 123 158 220 131 95 241 184 66 284 249 169 18 223 256 27 79 93 35 194 140 102 273 202 49 279 99 11 71 4 -5 239 179 35 81 262 195 271 272 105 231 265 265 158 220 27 129 42 98 58 -12 19 23 221 118 140 -3 270 177 271 25 264 168 66 46 10 230 44 -5 228 85 186 109 55 40 100 147 74 75 169 163 258 31 148 266 177 161 195 7 122 7 66 200 76 33 235 12 165 252 47 119 -3 -12 5 164 223 267 5 88 259 237 232 104 237 27 249 117 217 147 123 125 180 13 82 29 101 226 104 204 3 23 -3 275 111 130 68 95 57 201 203 119 147 108 181 251 60 68 178 43 202 231 216 72 79 13 257 163 114 159 123 124 121 16 139 122 249 6 17 40 72 90 236 267 46 54 69 37 187 106 268 233 192 245 267 236 180 221 73 240 57 25 246 170 271 262 266 242 127 56 191 173 172 179 62 282 39 
257 184 66 165 254 69 160 226 37 126 241 -2 13 132 50 114 -8 224 183 96 258 152 101 71 165 61 235 155 175 159 94 247 109 206 109 199 155 115 282 148 196 18 50 142 123 49 6 14 38 141 71 32 190 255 184 179 260 265 142 170 110 182 160 265 177 256 279 153 77 20 247 111 57 -4 160 76 17 256 36 256 25 45 178 69 12 181 66 123 217 106 42 196 13 3 220 134 77 144 21 245 53 82 121 275 132 278 140 -13 54 133 60 14 20 84 152 56 135 84 273 184 120 120 -14 166 275 78 34 93 1 56 249 222 110 280 190 139 282 150 -8 23 155 175 46 33 176 138 76 232 232 71 283 282 234 139 0 171 112 43 49 131 186 234 283 250 0 277 28 112 274 194 224 254 235 129 49 172 48 187 171 94 106 125 197 44 34 231 106 93 72 186 231 272 215 192 113 254 207 283 125 242 -12 128 214 38 138 88 50 224 176 243 261 197 185 216 -1 238 173 197 69 104 264 207 234 15 248 209 -3 185 108 25 161 148 85 -1 208 195 236 229 241 228 108 282 6 151 62 63 129 142 282 263 185 270 -13 158 63 0 189 92 197 148 42 279 234 262 68 254 223 266 162 276 274 226 173 80 102 224 88 -2 78 170 269 62 189 40 242 239 177 140 123 119 43 206 142 101 131 221 85 107 179 282 
211 237 -15 134 210 182 84 210 79 37 124 214 -10 22 255 261 251 131 90 259 109 -3 204 16 71 99 219 201 97 69 132 168 171 269 -7 13 267 -10 186 90 11 44 165 203 178 140 21 234 136 164 232 217 88 66 51 121 49 129 27 153 106 84 42 204 263 142 244 95 41 182 282 206 253 99 -14 276 176 74 232 18 81 219 225 16 111 98 158 58 264 196 31 270 -1 128 236 193 130 213 264 183 171 -8 181 190 104 267 -9 146 204 50 104 63 224 93 171 67 206 33 3 87 261 218 263 83 233 45 116 -4 12 19 202 -6 209 162 194 262 224 22 71 65 199 -5 53 141 7 29 194 20 213 7 199 -9 179 100 38 33 250 107 116 168 214 211 226 15 52 126 171 1 2 161 4 60 236 128 30 217 162 186 276 0 153 188 130 143 223 59 261 267 133 222 73 82 231 88 223 171 239 186 230 243 21 225 184 32 107 211 96 147 215 42 212 138 253 81 216 42 155 61 57 139 10 195 230 173 87 272 170 201 -10 45 192 81 58 240 264 188 44 -5 175 74 156 120 253 138 90 216 180 77 133 -9 0 110 122 64 233 130 103 58 92 278 70 135 217 203 19 112 80 77 228 68 231 35 36 27 236 150 182 162 116 -5 212 46 154 82 220 -2 228 105 -6 62 71 22 17 156 165 112 138 231 156 155 
50 218 64 257 0 121 153 123 127 284 86 65 173 9 237 167 168 102 200 265 100 147 239 220 -10 4 100 9 178 103 231 -15 79 61 142 57 187 5 248 156 69 144 155 215 159 139 283 212 107 142 37 275 61 95 218 4 50 179 -11 217 -4 115 39 203 26 117 4 143 133 167 48 147 194 8 59 196 106 218 50 210 -12 220 63 154 142 65 14 248 75 273 169 217 275 203 94 90 219 134 227 146 66 43 206 72 68 102 37 49 15 105 144 25 11 167 137 47 70 270 53 262 52 18 116 76 31 -14 197 94 158 28 255 122 279 117 -10 80 267 156 99 141 113 244 129 127 217 214 257 153 34 100 149 266 13 106 206 259 37 -2 3 110 28 115 36 184 91 258 256 231 113 229 155 229 188 95 -13 167 225 27 157 33 217 200 167 121 171 197 51 182 -5 222 90 71 220 239 89 104 115 248 148 184 40 113 186 192 24 30 153 127 203 201 38 134 -5 258 58 226 113 216 134 256 72 26 16 148 39 181 104 173 193 20 262 248 -9 232 212 103 166 173 114 136 92 232 276 129 76 14 164 226 140 253 177 146 125 154 166 -10 31 51 135 112 263 254 177 98 91 278 253 21 253 264 279 261 214 180 211 250 129 93 243 169 130 -2 266 143 108 107 72 221 26 227 211 -4 257 47 -2 223 71 139 0 35 
222 123 176 279 204 205 122 116 213 -3 104 42 173 273 230 228 36 -5 90 232 264 283 264 258 266 277 245 247 47 103 47 153 32 222 185 137 35 199 126 72 -12 48 283 278 4 68 60 272 221 79 92 -5 -9 197 -6 254 214 174 94 5 139 258 124 42 211 146 173 160 1 86 243 121 271 44 28 144 4 65 -6 204 32 4 173 120 137 208 204 131 281 13 173 37 252 56 32 259 207 197 261 243 233 122 125 188 277 275 78 89 228 -14 62 211 4 228 15 224 9 219 267 162 111 53 161 -8 197 181 6 187 105 25 -10 60 143 132 200 224 146 72 159 -4 12 182 105 170 97 160 148 198 92 140 128 74 13 36 196 126 35 -15 256 263 176 228 186 52 224 66 159 170 83 183 245 58 237 1 31 149 200 25 61 208 81 6 164 87 87 53 228 34 32 -15 88 50 60 124 61 73 207 181 172 90 150 207 237 175 230 -5 184 271 32 194 93 158 248 253 -6 179 -9 208 134 221 38 127 283 137 186 75 49 51 208 30 201 171 110 126 83 254 59 176 212 185 237 190 170 97 282 217 37 148 119 57 205 -1 13 229 257 200 48 -5 204 17 184 95 155 262 112 67 186 76 272 192 198 98 256 151 138 245 77 98 180 -14 54 272 -9 215 191 165 162 106 1 11 264 12 270 -6 38 130 210 210 4 96 
30 23 63 139 124 128 30 161 243 196 216 110 277 269 122 265 90 253 54 215 226 3 187 219 182 109 261 104 111 215 47 111 104 213 231 164 37 -7 198 149 68 11 73 24 226 20 119 114 237 268 124 209 101 95 185 259 77 258 105 199 188 27 44 156 111 206 62 248 120 26 114 251 247 139 19 23 240 273 54 34 169 85 101 161 265 230 260 128 194 152 187 228 139 200 111 208 241 78 20 127 191 230 169 48 156 145 186 64 48 96 155 208 37 282 218 2 19 134 227 197 13 271 193 18 262 279 16 19 104 238 104 194 69 188 109 267 251 -9 213 90 144 137 166 189 201 34 172 -14 90 47 57 275 95 227 112 230 113 284 50 112 116 -8 83 133 123 61 132 2 65 70 273 34 279 129 -14 272 2 213 238 125 166 55 111 13 211 264 135 108 6 124 254 187 204 182 65 283 163 66 255 -7 73 111 46 -9 269 114 0 94 254 -9 223 120 135 231 265 204 245 58 196 191 23 17 156 185 108 178 90 209 116 63 282 253 99 105 112 142 159 26 80 130 -8 208 2 67 142 263 183 147 -11 -15 157 40 104 101 40 150 280 -14 238 266 246 32 104 134 108 211 55 94 152 39 118 265 117 100 24 281 26 151 148 215 84 153 87 6 251 194 238 105 16 240 125 199 106 266 167 127 11 119 126 44 
12 15 258 23 51 203 273 3 59 84 166 187 13 34 26 266 194 266 106 43 157 178 102 12 211 139 265 37 200 52 87 216 4 97 199 203 157 186 269 232 102 192 27 220 204 168 82 -12 25 132 83 168 223 199 -10 64 9 213 283 235 8 265 92 153 115 140 -10 142 175 115 267 21 282 -7 172 274 134 160 198 126 130 192 166 187 76 39 181 239 269 226 57 38 281 12 242 192 261 122 203 55 26 91 61 153 83 185 132 84 18 12 223 31 23 25 167 116 226 94 71 247 -6 136 179 202 210 280 200 192 122 262 94 195 41 111 13 229 158 214 225 -5 253 -7 209 73 247 233 54 116 160 164 255 217 12 45 20 -10 264 153 204 70 71 232 43 221 228 241 24 177 78 79 185 154 213 240 276 217 7 91 115 15 243 13 103 108 248 111 282 38 89 83 92 2 243 -12 110 238 176 243 62 116 283 23 70 254 152 184 148 114 2 263 153 152 281 269 17 -2 117 201 143 91 244 186 73 219 35 98 46 18 116 112 230 86 174 208 186 226 201 92 -15 141 56 -7 197 140 101 160 170 91 135 235 208 269 65 10 259 109 270 214 20 212 24 243 74 20 142 177 98 175 101 130 218 33 261 105 159 198 32 214 242 184 11 281 -4 195 201 104 -2 153 200 136 56 76 57 262 104 110 275 222 85 281 
207 261 12 115 -2 44 107 187 152 91 145 -8 143 187 85 170 143 214 110 55 41 249 130 76 114 96 1 168 193 183 -15 63 115 181 139 71 114 232 225 275 116 248 226 161 2 221 101 269 232 -15 214 174 34 183 169 81 139 169 17 264 73 20 116 250 38 217 239 104 145 110 184 269 -8 243 274 188 141 63 61 237 46 198 203 231 250 87 191 70 120 37 171 -3 154 101 123 241 163 199 252 146 196 99 46 217 193 134 145 164 50 209 165 30 15 259 37 234 185 190 230 229 62 256 225 81 73 219 -2 45 54 -14 157 118 94 137 53 245 206 7 63 270 44 239 101 211 11 114 180 14 136 170 275 250 108 282 169 197 156 272 189 45 259 70 139 132 195 246 6 114 -1 284 60 13 -1 249 109 180 248 201 100 263 122 225 266 270 215 67 268 108 129 49 31 198 131 76 83 55 88 224 120 63 89 52 32 219 156 48 216 151 224 -2 232 94 91 193 66 93 -14 99 22 274 244 87 110 167 5 258 142 180 216 -7 169 33 163 94 214 176 110 94 104 137 11 8 86 79 124 172 189 170 65 94 103 177 216 32 32 89 194 73 243 227 255 152 243 115 157 232 79 -7 93 165 71 1 159 3 136 13 24 201 169 22 280 5 215 87 17 185 26 244 220 277 281 -1 110 248 87 63 119 181 67 106 
158 183 138 237 -2 222 95 117 259 236 27 144 232 46 101 168 119 163 203 115 117 255 151 228 144 183 229 213 142 221 58 38 92 222 44 53 235 -1 246 -2 257 216 103 209 204 234 242 273 254 261 165 231 69 -7 158 39 49 168 -11 107 62 104 163 38 171 269 151 194 191 5 43 125 43 231 225 60 252 250 54 213 247 226 62 23 262 277 170 208 46 167 3 54 193 174 4 245 136 -5 101 184 -8 140 108 189 101 52 104 14 149 104 221 89 122 188 136 268 2 189 95 106 117 224 26 48 229 111 31 24 90 54 63 114 85 37 98 171 9 63 210 -2 78 278 267 261 89 190 277 277 69 47 276 226 108 67 203 49 41 227 69 -6 161 181 89 152 151 94 77 79 109 169 -7 278 63 83 15 176 98 124 98 175 221 130 63 187 255 172 31 161 77 198 78 0 241 28 115 244 192 8 109 140 272 216 194 59 77 227 94 143 216 234 130 258 196 53 2 198 93 32 155 126 134 169 -11 78 151 227 68 203 183 79 230 243 26 241 72 223 271 153 204 157 248 244 27 161 209 230 82 223 82 253 250 163 215 14 200 87 238 126 -6 88 144 0 243 263 232 156 273 158 37 103 45 107 185 94 -9 129 221 272 59 117 78 92 267 30 204 106 149 108 43 25 23 261 208 133 157 105 109 130 27 159 
283 116 189 5 219 172 15 45 235 55 124 -4 166 154 217 260 98 86 273 84 137 236 172 262 86 140 185 192 5 205 156 27 94 100 7 218 34 18 43 102 67 -9 75 197 125 193 93 56 168 -8 284 44 52 223 81 36 -2 243 236 241 197 179 230 142 29 23 181 174 75 16 39 199 245 88 142 48 263 115 247 35 198 62 58 111 216 63 37 203 113 236 197 160 124 62 5 251 133 225 121 191 85 207 54 177 210 86 162 268 81 202 43 16 221 99 246 30 182 250 22 54 42 9 155 144 218 248 63 246 152 275 180 106 -4 69 258 47 277 126 107 66 42 192 172 60 108 238 166 104 1 25 62 226 41 252 33 49 172 279 267 193 -11 207 109 90 77 76 209 266 111 214 153 110 238 132 39 70 47 281 4 27 49 17 110 26 111 20 124 21 177 81 200 229 281 254 166 92 115 138 48 194 114 119 107 155 158 257 9 55 67 127 221 48 235 196 234 135 131 133 92 161 81 161 67 69 50 284 277 163 166 125 206 166 108 146 23 149 144 81 124 99 143 144 145 245 190 220 126 176 25 11 201 264 165 139 160 98 91 130 72 37 11 147 101 227 189 97 47 165 279 67 120 157 63 160 3 14 278 260 193 178 129 6 222 79 268 55 219 279 16 186 49 174 25 70 67 -8 263 42 68 167 
228 -5 219 261 191 75 201 278 56 103 33 81 156 134 160 249 158 97 43 278 178 118 176 95 280 205 162 54 52 11 177 106 93 161 59 85 172 149 105 218 275 55 160 160 65 47 60 104 131 233 149 139 276 221 95 208 109 180 24 208 152 206 236 127 133 41 134 138 157 46 92 38 47 131 143 168 93 193 196 0 180 115 106 243 218 86 112 144 39 3 254 27 137 26 239 129 5 227 122 43 83 158 238 65 48 235 5 164 -14 152 284 51 88 211 3 214 -4 279 141 260 90 101 95 59 -3 198 156 273 55 164 24 258 256 146 154 151 215 215 188 13 206 273 246 26 72 169 283 283 207 87 228 203 182 248 53 55 -5 188 253 107 165 274 91 51 102 0 94 205 111 271 86 90 -11 266 232 56 70 126 109 255 31 138 26 46 124 268 214 144 276 23 170 270 7 162 65 63 153 45 240 95 197 83 249 208 250 244 204 254 156 256 28 173 122 152 154 81 -9 267 87 25 127 199 53 26 148 221 100 178 219 106 217 208 124 283 275 91 -15 284 120 99 194 161 9 158 282 -11 238 163 252 230 32 75 148 140 112 129 184 185 45 151 -6 133 249 129 208 16 220 98 130 192 145 157 110 51 176 270 190 101 104 0 265 165 265 9 83 38 165 224 171 76 96 279 210 220 68 193 93 208 258 133 
69 14 46 84 226 220 169 276 103 208 17 93 192 188 217 84 21 253 26 114 230 128 73 33 113 82 169 165 252 272 183 274 199 -11 261 261 258 178 16 48 155 198 77 234 217 168 146 195 229 73 -12 156 271 127 211 190 129 106 190 97 48 1 209 2 -8 20 228 -8 148 187 64 271 228 155 220 202 -14 23 54 83 120 155 274 169 41 139 72 169 126 278 269 164 245 1 34 12 230 249 192 108 138 218 83 165 246 264 53 270 209 219 238 124 116 217 46 227 137 14 230 163 150 245 179 134 132 198 115 34 79 247 165 258 27 130 91 61 243 139 154 70 90 70 209 5 87 216 234 26 161 251 150 72 63 259 32 269 124 62 -13 272 178 14 131 89 212 261 129 96 206 97 265 53 191 174 101 283 13 5 175 55 104 94 216 103 164 168 75 146 169 19 148 243 80 86 73 98 280 2 92 45 120 119 239 195 242 278 200 61 216 -2 37 162 187 175 163 37 238 16 93 208 240 204 240 99 280 199 85 113 251 53 158 129 194 284 160 133 227 141 12 212 234 249 164 182 93 238 185 29 43 151 75 49 4 136 -4 67 22 -15 121 181 237 170 29 72 109 103 83 159 164 177 163 183 15 105 96 8 198 11 -12 176 -14 -15 7 57 93 85 204 15 190 76 246 106 47 53 -10 41 25 22 202 88 
263 113 130 31 149 281 148 159 274 202 269 145 212 94 54 77 263 2 200 189 185 237 -8 185 16 55 181 9 280 284 243 161 195 -11 280 284 142 27 37 176 254 139 12 49 151 255 175 145 35 -13 143 34 214 30 90 142 109 238 162 255 224 264 139 73 229 129 131 113 73 -14 283 159 133 227 185 103 242 42 72 284 56 -12 79 277 65 252 250 16 216 255 277 236 52 204 190 81 191 9 253 63 39 206 42 263 136 156 43 68 69 196 247 246 235 237 138 80 239 164 42 80 159 235 125 179 169 211 136 61 208 249 39 249 275 195 174 168 209 -1 63 176 25 126 141 73 243 146 173 115 11 160 279 89 54 124 159 253 94 -11 248 284 125 90 33 264 65 -3 106 280 202 45 73 230 -15 266 162 226 212 148 220 95 37 98 109 128 108 251 251 169 155 78 239 274 128 282 267 7 237 -12 139 224 55 128 221 247 101 90 254 28 134 17 170 40 50 136 247 37 60 97 225 276 192 82 190 184 220 62 -12 219 96 208 273 123 234 2 75 46 134 1 168 25 -2 182 101 141 29 100 115 79 277 -15 225 234 158 170 82 154 237 83 238 79 93 197 16 151 73 234 123 -12 159 134 121 85 155 252 175 67 162 145 3 111 120 58 250 106 116 76 270 215 12 243 3 208 125 195 76 240 127 107 40 277 
228 223 70 37 13 117 277 25 -14 158 204 208 43 10 49 265 107 33 245 156 68 59 228 102 62 107 29 283 185 255 219 20 205 235 37 65 149 255 11 232 144 61 82 242 98 144 262 122 117 278 98 256 25 232 76 96 258 235 90 159 126 93 240 133 67 170 18 108 126 184 65 175 96 241 201 7 263 120 213 134 44 205 58 20 32 41 97 99 209 181 244 242 126 17 139 109 65 -8 11 67 76 146 14 19 274 82 264 17 244 6 10 260 32 279 93 208 232 113 161 162 189 147 79 193 58 107 136 212 32 -3 282 197 20 228 124 168 63 268 45 216 244 58 217 101 199 233 171 203 29 230 190 142 152 235 219 266 184 -9 102 113 211 49 37 279 13 -2 9 -3 118 83 186 101 192 12 217 233 179 -6 232 182 188 19 258 270 94 275 223 237 3 113 -2 25 222 276 182 216 231 275 70 -5 144 276 64 96 78 52 247 39 16 121 147 144 171 88 162 119 257 133 89 210 164 165 36 99 165 238 125 269 218 161 98 17 120 193 -5 12 -12 46 31 275 96 76 33 146 233 265 17 101 263 140 83 139 89 191 52 264 185 196 216 -10 143 7 167 132 274 115 130 154 206 78 9 139 21 18 102 -1 155 22 193 103 143 -8 10 243 -15 248 94 156 237 72 270 90 237 177 271 279 210 122 159 281 
3 13 244 168 34 71 6 212 87 151 108 118 274 85 206 28 260 6 37 46 253 259 6 166 -7 51 60 107 109 259 204 182 51 -3 154 109 260 91 65 176 64 24 239 281 11 111 50 123 283 158 107 50 114 146 181 209 262 30 168 36 234 0 226 28 282 27 237 12 130 170 39 280 90 61 46 69 118 230 -12 215 249 141 246 -7 207 255 119 268 -4 88 147 29 21 123 225 88 189 84 18 5 -8 92 219 164 194 134 277 261 175 170 66 116 146 205 255 239 36 108 152 214 135 90 7 154 55 3 132 17 227 226 37 21 102 81 38 231 99 128 267 282 203 19 5 64 163 56 117 55 214 224 175 276 88 144 74 189 131 179 153 32 44 267 21 136 229 121 128 70 126 277 2 163 237 101 261 49 211 145 206 190 196 186 125 206 118 179 30 51 253 93 26 201 253 30 88 -3 252 132 193 196 85 67 -12 41 -10 172 158 187 266 35 176 160 -14 184 143 15 21 133 173 67 141 280 -4 155 124 222 168 92 231 163 72 282 222 96 86 60 49 21 55 255 165 80 208 224 165 97 -2 71 -14 0 224 130 24 80 75 279 60 37 118 19 67 264 111 123 205 146 175 207 118 66 53 249 271 275 230 50 224 109 105 131 196 219 222 119 9 161 179 16 86 178 210 48 43 85 52 8 132 279 157 275 
109 228 21 124 44 136 26 11 -1 0 179 211 -1 41 161 176 249 227 128 67 -4 201 40 255 283 136 212 213 129 245 250 -5 115 24 193 192 4 91 68 255 174 86 167 150 132 176 119 -11 39 42 177 124 205 42 151 193 260 35 279 5 151 171 260 144 203 37 177 59 68 252 111 37 74 211 126 145 166 7 129 88 123 42 51 234 62 -11 113 253 253 192 172 277 15 101 77 101 21 50 251 214 79 279 164 -14 170 87 112 284 -3 170 243 38 185 259 114 269 206 42 44 236 258 17 85 244 -4 -5 50 -9 229 113 61 48 110 48 160 273 11 58 153 42 49 248 233 250 158 89 62 -6 73 21 17 114 112 189 112 147 134 28 274 274 196 5 -8 163 91 87 144 139 59 201 45 191 75 43 258 73 85 64 -2 61 -5 223 192 2 198 247 186 117 30 158 239 121 206 205 196 195 253 201 255 72 184 90 19 88 122 239 64 166 219 13 28 249 97 -2 12 53 112 269 7 139 42 161 11 77 217 27 129 233 -15 80 280 227 106 98 281 17 235 262 13 -9 226 162 90 259 198 143 46 30 259 -6 78 128 64 55 251 257 167 246 51 189 137 29 162 237 51 234 201 85 181 97 190 152 284 173 97 283 114 171 11 102 89 94 277 85 12 213 3 22 7 6 57 70 188 105 30 41 -7 168 24 89 
160 136 235 130 81 36 29 36 122 12 145 145 1 141 178 202 165 255 131 103 130 283 13 201 214 74 264 187 152 138 225 84 0 59 135 177 83 213 138 94 125 144 41 110 64 271 162 98 199 85 18 41 42 218 121 169 248 126 268 129 -14 15 258 251 154 -5 172 252 204 159 7 -14 91 125 142 53 0 121 281 146 114 -12 270 215 61 249 54 151 221 92 93 61 241 98 37 90 73 150 72 92 263 29 -3 168 81 33 14 175 104 93 -13 77 275 162 9 114 15 17 151 146 225 223 17 119 1 93 119 96 201 50 20 68 165 81 100 183 14 91 139 248 252 52 204 48 73 125 112 66 211 258 194 143 212 21 198 244 260 63 228 154 243 169 220 97 21 166 212 136 78 207 190 283 -3 235 191 270 28 275 274 38 101 145 261 -6 131 197 -15 -12 232 8 60 203 102 97 228 34 55 140 65 186 281 137 23 69 134 36 109 248 57 126 281 143 81 244 37 234 157 151 109 274 100 260 211 143 238 72 219 44 168 151 31 18 0 152 182 98 43 -11 -6 210 167 141 167 228 -8 25 10 159 95 127 28 98 -3 215 48 232 208 48 91 163 42 187 45 203 134 6 262 173 241 -12 114 71 130 31 222 218 153 254 204 159 44 121 213 102 165 269 44 180 -2 96 58 202 267 228 152 278 148 103 16 134 
263 99 273 75 178 26 220 112 96 165 247 7 196 209 255 195 -5 250 3 191 223 0 -11 146 15 258 164 95 197 93 213 34 17 144 246 88 172 133 26 15 229 221 66 206 275 219 203 0 48 154 205 62 220 128 139 54 233 225 261 201 269 77 207 193 192 89 14 -1 267 180 219 39 173 153 -2 14 262 59 -11 275 238 106 194 245 -5 164 186 227 181 42 63 233 144 139 274 10 155 189 89 223 248 239 269 71 260 259 11 247 104 153 232 220 -12 96 221 47 11 172 -12 236 227 87 157 86 131 211 112 190 150 36 191 230 126 202 30 172 32 266 277 210 6 242 238 80 -6 149 240 168 61 268 163 30 224 174 68 13 233 74 35 176 233 154 108 216 73 41 211 109 211 2 108 135 2 212 65 67 273 22 37 166 231 48 9 165 163 9 56 185 82 22 12 89 273 199 -5 -2 257 177 272 259 264 159 15 9 222 237 258 140 12 237 273 222 240 -8 182 168 284 138 53 39 139 105 31 -12 113 91 282 156 175 180 61 201 168 29 279 177 122 35 249 160 79 248 243 7 193 60 256 175 204 167 127 131 123 13 168 174 146 -14 31 153 150 235 277 28 145 272 88 206 188 76 90 266 187 42 49 251 264 265 257 31 250 38 45 8 118 92 151 55 139 168 243 150 203 47 278 235 98 109 62 157 
34 210 152 35 -5 170 21 38 252 29 235 52 262 90 216 106 69 1 191 178 272 189 253 226 144 162 134 195 268 262 193 281 168 139 25 86 203 250 0 281 253 98 120 30 125 94 217 -9 147 147 194 200 237 2 271 54 219 281 238 284 249 220 76 83 192 78 255 80 27 133 194 80 88 26 233 63 133 88 125 112 220 256 110 84 3 53 271 97 164 89 5 189 140 104 209 -5 172 159 103 81 92 235 47 158 76 187 81 -10 97 43 227 216 249 131 48 131 85 128 66 208 241 113 101 71 -11 64 -6 40 167 -6 89 64 233 36 175 232 193 104 190 -7 98 -9 206 32 25 228 135 88 75 69 40 199 44 32 212 193 121 54 200 163 30 215 248 110 167 16 225 141 16 212 106 156 238 268 17 223 32 251 17 272 278 94 277 169 128 44 144 132 71 -12 135 267 44 198 106 74 253 223 22 82 43 33 94 109 20 42 121 167 82 120 160 243 209 245 165 178 10 260 87 167 87 252 142 13 53 271 269 -15 -5 233 86 74 241 134 274 153 68 109 146 104 52 135 153 264 260 136 31 43 33 204 90 123 94 224 103 152 61 10 2 246 209 158 213 30 199 167 50 262 111 2 224 32 277 116 232 212 172 242 137 168 101 120 248 228 194 54 100 225 137 175 253 2 24 75 199 -14 271 232 249 156 
260 183 23 68 -15 127 93 -2 191 239 113 153 114 32 283 185 6 221 -14 31 72 106 94 68 43 90 275 265 136 45 181 123 236 181 246 227 173 53 12 279 284 134 27 116 37 112 97 171 87 37 185 27 158 260 144 137 218 45 114 252 207 2 44 -6 101 -7 70 274 224 88 256 14 184 201 85 72 89 52 283 205 211 278 56 261 180 107 280 209 110 178 221 -14 182 251 -9 73 237 177 239 104 255 114 10 108 13 47 94 155 159 20 185 44 57 88 161 168 149 5 30 155 126 231 101 0 31 188 -10 141 264 59 65 99 240 -7 278 136 98 76 229 258 22 72 -1 255 58 75 198 277 5 20 142 156 118 138 273 281 114 26 0 82 280 165 168 263 153 135 188 283 48 125 107 164 22 277 144 243 280 115 72 107 -15 274 20 99 147 73 148 42 50 55 167 -9 267 117 131 97 194 2 48 73 277 196 244 13 159 153 258 223 46 280 219 135 252 133 16 45 56 267 145 51 123 252 217 1 113 206 16 153 53 68 157 237 87 258 92 275 198 66 -5 216 149 143 215 -8 230 15 37 197 129 123 85 203 177 46 171 19 184 20 45 246 156 160 100 248 118 11 42 -1 130 266 0 18 95 206 3 171 240 19 12 264 231 143 196 82 53 239 29 262 62 147 183 209 186 281 13 185 221 156 188 136 
243 119 268 128 3 10 100 20 229 93 121 262 37 190 202 229 50 257 83 53 202 170 229 37 -12 25 188 69 128 -9 224 120 250 171 -15 -9 37 -12 191 142 5 33 32 282 167 -4 3 176 164 203 140 253 41 279 53 247 69 127 133 227 215 146 283 179 62 220 85 190 270 274 93 202 108 -13 265 -11 85 -7 98 246 19 0 98 202 25 121 93 47 129 175 248 260 3 51 169 -2 283 277 258 50 189 138 201 151 203 183 91 186 36 141 60 152 0 50 239 107 281 249 26 200 232 205 80 144 91 168 -15 53 245 202 278 34 158 243 6 134 249 97 139 254 7 36 61 98 187 272 132 157 210 209 196 -2 71 237 166 162 155 60 41 275 109 139 10 83 -14 -12 171 186 203 89 21 112 263 207 177 179 -14 66 264 43 94 250 251 86 29 4 162 102 283 250 15 189 98 147 265 241 260 239 65 196 112 135 37 221 182 176 224 179 3 84 81 -2 92 52 111 168 187 188 112 197 76 232 256 206 161 0 49 95 44 23 256 283 224 59 139 81 186 72 249 143 33 22 273 193 108 228 63 71 155 122 243 251 78 33 48 167 9 122 48 74 82 104 152 284 143 134 -2 167 111 84 273 35 237 64 258 113 227 -12 164 280 103 187 273 76 111 273 79 132 250 19 3 109 31 106 61 131 138 82 208 -5 
231 102 84 146 33 106 234 246 140 10 210 38 263 213 236 90 277 76 272 120 84 44 42 45 -14 93 194 111 104 240 247 154 172 148 110 157 39 192 25 283 19 168 -3 78 193 278 -15 -12 255 30 156 207 208 1 81 197 196 53 137 269 165 97 12 176 270 108 179 239 131 187 105 264 149 140 193 124 215 44 32 136 1 155 227 -5 45 278 151 154 148 114 140 240 6 120 222 228 235 272 255 157 180 265 132 198 25 96 101 187 181 21 268 175 252 271 53 173 215 8 142 179 42 96 224 249 274 92 283 91 125 223 41 127 218 220 156 169 251 146 63 8 265 167 143 52 219 163 102 223 231 241 192 13 190 123 148 15 45 151 217 17 11 12 142 228 41 126 107 36 180 225 185 214 41 -8 91 91 195 81 50 185 36 79 162 264 117 284 42 11 -13 76 69 197 106 257 166 161 206 141 142 -4 107 273 84 125 277 119 133 122 282 242 172 155 198 200 163 19 222 29 168 1 165 -1 203 231 201 105 157 49 228 171 164 89 72 58 139 19 99 120 241 114 30 227 213 52 218 138 165 271 21 248 27 240 107 267 103 28 200 140 62 209 219 138 3 -6 -5 48 240 -6 133 151 11 146 95 150 189 220 -13 104 86 -13 71 155 59 209 31 178 173 268 52 242 35 180 -13 13 201 -1 141 279 273 42 
194 80 54 68 83 93 88 160 225 -7 32 40 275 36 36 43 87 75 168 138 115 255 226 91 101 147 259 265 149 83 32 212 -1 195 240 204 208 98 198 0 217 219 193 13 145 273 69 3 118 -13 166 103 195 191 160 97 225 46 229 60 140 160 179 76 186 32 251 191 166 79 274 19 238 5 250 127 42 248 272 240 196 156 29 130 208 163 165 275 181 125 251 227 112 206 110 65 125 107 -4 165 159 211 249 226 28 195 134 78 69 108 127 -5 90 239 173 32 113 177 37 129 23 184 280 215 275 86 95 164 148 20 167 9 273 170 219 16 19 213 99 169 74 33 155 267 191 12 0 93 118 42 75 282 166 239 198 148 49 -6 72 152 146 120 275 244 199 264 20 246 108 -1 47 113 17 167 44 81 192 232 101 168 271 35 48 50 219 222 67 157 233 91 283 262 171 137 222 129 14 232 88 260 118 241 203 257 271 221 121 249 107 69 283 93 269 26 64 211 16 145 40 246 171 174 38 -11 107 252 90 37 165 216 -2 193 266 180 279 262 51 173 184 274 18 112 7 206 151 221 -1 258 127 5 221 128 219 165 217 114 231 194 52 144 284 252 228 5 -2 266 239 27 186 31 95 153 165 198 157 152 1 158 29 250 176 12 65 55 41 158 38 244 78 205 0 265 75 10 24 13 -12 104 -2 -7 
279 201 -9 237 182 146 233 122 16 107 205 -3 -14 -5 154 54 -14 44 188 45 216 283 77 224 159 27 203 193 72 211 -2 103 250 224 144 35 167 223 122 241 271 271 145 35 5 163 146 94 242 142 -10 202 106 67 217 222 -1 39 53 140 81 21 125 282 91 272 130 215 212 247 34 212 150 81 103 57 77 38 62 14 275 110 37 29 102 149 234 263 4 210 61 11 239 251 124 258 247 18 124 0 267 249 195 245 117 175 172 83 111 98 38 263 199 235 61 94 191 68 101 194 256 177 156 154 234 198 58 230 265 -4 44 238 118 245 118 56 217 116 212 52 105 -3 162 164 5 169 258 92 282 250 42 268 257 2 35 236 78 177 109 11 77 243 172 34 104 98 139 203 33 236 54 165 -10 73 77 46 262 32 99 172 149 230 1 213 83 151 60 185 284 51 215 116 192 228 97 252 30 122 177 47 -2 231 200 241 219 249 281 149 149 208 258 142 -5 264 105 -4 152 -14 103 54 256 -2 -2 170 193 49 74 243 63 244 106 230 123 265 152 197 182 93 88 148 158 145 273 69 281 88 107 193 30 37 202 251 156 245 132 36 280 208 101 220 27 8 184 64 260 166 219 236 190 124 267 28 -7 127 93 105 166 118 176 53 128 263 199 107 282 104 114 255 194 36 104 82 246 75 24 69 277 27 109 251 
184 276 173 216 235 35 265 267 34 58 34 168 235 259 172 47 121 99 -9 39 222 29 -15 154 237 119 62 104 183 242 237 230 167 0 16 277 143 147 275 123 101 157 189 33 250 283 3 250 58 138 133 175 96 182 214 120 43 265 113 269 69 0 53 12 3 28 22 -14 221 244 109 168 76 45 107 121 49 -6 177 189 36 277 94 -13 192 61 -5 251 72 117 219 141 167 130 175 66 84 108 209 56 186 71 193 -13 194 171 266 175 125 148 113 -9 63 256 283 281 167 257 74 111 157 68 70 68 222 250 92 15 199 69 243 143 97 2 21 188 155 232 239 16 276 101 105 209 171 195 92 162 252 30 -6 -11 261 152 211 173 225 218 232 140 -5 225 276 142 126 51 -10 206 52 138 110 3 117 209 211 19 -7 266 105 181 192 240 6 161 140 159 210 153 76 -12 123 12 17 169 86 121 26 -12 167 161 272 87 91 69 269 56 96 -12 84 122 53 60 142 144 227 98 215 187 215 11 224 246 96 228 67 145 231 225 -12 123 90 270 231 54 142 58 202 198 160 73 96 229 126 -5 70 -4 281 25 97 158 65 60 56 111 21 240 15 82 93 238 220 195 165 137 174 230 242 149 95 52 107 257 46 73 162 27 -12 -11 23 58 130 3 86 183 244 234 268 -9 53 150 270 251 239 208 269 157 40 125 229 231 
240 100 8 145 205 184 22 232 185 75 251 272 15 6 20 109 101 265 146 81 203 111 251 229 176 265 114 251 229 62 53 35 142 95 277 64 145 180 117 229 64 143 95 131 251 230 164 202 18 87 67 171 51 268 239 280 3 40 52 258 237 281 191 230 112 150 -12 139 131 123 117 111 137 43 256 124 230 57 70 137 199 148 210 209 9 144 64 179 172 164 -2 183 253 202 34 127 110 147 194 210 190 227 172 45 197 261 138 31 240 50 141 -6 60 28 61 267 183 177 104 118 116 73 278 181 -4 129 32 111 141 32 147 212 6 87 156 72 79 179 249 219 62 253 67 231 126 239 206 239 175 186 24 122 74 67 150 69 179 50 215 42 88 215 66 206 200 47 27 239 263 183 33 185 275 94 -10 273 36 193 102 284 248 139 176 127 235 111 75 19 241 265 172 183 275 78 281 239 79 67 -2 3 142 252 201 244 216 50 75 227 171 235 77 176 227 55 100 8 94 35 253 26 54 226 207 110 143 28 150 252 215 22 0 192 119 233 6 73 20 143 2 67 93 139 158 251 -1 200 120 250 -5 4 283 279 114 65 180 37 7 41 206 240 276 238 151 277 110 240 200 4 79 150 43 77 108 14 183 70 76 -11 115 241 26 147 39 121 14 198 271 249 -5 125 -15 228 91 55 257 66 8 252 239 260 
17 227 -15 18 32 69 150 81 202 23 82 111 20 158 195 221 173 -10 243 145 279 20 155 91 15 159 243 181 251 145 83 153 219 147 169 122 159 242 168 91 282 12 173 3 152 162 160 102 39 151 17 259 12 166 -9 266 101 91 -15 211 222 263 59 88 164 128 28 192 231 139 113 33 11 185 192 91 178 56 50 -15 257 15 -3 99 121 67 38 181 259 3 115 223 282 82 236 129 24 76 171 177 32 130 161 59 254 222 31 96 267 95 48 106 198 -12 75 -14 215 227 145 83 99 99 248 55 37 174 247 191 104 109 5 264 192 253 63 183 193 184 65 45 262 102 176 264 226 0 95 208 245 282 226 249 -11 -4 226 155 170 148 197 219 199 129 181 282 217 43 37 208 250 277 159 71 51 3 -12 179 238 126 56 64 207 268 33 274 -9 28 235 12 277 174 197 145 101 87 74 230 -6 267 105 260 201 163 129 217 138 217 213 133 153 57 7 -5 209 49 260 151 167 245 20 186 -1 225 190 228 63 178 145 21 220 227 224 224 116 112 179 264 268 200 79 159 91 167 221 244 104 230 97 23 69 145 177 180 -13 169 23 280 31 188 42 203 270 86 21 107 133 218 233 67 64 136 -14 52 197 211 19 0 -9 137 141 -5 143 142 121 271 269 179 281 210 252 280 265 267 232 244 -2 110 112 283 30 91 
163 145 169 93 9 229 248 122 178 72 -8 227 167 167 258 6 222 185 252 10 227 98 66 110 103 97 217 52 43 29 272 72 44 11 170 93 198 273 203 47 254 161 218 170 213 95 42 46 165 125 260 203 222 238 120 71 125 109 20 150 80 59 69 121 199 150 195 282 225 215 99 282 82 170 91 232 211 224 14 186 94 62 232 130 196 244 20 63 -12 272 177 239 166 157 26 -9 264 178 -11 117 248 171 241 213 6 58 54 115 91 29 38 67 186 -5 98 194 174 244 46 237 24 51 233 280 146 227 30 273 56 43 4 77 186 9 -15 225 183 116 184 240 240 102 161 169 60 122 124 120 270 11 62 222 76 168 235 261 187 49 59 0 198 257 187 98 119 46 139 184 144 274 230 54 75 51 221 175 116 206 115 56 230 103 156 185 168 16 165 21 221 191 39 79 131 69 -4 78 192 280 166 30 201 55 209 63 206 232 236 49 63 207 175 41 26 193 -1 168 164 220 177 28 272 33 220 91 33 53 221 130 40 192 84 106 42 147 212 27 44 85 83 25 155 21 215 7 -8 170 117 52 13 234 -8 208 197 71 200 -9 34 55 155 33 128 79 23 165 204 42 26 267 -14 99 54 108 95 40 13 108 27 272 220 195 102 216 38 171 175 253 35 209 74 249 98 53 14 219 176 267 -2 260 146 191 
130 76 133 153 156 156 119 221 184 153 109 225 167 52 143 157 151 239 267 278 -1 245 282 78 156 142 183 179 49 -11 169 66 267 201 51 46 196 -7 118 149 216 279 67 213 153 264 38 163 63 274 254 112 207 50 78 25 202 122 71 141 56 181 31 -15 281 110 -2 283 250 243 98 17 104 272 100 172 87 135 192 240 177 216 46 191 169 235 59 30 162 121 122 103 267 21 132 259 53 256 44 5 262 227 51 176 124 63 -2 54 1 16 146 33 221 7 241 210 138 206 101 188 210 178 238 86 6 59 147 97 126 133 118 188 -11 31 172 100 110 235 39 50 11 -7 270 142 217 237 192 -2 109 134 52 188 145 17 4 221 278 280 -14 194 236 95 168 219 266 144 59 153 128 186 284 -8 142 113 144 158 283 80 6 263 122 223 128 169 -4 177 196 177 30 197 127 103 280 69 189 123 105 51 246 224 237 31 -12 157 -3 224 250 98 -1 123 277 16 98 273 81 68 154 80 206 265 54 224 -13 236 53 34 171 -1 199 70 138 93 58 130 86 25 193 274 70 33 235 105 115 145 163 252 98 109 135 165 181 171 -13 143 18 92 207 256 52 24 151 187 174 195 106 131 33 51 53 175 194 228 197 12 221 279 163 160 108 107 187 216 223 151 12 65 275 263 27 110 257 245 73 280 32 191 225 226 275 264 
117 239 144 35 12 179 47 -14 150 29 203 166 51 2 82 74 221 133 284 103 87 156 166 283 26 235 26 232 119 59 6 167 1 143 112 32 173 258 33 41 55 223 119 51 62 241 199 212 55 -7 207 245 130 202 10 202 45 63 106 159 157 23 242 37 198 261 32 190 131 281 135 193 154 75 219 182 185 98 66 12 60 152 73 -8 -15 40 275 5 114 12 258 140 198 -12 153 158 247 238 66 -1 2 264 164 34 167 243 213 270 78 -11 162 63 135 18 154 62 218 278 31 168 58 226 170 30 166 247 262 -11 32 147 120 276 -6 71 21 226 -5 57 271 16 95 179 21 -8 149 231 217 167 148 36 103 277 247 49 104 274 146 273 76 -6 82 -6 232 228 12 150 22 244 113 211 6 279 284 246 25 36 88 31 140 76 195 -14 203 -11 36 125 154 279 149 52 24 115 136 -15 211 20 119 129 39 262 277 31 66 108 155 56 115 71 47 190 97 117 40 116 -5 39 46 230 22 137 184 254 22 229 46 122 68 7 212 221 196 137 56 139 267 79 146 15 115 48 167 176 237 5 54 195 -6 265 87 36 6 270 117 97 238 227 9 211 89 234 209 252 268 60 125 129 96 87 225 121 236 23 166 61 176 180 74 41 274 79 242 283 147 20 114 219 191 166 196 19 188 37 28 131 120 0 208 156 10 221 
82 80 276 197 274 45 170 212 230 20 257 238 39 79 184 151 198 67 91 185 263 82 90 211 181 283 4 96 73 107 70 92 75 186 253 274 67 197 39 51 148 150 152 170 87 161 199 256 158 108 232 126 239 231 51 204 70 282 220 33 133 272 237 36 255 210 4 33 64 247 242 45 48 261 23 210 1 231 38 282 105 156 59 169 98 100 -1 94 201 86 228 130 12 2 178 147 167 44 53 163 161 28 12 231 76 67 253 35 246 27 218 235 51 210 276 243 163 88 134 10 134 98 67 20 44 249 264 243 250 56 44 255 270 141 245 236 78 266 280 92 196 215 27 144 33 282 66 108 263 191 219 211 91 105 3 39 11 197 130 64 272 270 172 114 76 44 213 46 -11 37 22 142 37 -3 157 195 81 232 39 239 276 205 195 174 158 113 250 230 36 30 189 75 66 54 54 180 177 35 252 66 178 4 -8 116 268 171 100 232 226 272 85 113 189 191 2 106 250 205 77 114 191 196 117 100 18 192 63 136 20 141 205 66 68 146 150 51 262 235 -13 -9 -15 162 253 250 102 143 16 33 240 81 271 214 157 44 -2 250 50 20 17 139 58 190 217 102 251 89 11 127 74 -12 183 26 212 111 107 44 92 254 149 39 131 161 278 -1 93 220 148 162 10 154 28 52 57 205 36 -14 144 40 13 231 
36 26 260 92 50 173 34 130 114 216 52 170 87 141 256 240 136 69 22 99 205 227 258 280 96 80 282 156 221 124 174 123 225 8 158 23 139 225 240 82 169 -14 47 223 200 137 155 -14 136 236 113 178 107 249 189 102 164 270 239 75 28 243 3 173 -4 64 117 120 12 156 115 249 135 54 152 -12 259 113 241 24 19 31 13 174 112 121 23 171 128 131 34 61 129 54 -4 86 45 53 252 2 0 0 272 86 102 142 128 249 211 113 202 19 25 232 254 220 149 -12 114 246 200 19 261 190 87 193 165 181 20 236 176 13 159 147 143 25 106 204 238 142 1 166 48 271 136 77 4 107 237 209 238 260 172 254 282 64 -6 148 77 112 10 99 277 91 242 163 80 236 157 26 148 30 31 50 269 91 14 176 230 217 160 -5 57 -11 45 221 198 72 34 252 -10 143 214 103 43 226 228 270 86 197 81 -5 24 265 103 23 83 96 166 200 210 151 163 140 217 48 -2 206 12 -3 156 123 206 247 112 168 -2 2 93 30 187 160 181 95 239 124 245 159 252 77 109 -11 50 7 116 83 120 258 92 26 166 176 167 227 -14 200 -7 82 38 28 206 97 125 250 70 273 101 43 111 152 33 67 206 179 131 237 190 215 220 282 -7 129 266 108 103 110 246 -11 160 266 126 68 98 166 265 203 207 183 22 77 
187 4 -3 38 197 5 136 284 42 110 258 257 151 0 30 11 65 274 81 239 158 106 131 9 61 53 91 90 128 136 182 11 284 141 138 37 3 5 119 249 66 155 225 94 226 217 168 229 244 194 149 -15 145 20 -11 163 83 118 6 59 149 148 132 216 211 98 234 216 50 146 266 124 145 54 271 178 152 262 136 263 160 201 252 32 191 222 276 204 149 241 68 200 195 131 25 -11 99 -6 18 272 117 61 138 256 92 27 194 69 47 246 88 241 -3 273 283 31 244 266 135 89 198 150 119 74 205 30 53 17 48 167 210 5 89 148 31 217 82 142 115 98 71 12 50 142 32 137 222 203 62 131 212 137 139 185 188 20 96 187 108 213 115 132 282 258 64 104 241 4 83 84 38 237 194 106 284 275 4 65 232 176 215 265 125 22 202 42 91 244 127 79 122 109 187 57 190 180 17 161 272 105 127 283 191 4 134 203 120 103 114 -15 35 89 18 179 259 76 85 126 32 266 2 182 258 0 176 258 181 262 172 148 159 231 39 92 86 216 18 175 -5 47 121 69 133 282 100 87 138 224 176 59 166 79 41 37 190 103 58 -1 252 201 158 223 279 15 6 171 154 272 155 266 44 119 217 105 151 245 164 232 253 146 258 282 166 79 105 182 120 89 106 260 255 69 54 184 176 85 8 237 248 38 
92 112 9 154 18 234 33 31 258 58 170 177 179 116 65 41 233 -9 -7 123 151 138 -6 177 148 21 130 88 158 16 172 58 225 185 268 112 105 74 111 211 78 173 51 14 111 63 240 10 277 66 52 28 117 75 193 14 241 60 25 164 59 122 186 217 230 157 2 10 85 226 68 187 265 17 33 8 223 177 30 9 66 145 215 149 197 268 95 3 244 123 248 114 143 46 66 39 224 196 259 124 95 278 210 175 166 167 156 36 214 57 86 263 274 63 232 189 170 190 165 113 45 68 -11 190 239 231 111 187 38 270 27 49 129 63 191 128 46 57 92 97 272 22 151 143 56 56 -8 141 17 235 219 19 81 82 42 3 102 235 138 269 12 216 229 10 181 63 -12 210 75 260 220 16 253 270 18 190 105 187 187 257 40 9 161 102 163 221 236 26 248 33 52 231 135 -4 59 219 171 244 33 20 75 249 89 109 270 216 3 24 167 226 145 244 9 202 215 53 215 69 2 214 57 213 142 159 234 43 179 111 245 253 273 203 74 222 284 11 266 24 170 64 193 136 162 167 219 252 120 133 205 278 14 156 202 79 219 13 222 58 54 214 249 185 146 142 46 17 23 218 46 6 43 111 16 213 273 49 227 14 210 214 50 168 206 55 218 187 14 130 217 100 88 281 118 54 74 62 245 264 -2 -12 
241 226 257 68 111 253 215 39 252 256 263 39 105 19 23 280 34 205 42 117 85 232 84 120 221 19 -2 58 135 101 71 226 279 24 9 284 166 153 228 137 6 65 52 29 75 115 177 219 9 85 240 191 237 116 120 262 281 -8 82 139 190 155 236 3 280 196 111 174 281 139 224 274 166 275 228 107 6 104 16 51 227 -5 264 276 162 111 106 0 -10 129 73 117 32 225 162 77 129 50 195 103 233 36 115 166 231 37 237 206 60 199 224 13 236 251 90 167 -9 76 23 277 264 174 109 43 -8 173 117 228 237 11 281 102 277 136 84 158 201 15 5 101 73 178 256 0 113 118 13 37 36 137 191 34 148 115 140 45 147 230 109 197 277 49 40 48 181 232 16 214 168 189 14 273 127 86 237 129 93 178 283 -3 122 149 98 -1 181 -8 111 193 152 20 214 216 215 189 66 -11 -10 10 204 93 153 60 -2 9 284 68 128 243 108 -8 102 168 279 136 131 123 232 -7 82 260 239 139 43 204 249 168 1 280 227 -4 269 76 171 270 177 38 116 -2 226 243 87 209 -9 174 122 18 255 250 96 222 201 197 220 43 246 206 203 72 14 86 260 240 110 266 98 248 261 264 137 86 98 17 213 -13 258 150 108 183 -1 213 165 264 267 258 184 92 241 157 127 71 252 78 102 200 58 60 39 6 276 162 
77 271 15 12 106 272 99 36 239 152 60 104 23 53 102 175 30 174 117 118 235 16 25 65 176 -9 280 178 161 101 136 117 144 -8 84 268 243 55 25 149 26 239 281 70 151 275 212 85 139 114 165 136 270 206 51 202 186 265 17 263 192 143 139 220 152 155 46 147 195 275 241 77 197 165 -3 84 192 28 158 200 265 230 147 -12 1 259 280 246 113 273 9 15 21 222 74 204 167 31 117 166 130 194 99 15 53 79 219 242 182 62 52 139 46 43 161 106 91 238 106 165 279 -3 68 160 199 244 212 41 228 56 145 4 77 215 7 168 177 227 228 162 86 71 161 227 -6 74 76 9 68 191 213 166 59 252 73 179 170 131 83 242 188 98 181 126 58 126 25 148 25 126 204 259 95 105 271 99 199 205 60 10 85 14 39 262 230 250 110 79 275 154 161 263 242 125 250 227 260 231 232 270 270 21 67 263 165 -9 88 96 199 122 89 80 124 51 238 144 254 39 165 189 17 133 83 265 234 137 145 217 192 218 130 94 127 159 173 3 112 73 37 197 174 140 206 112 32 30 124 5 2 164 63 232 124 268 65 116 216 166 24 173 100 19 137 253 56 15 113 194 213 10 98 227 182 6 225 257 42 195 23 16 -10 -1 64 282 257 46 247 59 53 277 87 254 183 54 26 187 262 135 216 41 
207 280 134 114 193 170 -4 192 224 202 51 154 111 57 196 143 30 265 121 143 20 32 72 116 173 224 257 11 228 194 46 275 227 6 99 161 258 143 204 112 205 196 46 103 40 79 -6 209 230 176 30 123 273 160 13 5 195 139 273 178 82 132 39 185 236 29 263 244 202 137 141 10 209 195 163 222 58 271 127 93 230 176 107 200 277 58 220 218 136 268 44 83 -4 -11 167 14 154 203 19 85 96 28 231 166 253 108 277 75 159 206 267 137 32 111 136 78 43 216 3 118 113 56 252 263 23 273 33 267 101 233 75 37 124 -4 37 83 48 156 149 203 153 157 58 273 271 210 -11 68 91 96 243 87 32 265 102 61 190 120 87 236 -10 39 -1 71 78 213 92 222 270 173 -5 186 56 263 44 189 39 85 90 191 -10 88 223 129 167 173 154 126 106 102 271 236 28 125 238 257 67 255 164 170 120 281 283 143 130 123 209 -4 225 165 214 270 251 18 265 45 118 74 19 118 186 87 38 244 51 176 266 75 174 262 225 36 129 78 0 271 85 11 168 -2 144 56 226 109 162 205 59 155 175 210 27 168 30 111 40 223 -12 158 37 282 160 39 151 119 253 118 256 38 272 258 246 120 8 184 10 150 160 141 130 70 232 272 196 281 278 175 68 30 266 121 128 238 31 224 185 244 49 64 9 51 
256 164 167 150 190 191 2 7 -12 277 74 127 136 100 63 168 251 77 148 244 137 95 71 210 141 86 177 59 160 0 40 162 244 96 91 259 157 131 126 68 6 35 127 253 236 118 220 -14 144 183 42 234 50 30 113 11 -14 30 109 235 66 254 85 96 256 252 149 48 137 78 189 130 114 66 88 -3 235 229 243 -6 169 123 251 228 80 89 -8 156 72 54 170 69 35 6 -5 49 124 95 243 4 -13 218 157 65 161 154 99 203 201 23 95 161 79 95 74 45 67 147 62 202 53 96 84 180 168 152 12 -8 93 22 243 276 -6 22 244 284 270 183 66 66 266 67 -6 163 105 93 121 258 108 202 100 148 61 218 10 45 56 168 94 206 82 227 22 99 170 174 251 35 146 2 170 10 -13 14 106 147 59 147 31 102 130 29 202 99 202 54 14 -1 92 114 154 10 192 203 92 238 156 210 270 116 135 89 -9 148 183 98 -8 38 194 180 15 166 57 220 47 3 166 99 -6 67 255 198 260 97 198 210 64 41 254 278 72 157 32 261 48 184 35 200 23 -1 245 187 190 29 137 83 141 143 216 185 219 164 125 80 -5 103 56 9 56 219 31 278 254 30 106 163 31 13 217 88 33 203 156 158 140 132 151 42 202 47 129 40 165 263 206 197 1 67 134 154 154 137 176 190 165 52 75 137 -6 284 
135 143 200 93 215 152 184 166 202 69 39 153 228 24 71 228 3 39 200 173 245 102 147 154 179 46 71 110 230 96 34 8 253 59 30 22 -9 -11 84 220 -5 -15 80 98 77 229 -13 114 175 244 73 111 176 10 27 183 -13 258 260 33 211 81 247 218 129 118 41 185 63 257 62 70 156 260 173 201 20 15 259 198 246 -2 184 242 263 -3 -10 163 76 186 142 25 235 203 100 38 153 78 241 147 156 145 219 215 111 247 117 184 50 274 240 115 37 71 53 273 -13 50 67 23 87 143 208 93 97 265 99 79 41 -15 128 284 268 71 -13 12 180 114 102 11 230 -6 18 226 127 245 148 146 2 123 196 114 51 219 205 90 101 9 214 82 103 98 48 175 50 188 38 112 242 246 198 187 109 131 185 46 56 -10 28 181 15 131 147 149 -4 124 134 107 267 106 158 74 145 88 235 213 23 244 76 284 37 273 266 188 273 174 268 116 96 53 270 271 3 226 -7 60 179 148 15 109 -8 60 175 207 34 117 11 157 -7 -8 144 159 37 181 22 69 61 9 0 36 244 34 106 15 -8 155 214 174 183 -3 119 68 147 7 17 227 99 56 181 280 39 210 123 258 274 197 61 155 282 21 149 225 192 145 220 87 253 136 157 4 120 93 276 99 53 183 267 0 63 225 272 57 53 116 261 257 273 0 73 245 
198 163 51 164 62 50 279 168 135 280 72 57 31 274 196 -14 273 256 283 282 178 28 134 9 176 20 178 91 -10 156 228 148 176 118 214 -12 236 93 177 48 229 268 81 230 183 59 212 26 147 90 223 58 257 53 97 92 19 36 161 284 71 40 187 211 164 201 82 26 189 2 -12 -13 107 42 241 243 8 84 144 87 231 153 248 32 38 0 214 241 178 74 172 122 30 212 94 123 86 162 66 61 61 253 41 225 217 15 144 75 163 165 228 44 22 141 258 199 -5 221 93 60 25 12 169 74 70 248 248 248 115 80 87 2 153 38 -12 1 56 263 21 158 166 238 92 14 95 -14 220 216 24 16 126 266 41 125 153 207 160 172 167 221 99 203 161 248 92 197 129 35 227 227 38 189 0 183 79 120 239 49 8 258 248 266 125 179 190 53 124 175 127 156 257 -14 -4 6 180 -11 35 123 87 184 14 181 165 248 74 232 254 127 52 92 92 94 23 101 -11 27 42 204 -14 154 27 192 7 28 180 171 36 170 64 50 271 216 246 -2 7 210 90 233 101 39 12 241 153 215 229 71 35 112 251 50 146 49 212 216 97 7 98 237 124 -3 193 36 210 2 130 19 108 172 15 46 160 235 107 254 171 106 11 134 271 13 176 63 18 52 -5 216 191 -13 47 116 78 -2 198 215 117 23 50 179 180 189 
209 252 119 67 203 -7 29 206 172 4 153 144 25 79 212 14 115 261 204 107 -3 81 32 224 109 109 95 98 203 213 2 6 -7 9 257 165 214 113 281 181 12 139 261 98 51 102 113 8 176 101 142 215 266 38 190 252 228 216 99 124 -4 27 64 -5 250 126 3 58 27 101 85 48 192 17 90 6 17 100 140 133 175 238 95 32 218 92 130 150 211 122 36 168 13 20 184 215 224 264 209 25 11 283 198 157 166 161 193 240 264 74 19 178 103 254 272 254 24 215 95 273 144 226 -1 239 255 92 155 114 -12 161 43 212 45 210 120 108 -11 246 107 214 178 122 208 54 248 183 205 180 268 112 0 201 209 108 4 189 260 243 137 206 277 75 29 175 53 270 115 128 34 194 121 13 257 78 268 234 91 135 73 -10 50 117 62 143 281 0 251 273 119 204 29 116 119 177 42 79 3 147 186 134 279 276 114 200 45 104 235 278 239 276 50 66 275 232 237 227 233 146 -8 223 125 206 264 239 271 254 280 260 44 -7 39 2 55 80 49 209 260 98 9 101 0 85 54 98 198 23 113 172 28 10 134 245 -8 42 47 53 284 176 57 161 -1 224 248 263 95 242 141 248 236 54 130 15 139 254 -2 18 47 224 53 55 -6 268 38 17 7 277 284 -6 6 230 210 270 173 88 94 237 253 46 95 234 
249 234 5 118 215 26 142 231 66 166 219 211 87 80 216 -9 134 103 152 91 209 48 259 77 245 133 57 241 220 29 167 23 221 165 80 67 84 -5 1 85 176 112 277 65 56 254 68 96 -14 80 -2 264 66 214 247 83 143 108 -12 143 5 137 197 146 218 239 237 209 62 136 245 231 41 60 32 133 12 82 146 131 50 201 172 52 40 28 35 27 71 255 245 138 -14 71 16 40 19 279 -8 14 230 138 60 129 171 37 256 154 227 137 121 273 95 120 92 -9 156 70 8 -9 210 88 282 111 98 212 174 252 213 211 35 278 227 39 155 216 20 239 124 224 206 73 55 270 231 31 283 171 269 4 228 163 223 49 128 138 41 254 37 167 67 222 57 -14 86 28 58 132 23 90 150 32 240 227 190 177 16 252 69 105 259 242 219 72 146 16 15 50 276 246 262 145 25 136 117 250 269 141 217 261 157 150 216 -10 -11 224 259 127 250 73 246 200 70 281 155 86 264 127 243 171 222 181 257 185 247 206 112 1 270 98 131 257 276 43 207 265 38 27 245 -13 179 12 13 150 175 227 63 116 4 160 47 50 195 102 282 -5 202 182 278 231 273 136 222 19 283 26 279 250 134 -9 222 138 229 23 72 7 73 10 -10 247 106 18 136 123 208 268 152 192 233 217 183 122 224 201 96 185 187 153 56 197 
117 214 280 163 35 157 193 16 24 236 169 202 154 72 18 21 132 189 168 -4 169 263 266 12 233 63 146 232 182 281 33 45 192 147 97 23 110 130 53 13 -15 231 88 14 213 196 141 61 67 120 118 38 208 237 273 -3 104 168 20 79 67 163 176 90 122 154 35 218 81 126 227 53 207 65 18 23 255 225 121 122 109 233 42 155 36 17 14 230 99 214 149 186 122 249 283 125 267 282 178 -13 16 157 133 85 134 28 21 72 198 259 78 169 147 152 68 191 77 21 174 -10 112 248 87 -13 72 193 195 26 247 -7 32 79 163 171 85 16 175 159 39 -15 8 102 131 193 200 45 207 -3 33 259 169 211 99 165 140 188 120 277 215 64 279 134 183 281 119 148 73 43 -3 141 9 155 -8 218 141 11 149 200 261 265 22 13 190 50 174 175 133 237 146 151 225 132 138 66 13 158 151 32 219 185 164 80 147 150 202 40 172 95 33 85 48 60 203 258 -5 -7 15 73 278 191 143 -2 35 149 33 195 80 277 176 167 183 55 132 91 -7 281 271 66 152 140 188 284 9 158 249 37 278 76 261 199 274 45 213 61 31 256 59 14 201 83 56 29 63 221 90 274 239 229 242 25 185 35 278 29 236 238 175 -4 140 266 145 45 239 37 275 58 63 185 280 199 279 227 262 95 158 242 17 45 260 117 
68 113 142 23 196 105 8 221 109 6 113 16 229 219 211 108 218 132 23 159 252 7 172 267 279 203 71 35 258 236 25 146 15 27 196 105 129 38 -9 170 -8 175 169 238 136 141 183 212 116 159 269 158 60 108 218 268 133 -5 7 171 280 27 82 184 261 257 27 8 57 213 35 186 39 275 47 167 283 252 31 173 16 251 132 219 15 123 14 104 -1 41 142 51 283 247 71 78 194 197 147 213 93 223 13 212 114 178 128 -5 284 102 19 191 283 116 75 106 57 257 8 187 261 47 24 262 27 206 116 80 280 73 208 164 72 78 117 201 57 88 56 244 46 196 198 36 219 94 235 170 191 260 136 172 283 47 264 249 33 33 -8 84 65 107 229 220 126 8 258 209 53 241 251 15 237 218 206 159 211 25 284 152 144 170 217 188 238 179 151 15 120 237 164 123 104 -10 67 5 220 20 234 67 165 238 97 11 22 69 65 46 84 150 29 188 76 34 161 235 246 10 106 -10 -4 108 148 108 234 142 151 265 273 37 63 216 269 213 218 85 60 231 120 258 216 71 16 33 240 20 126 156 169 40 218 -13 102 -12 216 185 198 19 6 201 269 37 114 -1 218 199 173 84 203 70 67 -2 154 25 227 3 282 7 129 267 -15 201 50 16 205 199 156 142 -12 104 35 208 189 7 11 173 207 29 259 246 
0 133 221 74 198 117 211 35 81 161 2 61 245 -7 101 209 165 15 211 144 173 219 241 268 35 151 134 29 148 233 8 -5 126 283 20 240 121 45 156 161 38 261 32 34 250 176 202 221 43 -13 211 63 -1 148 27 257 14 57 242 272 162 273 124 52 53 98 118 282 242 279 154 264 255 167 93 225 107 82 226 201 222 187 70 174 125 73 270 272 119 61 89 74 112 279 43 157 14 173 224 268 93 118 65 257 23 159 143 179 172 139 45 53 182 166 25 229 88 75 182 137 208 183 141 154 110 145 276 145 167 284 202 235 15 257 252 107 199 230 163 115 177 139 171 268 163 226 32 -10 102 170 79 31 268 87 123 232 177 -2 232 237 71 123 99 130 63 62 180 139 -3 218 153 30 199 110 216 166 170 282 230 218 26 38 277 190 11 -6 10 242 212 230 95 80 107 266 -15 7 133 264 89 269 199 84 64 188 261 45 63 92 -2 2 84 92 132 224 -1 144 182 -2 32 53 -5 65 117 47 221 101 246 -9 205 223 83 236 41 100 102 232 63 198 198 10 244 198 7 90 1 6 202 74 48 16 203 12 47 94 250 266 120 268 91 84 32 67 238 136 225 155 93 278 250 27 79 143 123 235 101 100 196 62 14 127 278 45 261 169 2 139 185 88 136 55 248 130 213 256 233 27 49 119 282 248 
213 54 95 8 87 59 218 19 85 266 199 201 -6 -5 124 52 6 256 284 257 202 98 197 9 193 14 185 182 101 82 33 39 152 33 277 8 12 163 68 215 89 -4 225 116 186 -4 168 262 219 163 277 6 273 186 173 43 195 233 278 240 199 74 -2 122 80 18 -9 140 3 259 210 -1 99 254 227 157 105 22 191 139 272 49 265 27 2 49 162 267 119 37 136 258 25 85 249 274 188 127 71 156 91 72 159 -12 91 18 15 228 160 35 104 66 113 162 115 167 235 209 138 147 209 246 215 123 87 114 209 82 112 111 222 -1 140 112 80 273 114 191 -5 56 -10 142 42 164 34 222 105 99 182 228 262 264 58 185 111 5 -13 241 223 104 133 54 120 38 39 101 61 -13 -1 209 248 94 -5 67 258 28 4 146 73 219 247 24 46 169 65 136 87 104 91 65 55 172 41 72 41 96 271 245 141 1 18 44 225 153 40 282 28 231 238 180 37 146 92 191 -11 22 278 89 12 241 158 168 89 263 43 245 1 121 280 2 14 -4 91 28 144 266 244 275 243 16 28 74 107 -8 279 247 13 225 122 226 190 196 41 213 -8 157 84 -11 15 23 243 107 58 260 183 265 27 125 95 50 153 0 279 138 39 158 27 183 -12 216 32 165 229 172 23 176 26 241 158 280 140 -4 59 80 238 284 233 87 267 77 
237 127 156 110 138 254 55 36 121 179 107 111 188 -12 172 130 248 85 197 80 136 -2 64 60 -8 257 142 73 62 194 260 62 247 274 5 80 133 197 113 41 236 126 282 131 283 45 133 153 52 185 2 242 234 87 115 60 234 221 74 102 268 214 70 77 92 175 72 179 169 278 243 114 112 202 144 39 188 115 194 150 172 266 157 169 181 23 89 100 238 74 126 52 161 80 265 242 105 30 -15 225 29 107 239 86 250 130 15 141 51 78 276 221 235 201 266 148 280 215 53 135 283 63 109 182 61 -14 116 200 108 187 88 70 141 223 6 10 108 83 29 10 132 146 135 153 261 282 48 169 184 269 77 -15 114 189 20 257 234 161 232 88 223 79 280 77 77 202 47 198 112 51 179 200 68 195 30 63 171 282 48 165 51 127 131 156 234 94 147 213 190 198 157 29 266 184 114 183 122 48 104 253 14 271 109 3 178 37 -9 218 44 51 95 143 -9 -9 228 45 39 211 158 197 53 223 239 108 279 232 -6 196 139 1 119 67 93 131 151 83 187 212 16 82 284 231 267 148 87 167 243 175 25 16 245 93 221 262 -6 165 100 165 112 67 133 129 241 257 53 -1 -12 46 202 228 174 241 64 204 268 67 4 225 94 56 181 238 251 163 172 70 109 163 -3 213 12 152 191 136 86 267 234 -4 90 275 
239 -7 137 37 243 172 220 97 213 167 131 60 122 251 273 140 230 170 142 191 28 151 -7 53 9 -9 74 224 197 184 15 256 194 279 81 234 149 154 261 237 234 228 11 112 224 248 263 167 229 152 151 160 183 202 105 139 -5 60 228 53 69 -15 272 18 76 23 181 261 35 45 20 100 0 240 58 164 96 270 -11 158 215 235 33 107 213 140 86 193 2 76 110 265 2 193 25 128 100 127 123 161 148 163 113 234 18 271 132 -9 105 204 275 201 179 207 255 191 263 156 24 164 61 172 246 133 145 158 189 30 130 96 121 144 64 139 4 62 240 149 133 258 111 57 96 161 90 52 19 97 172 154 233 83 248 210 169 281 273 207 202 10 143 -1 -4 35 120 217 49 148 198 74 192 20 39 151 182 142 27 154 131 164 144 254 8 284 84 156 51 -4 158 187 118 222 22 167 207 156 182 25 119 234 137 74 114 258 107 53 283 187 182 97 201 93 39 260 232 7 100 236 227 219 32 260 246 -2 131 199 180 51 144 75 107 161 44 277 275 275 30 51 132 48 259 29 271 240 150 56 242 205 40 112 243 49 56 201 150 111 115 261 45 220 194 127 129 220 252 11 83 100 113 77 121 19 239 199 125 48 28 42 226 66 61 279 173 143 85 2 177 140 125 152 4 222 283 90 281 201 235 68 118 185 
62 115 89 97 281 -15 81 258 190 71 -4 53 225 161 202 80 204 171 29 139 261 31 91 205 87 18 51 272 87 141 263 205 272 65 265 225 -11 68 193 261 275 5 243 39 15 182 146 1 56 232 228 233 231 -4 246 210 246 88 10 78 272 252 171 193 4 207 66 281 48 125 55 10 -13 225 -11 135 84 34 161 265 249 157 147 192 60 242 179 33 197 121 84 131 69 227 -1 140 176 205 -10 221 149 66 157 180 226 264 264 94 234 137 102 225 215 135 50 24 211 125 236 261 -1 219 51 254 2 84 172 27 139 171 25 242 164 69 199 72 117 264 157 276 76 15 98 25 187 200 181 112 197 41 99 175 144 172 176 212 203 81 85 257 202 201 113 112 78 272 115 241 115 55 112 148 235 220 114 164 120 73 243 277 173 79 86 106 85 214 279 76 220 68 205 63 103 172 49 42 218 17 40 237 236 47 89 182 177 272 248 67 267 222 -10 19 39 261 54 251 33 63 227 255 246 -1 31 261 9 174 44 281 56 79 149 261 124 -2 203 163 220 23 204 181 274 200 228 73 107 112 226 57 32 154 181 236 81 -7 4 30 180 -15 99 88 213 26 19 111 252 83 19 279 152 189 56 247 251 169 82 51 202 184 64 133 151 266 186 212 71 -2 264 134 41 127 234 28 248 97 262 239 188 26 61 57 
144 155 146 -8 234 47 236 107 191 66 34 243 152 1 236 15 78 130 23 2 7 74 256 140 37 62 194 88 258 66 1 138 276 167 -13 5 21 197 85 98 54 208 169 42 166 238 183 220 169 237 129 182 258 248 91 105 32 156 234 59 120 225 267 -3 208 275 195 30 106 230 151 127 48 264 173 142 110 205 65 240 61 267 -3 77 167 119 117 143 62 279 40 144 93 206 38 19 177 257 90 166 8 112 140 -1 144 216 254 149 134 150 236 -2 112 132 216 20 68 174 67 181 38 199 234 22 -10 -3 16 64 65 159 260 106 212 50 177 -3 222 14 156 252 81 197 242 123 129 76 10 99 228 81 61 88 177 181 281 233 149 199 251 231 199 260 -4 101 93 140 106 243 275 73 -10 74 24 58 177 50 93 211 7 21 168 24 171 107 245 55 244 242 77 194 284 125 84 67 227 188 -9 190 62 65 106 172 209 53 261 58 158 124 130 245 167 258 242 171 121 219 153 -14 93 169 267 183 207 161 202 158 -14 266 38 224 95 0 95 193 133 -11 122 203 20 96 215 55 25 167 197 238 90 15 218 35 -2 257 149 50 199 260 284 240 170 88 131 182 175 60 38 279 50 39 63 282 153 191 96 147 250 100 78 21 75 228 42 264 201 207 6 224 94 185 67 53 222 101 93 220 63 60 240 142 152 183 
235 272 199 273 70 27 214 96 251 200 228 194 168 198 80 47 254 51 42 37 202 37 181 74 73 42 167 29 148 58 70 224 282 255 219 117 108 101 229 20 19 239 53 224 284 34 80 24 38 161 148 127 117 -4 -10 131 186 236 55 30 59 103 201 91 212 205 61 68 130 7 171 159 39 283 274 106 259 259 220 46 93 264 4 272 88 134 262 191 272 39 106 136 176 17 149 203 262 172 261 81 265 147 24 94 1 158 202 102 168 232 154 78 155 -10 121 228 232 87 217 95 99 265 162 263 119 241 118 69 226 58 106 217 -12 -9 71 -7 188 73 234 41 103 43 172 72 149 177 133 262 80 192 207 106 100 120 177 130 248 113 284 56 199 114 106 244 115 6 201 283 76 221 186 270 -4 179 199 143 198 219 86 79 41 79 119 81 130 114 128 65 204 70 58 221 198 71 51 73 46 160 206 249 106 40 262 198 96 28 267 192 -14 23 21 126 197 149 251 -1 245 185 11 106 38 185 54 280 105 111 258 252 -10 17 14 198 45 156 18 120 258 210 40 146 25 177 26 -12 50 3 229 197 158 75 277 226 214 56 158 236 163 233 259 206 199 209 -12 262 121 140 -3 130 -13 109 121 222 88 53 181 60 276 35 186 3 80 250 -4 44 41 189 55 -15 177 13 41 199 271 200 98 99 258 11 29 264 
126 177 284 227 10 139 13 243 25 211 158 68 15 121 122 149 2 82 137 149 110 115 214 202 84 86 146 19 241 75 28 268 35 230 203 94 156 171 108 49 199 158 84 64 195 216 64 108 229 101 31 269 -10 83 232 264 225 227 5 62 -14 115 231 27 18 184 -9 247 13 33 32 89 242 203 274 197 181 78 218 159 -1 12 35 16 73 209 280 100 58 19 187 189 263 199 226 0 56 219 128 129 169 193 178 55 172 176 270 16 128 165 99 46 63 177 279 12 108 101 154 7 164 255 4 184 178 11 -12 184 8 15 233 45 172 135 153 181 27 32 121 208 53 220 77 258 -11 195 36 241 274 252 173 153 62 257 239 90 194 283 47 58 79 21 -4 190 263 256 187 132 214 31 147 39 35 231 238 23 86 26 146 8 244 100 11 209 188 118 245 7 104 163 49 32 283 211 139 149 213 238 62 159 258 29 67 141 246 7 91 172 240 30 248 145 284 134 26 127 -13 195 246 25 226 147 195 -6 82 63 91 229 186 78 48 12 26 50 107 31 254 198 64 182 154 135 92 271 224 227 163 264 146 42 166 25 46 115 241 141 248 187 248 31 43 221 131 215 98 14 25 153 224 77 237 136 237 165 256 267 256 261 154 180 169 13 269 46 40 96 126 77 163 57 77 179 171 194 19 73 -6 241 154 174 
43 196 109 -9 211 112 229 164 62 10 51 82 69 163 218 150 243 264 112 109 157 48 152 220 54 108 110 58 55 19 -6 51 99 124 238 243 111 232 99 159 224 157 158 147 269 75 183 89 -9 249 245 158 69 63 75 -10 101 89 83 185 256 264 13 231 273 243 162 195 181 214 90 -1 185 101 198 95 173 35 2 40 144 -11 158 111 16 244 91 255 19 244 237 42 57 29 187 223 4 187 206 59 14 280 97 -7 246 -8 216 49 226 126 184 139 -9 10 7 137 61 94 48 264 208 -4 129 195 95 128 123 -14 132 238 86 125 9 115 17 273 6 261 44 209 55 232 173 141 151 150 -5 139 244 281 94 -4 165 255 99 178 217 278 2 109 186 94 233 46 146 8 87 58 57 56 230 252 28 65 148 131 0 167 116 166 185 209 48 149 76 4 138 203 84 92 72 36 261 266 269 -7 218 73 8 97 88 173 114 258 229 173 263 180 246 196 284 70 81 78 100 183 196 51 164 55 162 16 21 234 109 49 -4 71 -8 64 223 157 177 56 215 14 51 236 136 253 94 56 96 146 239 120 40 79 170 180 139 125 37 164 69 95 147 157 275 31 84 228 175 267 7 33 146 217 129 198 124 1 204 85 272 263 248 135 233 77 40 159 252 146 168 79 175 36 186 181 118 159 51 80 43 278 111 280 3 70 
216 103 23 237 166 166 52 -4 271 255 143 172 73 109 275 -6 160 5 0 229 130 229 124 219 132 234 212 31 259 57 134 82 270 28 228 97 102 99 -8 62 216 209 269 184 69 24 68 112 164 149 144 206 247 161 111 148 175 105 234 225 10 69 143 73 -3 147 5 40 127 200 271 216 239 259 21 127 85 157 275 257 172 221 7 85 66 149 117 122 5 69 233 117 256 74 117 266 17 1 224 147 14 33 -14 -9 105 267 101 -2 8 104 263 124 193 28 161 249 174 49 67 92 128 70 101 -13 46 77 234 -6 120 131 258 -7 101 278 25 -9 125 259 258 60 255 46 49 182 141 174 113 164 160 165 137 19 -5 220 1 238 127 67 20 28 116 139 215 43 222 32 -12 -5 55 161 36 27 200 77 173 75 183 -1 41 23 98 186 195 266 131 159 99 267 139 110 224 84 89 99 243 284 1 105 203 255 160 199 -13 107 281 143 227 218 88 239 23 277 34 178 20 74 210 -5 161 57 19 164 181 148 1 114 53 229 229 190 77 132 119 -5 198 129 233 103 -13 203 178 231 112 166 200 262 54 123 83 168 228 85 94 60 13 182 94 251 203 182 86 100 143 194 256 208 226 249 49 32 52 95 80 241 59 24 195 271 183 268 110 250 175 186 224 281 226 254 120 12 75 202 84 189 149 281 203 -11 63 146 
84 156 240 34 38 38 190 237 243 87 220 101 0 214 180 281 62 29 149 73 9 32 198 105 64 267 67 7 141 228 273 89 22 150 221 99 205 22 63 185 264 276 161 96 36 62 89 222 155 151 262 23 271 107 64 268 25 56 53 199 -6 112 56 237 76 234 152 243 244 258 208 273 174 253 253 226 83 -4 255 176 147 143 165 195 257 105 172 223 195 194 214 215 164 157 248 275 17 148 276 194 231 76 -9 60 214 277 2 274 115 218 266 176 74 85 146 185 236 186 56 157 266 4 284 -5 -3 283 252 11 49 244 191 -13 -13 274 212 131 224 130 62 65 250 94 78 241 37 205 76 267 246 50 186 -13 91 185 273 117 52 238 113 208 100 26 179 62 111 179 213 130 134 107 210 66 19 258 218 80 -5 115 284 118 46 221 203 81 213 59 254 98 33 239 175 90 163 46 245 172 279 118 0 220 174 148 174 11 267 276 84 28 69 107 14 193 265 163 183 234 177 -7 115 164 221 232 154 138 89 172 277 37 280 153 87 226 63 81 1 216 245 43 174 110 277 89 2 118 149 1 173 -2 150 271 63 15 107 198 201 220 259 52 183 256 81 143 -12 27 254 46 129 134 -15 155 -7 9 230 186 64 -7 21 25 -9 182 -4 -11 28 259 32 149 238 -1 147 -14 95 34 158 212 120 -4 158 167 44 125 
232 176 81 -2 33 204 239 227 45 28 187 -14 243 -1 256 107 174 130 155 124 59 55 260 14 35 216 38 193 179 48 155 256 205 97 146 241 188 32 221 104 170 67 18 233 176 62 184 251 63 51 213 206 227 21 279 85 113 111 200 105 21 13 -10 4 272 80 99 57 58 75 20 143 183 160 144 72 178 56 264 84 171 90 44 78 73 30 276 170 139 253 200 108 13 30 229 284 177 85 125 91 -1 51 269 177 52 265 161 275 126 78 271 42 180 18 248 -4 191 44 259 38 234 -6 167 268 178 120 71 85 9 266 176 114 132 198 52 209 226 1 32 100 122 4 167 104 120 210 128 107 93 205 188 65 1 122 37 210 168 217 74 271 267 116 272 283 0 67 272 252 160 219 -5 106 104 -5 162 219 62 108 257 16 157 8 110 130 220 121 278 17 232 271 8 281 199 155 173 249 247 189 190 121 22 5 52 99 196 -11 93 110 191 247 48 186 257 24 94 122 283 108 197 258 177 48 34 191 94 240 6 253 109 250 83 213 -4 42 180 216 188 48 212 246 38 199 42 34 192 47 228 72 159 133 72 64 107 -2 100 155 187 121 37 127 251 13 245 -8 271 78 122 212 266 106 258 230 107 168 226 39 -9 180 184 117 63 77 13 157 -13 251 269 98 91 19 132 58 132 58 -4 265 -14 261 60 104 
174 57 -7 43 87 253 119 234 45 279 158 32 119 57 105 77 76 -15 231 55 196 255 -4 59 273 49 138 281 222 7 144 31 250 36 259 273 172 193 208 10 170 116 162 38 100 16 132 129 194 131 88 199 108 7 137 265 -11 262 29 127 138 60 64 190 0 95 25 179 73 217 54 248 14 75 227 227 121 133 149 237 226 65 169 145 239 29 230 173 256 261 279 200 138 64 106 68 151 38 175 230 207 58 117 56 150 -8 10 262 274 22 50 216 147 114 18 15 279 0 156 98 14 86 82 235 138 131 -1 178 -4 280 181 69 208 148 -3 29 149 151 115 20 232 90 229 7 -3 20 98 37 102 68 0 17 164 197 155 45 235 38 206 52 186 91 203 113 51 215 262 220 208 153 102 80 78 80 183 273 208 174 199 284 155 112 48 261 265 2 101 145 64 259 61 -15 237 18 284 117 56 -8 183 108 218 276 14 -5 172 234 116 235 77 284 87 264 31 278 220 20 174 190 242 160 177 267 66 57 57 -6 257 214 124 169 233 -6 67 89 121 196 154 59 164 41 259 71 191 -4 169 277 246 7 109 -1 220 158 203 3 126 146 83 29 138 40 130 244 92 69 35 237 205 252 77 159 134 222 207 273 87 205 85 17 153 260 16 19 164 242 181 105 253 114 214 188 99 42 130 139 40 118 167 146 139 270 
200 174 203 274 131 211 39 190 239 242 172 175 135 84 222 61 195 211 23 249 211 15 32 104 225 180 261 212 66 266 115 271 200 8 -12 214 173 253 30 24 4 93 208 35 100 248 262 34 210 124 19 64 128 239 244 23 26 25 174 85 0 251 208 243 259 62 2 182 237 220 66 155 131 8 165 85 77 177 103 58 233 279 226 94 47 166 68 163 89 64 237 122 261 15 188 153 76 138 68 209 17 242 169 2 149 160 218 25 90 125 91 132 248 246 233 168 248 -11 -12 268 115 184 276 237 6 81 33 6 124 5 141 152 175 137 16 193 64 221 245 210 225 -13 16 101 120 156 198 102 269 49 140 184 282 5 188 98 187 -11 84 181 25 228 148 223 195 3 271 234 94 128 160 56 -4 215 127 281 192 9 213 271 276 137 12 2 -15 215 4 0 46 94 265 31 274 37 250 225 59 22 49 30 103 147 248 168 14 169 24 95 116 69 180 140 101 -12 215 252 21 266 30 24 25 2 152 19 115 266 183 86 9 57 -12 236 65 184 97 142 16 -3 226 176 256 168 -3 32 198 -8 279 2 240 174 268 114 191 268 240 278 269 209 79 91 253 283 74 37 166 269 263 65 265 -5 75 59 257 266 2 28 121 152 118 33 233 55 163 201 9 260 283 184 67 164 246 48 -15 98 152 36 238 4 142 14 
25 171 129 161 174 259 201 31 249 252 269 261 237 193 59 205 1 231 147 20 153 89 91 188 103 245 250 103 87 152 261 256 248 53 69 197 204 143 138 2 223 128 20 213 -2 236 204 143 22 279 157 242 15 46 59 104 94 48 115 50 3 144 -11 284 -13 217 127 164 25 275 27 93 278 228 178 54 278 97 218 183 217 257 220 47 154 194 266 275 275 15 185 -2 249 210 262 246 185 51 23 162 127 113 51 47 114 220 141 160 81 86 20 220 -4 261 34 275 214 57 -4 38 124 202 246 75 138 213 52 181 214 32 260 66 278 282 229 129 55 16 155 110 253 84 103 71 194 208 145 2 249 159 5 256 48 117 107 280 21 77 103 253 43 46 -1 156 152 7 50 98 190 248 189 92 24 100 127 180 279 92 59 82 197 20 80 215 48 180 128 90 34 98 26 83 167 131 152 25 43 206 174 167 98 128 95 235 166 8 256 146 276 127 62 74 201 132 187 56 154 128 225 52 85 100 238 83 110 141 83 201 151 237 128 275 160 216 16 143 -7 154 258 225 40 139 94 112 218 79 152 281 89 279 129 259 99 75 92 188 225 178 144 223 22 251 14 283 42 225 146 191 203 41 36 198 119 174 253 204 150 49 76 14 173 270 30 239 275 211 273 91 259 92 107 200 14 199 230 147 282 13 163 164 
36 76 164 37 -6 122 218 0 179 126 31 70 219 50 134 263 26 101 176 276 284 253 227 152 63 135 85 274 172 122 136 153 206 33 284 137 0 25 124 217 229 195 88 54 102 53 166 243 142 227 228 82 273 208 17 106 215 142 183 64 102 174 17 123 111 247 177 283 5 42 224 58 34 170 -8 61 226 -7 142 33 57 246 92 173 -11 89 73 126 264 268 172 146 122 11 213 181 226 254 58 54 173 209 26 120 44 69 88 80 256 1 193 22 187 79 5 274 92 176 247 121 277 61 232 32 112 -13 118 172 268 58 213 15 25 150 258 86 151 170 158 87 151 56 105 81 118 72 203 29 134 65 275 171 39 1 78 230 110 240 42 152 36 91 132 157 248 101 31 38 125 255 54 17 99 -12 252 15 124 47 -6 241 100 168 212 199 140 136 -1 34 154 -11 86 212 2 121 208 -3 -13 282 46 68 248 134 134 163 149 208 159 39 85 19 21 271 65 213 203 234 87 274 187 67 139 170 2 57 122 180 233 7 17 161 123 277 216 21 -11 272 43 8 270 275 -9 199 98 202 170 8 44 11 161 63 234 7 190 135 94 94 193 265 243 182 238 22 34 37 231 91 246 53 124 96 52 119 248 273 75 11 46 13 219 243 256 276 236 54 126 148 -10 208 258 6 70 43 218 133 7 -5 11 251 170 101 
221 32 223 176 103 216 105 30 221 168 128 178 279 23 192 1 -5 -7 265 86 37 200 185 201 246 175 86 140 283 279 129 237 232 -12 153 254 117 144 244 114 251 30 226 175 46 209 8 200 73 134 84 229 31 40 -3 193 45 110 102 99 20 146 162 8 212 120 203 72 61 97 151 11 -11 37 159 166 18 11 254 22 129 51 267 273 115 220 19 74 127 256 208 177 241 60 243 83 213 132 181 123 51 255 156 58 46 179 53 93 70 231 207 232 130 108 18 65 277 134 160 229 237 203 44 182 6 57 14 54 148 12 119 170 247 190 25 183 62 222 221 133 -14 275 178 -14 137 82 -7 21 154 104 75 198 46 101 266 65 55 42 224 4 224 197 68 122 158 146 59 206 274 56 134 41 195 246 17 -5 68 99 35 6 121 256 15 12 -14 272 186 182 177 17 257 74 210 69 266 -9 31 127 230 1 245 111 214 78 172 211 142 263 141 136 77 84 202 213 39 -9 254 194 103 134 -1 251 165 131 168 198 67 232 131 142 114 171 231 109 -1 15 201 40 74 115 36 86 235 -2 98 95 4 49 101 226 -1 225 230 144 271 128 92 30 184 273 28 25 254 170 88 245 250 158 214 0 273 171 55 -13 45 61 56 257 242 -13 15 139 280 2 188 97 137 112 270 199 245 151 144 81 268 14 229 3 151 -9 
120 255 231 138 36 97 263 33 164 -15 253 200 5 -9 135 18 207 172 57 188 112 119 33 74 207 279 2 76 -2 11 66 208 238 237 148 13 139 55 232 173 226 -2 136 70 45 121 175 1 227 3 164 148 132 120 118 25 191 221 81 184 97 184 283 102 101 242 155 255 54 112 150 -15 23 80 100 73 206 213 230 -15 270 152 126 43 33 213 90 -3 50 241 160 57 260 17 141 179 252 202 125 209 167 274 163 250 278 48 54 6 113 139 50 113 134 181 250 50 280 26 122 154 148 237 101 208 146 19 201 255 243 109 66 78 257 92 208 284 96 116 176 225 128 151 172 67 231 116 178 100 268 234 146 -1 -9 75 266 168 11 183 76 46 242 191 -14 259 33 234 241 146 191 233 278 145 34 282 184 4 279 155 120 18 17 -1 141 80 237 18 257 166 272 253 -5 147 26 109 165 236 30 16 169 137 222 79 50 166 211 82 62 155 248 185 125 283 48 -8 245 150 181 130 108 214 72 217 49 126 150 153 254 284 180 238 222 197 -6 199 10 254 272 248 170 257 13 234 145 0 167 173 176 37 36 139 59 187 120 184 209 256 82 48 71 204 275 280 46 205 -11 171 284 222 16 165 155 189 67 158 268 196 152 79 179 108 -11 37 256 181 14 108 98 189 167 83 274 219 268 174 210 117 266 73 -2 149 
111 59 -14 4 141 145 117 60 103 32 178 4 204 188 173 118 184 94 29 144 28 181 120 10 10 196 34 62 233 79 -15 1 282 143 19 -7 215 251 54 132 115 1 157 176 261 280 64 175 222 95 34 254 165 93 172 48 142 211 193 244 39 99 176 266 84 14 262 -7 13 196 41 147 212 6 215 213 249 5 111 155 178 114 165 222 127 177 96 98 2 93 49 70 11 139 177 193 201 179 75 176 204 100 179 62 46 284 106 11 67 55 103 115 34 234 125 61 269 15 126 143 -8 3 180 -7 -11 105 94 54 142 65 241 25 67 279 171 92 166 181 104 209 96 50 31 10 230 157 239 186 227 261 35 128 72 250 -13 104 225 136 36 108 146 14 25 29 194 154 159 210 147 67 2 51 158 79 93 242 136 98 20 26 118 262 31 53 196 157 22 68 48 104 151 112 81 49 251 83 254 239 117 143 257 156 280 -10 -12 28 251 111 118 189 62 13 129 202 90 245 18 95 160 224 165 9 55 205 276 42 -9 24 162 116 158 248 161 78 169 186 -1 51 6 106 167 109 149 122 0 229 228 217 182 190 27 185 197 155 31 24 86 149 205 63 110 131 66 133 254 180 259 70 217 30 30 7 204 -12 19 65 279 223 -4 108 194 209 233 239 271 74 173 93 131 6 73 53 103 134 225 101 56 -11 120 119 
176 251 163 249 212 5 162 68 -9 164 79 251 24 39 47 13 95 202 135 159 155 201 130 18 256 167 159 8 147 219 177 13 -9 128 149 193 267 189 56 88 43 -4 69 -2 167 250 53 276 225 203 50 94 103 134 -7 57 61 144 223 40 108 93 110 107 155 79 167 223 141 46 27 0 148 64 -6 160 216 193 91 3 158 141 146 31 106 157 170 210 159 240 283 66 210 223 150 165 270 115 2 13 135 269 260 78 168 74 182 37 -10 268 117 211 237 181 226 254 33 34 153 227 265 63 269 -11 -14 265 251 56 20 184 106 266 176 266 222 238 109 39 100 226 69 55 78 123 182 217 28 174 238 18 53 25 139 -12 113 91 231 159 15 24 195 129 3 100 120 261 139 9 155 264 117 207 129 222 203 36 126 110 -6 228 243 3 72 203 90 57 157 220 101 61 35 20 37 196 117 232 52 259 49 87 232 155 274 87 7 113 180 157 80 189 201 7 232 102 60 27 32 109 140 145 248 43 187 169 193 128 79 97 51 246 217 179 150 -14 212 99 270 93 277 -4 265 212 29 60 179 180 54 109 64 180 237 126 -15 258 271 138 -8 234 54 -9 57 60 123 166 225 59 110 162 242 4 154 6 179 137 29 -5 222 179 82 266 91 175 133 178 51 8 202 232 4 20 178 268 239 187 235 167 119 112 183 157 
280 275 118 81 172 155 155 143 29 29 219 254 -1 96 208 278 51 178 -14 67 83 227 123 202 228 161 208 11 142 280 18 20 67 215 102 189 -5 53 97 89 258 269 99 40 151 212 50 21 279 137 177 194 -11 127 229 25 48 233 184 133 277 62 200 178 280 14 -10 237 221 157 80 248 67 -10 204 161 55 223 282 232 129 -1 -12 109 29 224 276 230 252 135 21 242 157 96 57 79 157 82 82 74 225 18 204 -11 271 2 139 232 164 -2 98 154 121 30 247 149 255 223 111 164 255 114 36 190 57 245 49 169 68 5 138 156 -1 256 65 71 251 -8 60 138 277 131 160 28 169 177 137 -10 163 90 251 201 165 36 61 164 161 173 7 209 240 93 265 278 111 91 266 111 146 0 47 274 34 256 233 177 215 235 228 147 262 31 284 166 154 212 83 265 138 12 65 226 -2 229 129 244 110 139 49 284 24 146 159 241 -8 267 53 123 166 218 42 13 203 8 2 149 255 270 276 96 94 90 93 161 93 184 40 235 187 216 152 223 113 98 150 82 14 230 159 271 119 121 188 284 50 59 96 226 59 190 66 170 19 235 32 57 5 112 139 99 211 6 156 216 174 176 186 247 144 36 261 255 1 184 230 67 47 211 100 65 191 129 266 106 13 144 26 240 275 12 178 31 -3 -10 77 74 58 112 -8 57 
171 44 269 267 36 235 79 74 47 264 144 -11 166 129 208 133 151 239 -13 126 238 168 200 128 5 78 230 238 146 127 143 210 62 184 164 51 172 182 241 58 82 145 265 50 28 15 212 50 89 213 166 61 194 112 135 234 71 187 73 99 144 15 37 46 -7 143 266 45 122 13 202 147 -6 252 171 85 117 127 17 266 263 91 148 142 167 192 161 91 212 226 96 278 127 225 152 140 20 281 -5 80 125 68 71 108 273 276 169 94 102 54 80 -3 282 -5 89 -5 246 5 247 26 255 37 192 114 256 154 62 81 80 118 242 174 118 235 208 250 18 213 241 228 178 266 181 266 137 15 117 200 10 97 149 165 72 166 61 176 161 80 217 229 16 10 100 36 128 250 161 -12 106 187 133 68 33 117 52 102 96 37 -8 29 71 61 38 45 180 219 166 119 93 133 94 215 221 45 201 165 111 202 97 247 91 190 98 13 224 141 45 108 172 215 46 9 2 209 244 109 6 70 249 93 136 -13 20 47 94 207 277 53 155 189 70 23 11 111 -8 124 -6 192 96 65 256 268 282 28 66 34 213 74 -10 126 280 -1 2 136 45 43 183 49 168 150 141 65 54 119 42 4 107 52 151 269 -4 157 284 179 37 31 128 210 178 31 16 90 204 235 96 155 167 88 112 121 110 193 176 -8 142 147 75 26 270 202 
68 -12 90 275 168 34 187 182 6 -5 227 81 149 68 33 -15 -14 68 243 149 -14 272 214 145 64 120 146 28 278 230 78 242 39 80 142 87 69 248 176 208 254 127 32 59 129 263 283 28 66 211 245 59 184 219 -7 60 2 47 33 154 31 234 136 223 59 91 236 34 122 1 251 58 83 64 252 82 38 175 173 97 226 275 233 265 66 8 -5 214 85 -13 25 256 191 -8 10 61 249 120 108 264 44 73 130 103 134 241 232 70 210 140 261 48 117 198 122 17 169 253 208 176 65 67 224 211 129 250 276 58 23 143 249 264 126 212 167 8 74 178 208 182 52 158 37 132 -12 132 109 7 8 232 20 238 58 99 -9 67 257 194 12 7 192 188 0 63 240 -6 187 92 235 278 96 55 284 126 30 153 109 143 219 36 111 23 222 283 177 206 70 179 36 239 64 227 229 199 193 132 234 200 14 200 74 -9 36 96 171 10 72 108 55 52 85 76 83 237 243 184 25 102 228 107 168 96 81 92 132 133 276 148 205 100 179 136 9 84 120 258 -12 139 130 185 251 223 170 174 238 114 247 236 171 274 283 224 204 247 51 234 131 64 153 95 156 75 84 223 23 41 91 160 192 109 78 27 59 172 53 251 107 98 70 164 74 198 205 174 33 71 98 278 14 217 143 196 271 62 95 78 157 191 14 71 
177 149 222 235 198 232 165 70 -5 92 216 76 226 31 -13 72 97 276 278 136 231 229 192 219 247 135 253 176 17 148 109 158 25 217 107 237 184 145 -9 168 52 6 124 11 243 239 173 247 211 142 222 211 265 154 58 269 55 268 134 14 198 141 112 270 256 75 13 48 226 145 71 -15 209 176 108 25 174 279 127 94 236 141 96 200 -15 198 26 -6 79 95 50 179 -4 82 215 59 136 46 124 272 -5 38 229 208 171 272 246 272 90 -13 132 190 210 149 102 222 -4 43 195 114 52 22 216 252 0 264 193 16 111 253 227 110 -9 122 9 157 256 231 155 57 127 16 126 247 152 6 77 18 95 95 155 155 145 116 86 100 57 197 211 246 136 254 111 250 43 104 10 101 230 21 90 246 118 128 267 52 23 117 264 255 6 33 44 188 178 12 78 220 79 238 85 152 48 236 272 235 70 275 282 112 201 10 173 27 218 45 96 233 -3 220 241 158 115 24 159 55 16 144 -15 128 207 264 87 87 258 255 238 170 192 177 263 201 252 231 30 48 183 261 45 227 125 184 -10 207 4 18 80 140 234 279 35 131 140 162 5 71 22 195 109 146 185 97 110 89 251 146 259 44 94 126 61 10 203 182 260 9 216 110 7 32 184 245 59 62 174 103 83 267 277 176 121 148 258 75 -2 103 70 57 90 243 
26 103 250 165 140 144 107 224 120 148 228 63 -2 242 259 176 166 177 148 247 37 214 277 51 246 231 261 212 34 90 159 262 51 67 -2 249 23 240 87 274 183 224 246 272 153 230 69 254 35 19 185 220 193 193 90 252 10 1 145 92 238 243 40 277 34 84 50 262 80 1 196 68 65 86 158 204 104 173 166 268 25 81 -6 74 214 29 136 43 209 237 255 258 262 243 107 55 270 161 134 7 188 26 61 177 254 190 109 78 116 164 258 109 281 131 199 100 150 270 131 67 95 139 15 267 58 149 206 117 247 -10 -3 264 34 213 183 255 35 281 96 55 99 161 92 65 69 85 107 163 92 228 227 97 116 91 165 282 195 55 83 246 49 79 9 254 250 257 134 218 283 113 210 3 243 225 154 277 156 143 180 38 244 284 43 124 213 26 169 176 16 84 59 11 221 20 24 37 12 186 18 175 274 95 218 97 16 245 258 13 99 -15 200 138 91 180 140 237 225 22 274 -8 178 160 85 208 102 249 151 280 109 196 211 222 141 116 15 86 128 43 165 28 220 175 68 187 224 62 110 75 180 145 217 151 248 239 155 256 93 122 150 92 240 79 160 46 79 278 78 25 69 77 31 71 234 -7 4 244 283 104 185 139 75 5 -14 112 138 9 27 231 192 44 169 156 150 259 146 -8 213 71 207 210 
243 165 120 81 17 -1 15 282 117 148 65 153 229 264 189 176 240 158 266 34 222 265 7 61 -6 196 189 -5 -7 193 86 115 224 -3 163 151 274 206 131 240 189 268 253 196 126 200 254 51 187 70 140 -11 200 122 154 139 40 146 77 48 69 34 18 282 42 56 262 237 272 36 30 39 271 138 190 240 243 171 -4 216 -6 266 185 243 144 232 216 225 164 98 102 102 280 -11 29 63 96 93 23 214 39 167 245 234 248 61 121 15 219 284 248 164 118 260 240 169 25 225 218 -1 27 138 91 262 231 177 -3 251 135 126 119 150 -4 -11 264 94 114 209 -13 38 154 31 198 22 129 37 215 -1 15 19 108 146 28 87 10 196 -15 228 151 214 250 270 62 103 162 40 127 54 280 118 143 56 77 251 254 227 41 146 124 48 78 45 85 226 147 166 25 23 202 257 42 159 277 141 99 154 49 210 193 231 227 256 272 99 78 -2 176 90 182 33 80 264 175 146 3 106 109 257 209 56 203 160 240 30 233 151 16 78 230 37 107 177 -11 -9 97 159 276 243 276 -4 186 12 139 12 126 -12 32 59 49 46 102 266 134 281 104 121 176 212 99 137 140 172 269 119 173 223 11 -15 248 74 189 105 171 261 220 88 113 146 133 269 283 147 279 246 278 280 173 157 144 104 37 51 43 119 131 226 0 16 242 117 
172 23 132 80 -3 26 217 171 114 280 218 -13 136 10 22 147 268 169 12 177 121 104 226 265 -4 62 65 141 164 170 254 250 15 143 81 97 166 82 224 202 100 266 218 13 11 14 81 178 106 205 37 155 66 54 161 214 185 33 163 213 179 114 151 204 273 32 128 70 232 173 106 12 108 128 19 148 56 107 9 2 87 162 83 211 119 63 76 -8 -7 116 236 33 -3 110 268 225 75 39 16 284 186 171 231 22 129 174 191 36 231 133 230 280 -1 197 8 270 96 204 173 180 -7 107 49 130 184 19 82 146 72 197 247 138 37 184 271 175 -13 192 127 -4 9 36 267 256 -5 15 218 196 226 251 125 221 91 154 54 111 250 170 269 162 80 84 71 166 68 52 197 144 266 186 71 221 105 92 218 33 154 38 10 -4 16 110 108 208 50 253 55 221 87 253 45 -13 76 262 193 244 7 179 90 -15 115 144 219 106 148 77 149 276 280 268 64 83 150 83 134 268 66 249 108 112 189 62 58 61 263 209 273 189 62 169 31 217 205 203 90 228 109 99 61 0 146 -9 16 112 225 276 50 211 -8 268 124 111 6 252 163 49 241 87 154 193 118 190 165 81 140 45 154 -1 140 -2 226 50 147 77 -15 144 248 88 46 205 179 219 268 119 26 79 218 39 139 202 2 155 6 46 151 140 217 172 201 106 
233 178 152 125 7 272 17 246 271 122 172 11 103 -5 56 43 15 166 213 242 244 248 -1 11 -2 269 244 251 127 234 208 45 165 12 218 118 47 146 134 263 90 212 221 249 273 2 224 100 87 -1 181 95 240 64 50 211 151 128 167 93 90 129 171 85 -13 102 205 141 214 246 53 143 118 57 188 258 252 198 164 146 1 33 85 57 108 6 147 173 60 -15 121 71 255 103 173 202 27 185 98 33 84 0 206 45 238 153 71 171 240 86 216 208 190 184 231 181 151 46 98 157 34 6 34 277 97 254 184 79 262 262 82 -9 61 224 48 166 283 32 68 175 258 121 43 158 269 72 21 71 273 4 234 200 95 153 146 162 -12 -7 26 241 43 268 184 266 178 178 -15 177 128 90 121 187 157 241 162 41 62 45 168 162 102 216 173 209 41 56 193 203 161 216 240 20 102 198 263 171 162 6 43 -9 129 155 100 42 153 229 141 209 173 19 280 74 231 102 149 101 215 274 250 31 175 30 158 119 180 122 82 205 202 68 203 195 18 20 149 1 118 153 236 53 283 11 209 -12 279 -6 119 100 174 102 230 71 186 29 59 118 264 167 142 161 112 272 29 214 172 79 250 52 57 65 54 106 251 163 271 276 259 44 59 69 49 166 181 202 278 120 13 138 86 165 179 254 6 211 209 51 14 189 150 34 
65 261 193 143 49 256 153 29 245 49 264 45 152 -11 55 61 96 195 174 7 90 75 133 157 156 87 46 47 144 75 4 48 71 25 231 45 158 35 48 100 243 223 83 275 172 163 104 279 179 91 51 256 97 95 80 34 229 -7 201 18 7 227 133 17 94 85 137 232 173 10 284 32 185 263 153 144 111 276 156 73 96 62 236 198 106 248 231 172 189 266 18 19 194 67 -3 58 14 21 267 67 266 59 125 190 161 82 228 12 280 16 134 255 9 213 113 12 230 194 104 84 24 256 129 47 237 13 24 206 143 162 192 219 -14 252 103 -2 29 174 249 246 4 3 3 56 108 264 13 23 256 158 249 169 223 37 -14 173 -15 123 81 226 54 82 242 231 28 67 189 271 37 149 243 186 117 57 -1 101 181 248 126 127 152 94 222 256 28 224 125 42 161 280 201 169 10 10 95 187 232 143 125 178 263 266 28 81 266 31 58 5 38 83 -10 -5 230 127 249 160 18 216 173 205 33 167 225 213 107 255 120 181 251 116 85 250 145 33 134 255 143 107 183 41 225 3 -2 139 179 277 157 190 162 -1 271 23 18 170 59 191 2 72 269 175 244 225 150 272 218 73 118 235 17 134 256 236 110 86 166 44 70 65 277 42 90 168 19 228 138 104 115 229 178 200 282 209 19 240 235 -13 143 28 20 226 
103 197 251 47 23 234 257 238 47 9 110 39 161 239 33 127 232 117 207 275 147 97 150 196 164 28 162 96 243 149 200 72 -7 206 253 282 226 58 193 152 135 -5 28 126 64 40 117 101 13 89 185 168 182 198 22 192 140 157 49 222 238 276 69 -8 -8 79 182 276 239 217 144 263 5 237 103 274 14 51 26 73 75 232 38 105 154 22 162 56 158 96 194 250 172 261 164 242 147 91 25 89 244 61 139 183 1 221 214 76 87 96 137 4 57 259 55 174 123 275 90 256 135 107 87 284 154 240 170 23 18 153 208 3 -13 245 186 35 20 62 175 283 123 255 82 65 40 212 97 -14 49 104 110 70 137 23 160 19 -13 61 -7 43 246 143 -7 255 203 181 120 115 261 71 0 204 -13 184 141 165 50 168 59 41 217 45 82 212 75 240 219 244 168 61 257 281 246 104 145 148 97 57 59 60 108 130 278 239 42 192 218 124 -3 3 143 268 210 46 49 138 34 -13 -2 2 55 218 244 58 78 276 64 32 259 249 273 46 121 82 97 175 77 201 100 97 161 158 51 147 101 203 76 49 80 226 175 30 3 33 84 37 282 99 21 219 216 13 87 160 73 7 16 -8 242 284 197 84 4 203 189 221 229 200 83 248 224 183 156 83 57 83 230 87 11 13 126 246 249 117 181 91 243 113 133 163 
251 62 171 258 168 180 -2 219 126 130 38 80 222 284 125 82 31 66 22 83 124 122 21 73 108 86 83 106 96 176 78 84 276 37 171 267 137 91 225 196 16 271 201 233 107 255 200 262 128 92 48 278 -2 30 19 15 232 218 144 46 135 4 -12 270 87 31 -4 230 105 274 52 33 24 84 115 -2 90 150 100 193 180 88 56 128 184 273 240 49 21 266 2 223 144 270 135 66 14 175 136 276 82 264 197 198 65 146 109 244 127 263 280 124 15 61 73 64 242 219 68 70 276 267 115 192 87 244 259 72 148 120 197 241 119 161 249 218 283 47 135 278 -14 113 269 37 222 73 189 227 184 237 127 3 20 199 24 213 69 267 139 179 210 268 176 132 81 0 232 209 219 197 261 249 148 220 263 200 253 195 170 28 95 57 44 -9 73 96 93 23 209 208 157 199 147 198 117 33 243 179 142 249 104 114 179 13 168 72 -6 240 250 251 241 88 6 180 280 275 284 273 105 34 3 169 63 41 135 74 56 269 25 197 207 235 70 108 65 33 83 253 65 142 123 145 45 134 -7 103 135 279 196 157 30 25 260 152 278 65 211 276 145 204 23 118 230 -10 138 198 46 45 40 15 182 246 171 -3 148 203 177 88 13 122 45 62 -10 -11 99 23 225 58 173 64 159 109 18 270 248 192 -5 251 271 162 
95 74 87 183 91 211 164 67 189 133 250 280 132 215 226 158 116 284 134 97 52 18 156 265 161 182 201 281 253 257 212 136 20 278 125 9 241 71 30 145 73 129 157 251 15 92 70 103 256 129 -1 217 265 62 250 155 253 80 233 150 20 215 -11 190 96 275 243 273 108 45 2 226 218 272 111 -8 153 53 101 236 70 192 22 75 98 172 5 76 69 157 24 19 201 41 177 93 182 114 63 175 137 149 124 105 223 217 160 218 27 6 89 78 190 236 237 23 262 241 43 128 1 105 -11 163 -9 235 38 16 250 37 103 278 106 83 24 23 32 -6 256 31 183 239 120 57 161 153 52 264 129 171 35 118 213 17 82 246 83 245 254 276 181 157 257 167 250 160 249 91 69 222 255 227 260 192 71 172 169 207 77 62 268 -13 40 94 -14 247 -7 30 32 200 58 161 170 19 183 218 201 210 4 62 135 93 244 227 126 53 2 200 149 122 223 74 274 94 235 250 75 217 179 24 18 46 38 98 22 97 114 262 52 147 109 227 141 195 53 39 178 226 61 156 278 158 73 208 203 210 120 211 148 181 3 171 -15 44 269 224 251 233 281 23 26 29 272 55 180 180 12 230 139 64 115 -3 278 239 112 235 176 205 47 52 -14 -7 99 165 106 206 45 14 123 134 58 182 3 202 57 154 250 169 222 156 
30 101 218 -14 116 89 196 80 172 230 251 15 11 40 33 -10 112 25 244 220 241 139 83 111 -4 257 207 103 234 12 250 35 29 -13 276 29 104 229 248 -5 31 52 226 52 162 170 178 259 99 39 103 36 258 254 165 205 176 1 27 -5 189 126 74 205 178 156 150 267 67 281 166 151 26 121 14 56 116 234 142 72 256 10 106 24 169 50 152 17 111 128 69 189 85 263 132 94 49 90 252 90 172 -2 212 80 220 200 48 -6 267 282 269 152 166 240 -7 156 82 195 260 122 129 141 141 58 69 4 141 223 204 83 249 122 31 133 255 271 5 37 276 240 218 229 207 284 9 187 191 113 13 93 240 21 255 196 3 45 33 -5 281 35 5 253 -5 162 105 36 -1 272 201 196 269 107 150 187 39 239 58 122 45 251 63 176 118 141 4 229 103 235 50 18 104 0 171 59 260 87 161 -7 184 82 193 53 17 53 190 204 -14 214 116 29 255 61 239 212 148 27 225 228 104 120 167 184 102 175 -13 145 105 245 79 251 254 98 -12 4 30 38 210 157 240 228 243 11 273 79 -6 165 163 55 193 193 263 99 244 36 262 10 28 238 42 254 -12 93 88 103 95 157 37 166 -10 156 93 262 167 186 171 183 159 168 91 84 40 176 284 212 253 52 218 45 34 80 234 181 155 65 139 74 145 4 222 180 
227 210 9 216 173 121 41 118 42 83 103 71 166 10 259 208 279 275 -4 44 138 130 103 260 196 182 123 207 66 221 52 -4 24 263 -13 17 8 64 -6 79 167 39 237 259 164 109 135 239 14 45 100 193 234 260 83 204 72 -12 0 193 246 -3 -15 43 233 88 96 46 17 248 27 128 231 265 131 49 153 206 278 69 132 70 136 139 80 27 235 128 153 259 194 12 6 2 127 117 183 -9 145 178 199 151 60 269 245 187 66 0 113 46 6 232 183 54 143 84 260 101 135 225 258 207 268 70 257 -6 143 225 145 110 239 210 -10 70 197 283 197 31 22 129 157 91 256 7 30 237 64 152 221 103 183 162 244 72 19 -8 39 107 45 180 39 51 93 265 282 149 262 122 188 255 182 44 188 -13 88 108 114 155 48 265 35 101 226 244 153 30 20 65 121 27 137 169 -6 16 222 20 96 149 30 277 129 17 200 240 106 192 245 195 17 44 243 192 138 216 38 18 0 153 172 -2 66 88 170 21 17 208 9 147 83 180 266 253 276 140 66 205 204 184 61 266 173 240 73 268 63 46 173 105 49 81 -14 94 266 176 190 171 160 127 11 105 87 231 254 121 97 143 73 153 5 186 250 158 90 76 257 46 33 241 76 69 173 19 5 39 141 22 -13 28 -12 272 20 10 113 179 198 98 5 16 185 185 
93 106 185 186 150 86 57 109 268 -1 111 109 191 201 144 149 172 174 42 276 75 113 196 171 -4 279 254 40 -8 78 134 28 80 -1 90 203 156 199 135 123 17 102 157 270 131 133 156 265 3 196 91 38 144 77 71 256 264 102 230 42 256 13 155 100 39 71 73 36 181 116 24 84 255 45 88 99 202 113 25 147 36 168 53 178 24 64 76 84 242 270 89 208 115 41 90 141 106 209 233 155 278 32 -8 209 154 207 258 25 123 11 211 182 237 250 34 70 125 34 152 36 81 186 48 51 -8 210 145 84 275 149 120 32 148 242 46 142 178 82 8 75 258 189 273 215 33 54 128 -9 134 252 171 152 161 234 275 155 123 69 133 217 240 76 268 20 67 40 60 114 24 181 102 190 116 117 277 145 212 172 180 28 219 208 277 23 122 250 58 211 257 0 70 187 84 224 102 207 189 221 12 182 80 196 -13 250 284 -10 53 65 59 280 258 175 157 163 82 101 201 150 40 -12 253 148 271 162 255 242 130 156 116 276 19 -7 60 199 101 6 194 36 6 191 -15 202 246 164 135 109 137 63 97 66 83 25 16 -7 262 108 162 130 47 108 23 263 197 152 46 150 162 187 -9 119 8 262 195 279 183 240 -10 3 95 77 135 46 133 135 160 180 97 138 244 269 239 38 103 105 34 187 209 253 279 260 
26 -1 202 74 123 97 62 83 -4 35 44 -2 33 54 227 274 147 19 105 99 229 53 236 135 155 194 121 49 117 28 280 166 135 68 134 217 267 130 196 184 147 -5 112 107 110 202 217 105 149 152 218 53 114 132 163 91 23 14 219 182 167 16 13 56 226 -14 -14 200 83 28 246 104 43 1 59 275 7 150 178 228 148 22 67 92 150 196 28 205 99 21 -8 187 82 99 245 119 -8 277 11 126 221 97 267 50 -6 275 -15 267 198 279 72 257 106 100 158 -3 189 -9 158 253 220 36 140 156 115 146 130 18 164 -3 -3 188 131 119 262 131 262 168 125 67 46 11 109 205 230 128 -3 40 40 75 235 116 129 73 -1 100 212 242 174 258 222 102 236 69 21 28 22 66 114 32 116 -14 247 256 126 167 105 177 -7 180 78 258 25 50 187 153 77 196 183 153 238 151 155 81 187 211 257 175 192 116 131 251 234 25 158 104 75 173 258 51 -6 174 267 195 -15 250 196 57 49 36 132 193 134 148 266 52 252 242 141 256 236 113 104 204 -9 7 194 229 -4 195 265 186 216 161 104 58 19 89 102 235 28 275 21 193 129 110 168 168 229 187 264 251 170 264 237 177 98 16 3 17 248 282 211 150 111 10 212 71 23 243 1 233 30 57 44 200 9 136 251 82 123 58 247 192 98 118 178 281 177 58 
90 110 176 218 126 211 234 13 243 170 8 194 195 197 275 151 156 208 80 267 -15 77 141 -10 5 55 143 -6 -12 129 78 95 25 123 249 134 185 69 10 -15 241 207 75 105 -2 241 83 181 106 96 235 18 217 168 29 12 50 168 82 125 2 99 226 215 171 228 148 -6 41 124 171 30 83 18 45 74 74 275 81 262 5 124 18 278 40 37 129 208 18 175 11 110 41 168 49 195 117 241 16 180 160 4 45 145 172 119 56 6 257 177 162 103 57 32 261 143 225 199 63 184 210 100 46 62 160 180 243 139 -15 262 176 1 149 9 35 218 37 246 200 84 33 86 94 -1 230 280 83 216 252 97 49 275 21 183 23 264 35 176 207 138 122 239 139 88 164 200 247 260 168 12 59 161 129 214 177 207 53 140 -11 74 82 13 7 171 207 117 29 110 14 130 10 108 205 240 270 -1 270 271 87 272 223 115 -5 0 118 165 247 3 113 68 203 268 86 190 199 17 253 204 10 61 94 147 60 91 0 141 121 242 178 184 0 213 182 68 161 2 283 79 247 190 231 136 137 23 148 4 255 284 238 133 92 127 246 36 97 248 78 74 164 94 176 161 34 32 87 36 129 178 188 60 -13 60 18 264 -13 206 60 131 273 0 34 109 56 120 90 264 37 106 196 116 87 11 65 132 5 237 144 126 91 45 
273 80 213 66 282 221 105 222 163 244 87 119 178 115 137 227 123 102 191 239 208 161 169 116 56 84 0 191 253 33 259 27 123 7 78 280 191 125 194 218 8 85 38 215 1 186 157 277 215 -12 13 119 233 118 139 146 105 240 176 215 172 67 128 23 101 109 166 201 178 110 211 51 256 223 165 56 59 140 158 106 25 253 125 39 279 112 250 240 281 190 -7 56 259 219 252 38 15 223 200 218 98 126 200 213 13 166 182 -1 73 76 165 21 110 33 184 183 255 17 35 15 26 221 247 215 197 28 233 151 18 11 109 11 239 71 157 207 165 83 235 -9 58 242 194 106 216 23 118 26 228 91 253 158 3 -15 206 19 199 152 -4 83 209 275 54 214 218 191 97 10 276 8 9 106 54 201 145 18 62 93 58 233 -10 69 179 234 177 66 38 53 104 194 16 161 -4 277 1 90 274 284 126 205 252 79 -8 237 1 267 238 157 81 238 206 227 269 174 8 47 30 152 114 124 280 42 259 122 100 215 218 57 15 129 162 49 47 26 208 106 232 67 44 126 80 119 64 21 114 208 257 240 -15 155 111 29 55 100 39 38 152 15 279 224 137 186 118 73 93 51 217 157 38 114 261 138 115 66 241 186 41 158 262 34 115 127 141 260 158 184 261 260 264 75 26 222 269 230 22 218 128 85 82 -10 
44 98 131 112 -14 172 145 83 220 24 211 184 98 16 152 28 4 231 281 112 157 86 69 108 34 23 154 228 142 91 4 64 229 -4 186 209 2 29 191 164 125 22 79 227 28 267 -4 238 110 255 7 224 30 208 -10 197 213 236 117 222 234 -1 251 159 241 164 284 -3 254 -2 61 172 151 52 28 266 245 58 260 49 182 189 103 233 195 264 42 58 121 229 232 97 113 272 -1 152 52 111 192 183 6 101 209 72 159 94 72 86 27 170 169 82 158 113 216 186 41 112 176 254 94 207 7 152 34 2 88 3 163 23 37 283 107 27 56 155 167 180 180 39 104 12 51 276 38 92 15 201 102 75 154 206 68 56 170 96 229 17 265 135 169 73 132 55 276 233 30 170 193 54 204 88 48 59 70 0 213 36 156 270 225 73 266 154 208 181 37 244 210 209 211 225 262 146 73 92 85 74 191 220 45 113 -13 1 141 -14 -6 109 238 75 47 162 199 263 177 65 101 234 172 21 66 134 246 276 59 13 48 101 11 233 38 2 262 231 23 -8 45 35 190 85 -4 252 16 185 26 259 55 32 135 152 230 154 64 117 226 213 275 57 224 159 245 200 41 168 44 269 58 74 200 177 236 197 232 90 42 -14 21 50 136 202 123 249 284 152 217 280 75 219 150 212 163 153 123 122 38 129 251 236 25 274 
24 183 238 11 16 67 262 122 272 52 27 248 8 159 30 23 279 276 220 71 189 161 139 273 -6 219 102 117 8 -14 12 90 211 159 45 143 252 206 97 120 52 250 170 197 58 164 112 54 120 -6 27 -3 154 35 -15 119 180 170 113 93 262 97 -9 94 104 8 104 104 66 79 252 253 108 222 279 38 6 262 129 270 156 184 30 20 108 48 17 200 -12 261 250 5 61 188 21 267 156 198 237 -5 248 142 122 -4 264 18 235 115 111 132 3 6 273 268 234 152 268 95 270 64 263 235 -1 224 45 162 115 229 194 29 98 40 217 263 86 170 -7 16 258 -5 193 201 204 203 77 24 111 -1 184 56 38 30 235 73 178 115 183 73 142 207 -6 169 80 54 154 130 11 130 242 98 35 271 137 283 93 240 48 206 72 50 135 191 -5 31 171 153 80 -2 71 92 15 137 44 282 111 209 29 111 250 114 39 38 128 158 218 269 114 242 244 260 -1 228 -10 9 170 267 55 84 265 152 131 267 177 61 141 201 23 202 16 258 43 23 121 82 263 197 176 35 267 69 171 268 274 3 251 36 147 248 284 10 160 109 21 98 51 228 260 20 84 221 243 35 82 275 107 205 73 83 143 205 135 160 208 109 150 211 44 145 61 261 193 108 135 98 184 37 116 97 257 236 165 141 137 227 246 190 221 47 90 73 
16 187 223 24 84 227 283 273 261 260 2 228 35 216 24 35 133 44 137 30 265 178 275 167 50 196 1 -5 239 16 122 110 82 69 -9 212 170 34 32 169 84 222 144 150 36 207 168 259 234 103 266 31 159 172 258 55 30 55 165 -5 78 184 140 31 230 155 283 17 214 106 95 138 127 181 16 266 238 122 7 103 89 143 171 249 -5 76 94 256 190 201 243 66 133 123 90 96 234 202 95 238 144 219 170 41 30 43 134 88 125 196 -11 87 -10 6 180 268 174 184 267 242 -3 44 127 23 245 269 118 20 73 208 79 280 1 113 190 -3 95 226 -2 38 259 0 261 89 60 53 0 115 239 118 264 46 87 278 260 58 65 26 141 12 180 226 170 58 100 228 31 115 52 32 95 78 282 204 277 280 147 97 96 223 282 101 243 -12 153 146 44 5 189 194 46 103 185 -7 161 193 38 137 265 94 61 12 103 208 245 7 155 254 95 124 53 35 168 89 262 279 18 171 125 233 193 10 91 150 215 87 260 113 53 110 3 59 4 130 180 273 81 277 56 196 113 12 4 232 212 1 218 124 198 195 244 156 -2 36 66 64 122 10 -1 153 199 152 -6 258 267 101 207 -11 -3 46 207 277 132 83 176 69 270 91 210 282 5 41 189 162 99 174 268 182 -14 241 157 -10 272 164 59 230 -11 23 84 211 
13 245 6 166 148 75 76 79 78 178 176 2 180 145 40 211 40 -14 65 132 20 275 8 207 246 48 180 103 11 275 98 71 261 273 19 118 85 75 35 162 249 278 186 127 190 163 156 38 242 38 25 265 228 194 138 129 7 138 149 199 -4 185 191 143 18 223 52 78 96 86 66 265 210 44 217 154 100 63 -9 151 268 188 252 157 172 89 24 219 219 101 196 -9 204 265 253 36 103 224 111 85 261 262 241 5 62 154 13 275 65 97 11 99 -2 166 221 206 150 172 62 50 224 32 15 186 -9 208 265 41 85 272 273 100 218 2 80 41 219 25 258 233 73 133 9 242 -15 99 213 69 249 135 232 102 244 197 107 70 74 220 227 180 38 123 217 43 205 258 158 74 244 169 68 33 136 188 125 239 263 79 209 93 186 118 137 194 242 59 208 -5 264 126 23 89 221 206 61 53 221 126 173 43 270 67 98 170 31 260 122 99 43 229 158 184 272 245 98 155 63 14 26 166 1 34 60 245 31 175 123 -2 -10 90 235 129 83 61 173 161 129 62 250 97 114 175 83 34 215 188 223 216 126 -14 101 215 18 65 263 28 182 88 260 36 133 279 81 -12 42 -3 254 149 226 259 175 122 278 104 207 32 47 135 40 222 267 39 248 61 46 157 113 161 -3 167 164 280 65 271 67 47 19 49 38 267 
183 161 22 166 146 140 125 186 1 190 -3 120 94 229 81 117 141 264 103 41 276 166 31 237 31 163 -4 142 231 59 -8 171 155 266 31 228 43 168 34 95 264 6 126 235 200 180 218 182 -12 20 -12 39 267 3 192 201 133 63 266 187 172 101 155 8 158 248 229 16 35 74 34 220 24 117 150 230 48 284 284 153 234 179 139 100 27 0 216 224 174 200 23 127 217 149 198 118 69 233 66 79 72 243 129 272 62 241 74 242 87 161 66 77 255 4 279 107 24 140 244 251 179 212 32 57 247 206 -2 95 195 164 140 141 78 259 90 60 185 76 126 183 3 268 130 31 120 214 221 89 140 207 46 50 105 93 81 74 28 144 235 -8 200 -3 8 29 88 107 263 143 129 72 118 272 35 123 138 243 260 139 193 178 265 249 102 44 69 213 210 153 199 99 225 252 248 204 242 180 250 265 226 278 227 -9 249 70 228 180 259 136 67 194 47 281 138 114 226 250 251 262 110 204 13 239 87 209 64 40 2 273 156 251 160 209 138 115 141 140 172 89 197 23 197 207 187 247 240 50 104 139 157 279 230 215 33 232 78 87 63 43 103 93 111 143 121 267 50 271 32 127 137 68 24 107 131 -10 68 95 30 269 54 276 -11 180 167 48 267 78 223 235 194 133 210 264 -2 219 260 280 244 271 47 242 
238 199 219 281 12 171 67 -10 280 183 34 80 242 136 106 4 235 41 284 -7 264 76 144 53 141 226 7 -2 67 74 98 10 0 164 -4 164 213 26 280 267 238 68 4 -4 45 265 54 194 102 21 257 188 173 225 111 265 280 203 152 258 187 22 117 259 -7 110 37 197 133 180 -9 71 165 68 62 128 213 66 102 63 211 115 180 176 21 112 135 183 200 196 164 227 40 274 123 92 201 217 263 179 68 107 168 217 268 -8 139 199 194 155 61 174 282 81 223 135 233 153 30 260 192 212 43 91 55 102 253 122 214 97 62 199 106 196 134 166 63 46 206 194 32 165 -4 153 148 52 96 198 96 13 62 191 265 -9 -8 94 -13 263 267 96 38 225 -6 73 32 -12 231 150 11 36 168 152 232 106 59 72 120 153 173 192 190 102 249 213 102 205 121 141 189 227 41 275 156 279 222 68 -7 69 -15 40 -13 68 201 238 189 275 54 80 186 74 202 267 28 -14 229 201 31 126 72 124 203 215 207 258 197 171 11 249 93 277 281 17 7 148 16 139 100 284 105 -7 79 45 137 127 45 207 58 108 260 190 226 126 75 63 81 186 63 103 29 67 37 62 18 36 36 242 199 36 251 194 55 206 78 53 161 105 209 27 86 222 142 101 267 -13 37 56 34 2 276 52 84 163 -12 62 -14 90 13 256 64 165 
192 279 69 252 71 253 33 -11 213 121 39 210 272 128 15 41 -13 160 23 231 -4 54 216 72 270 24 91 83 58 -11 236 -15 135 200 264 106 195 3 278 -10 180 44 239 77 159 269 94 142 83 125 92 1 62 218 68 219 236 115 263 21 36 241 3 280 218 162 173 217 261 190 28 213 26 142 220 270 21 93 227 270 81 117 169 179 -6 42 158 184 268 217 12 223 85 112 97 159 75 256 91 208 193 98 147 81 32 34 207 74 192 197 247 94 59 182 105 142 120 -1 168 38 109 261 274 247 64 234 146 122 138 -15 125 40 259 215 38 247 269 -8 143 184 12 211 218 209 95 251 170 173 117 90 219 278 160 191 3 222 266 235 117 -11 125 39 102 253 8 189 75 219 273 136 226 269 35 101 244 1 193 35 118 197 168 113 103 23 -9 3 37 255 105 279 115 274 26 121 75 -10 231 272 164 160 272 38 138 5 195 25 129 175 119 228 26 77 173 270 211 18 93 141 106 123 32 194 148 216 152 15 144 136 197 80 186 194 259 114 116 139 236 81 248 133 199 141 222 54 172 192 76 230 123 65 52 113 215 208 -8 141 212 21 265 82 89 26 20 134 85 164 116 227 108 28 146 -1 124 -2 222 240 154 75 131 84 127 284 175 154 199 145 227 201 209 259 113 197 163 88 188 216 266 108 114 271 
217 258 239 184 143 75 93 154 151 282 178 163 -13 20 197 278 103 66 136 5 171 57 150 120 227 115 77 103 143 275 106 72 70 -5 179 93 266 60 -8 225 237 175 90 72 275 282 89 128 64 -7 205 89 94 267 22 32 162 152 42 212 19 47 39 209 92 62 218 58 204 61 259 152 70 249 10 43 126 -9 142 284 124 52 56 172 163 117 134 121 27 273 180 18 127 254 250 268 150 49 115 126 -14 198 54 12 181 64 84 -5 132 217 69 203 141 261 50 139 161 19 270 282 62 56 55 254 257 274 127 9 88 80 232 277 146 276 193 52 15 44 194 41 21 82 134 85 151 210 246 94 265 69 205 51 252 7 266 112 35 169 278 265 -2 105 95 277 271 245 244 -3 26 113 -7 48 10 52 89 29 232 117 214 263 45 144 201 174 256 136 51 203 241 281 199 212 249 177 9 283 149 42 190 110 184 64 101 77 145 49 5 184 74 236 52 237 135 102 4 64 214 182 116 268 -15 272 169 97 120 216 141 78 261 284 76 -4 133 115 278 11 37 4 140 66 48 86 133 122 263 21 147 116 10 81 38 34 109 181 189 176 204 106 33 231 46 1 158 99 -4 123 51 23 119 200 4 2 135 147 65 55 151 -13 50 127 9 4 265 254 44 31 116 279 167 -4 27 9 44 79 220 38 9 209 53 13 
157 35 262 124 58 3 192 159 217 210 121 4 251 89 277 3 187 64 219 76 227 200 169 230 84 281 257 274 84 155 16 168 278 156 98 273 21 170 230 151 273 76 283 25 218 39 261 118 193 67 97 243 276 100 241 270 193 150 259 238 14 283 12 201 35 159 79 65 40 160 194 34 125 159 85 110 244 218 107 154 82 276 -7 33 16 142 95 66 191 184 96 39 166 275 249 15 11 224 167 187 108 185 5 209 43 142 92 257 36 162 273 228 198 79 74 137 97 140 89 142 263 194 29 24 188 13 103 103 214 243 0 136 96 25 155 259 222 129 121 31 14 68 20 280 118 76 161 56 146 169 113 81 83 72 202 250 141 48 121 84 252 92 43 179 85 256 4 165 255 4 247 210 111 202 216 237 109 88 26 130 68 172 197 56 226 62 247 45 59 23 20 99 58 231 180 129 237 54 248 195 261 99 193 242 166 225 92 220 204 109 61 38 14 195 203 198 57 120 115 80 93 188 20 248 91 1 110 270 258 196 218 140 152 198 138 251 104 102 190 8 -7 92 213 69 208 109 200 260 6 186 79 232 268 86 109 86 44 156 59 225 32 220 188 216 40 165 79 68 -13 127 80 134 130 166 180 218 195 22 227 90 128 184 63 84 -10 261 83 193 163 238 201 62 86 68 60 233 -6 12 236 65 
129 125 111 25 131 45 180 54 53 74 190 -13 107 50 79 197 274 225 201 74 66 233 -3 119 228 242 79 121 213 171 45 119 82 157 127 -2 38 58 86 53 17 1 235 279 -8 72 23 34 217 218 96 257 157 210 263 41 106 284 120 32 158 119 230 86 148 82 79 124 57 150 22 234 88 143 7 83 154 87 179 104 253 280 273 261 138 -10 199 87 120 228 237 215 115 214 102 89 105 187 57 69 20 180 200 -15 124 0 158 139 130 77 18 186 5 87 33 195 107 140 129 247 143 76 112 5 2 201 58 165 208 98 147 -14 53 155 251 39 284 209 140 14 282 12 97 1 130 44 87 127 87 11 124 125 -5 131 234 63 31 273 283 153 -6 70 178 89 214 205 224 4 144 236 276 261 72 6 160 177 38 53 146 180 235 101 113 30 138 225 27 205 204 168 242 270 174 255 278 46 119 33 227 123 157 114 128 28 184 93 135 -15 80 187 57 166 62 125 44 45 182 222 87 274 59 76 230 71 4 73 15 84 46 63 280 117 122 276 222 250 0 151 173 98 52 115 105 62 44 247 117 128 146 -10 178 267 192 236 122 253 189 244 224 120 137 267 95 82 279 284 227 255 130 278 244 35 163 135 178 160 54 247 183 76 163 57 199 275 89 135 45 20 139 252 11 30 91 97 235 217 217 36 43 96 
277 253 34 253 -4 185 232 247 54 53 20 28 107 -13 255 11 204 243 216 83 117 145 250 277 41 25 18 198 235 194 277 113 142 236 56 83 119 96 262 236 75 41 118 261 269 208 54 211 152 247 39 59 -12 207 222 249 73 167 278 242 9 52 271 5 252 2 270 230 205 31 198 258 70 39 90 166 146 212 272 138 106 79 234 75 170 18 107 263 245 91 72 205 228 105 235 197 27 213 124 42 8 256 6 174 157 255 236 65 116 27 -11 108 69 255 108 64 222 158 124 187 201 181 44 18 191 9 218 268 220 108 121 170 27 234 23 132 11 214 208 194 202 246 220 166 137 143 27 265 280 108 195 148 84 70 53 86 142 24 172 223 173 111 282 143 239 -7 189 171 108 254 45 62 36 223 154 44 238 91 101 27 61 142 210 99 198 136 185 152 205 6 185 258 128 263 115 260 98 193 279 87 281 264 272 85 31 84 112 265 25 159 135 138 -8 242 130 116 39 144 106 37 181 143 112 256 253 14 48 -2 271 162 139 237 193 117 70 250 110 215 219 46 113 63 281 193 245 146 187 30 204 239 105 168 49 259 150 129 43 205 161 272 135 256 19 65 200 131 0 90 241 206 238 22 147 64 246 28 69 132 13 165 112 83 258 178 66 6 196 10 190 52 22 139 213 3 36 38 123 176 117 140 
137 275 36 258 229 172 60 20 227 139 179 2 11 186 224 7 -1 104 47 -9 210 228 118 162 105 123 46 -15 173 103 56 113 -11 76 12 206 161 44 1 253 191 138 58 113 282 139 53 38 96 105 10 151 120 11 222 246 55 141 109 186 258 211 44 260 197 192 7 41 203 125 2 219 146 271 262 225 127 117 111 160 281 126 156 231 95 139 262 3 256 75 284 184 51 118 222 174 45 107 93 199 145 37 219 180 86 273 135 27 85 146 187 36 59 149 -4 26 35 22 50 184 275 114 237 43 147 255 190 55 90 169 150 206 37 154 256 247 122 48 261 258 45 29 21 35 109 123 175 57 109 162 85 282 92 111 134 184 6 234 32 110 4 -6 57 7 59 163 172 30 103 64 92 23 101 -10 273 68 23 97 109 0 208 170 -11 232 264 248 48 87 148 87 16 188 265 130 268 45 249 103 48 49 -5 -11 251 9 136 197 122 220 174 81 18 158 152 173 232 239 162 211 118 255 190 90 33 8 103 53 33 281 45 192 217 234 37 55 163 101 99 38 270 119 9 257 258 156 57 -15 107 186 130 82 22 117 275 39 92 35 153 143 145 70 242 1 129 218 118 62 56 171 261 181 167 260 56 168 284 41 36 97 126 62 65 143 74 220 176 274 57 4 31 212 196 -10 -3 246 156 111 100 6 130 214 
126 78 22 220 152 57 261 122 -7 153 -11 95 234 241 156 9 123 123 44 192 134 200 118 241 165 195 160 29 261 188 52 51 258 26 226 210 148 66 53 162 194 41 111 56 21 188 22 116 115 127 121 50 165 52 74 153 126 28 115 96 89 -2 228 -7 182 275 -7 -14 104 270 28 282 101 137 233 190 150 264 260 96 5 140 211 103 9 138 37 171 20 45 154 143 82 102 64 41 153 190 53 78 260 177 158 261 137 -3 47 12 94 45 232 229 179 3 124 51 260 168 211 37 188 258 129 174 50 90 5 154 151 184 260 52 233 91 115 100 54 157 261 15 36 175 33 21 48 237 -14 133 224 44 172 283 161 132 144 202 117 24 167 117 153 51 184 220 254 184 278 195 65 6 75 166 137 62 194 65 220 76 14 94 188 208 0 65 163 41 255 179 81 226 230 234 198 37 249 99 96 60 -8 193 77 278 73 170 136 114 184 48 264 242 7 257 213 259 143 26 19 182 73 132 88 -10 117 236 50 68 137 113 242 23 277 3 159 58 190 174 117 103 43 211 43 102 155 15 74 100 52 102 244 164 64 262 94 235 217 279 206 154 242 93 224 206 -15 256 73 215 151 267 208 37 110 189 181 139 132 171 123 201 216 122 83 177 42 176 165 152 59 209 -15 -14 150 180 82 143 39 141 113 263 232 109 
50 53 167 172 166 19 100 134 157 93 127 270 206 263 211 91 183 127 68 59 107 4 131 17 105 167 233 237 199 236 197 103 226 221 -8 108 179 57 237 220 219 144 245 253 83 76 61 94 71 15 115 -8 48 264 110 -7 188 111 261 49 177 13 61 226 136 143 170 2 163 117 143 220 261 250 169 136 9 158 135 118 98 32 67 58 17 138 194 203 175 205 256 37 125 57 162 161 85 253 -11 50 87 279 176 167 183 175 265 10 141 228 96 63 43 30 -5 229 149 278 185 112 119 279 89 252 114 14 22 -3 160 53 141 39 118 35 70 128 26 15 171 120 98 -11 25 176 166 125 244 206 5 256 161 200 87 96 30 203 9 111 182 101 57 41 50 278 216 33 -9 220 213 266 60 137 124 59 158 142 35 233 190 277 244 24 195 178 219 147 -10 121 105 124 138 278 89 83 215 270 201 197 13 -6 109 120 144 22 64 41 151 252 67 3 217 89 118 146 175 106 207 30 44 131 190 113 6 40 271 210 169 272 26 135 205 211 224 206 266 63 85 83 279 139 53 245 177 178 7 242 145 13 184 68 9 180 48 -14 153 174 239 50 248 200 102 40 -14 139 216 78 148 99 51 85 104 178 197 208 221 74 -12 176 265 139 26 85 137 205 156 31 68 72 233 -2 92 93 34 250 94 117 17 197 204 231 
122 95 172 182 284 101 10 258 -4 29 86 228 223 5 79 101 -11 56 159 240 278 116 77 115 88 54 55 97 37 252 59 82 251 241 220 107 5 202 104 209 31 163 41 98 209 152 197 121 180 181 186 247 237 263 114 256 162 225 46 232 202 97 73 1 -11 240 100 80 132 21 67 193 254 192 254 44 31 146 249 109 60 142 133 248 223 32 88 189 148 113 235 190 180 222 6 91 276 282 255 5 118 64 267 30 16 10 133 64 178 7 132 196 185 96 264 61 159 13 115 221 260 256 238 70 49 178 25 117 153 12 211 259 154 273 239 5 69 127 6 234 252 155 82 175 207 5 166 86 109 95 187 41 16 204 126 253 167 284 232 130 251 259 14 258 148 155 25 254 -10 202 84 204 -1 142 199 261 7 91 48 160 221 170 92 136 223 259 225 91 238 158 165 7 67 61 33 229 53 246 235 272 18 42 273 227 147 153 159 -9 128 284 70 263 184 122 94 144 50 36 277 143 172 19 197 184 87 176 220 1 96 118 146 212 253 205 -9 134 63 102 237 128 238 134 276 110 1 208 156 129 228 199 47 173 131 79 208 116 197 278 15 50 17 206 177 185 192 98 178 126 127 238 178 61 70 3 101 230 184 278 147 117 149 196 219 158 18 22 145 120 276 -11 77 219 36 148 14 224 21 41 -4 118 
67 242 66 66 183 241 231 122 158 218 3 49 170 155 -4 246 82 260 26 103 -3 44 119 196 50 75 143 253 63 106 124 192 52 28 121 78 165 7 4 195 58 10 232 63 137 256 268 156 245 173 69 126 -5 99 242 210 134 124 193 155 127 77 61 140 32 174 262 253 64 245 213 128 200 272 45 255 129 159 45 53 218 73 235 45 234 121 128 197 41 189 24 34 91 90 -4 -5 34 -9 151 245 225 82 238 46 141 219 88 41 215 40 24 272 78 4 48 71 171 228 149 196 69 171 136 187 154 197 233 233 95 23 182 223 19 228 243 109 52 163 211 227 165 -9 185 190 155 275 271 104 -8 55 167 92 129 166 129 202 48 231 264 97 1 245 84 254 15 106 111 88 149 51 35 84 206 252 267 159 -12 160 6 237 280 14 224 77 238 3 174 90 34 238 36 244 43 231 129 156 40 24 183 227 24 29 148 -2 58 216 224 102 -7 100 -13 222 108 173 153 78 66 276 280 152 95 251 283 69 162 88 85 77 150 71 151 44 282 40 277 182 10 185 -2 19 99 104 255 98 214 177 38 235 20 47 -9 279 116 151 119 41 109 24 127 250 29 17 123 96 274 128 84 43 5 149 18 84 113 74 18 262 197 156 283 193 224 206 187 256 139 264 153 104 212 7 133 171 258 83 199 218 93 1 235 273 
283 242 132 174 51 16 256 169 117 187 180 40 111 247 -12 223 234 236 141 73 79 77 17 155 144 37 -5 248 78 67 199 26 181 218 208 248 246 33 216 0 263 31 36 267 259 224 109 75 69 61 63 140 263 103 228 43 55 0 182 34 81 99 180 144 162 179 202 -5 269 260 252 155 250 30 153 11 191 131 80 269 70 281 14 70 91 51 -15 166 56 170 49 129 94 103 54 27 250 107 185 154 8 131 250 -3 -10 77 277 175 108 19 55 116 227 -13 247 3 108 222 282 81 206 65 8 29 262 216 132 32 166 237 154 199 91 281 3 174 156 213 12 280 56 176 67 253 -9 219 66 18 164 253 241 -1 -11 15 -13 69 132 75 264 175 157 81 -11 214 263 42 271 96 147 25 184 277 26 90 147 171 39 200 227 68 157 70 -5 93 222 202 137 -6 236 150 64 227 99 103 190 225 175 278 -15 260 259 120 232 99 -13 45 233 223 278 136 142 181 -1 274 140 87 148 121 128 183 183 75 21 16 96 151 76 193 260 153 15 25 117 152 187 82 18 193 95 148 244 146 6 91 40 162 248 168 3 151 246 97 224 84 226 164 181 85 257 24 161 -5 95 68 172 124 266 105 11 282 11 247 165 266 269 241 282 261 55 76 88 154 36 267 123 243 173 212 81 49 23 -2 98 68 234 228 204 120 269 17 
270 228 159 208 34 217 169 13 101 66 4 112 262 205 126 198 57 183 -8 199 217 103 255 103 171 96 208 -1 154 44 152 13 176 279 51 210 2 97 127 232 183 103 9 100 81 64 32 2 177 167 116 79 240 223 -15 61 157 176 -4 65 256 276 190 190 188 116 209 258 150 223 119 25 130 -1 280 152 229 239 121 166 51 261 49 68 126 165 133 111 147 230 84 104 213 116 13 91 278 117 87 111 20 227 208 1 21 178 5 270 283 118 182 150 -12 124 263 207 283 38 2 -9 237 215 54 281 278 280 167 129 95 27 275 22 150 258 44 135 77 128 38 189 18 109 23 24 242 252 234 128 12 28 21 254 76 256 199 86 9 64 21 259 230 223 35 -2 104 78 193 16 165 9 138 255 135 32 4 161 80 69 241 282 108 241 67 219 187 207 143 235 253 112 95 243 159 279 -5 76 108 65 44 167 33 205 228 149 128 -8 41 212 47 203 102 182 27 95 238 251 102 190 150 0 54 -12 96 50 263 173 -7 76 184 181 41 57 101 272 109 234 24 239 234 131 97 210 -1 -5 258 128 218 121 202 124 115 208 117 169 -14 -10 37 76 232 213 116 104 75 62 42 30 113 70 72 110 102 182 265 114 89 150 44 190 81 6 146 28 44 11 241 145 111 215 153 163 15 91 78 92 264 -7 199 95 244 39 
222 222 86 38 195 204 -5 94 29 283 81 225 34 120 7 22 86 -6 172 216 32 4 255 39 12 119 74 243 32 120 41 111 281 273 114 143 80 266 215 204 281 254 31 71 215 183 77 241 277 238 189 190 201 70 64 277 85 276 58 271 110 19 82 150 -15 113 -2 116 87 189 179 176 33 235 -5 112 180 33 133 191 165 51 134 245 100 265 26 248 258 203 24 118 48 41 245 77 267 173 237 50 60 58 220 265 177 206 57 119 133 118 125 257 258 19 66 60 181 157 192 53 22 -12 100 91 271 3 179 167 185 -4 85 44 228 191 110 251 167 131 185 240 254 18 67 142 201 116 -2 87 177 246 151 216 93 167 -3 111 17 148 104 57 230 148 80 139 -10 206 57 272 17 54 38 33 72 13 249 111 261 161 99 23 95 0 64 252 120 60 185 202 168 123 7 271 147 72 183 150 194 118 37 -15 6 3 157 191 222 115 125 251 266 122 51 268 -12 283 225 33 141 103 114 231 283 238 82 92 282 260 170 134 1 274 229 77 206 154 174 85 157 232 23 107 177 251 158 233 87 28 98 157 262 212 157 102 35 204 123 -7 74 -12 109 19 46 156 186 222 182 -1 137 125 -1 209 109 247 276 212 50 199 68 229 253 141 11 -13 241 233 107 -4 -5 105 256 248 115 108 245 11 -8 152 229 78 114 -5 
26 -12 246 230 82 157 1 -10 251 183 260 -1 15 145 112 9 27 156 134 249 123 12 229 277 259 283 71 24 272 16 96 220 218 174 105 273 168 182 144 104 5 119 61 167 94 116 200 193 268 123 76 69 263 104 75 248 22 16 83 186 25 183 125 132 37 176 191 115 4 135 31 180 37 -5 234 101 228 245 127 255 212 105 228 136 264 160 197 142 89 154 55 73 170 200 27 38 125 264 148 -11 157 244 -2 228 103 173 92 184 162 97 63 235 258 70 235 274 203 168 259 26 17 105 -12 214 47 40 19 51 198 144 220 114 19 121 237 269 72 75 118 256 167 147 64 86 243 58 177 269 55 33 13 174 80 209 182 196 190 -14 37 -10 -14 219 90 139 247 127 -9 262 87 195 102 50 75 90 44 0 121 238 106 258 188 201 -6 66 129 74 145 60 97 73 132 52 31 188 43 231 88 236 258 176 36 252 198 254 15 236 2 272 255 44 74 112 135 178 227 255 224 172 217 105 228 51 213 72 17 57 268 151 122 110 20 218 123 270 167 43 41 208 -15 210 153 9 105 80 51 242 88 5 74 108 109 -8 165 87 277 59 242 189 187 151 54 251 13 169 93 100 205 190 4 145 266 60 268 2 -10 281 224 195 173 183 98 184 271 133 158 61 202 29 248 52 96 170 183 221 163 252 238 132 112 186 
17 241 169 276 31 153 26 13 203 283 33 166 256 138 17 67 218 204 120 73 122 142 129 41 41 55 45 32 156 117 123 84 18 263 169 150 50 260 113 172 131 236 238 169 225 268 272 222 14 230 21 156 229 -9 48 87 17 72 154 77 65 71 12 155 210 167 0 251 282 -15 -13 211 244 65 174 253 256 144 24 88 245 -2 211 249 211 -5 94 89 262 46 107 34 20 246 -15 168 222 -11 108 22 -10 226 52 170 243 66 -14 213 181 264 100 38 39 89 216 197 -9 214 208 183 256 128 4 52 93 123 -9 43 113 213 130 281 50 41 83 116 -13 246 2 222 109 194 198 43 116 193 82 -13 266 276 163 164 7 250 169 258 33 248 210 27 267 176 158 213 87 92 -7 38 232 67 38 160 259 197 52 193 -7 219 42 148 282 142 10 48 52 232 277 -15 163 70 125 57 232 124 32 52 164 238 130 183 162 268 93 214 131 269 163 36 217 -9 47 111 226 34 27 248 22 70 190 72 224 202 94 260 17 58 116 202 61 235 146 256 22 73 92 8 102 206 239 213 24 150 139 -15 166 277 72 196 242 112 154 236 94 86 239 221 225 -10 -11 242 134 75 61 153 283 123 7 48 -9 68 -13 56 51 50 240 22 215 96 -1 115 199 90 138 -4 203 167 -11 83 188 121 124 157 116 14 98 125 50 168 34 271 
166 15 -11 16 261 96 131 141 228 245 265 -14 209 116 130 82 191 22 108 279 67 225 73 7 -14 272 87 248 249 149 21 164 71 171 127 206 274 77 76 107 173 178 1 280 80 151 69 163 204 90 227 233 249 132 212 159 137 269 -10 123 6 250 0 213 95 -4 218 193 279 91 127 223 131 182 73 162 121 205 53 181 108 146 88 24 82 253 269 253 268 193 208 142 173 108 158 150 205 46 118 106 255 -8 -13 202 157 208 115 216 -5 71 224 124 138 96 261 156 179 111 -9 7 27 128 77 84 96 37 36 180 113 9 119 60 110 147 282 -4 255 242 132 85 30 58 119 179 83 147 23 195 179 184 48 206 170 27 104 58 117 39 162 147 244 274 48 -4 281 104 222 96 173 67 32 137 183 88 -10 147 170 199 122 222 114 127 90 216 270 268 198 24 176 260 48 202 165 59 170 46 -1 -6 172 102 168 31 227 198 37 3 109 0 71 -8 106 284 80 112 -6 173 106 37 8 269 99 234 193 274 89 185 122 97 88 99 80 223 211 50 -3 281 72 90 3 17 143 226 26 247 34 63 51 -11 170 212 12 237 216 104 151 94 174 237 137 230 72 14 185 239 251 4 93 229 29 252 53 186 144 269 208 267 227 148 179 279 235 275 198 97 47 133 160 139 122 198 126 212 264 151 177 237 47 173 136 236 
107 79 156 68 221 53 142 229 8 55 272 71 48 36 256 141 74 67 113 20 16 83 64 140 43 238 198 82 235 133 182 22 38 70 198 199 123 278 57 237 180 152 -13 230 69 241 8 184 275 97 -10 162 13 242 266 97 246 152 277 109 267 -4 259 100 246 177 251 86 84 176 85 122 83 55 -4 264 203 1 220 99 89 167 187 193 284 222 13 224 108 215 -2 63 36 139 231 138 184 200 273 214 11 75 125 168 77 32 91 84 0 56 154 17 249 233 123 116 9 67 261 20 21 136 164 160 213 68 29 -5 199 87 210 38 128 172 187 89 259 131 151 115 123 113 111 127 281 235 3 175 185 124 30 242 209 139 129 91 150 -8 23 119 268 138 59 223 132 161 141 18 12 17 242 216 209 282 62 72 80 97 187 24 147 271 16 38 157 -3 135 156 8 84 87 88 226 -3 40 9 266 4 200 150 52 236 282 24 244 34 117 -10 159 55 183 84 79 183 178 111 244 228 79 228 262 82 262 -5 41 97 121 171 54 223 44 131 56 150 144 83 255 73 150 70 200 166 91 190 141 236 218 22 110 138 41 187 260 224 27 199 237 144 194 266 129 148 156 237 -5 137 184 208 151 72 78 234 110 128 127 180 74 239 270 190 -8 77 257 153 35 81 132 210 271 103 170 117 102 -2 258 -3 69 223 150 -9 
182 197 49 186 257 62 -6 202 261 262 239 124 217 15 15 88 58 20 27 196 58 115 79 -7 229 64 272 167 39 19 69 97 47 185 251 25 106 169 249 45 231 246 232 259 113 203 -14 -5 217 75 201 54 110 138 171 169 211 236 27 58 192 48 194 66 151 36 107 208 248 195 104 269 222 163 31 52 165 237 235 248 9 49 146 200 200 214 214 126 -6 133 183 7 280 152 129 209 184 151 243 46 3 10 155 9 56 114 14 283 19 132 274 263 241 106 90 109 27 -3 202 87 37 143 8 173 216 18 98 247 41 -8 121 176 120 25 117 142 -7 37 166 191 222 122 3 133 101 142 97 78 187 193 242 149 73 182 270 241 70 -14 45 275 98 93 174 -6 142 35 260 119 75 166 75 205 207 150 10 122 21 125 66 266 5 125 229 48 184 102 276 251 281 176 233 194 244 48 206 15 5 122 106 97 256 67 65 112 76 280 234 133 110 247 170 250 232 192 80 263 261 87 167 202 242 24 144 280 42 155 252 116 242 145 32 239 0 174 -5 -11 88 220 36 215 123 104 49 69 48 16 31 179 241 217 55 82 179 14 216 80 204 72 226 -4 247 248 -2 186 13 186 -1 171 132 31 160 151 93 224 79 284 -7 264 270 87 170 276 24 72 243 150 38 187 218 229 134 244 111 55 256 50 -15 230 139 15 
22 55 74 170 162 268 240 147 4 184 104 -12 210 109 89 244 50 245 118 96 217 49 229 275 147 142 137 250 179 72 220 104 240 49 98 140 -12 90 115 233 80 112 199 121 265 162 240 221 141 133 -13 212 281 24 259 94 137 197 30 246 208 107 182 111 158 53 67 100 103 84 257 43 178 192 65 135 49 113 135 92 -13 127 59 114 28 78 80 60 184 28 179 176 191 95 168 200 42 256 111 235 85 72 223 100 153 156 271 217 224 104 267 164 53 -8 136 223 -4 167 215 262 -8 123 276 45 128 196 256 58 22 228 172 0 160 144 70 17 253 117 273 196 62 81 200 38 197 238 275 94 28 211 125 108 122 150 237 104 63 2 96 30 222 -9 283 223 160 118 229 101 122 169 10 276 77 182 70 202 141 95 48 0 284 -2 143 165 133 198 94 143 153 269 105 51 160 11 195 146 231 216 199 281 97 121 44 232 67 117 244 39 37 137 218 277 97 248 -1 158 210 65 34 -10 -3 258 207 114 50 210 146 11 267 224 79 8 113 202 53 149 172 89 231 218 59 26 99 244 82 78 65 234 231 204 266 218 208 119 94 103 100 219 226 2 67 -8 242 128 62 118 174 118 206 5 275 70 81 169 193 254 96 106 47 -2 74 248 214 71 76 9 125 256 280 185 248 148 280 203 -4 106 269 95 223 104 
235 203 20 212 38 222 85 270 241 249 -13 281 143 44 194 136 3 117 266 108 -12 78 140 213 165 141 121 68 17 203 76 147 -2 218 118 223 123 124 251 129 67 20 66 104 100 255 37 70 269 225 151 213 183 41 122 172 90 186 129 30 18 132 24 226 16 -14 253 68 127 33 151 110 66 269 0 275 207 263 197 176 -4 55 17 216 186 106 162 173 140 218 103 63 13 153 149 29 116 239 80 106 234 116 164 230 240 274 241 197 283 263 244 59 -10 53 140 20 212 249 83 170 237 217 32 132 269 86 113 249 142 281 60 18 24 61 24 281 39 281 177 163 145 -2 207 202 131 237 195 186 105 198 30 160 255 195 108 25 150 198 37 -10 146 241 53 112 274 237 217 130 -9 68 -1 152 204 262 230 -6 109 189 -5 33 237 197 31 46 110 197 155 49 80 143 -8 191 61 17 27 15 215 94 216 281 66 178 104 172 64 30 177 263 30 -9 61 234 241 39 270 170 129 161 37 76 180 252 72 205 94 6 114 216 16 -3 180 252 214 -13 125 57 -6 -6 135 180 41 -14 107 -11 112 194 215 52 16 100 121 199 197 241 19 87 101 36 253 58 31 62 155 260 98 102 -9 157 52 26 173 153 171 154 93 53 238 55 21 81 23 155 108 198 40 274 266 202 147 172 153 142 218 22 39 4 55 197 45 252 
65 51 119 272 123 139 77 174 240 227 166 25 79 128 174 16 280 200 65 22 243 4 122 195 189 55 -14 18 204 111 94 111 82 3 81 222 245 -15 222 157 -7 96 176 55 223 61 59 118 13 13 284 158 77 58 44 166 54 123 98 178 273 16 13 -6 17 171 159 274 1 232 227 162 242 168 200 52 171 24 143 55 35 90 51 263 50 260 35 263 87 72 35 69 170 117 183 52 9 159 269 266 128 156 93 76 185 193 106 203 24 55 274 144 267 28 273 -4 73 68 46 81 52 160 243 115 80 280 56 -10 262 184 114 278 245 129 160 240 220 141 81 269 185 221 203 185 92 33 216 -7 34 237 139 76 75 -3 217 79 66 242 284 275 105 144 251 31 113 92 167 122 206 195 102 153 174 89 187 5 254 -2 62 96 70 55 236 161 214 177 276 169 237 3 222 96 265 -7 192 221 38 247 196 145 164 18 262 96 223 161 182 157 -6 264 16 151 -8 42 2 236 152 103 257 99 211 264 168 264 226 -7 165 215 6 -1 93 257 205 -4 207 18 241 136 252 212 143 254 165 14 92 -15 68 64 102 199 152 118 186 187 212 284 273 26 21 58 249 217 75 231 41 156 137 38 179 46 24 138 165 139 87 150 270 238 140 26 203 137 68 25 74 74 91 16 113 187 194 265 169 135 98 195 9 46 42 25 
238 51 136 125 217 173 112 -5 75 149 -12 66 155 37 39 86 225 51 5 179 50 255 42 229 224 87 118 236 139 126 92 114 -7 151 22 251 218 127 253 28 -2 36 121 47 91 3 211 209 273 116 125 213 84 160 106 45 110 40 -5 131 161 76 249 -14 264 106 -9 120 112 153 282 165 208 280 51 25 165 219 57 11 261 228 -3 52 144 141 182 254 1 89 92 215 263 52 191 160 19 77 187 61 43 183 87 168 -13 229 162 182 -1 185 -3 16 46 214 63 185 250 94 86 68 119 36 78 145 28 99 219 129 167 254 222 -6 180 268 107 267 30 231 102 151 273 53 143 87 -9 168 72 195 252 91 117 274 195 40 -11 273 32 39 216 196 199 166 211 58 86 243 40 238 170 231 -6 62 230 220 123 261 244 145 276 84 96 256 132 264 74 265 229 134 83 213 224 34 279 2 243 53 154 153 200 194 193 39 195 167 38 68 184 185 58 205 94 212 21 261 171 176 175 171 110 28 150 210 233 59 56 184 106 41 239 195 188 22 158 101 201 242 229 59 63 144 104 168 120 136 195 62 130 15 266 150 75 108 -8 200 256 94 149 270 160 163 221 249 224 -13 237 223 108 118 64 239 48 266 90 158 44 96 115 228 157 100 23 162 9 254 169 205 25 136 62 10 233 62 44 275 83 157 47 151 284 51 
-2 2 147 182 176 59 199 59 104 13 284 85 203 131 97 265 66 23 56 188 108 62 124 32 181 -14 259 75 282 -13 32 258 279 126 156 200 131 59 153 50 115 282 98 234 173 81 192 270 262 244 188 263 110 9 235 125 63 72 266 126 117 141 226 275 252 69 54 37 66 243 74 284 94 56 40 152 246 0 -11 85 65 131 147 12 4 202 36 -14 18 11 269 33 101 16 208 265 155 74 211 249 41 193 170 66 151 165 270 51 176 209 147 17 280 35 275 160 71 59 104 215 71 189 124 129 232 16 59 81 91 28 113 -5 25 194 48 159 22 227 136 82 201 62 97 62 70 186 37 143 170 227 115 171 37 284 35 154 181 45 -6 -2 153 241 33 216 165 195 189 184 37 237 1 106 233 245 8 245 95 167 49 32 69 90 152 35 28 146 129 87 237 271 135 185 231 132 98 156 121 174 77 48 158 174 87 154 62 108 184 210 275 38 182 44 84 -8 97 246 153 117 52 80 227 62 0 265 44 5 90 130 198 281 96 125 272 168 32 103 58 237 165 228 159 279 126 198 44 281 72 169 78 248 270 130 -5 18 118 -13 5 80 107 -2 143 258 2 268 128 30 29 232 5 46 -6 124 258 250 23 -9 216 69 134 123 2 275 168 173 125 103 49 191 221 193 202 93 116 251 -14 63 69 20 -10 -2 
-11 117 221 185 45 127 38 126 53 165 175 21 46 82 117 248 18 149 -7 272 196 261 283 223 90 271 77 282 67 246 147 -3 252 65 260 252 282 2 219 48 45 179 126 63 168 69 211 240 249 253 218 51 58 182 142 67 148 226 207 157 90 132 83 232 41 2 32 57 203 252 102 273 102 152 221 176 211 184 28 204 238 77 227 71 68 73 123 214 50 56 144 38 267 -14 139 279 217 72 125 55 60 -5 74 192 272 61 62 209 220 59 97 41 186 82 29 169 45 131 193 -9 105 168 92 76 -15 196 171 24 183 55 266 -6 72 272 80 105 181 8 154 269 97 74 106 -13 268 229 137 236 105 2 69 3 159 104 158 269 265 234 191 24 55 91 185 212 19 240 248 117 7 35 141 221 209 -7 23 53 172 276 160 -11 225 83 -9 -11 78 200 -12 45 118 20 231 182 62 24 112 170 73 197 58 244 66 76 35 52 149 124 108 28 135 17 53 168 8 19 151 270 2 126 260 22 52 -9 139 132 242 262 252 87 103 101 114 237 252 73 283 243 71 132 68 103 232 39 134 136 254 201 93 70 182 119 59 37 135 197 54 158 13 277 141 272 107 83 168 61 43 257 39 130 258 155 137 178 187 33 261 281 124 172 280 52 82 147 36 261 132 239 165 281 239 9 23 -8 276 94 195 248 22 263 89 4 
22 155 129 -1 1 189 260 -15 41 158 -3 57 42 210 -15 43 34 166 284 161 123 195 73 105 163 100 56 41 122 -7 -6 185 36 170 249 176 221 126 260 45 221 66 116 28 283 109 -4 34 61 145 271 269 85 73 209 123 250 184 -1 124 182 46 146 246 -1 158 52 33 35 96 129 92 276 184 193 122 236 274 67 36 -6 -13 45 145 221 76 113 187 44 6 224 154 -10 18 144 87 207 -10 16 35 147 219 34 176 47 184 240 66 277 271 28 141 112 90 108 75 140 109 274 193 18 82 51 163 279 273 122 31 53 53 35 218 38 47 116 269 201 186 17 -7 159 -6 215 102 215 233 282 49 161 203 47 160 271 40 19 122 23 75 250 23 151 217 26 93 131 160 284 72 135 62 243 247 249 109 270 95 139 275 276 231 280 25 30 165 95 256 21 176 112 84 101 103 284 169 225 244 199 242 48 173 140 160 187 75 155 207 199 119 209 62 186 194 141 273 81 243 46 190 173 12 278 -3 187 162 225 141 220 133 153 242 256 219 136 184 173 70 34 47 148 163 116 117 128 50 197 146 238 51 241 50 271 91 64 236 119 120 144 117 218 -11 221 70 230 146 67 82 41 27 85 159 163 174 109 116 101 54 180 103 235 173 123 97 103 281 26 194 151 254 40 -3 149 55 239 175 120 16 146 87 222 118 
252 -2 265 157 199 115 194 130 0 242 12 48 101 165 240 21 164 196 97 -4 170 -7 27 45 -8 234 256 146 8 45 -2 89 59 88 173 8 26 155 51 47 11 158 179 72 73 47 8 27 -9 132 250 237 88 205 121 79 139 89 160 247 185 253 71 58 139 85 113 278 58 -14 264 249 280 175 114 235 5 80 17 193 30 256 234 -10 44 77 283 54 252 218 132 217 170 92 62 85 171 277 143 143 92 149 81 84 252 185 235 278 117 50 68 76 181 222 13 94 282 238 56 106 248 227 106 12 50 -12 279 171 180 84 -4 104 219 228 202 175 13 181 124 140 63 127 144 51 225 252 150 246 237 98 234 78 154 58 53 81 209 151 217 256 1 226 4 253 255 160 282 50 133 185 6 111 57 94 251 127 -15 -3 283 198 145 282 195 -13 110 118 244 28 224 8 158 123 46 188 239 69 217 259 94 50 92 186 36 143 238 18 111 259 65 40 114 125 198 199 240 224 68 43 256 16 102 198 236 193 239 220 104 261 212 -5 30 19 177 272 112 109 47 49 137 269 9 167 220 164 121 207 157 222 25 4 5 130 107 147 36 197 153 171 13 189 276 278 106 108 92 196 264 140 11 86 93 193 114 125 276 138 29 244 218 21 253 139 171 45 172 94 102 204 167 126 76 140 210 110 85 245 281 244 225 194 
190 109 227 105 79 130 68 -5 170 201 182 64 138 15 273 -2 115 59 126 57 173 -5 242 158 137 70 257 96 237 2 135 212 273 246 179 150 221 -6 142 177 148 145 63 175 110 268 37 145 259 114 187 277 176 160 131 112 13 149 124 67 163 284 134 168 174 9 236 186 67 65 188 46 68 266 259 79 244 162 17 69 181 111 87 56 -9 199 98 -6 187 -3 247 42 171 276 198 254 204 26 243 241 185 -13 260 222 126 -1 223 148 60 166 278 106 223 186 244 257 78 258 269 219 102 37 238 174 21 25 274 22 268 173 -4 119 27 37 155 250 144 -8 258 121 23 274 283 157 120 255 199 156 110 212 206 128 30 145 261 -6 118 210 79 278 0 242 143 95 154 57 200 98 244 181 226 183 176 51 70 206 204 -13 275 198 101 37 238 16 239 113 35 272 10 113 133 157 -5 174 56 221 37 224 165 -7 173 282 169 89 240 226 42 264 232 28 122 275 182 41 269 72 258 113 133 117 255 177 192 181 273 259 -13 54 92 11 116 83 72 23 220 272 113 193 206 100 227 43 34 111 222 264 203 76 142 69 112 15 27 182 216 31 155 134 247 30 84 256 26 110 279 -12 163 68 205 213 39 273 102 213 1 144 43 246 79 95 176 217 281 90 41 268 0 42 252 224 -3 184 216 101 207 71 28 270 170 -8 
108 279 25 132 199 264 125 117 136 23 142 89 38 14 7 10 158 279 9 210 136 227 53 165 108 148 235 189 143 15 -3 160 84 182 211 185 124 278 230 280 178 167 241 143 239 58 173 145 48 255 147 57 180 33 215 160 257 135 93 274 147 184 87 2 47 277 87 95 144 277 -2 225 119 82 57 29 244 170 182 278 234 105 250 221 111 141 138 -2 2 129 66 30 188 18 74 15 20 190 107 183 252 175 124 182 257 200 245 214 119 19 -9 127 173 231 30 238 21 202 263 278 -5 65 43 50 246 143 4 178 72 108 32 128 271 127 191 124 100 -10 228 51 155 183 12 157 175 6 195 97 163 182 -13 13 169 77 114 -14 26 233 82 269 246 19 126 267 185 41 240 66 235 218 97 256 272 164 173 35 155 267 128 182 20 96 252 51 131 232 275 145 195 10 231 212 234 175 121 91 71 205 59 25 190 49 217 264 19 141 190 37 45 216 278 128 232 40 194 183 201 58 156 60 81 180 261 172 73 260 252 253 204 58 192 264 109 248 120 235 70 277 234 149 54 87 69 267 3 94 35 5 211 55 91 -14 276 230 134 117 73 262 -7 192 52 22 234 149 181 177 74 154 132 -14 158 225 65 182 57 185 102 186 13 91 38 251 186 236 265 163 -1 226 197 93 -14 209 75 65 238 24 36 66 87 197 
270 27 242 197 210 199 33 91 120 160 22 186 201 174 11 249 128 65 92 183 78 173 208 -8 102 205 141 38 253 242 30 63 210 176 10 6 66 136 199 188 246 144 40 77 269 53 146 218 171 71 69 282 -2 246 75 252 284 11 128 115 17 96 252 109 243 193 82 -5 151 259 17 266 62 210 136 -10 84 78 69 -5 100 29 69 220 184 60 106 162 34 31 178 50 198 158 133 214 18 -14 21 122 132 263 260 241 283 18 125 93 68 174 31 -9 242 139 90 240 172 228 155 149 26 197 54 16 139 183 225 151 146 211 120 8 218 176 132 154 210 209 49 127 57 202 51 103 226 149 146 56 47 28 180 30 266 126 235 124 129 95 248 47 267 240 52 91 231 58 76 101 249 1 266 208 25 148 218 90 70 255 70 20 100 70 142 16 154 44 226 195 103 150 193 155 249 29 242 147 170 137 6 1 159 168 121 227 34 170 -8 165 92 38 218 97 271 228 205 104 12 233 247 153 273 104 122 251 189 146 9 124 80 5 104 103 132 196 246 45 216 154 100 267 100 56 229 123 245 112 68 86 -2 219 74 201 -5 141 229 2 110 80 284 44 184 118 187 138 153 187 93 33 49 186 44 25 32 90 65 173 213 97 237 109 60 280 267 143 6 217 151 33 32 -3 -14 106 246 268 179 235 269 59 197 136 
259 53 222 227 -9 97 140 32 151 86 218 77 276 75 109 64 185 49 124 191 68 214 -8 212 182 144 4 209 88 46 120 141 249 39 175 80 234 219 19 91 176 153 120 87 84 243 66 152 225 187 -13 149 93 132 94 43 213 64 89 69 46 131 68 105 232 227 111 252 119 14 90 83 282 101 91 223 19 278 -8 70 92 180 249 70 143 266 172 282 42 217 167 111 276 10 242 -4 -1 67 6 268 128 220 93 211 280 134 279 -4 110 51 228 255 4 113 191 39 251 11 58 189 181 156 39 126 102 99 58 21 122 238 176 212 76 227 19 -8 19 120 203 107 12 182 1 251 153 264 195 236 76 249 39 234 55 199 75 -10 178 -6 219 261 181 224 104 155 68 238 250 178 -3 259 121 112 45 143 225 208 241 47 45 160 106 275 220 87 167 128 47 209 122 271 115 203 237 101 11 -6 74 141 148 96 57 251 123 262 253 154 98 153 18 241 167 172 90 64 193 232 97 94 137 208 241 126 256 12 161 182 21 117 -11 135 202 283 184 196 138 -7 145 283 41 252 244 21 16 19 71 246 6 222 206 144 155 74 143 35 139 255 102 277 26 67 6 242 115 246 8 90 -2 39 124 146 194 246 57 69 55 174 21 96 55 188 161 60 118 81 -7 22 112 145 87 163 26 180 244 125 49 102 175 166 38 149 
155 80 49 46 75 156 149 236 208 170 59 68 246 21 246 125 86 163 79 197 188 180 116 181 15 168 210 274 105 250 -4 269 61 -5 18 9 57 58 66 26 161 108 223 35 53 171 63 199 279 247 127 105 -11 5 270 122 31 235 35 -5 228 272 246 235 30 -8 0 130 12 183 9 87 167 135 172 111 23 222 61 283 54 180 65 166 19 108 158 274 61 107 4 101 190 190 33 7 110 184 80 210 155 235 88 256 47 253 215 120 135 150 267 180 93 48 89 186 17 163 257 270 236 78 125 139 47 -2 5 64 278 65 130 260 214 86 177 261 11 15 87 194 154 31 151 119 268 189 115 181 67 172 278 98 153 61 86 -7 129 154 278 82 137 181 42 97 233 8 261 117 269 -7 235 171 283 137 79 151 281 -11 243 202 202 241 71 168 262 116 98 -7 118 116 271 258 23 158 260 145 261 101 120 265 221 172 130 202 238 144 256 153 -2 14 61 78 224 137 -14 187 249 152 27 36 202 39 277 80 160 6 115 3 129 101 242 136 65 82 97 237 51 156 257 124 207 218 144 13 92 28 280 145 26 127 -13 33 147 110 220 59 73 16 24 276 245 77 283 187 27 277 44 209 127 146 28 257 230 196 217 14 131 181 77 227 263 83 115 130 135 19 132 0 46 28 27 211 230 127 170 97 27 51 103 249 
