300
6777737 6636439 6846375 6654765 6027669 6778284 6155941 6733661 6862094 7054652 6633787 6211936 6491817 6171470 6608106 6728629 6546975 6690918 6439566 6664697 7121392 6413091 7133191 6440606 6272873 6486558 6775445 6532544 6691926 7040181 6503865 6624178 6735199 6160870 6433795 7105549 7086710 6577466 6733978 6664635 6849536 6476167 6547700 6472649 7022296 7004790 6281592 6728092 6881455 6336929 6871022 6968994 6713895 6810109 6362899 7037614 6407767 6812059 6406822 6607363 6186269 6747262 6477829 6874585 6758797 6853699 6325660 6496565 6683764 6576639 6722291 6689602 7144409 7327592 6541229 6416950 6423846 6756454 6252522 7339306 6855425 6874619 6515992 6899823 6339800 6740493 6626868 6971422 6403499 6948847 6329633 6264236 6579444 6666594 6848096 6831142 6339111 6835541 6605799 6752680 6026787 6809184 6994202 6522685 6763147 7041340 6716145 6222179 6560143 6767714 7029660 6594150 6730820 6476864 6592282 6437649 6645443 6501506 6693839 6649454 7119684 6719589 6630940 6934920 6175796 6918358 5827342 6218464 7243655 6379392 6941147 6505171 6616986 6724504 6505023 6978739 6661374 6932697 7091041 6659768 6699751 6225116 6600401 6551913 6551511 7109252 6630870 6263350 7256305 6903764 6544068 7048192 6523406 6645976 6616769 6945679 6897716 6813363 6843923 7025065 6755146 6893945 6472751 6541134 6563582 6677012 6442372 6758166 6902747 6715847 6518082 6835455 6388332 7028527 6774372 6683607 5880797 6417469 6788016 6270722 6712065 6567204 6358842 6484422 6914150 6526768 6575927 6215204 6519120 6913787 6224375 7085991 7611630 7003651 6919326 6541808 6832353 6980604 6331823 6843949 7024617 6245903 6571197 6431331 7022006 6688907 6473248 6402624 6398830 6248053 6029874 7058596 6640298 6769809 6530882 6571319 6529434 6673133 6850007 6733544 7055297 6992400 6673561 6403298 6465844 7041309 6237279 6925916 6503791 6809261 7063260 7187303 6787144 6356450 6627455 6824622 6534632 6379222 6566959 6655991 6542105 6902330 6567295 5943540 7109906 6737353 6608412 6600337 6874651 6272219 6747472 6565078 6606629 6303345 6302813 6987418 6970976 6208723 6801589 7081508 6861149 7091053 6629713 7035134 6983287 6984914 6704383 6639736 6715065 6328809 6215162 7093890 7238138 6332684 6538915 6617535 6625771 6735108 6572429 6617411 6215801 6698510 7049979 6753197 6846443 6492448 6866786 6372092 6832771 6531336 6577880 6519533 6309142 6518916 6673824 6172445 6675377 7081146 6441483 6414811 
6864112 6515038 6450882 6478105 6160929 6638314 6168507 6593006 6779664 6633788 6477891 6070474 6398853 5678239 6497252 6368345 6370787 6670727 6144616 6188235 7087626 6470466 6763861 6538177 6352481 6181640 6254867 6602072 6556426 6794085 6327746 6009087 6650750 6197072 6393870 7044062 6806346 6642347 6605424 6497215 6629232 6409776 6575546 6431668 6552506 6906120 6255520 6814340 6961853 6174131 6297448 6797002 6455871 6746517 6316210 6911628 6699859 6980459 6250433 6514184 6100064 6435744 6469226 6338610 6472578 6422561 6204480 6359743 6378329 6756563 6573422 6605065 6856308 6902093 6330567 6301067 6469802 6512996 6339511 7085208 6927360 6765774 6587372 6429190 5991289 6692174 6579611 7005934 6407658 6838576 6387342 6353860 6875192 6314756 6746800 6529901 6237893 6915070 6383214 6611887 6257192 6920619 6800980 6660299 6607012 6817851 6436905 6313810 6399381 6370266 6669924 6354336 6476929 6245587 6364425 6235310 6271887 6335761 6421922 6730490 6956793 6625724 6582333 6650116 6045952 6722233 6060083 6088274 6762393 5966322 6611330 6577416 6356066 6666287 6171584 6740243 6166348 6839565 6900738 6652498 6376036 5984828 6357303 6237823 6265436 7092455 6621700 6374721 6908570 6778916 6344003 6921556 6495676 6532795 6571463 6521442 6470173 6332054 6717903 6512412 6724382 6571768 6723775 6542071 6198509 6348436 6445496 6856995 6344558 6665516 6233108 6714077 6084532 6693703 6695985 6474166 6214123 6242242 6134357 6297753 6616362 6207265 6319390 6590770 6890983 6292040 6413125 6231383 6780283 6316949 6252133 7046637 7219395 6832004 6769795 6290374 6561551 7137511 6427780 6865897 7015531 6211945 6551080 6502671 6506065 6526129 6487363 6216011 6269592 6468840 6084449 6614727 6686209 6549972 6479555 6212483 6364508 6739005 6611438 6642512 6747148 6751120 6734734 6561323 6413363 7031131 6094294 6844525 6373552 6457098 6605384 6789881 6521408 6095531 6487591 6586180 6262743 6467058 6361688 6603401 6345884 6827712 6278660 5938269 6742812 6728552 6175527 6537084 6495224 6052913 6571988 6270824 6155162 6298859 6262548 6599167 6475771 6018474 6686315 6811825 6891781 7018821 6407473 6879859 6559153 6757882 6441032 6443842 6602374 5981829 6364252 6887978 6887096 6002858 6458842 6566110 6207545 6662408 6598729 6668856 6047211 6314427 6898580 6559352 6271609 6262804 6955615 6311286 6597925 6343086 6494328 6416570 6263821 6138899 6644740 6115478 6463146 6757475 6327282 6639426 
6788214 6582353 6218000 6609497 6279008 6388542 6037687 6716155 6559962 6702259 6447508 5716051 6492558 6009088 6314609 6274849 6519020 6698579 6275747 6454377 7024082 6610387 6487647 6689737 6408220 6333708 6367493 6287336 6808646 6922192 6230589 6316164 6626767 6298633 6345006 6938508 6738849 6378360 6627795 6324473 6753654 6575660 6559160 6599827 6827875 6843107 6276729 6560836 6351286 6350828 6259033 7022475 6705175 6520640 6328291 7171371 6485209 6650082 6344518 6525627 6207299 6611782 6097454 6344890 6189353 6661981 6032956 6208210 6653115 6585175 6432742 6759464 6844779 6874935 6509526 6483815 6230613 6709622 6293740 7203195 6836187 6941434 6641599 6619368 5990640 6612886 6514219 6820730 6531189 6686871 6265076 6466192 6777780 6489543 6322228 6692658 6321136 6830810 6502213 6674612 6253352 6669230 6795278 6530194 6691995 6732465 6691034 6399206 6552624 6421548 6732875 6410563 6678297 6529440 6599336 6214014 6389123 6496559 6633323 6757777 7175443 6366737 6285607 6724734 5973687 7002939 5757652 5900170 6990918 6434483 6818939 6277626 5984058 6607335 6305339 6659579 6475261 6597922 6904034 6541059 6488134 6084798 6146025 6578370 6258650 6793859 6639452 6251223 7147997 6949990 6115002 6866124 6706107 6518518 6509996 6926439 6419644 6685567 6832121 6991217 7031723 6227779 6497633 6495081 6460680 6664869 6752874 6542724 6567321 6630874 6481162 6758524 6110670 6743401 6823003 6589044 5926967 6411249 6605340 6339995 6799424 6376177 6146565 6363351 6994884 6541996 6495252 6079892 6480407 6750675 6155656 7138719 7383963 6819967 6853127 6184679 6517212 6839045 6400810 6796875 7034261 6191048 6540700 6290690 6685314 6778915 6342166 5997140 6120181 6247461 5962750 6804312 6535014 6835245 6353361 6386145 6497929 6392161 6736149 6598203 6640049 6689428 6866574 6549807 6319599 6875158 6119102 6666001 6350360 6349794 6626479 6861175 6621120 6077426 6422920 6635468 6486861 6404021 6573873 6473617 6554892 7005267 6280127 6089991 6859783 6788429 6334520 6223732 6512051 5875527 6746381 6487098 6458233 6406367 6401383 6881701 6823810 6193153 6677354 6612823 6890690 6965966 6739260 6999307 6543138 6907430 6246395 6559744 6619017 6029044 6126207 6970228 6958877 6221562 6463598 6420221 6206030 6976475 6288373 6558466 5980038 6531230 6721102 6614346 6560280 6281927 6925644 6311307 6491681 6394718 6734639 6510718 6169270 6478749 6634689 6063219 6694081 6827925 6352969 6507257 
6684025 6326241 6123840 6388658 6050739 6456936 5923313 6503272 6321805 6573098 6173790 5705084 6249133 5733523 5864937 6110505 5769577 6313717 6185766 6366179 6800926 6386213 6311416 6145472 6224363 6038644 6126699 6393353 6384380 6696974 6094996 5993545 6166647 5966155 6169386 6807549 6400760 6013146 6593676 6123172 6583195 6237145 6045490 6284970 6330662 6405959 5972962 6430648 6294573 6039360 6096826 6761780 6594167 6209004 5888541 6681675 5968694 6452204 6002075 6081111 5730212 6202044 6085369 6074079 6285732 6434724 5842964 6196008 6349193 6211710 6203467 6192071 6547271 6761153 6044422 6256990 6147981 6346657 6061124 6891728 6462161 6447488 6206515 6497110 5781493 6344416 6167228 6238287 6177781 6619886 6192458 5928092 6465518 5973216 6309828 6396750 5932919 6319346 6106353 6450250 6024358 6435105 6686475 6293482 6308971 6494661 6334462 6006812 6061834 6184898 6469876 6127268 6124680 6277683 6071091 6061838 6071741 6393732 6300277 6289687 6591995 6308697 6261735 6389654 6072231 6403724 5491774 5820180 6560068 6165431 6595822 6155077 6013172 6336410 6028647 6544472 6100191 6397165 6777032 6193931 6233556 6070306 6007464 6097405 6039221 6580062 6449431 6170809 6452134 6211654 6278003 6628067 6460782 6284313 6116313 6480338 6327083 6233494 6406370 6660339 6565031 6142555 6180540 6223307 5943800 6236670 6195087 6187875 6298141 6372919 6242220 6732154 6216043 6368235 6518532 6247560 5441520 6143960 6236675 6081945 6229822 5923497 6122885 6051451 6582662 6472897 6315922 5796682 6210233 6305201 6049605 6725717 7019598 6467712 6730360 6074148 6203455 6317435 6023576 6465254 6746935 5970451 6324373 5981531 6395229 6248207 6048554 5911392 5974758 5939163 5740912 6579412 6418694 6504553 5995101 5981925 6097803 6649675 6158213 6467015 6552958 6480224 6254075 5985824 5911451 6741141 5785083 6619641 6094320 6055810 6865798 6488169 6248736 6170223 6016736 6579151 5813856 6214960 6157326 6207100 5908549 6678452 5969104 5788516 6485908 6524035 6044424 6257221 6361710 5809777 6255463 6030216 6205448 5829033 5992791 6328592 6511122 5814026 6467108 6435755 6494552 6600505 6523221 6938762 6277188 6565510 5999179 6275793 6218070 5779943 6020820 6897653 6827194 5908551 6374559 6404279 6110109 6510018 5924057 6136169 5751114 6176215 6459901 6169262 6453252 6287944 6362943 5714987 6425823 6279981 6335877 6218923 5996765 6200555 6271472 5908051 6411915 6324060 6077371 6261501 
5876815 5797823 5798448 5840937 5652704 5948442 5592501 6061947 5777814 5980586 5500556 5295565 5690727 5334497 5718160 5806246 5586723 5824837 5295934 5570374 6350896 5675409 6072611 5685604 5458836 5804609 5958485 5896217 5936778 5953051 5450874 5726619 5864575 5547729 5594628 6358137 5830796 5820989 5866608 5531576 6164060 6313493 5864643 5669795 6195098 6124309 5532456 6075426 5848908 5617222 5538884 6281718 5935213 5592458 5829845 6259925 5684454 6007838 5736185 5804897 5331303 5653152 5601017 5651962 5915305 5616845 5342701 5780876 5875503 6021151 5783640 5771291 6269052 6400006 5660652 5836074 5612642 5687882 5635527 6302283 6040378 6080597 5672057 5954591 5490824 5753767 5919351 6183296 5649736 6163434 5343078 5698071 5907430 5911652 5821049 6018248 5601912 6078885 5717103 6062099 5586006 6143235 6257346 5777364 5968034 5916652 5892148 5692135 5836497 5745286 6136872 5686186 5650266 5745776 5722591 5533112 5493469 5739961 5796451 5846799 6182062 5702905 5889840 5781136 5434869 5983209 5391598 5561107 6147093 5740530 6131138 5752631 5611048 6027952 5496158 6072099 5673510 6076484 6215763 5860246 5865997 5575470 5792551 5840151 5657096 6324429 5752301 5805379 6429166 6058942 5473569 5913734 5666489 5879796 5795637 6123958 5793039 5530283 6036156 5989912 6056656 5790683 5616469 5850716 5664095 5792036 5819468 5853263 5758047 5835151 5561699 6103965 5473336 6096164 6242593 5898276 5219894 5608274 5848855 5287751 5980989 5583412 5546970 5583957 6181623 5798491 5801979 5556884 5605277 5899743 5342191 6193222 6545395 6067018 6317630 5409049 5787804 6271021 5478087 6036089 6427353 5736595 5727715 5649841 6014890 5792279 5791991 5380135 5477345 5745992 5514163 6055181 5958695 5823137 5683119 5702776 5916659 5800403 6004624 5915470 6014840 6006835 5705633 5520135 5720597 5990322 5492153 6182819 5492572 5798871 5808581 5938828 5689905 5489486 5665039 6063826 5550309 5362949 5891379 5824808 5704691 6120192 5709128 5412462 6314397 5949085 5679547 5920239 5711262 5410561 5821222 5687822 5693593 5601869 5910717 5884077 6025232 5560355 5772661 6036411 6058610 6177249 5899133 5966186 6055545 5882098 5728670 5597184 5770992 5298936 5610182 6339758 6346976 5753185 5752728 5896788 5371933 5941715 5733299 5998001 5232199 5770652 5989328 5796260 5818434 5656516 5935639 5402953 5821091 5938271 5849783 5587479 5519826 5675495 5797691 5497034 5909728 6034227 5590558 5606165 
6565689 6449940 6423735 6324369 5845115 6116266 6202718 6522103 6626833 6523640 6085552 5818684 5943954 5656551 6308237 6186577 6158815 6672381 6205005 6312094 6644061 6289759 6477739 6288081 5935317 6223026 6105489 6565971 6318760 6627278 6120528 6239932 6560513 6273875 6525476 6716657 6905188 6363845 6614531 6183655 6721059 6477074 6526703 6415109 6511773 6407493 6162400 6544264 6379554 6105719 6095480 6958532 6621792 6287266 6248027 7001026 6134701 6566971 5957027 6387907 6027995 6315984 6248712 6299098 6316747 6574285 5778858 6361247 6632145 6435267 6374512 6230071 6529244 7010516 6296116 6059022 6185826 6707088 6155495 7029426 6776054 6623044 6288390 6485174 6118443 6453083 6299299 6664822 6215950 6429431 6116905 6091486 6688545 6224545 6527295 6626008 6140858 6761470 6455463 6709796 6336960 6664343 6583088 6357625 6464795 6922457 6533138 6171487 6180609 6299185 6591500 6351929 6462436 6188403 6461080 5909321 6263165 6278306 6537531 6710354 7036804 6303764 6323131 6499496 6063572 6600122 5833780 6006475 6820194 6159258 6715703 6477171 6130159 6293351 5976324 6582685 6202977 6727777 6714987 6645641 6444791 6299697 6311241 6441515 6331459 7104580 6538355 6483972 6557593 6766560 6241263 6573336 6463882 6411258 6236717 6592102 6315574 6252705 6847015 6492841 6537681 6378131 6300410 6559731 5830455 6408028 6289958 6482866 6387884 6587066 6307711 6866629 6303353 6665223 6519819 6267035 5877169 6208170 6047412 6272641 6667141 6217215 6213966 6235243 6723976 6714723 6074741 6008702 6571356 6409281 6139249 6582750 7122295 6830133 6716030 6249804 6272756 6713937 6012861 6975821 6748848 6186233 6436186 6445364 6589019 6474327 6347462 6048988 6126919 6176574 5802117 6460426 6371953 6154662 6049867 6289589 6271473 6623710 6396689 6458822 6663776 6805218 6408398 6157518 6072586 6918028 6117745 6803091 6053831 6379602 6540452 6762530 6482314 6207728 6239360 6715303 6504407 6148959 6513009 6116036 6462323 6771523 6476126 5853131 6558572 6514590 6458074 6367836 6360476 6028448 6496358 6477574 6233281 6101158 5977424 6430085 6689088 6204931 6444676 6920993 6488393 6962386 6676067 6998258 6524869 6654399 6221775 6427948 6293301 6039826 6095165 6789182 6548969 6035376 6272671 6321161 6005373 6624253 6179789 6466146 5992629 6399037 6708598 6152528 6517363 6100600 6726336 6132279 6665072 6219324 6566753 6380185 6207365 6144540 6577514 5948032 6524877 6385046 6331808 6319338 
6245407 5862977 5771740 6072780 5677269 5815295 5649121 6170909 5903722 6158106 6008632 5483045 5536502 5401977 5784347 5845698 5682591 6347443 5653814 5893773 6237634 5780801 6294663 5821766 5640946 6066024 5880584 5863767 5995242 6195705 5768561 5622873 5929212 5855841 5957942 6334548 6130900 6024879 5897135 6072093 6309018 6216194 5795335 6153494 6105127 6094805 5528379 6079287 5987866 5675567 5937416 6329389 6198771 5957404 5808784 6400838 5677349 6140888 5664615 5891769 5619265 6211396 5786054 5893393 5750814 5925398 5336308 5836505 6093054 6146894 6046942 5901887 6164105 6350327 5795560 5821935 5810853 5652241 5789880 6649842 6162451 6146620 5990174 5827266 5460425 5985050 5750754 6303059 5840121 6292041 5896704 5705157 6107203 5810934 6066745 6031563 5734812 6203831 5881501 6004486 5837526 6181120 6131783 5906899 5967638 6147851 5744913 5733053 6003097 5861669 5907696 5674228 5796923 6012438 5716696 5875880 6107802 5983453 5909855 6249675 6227365 6121900 5935931 6246299 5739230 6082190 5110908 5380948 6361378 5622081 6326661 5726551 5482688 5995087 5773995 6287692 5981066 6342544 6204478 5999337 5921047 5671499 5747032 5806768 5812519 6329339 5986419 6044583 6256530 5973698 5884134 6178897 5930469 5960185 5951775 6226221 5940663 5843141 5964259 6166557 6211927 5865641 5891629 6055271 5683818 5872002 5716722 5704483 5806772 6194282 5857562 6363251 5756887 5921879 6244512 5883128 5445592 5817862 5802939 5927082 6158750 5827313 5557057 5823089 6266041 5826578 5819883 5775038 5896524 5852402 5665642 6022667 6198948 6096231 6383149 5836551 6095637 6415322 5629313 6203773 6389308 5981571 6149344 6171701 6394807 6141682 5790538 5489744 5919701 5733093 5511896 6225949 5982421 5974866 5306465 5600546 5664937 6049951 6028030 5960023 6283418 6027689 6154949 5749424 5804522 6358313 5587780 6076843 5657110 5794519 6117529 6145473 5947446 5683579 5878118 6167710 5697277 5817816 5786845 5849138 5765831 6235774 5799420 5578878 6265413 6142432 5743028 5758174 5898812 5670888 5854411 5840206 5725845 5812911 5876112 6064296 6247275 5815128 6232654 6327842 6195130 6419858 6053366 6235426 6028413 6317250 5945461 5803825 5857000 5571652 5647089 6513970 6412247 5748381 6001746 6134866 5712725 6089411 5710971 5821607 5604350 5788836 6267450 6047125 5797564 5912525 6167021 5408410 6092314 5841861 5947117 5978239 5800563 5636513 6077632 5445348 5868657 6289882 5777942 5743172 
6846493 6280541 6326015 6321589 5915544 6130078 5975229 6483660 6444650 6503106 6231313 5622682 6007589 5697402 6135785 6220480 6080190 6363002 5891906 6304103 6660975 6238713 6340532 6247621 5885208 6257935 6085336 6212192 6404155 6761973 5803018 5990731 6408007 6155124 5924854 6651894 6440055 6399615 6493538 6212349 6402681 6448838 6310556 6196978 6640202 6756855 6125246 6548065 6530813 6068861 6138024 6842806 6476565 6505409 6004021 6802148 6152854 6582549 5976138 6108985 5919714 6201286 6267383 6057913 6374067 6425282 5721372 6165082 6412038 6361024 6176673 6639557 6535237 6815961 6508831 6090800 6365328 6546170 5883731 6902914 6398420 6597894 6264404 6435859 5913504 6318937 6244539 6545060 6067466 6610717 5919020 5875860 6639931 6169935 6330638 6459288 6009194 6469559 6236718 6156739 5992551 6641534 6429984 6286282 6475375 6627134 6451078 6089437 6279504 6207989 6266058 6098120 5989133 6074720 6149994 6307971 6069919 6478451 6422024 6264581 6756966 6460738 5977458 6336528 6147915 6540277 5674418 6016823 6633501 6017344 6441936 6302960 6113057 6522266 5975401 6593878 6217650 6467880 6635475 6363097 6349174 6154481 6246154 6359271 6210834 6826869 6329635 6255040 6975332 6688095 6192053 6724864 6299137 6280706 6334593 6648855 6257916 6282021 6577869 6710788 6541065 5878019 6279557 6279808 6321709 6254671 6116228 6202920 6342667 6438183 6233015 6746936 6252844 6410407 6516485 6394042 5800158 6397338 6211278 5913856 6588132 6131364 6045745 6302845 6710774 6221311 6371072 5593591 6291304 6292932 6001432 6960841 7076755 6779805 6524990 6226903 6290540 6526187 6093056 6381770 6775963 5958998 6315347 6211202 6404462 6129867 6328162 5725713 5906734 6007622 5874409 6422830 6458754 6363789 6069368 6226224 6361000 6321587 6299187 6615236 6496585 6570340 6567743 6159655 6148551 6876825 5786589 6866974 6162750 6246397 6475794 6565992 6144620 5959016 6613703 6188575 5979860 6203615 6272316 6104754 6002589 6650094 6243152 5728889 6595374 6295929 6138643 6200085 6455676 5558537 6154696 6463390 6139633 6150173 6074042 6427783 6500478 6145644 6452454 6481689 6521621 6734268 6405539 6945801 6527468 6741948 6311340 6196857 6225594 5743408 5834798 6886336 6777926 5807694 6339635 6052668 6191698 6552046 5940161 6087100 5818327 6262872 6475798 6429845 6163972 6148787 6339429 5945918 6375194 6115699 6465072 6324114 5773407 6330069 6367866 5882081 6128088 6572904 6012406 6318390 
6133811 5978319 5924057 5958096 5833568 5927455 5782637 6142095 6340698 6233982 6206905 5484699 5971207 5368275 6030643 5940240 6020617 6052634 5835875 6119988 6725757 6000415 6277674 5812460 5952351 6046601 6138684 6158496 6230955 6450796 5767141 6212491 6008852 5841148 5988741 6464937 6216609 5938930 6420986 5834730 6297767 6439169 6157158 5780302 6619972 6075278 5615329 6105725 6281232 5902071 5945240 6622882 6374745 6199431 6063510 6441250 6095367 6116736 5820267 6017093 5916617 6158709 5773512 5728944 6167921 6175236 5695981 5885280 6035695 6081529 5958479 6146958 6518780 6451366 6011693 6081890 6037095 6298170 5833995 6579231 6381676 6495096 5899843 6155441 5668529 6103931 6242887 6298978 6105562 6184376 6090873 6094071 6103101 6042681 6339952 6200272 6080138 6164258 5844097 5978507 5598978 6249731 6568446 6007063 5945802 6397732 6094436 5840063 5726216 5936367 6370424 5939238 5820083 5814021 6281996 6123457 5919960 5878274 6010305 6522081 6591108 6073531 5987673 6047857 5798743 6404914 5415279 5540448 6468145 5933521 6401533 6039199 5921079 6299285 6121289 6275997 5878979 6334386 6547494 6067593 6077283 5545891 5850418 6059239 5934416 6346521 6268520 5972338 6582021 6410040 5966049 6394667 6066767 6236596 5985225 6296700 6130690 6263132 6285752 6428489 6305821 5977975 6138021 6085089 6125382 6176983 6147172 6074010 6109822 6084017 5652916 6200641 5914785 6278964 6214457 6405212 5495920 5878251 6054372 5925307 6598489 6010822 5794082 6010654 6428973 6014340 6253871 5789964 6226899 5921598 5649239 6339085 6904617 6318954 6387619 5925085 6060432 6326840 5814986 6505713 6670906 5567654 6013658 6303973 6174173 6168975 6053346 5600917 5819958 5821359 5713125 6307440 6214086 6261083 5723724 6191399 6067810 5981156 5987131 6522765 6124034 6365242 6279023 5891055 5946831 6496734 5679427 6148757 5727230 6182327 6326779 6408003 6412576 5668496 6403279 6309988 5940431 5745175 6142575 5960505 5902838 6474809 5998812 5470562 6357741 6503213 5961246 5742209 6234096 5428767 6255516 5709304 5883539 5857128 5953818 6164286 6108855 5992076 6113031 6357650 6385086 6358185 6346207 6433198 6165560 6262235 5996950 6268342 6005174 5405376 5876708 6817309 6465681 5942645 5862731 5984543 5778209 6525094 5750313 6158139 5662053 6253951 6280542 5967801 6067224 5716530 6283148 5789744 6047037 5985559 6219755 6064998 5400960 5993974 5979875 5886946 5952882 6372081 5893439 6106345 
7186481 6728034 6687847 6674208 6478694 6876525 6561337 6954433 6964461 7215720 6907662 6235422 6461507 6188226 6750131 6820465 6746208 7089314 6614710 6839834 7293118 6548381 6801943 6725048 6534454 6399635 6992382 6899378 6997044 7097311 6440806 6513002 6973085 6721262 6671097 7558136 7137238 6796018 7177490 6783853 7154321 7078266 6659342 6576899 7026136 7166319 6639344 6928488 7086947 6362171 6873461 7585391 6896803 6965303 6781459 7201286 6625878 7115287 6498013 6680938 6410162 6920713 6906112 6694507 6715391 6728567 6215223 6881845 6819374 7402715 6859767 6784655 7216459 7182420 6597550 6634526 6917918 7110691 6526491 7380986 7060344 7266821 6581250 6750236 6369640 6955032 6897384 7154077 6587231 7338192 6703494 6853753 7141813 6697809 6983454 6928946 6727029 7132155 6501172 6967180 6287158 7446110 7244463 6741485 6867381 7069041 7016482 6689151 6677035 6735322 6924842 6668472 6915854 6796102 6666964 6604126 6998064 6789615 6649423 7009959 7450432 6875586 6779302 7233776 6738339 6951499 6164542 6366401 7078440 6600398 6863404 6737620 6433391 7221365 6573072 7237628 6679620 7175328 7202375 6987005 6726472 6445032 6995320 6700733 6940396 7347405 6983163 6810625 7302606 7031040 6431126 7041326 7135867 6764596 6922242 7125552 7156505 6773694 7081690 7234939 7176597 6784281 6742192 6975930 6371207 6748138 6807506 6813704 6699279 6894024 6802943 6996138 6490223 7118809 7120372 6867856 6427131 6555264 6604423 6483757 6918785 6561532 6462562 6910267 7150898 6943015 6836739 6570554 6865183 7079964 6390920 7268256 7553351 7145845 7201259 6594740 6908207 7241758 6536042 6770220 7485867 6691108 6967659 6697737 7030031 6951978 6674617 6329028 6516756 6400172 6364820 7072170 6946719 6758590 6796475 6680469 6943292 7081191 6926413 6967944 6927109 7175255 6914879 6427286 6768321 7297022 6630643 7069427 6644529 7063412 7201769 7169298 6918189 6597361 6800141 7082189 6735635 6520004 6907345 6711830 6886351 7387305 6658904 6248504 7268421 6781917 6847935 6644699 6894605 6445153 6561899 6628057 6741338 6731990 6551538 6889655 7080722 6773074 6786655 7319653 6932461 7270880 7065457 7363613 6975551 6937322 6871366 6776502 7009610 5999933 6426939 7498022 7030546 6492414 6706088 7076048 6752096 7009390 6685547 6851966 6276101 6789943 7109818 6751781 6904540 6513999 6948861 6538403 7076310 6725135 6925326 6819121 6408457 6609314 6845932 6304587 6795332 7200365 6669171 6735053 
7017912 6530744 6363919 6346060 6408160 6530664 6443801 6707642 6691882 6559159 6493063 5893498 6301298 5744376 6406306 6296949 6287218 6751085 6332524 6509027 7015202 6274197 6646580 6567142 6126728 6283808 6268662 6821723 6514234 6824379 6356377 6299636 6720446 6292148 6342696 6842830 6807822 6455987 6738821 6200872 6676884 6625905 6382149 6473305 6935950 6718459 6299302 6447618 6788065 6467395 6514205 6831056 6734226 6558723 6411716 6846164 6695212 6760628 6154696 6318215 6098055 6752260 6388734 6324702 6618369 6496434 6192672 6482220 6694038 6536658 6496994 6575334 6734555 7157847 6124842 6221522 6254237 6622390 6434239 7410917 6973509 6868208 6563764 6466813 6117179 6671382 6576791 6833614 6325164 7163983 6523496 6480757 6493742 6283294 6653147 6598911 6284015 7020186 6311230 6911404 6158856 6691826 6848351 6458000 6606515 6650252 6674241 6406659 6253163 6059193 6568011 6267819 6431331 6253354 6631861 6386026 6456805 6509722 6466788 6862300 6797117 6252613 6475027 6826457 6337886 6832605 5995811 5919877 6651172 6206621 6687059 6196527 6210266 6628141 6214532 6802826 6627336 6765729 6916170 6822723 6734876 6078920 6147964 6353219 6243177 6851722 6433355 6580986 6915843 6654947 6297587 6892660 6671122 6471352 6859777 6565984 6610860 6439787 6543446 6999585 6876507 6484154 6389634 6732079 6389274 6547892 6557769 6356697 6542663 6589433 6507429 6989790 6169334 6983188 6621720 6559074 6021706 6459385 6613718 6370344 6689718 6194103 6360955 6280970 6886459 6339268 6564224 6108733 6466908 6773742 6239300 7195765 7286379 6881378 6821991 6318332 6492450 6858519 6236761 7007612 6924954 6194272 6641689 6653397 6649284 6424582 6633021 6146127 6222256 6555847 5939698 6599096 6403418 6555004 6327856 6432971 6485184 6578334 6497429 7008627 6680575 6871727 6753010 6305310 6357884 6880015 5908903 6586940 6340604 6318864 6444209 6718261 6670896 6415524 6497088 6718000 6335232 6281098 6436436 6367912 6328268 7014150 6291745 5746550 6747668 6481473 6343981 6574788 6700346 6350382 6638186 6452606 6351258 6304074 6363422 6576064 6542165 6137142 6557815 6802550 7035577 6905604 6439966 7055191 6641623 6827308 6405418 6428356 6481153 6090511 5961383 7078550 6834791 6026346 6685963 6492504 6127921 6937333 6342122 6387169 6193325 6598026 6701215 6754821 6374146 6289793 6732256 6441234 6567668 6592075 6647109 6267071 6236865 6166745 6696667 6392287 6672437 6850324 6304670 6403081 
6331839 5894976 6034006 6233291 5730893 5875266 5623004 6213961 6073349 6164644 5944054 5570526 6049339 5816899 5892575 5983595 5944110 6256260 5528028 6143891 6475380 6057017 6291441 6164760 5828066 6005913 5765472 6016693 6137640 6411418 5956895 5820848 5938329 5939206 5787823 6514341 6315049 5949187 6266587 6063296 6003775 6436108 5988391 6039533 6290206 6234578 6040057 6244142 6355526 5930768 6031291 6470353 6037401 6262831 6004079 6667097 6145415 6120212 5823188 6058420 5786882 6344507 6259515 6007421 5913948 6336276 5504165 5873536 6153532 6113469 5974796 6055222 6120959 6397019 5971660 5670272 6024596 6406583 5570395 6683308 6460431 6557285 6256988 6294658 5729240 6109652 6059407 6277110 5807799 6197211 5944527 6025472 6261848 6163308 6057212 6232837 5970337 6636676 5756651 6263021 5818933 6289815 6264582 6063539 6174355 6398114 5935478 6021631 6134370 6156271 5902043 6001865 6049706 6091562 6026295 5733285 5915618 6056278 6189351 6407604 6632652 6167519 5965944 6182902 5829220 6278053 5565770 5591130 6412866 5669357 6378144 6140577 5539996 6323755 5978096 6343371 5898315 6306343 6324983 6185939 5961293 5842856 5977636 5774417 6070265 6396173 6397518 6055989 6357344 6417342 5586054 6464510 6227031 6084725 6241140 6500784 6307796 6224223 6319674 6189146 6285153 5955798 5959886 6085453 5820814 6012608 6303758 6027827 6039979 6256199 6055691 6345702 5933009 6318432 6129680 6249243 5782440 6050428 6021990 5924717 6328638 5789902 5908649 5934667 6451657 5888301 5990842 5750733 5981514 6282475 5715108 6466632 6589012 6185641 6375679 5832374 6210108 6376799 5759122 6351555 6359291 5713190 5899016 5998844 6025811 6028452 5961802 5635992 5698339 5590491 5441100 6216114 5994243 6050305 5870964 6170507 6128654 6337633 6168753 6200848 6242577 6347394 6035798 5669769 6106596 6280395 6059715 6362231 6196552 6075924 6087559 6564473 6095968 6017539 5954189 6331981 5810726 5977788 6049784 5926946 5832342 6470501 5989099 5643225 6238288 5784239 5893287 5875407 6385658 5754849 6137942 6002153 5983011 5865743 6113799 6150767 6107141 5707174 6442567 6417459 6412013 6413185 6187361 6465148 6247445 6505714 6078843 5907981 5953852 5402381 5616204 6741695 6204045 5629697 6026016 6255527 5986887 6211234 6064940 6077608 5646625 6125281 6294167 5932922 6018872 5665147 6281989 5846492 6172445 5942255 6331406 5901447 5737968 5853908 6299762 5480069 5941840 6145177 5926988 6223628 
6595892 6355300 6320104 6271233 5831695 6279391 6108178 6270520 6333879 6631010 6484325 5738026 6139050 5621776 6040016 6468915 6041360 6287811 5896669 6508344 6668577 6334798 6348935 6468632 6169177 5943698 6110022 6325593 6595019 6571943 6276138 6163838 6505894 6088343 6206625 6941396 6636215 6382756 6634356 6348140 6586338 6445109 6209034 6327297 6300372 6582572 6086006 6505813 6593889 6259693 6310856 6869679 6411685 6305570 6026088 6935820 6182038 6516050 6160598 6218682 6014444 6676544 6237402 6074580 6172115 6549037 5920625 6471440 6765414 6701612 6130382 6476354 6852206 6653218 6199812 6159821 6236806 6292269 6028422 6842607 6684931 6670312 6538196 6271178 5903415 6438099 6266209 6682858 6140251 6859498 6005990 6214437 6647738 6174498 6367799 6476556 6155703 6698278 6191386 6635623 6255456 6668558 6704592 6062608 6535752 6489603 6703905 6113695 6151077 6188750 6438707 5989641 6369078 6288943 6028379 6134427 6665621 6291945 6301104 6479638 7047057 6514496 6518490 6769210 5939473 6460816 5659622 5813055 6683813 6167617 6709060 6433157 6187969 6591006 6387652 6574813 6313861 6611539 6792577 6506230 6285082 5895985 6254278 6243200 6176733 6824360 6267589 6375552 6971725 6416521 6111321 6512662 6261236 6290301 6482020 6759609 6456409 6140816 6405034 6526913 6563967 6157680 6192372 6328683 6090586 6219189 6232618 6343981 6398632 6803196 6182728 6747856 6193330 6588957 6599824 6315573 5670052 6075620 6347458 5928279 6758032 6035674 6063586 6269432 6592890 6196115 6225547 5882868 6295697 6539680 5679256 6700702 6859633 6556721 6636707 6063494 6326636 6998645 6045748 6399386 6727837 6107984 6322629 6227466 6569428 6474522 6200432 5903413 6341123 5942197 5787725 6465768 6489788 6479861 6090319 6367947 6336331 6612906 6624046 6532276 6655255 6449312 6498058 6141907 6177958 6520827 5993265 6639485 6130942 6285166 6639824 6712773 6498497 6203199 6478475 6791952 6367724 6141193 6445219 6413418 6378884 6575743 6295019 5707873 6689213 6689845 6102280 5940008 6393745 5952077 6272496 6203361 6103362 5988955 6287961 6564207 6543112 6122037 6560139 6641497 6602530 6905657 6275319 6654668 6339444 6752895 6456169 6389254 6453354 5654998 6147033 6878905 6812050 6134637 6429369 6581065 6235101 6436149 6267935 6223671 5888517 6602951 6606614 6530644 6375180 6303771 6664419 6127240 6482736 5978753 6594098 6183169 6117530 6150466 6339294 6008561 6428193 6749949 6104369 6441602 
5977829 5840200 5955432 5752931 5748993 5851266 5796751 5969250 5937857 6381364 5942586 5539213 5946959 5293126 5838731 6035732 5768109 5908190 5736470 6144539 6320977 5923557 5962680 5933674 5839116 5925601 5913743 6011992 6130743 6474796 5673681 5804878 6185995 5680731 5831945 6355198 6299622 6073247 6060030 5678047 6082070 6366892 5953296 5955698 6193211 6321817 6064426 5862398 6093105 5773010 5949069 6463103 6089590 5972488 5683855 6310165 6067349 6140987 5856060 5997550 5692172 6312042 5920544 5864927 5878044 6170343 5499612 5761176 6072055 5997934 5997498 5941371 6228906 6519580 6019629 5801678 5983407 6162029 5724020 6367373 6544283 6522082 5905342 6124781 5692317 6113666 6014260 6355310 6051653 6423217 5898235 6229292 6201689 5709155 5896987 6075474 6122621 6236063 5867113 6218917 5689875 6691545 6155218 6037477 6069926 6167031 6177760 5722085 5842497 5879258 6027999 5745817 6049617 5890353 6177111 5889930 6226684 6006337 6036724 6162334 6557547 6138324 5755724 6223822 5469267 6381349 5619868 5616496 6356850 5665484 6216971 6009390 5806150 6174647 5639623 6251268 5900798 6414692 6234217 6066301 5839392 5713332 5899551 5981716 5908400 6520649 5996130 6073819 6477275 6445237 5892404 6294587 6061917 6197780 6058289 6279649 6289640 5995142 6426501 6039115 6344253 5926801 5814183 6272340 5855991 6100614 6071515 5964310 5831992 5892187 5749036 6047763 5629979 6370287 6083564 6097251 5588739 5842058 5847839 5716687 6425697 5565914 5649221 5806079 6280471 6051218 6021348 5806421 5919240 6021561 5684220 6442865 6720592 6246481 6316234 5722063 6207495 6411126 5716393 6321675 6493445 5775051 6009538 5784855 6119469 6126315 5980066 5760570 5770011 5798356 5602570 6149267 6258893 6163727 6095055 5904032 5803698 6243276 5860704 6266771 6030940 6078628 6078056 5877152 5914938 6318005 5627702 6289143 5713289 5936812 6187087 6184787 5948240 5940745 6266276 6124266 5960766 5736407 5940735 5936293 6086381 6480406 6027262 5244962 6358561 6293599 6136651 5836943 6259402 5657156 6256487 6067213 5866769 5858688 5896109 6191135 6097271 5671525 6187136 6104133 6236310 6290990 5900794 6303588 6107104 6376420 5940149 5992970 5792666 5399395 5531049 6455679 6597042 5670727 5895421 5958034 5812724 6284114 5928436 6067366 5515256 5865249 6270083 6010757 6062924 5809032 6138887 5826019 5884445 5926985 6166911 5754326 5733940 6065521 6067864 5811473 6371355 6074143 5983735 5899414 
6622183 6468194 6672987 6479514 6234592 6495815 6206729 6769591 6735201 6595085 6611983 6004986 6417736 5950826 6196084 6398222 6393577 6645090 6052261 6648332 7053740 6371525 6580854 6565698 6308689 6230524 6465663 6287840 6567084 6741476 6426793 6121408 6762024 6059984 6529570 7103788 6882600 6594839 6536719 6401917 6618779 6639097 6643471 6502354 6850830 6670127 6424756 6614639 6828711 6041545 6187013 6880907 6712802 6587355 6357889 6512218 6546901 6750216 6419687 6240180 6212939 6459892 6473801 6735119 6740273 6637104 6160405 6389581 6887895 6562013 6778323 6457916 6911249 6869506 6532643 6255890 6490688 6645565 6182400 7132639 6974579 6873076 6781784 6684177 6074682 6926068 6686529 6890515 6348708 6845445 6293857 6273674 7018524 6159587 6560967 6569395 6393080 6730977 6388798 6669547 6333915 6913238 6562718 6575101 6687820 6810611 6686327 6319936 6326488 6346289 6841251 6627321 6559637 6317945 6660068 6356711 6617595 6663267 6660778 6545732 6909718 6621124 6572533 6889701 6107337 6686282 5971231 6199409 7023682 5967849 6915581 6531511 6169232 6860679 6602832 6601609 6278520 6849401 6934801 6789073 6740295 5970012 6443989 6369326 6442279 7097353 6462828 6488823 6834474 6784311 6412781 6908841 6466947 6666780 6394096 6904540 6666502 6328513 6750091 7119661 6695365 6745238 6563133 6663066 6253984 6319898 6486086 6650892 6289802 6558161 6461438 6898228 6463218 6793755 6626241 6812441 5951507 6684011 6290881 6438460 6827216 6377485 6178252 6302439 6979693 6488709 6441222 6129070 6713381 6719961 6400431 6876934 7148029 7054533 6800913 6265230 6418788 6892703 6494980 6754622 6997013 6230880 6477333 6751063 6582794 6445230 6244385 6321189 6397129 6022334 6138021 6643189 6461251 6665742 6646338 6460435 6425214 6642354 6543422 6579256 6952438 6764888 6848066 6249276 6674371 6987689 6200318 6750706 6549542 6743748 6755635 7045367 6730636 6351239 6812356 6627906 6194466 6497433 6362102 6681402 6436854 6790396 6322998 6072577 6768215 6651537 6424051 6414899 6831125 6351700 6561731 6403418 6341352 6234665 6182274 6783235 6725504 6425868 6861517 6860667 6890251 7131093 6493276 6997669 6704904 6527891 6370670 6447660 6488410 6169180 6130442 7144752 7098045 6384254 6668622 6625537 6331257 6972690 6500510 6451837 5842145 6641894 6745371 6562274 6398886 6077257 6618241 6001359 6698360 6437737 6726926 6236218 6267141 6477385 6786197 6070701 6324820 6953458 6277554 6357373 
7059390 7031820 6725269 6669598 6640982 6690724 6460144 6883564 7035447 7031903 6657210 6302915 6448915 6054986 6702161 6700348 6403468 6900443 6333717 6772298 7423553 6615206 6965867 6600412 6666667 6608685 6676867 6901012 7183069 7158466 6798126 6565522 6938484 6500004 6738342 7391857 7078132 6773564 7249139 6665690 7012636 7055992 6816705 6773649 7018781 6988598 6552634 6771857 7062434 6524365 6863469 7342455 6918123 6895672 6604950 7316811 7033736 7017835 6533075 6826640 6527009 7129274 6955448 6711779 6823832 6877388 6376437 6864276 7041612 6924560 7055386 6726777 7145599 7155540 6452598 6462631 6664402 6703362 6822355 7492279 7207443 6937606 6981211 6765768 6612335 6879563 6899892 7241482 6625357 7237057 6446965 6817832 7253314 6485776 6793945 6908576 6554436 7142105 6779245 7005643 6578221 6982765 7147574 6871186 6909635 7224837 6848510 6680319 6881926 6811726 6823849 6730583 6742377 6755692 6778020 6611396 6806945 6698796 6752634 6938419 7208565 6790137 6815878 7173137 6468176 6932143 5985748 6463034 7288543 6430872 7051740 6726006 6336902 6952598 6736897 6847078 6706795 7340636 7106569 7037487 6738574 6314596 6599226 6918832 7024073 7265474 6845005 6675246 7355249 6827098 6345458 7132890 6774464 7057257 6898403 7068734 6791901 6643990 6864575 7228772 6794210 6750285 6792200 6747406 6700234 6787922 6825433 6905377 6719768 7025506 6785855 7114001 6491519 7002117 6905201 6901088 6483852 6828544 6793668 6520048 7040927 6741554 6496091 6721637 7173141 6670325 6770058 6276717 7099976 7001570 6466887 7166910 7669941 6913646 7103021 6707799 6840693 7284498 6699885 7003426 7274121 6709577 6838345 6848295 6957443 6800909 6796307 6418730 6697089 6412563 6312707 7021652 6851588 6994841 6740038 6742602 6828097 7234338 6856030 7077112 6765059 7001899 6855689 6590528 6746419 7118587 6524936 7083147 6723594 6726328 6783416 7319823 6851669 6608165 6732787 7119056 6686156 6662860 6666976 6614915 6735892 7138663 6747195 6207089 7171142 6869807 6432905 6303912 6951471 6146919 6935534 6719580 6672278 6522143 6636063 7030886 6919602 6539699 7211478 7305434 7233536 7531309 6952291 7420757 7116043 6990730 6817899 6951763 6894502 6360186 6447754 7532194 7291224 6432740 6808642 6902864 6563906 7130855 6677912 6772858 6296385 6752323 7085198 6923750 6802698 6499394 7222884 6403559 6929008 6556564 7079305 6624584 6355463 6572083 6943418 6226873 6675815 7292458 6405421 6623149 
6929489 6888718 6801488 6658988 6703569 6614771 6396590 7055327 6629453 7145852 6879398 6259545 6447375 6035964 6807599 6923200 6534961 7071593 6513062 6651478 7305581 6621247 6889286 6863714 6704251 6584593 6778532 6961787 6955694 7152858 6700698 6366707 6979954 6464387 6583338 7108471 6974232 6726520 6909649 6545221 7061149 6880276 6668422 6622962 7250340 7105949 6542229 6983141 6895685 6716800 6738146 7358069 7184985 6507588 6684687 7413913 6603488 7021986 6599448 6679450 6495775 6893274 6728667 6628886 6620360 6767226 6511905 6763145 6948875 7059181 6726189 6850998 7022397 7368414 6581992 6780916 6637810 6688785 6561445 7541789 6991183 6946625 6842778 6827804 6253918 6603113 6928911 7053866 6540006 7317550 6447742 6646121 6700509 6583554 6770869 6846679 6723369 7052321 6434275 6872895 6283108 6974463 7035991 6815280 7231166 7062913 6963154 6532201 6632858 7032160 6994300 6601045 6773387 6647945 6631205 6803649 6633331 6597792 6821640 7091164 7358037 6598658 6888633 7268694 6593587 6930595 5909876 6008647 7332905 6530407 7001958 6715910 6385670 6883279 6452485 7237318 6644998 7088466 7258981 6999796 6923494 6476897 6731254 6573519 6704236 7342557 6601450 6841526 7249017 6980187 6490597 7123180 6789590 7037207 6789889 6978900 6816709 6839280 6866032 6865547 7107307 6817101 6560329 6957214 6445591 6901733 6533284 6735031 6609606 6742538 6423112 7350478 6618127 6997795 6972454 6892497 6187972 6607325 6631534 6559120 7024996 6507106 6426589 6415919 6936653 6629350 6783977 6608018 6761805 6882459 6601923 7250366 7490615 7091514 7294317 6455914 6762097 7061087 6514203 7037561 7273140 6615933 6906718 6849222 7144396 7003197 7024257 6375695 6694677 6238109 6413241 7124447 7028877 6871702 6408731 6564942 6864359 6602369 6673384 7090918 6921896 7090046 6953871 6515861 6573466 7365165 6356057 7144016 6483423 6711341 6940004 7147568 6962907 6382758 6876762 7151716 6797522 6446415 6527668 6722294 6786153 7293288 6510670 6284209 7004171 6942268 6234149 6440276 6834499 6351606 6751322 6504299 6956210 6351568 6540855 7162598 7124004 6487055 6889582 7030810 6931125 6914419 6957846 7366430 6817953 7054730 6706724 6613513 6920845 5827518 6532252 7316897 7243328 6414149 6804389 6827339 6632929 7131569 6643352 6583784 6339693 6935724 7315579 6657656 6800674 6505472 6979541 6448493 6755830 6746179 6796714 6612031 6554930 6636024 6839930 6239643 6890689 7046338 6642459 6678715 
6626994 5950033 6087370 6131067 5971742 6240197 5991552 6170603 6370456 6307511 6033132 5663673 5989189 5573129 6051371 5866344 6029017 6263338 6102644 6369428 6748965 6140370 6425365 6066497 5919649 6039911 6001806 6013435 6203773 6398504 6074304 5947375 6374609 5637932 5705651 7000040 6560091 6223939 6468835 6252134 6290675 6218349 6175933 5762237 6711503 6668799 5951274 6336290 6254938 5813162 6404079 6479493 6595557 6284095 5724395 6560541 5836310 6363700 5836323 5978163 5718056 6442641 5987719 6194463 6281899 6024726 5799313 5874824 6308688 6449076 6347198 6142189 6570450 6583793 5985491 6058258 6285677 6164133 5921668 6823900 6522214 6663432 6084649 6342969 5862735 6215902 6050676 6695765 5921775 6622419 6010573 6325358 6337079 6104509 6071282 6140452 6077890 6275954 6059785 6197302 5834760 6270549 6611164 6200491 6094878 6467969 6102114 5950811 6043030 5833854 6163547 5961876 6232304 6065077 6351102 6132077 6392470 6451447 5906586 6406252 6688361 6077697 6234799 6301200 5711000 6380490 5763677 5763605 6823704 5838120 6572314 6037284 5938448 6602067 6050673 6355955 6094284 6759065 6538744 6149354 6090853 5648272 6050131 5995649 6108727 6430394 6032390 5857668 6524714 6325139 6040370 6434889 6092067 6360634 6233249 6408555 6093531 6077911 6426193 6645859 6570011 6552329 5995458 6199040 5970278 5925880 5981901 6310291 6107264 6206106 6180035 6510473 5825213 6384720 6401471 6056277 5696805 6387875 6118189 5922073 6556836 6123341 5854193 6018117 6452037 6126382 6092078 5555438 6281274 6329438 5867754 6497669 6843812 6610963 6688891 5970015 6090706 6460586 5869193 6411877 6608690 5868313 6308084 6215884 6459134 6218694 6017525 5852408 6002367 5907759 5647264 6559503 5963027 6414936 5916499 6119147 6153052 6261159 6399150 6229397 6724910 6485338 6175382 5995030 6437068 6408483 5903363 6287913 6028836 6308109 6518097 6548449 6147881 6074555 6320191 6313470 5860089 5971511 6209213 6170015 6187547 6690087 6134169 5717298 6324330 6038538 6080950 5614339 6398688 5885850 6098296 6345816 6064488 5969528 6190130 6356141 6349207 5806611 6295728 6523256 6603467 6742839 6216451 6656069 6478142 6445927 6389657 5967500 6177042 5767743 5615564 6805585 6681197 5879813 6025529 6267671 6110270 6364368 5607087 6217514 5748539 6183069 6527866 6481359 6094951 5644611 6439667 6030864 6330890 6017544 6189842 5997353 6003622 5982605 6236972 5761914 6000973 6678300 6050486 6007707 
6485053 6291159 6173728 6335721 5962008 6459648 6300389 6558509 6470391 6483884 6153643 5761781 6336953 5820892 6133812 6146405 6063918 6438944 6065741 6470085 6575637 6104133 6426384 6055167 6287237 6083097 6363196 6431165 6490497 6435353 5988172 6211353 6427450 6024318 6247838 6551687 6610431 6297032 6377247 6243219 6407108 6390536 6223813 6271571 6441572 6539565 6074713 6457105 6712191 6087027 6155910 6768246 6323497 6264586 6210701 6676230 6427478 6360535 5878091 6230029 5752724 6404306 6097283 6233449 6089606 6580873 6010871 6445971 6450988 6270544 6248249 6339669 6518990 6754778 6399384 6217829 6436668 6643921 6020985 6868214 6538082 6618790 6563099 6321824 5932450 6535404 6420762 6511103 6296858 6870665 5984842 6167620 6589013 6258175 6476872 6389677 6153003 6656009 6007932 6350254 6051556 6719681 6206012 6552181 6609282 6324559 6421755 6085729 6180898 6035414 6198268 6095722 6318273 6285291 6070735 6102806 6331615 6094286 6411558 6395803 6788646 6253225 6220526 6598123 6217188 6217603 5375589 5987937 6712115 5755290 6491966 6163293 6053534 6720536 6195425 6621130 6095352 6444498 6629045 6413122 6387591 5929208 6289778 6182093 6532979 6668177 6025438 6347472 6767367 6551818 5901248 6465987 6345991 6207620 6679636 6499253 6348310 6126859 6597004 6553148 6617187 6383276 6353563 6314946 6060285 6256782 6241941 6270989 6367852 6392132 6236598 6666888 5894068 6653346 6445273 6443480 6099969 5959204 6027854 6142934 6623696 5940746 5856160 6142096 6959733 6290830 6467378 5787381 6206486 6315054 5983375 6886908 7109358 6491141 6532823 6126549 6157007 6821612 5991815 6436253 6776115 6077431 6578425 6292463 6311292 6317949 6143233 6094481 6194921 6006547 5932795 6706660 6527598 6365189 6433607 6405410 6165779 6373013 6309185 6490292 6540998 6268891 6440708 5889459 6199013 6667985 5968953 6690548 6183829 6310297 6448542 6705838 6326594 6380476 6106989 6577236 6005457 6259542 6251387 6352094 6083826 6775027 5933677 5664040 6653670 6362079 6169528 6102216 6670800 5900806 6225796 6156309 6262987 6032847 6238913 6499459 6537796 6147347 6366602 6494306 6753984 6691688 6322991 6723930 6202512 6458047 6431033 6149124 6387445 5702368 5758690 6926098 6679582 5826548 6415544 6474823 6168451 6695739 6062049 6269073 5773690 6308212 6478013 6475962 6200837 6195826 6374565 6186655 6540350 6050799 6321487 6043028 6120298 6156641 6288671 5905337 6337713 6451823 6279058 6198274 
6560107 6473472 6333675 6192973 5941686 5970829 6467229 6588143 6425325 6750518 6358157 5990297 6281921 5796076 6478550 6179138 6213417 6520989 6015572 6468226 6633281 6630894 6562639 6494303 6214424 6325391 6411145 6607347 6920778 6603549 6381635 6201701 6770902 6206579 6204520 6837202 6777691 6384824 6718783 6012232 6876145 6560278 6342139 6309760 6559522 6595719 6184033 6651395 6812947 6335614 6063026 6982148 6727942 6581678 6500688 6853322 6288095 6659976 6310138 6478076 6113311 6522355 6335265 6216303 6275298 6570851 6066731 6276559 6463241 6481822 6159644 6445933 6366287 6944262 6470282 6107011 6026478 6617887 5931522 7101124 6684084 6828604 6425658 6347903 6097649 6567724 6395775 6666692 6056902 6528189 6449410 6123492 6685493 6369704 6514883 6414087 6073984 6767858 6191974 6507841 6118509 6797201 6876839 6336178 6555788 6569288 6499801 6056232 6350662 6439157 6745151 6310816 6243789 6211509 6548105 6324412 6447336 6394976 6675623 6776553 6993597 6567234 6244253 6420926 5774331 6725078 5671280 6001416 6793221 6390229 6617316 6301028 6221263 6587481 6062852 6643585 6119513 6636403 6832749 6616450 6405098 6227650 6393971 6199870 6323328 6841003 6598125 6375133 6961998 6697947 6213056 6648193 6326622 6416474 6285195 6594025 6297348 6333867 6501349 6636635 6713146 6260138 6228273 6533024 6106435 6441549 6489764 6329815 6651623 6665402 6070031 6733295 6129152 7002958 6620386 6751725 5911091 6084602 6079785 6306772 6705513 6349368 5961160 6169893 6703098 6434915 6015327 6053126 6324438 6603916 6001847 6843581 6975858 6549825 6585360 6105511 6326728 6739787 6017814 6682734 6831814 6072352 6589463 6565136 6570474 6826964 6572151 6096798 6238727 6096358 5784129 6434059 6367472 6406978 6334048 6124099 6158694 6439385 6486800 6698840 6542977 6693937 6557579 6385434 6155349 6751160 5939388 6929388 6116646 6457143 6577707 6845027 6612947 5964158 6526235 6561976 6436666 6202423 6559490 6408491 6404392 6764348 6473786 5990719 6529778 6571343 6196144 6429844 6511069 6123299 6223047 6439125 6297347 6017199 6363871 6505563 6535165 6131829 6832137 6477552 6749607 6818416 6408287 6840744 6508019 6562397 6445513 6704880 6553477 5953149 6114735 6959679 6857734 6056338 6394947 6389174 6221888 6741364 6194525 6504307 5836464 6559913 6802249 6562689 6361789 6337477 6779152 6179514 6504133 6140367 6673650 6217365 6206566 6327815 6496288 5946322 6317926 6520759 6559686 6234347 
6466288 6107982 6355835 6373376 6137292 6144425 6143443 6610829 6460929 6592363 6472328 5706282 6304907 5911218 6579808 6113562 6432119 6573296 6115575 6270178 7060990 6398145 6329029 6193145 5873378 6390002 6517418 6270537 6638407 6742759 6126885 6366830 6500245 6052253 6251881 6953757 6899043 6417775 6522548 6418525 6871888 6778100 6067019 6380035 6704990 6832604 6280147 6565069 6542336 6040688 6329116 6949044 6853597 6322579 6129894 6914292 6353493 6049500 6148661 6259798 5734014 6526708 5960311 6387001 6501367 6427269 5852481 6091396 6528068 6434500 6245277 6600004 6462207 6952892 6143549 6256240 6078309 6490475 5935981 7178412 6721041 6902428 6464653 6291827 5838963 6723615 6410226 6801849 6270691 6477540 6231203 6210083 6495619 6358115 6586472 6530362 6170094 6634296 6448744 6444419 5912819 6539366 6648996 6286102 6352957 6701520 6195236 6244777 5931581 6209910 6719235 6232251 6458514 6163429 6497279 6173849 6283304 6044151 6488502 6568293 6710844 6517069 6600944 6655723 6050353 6964515 5738064 5793105 6811866 6055180 6556055 6376521 5957619 6563679 5874854 6686885 6274044 6721223 6749834 6535904 6329871 6087759 6287965 6108003 6477989 6886634 6251848 6018298 6914752 6718340 6173939 6505399 6268198 6391662 6300792 6515856 6251615 6418588 6543041 6628148 6661452 6364072 6472919 6501474 6272238 6339781 6440808 6231491 6150288 6513725 6194527 6676134 5906240 6695726 6546817 6500247 6141064 6311738 6237279 6193618 6423169 6156947 5944677 6265918 6784420 6237682 6415414 6138817 6395359 6708294 6256234 6702844 6834050 6683191 6541764 6209619 6493707 6785901 6116002 6580600 6995516 5914116 6227051 6307911 6243677 6544286 6234086 6273384 6178101 6245567 6051775 6412981 6478947 6355904 6085532 6180509 6330065 6520727 6410565 6763722 6506439 6412108 6330443 6323198 6209561 6884568 6056197 6790993 6197276 6276612 6579696 6566500 5983763 5785695 6515805 6601279 6061849 6154485 6296144 6388698 6261113 6769638 6247259 5761242 6717636 6195552 6150978 6051864 6301656 6187647 6258639 6257143 6227800 6117367 6209958 6355471 6640244 6143192 6360664 6663826 6622286 6973937 6320470 6872826 6668045 6684195 6476892 6363913 6091739 5634456 5729526 6830066 6683213 5965531 6131630 5962955 6203651 6664404 6198336 6133863 5809329 6366493 6677707 6281585 6078829 6327626 6682986 6181112 6214165 6224057 6362936 6259402 5923965 6312246 6622320 5970747 6276727 6455830 6405927 6194321 
6396677 5985395 6229936 5950041 5823886 6258381 5873434 6426739 6273251 6402424 6136670 5637985 6000198 5494658 6164760 6052933 5835253 6085513 5796527 6162890 6439620 6128400 6496669 5763532 5772864 6121959 6367749 6154566 6390199 6556930 6131835 5702035 6182019 6006634 6011067 6247116 6430384 6125201 6279712 6048737 6279283 6150481 5967367 6126517 6532596 6146881 5830472 6295914 6532556 5784504 6058877 6644850 6285741 6222786 6048509 6525838 5915718 6379981 6126869 5985071 5757028 6096474 6224029 6394736 6012283 6108704 5679153 5939679 6286983 6407164 6154322 6080801 6567088 6493069 6044405 6085509 6123907 6022280 5693866 6866526 6178432 6388277 6186721 6103286 5647367 6131886 6106491 6371985 5979869 6411345 5864095 5843523 6457104 6243430 6150976 6187944 6081777 6490613 6216565 6370298 5747982 6256126 6499504 6171248 6352279 6429984 6192573 5851704 6045576 6287147 6390907 6071335 6297203 5945415 6022496 5891387 6119887 5984198 6095126 5996577 6630421 6023246 6293493 6510687 5783659 6163883 5451660 5522994 6520672 5754324 6467254 5851023 6051572 6188629 5737381 6364664 6135680 6328497 6476590 6433143 6023037 5723675 6032702 5850824 5944539 6766505 6095138 6236830 6534965 6415839 6009559 6292030 6364487 6204598 6156267 6490301 6450444 5868635 6453124 6293229 6268161 6305550 6114502 6236295 5814859 6010633 6479743 6300959 6322452 6205915 5940844 6460839 5870616 6417889 6202156 6364254 5556886 5709780 6012334 6092947 6334453 5928437 6100550 6056042 6587738 5844075 6056120 5879746 5837933 6424388 5941966 6336270 6964274 6285581 6715991 5944654 6354834 6468053 5648217 6273432 6477665 5992536 6197303 6094460 6255563 6053974 6162660 5695386 5774266 5892446 5845258 6314502 6182543 6218763 5923330 5724760 5997030 6470040 6172341 6219457 6186760 6287709 6103407 6009775 6074996 6398260 5792126 6302089 5820325 5944821 6274649 6540814 6005162 5765018 6229858 6415703 6047788 5898282 5943929 6037373 5960802 6520423 5909538 5535348 6708387 6159058 6323829 6001341 6449255 5723542 6329555 6008342 6263346 5848685 5871207 6414807 6209735 5779166 6404807 6292414 6331057 6501986 6196117 6430086 6212944 6477808 6106407 5893239 6184969 5552414 5862169 6418775 6641036 6008861 6298786 6384905 5942238 6240259 6149255 6292724 5505046 6130060 6494963 6275057 6119989 5969942 6443990 5647403 6036589 5852177 6112771 6048354 5900817 5756614 6253963 5433110 6152071 6378040 5985531 6102323 
6824208 6560084 6730346 6360242 5926049 6700468 6345784 6624207 6414462 6790520 6585001 5840634 6128233 5856744 6574845 6581583 6408326 6683429 5936363 6306117 6955324 6359943 6526446 6685159 6410599 6249355 6506154 6479826 6483198 6728334 6344911 6367310 6641887 6116599 6361568 7130586 6965935 6437048 6592370 6186170 6773524 6690488 6411797 6312239 6705044 6782365 6218611 6575899 6396006 6284088 6454940 6933023 6735544 6497604 6236221 6736541 6677800 6708828 6284394 6350660 6081923 6766114 6315501 6704922 6417583 6596358 6146926 6721546 6561688 6503379 6658787 6504655 6962286 7059346 6103205 6406281 6279651 6524628 6380649 7243759 6546723 6838957 6649188 6466485 6121937 6579312 6448817 6823757 6382532 6936236 6235495 6319235 6740275 6470417 6632266 6484904 6138309 6780005 6072932 6659072 6118243 6697563 6640484 6278979 6817014 6663853 6544694 6350729 6477746 6518186 6600028 6312222 6295651 6422235 6681933 6383884 6472411 6541882 6411336 6450971 7147550 6575761 6322443 6694491 6072467 6630802 5816959 6176828 6907830 6215933 6835643 6422540 6248797 6662607 6426548 6628242 6030443 6993007 6984748 6469209 6309745 5885739 6313574 6352082 6317165 7091507 6581374 6477343 6775511 6705632 6373145 6929803 6556930 6506036 6681537 6845551 6668943 6356019 6893103 6937869 6728287 6567303 6431923 6559437 6281161 6698185 6636251 6659154 6471638 6387053 6359803 7078592 6184026 6958050 6759567 6522638 6013785 6287463 6469835 5948676 6991338 6104101 6203396 6134213 6845729 6540490 6419462 6289920 6461124 6756506 6044898 6689669 7471951 6781241 6874810 6347401 6216002 7092494 6303777 6837654 7093310 6255307 6408661 6300471 6666012 6544392 6469761 6023810 6247073 6300417 5969919 6591200 6719356 6666790 6386851 6593433 6305799 6539544 6822588 6541429 6804043 6674232 6472823 6332097 6379093 7008654 6305579 6793163 6446991 6437074 6456086 6866826 6624149 6185233 6554518 6647342 6307619 6100210 6595637 6631078 6568981 6890090 6273975 5702046 6986867 6463247 6396967 6368743 6585965 6053736 6643104 6509254 6515657 6302240 6391872 6958339 6593120 6468811 6655853 6840596 6827018 7155204 6587668 6800318 6573174 6725876 6366716 6369499 6714429 5793232 6211831 6872891 6851160 6180746 6405204 6301105 6380969 6692542 6490761 6632068 6208180 6393034 6532589 6759976 6216110 6476474 6684211 6364450 6539981 6343691 6608522 6336371 6119419 6361764 6795418 6186512 6505152 6659010 6258309 6439120 
6826095 6605215 6726761 6703515 6367652 6573224 6259942 6665439 6916462 6660672 6693592 5887490 6586289 6042894 6616369 6595378 6491144 6737763 6413040 6515616 7157730 6477138 6672274 6520350 6359717 6702393 6591565 6676621 6558366 6967135 6706120 6208489 6469328 6178571 6442540 7163074 6788337 6295015 6950128 6230760 6532038 6788573 6494924 6595140 7078576 6722068 6516476 6928666 6740198 6336515 6510202 6970686 6761718 6748038 6411694 7049411 6481073 6824564 6431984 6588399 6071053 6684917 6282816 6586944 6411281 6639551 6230295 6454007 6814588 6863448 6649667 6497315 7159751 7067849 6362455 6239416 6543215 6657457 6352923 7215224 6878728 6989152 6474850 6727494 6162822 6654466 6665555 6945695 6481184 6920586 6252845 6425143 6690078 6393891 6551649 6684304 6277354 6840255 6528207 7116378 6316351 6764651 7027336 6492891 6653743 7028440 6668407 6463309 6573357 6378601 6680184 6427331 6569615 6247000 6828090 6479974 6689603 6741050 6384151 6778838 7312758 6502821 6602832 6738934 6558479 7193542 6121622 6268931 7002703 6620462 6872501 6440268 6292650 6848745 6396539 6827320 6792595 6825002 6895084 6862389 6608694 6110553 6553022 6754964 6644295 7029485 6473460 6386648 6902779 7054321 6308074 6924011 6654891 6673490 6403723 6990467 6792831 6667022 6880042 7002118 6910823 6546741 6791053 6567631 6382415 6726420 6716168 6424447 6609092 6593629 6686127 6869763 6563700 6822630 6668289 6766428 6102564 6583684 6565594 6251335 6732104 6489001 6451235 6583656 6846141 6600765 6472714 6018572 6553073 6633778 6060534 7185383 7305823 6857655 6932843 6301297 6672404 6971315 6072839 7193519 7227265 6133213 6571743 6649487 6791362 6576809 6460589 6038983 6279935 6160533 6270377 6822944 6763930 6797047 6481238 6550790 6511814 6604515 6787545 6866479 6569715 6913969 6681177 6480111 6408998 7019849 6290679 6790917 6135220 6737380 6813482 7040926 6591211 6243892 6535151 6894592 6349226 6447170 6575767 6688330 6692413 7147098 6386501 6026249 6819056 6575385 6460292 6430799 6807404 6335484 6609510 6470255 6375169 6186072 6183311 6690854 6564418 6403023 6816563 6917454 6724112 6918030 6547073 7036808 6556980 6800897 6489087 6723371 6677484 5798472 6256980 7229327 7172620 6294112 6736352 6903609 6433933 6823314 6328756 6505622 6014523 6687993 6431028 6591693 6747345 6245536 6877063 6288227 6682158 6678247 6897659 6656299 6403671 6662298 6792555 6323007 6597163 6905560 6397761 6690071 
6550596 6473920 6354854 6144056 5972843 6203880 6322715 6283646 6415049 6330596 6056973 5824099 6349631 5754606 6225800 6456326 6402731 6562412 6083638 6219596 6739782 6250542 6200794 6417965 6015949 6139171 6147557 6342994 6274506 6633620 6260629 5921502 6155382 6114392 6284579 6836071 6546907 6420446 6592082 6216814 6731280 6756276 6308140 6289432 6444579 6432257 6234591 6582726 6529776 6122462 6382806 6675133 6476859 6328621 6312575 6655486 6372637 6537968 6055576 6348886 6036686 6271831 6234227 6167070 6098715 6282122 5753482 6510586 6428309 6305447 6192437 6260187 6603253 6862882 6200154 6247049 6206972 6343056 6162772 7168075 6648677 6667266 6533845 6087517 5800059 6803317 6536255 6503386 6294064 6932466 6005214 5975401 6700974 6136156 6393500 6423755 6278223 6690664 6147515 6698171 6129243 6759927 6567245 6011832 6366087 6474798 6405057 6331170 6261699 6219210 6450105 6262006 6177421 6207327 6400316 6086537 6533716 6480087 6453951 6412655 7074730 6338594 6354556 6529950 5997530 6263178 5519784 5923218 6705230 5859900 6496833 6262432 6187579 6619824 5874594 6551457 6237913 6575962 6914351 6497669 6125509 5914365 6213032 6048225 6443347 6905681 6295995 6463038 6586560 6579384 6066080 6643923 6331190 6499497 6461332 6665651 6446990 6348602 6411493 6637569 6655348 6131555 6375581 6421312 6012635 6257647 6463545 6454994 6233737 6414836 6205642 6640709 6016558 6779785 6662931 6348517 5899497 6380691 6301466 6024448 6707335 6208237 6214325 6394425 6734383 6252746 6134205 6005308 6363884 6350196 5665385 6978393 7157719 6658073 6941785 6085061 6505551 6770555 6119771 6458924 7059802 6099438 6401556 6333313 6437901 6386617 6385273 5816738 6242814 5895161 5662155 6299709 6475667 6235031 6189460 6279838 6213518 6746440 6705250 6669930 6200052 6422643 6471464 6267160 6275926 6736243 6057588 6643219 6196469 6233181 6465740 6687781 6199528 6204321 6327859 6610661 6209115 6234401 6369856 6255877 6158717 6622634 6304830 5730808 6805827 6152814 6610576 5852085 6476955 5937226 6330576 6325383 6170898 6215934 6058514 6647002 6392255 6267323 6556889 6918298 6609531 6960926 6376759 7051984 6622469 6592786 6385240 6355641 6393505 5733769 6031009 6802459 6899122 5784710 6459111 6304965 6071998 6548215 6287831 6319275 5814029 6172415 6585820 6410708 6329384 5881024 6549324 5961786 6510482 6160328 6421760 6289789 5770700 6183729 6516268 5836224 6252318 6658909 6183981 6166129 
6714570 6579024 6778493 6524885 6440496 6475260 6343883 6684800 6703044 6944182 6464933 6280308 6747868 6002460 6580294 6603804 6412439 6714215 6386854 6965339 7165498 6706073 6747881 6694295 6423675 6190439 6468977 6450762 6880990 6983427 6436004 6110208 6778548 6085211 6490194 7108937 6817364 6803509 6898356 6471826 6805937 6714166 6551432 6288376 7013806 7050980 6332377 6738659 6867599 6543798 6548893 7057245 6880573 6772111 6290669 7028042 6547247 6946351 6332920 6620295 6259834 6612397 6398796 6434698 6676330 6836611 6319363 6605290 6937380 6541257 6779689 6893873 6821582 7117585 6746501 6619337 6430174 6857011 6536340 7325490 6849043 6909624 6792296 6773508 6334665 6971258 6546703 7115852 6735788 7201403 6432134 6563552 6931763 6536478 6723864 6744697 6548323 7145554 6550664 7003327 6057485 6980789 6837741 6459260 6774654 6860622 6685777 6509950 6403549 6563477 7085339 6426124 6677278 6357314 6756469 6604042 6954054 6768176 6732163 6819788 7212472 6743954 6601260 6922609 6145051 7053319 6134547 6134321 6823612 6395935 7072078 6628374 6448398 6935034 6265846 6884108 6588543 7014991 6898745 6850134 6886973 6391848 6422851 6555597 6804244 7083825 6508382 6834314 7211543 7007368 6660862 6928698 6566354 6797036 6704303 6882380 6989848 6850180 6928058 6872673 7041211 6546549 6669649 6557688 6483502 6806147 6544390 6718452 6676416 6756453 6495900 6887647 6518242 7037114 6781092 6469824 5935960 6516592 6447618 6459805 7199608 6343077 6331389 6407007 6903231 6579520 6638356 6199555 6630096 6774216 6186846 7210182 7447126 6957091 6800488 6626362 6527630 7336420 6366429 6752706 7140560 6452778 6838119 6660737 6759430 6704492 6543238 6154823 6296657 6165260 6058488 6823288 6777001 6867659 6679223 6642737 6444497 6537510 6894643 6799915 6998021 6865077 7017836 6826496 6469050 7117993 6382980 6839305 6420225 6699763 6565674 7072200 6799810 6280382 6779752 6629772 6557616 6584872 6464067 6737699 6689968 7131785 6495704 6105693 7038878 6789712 6665490 6541532 6776556 6437138 6546866 6448906 6216979 6296630 6381917 6973655 6887437 6341745 6899164 7009955 7001469 7314500 6531893 7121034 6779169 6727032 6740470 6603477 6719623 6093453 6215193 7127647 7031938 6180105 6546455 6622555 6553909 7028579 6655713 6702294 6057305 6935568 7147608 6780786 6487665 6431525 6588266 6444099 7013645 6697587 6792554 6641426 6089727 6683143 6617004 6335743 6656503 7150662 6688859 6453480 
6358144 6195581 6224734 5811047 6078419 6195568 6189501 6225482 6396881 6605559 6154130 5591209 6217751 5606857 5989213 6270897 5847120 6195001 5808646 6234738 6565441 5968561 6340921 6107775 6016922 6156739 6184041 6315231 6554710 6323250 5947735 6197831 6155533 5748751 5978091 6816878 6522457 6492545 6077659 6309426 6506832 6542231 5958747 6028621 6268819 6592899 6006633 6357951 6397017 6022505 6060019 6879988 6352779 5966683 6205521 6889873 6344908 6137150 5956634 6075114 6050385 6394549 6136047 6168240 6191183 6146938 5523509 6204004 6394566 6566927 6191763 6374766 6614507 6571831 6145701 6013108 5953170 6193802 5636300 6926945 6228377 6558970 6269494 6218224 5907110 6201648 6271065 6552943 6341470 6750528 5994440 5913332 6309271 6027741 6086447 6146330 6164663 6413808 6194473 6602382 6017379 6503560 6388984 5954516 6526774 6367145 6163219 6000347 6394165 5997751 6421144 6232446 6215459 6121467 6185129 5905356 6303212 6275119 6066723 6197228 6766687 6207261 5975653 6479607 5712752 6398970 5597494 5838121 6599063 6021366 6483802 6355534 5979256 6368578 5937649 6339102 5805045 6715590 6519986 6453659 6015336 5959583 6149449 5918641 6171450 6653449 6123148 6125933 6710887 6377117 5772757 6335479 6032296 6420404 6437688 6380663 6184925 5994124 6409126 6350603 6477341 6382335 6188465 6310596 5974836 6021129 6059022 6345148 6249143 6173824 6046829 6446125 5923437 6574014 6339070 6553316 5775190 6128957 5938356 6062826 6577448 6060510 5885878 6274548 6713388 5933958 6250421 5840695 6183812 6613003 5891299 6771140 6954094 6379238 6758564 5805570 6261297 6564630 5863699 6326878 6669823 6192807 6133254 6267376 6570839 6044173 6054529 5719951 5997191 5778189 5795731 6398329 6334883 6177216 6288536 6156319 6249988 6287215 6219258 6515315 6359457 6507150 6585723 6015764 6325820 6678579 5952203 6571562 6258181 6269348 6210245 6394314 6331259 6167280 6253789 6333198 6003622 6122272 6074558 6219072 5820839 6425460 5993435 5654173 6506748 6348261 5909096 6013537 6292669 5779106 6192503 6240179 6029244 5822253 6143899 6572740 6614238 5874322 6399371 6819645 6701232 6649975 6333122 6648066 6258730 6501072 6151581 6086066 6243103 5590825 5759385 6713839 6360481 5852287 6374548 6154598 6120453 6405551 6065515 6215885 5611635 6272964 6372448 6350306 6221094 6197615 6606636 5887593 6400509 6065076 6417008 6123847 5975134 6252674 6112131 5726991 6383783 6378830 6127275 6311381 
6837522 6525351 6123974 6389440 6056745 6176051 5966176 6485244 6176488 6720583 6324259 5760039 6001307 5788698 6387795 6256375 6211173 6341784 5977902 6359416 7202677 6301987 6500312 6343315 6242162 6330498 6244462 6266184 6527765 6503547 6308500 5971167 6475799 6249615 6267296 6876252 6590818 6175142 6724610 6021894 6698479 6587436 6222987 6245685 6788284 6774438 6132669 6703098 6432917 6159773 6279460 6969274 6456732 6557079 6061619 6954867 6193488 6543877 6078392 6193921 5862927 6403725 6212380 6152774 6239600 6486215 5688390 6525109 6342259 6572166 6238480 6622738 6624748 6763292 6334327 6170843 6096713 6397458 6048873 7075616 6455112 6782441 6347609 6604488 5888264 6354544 6234493 6698306 6577398 6588281 6196116 6383600 6665943 6424144 6329062 6630994 6126837 6531953 6527157 6483251 6209017 6746747 6530598 6549360 6589492 6638419 6391187 6143731 6308040 6553206 6466168 6383630 6259074 6464023 6427312 6067249 6510136 6255256 6370688 6540914 6953155 6328208 6621527 6417749 6102895 6553290 5827668 5959231 6694395 6184010 6620732 6477522 6231214 6446155 6178326 6765169 6327930 6748192 6588449 6657720 6390844 6159361 6579398 6412646 6511925 6974299 6463706 6454276 6721945 6709358 6079822 6662382 6566856 6380741 6391398 6619383 6477124 6369070 6691176 6589263 6474905 6370130 6600989 6474117 6116442 6203881 6602537 6308539 6261438 6508640 6447202 6893731 6324866 6610632 6580359 6469161 5955964 6179478 6322260 6063717 6578287 6195006 6300549 6256159 6490879 6377343 6418021 5881343 6568094 6618822 6062070 6705291 6905522 6810902 6761960 6244522 6226265 6923622 6035222 6563717 6855760 6238764 6487639 6516172 6782557 6530479 6591314 6052925 5834746 5928027 5812247 6901514 6502926 6568472 6068209 6206195 6312447 6400219 6351128 6561876 6602082 6574781 6523052 6399682 6081319 6679614 5958838 6799824 6373770 6453215 6523461 6710888 6341165 6054589 6355924 6513428 6366778 6140353 6547820 6420699 6568358 6677510 6256860 5796840 6744381 6374423 6359248 6179372 6281593 5995300 6566800 6111899 6384677 6310397 6132269 6425913 6543669 6057824 6626742 6634988 6823097 6703245 6414547 6847884 6448859 6432526 6344475 6507648 6483967 5725427 5849330 7006617 6794586 6095087 6419329 6347220 6183590 6492988 6130413 6338556 5963431 6341404 6595171 6206991 6320505 6078570 6590168 6053518 6412433 6437037 6457336 6479277 6193713 6139212 6412691 6087436 6394068 6422303 6282570 6362733 
6733815 6218038 6978239 6850570 6271789 6687671 6239722 6792788 6754940 6834287 6717537 6076738 6632288 6095648 6387365 6650736 6471544 6701625 6219834 6486766 7039278 6706643 6739908 6473134 6355662 6497576 6381801 6745691 6568126 7053038 6452534 6475584 6820633 6508626 6367104 7189220 6843569 6543365 6958526 6466354 6945493 6882262 6538403 6507925 6990523 6966765 6595346 6846978 6915000 6569872 6406014 7408929 6503514 6545993 6338224 7128496 6579994 6978092 6343855 6588319 6197516 6831295 6626680 6661663 6604914 6813359 6219891 6324258 6872261 6498691 6473057 6534087 7053822 7114707 6436179 6601643 6573492 6657066 6212718 7438075 6956405 7023725 6664464 6768561 6418806 6837354 6663604 6978952 6541821 6816916 6641919 6486439 6588110 6431837 6777424 6593704 6293238 6744946 6581603 6885247 6371278 6912963 7193240 6747793 6942440 6943734 6782376 6595631 6692163 6450034 6747872 6418553 6612505 6257677 6667260 6366063 6460156 6659914 6682328 6797149 7149160 6712663 6492244 6866721 6437309 6794954 5944722 6364232 7129529 6386860 6912016 6462379 6413256 6858385 6368669 6908107 6748538 6873693 6942276 6623208 6489365 6330390 6620932 6637769 6541988 7342238 6621234 6706042 6832342 7159414 6331707 6949383 6543675 6685209 6667773 6873321 6726592 6609635 7134433 6835013 7055335 6609366 6422487 6723170 6482578 6577365 6771522 6670679 6735928 6632531 6496332 7118170 6490795 6895786 6678759 6537806 6071515 6475517 6568358 6440049 6719026 6256315 6465140 6361243 6997250 6575264 6565864 6577202 6760133 6835605 6267974 7101717 7250724 6994018 7003262 6300179 6720315 7071665 6354390 7210357 7172068 6261231 6733355 6807007 6990659 6498747 6484775 6155587 6329273 6141536 6235719 6726516 6777590 6644724 6465585 6466708 6440655 6532533 6844175 6902973 6676644 7012249 6729483 6317734 6579403 6962023 6370579 7041282 6267763 6807314 6844129 7097744 6829871 6426000 6439541 6863664 6318098 6460364 6420049 6638592 6509950 7060339 6501051 5991476 6878792 6752413 6535410 6693081 6753189 6249936 6653911 6396743 6762822 6304132 6666479 6765338 6573781 6489244 6844807 6670294 6783300 7037314 6834212 7241677 6725526 6708095 6470377 6473438 6517642 5870022 6429540 7505720 7148366 6183650 6672194 6686570 6624507 6745586 6393825 6776665 6138396 6632632 7157582 6568810 6436153 6295012 6972439 6095116 6922680 6512947 6636678 6664002 6469742 6183995 6699629 6305835 6722039 6682125 6369791 6473981 
6593953 6263318 6381040 6229959 6068731 6452086 6103293 6228359 6570950 6557861 6548715 5855835 6336146 5884271 6246888 6349332 6293954 6504929 6356751 6288309 6915395 6395363 6735012 6505048 6292283 6206270 6463271 6359161 6531752 6809614 6383638 6176952 6756836 6165153 6011397 6866638 6626773 6426325 6549819 6185021 6700774 6436152 6505173 6429903 6585572 6857782 6183190 6564829 6560380 6206177 6480944 6855391 6447386 6620104 6199475 6861804 6057465 6787424 5858853 6410227 6218852 6657620 6367458 6351350 6446091 6593836 6151063 6387405 6312964 6466675 6328313 6313409 6500051 6880584 6418822 6146882 6499090 6537881 6095618 7222772 6889118 7029133 6218945 6526259 6204035 6465275 6336182 6871468 6124889 6709779 6336052 6435800 6495581 6256572 6364308 6497557 6319001 6439522 6193143 6698277 6128339 6852427 6672576 6468028 6349632 6681188 6581905 6042215 6576026 6436870 6306418 6469405 5970561 6110102 6391280 6213094 6494475 6503508 6343887 6758412 6796647 6627338 6315103 6721635 6190001 6814297 5915571 6139407 6617621 6053439 6791006 6423524 6004487 6716383 6119230 6754555 6606281 6951344 6676044 6697844 6544833 6163661 6243311 6314755 6195170 6979191 6567087 6408498 6661934 6773426 6162610 7160441 6518739 6418032 6390597 6671155 6326090 6209072 6814816 6802237 6707933 6324294 6355630 6550403 6095179 6142887 6365505 6555700 6329967 6608552 6275650 6648087 6066610 6557070 6407215 6719049 5987594 6445859 6357470 6225979 6525248 6252700 6119732 6768915 6696682 6438797 6285417 5992656 6420519 6582403 6097756 6924705 7014829 6755061 6713502 6025728 6552108 6746137 6043464 6785998 6964642 6101293 6543272 6440032 6376690 6418036 6417376 5986680 6073436 6130003 5825673 6510503 6210570 6493038 5953951 6377079 6425271 6654667 6255595 6630654 6605608 6783577 6611110 6275682 6114060 6953898 6055717 6570483 6299465 6655459 6734589 6636408 6742310 6339948 6298921 6571233 6055178 6383599 6517207 6478011 6280828 6842519 6159648 5863570 6589598 6593070 6279798 6335103 6643314 5993948 6724291 6677416 6360612 6280203 6383819 6575420 6634923 6234906 6705451 6598047 6714974 6865469 6485052 6788584 6734636 6726745 6272898 6296396 6274701 5902337 6070120 6714779 6853525 6051370 6305642 6247786 6160743 6502659 6347913 6524628 6063174 6331288 6694183 6425871 6445974 6194648 6295498 6283566 6367865 6334749 6526234 6240424 6125029 6458228 6396852 5836169 6764846 6554496 6346944 6707247 
6644085 6499240 6555889 6602846 6245660 6461246 6150644 6515617 6869381 6651404 6599088 5883159 6553358 6066163 6068301 6582396 6268792 6295021 6410162 6602212 6829621 6585023 6628799 6519457 6393657 6443405 6198288 6365807 6775590 6939979 6516200 6250019 6404412 6090893 6437639 7102754 6889617 6542003 6787035 6375347 6805816 6790965 6307145 6496146 6858701 6794528 6325799 6846346 6800577 6306154 6492316 7033025 6526832 6556649 6225558 6803325 6306419 6598569 6159436 6485779 6075948 6433525 6372150 6402663 6432190 6699427 6063845 6600223 6802795 6513515 6401069 6488057 6866874 7144193 6177703 6402846 6433191 6545320 5980114 6985821 6781243 6484896 6669665 6866761 6325249 6632244 6409794 6793233 6330922 6825944 6451680 6250864 6762696 6333086 6518805 6331369 6333607 6738301 6564776 6590724 6282271 6723395 6939482 6445691 6524847 6552211 6702560 6308759 6609587 6504484 6685843 6490887 6354003 6376451 6211488 6621667 6341015 6436761 6623443 6762407 6776603 6516020 6217997 6622504 6157337 6691663 5901620 6280977 6980633 6041745 6753288 6274293 6285990 6514408 6328663 6827239 6391542 6827843 6880756 6568483 6774772 6163903 6417872 6476592 6266930 6783553 6455833 6422575 7011171 6719659 6058931 6927831 6767770 6677670 6676124 6766603 6613334 6348192 6841348 6831612 6578470 6444459 6388667 6586745 6166329 6448732 6464766 6410915 6372850 6669853 6423792 6910714 6361304 6707870 6524647 6574020 6002160 6425968 6310006 6262042 6752742 6365668 6258478 6327255 6700720 6466583 6394140 6071951 6512431 6609984 6136825 7008099 7273299 6835230 6845067 6198271 6451907 6806290 6226017 6737860 6919781 6245826 6278127 6618142 6996186 6380166 6410098 6027389 6375878 6248793 6109653 6919050 6508645 6859138 6274160 6551959 6516830 6593475 6612343 6699299 6671495 6938486 6745143 6226809 6356017 6905526 6309357 6727643 6299106 6668570 6683705 7007689 6474888 6602767 6431498 6689390 6361785 6455044 6487776 6630721 6080128 6832342 6491486 5807765 6955810 6552723 6384086 6424609 6761665 6127805 6635659 6438763 6656772 6179595 6689574 6737055 6558546 6356203 6607465 6595705 6902157 6805299 6669916 6873681 6757267 6756695 6398209 6712963 6443851 5751641 6168858 7099915 7003676 6206174 6578133 6680582 6332594 6703478 6563868 6625478 5940897 6306459 7035630 6785295 6485437 6254814 6699359 6264379 6730666 6409278 6946838 6578579 6295433 6341052 6576265 6152608 6590868 6807998 6258687 6378949 
6554737 5993376 6192665 6010629 5744017 6157868 5947143 6220161 6420758 6822961 6275891 5581271 6008104 5534372 6210251 6287339 6156700 6285423 5704074 6109735 6831048 6393998 6411141 6249105 5710898 6402530 6362255 6213262 6481290 6461749 6034873 5918814 6354485 6285982 5982480 6645144 6564562 6242432 6222361 6097563 6590767 6412331 6148231 6163606 6530160 6467281 5922605 6556155 6575260 5919568 6175107 6918837 6370027 6193567 6065268 6809990 6200436 6403122 6039648 6252173 5710102 6323903 6097813 6143100 6274071 6255349 5949138 6354277 6386305 6407369 5990857 6520366 6713419 6752592 6186391 6221210 6265435 6358506 5950250 6807754 6644044 6565473 6283282 6418519 5619442 6377703 6415616 6681726 6234033 6470449 5899303 5977785 6631748 6286543 6322518 6346640 6154676 6359938 6084856 6383348 5898906 6555720 6333368 6171360 6322262 6423987 6123904 6453209 6110716 5997563 6409132 6199101 6409218 6111956 6322368 6063156 6217679 6046974 6374541 6439530 6737873 6221296 6227683 6265570 6052258 6530957 5573740 5811715 6634859 6149520 6562439 6207338 5765379 6490919 6368414 6487759 6181318 6389706 6570317 6361354 6194149 5880828 6071223 5851615 6175032 6704321 6266167 6319242 6857237 6451447 6187501 6460371 6325208 6351608 6168878 6507227 6339965 6453997 6453870 6540746 6572123 6484446 6395108 6421401 5970039 6380160 6230239 6135695 6220410 5884178 6073909 6628355 6161399 6403634 6284168 6275024 5759160 6169080 6123846 6113764 6234262 6044981 6037535 6423237 6702516 6184873 6314769 5778950 6330580 6317198 5885171 6577633 7023465 6661876 6867657 6003283 6393500 6715357 6081610 6440396 6747024 5869735 6289351 6503501 6514996 6302645 6020775 5743133 5944395 5788100 5798216 6725934 6576821 6321292 6058845 6285959 6039635 6498552 6641769 6520828 6556989 6433255 6351005 6047280 5963100 6753173 5882569 6651959 6141133 6427285 6569059 6603214 6133063 5956500 6212922 6527872 6164174 6178948 6183177 6398995 6287915 6698053 6397519 5741184 6758392 6604623 6094128 6257679 6262366 6012846 6252104 6398372 6054978 6143795 5952920 6229530 6485044 6232185 6372246 6585236 6459948 6756573 6288345 6624008 6317540 6335832 6182836 6091074 6192092 5843059 5901280 6743322 6364235 6001458 6215279 6468491 6176517 6592043 6235961 6215330 5930157 6204692 6542548 6369757 6213467 5922990 6389409 6141672 6554635 5991931 6265842 6012588 5758429 6186446 6224955 5797078 6238908 6426144 6146675 6220031 
7027415 6590260 6499625 6645765 6060797 6543247 6490116 6815528 6444969 6724831 6392498 6123903 6359841 5728437 6526930 6313155 6342618 6890630 6431407 6546476 7037886 6447348 6733673 6309619 6254770 6422457 6715121 6818650 6443937 6746578 6247810 6236424 6648627 6382102 6395242 6908360 6887585 6840785 6763923 6276254 6735860 6822562 6407138 6784323 6630969 6849223 6570864 6698559 6806764 6306403 6449633 7168812 6652625 6585111 6637552 7040514 6383573 6749079 6387461 6615390 6173577 6515987 6341996 6366024 6300235 6521719 5892571 6476884 6677994 6635074 6679505 6413702 6856924 6875406 6414480 6030333 6598856 6820522 6366353 7110129 6932914 6934167 6519871 6577893 6280654 6693656 6666744 6992615 6560001 6983582 6378706 6742212 6852596 6145490 6671925 6446037 6464574 7007289 6285540 6737750 6380009 6858473 6997443 6341919 6694231 7004194 6834565 6208408 6608162 6179363 6667354 6423423 6434301 6377487 6749361 6025551 6746586 6424728 6583414 6728026 6934824 6649402 6441588 6819440 6292228 6811500 5678344 6217760 6712518 6163340 6903869 6380530 6225902 6772916 6220327 6945751 6279663 7155488 6953432 6826667 6541993 6225485 6430255 6839667 6669344 7181709 6511762 6603358 7146755 6776269 6285243 7067000 6658702 6577672 6622523 6778872 6578075 6278653 6758441 6794052 6977233 6600431 6308528 6605309 6313644 6463913 6649784 6846037 6511877 6519720 6098610 6593264 6202840 6905956 6726174 6744030 5895790 6261086 6300485 6508239 6899525 6308167 6160962 6555443 6764600 6708640 6578657 6208736 6680949 6819899 6200093 7040820 7195096 6783126 7157579 6571814 6730603 7061534 6341023 6905972 7066029 6304757 6717115 6387541 6817801 6620126 6624011 6022329 6249575 6479573 6324166 6602059 6788593 6541869 6185270 6505060 6591099 6590198 6609336 6601095 7060553 6793803 6564555 6429449 6582723 6980612 6219259 6679074 6352116 6659169 6901045 6771293 6585386 6235100 6548503 6628356 6312425 6552996 6513557 6482579 6522129 7032006 6569467 5942129 6816076 6594549 6373775 6502948 6634337 6216848 6617526 6691435 6553635 6381442 6452420 6740267 6688914 6351731 6671520 6668973 6886495 7055361 6672501 6798889 6867315 6884820 6603686 6376980 6444124 5943097 6263532 7336489 7162869 6171535 6301957 6560489 6269837 6878018 6576729 6685710 5864654 6354306 6737249 6697685 6355449 6397890 6701359 6314026 6516202 6359136 6746452 6390626 6320196 6310052 6535425 6020059 6569075 6856731 6309752 6407470 
6848383 6978260 6650671 6601010 6519206 6602862 6549550 6724819 6903404 6890533 6767934 6086281 6434552 5874271 6544356 6571579 6530536 6791901 6641881 6683028 7185987 6951115 7013575 6873168 6497699 6471005 6716813 6863997 6955858 6951007 6396927 6386392 6918496 6537770 6567029 7195287 7120931 6712128 6851542 6680308 6937448 6792227 6719779 6645028 7114993 7089474 6554224 6960535 6902804 6413203 6540945 7259298 7012363 6748813 6658679 7116009 6533620 6944946 6552490 6797025 6258966 7083243 6553294 6927465 6469862 6567956 6296123 6413714 6654670 6824348 6755040 6836505 7026079 7130319 6668203 6403494 6675047 6916058 6501747 7860241 6930705 6972534 6682875 6896452 6296859 6826750 6552171 7030672 6576973 6957774 6756013 6628695 7116735 6704421 6799846 6988930 6628284 6927737 6728504 6901992 6393719 7085398 6856032 6534501 6991183 7099438 6956161 6345804 6451997 6630437 6952387 6575375 6824827 6567525 6794777 6774935 6487870 6869157 6996883 6895545 7071179 6557386 6563490 6878151 6261111 6987575 6124035 6203963 7266599 6334823 7013993 6681898 6161494 6844510 6372634 6965781 6601251 7153166 6930822 6747102 6883919 6156635 6634679 6859191 6597592 7386811 6764347 6713170 7148088 7051220 6530183 6966847 6611814 6913247 6728009 6693963 6860119 6601672 6973180 6995207 6906628 6928644 6708856 6785913 6559385 6718065 6641952 6849531 6710695 6775921 6709967 7244264 6618917 7151708 6877036 6881722 6111056 6558675 6831450 6447819 7111064 6466260 6416630 6578949 7243264 6577324 6546878 6075236 6789435 6871883 6479323 7196007 7652679 7254698 6880612 6628299 6443173 6947548 6518460 6977786 7023812 6412046 6920057 6629442 6933945 6594006 6742735 6356366 6419891 6346087 6155028 6971250 6822285 6880747 6466536 6703393 6560891 6968321 6925158 7047261 7110028 6906287 6970722 6795076 6485324 7251157 6225494 6917767 6585836 6622192 6726142 7124495 6854006 6457301 6906109 6992397 6569062 6715180 6575247 6605898 6684028 7276596 6411531 6380574 6973458 6861786 6494899 6569227 6772480 6421777 6856811 6723535 6494041 6224920 6457739 6769379 6777152 6192672 6892323 7036833 6953978 7087750 6835779 7339953 6884161 7003717 6604807 6638262 6716278 6137401 6398533 7281032 7471743 6341588 6846039 6778908 6582087 7168435 6524644 7150953 6287923 6758270 7035501 6805823 6740188 6724540 6837208 6633233 6760584 6549960 6659904 6564831 6395083 6507224 6627170 6332991 6717851 6838146 6506487 6768817 
6774576 6473237 6464527 6657512 6148939 6430179 6168947 6576522 6593569 6781180 6602675 5554864 6414489 5741201 6393424 6392502 6319234 6636910 6356397 6601962 7061058 6376917 6808506 6532145 6297893 6248989 6329798 6792703 6729424 6655483 6408519 6218967 6708611 6475445 6340883 6896986 6771481 6043044 6855711 6365405 6705945 6603960 6408068 6333794 6752609 6580249 6263497 6685932 6980711 6598478 6289471 7128310 6863844 6641479 6457437 6975010 6417829 6492738 6270951 6453011 5937149 6600719 6358593 6466652 6776123 6704488 5875084 6318982 6606104 6723034 6396035 6565875 6667732 7011407 6357797 6357160 6325084 6668253 5991544 6886275 6995621 6852485 6660874 6427772 6211011 6723209 6603882 6667635 6664085 6713511 6117436 6255597 6726817 6269071 6590332 6852877 6408427 6905837 6298925 6695561 6365944 6973248 6670957 6590614 6646908 6744783 6734301 6330944 6681813 6279810 6654108 6492280 6544597 6295785 6381725 6290601 6367689 6633984 6622467 6683188 7011488 6482898 6452229 6529099 6023557 6449314 6068721 6197350 6971023 6361620 6843689 6218560 5952270 6595607 6418927 6661683 6717314 6979333 6857333 6456121 6529909 5850712 6426020 6524628 6617395 7163083 6618116 6509896 7021005 6945002 6370723 6832219 6453478 6447288 6489217 6851201 6548529 6523432 6852413 6732072 6539551 6561502 6432670 6629941 6219308 6381178 6654235 6456466 6705078 6672068 6631722 6892401 6304659 6719701 6483725 6538526 6188262 6461433 6347783 6161061 6838910 6153980 6314321 6538251 6836623 6545159 6214953 6000160 6412331 6769200 6081364 6779106 7300547 6674491 6922136 6293580 6472870 6897918 6236234 6771748 6826441 6390149 6334642 6419930 6596102 6503442 6437945 6219585 6031958 5977676 5931641 6654511 6554133 6741776 6605132 6314272 6194511 6546196 6768496 6672503 6782895 6607529 6415300 6464408 6424030 6882585 6320992 6718460 6293203 6501819 6543980 7022397 6583601 6220335 6149473 6806844 6288172 6350121 6383317 6440413 6524777 6934833 6239726 5856103 6907063 6623824 6411930 6255534 6449846 6180440 6619343 6468943 6334341 6157004 6249904 6462551 6556850 6098961 6826280 6942119 6842541 7062990 6332030 6905923 6749910 6342373 6690041 6437952 6442234 6126275 5989212 7183092 7107519 6275090 6571606 6553434 6500920 6504436 6409330 6440185 6018599 6634203 6668009 6487019 6457864 6475733 6676244 6085121 6573770 6443701 6473859 6380931 6234589 6550211 6404946 6078615 6270473 7100988 6360624 6421507 
6713405 6519357 6473271 6563054 6096701 6383863 5970413 6577413 6190140 6600338 6498338 5825761 6205903 5715088 6275706 6024278 6282033 6664486 6177306 6282460 6681772 6313224 6742288 6498132 6411273 6157121 6336486 6282264 6580318 6508711 6144878 6134030 6452112 6329156 6360093 6962842 6783866 6447061 6645739 6502394 6481640 6513305 6195771 6487719 6834006 6748767 6194641 6665708 6308058 6071329 6137527 7018365 6580524 6486326 6359069 6987997 6225382 6504420 6244375 6529384 5906908 6713972 6162651 6345993 6445910 6559421 5670796 6535225 6381968 6523408 6563001 6561661 6665075 6716248 6320845 6257131 6044003 6624185 5935341 7111307 6593776 6690472 6511442 6502652 5918408 6530573 6367000 6385148 6384048 6766145 6162696 6285824 6557887 6144211 6476668 6752286 6238167 6888549 6475550 6654408 6120366 6878177 6362773 6644963 6797563 6830587 6540889 6142707 6372346 6222833 6454856 6287541 6503660 6300990 6071603 6142795 6480299 6412721 6321112 6695766 6827778 6599869 6234135 6616247 6023887 6479336 5890648 5935303 6493949 6323202 6797414 6380505 6285512 6506246 6097861 6926222 6441637 6800157 6608554 6533200 6339026 6267792 6547531 6233566 6395367 6906864 6517997 6161400 6941601 6841663 6191133 6846495 6377151 6216527 6541915 6828703 6738171 6346532 6710639 6790054 6807928 6396888 6530176 6585207 6213469 6436530 6482854 6250983 6646655 6466350 6248222 6779610 6355490 6784756 6577983 6627148 5785472 6271068 6343410 5744159 6718435 6298184 6461338 6097777 6708692 6413537 6488117 6143015 6338414 6666583 6072796 6735009 7342180 6859459 6477444 6011629 6320349 6993522 6278741 6582158 6878838 6113473 6444720 6278342 6595531 6561454 6428394 5929112 5975991 6127865 5809001 6337746 6320816 6304511 5839122 6438874 6401716 6366312 6363116 6706738 6825403 6858157 6752336 6266198 6479661 6953832 5940068 6726752 6147035 6294013 6604155 6727164 6433948 6212645 6495749 6493735 6399389 6396620 6446962 6273469 6119529 6762910 6114806 5806139 6830261 6844917 6268870 6368227 6571460 6015213 6494834 6354424 6318159 6113257 6274333 6603375 6643265 6390884 6463576 6593206 6741967 6775170 6573257 6727291 6450798 6695322 6310518 6339621 6460791 5782812 5865010 6872790 6681619 5964889 6454266 6478699 6245213 6451897 6169865 6251543 5864233 6405597 6693735 6401524 6294288 6322824 6492531 6206714 6857835 6346620 6686630 6180202 6188603 6207602 6224746 5989305 6447741 6675314 6328884 6329101 
6815040 6296019 6352751 6606323 6225688 6598020 6110129 6653896 6553855 7049289 6573635 5929645 6332053 6046702 6567301 6538251 6490791 6670334 6204967 6758548 7176746 6421835 6700528 6655510 6392556 6322589 6707746 6712813 6759945 6921840 6541578 6373184 6518954 6454318 6622354 7078343 6694293 6489561 6605810 6346182 6775383 6424802 6642119 6519867 6847900 6792244 6463956 6667202 6865800 6541909 6354617 7066189 6859920 6404222 6582696 7038663 6513709 6700969 6316426 6645289 6022780 6886926 6396671 6446620 6242811 6798850 6101158 6630558 6731426 6466736 6537756 6616902 6909735 6960147 6582440 6414371 6321993 6769388 6344924 7168634 6966337 7100137 6831604 6489933 6198278 6689162 6510615 6857648 6449504 6944091 6327217 6291016 6769489 6262007 6686867 6769574 6396431 6658930 6463557 7036984 6138284 6653719 6734881 6454660 6788515 6867979 6916879 6296211 6476101 6290648 6786576 6373808 6637414 6423130 6612268 6156293 6541203 6515149 6678775 6457389 6883183 6545770 6522452 6545261 6251875 6899588 5771092 6179224 6805771 6277009 7003285 6494172 6153032 6651664 6556715 6899461 6446393 7048167 7079872 6981034 6919058 6274162 6462759 6657012 6446294 7036861 6444271 6613124 7019188 7166870 6134449 7085062 6531355 6444159 6548024 7089113 6693016 6708849 6961977 6854635 6677467 6565630 6373048 6387548 6317210 6479595 6490836 6404093 6701190 6794942 6408904 6908010 6552041 6755747 6745694 6783721 6138832 6430455 6637810 6202596 7031877 6268867 6204836 6503336 6942783 6801035 6362019 6119037 6494269 6569040 6232292 6954157 7133465 6672184 6948104 6490601 6592776 7037193 6284837 6787426 7005179 6223234 6627345 6620094 6893453 6755355 6699585 5915682 6277604 6344375 5978861 6771955 6612316 6628001 6281828 6403924 6457088 6572854 6728019 6733404 6798503 6811136 6858708 6458128 6377656 7072263 5783636 6814365 6217506 6460225 6613841 7284360 6552645 6035920 6497809 6777808 6499701 6266590 6183580 6522087 6508641 7060532 6565735 5878066 6916448 6777730 6307853 6389042 6787567 6196879 6635319 6512021 6418315 6487313 6137472 6598657 6613818 6069928 6931511 6622615 6602099 6863110 6788810 7037420 6833505 6577882 6550234 6812975 6566626 5881677 6062991 7101387 6792609 6281571 6574311 6605442 6275657 6742983 6362835 6542887 6082811 6602455 6783483 6841358 6496221 6338085 6780821 6143307 6312317 6559002 6446786 6488508 6396726 6437339 6498668 6289677 6689529 7027503 6427318 6555245 
6666346 6310913 6163685 6346487 5905417 6403651 6096260 6634777 6548443 6594432 6235404 5790129 6354839 5877758 6274453 6388843 6085511 6455951 6045122 6187027 6997191 6302959 6547603 6285517 6387671 6295337 6282513 6602894 6612430 6698307 6302996 6114994 6271974 6152293 6054916 7063403 6882125 6342031 6676655 6165582 6488824 6505121 6224219 6143739 6674790 6645939 6271022 6480616 6749386 6261175 6221783 6954060 6472838 6425235 5997406 6848965 6279045 6500223 6266944 6574709 6048231 6292801 6163866 6393857 6426072 6354089 6029729 6524006 6413982 6270730 6417624 6371982 6906284 6968944 6374436 6150063 6385030 6445793 6028993 7084769 6736919 6749585 6407881 6268514 6242291 6439239 6735099 6992671 6363703 6854614 6265594 6395937 6325247 6207818 6535471 6556822 6283003 6765108 6195631 6284270 6041062 6851077 6549418 6337141 6612941 6612602 6599606 6078792 6369228 6427443 6465835 6278411 6354758 6191545 6169900 6267249 6522830 6316579 6252170 6510692 6835970 6475943 6305591 6772527 6082214 6620466 5883424 5956704 6940766 6229705 6663281 6182327 6062261 6581774 6176595 6836163 6409760 6674418 6642253 6456212 6220570 6099864 6497174 6303575 6455884 6840468 6320474 6250640 6842119 6723421 6075669 7017028 6538387 6574518 6386076 6716946 6720996 6361871 6497867 6875086 6387598 6446218 6383526 6548908 6012469 6321309 6440620 6317332 6221518 6494621 6052846 6706688 6171310 6721383 6505028 6485223 5718239 6366829 6311582 6171491 6527651 6247398 6353124 6438088 6811745 6477351 6291387 6067772 6212561 6657497 5966316 6858820 7025102 6651434 6660833 6144015 6411770 6734939 6059572 6785534 6839276 6220776 6347165 6452417 6489197 6351547 6493696 6227153 6133182 6196186 5962878 6420791 6374778 6490335 6321925 6432429 6272699 6504367 6671503 6618794 6782792 6628805 6441344 6292062 6499753 6870697 6057426 6433834 5919464 6439051 6539854 6668988 6450455 6029494 6652222 6486615 6111088 5983136 6436971 6375198 6238702 6998158 6033913 5639527 6907865 6426476 6144191 6350583 6477457 5976312 6544119 6407499 6208824 6059877 6291342 6674233 6602318 6117901 6450564 6667005 6569829 6780989 6299237 6746371 6334563 6578079 6530312 6294536 6329629 5930867 6148919 6845643 7194464 5962245 6334507 6448172 6004306 6482568 6192568 6418660 5996390 6228490 6573631 6384656 6292270 6150954 6576577 6112026 6354964 6298425 6622048 6232751 6312965 6075694 6319528 5947854 6499124 6675430 6274666 6310249 
6853599 6186522 6339625 6205660 6058734 6273980 6004058 6542722 6515004 6693226 6283368 5788544 6078152 5776753 5979738 6237877 6023263 6374919 5972969 6197960 6760327 6089493 6411486 6381826 6101227 5930132 6152185 6289304 6449239 6780510 6312526 5868573 6505841 5836218 6168152 6742414 6480491 6219120 6559423 6183887 6441281 6276105 6284520 6295312 6735736 6462581 6097049 6376495 6743376 6111183 6321023 6793762 6688391 6343267 6047173 6517736 6095588 6698156 5858625 6199899 5845018 6181074 6334035 6227085 6427624 6587429 5940167 6290862 6590942 6415449 6158324 6277471 6670175 6830993 6202307 6225546 6334999 6449102 6128460 6877962 6831022 6687764 6326775 6428375 6258547 6475627 6261177 6600476 6114568 6591722 6224143 5976789 6479628 6137162 6393739 6357913 6138761 6636029 6136934 6521557 5967714 6657452 6838377 6142692 6186710 6488370 6414833 6610719 6274485 6142777 6427809 6319506 6312461 5939649 6448371 6384168 6307008 6420024 6182294 6514465 6733582 6415272 6423328 6511855 5940496 6641754 5903705 6047666 6630310 6293813 6799748 6184761 6072872 6426745 6152726 6322158 6547229 6668749 6565032 6590396 6355948 5869609 6094419 6374015 6428625 6713415 6275556 6379433 6863966 6595276 6161769 6550887 6305765 6555000 6513874 6584775 6473251 6440950 6737164 6677379 6356047 6515405 6190202 6292596 5964557 6207265 6292763 6494005 6135365 6573532 6346148 6545925 6092545 6599270 6849567 6234153 5783251 6401645 6330646 6278212 6649710 6083710 6056265 6152591 6596141 6277655 6434506 5751178 6478027 6367464 5719235 6493981 6845300 6297012 6634685 6067639 6217389 6781704 6156704 6785900 6680970 6318860 6378362 6203839 6574583 6447690 6292415 5787061 6200987 6036758 5739568 6574146 6308457 6616528 6214453 6120407 6361357 6493236 6198438 6520491 6688466 6725836 6609834 6018676 6222549 6743636 6181656 6334550 5965550 6337010 6476263 6691243 6416975 5840785 6293111 6603302 6201037 6242738 6195613 6130102 6434768 6541626 6041170 5512388 6703076 6523545 6226185 6450565 6186364 5890039 6203808 6401598 6284149 5831696 5955471 6496999 6370203 6233151 6688805 6679578 6645256 6718233 6343171 6698071 6460373 6336763 6326665 6219603 6330102 5892870 6017459 6896755 6988826 6189157 6606001 6511549 6108117 6532197 6019148 6266648 5942775 6304458 6501500 6354833 6186355 6090413 6662638 5923126 6418462 6459183 6544645 6323921 6002152 6405275 6383909 5950099 6376765 6854716 6184327 6335451 
6687497 6272161 6337827 6346224 6259119 6633292 6035357 6671232 6712177 6737897 6415304 5628612 6277717 5986044 6306824 6331358 6318200 6282848 6132731 6366998 7232342 6393240 6705307 6512664 6249610 6263378 6482937 6582380 6406633 6791102 6313502 6322050 6662746 6248496 6129968 7193841 6780005 6487527 6613874 6262699 6568086 6430669 6481303 6291822 6724474 7039485 6430720 6550589 6742479 6298051 6354138 7005030 6699434 6269144 6574693 7098205 6267216 6668249 5925012 6555387 6250746 6709747 6582396 6476673 6374863 6582027 6078921 6410308 6727925 6563338 6680222 6490159 6692428 6840182 6290898 6165831 6415693 6601638 6198379 7146485 6821240 6871063 6443585 6310181 6103334 6697230 6503963 6822764 6141704 6858529 6095490 6396310 6560331 6566805 6419058 6337608 6190942 6675389 6441104 6748172 6236398 6423733 6936801 6577632 6386511 6814558 6623340 6357786 6453148 6289517 6472718 6590528 6546097 6369784 6352932 6237731 6552961 6499419 6379886 6520628 6798426 6377949 6365584 6572472 6155675 6649957 5967783 6269937 6950336 5930480 6855504 6404359 6118149 6614739 6411938 6725318 6431253 6678977 6817439 6709752 6533571 6140643 6131130 6372582 6246078 6863382 6416595 6467500 6945594 6696238 6124129 6767687 6658406 6550171 6449451 6999210 6415294 6271961 6846421 6878476 6594467 6750598 6277668 6295275 6169881 6259935 6431796 6713297 6529629 6303723 6222045 6685477 6122990 6813508 6392287 6668424 5947862 6401124 6638059 6116140 6625537 6432211 6195942 6467195 7069576 6378631 6395418 5830570 6404541 6726263 6144596 6858114 7301699 6601279 6822496 6324115 6538213 6749478 6387155 6826123 6988283 6178627 6470233 6248827 6572460 6436748 6462066 6363315 6368143 6142256 5995903 6668820 6346877 6602772 6317688 6545788 6591973 6577428 6568713 6731553 6691345 6812080 6617911 6320754 6532637 7005376 5928969 6650682 6226304 6301045 6713290 6849692 6665910 6210421 6624070 6569739 6134846 6596273 6232291 6222267 6317276 6947896 6215670 5964075 6687462 6517839 6368374 6340318 6676117 6106057 6400122 6453600 6312188 6110433 6330072 6363925 6427136 5924447 6503220 6794998 6767058 6764737 6516047 6768613 6707018 6691328 6461069 6336470 6295776 5838683 5933883 7207934 6833421 6122550 6552978 6524587 6265626 6883165 6200163 6762924 5863704 6438879 6463105 6781496 6638961 6172932 6764831 6210303 6519639 6274153 6341621 6475966 6231079 6162794 6664894 5938610 6386234 6788551 6299075 6666561 
6299655 5859842 6101854 6060871 5786998 6176033 5870957 6289497 6333847 6561967 6325838 5626372 6017545 5580335 6191970 6242898 5828502 6173674 6148286 6141538 6531670 6266670 6323867 6153244 5786392 6059611 6147594 6265170 6399767 6442932 5872738 5922272 6388752 5916395 5791927 6788650 6401027 6036235 6346918 6215197 6468586 6448068 6108859 6240549 6400898 6530512 5976633 6644671 6425334 6040998 5974597 6721638 6217184 6011484 6179424 6755916 6143814 6473338 5979436 6029709 5865848 6245062 6035292 6124847 5866518 6310235 5917648 6219185 6087349 6260377 5849525 6077734 6390763 6497541 6316957 5922106 6203093 6266670 5720711 6616360 6505053 6544277 6221385 6075518 5898922 6323835 6242509 6534471 5946109 6357683 5716954 5831695 6384639 6004938 6163981 5938417 5932324 6466412 5688136 6650741 6120614 6506101 6314421 6201803 6212723 6543364 6026927 5909189 6277554 5822914 6365377 5884370 6243581 6122970 6250148 6073825 6041988 6319038 6350032 6334321 6544071 6216082 6076183 6417953 5857300 6255345 5234509 5711522 6529948 5725044 6466514 6165215 5992438 6351601 6049471 6145633 6123939 6384426 6477567 5961244 5960452 5850049 6046957 6021516 6146488 6588767 6447195 6035278 6549181 6506524 6068598 6720423 6166741 6111681 6412353 6689489 6349383 6054715 6564055 6336281 6468676 6155882 5838692 6282437 5951876 6250585 6189454 6256835 6446837 6182161 6132587 6416658 6102753 6411623 6221605 6299698 5807886 6070678 6057510 5925995 6580585 5694225 6084784 6066455 6476545 6167437 6079823 5631739 5949431 6139922 5955534 6664966 7132546 6266770 6488983 5915721 6150357 6283491 5674774 6436514 6573444 6113870 6409720 6070774 6197156 6485223 6055391 5702977 6015519 5799744 5842043 6328529 6365785 6328286 6088477 6035894 6119303 6331674 6524845 6126614 6490004 6452663 6432190 6082780 5942823 6581051 5854864 6585645 6122149 5988865 6521846 6567127 6130465 6022160 6002682 6227087 5872439 6243749 6093794 6061526 6060275 6482084 6218173 5637682 6476370 6386990 6052881 6109014 6276928 5804705 6359328 6463448 5823261 5955715 5985708 6106900 6289147 5791928 6491685 6266140 6414697 6694344 6035373 6861177 6154687 6868369 6034201 6102606 6374425 5582810 5777943 6632317 6735892 5804166 5993841 6343483 6189370 6311327 6151133 6275845 5741667 6202328 6573200 6386367 6131137 5917743 6434718 5928002 6187992 6049729 6326513 6314886 5907169 6166872 6309558 5701329 6143679 6478329 6138939 6432439 
6851610 6359982 6552316 6656395 6028394 6244292 5960746 6551841 6355857 6708519 6390998 5842510 6176710 5850191 6296523 6391703 5992309 6644195 6173913 6502352 6939307 6295813 6537210 6465034 6357470 6261825 6288656 6548771 6856159 6902736 6293770 6012009 6498701 6123643 6340845 7265705 6827010 6234726 6569741 6262958 6548806 6598483 6360286 6369084 6866134 6765781 6310944 6726348 6903776 6290109 6117226 7247789 6726017 6201091 6393184 6821143 6231035 6780667 6231443 6421323 5725807 6725648 6291333 6566343 6187546 6356490 5739791 6440231 6474615 6567761 6173797 6583127 6875706 6803662 6471261 6221762 6425603 6590501 6149824 7112539 6850152 6931557 6376732 6644884 6183621 6454928 6384756 6807984 6372859 6836298 6050769 6464347 6851678 6338194 6494545 6516642 6179066 6752573 6326993 6777255 5978060 6811036 6761050 6268803 6520190 6648158 6558674 6490024 6596893 6305351 6566005 6375768 6383876 6208195 6617899 6181224 6320672 6329018 6366000 6436346 6858698 6527334 6480136 6791344 6155082 6596124 5896988 6067534 6855173 6208136 6923280 6467383 5961322 6691914 6220853 6672132 6341243 6843527 6718981 6513212 6695370 6183988 6375951 6474286 6513367 6836489 6462751 6303406 6838236 6819166 5971546 6773470 6461028 6289526 6415101 6617249 6508653 6398403 6762343 6620692 6829956 6596408 6312202 6568695 6257366 6655892 6383939 6378682 6400171 6429982 6501363 6942216 6412117 6640373 6582957 6578229 6069092 6305305 6600167 6178630 6982335 6187450 6063810 6379437 6750735 6393395 6354075 6065257 6232935 6775938 6235844 6811782 7050738 6809830 6973722 6383596 6467172 6992079 6129920 6848480 6994625 6446344 6637376 6456975 6632628 6499202 6203919 6120282 6237950 6206222 5616093 6549444 6641016 6381681 6333384 6092275 6457462 6634080 6584900 6677322 6775063 6841886 6825719 6295595 6138259 6895616 6377702 6618943 6219140 6382939 6443290 6643816 6450844 6122540 6268857 6765863 6411414 6161747 6402835 6565396 6440556 6965407 6132638 5878490 6796503 6908847 6302155 6423020 6336332 6177689 6676317 6344395 6273387 6295621 6354595 6384839 6553433 6206107 6665015 6702548 6738642 6989231 6411584 6655190 6598234 6942874 6431204 6419942 6418388 5812729 6167383 7018538 7132175 6217977 6318479 6460697 6219468 6817461 6265468 6496668 5830953 6239393 6622526 6398000 6411091 6008553 6545887 6219270 6495148 6317040 6389053 6272074 6159208 6278448 6440556 5900181 6723526 6736640 6261487 5897903 
7394002 7256131 7092303 6920125 6722233 6959764 6656139 7217777 7044990 7428272 7006071 6393678 6687541 6363089 7142623 6798698 6862286 7144715 6965456 6909624 7697125 7092338 7332451 7024667 6830023 6674889 6871925 7104846 7339210 7407778 6660690 6870383 7505558 6850053 6652784 7474147 7373705 7066767 7197338 6949235 7374802 7382812 7077535 6914091 7418424 7561930 6934191 7100387 7352867 6942795 6844115 7687933 7321946 7012582 6844289 7448377 6837654 7317990 6632025 7107455 6725847 7331671 6930108 7247818 6956714 7067355 6319720 6923855 7172330 7353861 6960746 7138562 7427752 7526277 7114783 6945336 6968902 6919171 6832219 7876022 7414584 7852805 7116204 7248695 6639020 7178854 7101995 7706349 6858166 7642910 7001948 6754408 7371977 6909689 7242781 6993457 6716190 7569187 6958125 7405381 6643010 7397605 7286501 6967218 7332259 7494977 7379534 6814157 7147089 7022614 7194890 7030066 7126130 6973553 7089740 6931581 7173644 6898391 7076673 7233732 7917206 7006627 6958343 7447680 6743582 7241553 6418510 6448906 7686295 6657567 7453112 6846895 6940018 7496010 6928289 7381266 7108702 7497309 7582263 7458496 7252910 6499893 6900080 7041495 6631705 7704297 7072329 6855377 7648428 7500241 6987373 7254281 7169870 7204056 7261427 7329300 7129171 6889138 7320741 7273717 7580496 7194377 7031899 6969130 6568328 7052386 7012090 7064847 6942559 7200489 6811965 7425124 6681242 7518765 7410822 7056567 6575401 7047599 7127990 6934239 7426884 6809433 6773951 7088059 7476457 7152325 6915843 6800052 7230512 7470942 6766240 7395819 7714397 7604931 7552267 6781345 6989595 7723243 6904298 7437587 7645438 7107516 7261036 7056221 7447379 7267569 7032855 6981811 6928998 6760436 6521370 7399281 7069738 7122022 6654851 6918824 6911962 7117435 7308470 7446148 7513191 7428932 7390676 6941508 6944288 7783341 6515151 7482960 6772430 7187352 7288516 7260536 7181868 6710974 7441669 7426926 7017891 6900461 7018564 6954999 7113692 7502110 6888996 6320911 7627851 7143844 7004495 6924797 6932590 6713628 6871954 7031584 6781497 6603961 6893718 7219535 7225618 6581238 7362508 7411027 7390555 7634393 7186597 7551837 7400704 7391293 7189544 7121517 7067999 6545951 6567321 7465996 7529985 6735250 7126711 6968040 7127285 7468898 6926389 7227441 6368203 6911195 7616396 7246803 6997327 6862914 7164982 6663922 7304893 6906501 7216928 6736337 6642786 7088073 7303677 6657689 7241828 7420765 6947517 6633643 
6387544 6263023 6424428 6087050 6087250 6151831 5857187 6253401 6278590 6360974 6393152 5840245 6166853 5630812 6167065 5796769 6348354 6392549 5879555 6073404 6850443 6340748 6421833 6163298 6178177 6055216 6098813 6468541 6480146 6706659 5946287 6257052 6576596 6121462 6070393 6996785 6604050 6406112 6502067 6101188 6442140 6606329 6389448 6002551 6370729 6887982 6109855 6478503 6502206 5944019 6505960 6655544 6435657 6324017 6286508 6856488 6302901 6377558 5960354 6129558 5790389 6289394 6309567 6066896 6185127 6503234 5699504 6468326 6487140 6575564 6396069 6347402 6498817 6714960 6141133 6162117 6149912 6410133 6035688 6868413 6597422 6688648 6238253 6245651 5797557 6473396 6309976 6591984 6185589 6814937 6126258 5987324 6648493 6135948 6313730 6171865 6200350 6623408 6413123 6204458 5879832 6499914 6286344 6418473 6514133 6675779 6419722 5999505 6070743 6367067 6578548 6244029 6359029 6159720 6133516 6121323 6225357 6351810 6228113 6338945 6775378 6202981 6109226 6708998 5917286 6359438 5807138 5712303 6684065 5948099 6166011 6089141 5947157 6468318 5765619 6353991 5989850 6357134 6678433 6459944 6392584 6161327 6235483 6280092 6172064 6648449 6156516 6221541 6849713 6317293 6232646 6558969 6290431 6240587 6349386 6734030 6268603 6137259 6579379 6667436 6567744 6359100 6256076 6469233 5874409 6433613 5802861 6555687 6187885 6550768 5925434 6516245 5952005 6671711 6552936 6145618 5708660 6271389 6205996 6155968 6518379 5737096 6106033 6238708 6724345 6416772 6256254 5981411 6206926 6419985 6090705 7001558 6903539 6653181 6787942 6049867 6138895 6628313 6002305 6271138 6765848 6250335 6258345 6285989 6414614 6238552 6185260 5837472 6006925 5857618 5874865 6415081 6415606 6291306 5919591 6132085 6276628 6147075 6281872 6447345 6520613 6636206 6407661 6339524 6230702 6909716 5997940 6625579 6274767 6335843 6462988 6426858 6441148 6115759 6306668 6243941 6405351 6242876 6123759 6408746 6061559 6402430 5980458 5670258 6340249 6349413 5874913 5878537 6381097 5704265 6102145 6235588 6100211 5967094 6281801 6449201 6716367 6225583 6215918 6565014 6386068 6576517 6345643 6652226 6490457 6457117 6282783 6086246 6193583 5697931 5863974 6631671 6463702 6108204 6324464 6050042 6144333 6419057 6176001 6033816 5948838 6317764 6648165 6265505 6275172 6114587 6264646 5860485 6437382 6126473 6449178 6285698 6016049 6033737 6110488 5869642 6362327 6562344 6265949 6338959 
6391475 6163281 6166434 6167387 6149718 6402776 5994764 6210045 6486368 6324606 6151395 5695328 6048471 5413726 6290861 6166203 6276568 6228740 5895339 6215422 6833628 6245802 6358507 6094136 6093333 6351087 6126610 6336651 6203304 6743711 6050628 5905110 6548338 5997831 5938126 6717544 6499993 6212942 6556224 6035707 6314797 6265336 6294132 6151997 6490237 6468121 6149181 6215655 6399624 6256875 6171482 6627222 6371762 6194288 6047698 6796226 6284512 6434666 5984285 6232701 6176963 6425945 6040991 5893323 6177914 6355979 5753226 6388858 6304358 6515325 6277150 6333569 6580041 6729494 6075304 6038218 6126054 6424120 6124130 6718168 6715505 6584935 6253831 6271730 5789038 6363737 6173608 6676775 6104335 6487970 6066619 6028515 6409234 6153268 6367799 6380515 6112855 6668770 6269715 6388226 5847149 6495464 6546875 6243289 6280118 6358775 6256636 6154094 6320651 6155553 6123341 6186392 6310155 6453923 6298596 6092535 6300889 6129574 6149243 6619260 6981136 6016753 6272050 6400901 5791947 6307143 5614719 6071843 6822428 5885816 6412989 6186978 6016999 6557625 5977739 6531836 6333080 6710041 6566605 6429354 6354959 5632410 6105781 6299434 6299708 6758141 6341824 6043856 6706163 6479302 5897077 6652965 6316366 6268069 6202936 6779683 6132175 6043416 6608582 6605514 6489824 6205211 6146548 6253076 5961885 6131527 6307853 6452662 6110141 6371449 6010419 6632831 6055899 6503955 6467601 6266845 5770358 6165720 6315725 5869240 6414851 6109709 6029086 6180478 6641606 6194722 6107789 5926539 6395142 6204370 5928900 6766784 7131885 6360450 6424215 5985839 6030046 6433115 6037884 6750106 6883341 5963757 6245058 6196630 6388259 6339756 6092652 5774333 6141036 6045670 5582265 6332757 6168901 6398873 6215647 6232424 6373500 6395123 6230838 6368091 6104481 6579625 6371294 6226581 6077972 6622764 5938098 6590149 6100703 6268612 6499489 6508060 6122299 6131480 6172996 6379483 6278045 5976335 6152257 6140703 6038816 6599487 6222185 5628694 6302278 6227224 6073814 6168476 6406894 5841050 6287068 6274820 6371301 5957922 6064354 6666028 6330269 6180766 6054609 6732212 6646153 6607286 6284664 6847183 6240226 6606773 6238782 6196968 6198963 5547383 5946866 6687924 6637021 6021418 6276325 6281637 5977455 6533523 6247269 6097728 5781582 6326634 6449523 6490188 6369963 6080928 6493259 6083131 6220601 6344022 6445248 6242456 6017210 5920392 6381671 5935109 6291085 6243734 6084165 6483798 
6225520 5944985 6073030 6119266 5870969 6058437 5882427 6226921 6198979 6266226 6347387 5642681 6021819 5445719 6027798 6093028 6081575 6184350 5871080 6244479 6449131 6203347 6415709 6184516 5762471 6094515 6239950 6000631 6312504 6526390 5853295 5797781 5959366 5829362 5851299 6692861 6354343 6156923 6026856 6095853 6040852 6348250 6156381 6213032 6270600 6414923 5864113 6539165 6589268 6012132 6170214 6774578 6399402 6257930 6045794 6444681 6186067 6201689 5915682 5920189 5711721 6503736 5760430 6106687 6065106 6227448 5705401 6181934 5914593 6540281 6021222 6271629 6633568 6553692 5798173 5843385 6216338 6210907 5907061 6662686 6315600 6477174 6292669 6320015 5685711 6439334 6271159 6379392 5826758 6507658 5850514 5995273 6173532 6037008 6313582 6080029 6097986 6493855 6160173 6317881 5788310 6607367 6655276 6019531 6190873 6338831 6227724 6203983 6030084 5779048 6082276 6073326 6133309 6093840 6314035 6082426 6221940 6251766 6135745 6486601 6505029 6143337 6187161 6576106 5916392 6374971 5574932 5602393 6499454 5992033 6702969 6021777 5807046 6246429 6039439 6474092 5898722 6485968 6470802 6227451 6084737 5658812 5963116 5910163 5911163 6564317 6233113 5787196 6597176 6497997 5687218 6383535 6133505 6349844 6148749 6518953 6011096 6172772 6185965 6407606 6438195 6306582 6144941 6105713 5884477 6123043 5999094 6169527 6074307 6118136 6113324 6234729 5986718 6434767 6400556 6071800 5653971 6044425 6086205 5815983 6552697 5825691 5840389 6034531 6559101 6080866 6174458 5744656 5890563 6285340 5887076 6275893 7192200 6171864 6419100 6001317 6349928 6589525 5984572 6254410 6730747 5832458 6160135 6032584 6259816 6227856 5719188 5893918 5978180 6063584 5830778 6163425 6300954 6243337 5943058 5913302 6055911 6414047 6367538 6386607 6362141 6300331 6341501 6138122 5932074 6661354 5751677 6426526 5812923 5945404 6348643 6510876 6127922 5839091 6268794 6137098 6109771 6257892 5851629 6225218 6097835 6582237 6012287 5468001 6326978 6524275 5842532 6216138 6270927 5851841 5829392 6326055 5735282 5666044 5931867 6121121 6173597 5844634 6182926 6616386 6359539 6655578 6143548 6461870 6161525 6682581 6032816 6091797 6238038 5548348 6009164 6621217 6680368 5792390 6213835 6283772 6065457 6455480 6080573 6165403 5502392 6304480 6554582 6333645 6231172 5881224 6390543 6037499 6144421 6217612 6209278 6068651 5629892 6094578 6318622 5736486 6234207 6398165 5951140 6349650 
6625560 6138297 6356409 6410686 6154162 6186336 6131600 6358774 6444996 6591298 6407271 5499003 6169572 5775294 6226203 6308046 6089977 6588792 6099595 6390587 6818854 6409279 6574674 6398579 6057065 5964029 6096636 6467811 6543439 6428359 6140234 6080555 6665353 6210179 6360900 7032146 6718691 6125336 6466872 6100956 6275911 6321848 6154678 6426812 6817034 6826399 6195831 6615763 6552692 6428467 6167009 6852170 6288967 6145633 6341019 6700024 6129785 6369105 6063491 6030099 5626250 6336471 6170737 6139550 6395575 6527193 6046766 6192688 6218288 6438981 6462861 6504881 6426208 6702302 6189918 6180673 6392562 6457018 5949240 7242084 6629225 6535026 6330464 6557157 5969081 6628505 6396324 6608296 6113952 6678094 5959130 6509706 6326127 6184286 6353303 6372611 6596940 6698698 6125576 6523679 5938496 6784689 6495030 6448745 6194103 6473306 6367804 6166310 6318111 6320639 6324884 6056846 6271583 6161275 6326443 6084099 6384301 6353697 6266711 6645947 6775631 6255473 6052943 6471278 6013714 6583149 5583893 5734975 6783929 5839886 6762911 6371024 6149163 6407453 6077620 6800847 6276440 6428190 6512476 6668793 6269501 5986694 6197529 6093019 6244753 6767475 6540826 6186973 6729488 6628221 6096527 6655830 6397514 6207814 6332974 6670160 6412548 6288123 6647112 6530363 6817875 6137568 6361241 6522866 6120678 6438597 6399333 6275607 6214320 6359464 6115198 6619209 6402928 6685153 6311645 6675369 6123039 6380348 6516264 5943965 6953416 6126873 5740065 6083703 6648828 6402572 6336483 5899758 6266433 6179124 5985863 6677802 7185863 6686398 6431510 5915732 6440467 6763893 6268340 6540095 7052802 5909933 6379744 6295238 6384239 6423895 6240386 5820450 6140855 5989485 5797153 6565064 6375111 6570010 5961019 6529949 6207196 6340518 6469410 6605067 6556815 6665983 6564989 6040188 5927100 6657716 6080759 6659954 6071168 6308327 6440533 6604849 6333216 5980733 6294306 6269875 6112354 6149536 6293321 6331325 6115095 6770506 5925746 5876713 6491221 6552158 6246389 6303467 6500941 5885720 6578961 6188825 5990093 6119227 6296976 6379016 6436047 5909306 6686773 6520613 6253738 6757818 6555881 6811999 6463110 6783480 6280966 6255910 6326395 5615273 6003217 7096967 6928298 5850675 6240754 6525146 6237637 6661630 6192466 6460893 5853139 6343600 6702098 6484562 6318822 6140153 6488766 6156222 6324048 6192723 6589173 6407889 6163316 6157193 6263867 5931051 6355382 6574710 6185546 6430317 
6794057 6403764 6402588 6313033 6199483 6251171 6421903 6660746 6266557 6751309 6468284 5705902 6448532 5645194 6258934 6610485 6241239 6755291 6068583 6574937 6820646 6365241 6521099 6219872 6235758 6390182 6603540 6448031 6671942 6691492 6129090 6000267 6764196 6467174 6272691 6689980 6811881 6480286 6527567 6243480 6650792 6778933 6551827 6249603 6910347 6551215 6218680 6779210 6846918 6259218 6295304 6955681 6691418 6571279 6310281 6961666 6346359 6743461 6194337 6359802 6150254 6369323 6317819 6413828 6364009 6438726 5845947 6497363 6569841 6742660 6530972 6625462 6805836 6990252 6448334 6552734 6194001 6706047 6190348 7216658 6999589 6711297 6740028 6646602 6095758 6352361 6542149 6748001 6204847 6835266 6351205 6500404 6527804 6375034 6517308 6488125 6373137 6708797 6274471 6752866 6040601 6576842 7030662 6589346 6782759 6503662 6451310 6254190 6542783 6336588 6734490 6272955 6470932 6348989 6550175 6271093 6448227 6281875 6487294 6555536 6912472 6471987 6572433 6416522 6039214 6586897 5822789 6162054 6735613 6268836 7123229 6306787 6077964 6881591 6115490 6637988 6572355 6715381 6789255 6738451 6397449 6036312 6498897 6220506 6398958 6817703 6381100 6408340 7092374 6716464 6426836 6806059 6548486 6711701 6317300 6839311 6421165 6471174 6707366 6843352 6710700 6352678 6703022 6679559 6317448 6425465 6678075 6509190 6736311 6620680 6354205 6888585 6154164 6879859 6547854 6599193 6003967 6310664 6331288 6227707 6832311 6362425 6262204 6507512 6929423 6279255 6411936 6233898 6469168 6535291 6283678 6791915 7244822 6555642 6751616 6297674 6671247 7044884 6049285 6801200 6968642 5985667 6460779 6648502 6581792 6616560 6533414 5904083 6135646 6155175 5940901 6530406 6422520 6675067 6312685 6214682 6371313 6395896 6707439 6805257 6820540 6726649 6650122 6288096 6305435 6926394 6105837 6709306 6384110 6341914 6629856 6767359 6415595 6164430 6507836 6772981 6314301 6397802 6281244 6381049 6344840 6949348 6489788 5980982 6811298 6695657 6439147 6186688 6690666 6051633 6424253 6241821 6399285 6393798 6437142 6621001 6633945 6327897 6648883 6614831 6904597 6969765 6682793 6707975 6788967 6647513 6388254 6587988 6662567 5908925 6150452 6930161 6898000 6055558 6404643 6603517 6045552 6661350 6173121 6320181 6390912 6559382 6838506 6704213 6463607 6012275 6575933 6300118 6642251 6385767 6596547 6286397 6176356 6264924 6399130 5891795 6187053 6765252 6338032 6417749 
6881383 6636538 6642976 6639698 6310277 6412591 6331882 6898535 6810962 7001414 6682079 5950238 6854974 5975469 6654578 6565239 6341242 6773477 6295443 6727547 7262797 6683788 6956350 6577699 6567312 6208038 6595329 6771461 6854193 7171650 6584978 6479831 6687976 6334600 6414274 7014832 6988450 6764870 7020948 6491399 6967425 6944963 6585844 6641100 7038510 6798194 6611975 6808343 6955564 6498014 6497975 7237416 6936008 6612298 6740893 6979678 6571973 6986805 6557302 6528358 6369891 6688138 6697932 6678803 6440394 6576976 6304008 6252632 6759848 6704618 6330317 6864032 6968955 7367669 6766420 6589537 6421192 6743740 6452516 7460515 6863244 7070170 6708109 6834595 6289671 6762684 6688801 6852272 6640653 7200600 6466880 6481699 6858573 6726448 6711375 6583482 6602442 7128209 6396375 7007044 6240591 6726536 7166344 6456796 6784981 6737112 6866561 6305167 6580929 6621961 6941318 6419135 6750899 6572329 6721343 6361424 6507761 6798531 6749238 6928477 7344169 6600071 6400617 6886959 6232831 6726558 5963053 6110503 7046947 6336886 7106821 6335239 6320484 6745910 6270356 6806915 6737933 7057131 7025241 6955065 6649556 6352876 6471497 6388329 6738616 7232474 6541524 6586312 7241565 7036803 6436655 7121173 6811802 6858265 6864202 6936224 6914964 6676689 6924371 6922784 6999041 6734017 6597629 6679406 6482089 6624948 6827239 6765459 6692095 6608109 6384817 7174689 6402798 7152883 6882928 6830372 6208973 6631878 6846749 6253221 7053355 6472445 6424052 6543766 7202452 6824722 6502796 6196866 6726846 6981274 6127195 7499850 7451320 7071564 6896573 6292895 6874993 7000412 6409641 6911934 7050454 6300299 6547241 6560778 6787934 6415909 6642752 6081719 6374931 6379522 6149873 7043568 6886838 6742282 6343148 6622028 6460016 6931317 6867194 6964293 6971484 6566678 6818663 6514491 6644512 7271186 6172135 6902550 6462970 6838927 6816291 7004598 6683553 6487685 6743474 6824754 6394587 6558976 6517018 6679550 6777563 7134450 6396642 6146471 6832033 6684297 6733494 6618596 6859273 6390875 6649085 6473848 6527145 6318990 6519348 6807390 6802807 6095444 6927798 6896214 6938262 7018174 6766909 7133066 6783564 7019394 6839972 6648608 6696975 6154097 6436512 7500940 7143444 6268065 6852770 6831144 6456929 7036445 6461433 6907116 6292644 6718557 6935567 6830926 6632627 6417643 6726060 6508404 6748366 6639876 6845248 6551674 6335675 6673686 6856772 6243648 6621874 6961017 6564419 6506098 
6709493 6702123 6493835 6487941 6037320 6605298 6155682 6723386 6767162 6837281 6298084 5837411 6595212 6025332 6162465 6462035 6194849 6696978 6333150 6653886 7062041 6543826 6654968 6559438 6334627 6135285 6631845 6357180 6675935 6869175 6402353 6462969 6493828 6129029 6418714 7136361 6692639 6580688 6669779 6310468 6690667 6702340 6373492 6397886 6648206 6799222 6512925 6467818 6838749 6403357 6273444 6943394 6560901 6795317 6151245 6946606 6424357 6695776 6194474 6474231 6068036 6502163 6395266 6312741 6341239 6709468 6184768 6514813 6584130 6511855 6447662 6528765 6887853 6825634 6292779 6277854 6529506 6734897 6247165 7146456 6707898 7122195 6595945 6656951 6175115 6844551 6797054 6889175 6562821 7074511 6552299 6119853 6739268 6218045 6604257 6755509 6355262 6831696 6274594 6376596 6199179 6780947 6832928 6494732 6759507 6775147 6725763 6187563 6451043 6305772 6571534 6513694 6642209 6451173 6366526 6498054 6574813 6463436 6557463 6524349 7042851 6504914 6426992 6961968 6376821 6846635 5864461 6177579 6999344 6498573 6545673 6377125 6450551 6747708 6282260 6744658 6210694 6828309 6948118 6605198 6804336 5877444 6379991 6391404 6515362 7216160 6525864 6546470 6896352 6658203 6670745 6858785 6539323 6569035 6827422 6885083 6486473 6396469 6661276 6851165 6655708 6542629 6427150 6619064 6300959 6582528 6548422 6411639 6371879 6533573 6500947 6832185 6461026 6911166 6723721 6511674 5831467 6452580 6399358 6373601 6863393 6045422 6314201 6302629 6883445 6726901 6274505 6094161 6567348 6788872 6135394 7060872 7318360 6974040 6897310 6340851 6652133 7066363 6373819 6900625 6959975 6279694 6482891 6502751 6596648 6486276 6437230 5946030 6280604 6317952 5885103 6802939 6766909 6789151 6540536 6465009 6316691 6808685 6834429 6599867 6675585 6633607 6923345 6463317 6425116 7103941 6193009 6818470 6340754 6620231 6760128 6841805 6728677 6322415 6586049 6864526 6401449 6320057 6500350 6622365 6254936 6839297 6461169 5851570 6864728 6519449 6423935 6544860 6591859 6180281 6353227 6534429 6446147 6089171 6502409 6935914 6830590 6220717 6780735 7007986 6968309 6808452 6359465 6960388 6789277 6845262 6604663 6535922 6534739 5952498 6119061 7389170 7056787 6033084 6352971 6617362 6353783 6638673 6284185 6622863 5849111 6590922 6724271 6550048 6670040 6419070 6631686 6235346 6858428 6241027 6562741 6387202 6258796 6470923 6662140 6168585 6586909 6970663 6367990 6496576 
6251815 5785295 5929225 5896238 5681165 6000541 5655964 6144102 6202099 6304909 5820839 5523263 5812785 5420167 5771073 5996059 5789810 6006723 5622378 5860516 6654493 5958770 6133247 5919466 5963300 5722019 5930537 5958326 6366844 6234126 6136628 5761221 6209893 5806941 5735030 6442260 6356457 5918863 6155961 5808862 6146259 6009242 6081043 5856327 6395429 6202151 5868998 6129934 6449131 5692240 5737871 6544921 6248156 6044425 5785930 6163422 5866466 6131047 6060333 5997041 5626533 5755222 6104031 5856311 6023754 6196305 5683611 5776277 6042264 6026176 6283439 6066662 6173998 6503382 6046871 5854091 5875097 5977642 5784427 6248620 6477511 6290706 6012884 6093068 5673381 6046252 6101224 6250020 5762449 6196012 5736791 5873230 6180558 5909209 6186137 6053734 5822317 6124407 6017804 6218095 5833707 6014726 6314249 5949612 6263913 6200666 6096068 5662517 5952454 5900003 6464166 5602097 5952575 5791583 5928469 5981853 6049851 6145984 6002177 6101439 6244935 5967906 5870208 6051541 5672816 6085108 5395492 5521712 6208493 5606941 6440741 5732396 5642601 6194584 5836204 6239872 5873644 6481738 6573129 6157410 5947853 5594305 5901748 5848851 6093805 6397721 5921655 5840892 6590089 6372662 5720885 6150880 6024820 6263175 6290752 6179863 6271730 5946670 6093120 5929508 6347899 6022386 6126788 5851812 5789710 5859099 5736086 5937667 5948327 5994373 5608820 6288249 6006454 6385038 6219754 5955095 5481451 6140072 5946964 5670544 6332566 5848054 5848164 5844922 6526603 6170311 5964840 5593388 6091214 6059077 5697067 6349965 6689993 6219152 6224020 5998422 5874074 6259328 5828894 5922000 6357713 5697394 6001040 5934583 6106443 6105375 5887359 5646174 5611740 5891155 5430925 6241020 6150476 6132870 5952488 5818379 5826850 6224628 6084891 6071801 6264543 6229204 6191393 5963348 5951225 6328080 5333243 6374827 5637560 6199029 6026113 6426507 6084963 5802208 6322738 6138024 5718505 5924726 5933612 5932285 5961576 6386132 5867908 5432581 6368167 6037872 6036067 5868546 6148529 5638190 6097308 5750523 5887014 5710444 5946511 6228183 6138743 5614635 6276614 6377636 6405760 6057724 6072792 6366509 6099893 6025750 6159195 5951922 6052093 5561322 5473313 6442662 6302931 5585597 5893930 6092090 5864005 6106798 5965618 6174739 5360219 6052013 6433391 6146849 5870624 5782107 5984327 5700932 5897535 5643427 6073786 5769711 5749961 6117477 6042892 5628185 5773181 6286471 5778836 5928740 
6457696 6124549 6418191 6470672 5912048 6225055 5825142 6394646 6591115 6267325 6335402 5736473 6535452 5507220 5985650 6078683 6061815 6427054 5858463 6088132 6797907 6201679 6517829 6416082 5974506 5987429 6234252 6191186 6523413 6512523 6238142 6092050 6635642 6241659 5947239 6858679 6497263 6444370 6704599 6173631 6274794 6312384 6242072 6380007 6479104 6488688 6165759 6348669 6495676 6257316 6102701 6964776 6302829 6356068 6140884 6985939 6133220 6547652 6014164 6228154 5830847 6523498 6372016 6141091 6118567 6402083 6036793 6309337 6241280 6223802 6260210 6381003 6757916 6766216 6355721 6020234 6245296 6392547 6245865 6985546 6568224 6809957 6397594 6290513 6182284 6518299 6256292 6665325 6259527 6627333 5961193 6225482 6475943 6232134 6173347 6329011 6096190 6723975 6137662 6267457 6013920 6478989 6679595 6310171 6415397 6544936 6276546 6117326 6113260 6145366 6313954 6269684 6310920 6137414 6325889 6068740 6435529 6150644 6255280 6541002 6490815 6659180 6138371 6547266 6070608 6431586 5701153 5616349 6574166 5896521 6517711 6318130 6187925 6429413 6208702 6584451 6495004 6498499 6648503 6339938 6289196 5775849 6076725 6081712 6199660 6689304 6165586 6040648 6564820 6528176 6094418 6788935 6405786 6517778 6414860 6450023 6566523 6419472 6710243 6460990 6662973 6166262 6385648 6294050 6296246 6233866 6512087 6244003 6228749 6135168 6332089 6370492 6110708 6731237 6386073 6465485 5683256 6356535 6088506 5931458 6511334 6074449 5994972 6134966 6466567 6362975 6199068 5786985 6409853 6560653 6025127 6749806 6992866 6848142 6352819 6103902 6465125 6692905 6091223 6475395 6659310 6065834 6138622 6369812 6400429 6262224 6289660 6086456 6197016 6128233 5728403 6285790 6488275 6419007 6008571 6354444 5979941 6633026 6482289 6490726 6431535 6213115 6827052 6126308 6126910 6793271 5908873 6478558 6012948 6316111 6736558 6838824 6399657 6204434 6361130 6330175 6062098 6237504 6396535 6321997 6194971 6614288 6003818 5706215 6617377 6391987 6146274 6305915 6364580 6013013 6377092 6413767 6079132 6089489 6194183 6446248 6498778 6129714 6536300 6593978 6251041 6861066 6219181 6830669 6408888 6565009 6367807 6237580 6210558 5728100 6070823 6847664 6857412 5842269 6261140 6401060 6182497 6817849 6016838 6503134 5819182 6298378 6638815 6405557 6319357 5941599 6385448 5909771 6366312 6093334 6324995 6276968 5781432 6163538 6603029 6008001 6353698 6652897 6124075 6403263 
6512652 6362409 6138004 6347447 5909736 6109862 6057324 6364130 6129979 6542994 6062844 5707839 6077294 5868670 5908754 6076032 5966583 6529620 6022216 6263120 6805849 6057826 6445116 6273148 5907061 6093212 5835040 6146663 6335974 6507434 6034225 5986440 6220840 5804915 6201362 6727983 6390994 6020194 6420569 6005317 6182400 6492899 6018978 6107562 6754904 6427881 6183022 6459219 6416601 5948394 6024689 6884794 6192511 6204520 6080675 6587901 6169319 6187645 5857133 6227460 5530660 6314071 6202336 6143574 6309029 6677161 5788046 6031731 6114962 6130037 6115368 6168569 6400041 6706629 6359410 5872193 6202410 6401546 5929436 6800961 6393313 6544103 6295400 6513668 5701666 6231469 6199756 6719988 6021652 6443426 5964384 6049527 6339529 6177802 6246915 6316936 6103754 6818122 5872506 6294368 5803663 6471571 6414715 6158513 6470286 6363085 6186553 5940899 6237212 6059541 6108548 6059222 5961213 6298052 6099307 6048621 6220681 6509029 6096228 6400857 6902259 6239402 5940291 6473101 6015075 6362785 5859233 5760117 6749894 5997285 6875634 6150376 5842146 6346492 6164065 6778622 6180647 6496954 6405813 6715775 6150522 5978262 6198151 5988832 6308634 6712825 6226584 6213232 6747618 6363634 6049661 6518672 6283864 6248007 6335013 6563462 6434380 6455745 6434445 6323616 6329163 6328769 6070277 6277607 6180095 6370324 6427986 6328524 6180946 6106409 6256342 6637536 5845451 6487601 6380872 6384953 5714524 5969029 6306796 5826668 6463868 5989671 6012770 6091331 6696477 6188618 6479512 5828493 6075196 6324361 5751422 6660641 6864074 6533842 6346571 6246045 6351969 6622694 5942332 6401955 6699432 6129626 6233852 6313181 6323394 6124281 6177306 5780437 5999438 5815915 5533588 6258679 6369439 6313874 6144708 6135664 6177774 6277269 6342400 6212915 6629085 6377485 6323475 5864453 6242385 6471580 5913165 6700959 6240062 6040367 6329450 6587914 6168404 6045956 6412862 6421845 5910562 6173057 6229599 6153095 6145695 6491412 6000212 5616395 6768205 6297454 6133815 6268377 6480338 5859099 6338064 6049039 5876386 5944288 6179103 6215275 6344272 6003913 6713117 6519839 6501957 6667291 6285093 6627822 6203392 6319623 6307183 5930977 6117468 5842662 6101747 6963581 6557553 5805448 6574789 6657043 5942497 6200640 5968781 6099008 5685704 5992869 6507757 6345804 5953878 6056807 6352736 6059754 6220966 5839010 6247774 5987347 6019084 6020068 6048373 5987417 6233268 6530964 6131610 6088979 
6419731 5926508 6198293 5944042 5679828 5988608 5580293 6140983 6266282 6253052 5990193 5624316 6038645 5244365 5833526 6019630 5835676 6020246 5700542 5820901 6313871 5890620 6198814 5807431 5703296 5618461 6188689 5980841 6037345 6208552 5770461 5660959 6186662 6118860 5733606 6393599 6408509 5943741 6338452 5641923 6015929 6217446 5885979 5945711 6230207 6064703 5659660 6347460 6175265 5884887 6084986 6356191 6206464 6134316 5824309 6379459 5891958 6268566 5715805 5752297 5672181 6143118 6148031 5802424 6070256 6001010 5599139 5965541 5929272 6091618 6151492 6103428 6312580 6382357 5947922 5860228 5778354 6299945 5618023 6799187 6123870 6349665 6028594 5944083 5671886 6251075 6226809 6415121 5824165 6450916 5577458 5924660 6130750 5971413 6018276 5970666 5844799 6166425 5904605 6105513 5766696 6093049 6314863 5988142 5926742 6129488 6298956 5983823 5771993 6050647 6281047 6061081 6058614 5919789 5958746 5852428 6104459 5896697 6009638 5961081 6528520 6092228 5970533 6366818 5805803 6274756 5460879 5436226 6293542 5776736 6090562 5817670 5704978 5928459 5576944 6305338 5884071 5989204 6264449 6035853 6053457 5529746 6031817 5815130 5852256 6367950 5957505 5643811 6492141 6229351 6113677 6273497 5961229 5939127 6078097 6519343 6350153 6120640 6558969 6421575 6381659 6004751 6195752 5873909 5741392 5930964 6079615 6069948 5933685 5911659 5725409 6295676 5754029 6466199 6071643 6281084 5461670 5918912 5789886 5631415 6213006 5670374 5882493 5839805 6512015 6125853 6040113 5726722 6048933 6261268 5862976 6283820 6659717 6203851 6493078 5975832 6093440 6347736 5877660 6180943 6442421 5681522 5970765 5847044 6193386 5948423 5958976 5625219 5625368 5548127 5697709 6257315 6068428 6043462 5793040 5764612 5945795 6135562 6319471 6171065 6067375 6441933 6173789 5835149 6007453 6475649 5830286 6375048 5797639 5963993 6267026 6256449 6039229 5884668 6141851 5952567 5916612 5772975 5789673 5980726 6138266 6380198 5823212 5325543 6203933 6073383 5991559 5869804 6247930 5467719 6188525 5907609 5838286 5651041 5777673 6298436 6158736 5625223 6198862 6096284 6244495 6523549 6225460 6562114 6221823 6153610 5894159 6095829 6083891 5224235 5896972 6680670 6395791 5717379 6062885 5999324 5816977 6231043 5953616 5980820 5503124 6098398 6124093 6162103 6289858 5982330 6209461 5782141 6076854 5799017 5923942 5838625 5629809 5906786 6055053 5808691 6040429 6377892 5678212 6161622 
6550815 6094320 6407955 6350305 6093916 6402658 5896792 6387849 6263555 6593735 6170861 5643131 6451783 5715462 6110578 6146001 6256306 6333375 5786897 6482986 7038016 6616265 6583321 6510630 6105754 6172260 6529751 5986587 6896783 6520411 6037255 5983982 6225705 5870315 6206138 7047997 6834359 6385391 6544897 6170731 6674576 6612635 5933628 6193030 6792421 6606566 6207695 6294455 6647796 5902672 6053400 6851532 6575608 6342633 6236421 6932551 6385123 6626558 6123277 6612780 6141263 6648526 6243951 6186363 6377251 6392103 5800635 6179175 6298326 6451050 6419347 6436441 6852201 6971251 6333296 6374821 5982709 6824983 5945998 6940251 6586362 6729728 6373012 6606577 6076322 6690115 6307502 6614890 6217149 6591286 6235248 6239265 6649806 6475725 6443996 6239642 6172995 6633031 6390412 6452933 5837694 6881697 6791545 6325889 6313734 6509441 6319236 6005977 6107740 6467838 6716474 6060819 6542108 6252049 6231858 6111417 6383250 6332670 6403268 6566680 6679074 6524785 6441892 6695631 6028023 6654228 5746424 5872718 6581424 6107198 6821047 6379867 6379138 6364902 6206556 6939599 6344364 6678615 6764736 6452254 6257212 6034147 6407759 6296331 6440168 6628677 6238131 6238767 6945580 6601686 6210405 6797973 6170164 6494531 6452128 6520679 6358716 6162711 6540654 6584373 6842485 6471449 6239849 6055440 6363898 6522514 6396966 6284425 6371033 6382593 6272247 6693328 6153106 6759598 6501856 6694728 5709754 6192231 6394743 5805803 6646082 6267859 6089762 6010676 6581054 6385941 6415300 5839851 6501433 6558475 6163885 6801546 7266245 6725719 6802032 6263178 6588671 6850463 6122308 6210752 6709975 6346565 6528533 6348239 6906369 6720265 6276357 6017432 6366488 6315377 5734843 6706899 6370916 6437947 6187021 6510699 6196020 6664576 6437572 6481810 6725460 6284983 6585689 6308906 6378814 6677831 6025391 6450102 6197018 6503892 6491025 6559055 6199547 6160355 6717301 6320086 6116023 6273752 6180986 6328755 6306996 6733101 6257522 6038001 6781790 6469851 6148295 6298556 6540573 6053267 6308639 6544736 6193798 5996316 6266903 6407762 6738433 6023406 6681354 6923697 6721074 6938335 6464941 6681046 6364441 6511560 6315523 6328759 6402693 6017376 6121385 7070449 6906162 6048144 6308932 6350081 6286632 6462374 6495537 6732841 5775539 6542639 6693104 6223647 6356513 6605476 6417306 6053140 6185635 6238407 6289693 6550143 5870268 6202853 6541132 5943799 6207191 6704252 6451152 6188770 
6915508 6933163 6881967 6872142 6344218 6509923 6359606 6882879 6733413 7011369 6870727 6275693 6615572 6246183 6989521 6622622 6757650 6937907 6418775 6921580 7522173 6708368 7104451 6715803 6499383 6743083 6742308 6795977 7032379 7083173 6555524 6582771 7059911 6598254 6666142 7271465 7128787 6546459 6904467 6441703 6654777 7121598 6594856 6572019 7265470 7078396 6791413 6962944 6878586 6517412 6579488 7341853 6762164 6659101 6873407 7387432 6888408 7152963 6493703 6753162 6371417 7077181 6919412 6686652 6804875 6794022 6329452 6818119 6874006 7114313 6826579 6963770 6993799 7089371 7019100 6524674 6870494 7158639 6516882 7534390 7221574 7390864 6736755 7041583 6414820 6846287 6625700 7060955 6345988 7389793 6533198 6554836 7111924 6825169 6664041 6990913 6674273 7168584 6595682 7149386 6521839 7117963 6949514 6856456 6911532 7143822 6734451 6480887 6980179 6785364 6980570 6731495 6796390 6558389 6890256 6695622 6926949 6935406 6771174 6999354 7204632 6869033 6730705 7094168 6531907 6891489 6022776 6381841 7412354 6603645 7434239 6664623 6469052 6847432 6612137 7118245 6642071 6930361 7219586 7039688 6905525 6510075 6676845 6615508 6870590 7323892 6914344 6720706 7389340 7157117 6409962 7106777 7010820 6957905 6937524 7217747 7177270 6958867 7084155 6945943 7002010 7020339 6792983 6994244 6608639 6839553 7002359 6786243 6789019 6848483 6789069 7120679 6583264 6994486 6798261 6997920 6406641 6649341 6942544 6500415 6966486 6783995 6517984 6680800 7048887 6735185 6761860 6297542 6562541 7126718 6544406 7068982 7557630 7135671 7000843 6551020 6937243 7073291 6582774 7282283 7426618 6490071 6773305 6873788 7000610 6707319 6613413 6117100 6474922 6501555 6081726 6830662 6684009 6875317 6743952 6661687 6843894 6929038 6925423 6932807 7056933 7137758 7023053 6512461 6489417 7411287 6645819 7070174 6659421 6781081 6784563 7071890 6895010 6560138 6916751 7209617 6471755 6658156 6914524 6628909 6787213 7285347 6808261 6321253 7077208 7377521 6686554 6665733 6967826 6206013 6844672 6754230 6526786 6759757 6544825 7132449 6765449 6436236 7093017 7346808 7045594 7148113 6723496 7199479 7102710 7110608 6582852 7029697 6952242 6180635 6450280 7510055 7361866 6285338 6799742 7229097 6609104 7073414 6590813 6827985 6377059 6931303 7144572 6984614 6841497 6323847 7061555 6449461 7099960 6683432 6989385 6696395 6357827 6715677 7044606 6146909 6794266 7441807 6778043 6770722 
6320556 6180174 6313112 6275228 5787947 6303445 5834462 6465352 6379272 6484397 6489411 5671257 6116580 5672040 6140063 6068447 6003286 6451236 6083529 6211067 6710758 6281804 6386513 6420724 6060243 6336639 6149391 6131545 6763830 6535727 6022785 6232764 6351855 6006393 6165451 6905776 6419362 6307439 6247879 6025352 6285291 6535878 6376524 6109805 6418348 6932832 6225536 6569749 6448873 5850526 6173872 6756842 6441162 6123627 6062700 6776572 6224438 6484090 5898172 6478642 5773825 6549811 6208379 5884681 6349229 6468652 6045252 6157097 6361228 6329697 6469233 6340758 6465286 6602829 6242870 5993635 6471331 6217072 6016645 6774876 6649874 6761718 6184238 6324808 5779231 6408359 6314849 6754321 6055663 6370698 5853909 6137813 6480846 6460103 6390345 6392059 6302467 6737518 6430209 6614141 5973883 6838703 6315334 6241452 6135927 6614921 6185666 6029199 6083938 6110795 6559616 6101157 6204466 6233274 6657853 6045494 6194922 6184767 6063839 6586012 6844800 6558271 6121340 6337817 5882251 6373082 5592031 5896550 6719544 5999643 6526813 6253700 6009195 6380950 6056104 6537548 6176672 6529915 6796637 6139345 6116540 6156652 6389664 6343392 6238215 6784040 6230139 6200333 6802966 6699123 5975340 6577733 6420513 6175502 6450272 6402407 6256827 6453878 6600938 6321522 6294193 6333772 6288358 6424116 6333218 6345989 6215722 6411057 6211133 6360684 6244798 6455075 6104841 6757446 6092297 6340741 5864280 6278129 6143765 5909597 6451431 5899852 5809397 6194980 6678120 6160430 6230284 6011853 6008702 6397227 5965826 6765337 7054576 6653697 6406482 5921985 6314210 6530180 6155185 6523768 7007837 5914846 6163747 6181661 6326157 6277528 6227233 6044740 5947745 5886193 5874441 6316480 6504897 6256879 6164649 6276000 6290626 6291943 6102974 6504569 6554740 6618703 6446483 6282373 6122425 6340306 5815443 6525409 6020430 6190192 6343023 6668150 6328703 5879490 6243219 6306470 6222742 6198478 6310240 6120347 6046168 6551309 6065825 5463708 6609722 6555337 6195900 6217700 6283286 5944474 6416781 6184458 6051517 6274486 6227946 6451518 6487036 5803844 6484251 6595984 6698746 6689707 6137308 6641102 6335652 6782214 6049939 6395717 6190613 5708945 5835302 6614933 6755579 5720370 6223431 6389320 5963130 6405377 5732943 6567132 5768465 6160935 6459363 6127812 6290685 5906251 6443169 6038177 6242587 6378171 6532385 6287803 5762545 6143639 6343300 5759134 6369881 6463192 6074353 6128655 
6369443 6163408 6233543 6090478 5921212 6041684 5940719 6331932 6178159 6354035 6385661 5788819 6337204 5803272 6136623 6045094 6052627 6278294 5918577 6221600 6687983 6236373 6399653 6159243 5991395 5959855 6113033 6268535 6589139 6518912 6079864 6160948 6474431 6022178 6067238 6714322 6292032 6160209 6206264 6085179 6302349 6247581 6134808 6037222 6518904 6516657 5919216 6461459 6446739 5977469 6185287 6676574 6382085 6321186 6348621 6774051 6215881 6426143 5929425 6235441 5880779 6361639 6132089 6001313 6129568 6270023 5871464 6201481 6209669 6271915 6330622 6083687 6497892 6382041 6072613 5967579 6127179 6290091 5958835 6683089 6331874 6572550 6355593 6111396 5535533 6256476 6429767 6447232 5986143 6465754 6046811 6107581 6444714 6019093 6190634 6308303 5957640 6595295 6202185 6563593 5692858 6225756 6519050 6188223 6246672 6576562 6216983 6141208 6083544 6225701 6499961 6273662 5943644 6140566 6134311 6022336 6193245 6113745 6202313 6545455 6652775 6361387 6129788 6415048 6141245 6281848 5563008 5559398 6552085 6207613 6423444 5995463 5841622 6322755 5980668 6376248 6166385 6501566 6583004 6191763 6079458 5576617 5919549 6045637 6161365 6528463 6075830 6130909 6780210 6452667 6134372 6533270 6122756 6233247 6204627 6407046 6190850 6099317 6319982 6283997 6314823 6189537 6277279 6324916 5913019 6181442 6309953 6392689 6154129 6356327 6128203 6519960 5974547 6534914 6403780 6355165 5679723 6138429 6281419 5885357 6458023 5901746 6000909 6012235 6447523 6128678 6019134 5746943 6171649 6406080 5594538 6636220 6902303 6416397 6371809 5925025 6393795 6582947 6099833 6189998 6683687 5892022 6131083 6282453 6334571 6237875 6070990 5964703 5936044 5839021 5695510 6472220 6352843 6329368 6050336 6039893 6051380 6259638 6302886 6403347 6250531 6412178 6540414 6020620 5938799 6688935 5893900 6447216 6054634 6012236 6143131 6682101 6339442 5966529 6195633 6555787 6104001 6118341 6296278 6252701 6021579 6649886 5851684 5667203 6618371 6300489 5837786 6098775 6114098 5979224 6245387 5930758 6020662 5787860 6069618 6367536 6118846 5807949 6243210 6442506 6683147 6686074 6334145 6635443 6236735 6215683 6242187 6319446 6331304 5861981 5877327 6811340 6484291 5995039 6482108 6345450 5994368 6291949 5971915 6272351 5811777 6232222 6567742 6152407 6257608 6096064 6242673 6050999 6334562 6226506 6635730 5979279 5824774 6079501 6182185 5844814 6209533 6464036 6105921 6014578 
6780814 6419763 6465721 6326177 5828821 6639022 6112571 6667380 6410309 6761413 6374853 5734924 6023270 5978726 6331670 6268079 6514206 6629874 6185159 6381934 6730067 6301836 6675983 6378482 6441188 6409075 6437146 6506385 6509606 6728607 6238519 6277929 6409451 6453972 6294714 6894819 6765526 6372274 6582874 6225387 6717891 6703596 6414658 6574368 6873819 6677874 6201170 6435625 6557096 6443563 6262689 6744379 6623752 6331336 6399178 6788884 6348808 6416403 6429007 6263488 6102279 6501177 6145755 6474584 6371304 6478564 5905529 6423061 6899656 6535570 6350523 6565952 6629589 6999904 6151083 6563778 6234379 6686719 6026079 7266970 6779506 6657422 6452382 6148961 6144829 6426485 6366512 6753907 6311920 6776790 6289553 6078133 6722076 6232823 6465308 6834752 6250040 6712391 6328651 6454890 6161426 6942084 6508677 6502432 6681823 6529316 6676804 6301286 6470006 6385389 6428834 6385907 6421893 6106725 6280580 6162595 6497126 6381463 6414409 6486653 6779465 6278109 6280276 6785572 5977872 6800852 5916045 6097047 6843189 6058042 6771648 6097675 6013044 6483551 6056944 6761266 6302035 7033488 6675112 6531273 6730705 6109165 6405848 6389317 6272661 6938805 6531937 6574744 7009587 6951354 6112429 6719645 6539158 6339152 6511377 6825392 6516979 6224211 6746198 6820208 6946784 6401164 6221713 6596718 6270502 6553418 6535834 6276804 6402527 6643008 6363913 7073914 6130792 6704989 6659063 6366185 6075540 6348843 6382171 6266017 6810168 6235264 6258443 6372100 6791488 6492767 6245990 6210302 6331286 6664960 6019520 6898928 7271014 6756903 6916663 6191440 6373565 6833762 6362768 6652643 6892626 6206705 6529037 6539692 6556747 6478696 6486625 6117857 5976408 6115358 6017933 6545242 6345663 6413855 6135730 6588255 6307042 6488501 6626505 6460426 6404442 6835303 6311078 6281762 6363847 6897801 5993235 6523289 6160128 6454181 6460466 6902507 6735706 6229830 6493057 6616167 6224905 6380503 6451371 6371728 6192272 6793522 6217675 5833795 6899898 6609499 6202046 6228661 6542989 6050042 6600567 6508648 6275898 6467382 6399566 6707541 6508828 6337967 6490863 6609497 6720243 6785283 6616805 6770922 6674461 6565713 6427095 6505994 6299790 5811485 6139643 6904582 6828895 5935932 6499574 6416344 6322678 6588445 6368570 6587727 5960749 6545383 6595475 6499618 6129268 6195059 6564147 6267208 6657416 6279753 6719816 6262352 6238295 6109649 6603116 6246439 6896568 6600145 6312895 6471357 
6795912 6303142 6210348 6489266 5931518 6171283 5876481 6245955 6159771 6831293 6242231 5845888 6217745 5522994 6165859 6308828 6155535 6641027 6199969 6512530 6578996 6479936 6557922 6160814 6120115 6159786 6468452 6309952 6374897 6510266 6077583 5735624 6486383 6231347 6273032 6789155 6515850 6408732 6429942 6155524 6389744 6360427 6301121 6590710 6623134 6485118 5911088 6858745 6558642 6200048 6146486 6672806 6523378 6322579 6088769 6660788 6064169 6514790 6215089 6207865 5885439 6374430 6240776 6138206 6090269 6485705 5750836 6265393 6476931 6297117 6291011 6451325 6613511 6605359 6233309 6172254 6336685 6460306 6031738 6777963 6461536 6543917 6337067 6561096 5769841 6473418 6291419 6673681 6232479 6638921 5883381 5940385 6514654 6020493 6277942 6363521 6131621 6686298 6168650 6615860 6229235 6601691 6453942 6362953 6651901 6515465 6384715 6111729 6242315 6133108 6432336 5994998 6205722 6187020 6433012 6320922 6472632 6196130 6233722 6451263 7031946 6260513 6269749 6263755 5701258 6205629 5614468 6272588 6635081 6288178 6765561 6145861 6109777 6466357 6122965 6635675 6227099 6662528 6782825 6236577 6228006 6100498 6414556 6376460 6201822 6911088 6055531 6395923 6847815 6586563 6171272 6561721 6293871 6326212 6170458 6582789 6241964 6082862 6769337 6533024 6692344 6295818 6370507 6358099 6190022 6321674 6343244 6462042 6447817 6384671 6280573 6822190 6163563 6643152 6443280 6443953 5977236 6046725 6132432 5982462 6645895 6192046 6204432 6156900 6462145 6182807 6172894 5930358 6272346 6186721 5831651 6601752 7102365 6403231 6700384 6064874 5988121 6823433 6163284 6351441 6841548 6047102 6383890 6225208 6505151 6444772 6336996 6070653 6050780 5842133 6085704 6477357 6446842 6307973 6016190 6124635 6200714 6550078 6305588 6259354 6700049 6505181 6630464 6254168 6017734 6651102 6010848 6672267 6183120 6195687 6605369 6669852 6357351 6081705 6198126 6460975 6212823 6586089 6209610 6323741 6290870 6411064 6054197 5767707 6575471 6337328 6002637 6116769 6470874 5936468 6392609 6436284 6119796 5935783 6233617 6349683 6285688 6217523 6653119 6255531 6609881 6831309 6485152 6839657 6479798 6546456 6398138 6362665 6373821 5872364 5975791 6876791 6774548 6155329 6377925 6512163 6155505 6711515 6213617 6290915 5854638 6621692 6717406 6370141 6303228 6102536 6165772 6043413 6280171 6156902 6378143 6109972 6062818 6321703 6131022 5953105 6086632 6668432 6169588 6207235 
6843856 6360735 6619516 6429342 6238338 6392186 6121587 6754075 6540062 6663930 6467689 5935165 6288975 5829608 6304575 6457731 6216681 6742297 6095045 6403228 7099491 6438263 6579546 6428975 6310315 6503851 6216689 6323742 6794299 6796264 6402183 6048016 6411289 6149112 6233856 7020283 6742021 6536622 6599819 6317217 6536196 6813924 6410967 6530818 6789493 6417540 6353052 6743245 6613464 6013665 6130239 6955250 6635266 6465810 6193335 6888613 6339091 6555093 6258535 6304060 6072327 6543610 6624222 6447797 6565639 6675545 6029364 6374929 6819647 6554650 6294591 6694347 6949432 7046324 6588498 6564842 6268062 6556506 6386023 7272156 7073765 6781942 6644625 6806229 6282286 6455772 6433948 6629656 6405964 6903610 6530721 6138595 6637230 6530687 6455723 6652441 6303497 6796716 6272904 6572495 6239300 6766910 6869113 6439594 6501826 6530927 6620722 6252504 6325351 6511384 6544101 6224536 6253628 6491988 6594063 6400732 6386136 6403250 6333887 6623084 6856036 6603320 6398182 6746110 6190680 6689270 5653545 5995934 6893930 6460749 6717600 6284751 6227649 6761818 6128858 6417998 6631614 6693187 7007858 6497003 6528383 6446379 6529787 6315279 6468844 6908478 6501848 6334660 6977592 6633474 6189971 6841834 6701396 6502241 6820535 6472129 6543913 6578366 6685546 6829540 6726532 6542390 6406737 6357378 6322192 6493995 6631914 6384971 6489518 6607581 6423908 6957403 6317827 6808489 6802327 6620219 5857644 6439725 6566564 6265011 6774275 6458180 6412476 6323780 6904906 6534471 6405293 6279124 6449846 6612457 6318909 7030719 7420459 6750870 6932488 6246916 6616487 7040373 6332573 6675842 7043367 6459538 6516222 6657810 6730595 6573585 6403968 5932898 6104060 6162619 6031677 6922943 6583380 6527919 6169717 6294909 6601626 6574795 6390997 6924454 6822592 6801218 6801643 6295906 6400724 6830271 5992535 6531704 6300796 6392790 6618548 6715754 6522444 6262281 6502838 6699684 6218330 6180357 6335095 6344978 6422712 6756149 6224363 5837460 7021408 6850824 6404553 6287953 6544250 6131619 6637449 6383742 6491713 6106399 6357805 6845425 6678670 6311799 6719071 7045681 6669682 6817218 6513156 6916176 6662400 6760493 6571394 6497152 6549093 5959063 6379716 7180929 6936683 6073329 6555397 6514457 6165751 6670920 6203120 6525270 6105066 6514946 6779002 6548212 6600536 6428184 6599602 6267161 6579814 6516540 6486957 6395271 5918230 6672293 6607417 5961650 6737865 6742681 6111370 6473590 
7071135 6549626 6598462 6460256 6475530 6626897 6229768 6466092 6680939 6623816 6730992 5796861 6312497 6212938 6446776 6581358 6542758 6785853 6548618 6415585 7071056 6490381 6746435 6498172 6271818 6500018 6506095 6794092 6904581 6961646 6375197 6407723 6732387 6469694 6552718 7280237 6911582 6634846 6874433 6527396 6955353 6989785 6599507 6687588 6918855 6877305 6452349 6920927 6842849 6251817 6611924 7272648 6853607 6812536 6609480 6985855 6408813 6663756 6373490 6856232 6093627 6583791 6377804 6471137 6505654 6686931 6066935 6516788 6566985 6960426 6485228 6677560 7013501 7027232 6289232 6261039 6645441 6487610 6358080 7047089 6885665 6807794 6515815 6728201 6133402 6595413 6695297 6852087 6330669 6953963 6400319 6579072 6908870 6380139 6695273 6636547 6387966 6847981 6406657 6761817 6337350 7169530 6823479 6653433 6506730 7011015 6628787 6457041 6450543 6476631 6554506 6283917 6200095 6265928 6247134 6419135 6583634 6782612 6239522 6915722 7231584 6495071 6514985 6692457 6406698 6793527 5848319 6123238 7120018 6470441 6858501 6708803 6182086 6833556 6695833 6838600 6750209 7264513 7009080 7032773 6650686 6162011 6545278 6484160 6520303 7080016 6519573 6817200 6945409 6913800 6332157 7080811 6657418 6700870 6668470 6940056 6723689 6240324 6845119 6905690 6872644 6587078 6629787 6743574 6318175 6576227 6784346 6698894 6457615 6787192 6449231 6949334 6460321 6840144 7014027 6924058 6124481 6549032 6386569 6066321 6912449 6375755 6292084 6561612 6737398 6584405 6546099 5921394 6638221 6701307 6141957 7091026 7540293 6703901 7067403 6215074 6696984 7032669 6069305 6844195 7185402 6466834 7016805 6742824 6668362 6621058 6661560 6016799 6327430 6383229 6107627 6707312 6721534 6569386 6326300 6739143 6233650 6799598 6754849 6726603 6861640 6804274 6907324 6355314 6582144 6907698 6246597 6688826 6382664 6727479 6874286 6999817 6832873 6494429 6588609 7002973 6314592 6376687 6566529 6592711 6544584 7087400 6383136 6085134 6762713 6656537 6270358 6446590 6683063 6322587 6597536 6588013 6303590 6441894 6711052 6697903 6698749 6431030 6814860 6872306 6763009 7158288 6768854 6981920 6923165 6611280 6593615 6474027 6721575 5895792 6336658 6928962 7120092 6514519 6601098 6667141 6542435 6804587 6577853 6756407 6037341 6664302 6647595 6604211 6505860 6479677 6535132 6123105 6439408 6478125 6525654 6294624 6279919 6440159 6510699 6271889 6690023 6948401 6487919 6659696 
6510970 6061764 6288645 5850238 6108957 5932393 5910514 6282505 6333776 6593862 6360737 5863081 5745109 5555896 6067921 6279409 5962550 6388355 6117762 6234539 6699127 6210386 6190533 6188410 6233702 5825978 6060613 6303874 6403733 6656700 6040569 5874597 6455592 5944744 6108486 6535720 6339164 6595181 6359707 5936620 6742144 6445846 6133338 6149304 6315581 6190387 5958517 6233593 6556400 5993900 6118343 6770734 6132674 6289585 6174289 6389928 6037413 6422464 5998322 6234218 5662790 6250010 5903398 6109271 6050126 6601867 5931949 6098994 6249650 6113239 6361045 6271276 6333845 6429838 6113327 5708113 6087243 6313353 6091896 6778339 6459280 6352198 6193128 6184340 5678766 6381144 6309519 6388832 6182552 6686076 5933766 6082847 6430919 5828555 6160136 6203630 6016448 6160428 6210795 6119587 5826413 6456673 6230955 6392100 6311404 6244132 6361956 5884885 5808832 6035599 6422704 6009248 6214497 6113272 6176730 5996161 6032975 6215056 6118072 6200735 6544011 6205385 5864001 6491426 6151825 6250787 5333904 6043246 6499847 5796172 6477938 6186373 5743116 6485001 5929219 6253379 6225114 6437442 6567820 6202462 6389991 6021050 5985094 6105915 5890485 6636682 6415569 6317931 6925555 6485322 5982071 6523994 6122923 6277507 6220496 6529237 6348867 5998889 6326400 6482336 6380762 6175633 6259055 6418956 6107292 6133965 6168773 6173919 5969110 6471405 6024448 6532123 5869791 6327882 6379418 6260918 5969889 6301760 5991848 5935731 6303902 5882581 6135231 6079251 6548063 6141637 6119435 5927713 6122734 6271847 5987803 6422852 7084161 6463229 6346346 5947475 6051975 6386339 6155803 6516849 6672162 6032182 6228024 6298373 6332592 6109678 5984694 5829612 5903300 6010130 5807731 6375521 5956507 6250634 6111958 6070789 6162680 6340080 6429358 6445475 6393556 6536709 6615237 6089755 5809144 6758298 5529235 6516601 5637146 6254886 6028776 6629297 6499968 6042178 6259691 6325313 6039517 6335214 5842422 6165025 5991376 6531480 5978110 5693447 6655382 6488284 6278576 6099323 6467793 5860856 6278881 6008395 6136708 6019309 5925576 6629196 6380567 6042692 6391043 6322143 6228371 6434607 6410521 6708365 6307446 6347485 6197797 6403308 6055991 5673774 5855673 6804282 6688446 5863032 5905131 6237360 5917512 6669139 5979347 6055538 5549267 6157061 6574189 6095037 6260057 5798350 5995424 6073629 6464840 5942573 6028713 6094486 5716828 6075473 6048547 5940861 6348370 6595643 5989734 6271342 
6390534 6242167 6111725 6265329 5508977 6059302 5895333 6328953 6140238 6535233 6168657 5712544 6049933 5452823 5877435 6039136 5955909 6367287 5954754 6055757 6664754 5883209 6294007 6245576 5894954 5885304 6383591 6067618 6482822 6338350 6119547 5885313 6498022 5983661 5996969 6470781 6437710 6054613 6227741 6011007 6495233 6096309 6161405 6092892 6367148 6455548 5940429 6328963 6232001 5971884 6088192 6698581 6237739 6122771 5895906 6488683 5928260 6273405 5842496 6220007 5727373 6069659 5784861 5830674 6036685 6204931 5696163 6203928 6230314 6260986 6212570 6405089 6540330 6696240 6209597 6008024 6085277 6387843 5831942 6902264 6442272 6729921 6065437 5995498 5706158 6250562 6358338 6573747 6235491 6394464 5939751 5903786 6313665 6135346 6043667 6178813 5965578 6164093 5943631 6190094 5797287 6562547 6481423 5855769 6348306 6317115 6339946 5698132 5756255 6005593 6169282 6158573 6211176 5937056 6245481 5937871 6133207 6125037 6093589 6097642 6590420 6430180 6203640 6516142 5860343 6434074 5539950 5482800 6599597 5784615 6231102 6065703 5783246 6258794 5885880 6531442 6171612 6697252 6670841 6216940 6067681 5721470 6248413 6076263 6197871 6490334 6037921 6139904 6600847 6440841 5953040 6328967 5914875 5929073 6303469 6538490 6183214 6056089 6512463 6249912 6166246 6296115 6123651 6457355 5909253 6050613 5973205 6055050 6251663 6038939 6195436 6499822 5734070 6492017 6464276 6230050 5824130 5784192 5758014 5918943 6381652 5839787 5938216 6117470 6566704 5995192 6167054 5988550 6149942 6215572 5854765 6458463 6859703 6308978 6613182 6002923 6128464 6662001 5834204 6328445 6578005 5806976 6216878 5892104 6309649 6157954 6249965 5951055 5958889 5785308 5601845 6310942 6192115 6388287 5887641 5880949 5984411 6248004 6351629 6268845 6499638 6381641 6169163 6197021 5964495 6537490 5505837 6596937 5964060 6183455 6523602 6590495 6194586 5783553 6040646 6199070 6051039 6028794 5911104 6212054 5969375 6567049 6086928 5531020 6459920 6369940 5814662 6108665 6004646 5830818 6174439 6233189 6036282 6021548 5950727 6387833 6509124 5895641 6611231 6174839 6509630 6539161 6089778 6679717 6380927 6307991 6076300 6142652 6151511 5668848 5757057 6480148 6676329 5868575 6186149 6237111 5973233 6315445 6154192 6063762 5543305 6250508 6228488 6276399 6109232 5946342 6262282 5748093 6121794 6078237 6089164 6145841 6085872 6179483 5938307 5718817 6270003 6451378 6006528 6284585 
6219342 6081222 6308706 6063854 6056536 6115455 6076168 6325266 6060747 6417592 6397277 5613783 6329252 5812391 6107207 6069729 6274474 6316182 6022558 6191203 6744258 6131125 6164407 6333136 5943811 6245561 6308520 6234826 6283892 6456670 5989808 6167071 6228484 5579226 6179720 6778679 6497433 6178899 6502632 6064972 6202695 6388006 6147514 6101112 6478611 6472348 5992910 6518845 6552346 5864136 6321234 6546130 6351492 6247718 6210523 6751055 6331409 6350347 5895216 5968309 5817036 6238401 5985274 6341827 6129319 6230101 5739243 6396478 6124146 6205910 6280618 6255002 6591442 6597405 6067938 5926408 6062713 6434588 5843196 6869389 6424593 6334877 6293730 6157111 5759401 6421593 6284462 6431449 6066009 6583914 6227115 6023769 6536662 5764851 6321907 6332890 6141472 6570470 6439881 6499637 5717041 6477766 6572294 6206488 6355721 6486090 6357184 6039227 6071048 5956730 6328857 6104797 6269565 6109461 6267432 5936785 6144765 6185439 6498825 6207725 6317139 6153638 6061489 6504515 5979762 6457549 5503178 5804999 6711327 5987598 6669822 6234527 6037761 6185347 5897950 6673009 6213037 6347257 6557166 6180708 6425593 5866600 6164799 6084069 6257063 6594353 6219682 6128221 6505574 6533659 5859324 6744631 6138492 6446024 6081553 6379706 6202215 6290918 6460085 6684727 6457329 6128690 6095688 6219997 6085598 6285737 6167942 6342523 6162602 6357697 6344506 6492388 5960774 6631874 6349379 6250994 5564657 6245368 6324000 5925286 6378226 5960277 5930934 6045917 6493650 6086223 6064982 5850603 6043758 6426818 5775541 6749052 7042590 6346934 6278536 6012060 6475899 6328934 6106160 6336014 6711724 5815640 6077927 6038551 6514174 6368768 6019297 5871731 6095073 6079905 5832008 6391610 5992324 6356507 5845836 6122062 6260533 6392699 6345186 6301498 6443145 6500015 6487130 5928716 6166871 6586136 6043705 6488999 6072769 6192758 6572215 6391420 6421066 6028774 6221192 6348978 6055824 6457599 6181504 6393254 6031339 6898012 6104509 5696697 6407240 6527866 6065431 6058604 6523935 6044476 6167685 6263944 6216489 5820424 6079370 6464888 6406995 6113837 6286432 6691809 6569223 6791985 6120500 6555991 6275909 6720429 6232386 6157271 6215598 5653374 5745095 6820549 6629754 5843357 6359461 6432836 6128008 6591101 6114735 5962560 5783346 6029660 6601379 6131133 6202397 5815206 6372979 6123205 6652554 6259003 6561641 6039327 6163841 6027407 6198817 5773785 6147329 6547362 6165510 6179402 
6559123 6270667 6267873 6140733 5866774 6419591 6222923 6673301 6575306 6643285 6229913 5839084 6363200 5666543 6181842 6297635 6369941 6370337 5961992 6249858 6725384 6174674 6504792 6370921 6258408 6025088 6434519 6354886 6336244 6772560 6242303 6181923 6462084 5900198 6399193 6907698 6401334 6270862 6486388 6138692 6473911 6637903 6473426 6124134 6624417 6604843 6166940 6351425 6720271 6024943 6079676 6865010 6627643 6469231 6218053 6934219 6347755 6614764 6029839 6162520 5949323 6535863 6256078 6165753 6282329 6570233 6049505 6439987 6340828 6429667 6377593 6340534 6830066 7055543 6068119 6228045 6342184 6654731 5970642 6959098 6892712 6841595 6265443 6498099 5911722 6554976 6550102 6922202 6179657 6781269 6232535 6448776 6487939 6095583 6442568 6513360 6304956 6642610 6106470 6394437 6006708 6904456 6732103 6413838 6390127 6536935 6538874 6159741 6410681 6194991 6506404 6397517 6513498 5960177 6542565 6279079 6275186 6533779 6529456 6495282 6849927 6297891 6116380 6469347 5927827 6655802 5984522 6000367 6978715 6238221 6621722 6401745 5814472 6489762 6301945 6496794 6324839 6523384 6826401 6643535 6546061 5776037 6410694 6300734 6199630 6715668 6518531 6339958 6703473 6677596 6460239 6686665 6515015 6486940 6321404 6637835 6585064 6529773 6593703 6613267 6731047 6445196 6543466 6523867 6169731 6416186 6269190 6365498 6442865 6188183 6214306 6703358 6051408 6448633 6551449 6505973 5793720 6459114 6275928 6175775 6711745 6029014 5860114 6420233 6877074 6493883 6296239 5993111 6392559 6514978 6078954 6785938 7059721 6749126 6894711 6316738 6479210 6712068 6155233 6602326 6897998 6116205 6353096 6315220 6590629 6578171 6332302 6051519 6236528 6225988 5968526 6434885 6503425 6647383 6350503 6140498 6253313 6582652 6579944 6439368 6648937 6599464 6446286 6244162 6360421 7017300 6190192 6510935 6105374 6537415 6624979 6658911 6410666 5995494 6411146 6638035 6298788 6041651 6264201 6592972 6311664 6803030 6254248 5845751 6594152 6591650 6253272 6320018 6283842 5811639 6349735 6202497 6233537 6039702 6257486 6527702 6664324 6017490 6619343 6815164 6627782 6819639 6406868 6556095 6632717 6458163 6451707 6262350 6423980 5900897 5935201 7016622 6963603 6200566 6379094 6298350 5962988 6552036 6069114 6428467 5956072 6401234 6664551 6284794 6418786 6129770 6671262 5916252 6377359 6041194 6498841 6318780 6003355 6090388 6349820 6078960 6225962 6892689 6130584 6284461 
6886270 6745504 6626517 6606652 6157887 6654445 6383330 6538124 6886117 6685566 6554431 6071502 6366943 5890260 6299119 6395301 6333789 6975962 6474673 6314676 7065097 6648496 6957004 6460130 6305824 6473116 6420369 6262587 6821613 6749655 6535115 6314431 6666276 6180411 6512332 7104381 7165462 6535385 6545426 6451041 6661104 6699368 6406176 6618607 6888886 7026738 6289420 6978990 6938130 6310678 6444358 6959816 6759075 6587050 6218513 6969784 6475188 6841182 6473182 6480295 6263219 6757180 6635515 6545837 6620283 6799828 6299822 6504769 6556951 6681975 6651799 6610550 6986371 7232976 6640438 6554891 6648244 6592215 6497901 6977779 7284409 6838434 6949990 6557055 6255884 6645811 6768863 6672672 6412812 6909611 6445200 6238435 6836398 6377182 6506631 6899004 6723375 6739839 6321526 6574176 6261185 6885949 6972307 6711734 6682534 6697314 6842881 6315089 6467371 6555949 6670449 6480667 6614108 6401695 6476224 6496553 6563670 6569262 6775136 6951399 6956827 6781006 6509042 6831747 6089852 6772104 5989559 6143251 7007713 6198049 6805897 6429589 6105594 6726617 6407679 6827433 6287834 6808897 7030661 6830551 6484334 5980253 6395883 6246297 6345757 7269805 6686549 6466101 7122413 6802727 6366001 6923709 6709475 6721082 6603377 7058270 6623619 6567527 6823378 6759463 6746204 6715974 6580091 6642766 6101167 6751828 6650481 6615096 6597621 6671297 6343364 7001200 6508488 6793548 6683713 6635746 5952817 6516648 6450745 6321445 6950587 6254320 6270200 6407631 6909954 6571575 6333728 6294556 6609664 6586752 6328007 6896632 7380695 6934129 7041443 6432397 6490652 7008508 6293024 6893705 6977395 6567259 6635969 6687013 6548836 6807357 6338056 6285418 6442849 6256095 6157202 7084498 6622854 6706754 6366489 6442862 6269358 6769521 6669530 6853587 6836815 6969275 6647553 6503900 6531189 7303123 6068179 6882530 6386569 6668490 6784590 7001729 6644471 6203793 6574503 6849911 6219946 6220914 6527334 6561444 6541601 7130878 6649247 6009394 7011538 7022219 6368964 6538595 6699132 6067168 6698153 6517035 6234108 6284893 6421344 6564272 6579224 6285999 6600948 6957554 6720244 7225353 6761356 7007073 7013950 6797844 6583778 6612705 6651805 6208783 6511811 7196201 7034082 6243365 6538575 6663065 6622056 6685837 6505221 6531774 6141659 6728238 6994184 6647535 6489592 6301625 6870118 6421644 6552401 6376368 6663757 6335769 6057690 6313544 6708919 6127493 6685932 6996726 6489260 6416536 
6971564 6739138 6492635 6460892 6293889 6428560 6514967 6681448 6664230 6775166 6542160 6106540 6377101 5809068 6524129 6522672 6383318 6512818 6345498 6456214 7051506 6649199 6620457 6636612 6611279 6449494 6410282 6572043 6598783 6874833 6497747 6122797 6664432 6368255 6457846 7083911 6685501 6528844 6985150 6507690 6808190 6591976 6564480 6547777 6833527 6798459 6286798 6776707 7050731 6362581 6297074 7088705 6809060 6890227 6330761 7127331 6499256 6781632 6353443 6617054 6094789 6695353 6511409 6448097 6430628 6675332 6207658 6449401 6721435 6733747 6577865 6670571 7010633 7015423 6504557 6443807 6425419 6844279 6363008 7103185 6976885 6864401 6663882 6360583 6185544 6708660 6698970 6791943 6631886 6845190 6790465 6361031 6867633 6386412 6612078 6890859 6515899 6655966 6401016 7021056 6414157 6980194 7032616 6641542 6785322 6756367 6859556 6159528 6556588 6553860 6692650 6772828 6436770 6507519 6556081 6509455 6722398 6338309 6610635 6938184 7074390 6748186 6580047 6629785 6304312 7005564 6097948 6183688 6672381 6336628 6891606 6634741 6211681 6854247 6373863 6968069 6401326 6780801 6955279 6776202 6505703 6395309 6204976 6531805 6469576 7150236 6707225 6701592 7119434 7071415 6317852 7045028 6712131 6544150 6421031 6944190 6436119 6510940 6869700 6835261 6790909 6508898 6472095 6722725 6351298 6642285 6824340 6480330 6733759 6694095 6595654 6887749 6401273 6715793 6866830 6540721 5975642 6378130 6267296 6475385 6750682 6431062 6497426 6608227 6816223 6539385 6380470 6213368 6630366 6776882 6210230 7218891 7385775 7002709 7057815 6463460 6392703 6998590 6195794 6862001 7069422 6231438 6501554 6693701 6659586 6606910 6531427 6289214 6512423 6379273 6131850 6682127 6722953 6912556 6479974 6232296 6590266 6530418 6539486 7018801 6723939 6770105 6429547 6647571 6317833 7207720 6423664 6896658 6291204 6610464 6792055 6870089 6596951 6297546 6537028 6941428 6762767 6338592 6424619 6705758 6303064 6999343 6381659 6005677 6903364 6801363 6422037 6400764 6634227 6046405 6879225 6526740 6313475 6343545 6154948 6611393 6849142 6166833 6859341 6915117 6833418 7098924 6507229 7083893 6548074 6821502 6655490 6523945 6699749 5989149 6246233 7109841 6881402 6194563 6455876 6570594 6236981 6841388 6465351 6476399 5913074 6566193 6837920 6658779 6558532 6392987 7054880 6443605 6652899 6676298 6794930 6500984 6325516 6499225 6553925 6092272 6491656 6781629 6342329 6630914 
6586812 6370020 6417150 6323143 5670152 6447382 6134127 6369071 6510087 6740265 6218091 5806149 6379271 5735872 6061863 6377095 6139508 6444542 6217083 6507625 6870893 6368904 6537159 6306595 6144488 6218861 6347646 6457172 6630176 6669919 6119808 6101839 6319833 6313481 6555467 6904723 6522088 6470566 6812933 6330702 6946039 6541875 6096954 6273172 6800746 6431591 6249890 6632539 6744016 6314100 6129629 6893781 6606183 6276882 6102074 6758024 6367798 6382181 6124811 6017973 5736985 6494918 6267154 6321243 6256254 6399382 5565770 6274780 6499755 6401551 6258314 6527728 6743868 6899674 6231387 6317477 6065327 6395471 6113444 7040769 6417088 6606195 6351081 6612955 6042305 6412796 6409871 6562217 6450575 6734144 6185478 6181312 6387985 6071001 6338843 6553442 6297156 6522138 6279699 6353704 5952000 6445672 6738086 6218896 6573904 6218376 6582246 6031558 6364287 6077316 6452304 6003270 6280196 6412222 6201329 6238034 6478442 6327708 6344623 6319244 6715266 6538284 6158620 6582353 6056452 6631120 5563085 6137878 6784344 6016116 6824036 6089331 6181092 6516051 6004352 6550082 6148959 6754679 6552804 6249424 6577160 6059437 6424237 6114999 6422086 6681009 6318545 6149409 6872554 6338333 6152498 6647503 6209500 6506754 6334037 6584464 6311394 6393441 6556329 6611490 6699100 6320570 6635868 6313567 6257630 6421134 6267702 6487017 6300267 6570506 6184471 6983323 6188863 6649139 6511438 6585046 5928482 6281192 6297665 6170334 6990877 6199789 5932324 6198501 6594677 6478820 6402111 6164159 6276785 6277495 6032741 6629604 6873834 6520141 6710942 6292564 6507264 6868365 5991412 6562266 6824010 6166460 6288839 6420861 6741977 6403641 6363500 6076986 6179209 6083182 5985328 6745397 6320038 6459221 6065891 6123816 6053242 6615571 6278663 6512790 6473243 6706923 6226763 6051840 6312858 6726399 5832850 6547154 6438890 6326963 6607686 6727926 6275285 6168966 6326127 6895388 6234202 6177778 6278448 6370154 6144281 6569843 6321575 5714372 6790694 6660921 6076849 6272465 6589159 5993878 6673066 6207655 6396025 6080386 6234185 6550552 6401198 6237519 6521012 6587279 7076292 6647133 6609567 6754323 6511021 6836774 6369168 6261646 6184489 5719182 6225216 7218476 6861760 6376918 6299628 6347466 6030326 6444143 6281495 6230887 5994650 6628653 6742032 6275565 6122398 6362340 6482375 5981081 6485877 6243543 6509881 6050877 6002589 6041392 6269964 5997822 6598768 6511214 6009266 5943665 
6836295 6440798 6499729 6498940 6134054 6218056 6306037 6471055 6544089 6557374 6498392 5818523 6456622 5904721 6453294 6399648 6102924 6462654 6279867 6518676 6981640 6448664 6803813 6454851 6430459 6103269 6504889 6340342 6875276 6814268 6389032 6275469 6561455 6115022 6392997 6870473 6970659 6346429 6723003 6542411 6739543 6701427 6473585 6200303 6721263 6695696 6355851 6520906 6777749 6398934 6564042 7199096 6474878 6499313 6540437 6970422 6468278 6472003 6420891 6467118 6223308 6739882 6490241 6377006 6542758 6497724 6083580 6577379 6666423 6721418 6389560 6606356 6626763 7094026 6477505 6394709 6415590 6722822 6143092 7138765 6643481 6871682 6554855 6521767 6346867 6669610 6399536 6806646 6280793 6730072 6442799 6278866 6459184 6515216 6690027 6676536 6290845 6814620 6183442 6852083 6042620 6898139 6775594 6507171 6534336 6804892 6685453 6274684 6622854 6265747 6782657 6462930 6380460 6492694 6465672 6408321 6434848 6720909 6492678 6907836 6965972 6507626 6487710 6638932 6033600 6809623 5580603 6251255 6926968 6198190 6826996 6430515 6221469 6712201 6483863 6623575 6576703 6943823 6898591 6647487 6592331 6095023 6630998 6437974 6628129 7127271 6427893 6402447 6991281 6652614 6442985 6871249 6359037 6691976 6636319 6622785 6512193 6564860 6727188 6906215 6640477 6464275 6377551 6604200 6487677 6365103 6581907 6482257 6574362 6752730 6295372 6739222 6154027 6690629 6683399 6793995 6140917 6308879 6627312 6380106 7018585 6268525 6409286 6333160 6932672 6411595 6401554 6156989 6671251 6651205 6019806 6762225 7304257 6894342 6898128 6275400 6290260 7103950 6172167 6919201 6858063 6282902 6485602 6717601 6849720 6484787 6451937 6149473 6231999 6234606 5971997 6739816 6456151 6501879 6318522 6550363 6325281 6834237 6564896 6831431 6894380 6761650 6843028 6323067 6459403 6751061 5935747 6400395 6439324 6552951 6711908 6860529 6866835 6491374 6448193 6894196 6204328 6401657 6525334 6520249 6329597 6690589 6394502 5995253 7120892 6734120 6438216 6499276 6604270 6391014 6389374 6355936 6519738 6323027 6365768 6777823 6628085 6419881 6658273 6880586 6955901 6997447 6581960 6871843 6754979 6513343 6601270 6289072 6472388 5920626 6205638 7084759 7092307 6254630 6331825 6515641 6131777 6777126 6464323 6721302 6244180 6792273 6890460 6673420 6425675 6305212 6728257 6324292 6712595 6474510 6681152 6132920 6121802 6418944 6564160 6108722 6435552 6890504 6301732 6253941 
6111701 6202228 6280817 6183825 6039160 5938914 5816168 6325622 5768327 6142753 6225835 5709062 5923375 5534551 5803004 5951133 5734106 6259996 5882918 5818193 6645573 5927209 6469893 5704993 5834999 6084357 5968557 5996823 6242867 6253508 6020142 5864997 6173066 5973330 6235039 6432815 6537051 6006464 6224580 5928916 6230424 6277484 5981513 6122416 6457879 6361627 5981526 6317584 6631095 5726768 6011756 6455468 6349509 6067060 5999781 6480268 6157164 6360565 6090383 5860637 5646283 5954072 5950989 5745525 5997523 6052458 5915925 5941918 6267354 6066837 6217863 6096438 6424094 6850121 5949464 6293418 5991244 6037443 6062240 6772513 6459023 6240003 6325663 6279072 5976775 6031209 6051964 6188307 5919643 6429555 5829210 5937474 6469807 6046113 6053617 6267028 5870726 6543782 6035751 6259266 5949600 6200419 6695608 6089008 6090146 6256789 6021150 5763091 5876285 5966315 6289810 5790366 6168380 5946448 6075291 5988613 5953152 6064651 6314905 6081539 6328221 6188204 6353585 6326678 5770655 6237403 5418601 5956270 6569545 5760755 6278688 5803653 5897623 6413042 6029451 6176063 6169415 6092891 6347258 6472562 5968399 5894167 5977204 5988780 6156869 6624216 6068126 5869700 6558662 6330741 5967150 6279474 6013339 6125694 6249082 6293255 6131402 6228279 6261642 6191192 6390225 6150757 5954795 6251372 5934413 6272858 6166500 5896266 6120364 5804372 6237300 6340977 5744214 6290431 6301545 6191380 5695660 5838981 5871756 5557411 6405236 5887435 5828913 5765913 6480075 5959927 6126075 5852897 6224157 6178847 5950662 6532306 6795178 6247090 6147703 6063885 6058211 6569230 5934558 6271421 6653621 5884337 6228350 6124306 6041979 6240624 5992766 5658596 5917957 5838218 5560193 6392426 6262553 6095412 5929758 5985432 5870169 6315493 6348253 6305027 6306060 6275373 6185275 5941477 5869638 6625911 5766277 6315617 5897125 6110776 6060321 6371066 6192774 5934747 6239783 6357589 5818054 6019297 6002035 6054401 6038780 6510222 5884515 5404587 6323485 6372775 5838647 5999137 6225779 5609175 6322474 5941929 5927308 5640058 5856262 6245715 6301129 5873350 6315104 6130036 6371406 6431876 6011305 6494546 6435333 6244820 6102408 6010970 6120197 5506255 5647501 6573408 6379632 5609487 5952428 6325298 6007333 6484620 5842452 6031936 5384905 6221592 6207637 6096168 6158963 5861399 6275829 5812616 6309859 5964784 6200786 5924929 5752196 6035542 6201479 5876716 5934152 6422477 5986971 6032218 
6850072 6718908 6627589 6511481 6047466 6503781 6280010 6720146 6771772 6959429 6491767 6064352 6499759 5900324 6254411 6520011 6343187 6644372 6334723 6729012 7218481 6448087 6827002 6593511 6296229 6466899 6392623 6669517 6696491 6759626 6403724 6262456 6834751 6207975 6408954 7345199 6829551 6312232 6887546 6398321 6811142 6621266 6401284 6360245 6832903 6861939 6283097 6871370 6903735 6616083 6409575 7155788 6730695 6415221 6495176 6980955 6539353 6950150 6173455 6451705 6124664 6668382 6426243 6376542 6487699 6590380 5904849 6585520 6653468 6635303 6537829 6732016 6778487 6818836 6357581 6294056 6319165 6839327 6409445 7299746 6720750 6864389 6406555 6537322 6127269 6591486 6344893 7031570 6242841 6814039 6405822 6363931 6736566 6344400 6656332 6879065 6425333 6971449 6591973 6559024 6293494 6658254 6820396 6332442 6773361 6610575 6481787 6432439 6469983 6410215 6891144 6575934 6525035 6400558 6673424 6316348 6526460 6256745 6620818 6681204 7260844 6606394 6497247 6664147 6086968 6782637 6017043 6170081 7204077 6394789 6921963 6699868 6020777 6760500 6333284 6752140 6407104 6979911 6862477 6644115 6536409 6280807 6451526 6273393 6427702 7048322 6545736 6448061 7054530 6784959 6412432 6891458 6669420 6498022 6686714 6822216 6416978 6600247 6639213 6938285 6708547 6645905 6593939 6578328 6301583 6562734 6597176 6603384 6409264 6333823 6374216 6888904 6376778 6978408 6759363 6390503 6018572 6615932 6244162 6233919 6835097 6300177 6062959 6421258 6957353 6628617 6594946 6240875 6614134 6722957 6402616 6887644 7424857 6582764 6802468 6473498 6384631 6847368 6334583 6852643 7136903 6192377 6478387 6659452 6755923 6631683 6360857 6019747 6456936 6284568 5821617 6690831 6576828 6646525 6337787 6478067 6516859 6775534 6605958 6665035 6926021 6726858 6797176 6643375 6421714 7034778 6185497 6748433 6454487 6627535 6741485 7050658 6477127 6284251 6445633 6595828 6610151 6673970 6526364 6402921 6486850 6949371 6329391 5756935 6725517 6817915 6145596 6523854 6745584 6478471 6778880 6677821 6350275 6168264 6388638 6625489 6629106 6239980 6785753 6963068 6735084 7078267 6566335 7302303 6619331 6986984 6402718 6661945 6578009 6093894 6404532 7255877 7101644 6123252 6533926 6577878 6206779 6687555 6263409 6667189 6165754 6567230 6831841 6613037 6666340 6487720 6713372 6261669 6675019 6320408 6658198 6466747 6384806 6325061 6565720 6262286 6479944 6815359 6285942 6490450 
6629261 6365578 6571185 6480040 6298661 6502287 6420294 6497075 6555559 6916373 6692594 6045471 6201743 5796505 6307209 6573278 6364975 6766544 6200041 6336941 7092999 6604604 6672231 6672636 6369540 6243560 6493982 6522287 6707819 6685949 6129226 6404164 6580505 6210680 6216018 7192383 6709835 6575903 6792855 6386086 6519458 6621445 6532669 6420750 6667199 6848561 6289615 6781147 6628055 6144338 6602449 7000294 6564323 6494282 6359199 6929959 6241343 6646216 6446417 6379924 6137330 6589912 6545047 6659844 6551103 6779003 6335077 6320285 6540103 6536875 6665093 6556745 7060665 7077996 6427457 6393476 6481052 6585054 6233643 7115384 6806052 6736441 6580369 6783900 6212936 6820946 6532215 6904302 6071226 7036906 6151840 6425630 6793122 6716766 6549607 6507469 6434338 6720590 6407491 6913145 6323245 6944027 6782510 6516999 6467423 6801235 6822519 6325683 6556834 6539325 6658332 6545708 6483753 6288736 6661138 6282610 6631486 6686829 6529858 6745485 6985927 6684257 6624567 6615813 6312150 6997961 5988029 6115935 7031815 6404927 6964022 6554292 6246125 6606351 6262821 6641465 6596008 6914568 6770001 6619656 6459097 6056355 6472226 6309721 6356207 7084821 6481394 6649620 7169121 6651107 6240154 6859309 6765083 6818234 6632612 6888457 6852464 6704963 6941560 6504218 6692685 6723500 6386180 6602432 6356275 6552028 6603400 6729943 6677553 6661022 6541570 6914149 6315131 6888029 6865649 6618076 6216123 6415371 6497482 6283595 6959116 6307528 6265445 6406904 6907808 6448090 6378490 6203413 6545102 6735322 6004442 6720694 7263881 6849802 6924297 6355285 6485127 7170717 6503494 6851231 7207798 6231988 6642045 6519859 6864763 6511455 6617571 6051546 5963151 6107238 6211959 6639844 6605088 6618981 6404607 6469859 6471424 6748511 6725080 6602699 6816982 6865328 6805883 6541540 6346573 6642458 6032799 6949128 6228678 6591192 6845687 7120480 6572672 6254555 6602018 6729142 6351719 6299611 6642809 6313489 6524402 6636543 6334706 5895077 6790865 6548041 6473636 6435520 6788873 6294073 6433636 6649436 6338423 6336148 6382775 6771515 6345927 6262422 6968676 6876278 6750377 6948076 6587349 6998954 6699347 6929260 6443311 6486941 6527077 5975302 6374739 7083423 6943856 6165843 6550748 6620721 6742797 6617906 6430556 6516915 6079576 6657206 6800356 6711704 6453276 6277248 6855894 6253943 6543615 6567962 6650639 6501984 6012151 6594647 6589739 6253223 6623763 6603857 6309832 6731435 
6474265 5982230 6301339 6023964 5822944 6152448 5930569 6300008 6459495 6581132 6122022 5639852 6080956 5765978 6122810 6186487 6248232 6381425 5968662 6422243 7173442 6513806 6699540 6211603 5804254 6330765 6324690 6444949 6618759 6469148 6062886 6039880 6487195 6329771 6125645 6752870 6679012 6224675 6466724 6146148 6247684 6451662 6131300 6204709 6334321 6574396 6202827 6613477 6620002 6003870 6200111 6862536 6686626 6512228 5938320 6899282 6225382 6686505 6113513 6324256 6001503 6520804 6293770 6204935 6190195 6539430 5946894 6193597 6427773 6344276 6382241 6244866 6763614 6838038 6216015 6266719 6280096 6502689 6188969 6922202 6733485 6770074 6288386 6287708 6047094 6349817 6340957 6714565 6264907 6348058 6103393 6367367 6585279 6285357 6311233 6020310 6182357 6550890 6131413 6421525 5917995 6557342 6579808 6497809 6433035 6331146 6531116 6163601 6362464 6200032 6413794 6158412 6192570 6185070 6511644 6051342 6452836 6368694 6406465 6322876 6523852 6390900 6120093 6169342 6013463 6672797 5701974 5966701 6621539 6154245 6510487 6379067 5916964 6400973 6296435 6797855 6056168 6442936 6366259 6468166 6420498 6014438 6190650 6301745 6056369 6688842 6194321 6469371 7034058 6679604 6251445 6592128 6516924 6156967 6192382 6492587 6323503 6371417 6578111 6696828 6536979 6506296 6189057 6245378 6291414 5837601 6296538 6296900 6207288 6398136 6329078 6616072 6297424 6619663 6386046 6460932 5643684 6230254 6363219 6188429 6590542 6252789 5964825 6244065 6619249 6216937 6317964 5773786 6375000 6565794 5850703 6762638 6857635 6704559 6602846 6414684 6303482 6814896 6130529 6390018 6799146 6048134 6407116 6601023 6512176 6307469 6240193 5960083 6076943 5865726 5959098 6682682 6416013 6293740 6226843 6284565 5885122 6549470 6476042 6247018 6515957 6607699 6504419 6167756 6223069 6738508 6119827 6436255 6180969 6639950 6196336 6576935 6214639 5993662 6384090 6501731 6129414 6425263 6073941 6293553 6370313 6704805 6258176 6126482 6956063 6499810 6067088 6175102 6719112 5969511 6380244 6267709 5960428 6196271 6175121 6449569 6459341 6074490 6414691 6530034 6556331 6686726 6611894 6541027 6423358 6648506 6240565 6129203 6232926 5774197 5957438 6940381 6688533 6139527 6369084 6349069 6400355 6457868 6027603 6714589 5883454 6434810 6765347 6327446 6350416 6328127 6419739 6271718 6656687 6206903 6310978 6293762 5887697 6152098 6242736 5965805 6515595 6851313 6399188 6367904 
6503395 6143212 6493558 6153901 5886111 6323746 5781421 6284397 6076104 6271392 6166249 5771252 6182937 5650169 6017040 6111631 6088687 6153811 6257267 6406010 6674905 6559781 6507321 6190773 6148906 6003615 6244435 6334895 6503309 6524034 6008583 6186108 6301572 6075406 6029782 6700993 6767010 6243495 6462798 5988247 6547075 6408132 6044525 6162506 6523609 6507932 6341434 6437560 6586380 5937661 6234973 6945240 6440725 6273998 6172577 6784815 6238230 6579976 6129597 6394059 5931602 6511333 6221293 5982549 6401018 6089409 5720769 6065662 6373133 6358280 6742793 6377073 6430929 6954738 6051275 6121941 6067547 6336688 6172548 6773380 6297452 6478197 6132769 6343516 5950149 6311862 6323029 6519818 5933351 6675606 6057981 6243939 6393514 6181046 6399251 6376566 5884730 6574580 6355313 6385926 5978542 6492445 6499036 6426625 6443149 6694488 6241326 6262940 6496770 6079980 6429712 5944874 6290778 6225783 6280744 5918205 6656415 6426889 6049765 6481170 6833854 6407249 6226550 6607349 5949419 6344937 5564792 5762179 6602177 6064319 6735682 6167805 6055297 6309570 6003339 6455915 6108312 6586196 6610848 6501691 6371786 5777800 6261860 6246941 6369722 6666689 6047403 6105563 6865425 6543453 6159244 6640361 6578586 6144311 6295991 6398382 6418826 6124762 6262015 6547669 6642348 6363253 6161116 6418073 6181296 6267306 6337715 6268274 6197833 6310818 6059525 6623780 6124689 6749459 6549574 6448449 5577694 6304293 6358783 5887865 6586379 5977812 5954191 6046026 6533534 6189469 6217011 5832388 6301452 6744445 5888708 6808986 7072672 6653182 6653519 6077480 6358541 6669931 6111390 6642603 6808399 5822944 6324312 6297608 6454159 6251325 6053064 5817164 6097967 5894592 5909369 6344962 6361972 6311229 6155796 6130360 6136531 6430854 6292591 6307017 6497774 6793422 6456264 6258385 6163941 6741830 5990642 6437254 6163668 6170408 6344498 6563635 6381172 6126335 6390845 6353305 6097168 5958404 6276856 6257019 6203182 6716048 6078097 6016174 6600699 6293760 6153922 6283720 6482371 5623803 6343923 6354209 6164501 6116429 6161982 6610242 6665432 5980998 6359480 6450337 6597767 6706259 6489913 6722482 6496634 6437490 6228788 6274927 6323085 5767435 5983259 6789801 6721873 6152314 6470855 6343637 6088861 6636252 6162755 6460373 5823765 6384841 6463055 6468309 6063204 5889511 6453249 5866822 6360107 6129014 6253628 6214620 5882157 6152279 6318476 5642611 6449552 6689604 6211694 6276162 
6295521 5886085 6030532 6306043 5918941 6341215 6036195 6190801 6282930 6486443 6324539 5526891 6118016 5919005 5994324 5806634 5887800 6188103 6115591 6116532 6773761 6124123 6383596 5930162 5935013 5798824 6037459 6072335 6471229 6438770 6179789 5958723 6119222 5826379 5969815 6732417 6350372 5963022 6417237 5946810 6348877 6107181 5764471 5968963 6344936 6511356 6197001 6152845 6536244 5978410 6000430 6844752 6517961 6004084 6095562 6600981 5839453 6339422 5829056 5922062 5530117 6280633 6018766 6167011 6159960 6160210 5818274 6035484 6033641 6155539 6221857 6121285 6455862 6602087 6152822 6069402 5895018 6463698 5850045 6904764 6419138 6516555 6021166 6040055 5632315 6299532 6231195 6362099 5968837 6454657 5904678 6213369 6264853 6006210 6235913 6267417 6171705 6456806 5963861 6552528 5921650 6296636 6446743 6166629 6138474 6393637 6274418 5798787 6062583 6121118 6507973 5969340 6144781 6078720 6255013 6033174 6106635 6221763 6207475 6123367 6408280 6308883 6156646 6286655 5765787 6486569 5534783 5669637 6522135 5769646 6588987 5942943 5899169 6323353 6003242 6278272 6217135 6420328 6491395 6241635 6074409 5846639 5918712 5943071 6020584 6784103 5860752 6018029 6542334 6463491 6139456 6512962 6073424 6124682 6318468 6338599 6335972 6148999 6244447 6464963 6482873 6121197 6098194 6198528 6070729 6019164 6367730 5988706 6266541 6028010 5994450 6346514 5872486 6416427 6021701 6390458 5609841 6024828 6061738 5652770 6419107 6035870 5673502 6219945 6429846 6112184 5939874 5755282 5853836 6339952 5776367 6549864 6848063 6413155 6405756 6150398 6306345 6465203 5856480 6615922 6687594 5835978 6155864 6151962 6208384 6085279 6213908 5935533 5960218 5848587 5413462 6299435 6201424 6218783 5688225 6027311 5893579 6417467 6319642 6297338 6381933 6346325 6288768 6031216 5954166 6494165 5846474 6499366 5908558 6021348 6464402 6519918 5903565 5566164 5940198 6313927 6094126 6172805 6087604 6203007 6205735 6758677 5982641 5641956 6342460 6181363 6128850 6321159 6447367 5849417 6198953 6345615 5775752 5740453 5840379 6337555 6037011 5757249 6354050 6283489 6517331 6688819 6038857 6751427 6367793 6336521 6075909 6235351 6100226 5668931 5894910 6796706 6675285 5822267 6267915 6480777 6200406 6292118 5780411 6327518 5692139 6097731 6406885 6103829 5872175 6009345 6358110 5764519 6327159 6061223 6426255 5971784 5851643 5949993 6182533 5801470 6120983 6482928 6171177 6210393 
6993058 6716478 6773742 6617803 6480003 6963178 6702899 7151888 6922911 7166025 6897702 6214528 6783358 5936345 6722829 6900574 6555743 6726984 6612539 6822378 7607609 6825706 6862177 6957780 6709952 6491448 6523079 6857472 6954404 7193984 6705447 6566488 6940354 6453558 6783604 7391860 7015983 6993915 6931543 6802063 7016034 7077633 6617885 6803854 7150994 7402131 6770370 6913404 6936249 6465838 6661490 7508906 7105458 6944842 6662030 7543740 6688654 7090567 6450199 6997947 6613310 6915053 6703854 6787810 6745194 7035105 6562068 6706056 6773062 6852138 7041379 6804294 7073921 7513878 6888420 6727658 6644500 7030993 6531749 7524704 7159033 7295959 6821168 6975305 6469527 6947729 7145665 7253370 6986204 7270659 6735751 6891521 6928448 6686962 6976878 6752461 6782901 7071373 6667803 7243743 6444661 7090573 7189206 6824086 6852482 7021023 7170526 6523098 6828604 6728997 7097033 6732687 6750128 6883351 6896833 6825206 7032400 6791060 6754181 7036938 7386796 6990361 6663879 6752574 6750116 7158894 6429349 6422171 7345688 6382133 7254440 6815341 6502520 7048059 6798611 7102577 6887889 7566359 7389988 7071939 6995767 6339542 6726240 6686650 6798311 7355764 6882636 6855535 7202727 7064262 6720606 7220673 7121505 6831647 6987803 7104588 7000091 6840645 7415221 7019925 7131714 6864252 6525430 6900781 6658061 6805233 6894663 6895782 6946691 6776944 6809844 7144110 6517700 7090760 7093017 6851044 6348259 6706798 6598450 6599595 7504075 6647355 6647138 6949975 7238495 6878558 7007701 6634201 6973381 6826383 6526079 7242001 7423563 7179540 7270480 6812641 6948925 7372365 6531949 7311070 7445690 6596745 6835401 6998094 6966443 7018948 7018646 6500757 6660123 6277572 6195052 7085998 6923434 7108755 6770766 6605259 6931608 7039915 7065349 7204255 7324195 7195297 7215207 6846600 6766646 7254712 6477351 7117939 6731513 6904430 7177699 7287564 7270181 6333784 7014410 7039029 6573603 6744911 6713684 6690137 6668201 7094200 6600012 6363198 7192538 6921882 6634260 6549216 6755854 6385316 6803493 6852932 6699627 6542253 6651864 7117727 6847063 6712964 7060050 7361167 7235923 7253162 6967632 7135623 6941624 7103145 6967811 6857740 6742095 6302433 6482821 7317777 7144433 6468506 6860078 6795755 6613815 7144732 6960193 6860323 6394893 7075781 7167128 6987028 6696613 6708698 7088795 6362366 6925122 6826564 7020123 6777856 6451725 6753521 7052708 6239076 7127688 7152158 6785014 6984264 
6553667 6308418 6429593 6381491 6082755 6049299 5938937 6360281 6286598 6420480 6375327 5955159 6262139 5909378 6077577 6207923 6173072 6391617 6109300 6066511 6752728 6357832 6429726 6061137 6229627 6238632 6262760 6497951 6629040 6596541 6310627 6088491 6518045 6034046 6180511 6809860 6454063 6339108 6383311 5852794 6467297 6558508 6240620 6250548 6514493 6638061 5950360 6241732 6568344 6135022 6189288 6977085 6148571 6491935 6269980 6675544 6176769 6254706 6003846 6181310 5953077 6468438 6297152 6210805 6294178 6338287 5761894 6226718 6403747 6514446 6397002 6327637 6581033 6769955 6125467 5888834 6110562 6227919 6142588 6817389 6638734 6904527 6308810 6277571 6075815 6348889 6243143 6730857 6040627 6659646 6075314 6126765 6545685 6245880 6403164 6276827 6337766 6780505 6114423 6432000 5989218 6845117 6414216 6253623 6421201 6533150 6548216 6259755 6100010 6283012 6341178 6021510 6409434 6087432 6177676 6195493 6396958 6330855 6408450 6463598 6956153 6318050 6215606 6635497 6075169 6446235 5703066 5892706 6891978 5987983 6430939 6292140 6221579 6691337 6082019 6431728 6117849 6614512 6733185 6465974 6289438 6077717 6214731 6331151 6375093 6866007 6311778 6203664 6999286 6649936 6220331 6445276 6462993 6346179 6320968 6584210 6453747 6107350 6381886 6323270 6533478 6227904 6236033 6487517 6209248 6170754 6429367 6237645 6304848 6391565 6210670 6415905 5803428 6528389 6461171 6501862 6122738 6195487 6232435 5928162 6526129 6105261 5840813 6309216 6574937 6179685 6216635 5835089 6498516 6502962 5765300 6509276 7018146 6667450 6358444 5950482 6220917 6700103 5978933 6613009 7005302 5983784 6366245 6626678 6357552 6321678 6156627 6029152 6120710 5999040 5901747 6577102 6191850 6336992 6094184 6144763 6060548 6556720 6290945 6398751 6368151 6507377 6470628 6151209 6101844 6624864 5913631 6353846 6275759 6483480 6386366 6528505 6582063 6113575 6258014 6599653 5985068 6298278 6293751 6271965 6321052 6748089 6045831 5677285 6714215 6389160 6274573 6280624 6309188 5889543 6570825 6217277 6117784 5992099 6109101 6548142 6433207 6034049 6437038 6477924 6603001 6616206 6411895 6599739 6290344 6594239 6479202 6243407 6179923 5832996 5915438 6810434 6731001 6180461 6160621 6406772 6174067 6436567 6223845 6450077 5782408 6172967 6565757 6118921 6047865 6077258 6492109 6182684 6351340 6324585 6502935 6226213 6067508 6343825 6371689 5866040 6475567 6537301 6225174 6308750 
6573011 6449752 6232578 6161950 6016285 6020486 6009358 6267725 6271042 6584226 6299024 5665346 6294237 5658040 6077172 5904979 5910776 6267040 5995814 6014693 6660062 6103888 6622562 6310096 6083077 5950952 6396729 6329549 6439186 6485163 6123336 6235058 6441917 6236364 6044071 6779492 6358691 6116801 6536011 6174315 6299552 6282200 6197225 6050780 6384406 6620599 5686736 6205062 6651394 6050976 6125911 6761497 6379638 6460882 6132323 6883806 6144482 6364723 5987024 6312704 5657965 6382968 6387361 6205217 6379372 6499989 6015975 6218000 6392005 6392625 6189243 6420489 6387921 6375180 6280625 6146340 6231363 6410397 6011702 6979370 6466955 6553129 6475293 6383829 5771932 6124907 5991085 6435760 6168096 6446244 5857005 6134885 6424326 6025610 6236575 6089288 6103594 6601558 6070865 6336737 5919996 6579132 6383446 6346844 6262552 6606185 6359887 6260856 6129390 6092205 6388001 6124580 6250064 6034053 5992091 5971456 6034924 6236023 6274562 6317159 6665247 6288246 6240088 6549617 6100623 6329825 5564812 5774767 6465463 6160045 6326794 6424817 6051688 6460742 5855394 6337935 6195022 6293880 6682114 6423423 6343485 5600502 6074136 6343473 6033612 6749285 6317278 6170225 6550555 6412789 5835064 6757665 6325915 6160038 6209975 6415237 6310541 5966526 6321170 6527265 6295451 5844561 6446474 6245965 5989674 6166440 6294883 6202759 6071182 6176965 6356113 6425722 6216810 6536078 6292045 6421057 5801342 6122083 6441874 6040247 6514866 5782980 5900831 5947651 6575666 6081657 6056645 5638601 6351601 6357193 5887098 6784785 6960542 6361717 6361649 6162019 6265041 6628538 6009121 6292723 6593719 6082627 6252022 6125641 6357875 6229353 6084031 5708609 5950533 5950492 5674791 6370040 6185278 6600318 6286485 6034250 5976063 6350850 6281174 6526882 6378138 6439599 6450283 6011189 6076925 6557818 6176868 6563943 6205126 6336727 6334947 6495740 6355004 6066105 6166902 6548393 5951037 6028871 6136796 6085215 6083814 6558701 6017243 5519771 6368344 6163721 6090013 6140167 6321068 5803669 6261017 6032965 5892324 5981268 6081734 6273114 6112791 5856412 6474972 6557114 6401570 6535276 6379328 6351575 6253590 6360122 6515499 6430694 6339031 5640847 5780449 6811792 6709116 5856180 6093612 6316145 5972190 6325960 6053191 6336295 5758394 6282799 6725308 6429880 6173774 6262423 6482029 6009908 6394911 6142125 6314644 5976082 5738838 5877701 6117691 5858541 6149779 6585401 6336318 6281441 
6622954 6310913 6547385 6365271 5971650 6486099 5989253 6564984 6597893 6592897 6211409 5949283 6272703 5619920 6227906 6300734 6212655 6550492 6208485 6433099 6701855 6203508 6519226 6216228 6033210 6070863 6193478 6345167 6296408 6646813 6237960 6152826 6615620 5986566 6171122 6728683 6662130 6325706 6479331 6310773 6477052 6500702 6519427 6347669 6706671 6618907 6083391 6677845 6505524 6089686 6428390 6785067 6664171 6550538 5982196 6486541 6224936 6675403 6055685 6286229 5975295 6575399 6230876 6351058 6488193 6478617 5948505 6206829 6634052 6459872 6533767 6385274 6777916 6819577 6189349 6348823 6400912 6506293 6193562 6969398 6675353 6776443 6406695 6265309 6105846 6234660 6400750 6816712 6216454 6707704 6222268 5977630 6641628 6153111 6497032 6610552 6172141 6697859 6131805 6481461 6131243 6631755 6513741 6130836 6421849 6589696 6672228 6162149 6288872 6197767 6654510 6289647 6139349 6136368 6547446 6170999 6444386 6339680 6174918 6502428 6899568 6386453 6541329 6639500 6054214 6515348 6101213 6132754 6764881 6174021 6507055 6205409 5936567 6397117 5938296 6556821 6154714 6911473 6856084 6452320 6606535 5955974 6150129 6378243 6131336 6867212 6343266 6309902 6732493 6851574 6151187 6943952 6168982 6289028 6132026 6460595 6377216 6386299 6655164 6589573 6384788 6366314 6298270 6420024 6401219 6270933 6241918 6460657 6086524 6524127 6303100 6602731 6027622 6552303 6559641 6324259 5749661 6070267 6139062 6110463 6672285 6420414 6085771 6369921 6755327 6131580 6464864 5952259 6488093 6495893 6121781 6793974 7228258 6676723 6711121 6162096 6403408 6854135 6181182 6581699 6933088 6058039 6167622 6332769 6502729 6181714 6205672 6106619 6262703 6014955 5947438 6633305 6403283 6513126 6371711 6026408 6457346 6523206 6433693 6350118 6575048 6787292 6573221 6333453 6166420 6826947 6175446 6704057 6338158 6202142 6449750 6779783 6337640 6160988 6504076 6530542 6362154 6183757 6225256 6426264 6288309 6634096 6309557 5578217 6726983 6584380 6370274 6306602 6376321 5887603 6707975 6399625 6084353 6161488 6156106 6772927 6340392 6207869 6523734 6688504 6677357 7097050 6454554 6733490 6525181 6515700 6286956 6297973 6406153 5942515 6130286 6790028 6720446 5981349 6446145 6491212 5954282 6831235 6400079 6244487 5968718 6494160 6750280 6601168 6333653 6119936 6599337 6428578 6490269 6487486 6692854 6219276 6007245 6427504 6352450 6176625 6613619 6822324 6369670 6265700 
6806846 6549341 6636323 6375635 6329415 6613877 6349425 6773292 6767201 6881819 6439227 5942397 6504408 6210616 6325765 6555423 6418339 6800988 6211524 6373990 7059404 6556230 6768522 6505740 6398652 6340369 6517374 6507242 6736692 6895810 6179929 6394548 6655678 6327365 6693128 7083973 6934917 6340926 6697913 6438374 6794337 6688357 6583629 6467919 6876404 7090436 6246376 6796503 7121606 6328978 6649862 6941023 6822593 6536036 6503738 6821181 6303475 6969415 6095616 6455143 6054905 6617491 6621327 6387341 6705701 6688869 6349277 6495046 6690162 6658869 6355305 6560506 7072136 7037129 6578609 6457542 6574551 6792368 6300610 7292936 6765976 6972272 6850004 6745074 6321049 6710926 6500168 6714847 6439007 6928884 6553126 6184968 6680969 6619961 6522107 6404432 6627351 6826193 6353487 6872962 6339940 6825774 6879379 6507983 6540397 6642720 6804401 6284080 6700147 6654648 6744708 6424957 6517955 6150649 6692133 6471923 6652316 6686183 6688112 6722295 7035070 6649189 6513632 6731256 6402292 6856849 5834092 6240070 6807575 6419285 6926027 6337127 6395048 6671341 6546516 6697503 6754152 6837398 6747047 6852085 6439127 6206308 6443356 6567925 6429072 7153962 6736964 6548342 6907165 6743251 6382340 6825485 6348933 6795506 6589699 6923610 6634343 6596520 6799558 6813532 6942649 6539767 6506396 6639738 6410022 6719573 6685585 6702849 6847178 6519116 6581137 7058736 6594261 6939241 6801426 6803258 5904777 6604055 6719529 6496901 6906663 6332347 6321831 6227361 6891648 6522900 6566240 5936030 6658444 6708347 6127112 7050173 7309661 6891455 7041145 6205949 6541488 6920159 6199676 6606896 7124921 6455820 6646828 6499537 6859362 6535997 6481171 6054950 6441394 5953368 6109841 6904293 6785810 6944162 6348730 6546737 6489102 6569796 6846141 6857184 6962892 6995977 6710094 6386195 6468743 7175295 6153134 6829127 6412617 6717340 6838865 6811085 6950407 6246096 6514998 6882392 6481108 6465521 6454338 6770037 6487794 6961819 6360193 6053791 6782852 6590134 6540680 6516587 6578550 6072314 6604375 6270042 6394047 6128568 6248516 6835374 6604682 6147952 7001961 6860073 6914401 6992376 6590326 7078233 6653242 6713749 6468191 6629536 6684791 5982509 6210751 7130628 6829008 6402821 6741990 6596272 6518055 6725725 6321978 6741243 6093264 6833760 7073455 6661065 6464525 6402436 6889164 6208586 6509257 6650320 6865086 6677760 6175584 6394276 6474469 6209833 6614783 6774520 6411059 6682175 
6748539 6480142 6484895 6350274 5981517 6567341 6164011 6451611 6564495 6834874 6458359 5743102 6225558 5825914 6314580 6207270 6355626 6558119 5792795 6533466 6668198 6091966 6556527 6436105 6093110 5915219 6536944 6447733 6703949 6582208 6410605 6173138 6521082 6095753 6465361 6919132 6752701 6250007 6595025 6293951 6742762 6685538 6572258 6533610 6634855 6549351 6236833 6585865 6529142 6139821 6389633 7072365 6528380 6353546 6471056 6682340 6424371 6579504 6387450 6533528 5928544 6432957 6272757 6138652 6527682 6504964 5823508 6579046 6563542 6385584 6362397 6494732 6764031 6957733 6375231 6153168 6219325 6375322 5966857 7184400 6566676 6673714 6552538 6479751 5737431 6593628 6440650 6492879 6324230 6656011 6026250 6269498 6584870 6302529 6444047 6423593 6158182 6658105 6337760 6606852 6091612 6582874 6670383 6398497 6509724 6715094 6373674 6244804 6211066 6247926 6585532 6488373 6487553 6465571 6364050 6034770 6321985 6228174 6512846 6611640 6799868 6632338 6223668 6766162 6009816 6530628 5646680 5854000 6741665 6072772 6912860 6462603 5958189 6688090 6070211 6585364 6317319 6632125 6789262 6502867 6366287 6088076 6230303 6210117 6297759 6886956 6504861 6267946 6826178 6768421 6131063 6685557 6342518 6452620 6440423 6784134 6622647 6401083 6845661 6935926 6483780 6276888 6326754 6654182 5971725 6397615 6692930 6437375 6704970 6488836 6433119 6716281 5987448 6711093 6700143 6646239 6244799 5986488 6224790 6028620 6698406 5914238 6350689 6263478 6729014 6245798 6339906 5960975 6390909 6553954 5911376 6800949 7210962 6579497 6702189 6097641 6439963 6916664 6203141 6704569 6906118 6124503 6347023 6318963 6797260 6610692 6422668 5981292 6074659 6220863 5837585 6558382 6422748 6385033 6140023 6319117 6576995 6721196 6567685 6685967 6641162 6530537 6694184 6199306 6331471 6761123 5813706 6915127 6203846 6248668 6520095 6944876 6348073 6103648 6226021 6419693 6349101 6327799 6389110 6369040 6341617 6878196 6238791 5660272 6688610 6533256 6341866 6552694 6576054 6015951 6573625 6281631 6223786 6161209 6071165 6623473 6430316 5960035 6478605 6505268 6873467 6854823 6577957 6729183 6539314 6834694 6305657 6215379 6409418 5979996 6027468 7208121 7081380 6161779 6391061 6244302 6010055 6690229 6263960 6597388 5839025 6179926 6704414 6524435 6187302 6271064 6502001 6186324 6415862 6576210 6347973 6392391 6222725 6061422 6570259 6019841 6350647 6565841 6265614 6401559 
6539439 6235308 6547753 6443371 5911995 6342687 5994727 6169296 6528426 6442068 6127589 5861881 6207353 5844768 6261805 6072872 6148897 6354559 6034040 6256650 6665352 6293090 6592807 6061767 6020863 5942546 6196804 6071881 6463188 6622844 6062698 6186499 6624995 6075372 6023972 6907189 6652580 6012730 6431171 6360792 6490594 6210068 6167327 6149598 6609366 6866234 5998428 6723509 6419378 6027888 6254871 6656619 6544990 6398511 6234896 6815789 6336159 6371971 6202457 6116585 5967665 6141838 5935260 6335902 6407557 6452187 5917415 6091887 6519327 6320301 6285095 6419128 6757567 6857203 6083656 6058719 6301601 6360209 6090107 6908021 6535551 6474159 6254026 6531555 6239259 6578216 6292329 6604059 5984876 6634067 6179524 6049119 6408656 6246278 6556945 6249454 6084584 6542105 6142894 6582154 6110380 6508157 6468854 6296184 6423672 6494577 6343290 6062445 6115008 6218873 6483081 6206273 6449732 6047979 6446207 5911956 6321861 6460924 6302267 6411157 7007285 6531216 6229824 6512128 5928993 6607042 5569884 5868288 6715928 6017048 6596885 6276233 6178213 6496025 6125073 6605333 6132708 6428301 6381920 6338364 6507754 5844385 6277193 6418273 6129165 6636189 6287989 6031258 6606269 6329322 6150671 6613973 6311384 6200975 6173693 6722993 6285203 6092084 6562161 6880114 6585783 6545875 6351428 6309912 6258087 6300710 6125773 6460552 6301216 6446071 6008310 6735860 6372685 6693681 6491965 6484357 5537972 6327128 6225906 6132833 6759048 6193749 5895089 6108095 6734069 6158766 6253785 5993787 6431711 6549922 5865814 6900724 7030891 6651457 6589099 5967534 6058891 6803481 6034314 6663983 6711592 6079038 6465081 6211563 6404734 6217688 5970550 6007335 6040795 5722258 5817974 6639004 6285293 6402858 6090806 6274568 6234426 6393084 6409175 6361768 6566209 6913772 6522746 6025232 6202010 6718352 5848092 6641022 6336295 6602423 6531277 6618498 6572548 5994369 6288036 6410823 6345399 6181149 6466894 6327197 6083765 6630084 6261263 5765933 6528569 6494276 5948424 6126589 6413019 5774799 6249980 6348864 6131163 6132777 6245490 6568881 6562818 6081125 6373771 6343799 6752147 6749943 6469906 6863973 6586102 6716630 6271217 6075680 6216533 5612684 5972400 6907966 6690844 6082223 6518365 6277050 6092351 6502613 6212203 6395628 5830113 6353234 6747963 6221507 6155977 5859344 6327692 6161339 6466301 6141201 6577221 6124732 5986400 6151397 6111588 5792856 6318956 6417979 6283957 6245956 
6721129 6608855 6489009 6749317 6134124 6482330 6156801 6341362 6552989 6736702 6345498 5930598 6434750 6100462 6274313 6423196 6424577 6764339 6399208 6449175 6982219 6465475 6704558 6515346 6238179 6364807 6369120 6370808 6809582 6985851 6328327 6146543 6505010 6229563 6602729 7015626 6998976 6630610 6740649 6359703 6953563 6570965 6454695 6449429 6943807 6869424 6364680 6585005 6588223 6195818 6318165 6915928 6842124 6509123 6123731 6613746 6434923 6949032 6350773 6464863 5986882 6454582 6191810 6430862 6329860 6588192 6174734 6159578 6744964 6408154 6539565 6549418 6795281 6902976 6343680 6420127 6207970 6520558 6107278 7167337 6765705 6703296 6554000 7002608 5966364 6648385 6577622 6863909 6384694 6933043 6400360 6228873 6925328 6537442 6558756 6710641 6482566 6732830 6482461 6737188 5840023 6853956 6730336 6142122 6670930 6661945 6510578 6374509 6593993 6420191 6753699 6585494 6331962 6169752 6267750 6541789 6642729 6368983 6605492 6814922 7089493 6506406 6436606 6721803 6053032 6971233 5788520 6174730 6856151 6192174 6957571 6459143 6126247 6930101 6042475 6584443 6495157 6927006 6795502 6706284 6460815 6424891 6442674 6221867 6548985 6781969 6710947 6329752 6894399 6934018 6324778 6857664 6529023 6433653 6368147 6780840 6749958 6448769 6643713 6961997 6888777 6258670 6218228 6614706 6188953 6619018 6348231 6318406 6643576 6742630 6348703 7192398 6012825 6815890 6661594 6625691 6104266 6432956 6477328 6147665 6822615 6379708 6259622 6539703 6855388 6525022 6423585 6076709 6680243 6638301 5972040 6959226 7274680 6947369 6700641 6195144 6430404 6869566 6099056 6778005 6731170 6135558 6718431 6819073 6692429 6689314 6520644 6121084 6122223 6288473 6016546 6715371 6421368 6520965 6324740 6523450 6355149 6723010 6811499 6537185 6862534 6694983 6817236 6334647 6282125 7100767 6020312 6726025 6276881 6705441 6416540 6862473 6692395 6241521 6628249 6635138 6375560 6341152 6344947 6442880 6339504 6963236 6415520 6047257 6976727 6631963 6407690 6526601 6610942 6292261 6731170 6346973 6341236 6165109 6325886 6509788 6904488 6170240 6760097 6734127 6613707 6703637 6664219 6870705 6711540 6681385 6611333 6400169 6724180 6004217 5954246 7032809 6893554 6359236 6212134 6625721 6305688 6802907 6501218 6419183 5828008 6505401 6669334 6586973 6530690 6177816 6731429 6368472 6673709 6311681 6587593 6371645 6273207 6133220 6660915 6340243 6587600 6735627 6301190 6336304 
6797403 6585094 6462602 6577406 6242838 6570792 6341290 6470009 6746283 6841477 6616691 5896400 6410086 5833010 6235100 6383371 6271634 6611352 6368232 6301916 6925346 6612935 6555006 6227297 6354702 6341887 6497238 6608148 6849411 6874137 6501078 6304247 6771242 6292449 6478586 7158489 6797520 6357548 6829025 6583934 6836450 6437608 6244847 6443422 6865607 6879796 6300741 6513503 7020872 6314168 6332389 7088407 6507033 6523827 6450240 7005898 6554728 6768545 6563859 6722590 6268897 6601570 6624326 6357748 6534311 6498361 6261944 6440278 6731972 6588359 6658672 6577530 7006123 6999914 6421455 6183726 6577932 6736685 6480298 7055619 6864326 6957119 6629470 6730313 6336449 6532210 6610544 6880466 6173099 6583511 6354339 6329703 6657204 6442826 6680795 6510939 6529823 6899128 6453198 6618785 6062962 6945313 6917666 6466459 6398302 6621639 6413583 6351893 6566966 6236257 6769140 6814581 6911249 6378180 6381775 6490881 6585413 6279088 6623527 6976217 6920025 6730252 6343644 6558588 6162691 7033050 5881955 6316349 7181536 6032294 6762540 6559366 6582396 6645915 6517751 6812104 6443692 6689086 6899907 6674977 6630384 6008270 6556471 6321594 6582349 7176638 6548438 6294193 6833381 6735176 6275138 7077085 6446603 6649819 6622280 6849192 6348486 6359296 6839862 6950237 6684371 6670826 6651204 6490666 6380597 6318029 6636735 6475101 6565065 6731320 6374903 7064518 6383377 7034822 6662817 6589823 5921438 6373182 6668429 6379079 6941003 6347668 6523287 6360661 7030732 6546695 6249567 6130357 6732329 6683305 6357325 6959659 7362254 6952583 6792353 6273546 6650825 6741521 6223410 6899417 7007976 6246546 6560973 6580577 6686689 6583678 6482726 6121708 6440510 6295151 6108590 6871767 6522251 6814047 6430654 6450922 6562791 6916610 6422682 6732209 6818775 6856429 6709808 6454928 6507777 6960143 6024155 6696365 6239846 6674367 6697454 7031296 6794107 6220746 6504854 6742818 6295885 6244351 6510306 6562670 6352800 6993403 6542315 6040040 6799172 6660081 6736276 6654295 6894317 6352585 6491939 6628957 6581244 6427670 6472143 6699724 6691849 6143844 6662815 7135764 6738023 7035509 6771980 6887521 6778788 6819108 6745306 6549950 6591850 5956984 6182946 7296964 6912630 6362278 6333689 6741021 6404982 6775264 6331308 6771694 6037617 6637657 7031749 6636464 6238666 6394395 6899070 6414223 6743913 6374523 6729205 6431800 6401230 6275840 6816025 5953616 6422543 6720438 6730825 6377562 
6871262 6399466 6484759 6696480 6239809 6503882 6210494 6778983 6521826 6893013 6474910 5980416 6377764 5944774 6227341 6520637 6552411 6789283 6263558 6465678 7133566 6609328 6743413 6713373 6331220 6447457 6187853 6434295 6780300 7098446 6332101 6209698 6614791 6405681 6463401 7130265 6806059 6568323 6933666 6376676 6832315 6557027 6609608 6645350 6964262 7008919 6550562 6656270 6867955 6604600 6286898 7012909 6726443 6520235 6282800 6901774 6494109 6617542 6329188 6240205 6023318 6560135 6579863 6202763 6765433 6757128 6231439 6209294 6537391 6583461 6450082 6625206 6912684 6762280 6450616 6421344 6439375 7082182 6414919 7133681 6931026 6878240 6564488 6534760 6273425 6701501 6732901 6790978 6342959 6771855 6242269 6226069 6702864 6467717 6605535 6727408 6545667 6577625 6442805 6716574 6150857 6996722 6754326 6485846 6504693 6619390 6831521 5988069 6705240 6581848 6630785 6525221 6573677 6123306 6451683 6299461 6567591 6619477 6486247 6704935 7250815 6722480 6335422 6780338 6411401 6699631 5827853 6237452 6894376 6350997 6953115 6617442 6157020 6497986 6395271 7018885 6171126 7232300 7043374 6843090 6839372 6295340 6407662 6566890 6275326 6978304 6448029 6591270 6981961 7091086 6222117 7019902 6514993 6612486 6550113 6905724 6588960 6535018 6801588 6726983 6797951 6454673 6333505 6672311 6675207 6716590 6611297 6503671 6618203 6659464 6452917 7134119 6466289 6872036 6577786 6573659 5819065 6466410 6384422 6195896 7053105 6447273 6313611 6578313 6924173 6581102 6522255 6168994 6514716 6457656 6166733 6806914 7522688 6880803 7038381 6486476 6553894 6992552 6372141 6903187 6900904 6492375 6607931 6556315 6574241 6613511 6637350 6075013 6527135 6314426 5996703 6817481 6507345 6884081 6426789 6387314 6326307 6882089 6878027 6538357 6762039 6698769 6487328 6483330 6227301 6967826 6232784 6803660 6491632 6504749 6663271 6831655 6545669 6340434 6474670 6837265 6523642 6534331 6348425 6644655 6358616 6856570 6436914 5886410 6878318 6716699 6422091 6440853 6661859 6280464 6876403 6583838 6439661 6282305 6327871 6766766 6811092 6180934 6580884 6878806 6774927 6884989 6728341 6922966 6710216 6956442 6523458 6490894 6567979 5865332 6269469 7039394 6962156 6186637 6517576 6559019 6466293 6627356 6427046 6589429 6090530 6781837 7182170 6526571 6624689 6324320 6727306 6082026 6526103 6356814 6644437 6547148 6250352 6229225 6513180 6236276 6731280 6894741 6455371 6586705 
6376407 6410393 6545263 6538749 6031538 6434939 6453428 6514823 6651923 6902214 6602999 6084673 6224874 5772311 6218977 6450618 5972483 6423833 6165234 6166665 6878959 6561868 6801553 6520702 6289180 6297742 6659523 6489364 6721827 6842406 6239452 6297260 6758709 6232117 6161646 7029588 6771910 6521928 6794978 6373892 6605209 6551713 6208039 6294050 6852769 6895102 6262221 6441272 6825869 6102809 5986326 7049578 6624310 6519368 6363888 6957876 6688124 6767184 6186379 6487605 6098548 6586930 6492445 6297331 6340794 6567049 6263993 6446333 6587506 6447132 6588028 6434921 6910224 6840384 6478771 6283030 6417474 6757293 6307671 7176566 6896234 7086070 6594800 6521482 6133890 6615324 6487763 6875457 6398779 7034748 6325989 6174996 6995797 6625833 6659631 6272460 6429458 6712794 6514744 6550776 5943161 6608082 6853477 6423755 6740099 6638735 6237230 6310305 6573857 6356048 6628320 6521902 6487163 6367187 6505544 6384478 6298353 6477618 6429574 6645936 6818062 6739990 6293901 6522010 6095039 6656335 5857049 6134615 6837397 6098075 6706237 6395998 6310940 6627489 6112692 6620441 6402395 6427724 6908074 6686170 6448294 5989559 6711727 6403194 6255754 6629265 6408031 6232263 6890793 6657599 6217454 6921960 6322011 6613628 6847381 6876832 6495339 6412309 6618245 6717721 6741958 6309643 6457785 6425937 6448975 6592511 6409629 6528488 6374741 6765225 6315761 6800410 6212252 6955902 6407550 6748465 6196172 6332426 6582464 6178924 6797669 6416410 6314877 6513244 6882066 6324756 6482760 6130546 6743754 6515303 6166909 6652642 7019059 6694200 6588153 6328323 6389848 6917550 6416195 6948322 7091265 6071108 6376182 6568652 6870612 6765312 6205646 6241402 6201932 6409591 6226975 6714679 6423129 6673105 6359670 6322660 6342941 6644360 6444638 6722822 6735706 7060509 6505513 6412749 6427516 6770522 6150814 6630484 6465982 6712657 6535569 6766032 6462867 6441709 6573448 6795250 6254072 6235832 6393535 6530461 6132780 6776797 6062353 5862341 6994812 6776166 6196942 6471169 6724493 6245742 6668586 6441688 6625956 5979339 6269071 6611244 6618489 6194150 6679505 6672927 6555864 6960855 6400377 6701189 6611282 6699845 6548835 6467666 6153247 5975110 6210478 6996213 6858726 6195167 6545112 6600245 6112249 6463894 6250979 6601447 5946896 6302409 7018646 6662067 6433401 6218194 6605672 6173720 6742330 6434716 6665695 6485543 6200141 6368912 6405391 5931266 6576361 6678485 6238874 6389466 
6174158 5904989 6168296 6210152 5808022 6048623 5799865 6101780 6184770 6270021 5914739 5554101 5830165 5554486 5875585 6047153 5766207 6352891 5608343 5868858 6412060 5992413 6411490 6021751 5878512 6026354 6180902 6043619 6219006 6447666 5794436 5819950 5889681 5641649 6157079 6590392 6222578 5937943 6293820 5899511 6194423 6091773 5925024 6041089 6501201 6194690 5648054 6443519 6022967 5861295 5959817 6281123 6149995 6002293 5973389 6525875 5922109 6080810 5855260 5760948 5564448 6157227 5736116 5980633 5900767 6101843 5547975 5958528 6191203 6122497 5951912 5964287 6374727 6848012 5916346 5875769 5976587 6082154 5847362 6506563 6135297 6085533 5943355 5935202 5767248 6058420 6326033 6337518 5820772 6212319 5710079 5895046 5788287 5862996 6072901 6086705 5876069 6187761 5769079 6175674 5804747 6146524 6346310 6040302 6223547 6087556 5804985 5685072 6079888 6132295 6158720 6070717 5969627 5899148 6062767 5954720 6032869 6151885 6103098 6067868 6254311 6246085 5849718 6145738 5832566 6378592 5370901 5408650 6531928 5704239 6529781 6278910 5669210 6238966 6140722 6566388 5964369 6065979 6446514 5891358 5756573 5625745 5850008 5890215 6066717 6539387 5919690 5936528 6423327 6150433 5893809 6492721 6058264 6173754 5971097 6187773 5992648 5990226 6295401 6192342 6347305 6059879 5986426 6134610 5893523 6038903 5957130 6170934 6044697 5872882 6101414 6457681 5937323 6302342 6260747 5887634 5276333 5859010 6109013 5689665 6323104 5915508 5620885 5901853 6302879 5936921 6033358 5844836 5737499 6170227 5750386 6540734 6581735 6234091 6227850 5710493 5835476 6238944 5914247 6172508 6461779 5608267 6090747 5950086 6338653 6056412 6100915 5679109 6108402 5592651 5465041 6041659 6226548 6197728 5789864 5970057 5796892 6310372 6202720 6151544 6402203 5968885 6046508 5862536 6067385 6449571 5692672 6373433 5740021 5910106 6322827 6424854 6057655 5687905 5904822 6217519 5895599 6169151 6005044 5836867 5998293 6203679 5842865 5390752 6431426 6071990 5932884 5787296 6219804 5729931 6110023 5942974 5784253 5624971 6001703 6186677 6148561 5765472 5984010 6364283 6076938 6341881 6027310 6369202 6283866 6569735 6001040 5718042 6085297 5578816 5861011 6682580 6324448 5588910 6026425 6272439 5889423 6186185 5805908 6101815 5613886 6189918 6168916 6004960 5921925 5773735 6222906 5770254 6181928 5832910 6260707 5992501 5810797 5754474 6174926 5604191 5776296 6234134 5977217 6037041 
6654859 6306406 6308898 6245214 6151406 6409620 6031343 6482622 6508570 6489122 6288637 6079155 6437897 5699786 6189137 6525934 5947012 6486063 5891937 6380800 6743603 6287108 6744371 6292393 6242787 6244080 6061807 6524166 6501490 6667828 6190322 6106434 6636645 6159105 6222897 6984044 6565594 6291777 6577988 6271735 6658709 6407776 6410340 6492972 7052185 6727289 6317695 6695016 6471910 6155338 6508964 7023715 6474374 6545111 6111536 6656742 6165598 6172539 6326372 6364772 5978682 6680666 6369945 6231238 6323687 6595245 5901728 6528476 6577961 6455482 6291135 6541130 6801527 6892811 6273894 6202767 6286599 6515286 6163056 7055369 6677754 6748143 6591969 6613574 6164107 6471933 6247770 6887176 6315187 6732843 6059834 6090188 6655434 6018170 6579716 6473108 6280542 6632460 6115114 6566944 6057148 6691811 6568496 6255422 6572173 6634529 6626463 6113238 6365906 6223329 6449985 6280854 6362484 6326778 6361254 6216190 6480817 6513708 6263764 6513625 7007850 6450610 6492268 6693595 6215837 6764644 5605470 5862410 7081892 6103542 6965492 6334323 6035233 6787910 6051244 6647635 6181721 6713873 6618060 6626874 6259251 6174402 6318563 6286095 6353618 6931089 6330917 6148737 6859987 6693618 6390043 6579589 6563139 6459393 6244600 6515831 6529168 6718591 6630445 6775837 6609619 6601979 6250375 6475413 6064783 6298113 6442756 6632061 6263341 6463906 6183604 6587508 6309875 6724831 6612935 6594383 5764902 6389061 6256827 6273298 6875398 6111581 6303983 6084449 6712203 6409484 6472047 5861062 6384190 6519217 6270402 6853669 7268837 6596437 6558694 6402291 6300959 6820744 6083090 6798907 6974436 6173006 6412208 6436478 6633408 6310310 6281728 5826002 6125725 6073891 5841499 6445310 6653424 6574983 6295986 6302591 6496479 6488970 6388746 6675859 6651167 6748797 6469065 6405126 6329138 7120788 6086693 6457149 6267358 6345000 6511293 6882470 6477889 6295532 6482163 6572183 6419930 6429577 6191312 6144884 6394897 6606674 6229528 5766413 6700286 6689064 6155071 6241352 6580097 5834160 6464543 6213687 6169949 5909524 6381653 6418494 6500314 6238418 6486004 6648352 6612979 6592856 6682402 6833646 6572385 6831883 6222421 6348934 6371022 5844925 6130541 6958168 6857767 5915800 6440145 6480052 5956996 6594523 6418790 6441083 5927152 6267218 6717252 6500385 6340598 6166038 6658496 6214008 6612301 6200243 6518135 6282389 6133606 6283542 6336927 5843564 6436636 6738251 6118537 6347317 
6572865 6095278 6488112 6554655 6023073 6332915 6045589 6559288 6517828 6544868 6541955 5791400 6100125 5746713 6371244 6379045 6081884 6493343 6085617 6308330 6949922 6335470 6548494 6531654 6053799 6450405 6275541 6268715 6395869 6749327 6105451 6126470 6452445 5932159 6075004 6922449 6551760 6209780 6699904 6340966 6590171 6721191 6333759 6548192 6619887 6915644 6133812 6753070 6628095 6326259 6304439 7015515 6771592 6650481 6158502 6989851 6436182 6581107 6047786 6069046 5934751 6315544 6279847 6582045 6462450 6426185 6148591 6167009 6346011 6616583 6297806 6455393 6597722 6941244 6226245 6200058 6366703 6596984 6141112 7075432 6596317 6696142 6269704 6482424 6340958 6537162 6538473 6964079 6293838 6795687 5946575 6412581 6535789 6330713 6424765 6432224 6157074 6681674 6204790 6639051 6134184 6468962 6709060 6508072 6423271 6544880 6440719 6158957 6521470 6391840 6667063 6449462 6244623 6326616 6525959 6070248 6550612 6182164 6393808 6663438 6749759 6451904 6269433 6522069 5991211 6633397 5789000 5871858 7060735 5991180 6756312 6362418 5924103 6636555 6259104 6502968 6372361 6826552 6831618 6628600 6317176 6039638 6413047 6271647 6320856 6852827 6393150 6265887 6965097 6579687 6217083 6849895 6319553 6527907 6232642 6634281 6326481 6518231 6659438 6591553 6797222 6538394 6502133 6315630 6594046 6496579 6544291 6435381 6275621 6447352 6328945 6696496 5897034 6645775 6436262 6515591 5994666 6371100 6109244 5896050 6698924 6326863 5962020 6248703 6689397 6236026 6511064 5945816 6432091 6586139 6105334 6992862 7154639 6590438 6795635 6393045 6599216 6701494 6176129 6839448 7073896 6071162 6368897 6367986 6456003 6329866 6071306 6127917 6210306 5981057 6158097 6698529 6386016 6635752 6373860 6302886 6395425 6411898 6646201 6635764 6675358 6509591 6485475 6302797 6259805 6677121 6246562 6538265 6275433 6572125 6552100 6720936 6252549 6056573 6153700 6555818 6175475 6238818 6024101 6566581 6488514 6644268 6392742 5792676 6771325 6611527 6392862 5928288 6482911 6159084 6489132 6360978 6333333 6351361 6127980 6497088 6535761 6191361 6845332 6886118 6533849 6976631 6478047 6843299 6319527 6476224 6092982 6272458 6394529 5862143 6245863 7038091 6827245 5995877 6325513 6596150 6515724 6616971 6228904 6362442 5534146 6400842 6742905 6555774 6233767 6300883 6629341 6151551 6486446 6196712 6394387 6365532 5981206 6557887 6250728 6099199 6518500 6633861 6150927 6311628 
6310151 5965131 6153316 6207259 5942521 6329205 5879151 6201326 6381513 6296894 6028620 5832631 6285874 5528438 6026975 5982922 5893144 6037920 5933817 6218464 6414639 6058779 6457436 5872580 6015533 5789224 5835953 6277056 6402168 6497999 5969971 5719403 6158899 5881921 6016511 6453796 6275658 6185457 6196033 6010780 6147470 6236164 6094633 6076225 6553047 6567877 5946561 6398847 6407588 5904256 5992787 6518142 6014682 6020371 6022610 6523363 5992018 6340190 5870902 6236769 5776884 6164485 6019264 6062962 6196029 6231303 5635630 5961853 6211101 6258001 6340507 6286997 6430660 6591368 6026748 6155511 6042058 6419670 5595582 6715080 6201977 6522367 6168790 6357530 5846767 6261000 6144634 6405307 5861724 6527938 5803788 5931148 6356002 6081245 6331022 6150975 6040658 6581642 6098389 6342073 5910245 6228354 6197050 6336144 6234481 6492429 6149087 5857701 6024044 6195363 6444934 6129960 6063362 6065903 5903244 5967819 6112687 6110177 6126944 6114679 6663163 6380133 5999608 6275861 5760267 6208447 5496647 5750203 6591247 5705292 6534449 5979906 6067286 6408146 5883998 6576817 5991064 6308167 6462490 6055549 5974602 5807902 6075617 6069583 6159308 6746356 6138803 6063708 6521539 6382918 6100909 6636245 6344639 6224393 6333783 6396659 6181252 6098553 6410208 6338452 6196481 6171038 6131113 6353535 5842075 6037594 6132143 6118045 6128180 6127094 5888698 6539922 5847857 6374906 6321617 6221920 5731958 6166907 6086960 5939885 6562270 6242522 6006770 6120475 6371991 6039521 6207047 6068611 6102474 6269832 5834932 6419004 6674294 6537375 6393156 5714670 6236046 6515704 5827114 6562789 6496708 5948105 6045307 6045582 6313243 6263004 6156400 5619267 5824326 5607326 5794541 6324052 6290212 6364963 5893905 6015837 6416552 6304405 6027076 6493844 6558790 6423644 6453627 5966594 5963432 6464869 5885697 6431559 6095485 6288288 6290191 6501342 6113950 5926598 6243986 6403618 5912417 5770466 6160749 5830237 5895554 6283255 5992693 5506542 6591844 6483913 6086461 6051824 6343621 5660747 6079209 6037262 6312646 5858598 6055130 6339924 6380276 5732510 6401285 6337184 6538152 6691259 6142385 6762557 6217950 6573426 5995106 6268106 5984702 5333824 5881060 6525578 6649093 5690197 6108579 6300266 6093407 6310544 6102176 6183364 5670494 5848912 6464179 6015078 6116547 5774818 6150510 5841644 6387783 6194438 6238339 6014843 5595787 5898242 6327295 5572308 6100258 6449171 6066559 6085420 
6253352 6363614 6327206 6429639 6071361 6208187 6298354 6419408 6287571 6621202 6282703 5938926 5938495 5488836 5971592 6412749 5996228 6295911 5989373 6137239 6803441 6155582 6308653 6373152 6128583 6065889 6287980 6061912 6337454 6663307 6143447 6177071 6456871 6170474 5942186 6760113 6370297 6510187 6375874 6096667 6537102 6533895 6297894 6059487 6402948 6593335 6151185 6568230 6775764 6170113 6172221 6830710 6585203 6330538 6105191 6805520 6241648 6549608 5992057 6228263 6138324 5976678 6243911 6170125 6153239 6480712 5868752 6152402 6436197 6542774 6436289 6379301 6442410 6557568 6304556 6118462 6326325 6247368 6111060 6608456 6858125 6327007 6397883 6215382 5755274 6477847 6437011 6467875 6147565 6721459 6084624 6381213 6427131 6072641 6394776 6161415 6133857 6416603 6142295 6541337 6002456 6484410 6625079 6187575 6734401 6462136 6460423 6182429 6303986 6376081 6635535 6243069 6160693 6077936 6180727 6175551 6189884 6242505 6540234 6626627 6801698 6334631 6202540 6580791 6003043 6373538 5524343 5792920 6574829 6085744 6627699 6321603 5855112 6459854 5883038 6659961 6340354 6545898 6858931 6316502 6430690 5721090 6229180 6314643 6160901 6596639 6260166 6487340 6746331 6694893 5930426 6644528 6367936 6280768 6319599 6801124 6468338 6321305 6620428 6531487 6447352 6316140 6265283 6505529 6071188 6209814 6372766 6083905 6225667 6474610 5958632 6697895 6048997 6549729 6627525 6384793 5924139 6057210 5998779 6178072 6624529 6257185 6044987 6315669 6731359 6163625 6409433 6048938 6323512 6176403 5960067 6494947 7126590 6485318 6552292 6127330 6021591 6599702 6204038 6486663 6824737 5886481 6321884 6322032 6522509 6504251 6182820 5972343 6062555 6131031 5980962 6685050 6186219 6292550 6278157 6210017 6214523 6286285 6288126 6348937 6367338 6665161 6510786 6219113 6315801 6695212 6149915 6766020 5839480 6520501 6436766 6734885 6316062 6059438 6272778 6300181 5971368 6226758 6097421 6481422 6144366 6967403 6144286 5844416 6507444 6527613 6117962 6057339 6731287 5980005 6487747 6292318 6226341 6203788 6039468 6601083 6298889 6284211 6380012 6300243 6480183 6671813 6422972 6368514 6365086 6614866 6369835 6251813 6226100 5537081 6160121 7091937 6839131 6086850 6314733 6402317 6210028 6414592 6270346 6306413 5695144 6461663 6440719 6354045 6362522 6236662 6269646 5946062 6571014 6229468 6472625 6240175 5890121 6398417 6220852 5722748 6183030 6778362 6142134 6493246 
6488590 6143154 6103857 6168468 5743276 6084100 5950830 6040927 6125600 6380580 5956086 5380928 6180412 5349886 5807342 5956100 5730893 5970557 5795383 6125458 6615522 5928661 6437594 6242413 5937463 5938566 5912737 6074250 6241198 6302363 5960435 5827974 6303503 5685431 5912894 6546564 6368256 6017439 6253996 6033940 6396062 6051655 5912249 5861619 6277093 6360965 6032217 6366027 6302583 5731257 5926144 6545138 6077650 6299749 5980516 6576421 6224616 6305064 5794602 6028810 5514592 6193104 6195635 5863479 5856718 6256484 5604817 6271050 6057101 5997683 6299383 6144300 6444362 6476692 5953359 5862700 5903441 6142076 6055287 6687304 6360500 6342094 6152202 6279393 5533677 6526880 6051599 6339149 6043979 6551024 6007446 6082032 6590089 5976112 6152014 6012988 5917490 6586104 6004574 6377359 5732835 6255558 6173337 6016781 6167723 6303683 6018504 5766223 5854276 6017598 6065913 5935518 6021920 5909067 5817994 5868477 6241605 6123081 6065250 6021533 6622413 6245224 5899571 6350054 5755042 6143200 5504097 5622293 6515845 5628140 6690161 6067866 5999824 6251587 6006291 6382884 5936509 6357869 6419870 6553096 6204877 5974819 5870708 6078838 6170842 6512304 6111151 6127346 6412893 6494525 6029015 6533093 6135454 6300114 6228635 6291693 6223537 5934287 6138672 6355259 6368415 6004777 5966167 6283745 5723321 6065573 6105289 6066833 6235458 6333820 5907471 6380577 6001759 6707228 6384980 6252603 5667632 5749347 5841044 5711114 6388950 6080973 6145507 6221234 6286015 6050735 5895335 5622650 6115126 6386534 5540509 6595603 6819975 6405140 6450815 6034657 6238344 6600889 5751215 6307743 6327174 6156386 6197385 6191895 6462731 6086041 6270002 5756943 5690775 5862898 5495565 6402803 6283723 6385052 5823119 6088048 5978200 6224900 6213476 6098293 6404036 6253490 6358132 5820032 5927544 6603037 5722936 6470693 6227159 6072004 6306081 6370092 6189357 6158957 6050004 6144028 6147355 6241754 6055195 6196855 6089225 6611118 5981298 5620018 6305621 6163270 5712456 5935396 6147358 5922450 6024888 6043355 5976500 5733392 6189538 6326940 6385921 5820312 6427505 6399520 6406012 6609406 6215455 6616554 6301832 6264173 6195388 5998799 6100298 5440157 5627736 6691318 6394708 5717820 6070340 6155911 5925379 6243234 6006341 6148937 5572947 6022467 6406803 5971730 6175184 5947372 6151562 5909943 6582862 5892633 6201182 6160539 5894362 5936616 6134641 5804742 6102275 6404656 6283776 6068526 
6677512 6349125 6638340 6414700 5958762 6451260 6204247 6499229 6670810 6648933 6241785 5830274 6459743 5890158 6190756 6288755 6562424 6628852 6005043 6362333 7061503 6301365 6644422 6302891 6275998 6240211 6166700 6451856 6388572 6555881 6325390 6406952 6448013 6191399 6241101 7046161 6611677 6366029 6604169 6105545 6489540 6494778 6301577 6104183 6653882 6630986 6380239 6742678 6701495 6190444 6367726 6997244 6369261 6268085 6434085 6860796 6312840 6293779 6095132 6293036 5940477 6682741 6336973 6334664 6369918 6541931 5947467 6373764 6470294 6505298 6471100 6548329 6783209 6766953 6147908 6195055 6405526 6453245 5860378 7135414 6652041 6789167 6570455 6439067 5986896 6628257 6588598 6643141 6148776 6639885 6355075 6105565 6448928 6203009 6507307 6424476 6260673 6639700 6292414 6551263 5930514 6783366 6465470 6492631 6645666 6416324 6252123 6131964 6428762 6210100 6464224 6226195 6157689 6038404 6382951 6258486 6490297 6485367 6488697 6604739 6700283 6597856 6108201 6585291 6393502 6633921 5687152 5931958 6902221 6032796 6560041 6548151 5862378 6531270 5981098 6970638 6227138 6778103 6426789 6530277 6695900 6049742 6447431 6113292 6207751 6982429 6403687 6196954 6791404 6751408 6118107 6527584 6393749 6105871 6284204 6636714 6370045 6106840 6637564 6647786 6608002 6378175 6468823 6330698 6287827 6283832 6551825 6194182 6194199 6466794 6297559 6670882 6317040 6841180 6592702 6712688 5850009 6328064 6313311 6240466 6668438 6202703 5952310 6386693 6729765 6329199 6400428 5920856 6403901 6739572 6244671 7027079 7009671 6496817 6541921 6102709 6399565 6859410 6250809 6628870 6932563 6211968 6198701 6734595 6612097 6278967 6357329 5845330 6284438 5888135 5814163 6520074 6428383 6469949 6121103 6199423 6197255 6465262 6511794 6632085 6568772 6417441 6558626 6193628 6327111 6813692 6000757 6517669 6227666 6516649 6559392 6775459 6608627 6395742 6424414 6457955 6149048 6114518 6364211 6328496 6281352 6879707 6149819 5913220 6662597 6560036 6183233 6301237 6554066 6109627 6498754 6365229 6012418 6031292 6509074 6491476 6615942 5975583 6438567 6732856 6479973 6877710 6337633 6730623 6540035 6712874 6161654 6236849 6333804 5742676 6023106 6958171 6854378 5950095 6519703 6372793 6082591 6582600 6256319 6308755 5907767 6355041 6442111 6460606 6445512 6249526 6663764 6089187 6372122 6192226 6448162 6138929 5925399 6160373 6313324 5886937 6412610 6484936 6358570 6553388 
6729789 6380906 6440634 6376523 6124711 6268280 5938273 6383398 6475878 6757674 6363093 5597854 6286176 5577680 6221432 6147469 5987896 6206120 6232716 6474603 6747885 6399420 6569203 6366057 5960850 5992792 6166855 6483208 6688480 6600698 6092778 6096639 6472338 6025129 6208489 6657593 6853746 6434245 6627330 6221538 6499815 6614192 6323309 6281331 6729639 6729361 6216978 6391096 6684127 5957250 6295762 6786299 6620935 6282181 6206847 6904042 6068355 6518984 6241129 6371512 5912209 6297288 6435238 6045374 6420985 6243743 5990149 6432700 6509633 6409429 6289861 6447988 6501217 6757477 6352557 6162953 6264134 6550274 5861798 7078441 6455816 6731487 6354584 6466512 6092039 6442867 6265645 6653033 6100440 6684540 6192656 6109090 6735592 6277201 6459133 6612862 6099678 6774144 6257943 6447274 5929546 6697965 6668021 6303340 6183331 6687901 6412697 6032905 6272074 6079672 6523995 6235206 6520441 6187628 6364735 6337048 6406691 6375449 6185870 6424495 6773626 6398814 6346815 6574361 5852235 6660251 5788881 5969158 6747435 6084321 6317527 6561228 6152084 6239599 6172447 6609699 6110122 6665756 6840666 6665853 6345200 5932160 6442127 6247162 6368781 6729083 6416794 6353302 6803931 6585064 6193444 6648964 6339902 6495821 6443806 6516872 6333053 6332374 6413551 6325561 6361392 6360578 6150005 6280570 6267951 6055335 6339196 6320634 6420969 6714371 6340116 6512174 6084745 6710749 6295567 6637980 6004383 6199879 6194168 6043009 6704190 6200508 6108033 6366215 6590934 6290642 6213123 5780041 6445022 6303850 6078063 6713617 7032746 6593312 6661287 6371320 6312399 6728488 6092251 6329464 6931941 6160358 6459664 6237246 6582026 6550825 6439195 5919171 6120997 6053891 5914182 6472287 6392243 6610643 6249227 6384549 6128745 6718973 6476884 6382751 6665795 6614337 6442558 6185215 6274571 6466192 6115089 6578378 6408279 6323012 6615037 6866597 6280833 6198094 6463637 6679860 6187783 6280470 6256811 6280470 6484412 6625122 6256512 5743666 6703273 6228147 6118367 6234034 6292994 6011700 6508619 6384384 6352040 5971219 6147768 6446216 6478279 5854556 6646797 6643537 6727180 6866223 6302360 6858456 6745432 6417208 6363074 6299304 6155138 5592409 5864110 6483797 6834549 5915021 6278484 6247077 6354279 6576856 6156304 6493351 5944884 6444905 6652443 6427799 6496222 6067665 6651066 6092159 6184087 6341758 6204231 6591822 6024152 6434474 6475987 5925261 6363421 6571448 6268693 6402294 
6892581 6378952 6504107 6279455 6083919 6461084 6172563 6695020 6555440 6753244 6544465 5949588 6162332 5952814 6444050 6261716 6112879 6709652 6392742 6278780 6925516 6214164 6570488 6236057 6225730 6261617 6304913 6608971 6583619 6597839 6369456 5944121 6858853 5967372 6215907 6977672 6510948 6197864 6643507 6368724 6544239 6603990 6325782 6432393 6767806 6688143 6313935 6689719 6736399 6218833 6391141 6838394 6677019 6356606 6481361 6761739 6323607 6681564 6167495 6229266 6008652 6552187 6564290 6435729 6717826 6556610 6149759 6426418 6499084 6750059 6455499 6326159 6414414 6749426 6294389 6161385 6309919 6629663 6018905 7116569 6643298 6886542 6481096 6497545 5778739 6568327 6269492 6849870 6155062 6848078 6137820 6483494 6714852 6141029 6392789 6470031 6394921 6957698 6221517 6563178 6196333 6837453 6455737 6542499 6444439 6674849 6343702 6224585 6460260 6393155 6802093 6436841 6379672 6168439 6484409 6362869 6512428 6314851 6398675 6503105 6967667 6403450 6319430 6673649 6130269 6566949 5740914 5995628 6979019 6294966 6624804 6294725 5982753 6508171 5953056 6666106 6547872 6888290 6543411 6720825 6314596 6070581 6341036 6069762 6482413 7108706 6632892 6257677 6890353 6693866 6459249 6876822 6580484 6383923 6339637 6841288 6580318 6341058 6624763 6436432 6559204 6530522 6359865 6509614 6139243 6553758 6459682 6457116 6434456 6502644 6397749 6800508 6482408 6816256 6714513 6555168 5912798 6459171 6404984 6087146 6718076 6332059 6260464 6308154 6653806 6572294 6451665 6176414 6314762 6608888 6011752 6856116 7149061 6526314 6927545 5988064 6647835 6601467 6287349 6791189 6924084 6232952 6254253 6514542 6357010 6612570 6415964 5855388 6059944 5887956 5812334 6508015 6426674 6708649 6460140 6242171 6478036 6656503 6484950 6537718 6680939 6835001 6648191 6347424 6063099 6915801 6194923 6756349 6521374 6369636 6594541 6694963 6366130 6055721 6410053 6506551 6355086 6351383 6301563 6285206 6298791 6623128 6425446 6010525 6610512 6726564 6198334 6340624 6457016 6244237 6723806 6500915 6335960 6330176 6145671 6565454 6501823 5940592 6742738 6781688 6728112 7032862 6337551 7043339 6384476 6627863 6369695 6520691 6172950 5782720 6163437 6870828 6917530 6175674 6253321 6545254 6300010 6705944 6444018 6211640 5974890 6369344 6828070 6303831 6510588 6315680 6629927 6374027 6529071 6452723 6481996 6235435 6399031 6241786 6424001 6033288 6488641 6631194 6430214 6361971 
6592652 6557845 6454971 6146570 6120068 6652287 6441726 6740150 6601875 6958864 6399721 6089197 6411211 5743984 6359215 6596035 6424012 6871875 6277903 6515246 7196766 6731677 6819738 6515013 6188766 6523016 6491960 6540199 6612849 6804069 6100313 6294401 6512968 6169412 6277472 6991358 6856543 6681809 6489228 6213022 6956433 6843757 6570227 6420122 7041323 7030669 6348693 6585784 6621332 6208217 6341364 7188163 6678096 6391505 6231686 6885232 6491274 6627705 6337665 6459483 6299119 6551175 6518239 6474358 6346548 6536489 5905330 6600443 6676688 6542528 6496477 6372014 7003190 6699967 6545293 6320359 6443429 6791617 6278608 7347488 6839864 6836652 6599099 6577476 6092214 6462554 6840485 7038376 6367715 7154179 6415978 6369469 6521438 6323075 6532712 6710230 6325718 6702517 6489805 6896012 5976058 6754913 6984175 6571833 6817442 6616796 6502743 6397051 6507071 6540037 6745989 6304313 6513883 6474543 6521368 6159995 6429601 6447777 6611626 6721983 6855038 6548000 6386198 6746963 5969764 6853510 6041193 6231490 6817894 6444183 6893736 6634604 5945307 6634105 6317320 6605730 6199129 6766078 6769893 6425951 6383765 6072736 6623019 6119529 6509941 7033557 6588861 6353935 7036592 6743459 6328708 6532638 6492393 6393832 6628885 6660567 6513182 6787281 6977907 7079023 6749524 6316479 6313819 6483560 6508707 6573900 6728741 6596347 6804344 6488707 6309952 6911278 6364726 6810900 6583158 6621629 6030372 6536458 6827169 6274320 6709889 6164670 6071337 6272569 7170337 6447926 6499830 6232653 6741688 6870579 6269220 6895737 7409723 6848853 6938886 6356905 6556523 7025589 6405293 6918377 6996174 6111765 6264069 6468451 6812323 6503783 6566121 5974765 6226921 6275423 6254540 6828999 6570727 6418178 6396995 6345001 6509183 6905529 6528978 6884671 6691848 6680095 6664961 6546341 6575486 6921139 5998189 6642636 6361861 6357003 6710828 6833492 6584529 6290315 6524251 6692831 6291557 6510312 6099631 6414980 6294513 6797727 6171665 6022089 6811054 6627475 6475176 6504745 6674091 6147171 6311466 6490862 6457623 6141554 6667530 6642026 6620905 6297211 6573604 6846584 6878547 7028606 6828587 6687243 6795659 7004928 6423593 6403200 6410591 6167998 6249821 7165597 6932174 6224184 6677761 6541380 6321138 6761006 6578494 6698136 6005136 6451244 6800745 6633938 6479651 6321364 6697349 6034631 6659055 6413102 6402736 6095825 6039751 6382093 6705878 6155954 6289323 6750985 6392383 6453702 
7098577 6654589 6687467 6681704 6423159 6602056 6513964 6912531 6617400 6967595 6493601 5945763 6465064 5952871 6605384 6593676 6391805 6700195 6298488 6699417 7252813 6743423 6890399 6748179 6532742 6417627 6651062 6763298 6665183 7150763 6465651 6494362 7032481 6566865 6575763 7100560 6885495 6613447 7040239 6523557 6793682 6866190 6528678 6742453 6890754 6975098 6339614 6691569 7088442 6574231 6562454 7185570 6618302 6639315 6587995 7232930 6604107 6967974 6255817 6626313 6252038 6691559 6561875 6679039 6677898 6714738 5880625 6470583 6698986 6751176 6648723 6944195 7060720 6902999 6685777 6277792 6537124 6734461 6358087 7189975 6947850 7092866 7073635 6700942 6340067 6943428 6891907 7075281 6674115 6797013 6456475 6458885 6787941 6311150 6689730 6816484 6560993 6736461 6709245 7033345 6502200 7041142 7055977 6507122 6871484 7092029 6764754 6479429 6703280 6651272 6857189 6822432 6687213 6761385 6621548 6397962 6605351 6728540 6781878 6695196 7318190 6757766 6688867 6856306 6523567 6750347 6103878 6198984 6811058 6534440 7007469 6575744 6332504 7024943 6357518 6821194 6760240 7002780 7142669 6433264 6742634 6093249 6660279 6532175 6369664 7007637 6803766 6753372 6977960 6931637 6432077 7020709 6620423 6570920 6796650 6879522 6738159 6448599 7048674 7033700 6768891 6737675 6727116 6575428 6361491 6575489 6775023 6849683 6860991 6802977 6816977 6968642 6510770 6932031 6775072 6627160 6311553 6483129 6782314 6359389 6860933 6109927 6405179 6756928 7238758 6763118 6517668 6132005 6819122 6938900 6276976 7049301 7591410 7020029 7167418 6641145 6656023 7071345 6651939 6901691 6965812 6380061 6770064 6655251 6906998 6789629 6591914 6360863 6432123 6524459 6138166 6869606 6731507 6801101 6518172 6527516 6588557 6829022 7019193 6811723 7060736 6666593 6880980 6702274 6649139 7166639 6258542 6975481 6570254 6653510 6911020 7127776 6870390 6529950 6843074 7090602 6608403 6536590 6859217 6567494 6461291 7229865 6484799 5936397 7119336 6495737 6905385 6543397 6805887 6342866 6732636 6694651 6543518 6360224 6627939 6997833 6790702 6253447 6774795 6957382 7193623 7217956 6998346 7327735 6784510 7030329 6970697 6539732 6891582 6104594 6429507 7382334 7102520 6409806 6632458 6726009 6488832 6972807 6731476 6670707 6208354 6669668 6906953 6674561 6681026 6528253 7148523 6093279 6738852 6440035 6688043 6459482 6534437 6570519 6680256 6359498 6652755 6931761 6580386 6435810 
7249581 6820796 6990634 6773984 6432349 6973662 6695253 6997600 7204335 7150818 6905711 6289057 6592113 6344982 6809945 6802800 6732148 7008278 6641331 6596107 7212645 6815989 7026098 6742904 6694591 6628870 6636672 6913267 6951293 7129648 6707789 6609840 7277422 6463710 6650159 7529800 7055413 6743386 6817492 6931103 6938011 7100999 6713733 7025606 6898496 7357761 6410063 7102120 7004214 6499607 6769387 7460912 7070385 6732908 6359692 7473741 6890576 7186430 6753970 6839226 6582598 7042523 6778001 6975919 6991227 6981125 6608089 7053616 6943756 6898312 6936749 6824332 7249494 7504135 6841675 6650492 6931072 6866503 6593222 7526373 7157843 7158239 6717305 6765185 6460499 7015145 6785630 7166855 6812114 7256213 6681605 6780128 7141184 6665169 6741177 6938420 6753870 7220987 6796421 7020485 6801426 7170435 6924306 6722107 6922305 7042457 6915131 6685660 6965633 6717323 6976683 6696858 6859817 6742472 6893288 6607574 7062065 6862163 6658916 6894574 7289734 7137901 6802361 7106762 6353173 7045105 6183884 6493367 7528884 6346236 6929361 6865989 6463777 6976799 6718346 6978192 6863693 7068826 7264265 7127266 6703800 6398595 6705152 6794421 6873956 7289887 6930181 6850581 7160617 7018987 6625004 7370024 6803392 6922681 6871643 7212903 7068379 6796135 7229497 7322794 7162067 6808677 6552091 6954721 6515746 6720122 6713074 6901219 6873643 6850431 6873000 7188012 6769048 7028838 7009261 6903955 6221274 6780700 6660458 6732891 7164428 6407862 6708915 6779022 7202047 6917728 6649168 6458135 6938937 6842307 6335940 7314582 7539172 7320464 7256419 6463504 6741463 7185995 6358184 6967819 7251963 6722294 6915435 6836654 7073848 7192173 6746045 6554320 6818416 6125136 6454849 7087760 6890208 7226013 6810505 6764864 6808558 7114133 7155060 6902620 7139538 7300717 6986272 6833848 6645822 7294703 6432683 7228732 6732687 6899212 7230386 7182239 7211463 6456577 6661240 6949040 6651233 6536425 6813335 6836772 6730942 7231829 6669262 6541949 7285833 7114541 6448591 6549108 6988651 6318554 7046643 6857543 6693970 6511693 6439875 6960012 7241014 6556246 7122489 7096726 7112982 7362745 6860347 7292485 6966297 7339457 6745404 6732414 6774423 6083102 6371407 7272875 7499965 6594244 6868134 6789318 6732370 6936195 6651061 6992193 6352090 6805528 6984375 6901939 6690810 6573074 7111556 6284776 7014481 6652475 6926623 6760168 6591633 6762301 6871490 6232081 6912640 7164277 6783010 6831222 
6693241 6576719 6418920 6412099 6051607 6381783 6293912 6815156 6592606 6517921 6181736 5840572 6060216 5767654 6590736 6300045 6304774 6662850 6261744 6200494 6936665 6105529 6623212 6392245 6180589 6273633 6379895 6459208 6558352 6789930 6292424 6109874 6441240 6253972 6296174 6887904 6700097 6263731 6551899 6487906 6579003 6511824 6200603 6494175 6773696 6996783 5995673 6463627 6578896 6251549 6188157 6659440 6386900 6269821 6472419 6996297 6411906 6676556 6154559 6025729 6074902 6416566 6357433 6491692 6388872 6368083 5857012 6552925 6486275 6571683 6180943 6332912 6497730 6672269 6246302 6101145 6306516 6543950 6038220 7010544 6569603 6708692 6493093 6309900 6067511 6629666 6253219 6651311 6181017 6677085 5942034 6329063 6526746 6170851 6493531 6376881 6155679 6766384 6153261 6776094 6073591 6569459 6503321 6395880 6606462 6716964 6462761 6192258 6562860 6315096 6497361 6525663 6430866 6470321 6307995 6241073 6542731 6349902 6352696 6500471 6926861 6488264 6322849 6765205 6207520 6726377 5707177 6113782 6812729 6196104 6956016 6230135 6068700 6418069 5987035 6672548 6336336 6740090 6767615 6531566 6495387 6086571 6357700 6418745 6470920 6620725 6662433 6262958 7107795 6701892 5995666 6906706 6520270 6343511 6291327 6762259 6453280 6425590 6689760 6765533 6702732 6382021 6352699 6421505 6116762 6364396 6513978 6303600 6594580 6439027 6299548 6849505 6264885 6737067 6351764 6355272 5908134 6169374 6416945 6174106 6922944 6349359 6278313 6559173 6591885 6711050 6427139 5827898 6603812 6341066 5908044 6545413 7009521 6765432 6661748 6244071 6461678 6627929 5971296 6738838 6847309 6249642 6543985 6522688 6937835 6698176 6356607 6007950 6261320 6210114 6144949 6638056 6229918 6554780 6128889 6204188 6560306 6446132 6439525 6323911 6628545 6922135 6517753 6160137 6278115 6812786 5992964 6425793 6304018 6505794 6487427 6661768 6553244 6155068 6406934 6541992 6258166 6215707 6416979 6007220 6290382 6686412 6305917 5862792 6702088 6446161 6276011 6081293 6533546 6066136 6689882 6410949 6278891 6201400 5989512 6471934 6474188 6005483 6541508 6777199 6662173 6645270 6623922 6697213 6583582 6697524 6223283 6559390 6427134 5758458 6149472 6961216 6801768 6072806 6337671 6356275 5910542 6341982 6102825 6581789 5839860 6420276 6679883 6263829 6534578 6240196 6698644 6075531 6439047 6228078 6649136 6391338 6207758 6170195 6676484 6009781 6563174 6619936 6364542 6373254 
6784557 6445777 6626769 6413790 6176549 6512474 6268410 6492501 6448099 6657276 6455731 5959125 6266864 5827264 6297060 6538899 6401511 6583334 6389853 6349880 6988907 6219896 6758101 6506435 6330474 6314510 6479079 6482623 6726533 6785630 6622873 6300053 6749713 6173175 6322783 6691480 6963671 6215607 6788400 6555178 6849177 6630150 6525526 6466867 6856504 6835720 6198697 6899322 6851557 6472399 6545395 6978851 6571725 6758412 6098262 7039842 6691291 6753307 6124175 6546875 6151656 6539940 6532858 6691820 6447491 6602808 5877058 6480981 6721772 6584237 6483450 6595584 6786696 7043041 6357103 6228827 6552566 6436418 6257121 7202193 6977385 6967015 6766731 6422176 6249320 6711246 6747774 6792690 6322118 6956034 6520158 6559034 6648570 6350164 6446188 6692327 6303127 6652134 6318509 6726839 6265902 6546557 6904939 6451856 6599526 6833827 6525387 6266285 6611588 6299336 6402841 6480012 6350491 6101175 6584583 6189228 6741907 6572277 6639625 6630827 7030602 6626672 6540756 6785241 6118973 6581787 5664760 6275535 6702556 6209831 6834752 6492245 6132145 6665527 6263843 6755441 6457126 6904356 7081189 6749721 6577209 5921473 6444987 6562548 6554231 6971306 6418067 6499757 6653715 6907467 6274526 6938878 6492405 6453919 6547520 6825858 6766075 6603374 6986037 6931085 6467119 6409237 6403571 6797173 6340823 6410361 6713963 6393815 6615900 6725155 6555237 6779886 6267488 6913228 6620849 6727120 5985484 6340511 6589940 6418104 6774891 6366647 6369130 6520954 6892802 6283557 6440306 6124141 6600518 6832485 5949793 6883251 7349750 6646601 6778513 6352863 6719732 6907601 6244290 6877289 6935603 6243590 6334503 6311297 6742919 6832443 6494767 6081384 6289469 6246896 5933596 6733278 6329905 6647984 6291072 6291368 6363983 6818649 6637833 6665632 6555550 6752591 6772028 6530040 6377649 6880588 6439925 6984450 6567535 6447207 6716777 6739712 6383310 6238985 6514704 6751794 6473058 6213189 6416318 6495425 6500483 6809985 6623098 5823679 6709950 6727782 6482578 6192878 6628254 6161374 6432375 6589398 6319233 6209746 6575496 6508515 6521350 6290371 6740074 6893110 6866018 6997129 6680016 6678028 6842330 6699184 6454041 6622930 6331044 5996103 6106936 6964869 6919341 6085989 6410488 6485149 6445873 6647171 6689997 6669909 5984501 6586053 6698818 6645712 6533060 6450156 6771399 6135288 6497077 6256351 6701822 6428366 6245277 6673988 6654418 6403766 6416855 6994960 6656915 6494178 
6794518 6676551 6535178 6628197 6406920 6489605 6461566 6873718 6650381 6913679 6648135 5971161 6461992 6244044 6521119 6606801 6436570 6690149 6469360 6550492 7118741 6715403 6702692 6525125 6462551 6642889 6749021 6805280 6849606 6822161 6274696 6585262 6921132 6675790 6538269 7182818 6832892 6776622 6862286 6309150 6879951 6754247 6623119 6558940 6962445 6972784 6233374 6950819 6855857 6453673 6425265 7170953 6821612 6769378 6570237 7114371 6602429 7078040 6522230 6376857 6083524 6521474 6197392 6723112 6590126 6857898 6254333 6819656 6856375 6899371 6748074 6485376 6921044 6982266 6518288 6348734 6692996 6515074 6361551 7349663 7083136 6923759 6710580 6701273 6289866 6683969 6775298 7187183 6550656 6968229 6231684 6349922 6959701 6638245 6597569 6741600 6645264 6841467 6587958 6761772 6470325 6805751 6942419 6433703 6817776 6807800 6647277 6696557 6362622 6510818 6844116 6578789 6523932 6549252 6554652 6511543 6364933 6532826 6752812 6363231 7030718 6670262 6693727 6832972 6253599 7020257 6005968 6045567 7013757 6266823 6714438 6616982 6304699 6750694 6513655 6609497 6652269 6975722 7155056 6513692 6727687 6446815 6675440 6535515 6445042 7119695 6655471 6701751 7081090 7020704 6542555 6619088 6551047 6467533 6652624 7016479 6800795 6559415 7255451 7035782 6835161 6759908 6618780 6954978 6250129 6531210 6586550 6577670 6606858 6775644 6744474 7226188 6191003 6754323 6851655 6721338 6069037 6463001 6346272 6482413 6977047 6107711 6272666 6613084 7095169 6539947 6558383 6184519 6624078 6898464 6115999 7030858 7445533 6791521 7169656 6331273 6457169 7078482 6525814 7018899 7218560 6425639 6827673 6686491 6656066 6588084 6758725 6077597 6215437 6365626 6124752 6970516 6734914 6587650 6334674 6303359 6591453 6734692 6754350 7030554 6635222 7144279 6778150 6660501 6533759 6957777 6264471 7097800 6416236 6508122 6866877 6958590 6573918 6133146 6617660 6962225 6544440 6641570 6720522 6643105 6479916 7037357 6474067 5828651 7007545 6794765 6369994 6407311 6641612 6306452 6715188 6859887 6550196 6414650 6474103 7027949 6720000 6515037 6780179 6749331 6947302 6944398 6764414 7211368 6869980 6979436 6849901 6630408 6942241 6082004 6376637 7189778 6781055 6320658 6834276 6954651 6694566 7047782 6657450 6429017 6084043 6793075 6926647 6778173 6754652 6547920 6831437 6384602 6915678 6613907 7008880 6527928 6581824 6464471 6834369 6509474 6698022 6830562 6583902 6656938 
6308295 6114279 6210322 6167972 5805867 6360898 5874724 6164334 6537205 6320295 6266787 5795872 6042321 5857182 6187521 6075808 6154149 6276157 5737341 6336489 6659044 6002960 6300952 6201787 6239950 5854236 6021390 6406673 6428768 6528338 6093902 6009227 6464622 5907590 6091434 6853054 6612027 6015235 6603636 5964564 6437850 6020484 6009201 5893361 6382667 6519547 6205717 6318715 6495146 6111874 6085236 6779739 6227231 6134617 6157197 6558642 6080553 6433761 5895130 6025025 5661045 6242431 6238675 5893180 6165922 6319215 5887878 6137762 6314373 6370210 6197828 6265704 6510625 6690246 5935777 6131023 6165933 6285855 6101998 6836643 6444340 6518856 6204702 6146865 5656133 6338417 6115938 6483994 6065706 6399230 6116365 5822569 6292745 6095659 6155053 6291139 5956953 6492653 5993788 6545701 5878989 6482847 6341699 6253727 6451558 6372113 6627335 5869459 6270577 6228992 6276775 6110626 6280702 6269720 6140959 5851435 6268400 5859378 6150341 6216243 6889739 6113223 6193782 6271020 5709279 6474568 5615362 5771555 6589093 5972780 6357598 6180253 6210164 6389403 6122930 6478370 6025658 6372755 6505625 6507881 6262421 5916915 5957195 6168269 6029505 6520581 6108177 6124881 6653815 6370171 6064334 6427409 6500421 6033813 6395876 6428731 6335517 5933467 6369272 6609908 6504526 5948862 6216056 5904812 6126274 6199489 6392682 6019773 6226940 5962377 6089225 6525569 6031459 6531962 6225879 6238185 5776149 6140548 6127533 5910584 6430014 5939197 5877417 6106008 6660199 6228861 6256570 5813671 6180031 6338561 5986607 6717185 6929930 6366395 6682429 5993227 6338045 6608741 5825436 6574690 6767099 5957337 6083146 6251969 6098119 6141519 6157063 5820931 5987323 5787735 5782777 6455668 6366987 6250856 6299111 6261034 6036326 6388707 6484098 6365445 6288005 6480049 6361110 6203452 5921297 6620147 5732865 6351531 5863756 6230856 6393370 6370929 6389645 5897423 6023090 6387440 6248144 5890942 6280304 6251183 6100983 6744364 5879176 5726849 6751806 6359532 6075552 5912941 6483266 5854935 6352166 5999848 6073547 5976424 6096422 6312737 6529623 5995554 6585646 6417298 6571808 6567814 6085562 6729537 6186779 6258495 6048870 6192268 6184560 5510910 5780698 6825537 6628912 5966860 5994155 6389812 5999952 6412112 6095284 6140904 5433244 6134439 6453965 6305019 6076551 6102031 6676143 5990924 6249062 6032689 6407902 6040487 6108927 6072343 6342663 6009312 6415307 6345072 6042966 6194691 
6661448 6127094 6178257 6283871 6207163 6055815 6156713 6431145 6304518 6590813 6256724 5735959 6166317 5528924 6159820 6000264 5988159 6523924 6113475 6121413 6646774 5921679 6421580 6188536 6264877 5878055 6052025 6273626 6519093 6460486 6045962 5899045 6293688 5935493 6048566 6644293 6567871 6091432 6295923 6194928 6357072 6494935 6054306 6049707 6450845 6503472 6051867 6309651 6553242 5855963 6110656 6874440 6460662 6254298 6193620 6840027 5830400 6346356 6121397 6276953 5643686 6273600 6457929 6256140 6233766 6184136 5693380 6205896 6136093 6363042 6337923 6400580 6435989 7008599 6044975 6105370 5963961 6431243 5954854 7040349 6707450 6695374 6398846 6314159 5834541 6384197 6070085 6601574 6009625 6429477 5910504 6380328 6681719 6127607 6388585 6265799 5956016 6653600 5902119 6308303 5933493 6505449 6248189 6335121 6236974 6571885 6455942 6080503 6250380 6126968 6380524 6038766 6319123 6048885 6227044 6102157 6311814 6259361 6185619 6406070 6668764 6250455 6145930 6289550 5949249 6600475 6100743 5830703 6733483 6065922 6560990 6043885 5919730 6499752 5812719 6662244 6185478 6523174 6671677 6281355 6190912 5813688 5795842 6137036 6165726 6700387 6376979 6322944 6726492 6331160 6237281 6681346 6306455 6189573 6329720 6394846 6232732 6331801 6412519 6379083 6636500 6325678 6155016 6141169 6060473 6243518 6481068 6179724 6033365 6259806 5915382 6420213 6001020 6419227 6419952 6296626 5763732 6122722 6055591 5833053 6601002 6042499 5981878 6051589 6519881 6231252 6359839 5815087 6378045 6533351 6078865 6710847 6998749 6574671 6642602 6029570 6424142 6610925 6173185 6442111 6802604 5762394 6176091 6178668 6580713 6502373 6239189 5977937 6017444 5920503 5530134 6645666 6123709 6392369 5973960 6189996 6083546 6318315 6105331 6530213 6653574 6490325 6660877 6261447 6121092 6745118 5866268 6189954 6252547 6155246 6457590 6428943 6242382 6091297 6368176 6461549 5808012 6250723 6099701 6096798 6572683 6683364 6141561 5708937 6671306 6315281 6226238 6165768 6209908 6021039 6184167 6115667 6060268 5923234 5987839 6224344 6070205 5781243 6370947 6641181 6524756 6630850 6296630 6455362 6483287 6521146 6294008 6411761 6289309 5882980 5791383 6633520 6724665 5823772 6194157 6075880 5939503 6519787 6122797 6464964 5620972 6399954 6601446 6166579 6139481 6020556 6448218 5951292 6303380 6332505 6232929 6104499 5779842 6203712 6301805 6052483 6402802 6419284 6124430 6070873 
6858510 6514340 6572022 6293185 6268576 6487160 6261088 6567583 6681496 6662632 6514014 6114859 6392457 6123384 6473319 6431076 6426488 6700657 6098488 6422613 7060739 6392294 6659920 6410817 6469794 6371308 6580235 6704192 6818200 6756021 6471560 6295466 7049204 6490889 6301834 7018057 7050921 6475184 6827430 6544452 6609341 6845066 6538024 6268765 6900216 6748892 6475890 6600647 6641542 6333074 6598286 7183937 6687641 6596254 6564025 7001790 6499447 6775742 6523043 6678325 6180047 6533029 6420570 6403593 6472330 6514760 5921845 6543415 6490056 6936750 6670580 6773184 7041424 7255285 6527095 6428367 6433048 6712249 6310525 7147852 6898410 6924562 6467967 6319538 6127969 6769403 6829476 6938497 6113512 6929539 6413775 6781563 6724765 6416400 6509065 6878318 6324753 6925996 6662853 6968009 6298848 6927285 6999910 6403502 6743151 6962786 6741678 6384965 6693900 6459605 6744642 6538167 6780057 6550301 6537010 6270546 6785366 6580729 6524331 6751452 7087508 6513939 6640042 6835249 6237999 6944476 6010911 6195221 7111641 6423974 6920240 6286172 6179583 6915349 6279062 6870922 6602698 6631786 6969304 6772188 6604656 6308324 6598131 6500547 6735488 7143814 6544388 6414408 7090335 6705247 6465297 6777652 6813657 6832998 6536134 6792266 6672434 6710487 6886093 6810219 6728630 6449954 6712462 6630231 6243375 6244902 6454421 6494602 6447752 6666398 6444430 6692396 6146809 7004752 6910617 6786554 6169746 6659597 6532133 6169487 6729344 6282257 6152181 6426350 7013391 6683952 6730588 6272031 6547982 6680114 6274755 7095583 7208337 7208557 6929843 6248023 6603545 6849552 6275591 6657336 7141982 6237037 6344540 6596833 7112897 6528507 6212632 6353388 6650596 6255086 6134550 6780371 6701679 6505150 6480803 6315727 6478130 6617192 6821824 6935173 6658615 6722407 6988726 6314363 6573221 7005047 6097780 6847722 6334577 6540061 6864297 6869249 6470296 6275089 6815423 6747592 6436726 6473371 6564227 6596706 6451513 6890714 6265371 6114484 6943851 6670430 6387460 6461198 6691615 6085044 6370471 6371468 6422982 6462247 6455802 6939377 6819649 6258690 6734382 6979390 7008948 7017060 6626876 7045876 6681272 6895948 6602210 6649804 6615568 5956199 6046506 6977957 7100120 6265247 6566216 6444099 6386163 6885183 6210770 6583286 5969131 6536524 7000405 6827588 6720766 6255509 7074886 6216372 6630881 6258243 6676384 6598719 6091547 6283679 6865799 6168553 6664207 6829224 6645457 6401619 
6729094 6361642 6461142 6140164 5874021 6322913 6004931 6289538 6473909 6442251 6299892 5809878 6179328 5660509 6456917 6461938 6049681 6502853 6026791 6187584 6710963 6309305 6429499 6334689 6016392 6115892 6186709 6279928 6357282 6685975 6161298 5834121 6731727 6252494 6209278 6899550 6727763 6317831 6432163 6421779 6469650 6275277 6362691 6301491 6684062 6531325 6181077 6498511 6332969 5957192 6351310 6563352 6454773 6369205 6310342 6755946 6328363 6511273 6374362 6146478 5935597 6387793 6161308 6279164 6416424 6306066 5996195 6242102 6418002 6481539 6362819 6095287 6669209 6821476 6270362 6283171 6567945 6343452 5990522 7089521 6704486 6733679 6367166 6464933 5950443 6488460 6379271 6736527 6324411 6603517 6250028 6173390 6493926 6182801 6298122 6355901 5997139 6597478 6242468 6321802 5864951 6734301 6473570 6432295 6361391 6630551 6165610 6100526 6324089 6155753 6356145 6199634 6206893 5980385 6107673 6068715 6193513 6315656 6298185 6403206 6932859 6343360 6234608 6447476 5929611 6674625 5806557 5953941 6810183 5833418 6744843 6209422 5928168 6435949 6142416 6632126 6184460 6738096 6654330 6350714 6326012 5790538 6489744 6261528 6155024 6960178 6292597 6119880 6653792 6640430 6364861 6749051 6398983 6229257 6239435 6693889 6415765 6224603 6678280 6713747 6523823 6249508 6429162 6576224 6163212 6099801 6277898 6245760 6402359 6510031 6460667 6624607 6128570 6412303 6590653 6528026 5999512 6124294 6216724 6123340 6645194 5967214 6123552 6332677 6610873 6359811 6077364 5825972 6313233 6288647 6178507 6740247 7047671 6973245 6617199 5984166 6407343 6631431 6298260 6875249 6974843 6092868 6017583 6242512 6615754 6306719 6401665 5684930 6062809 5860022 5845466 6522947 6277175 6549575 6146728 6045829 6207456 6419334 6319462 6444167 6448462 6508164 6369138 6135026 6281718 6759472 5985262 6216434 6262169 6286381 6614082 6511931 6550057 6063458 6517937 6537052 6099552 5990926 6433364 6202964 6052211 6845641 6129604 5776165 6861815 6516146 6360399 6197360 6661237 5781367 6424579 6263217 6103302 6280504 5979749 6660652 6375814 6077017 6485369 6774286 6541433 6784273 6522003 6785632 6498681 6771513 6284121 6187233 6217438 5753757 5943120 6767969 6854314 6094061 6438266 6166604 6093279 6617741 6330844 6391237 5902866 6112860 6537834 6635170 6274900 6091109 6716181 6172648 6515438 6157257 6386757 6146985 6224857 6098527 6480309 5833235 6213706 6635719 6257827 6350459 
7018915 6616510 6601211 6796874 6429741 6543243 6305440 6691195 6975106 6781439 6632736 5943914 6491907 6019954 6497113 6746353 6329894 6831551 6332285 6754141 7068211 6710473 6716327 6767748 6503346 6488415 6638190 6604723 6958133 7206343 6318671 6420325 6670599 6297516 6675879 7193694 6870183 6533678 6970686 6643773 6767306 6702543 6552232 6836392 6850317 7009835 6146009 6961610 7025263 6687667 6662303 7257923 6609667 6498484 6363134 7341291 6673367 6774222 6196436 6492591 6376730 6941270 6515522 6610661 6769773 6665290 6190646 6641305 6655004 6829076 6437170 6700949 7079935 7217518 6329533 6573299 6625428 6787028 6346988 7304078 6830856 6666303 6612505 6636730 6438659 6800955 6766622 6872683 6169392 6868120 6387796 6503013 6680026 6508003 6758216 6903730 6406341 7039253 6687667 7000703 6191106 6998236 7158610 6643739 6883484 7025073 6828152 6639392 6889324 6648509 6751352 6664426 6666935 6575906 6492764 6562699 6366006 6783170 6711534 6888059 7216385 6711536 6308832 6760461 6311539 6712868 6166874 6054343 7075202 6206730 6907241 6518658 6477485 6742621 6584781 7202213 6414296 6834855 7212941 6677341 6535481 6333895 6568266 6602105 6565680 7365129 6678729 6711826 7264474 6735601 6383654 7167351 6757859 6971046 6884057 6765659 6589928 6458616 6858068 7188111 6847454 6461513 6820533 6759832 6680500 6656433 6592678 6613340 6683672 6814854 6893001 7012657 6399585 6844288 6585757 6688901 6088213 6580974 6682526 6441664 7136741 6320815 6465780 6675949 7041719 6474131 6649976 6232950 6808753 6900321 6207618 7085820 7449209 6865651 7118078 6496464 6713211 6969238 6239819 6615758 7070265 6567990 6514272 6592451 7078815 6553496 6508146 6431158 6666438 6444248 6029367 6655674 6752936 6870462 6633683 6723483 6624745 6925446 6754715 7081657 6972597 6856953 6876410 6422707 6611423 6935064 6025624 7045263 6445703 6635073 6775824 6974050 6724261 6532170 6631904 6773926 6607306 6537842 6884025 6675265 6600621 7130729 6608484 5896663 7116943 6576744 6454936 6725002 6710263 6045182 6728600 6451184 6399396 6366699 6752962 6836269 6696675 6338256 6845614 7068016 7006953 7285338 7086883 7172342 7012810 6996212 6607725 6752341 6583001 6002876 6374452 7250669 7282540 6373508 6755672 6875220 6210626 6747646 6651387 6734160 6110870 6690035 7078969 6905928 6653735 6538507 6930698 6279702 6588692 6436470 6796317 6224126 6270142 6620194 6773448 6309433 6865085 7028861 6659608 6514308 
6485758 6421404 6193110 6306652 5921447 6327549 6032261 6394335 6560716 6631691 6142005 5916811 5989530 5597190 6390206 5864442 6019641 6422614 6098593 6398010 6905429 6164977 6855660 6146294 5694722 6290392 6198211 6337111 6529852 6331661 6336755 6395591 6561299 6205458 6096384 6551073 6674989 6422305 6716959 6105921 6724755 6568460 6373742 6372594 6528124 6382769 6271791 6614796 6731480 6365549 6351700 6997705 6723378 6503310 6043993 6829950 6412635 6612923 5947653 6346212 5833862 6465283 6060872 6027574 6558507 6503242 6046089 6144959 6434550 6539691 6507159 6303375 6529643 6602575 6445330 6174908 6176953 6661733 6153346 6954371 6684245 6787574 6277190 6252290 5870849 6261329 6503008 6395502 6201838 6563554 6269178 6191925 6685860 6012291 6283553 6359946 6133924 6713645 6053780 6452352 5916256 6698952 6692690 6330814 6430339 6691363 6312686 5885953 6459428 6173572 6505192 6140794 6161418 5914534 6236623 5893744 6490026 6446795 6234417 6497085 6757331 6343392 6325618 6537976 6100388 6435355 5617736 6146385 6573977 6078158 6436878 6241891 6137780 6314016 6228274 6555680 6145119 6636771 6848826 6686310 6355833 5999318 6235963 6213377 6434414 6931681 6487358 6507043 6439211 6537695 6097744 6893990 6257993 6293877 6458337 6625161 6246872 6287905 6249952 6617433 6305899 6204085 6217641 6336799 6282474 5986785 6267574 6224714 6301804 6502663 6215986 6466933 6191188 6726264 6467575 6399912 5831719 6357090 6141234 6159368 6679827 6139661 6226537 6325624 6752987 6167350 6233424 5861563 6293311 6493140 5941162 6769013 7038679 6593879 6589291 6024788 6376346 6838822 6129723 6656599 6828736 5990933 6328010 6351182 6377032 6564856 6342236 5692080 6107239 5996814 5650184 6601614 6219078 6346799 6484251 6107214 6048715 6675179 6407777 6648234 6636438 6510181 6468405 6139997 6207127 6829414 6005790 6581411 6117732 6394452 6511401 6620941 6295866 6137987 6288490 6528388 6263138 6291650 6314894 6317491 6163541 6780133 6519428 5877452 6713181 6464029 6191273 6276391 6605219 6196195 6376626 6248794 6342296 6075326 6121808 6175556 6376411 6072804 6310593 6841543 6370709 6685136 6394193 6753862 6474359 6543197 6116826 6287582 6232588 5867156 5882371 7029138 6720260 5895906 6108392 6410861 6224754 6667400 6259865 6356937 5975032 6520169 6446118 6574733 6409397 6362156 6486286 5990480 6604309 6269622 6504195 6139920 5957612 6312587 6426361 5988850 6346904 6766141 6316647 6170661 
7122501 6320447 6709366 7116526 6615289 6572216 6114776 6578463 7016038 7003176 6752940 6258798 6653890 6193365 6709640 6671760 6416793 6922822 6217595 6642621 6954255 6531212 6794026 6692683 6409296 6464982 6347162 6503594 6879836 6967966 6719341 6116110 6784580 6626756 6338309 7228594 7193119 6631394 6849865 6569322 6585408 6612916 6685336 6840074 7177033 6830678 6682727 6978980 6891565 6494656 6456661 7254606 6975616 6896695 6522266 7092328 6529547 6830238 6632160 6741766 6195830 6730191 6505328 6618626 6697764 6772842 6163304 6458914 6749760 6645710 6758794 6864239 7281061 7160458 6792713 6462220 6747626 6814566 6254948 7522661 7370694 7279594 6918026 6814667 6573262 6983227 6763941 6941840 6730059 7156812 6394410 6657205 6846406 6696552 6810615 6644582 6559236 7048597 6609328 6780286 6163854 7143419 7055282 6706887 6711433 7157731 6717501 6822493 6450657 6427522 6663331 6795887 6484592 6477942 6898787 6508810 6738154 6816258 6444975 6699147 7317565 6771160 6647240 6915270 6056108 6899178 6197322 6260863 7120300 6457197 7051828 6691059 6673561 6900228 6235831 7174712 6683978 7117915 7053234 6789337 6576273 6513531 6497472 6624326 6689561 7029140 6706849 6589135 7097862 6852319 6583417 6967607 6805548 6702277 6707155 6906807 6844679 6922949 7153522 7243231 6906464 6765296 6604218 6653583 6745242 6608942 6566217 6517737 6646669 6696627 6555541 6854448 6468221 6946717 6760552 6980697 5950304 6563415 6613843 6329804 7204306 6478298 6490789 6474781 7231781 6354639 6860628 6286713 6642217 6712838 6384016 7136351 7374616 7110235 7235619 6364224 7000769 7259555 6835276 7051641 7320289 6768972 6772083 6563705 6765177 6871787 6426183 6284173 6531658 6255406 6255083 6968977 6666120 6829381 6598612 6671235 6794677 6790395 6859537 7121229 6884458 7428171 6922475 6486422 6575497 7157039 6414598 7029731 6541024 6602287 6827651 6983411 6736972 6479808 6635627 6737486 6569106 6402789 6626021 6644012 6337124 7401543 6714474 6265837 6877986 7001427 6599794 6748162 7085314 6371611 6552896 6692135 6626068 6414420 6564172 6972529 6894348 6393247 7000754 6942667 7126778 7272145 6832177 6958499 7006532 6951451 6902028 6489478 6684861 6031974 6353992 7406758 7263930 6179129 6768115 6742906 6496874 7124734 6466085 6557772 6116967 6575644 6954525 6545910 6688365 6233239 6797924 6332001 6790667 6515956 6662779 6500626 6147558 6776621 6795022 6383929 6754181 6958151 6583012 6613614 
6519169 6310977 6600941 6154473 6002025 6357048 6137002 6503536 6471463 6416993 6371507 5714984 6108877 5961502 6101718 6189042 6053202 6473894 6066270 6357848 6659347 6422917 6673369 6338991 6201173 6188811 6306095 6422411 6632146 6624179 6055195 6187894 6297429 5984416 6221542 6814244 6655909 6237191 6390482 6231355 6445548 6640334 5972740 6210161 6478752 6646878 6016025 6330947 6541535 6145414 6426042 6932744 6688331 6142309 6143998 6699693 6212238 6497112 6059798 6296053 5883165 6626068 6334179 6144167 6092819 6381787 5650257 6444265 6682684 6180020 6386662 6409128 6740861 7151005 6179391 6188694 6386032 6386477 6053398 7031471 6472198 6802756 6275702 6438544 6052487 6436950 6223128 6447874 6301461 6724524 6096709 6092950 6484119 6081051 6499617 6434054 6203470 6877636 6372790 6381388 6030461 6603116 6493147 6379934 6454141 6386502 6513875 6168740 6138839 6164798 6425789 5950365 6646355 6340584 6431727 6321163 6132404 6630034 6396854 6508159 6627072 6143354 6111996 6437470 6010102 6436009 5494626 5827068 6573500 6070032 6432104 6207229 6107800 6574023 6103757 6690929 6259410 6438614 6648774 6286713 6383521 6012342 6306220 5997383 6380720 6756190 6308355 6191966 6807040 6585546 6111251 6405542 6529796 6358887 6484002 6609633 6456240 6383666 6454646 6663430 6524273 6164114 6180445 6443757 6160358 6165668 6212155 6246321 6447046 6212108 6181121 6517257 6313856 6852239 6632479 6381819 5734272 6274034 6512500 6110323 6528610 6025885 5709910 6252513 6774765 6475988 6297143 5945527 6023849 6531925 5951956 6758945 7034911 6539359 6711419 6062635 6199322 6572010 6191404 6451949 6978123 6137546 6310927 6396027 6417261 6412022 6311729 5979704 5984999 6012174 5863544 6356181 6493877 6350408 6234678 6230281 6089066 6428215 6382896 6323505 6512826 6379182 6575744 6141599 6185590 6871599 6095087 6499093 6214189 6482096 6326177 6593752 6401102 6224649 6216173 6543290 6209019 6239228 6358340 6211483 6050833 6581601 5989227 5671913 6895990 6311468 6201267 6212403 6527245 6019301 6320650 6213935 6326890 5860757 6185673 6596303 6542234 6155447 6278827 6564283 6687609 6371673 6454337 6971682 6452743 6620266 6376575 6107401 6307324 5672430 5732117 6835476 6800191 6195521 6548604 6316065 6142932 6617042 6041845 6370105 5730258 6379512 6562684 6243198 6380184 6306040 6550360 6062925 6433660 6133298 6331035 6457525 5996042 6115862 6514080 5992592 6442874 6572574 6440637 5903976 
6611907 6453493 6363637 6362037 6096997 6212965 6232480 6390955 6421883 6702838 6480034 5667023 5985399 5860961 6296982 6147862 6112854 6317732 6204740 6436031 6996744 6231456 6423635 6223438 5998236 6182609 6539968 6347657 6485651 6523842 6311823 6040630 6519151 6113298 6254259 6826126 6618528 6274342 6629657 6329099 6499268 6318237 6231880 6133396 6502650 6609488 6081924 6571666 6233364 6199794 6230462 6870364 6468408 6451743 6348302 6909999 6403565 6528738 6066034 6324791 6187082 6419327 6179533 6516649 6367220 6379651 6076497 6357308 6437009 6344188 6580293 6414241 6848739 6813239 6336960 6402655 6301915 6279774 6104463 7137076 6452337 6424404 6349725 6127099 5883167 6421952 6610229 6478470 6157276 6965648 5966390 6300266 6461043 6213948 6521273 6676243 6060987 6705825 6420071 6690901 6152274 6672632 6602340 6052733 6630635 6633555 6387859 6360921 6344852 6303564 6445511 6414996 6296952 6327864 6469110 6237349 6370996 6312096 6259995 6400183 6824216 6400760 6347141 6685762 5976570 6474267 5603677 6075462 6786216 5964134 6546059 6455318 5994961 6868929 6154429 6422760 6112644 6450322 6481274 6543662 6319976 6079436 6349757 6210892 6479668 6959586 6148823 6511891 6847149 6590969 6131063 6662868 6284699 6584220 6161629 6568247 6490349 6446634 6788238 6814114 6574437 6362305 6499834 6254804 6220550 6343369 6396391 6480550 6325844 6316091 6512901 6626985 6128645 6596271 6475547 6432370 5761699 6390339 6215406 6040539 6815571 6205940 5962887 6316444 6771519 5967460 6373688 6133746 6414586 6376475 6117200 6916734 7125408 6586461 6599944 6210512 6216339 6667428 6145074 6472051 6919932 6080773 6591472 6304467 6583905 6318303 6185282 6177743 6199630 5855172 5856168 6398078 6352895 6296656 6438925 6310998 6429013 6542866 6585715 6671200 6510807 6692448 6660217 6282463 6433727 6735353 5866346 6834988 6126295 6356388 6544564 6867422 6406420 6078560 6290938 6489727 6116215 6455170 6124164 6369379 6433608 6723725 5912089 5841739 6884432 6592098 6208060 6107353 6538490 5933715 6518724 6485664 6191064 6021177 5963440 6534783 6445589 6224175 6409928 6688824 6696780 6852864 6342439 6837841 6386789 6566222 6483023 6365815 6337352 5926433 5970274 6891962 7063564 5824103 6568704 6335579 6125220 6512981 6029474 6541340 5810278 6465996 6732450 6751210 6438261 5993895 6474300 5989310 6377737 6271535 6292010 6347906 5994331 6296065 6351510 5789111 6317221 6674591 6362015 6583109 
6632819 6403293 6571505 6394278 6090212 6483533 6151451 6400564 6776680 6856765 6298375 6008778 6177363 5753440 6243752 6383638 6338793 6917799 6014121 6581320 6853208 6753182 6779496 6416572 6196014 6135148 6654981 6519361 6672538 6811573 6382606 6256218 6893372 6614567 6560324 6973283 6737548 6504840 6804984 6362471 6840012 6491973 6396653 6490310 6875668 6570689 6170731 6657416 6712245 6566801 6321817 6920502 6767003 6551097 6106960 7046102 6601412 6638610 6403967 6384535 6363088 6802996 6578743 6416161 6334333 6657692 6081131 6423356 6748729 6642772 6403686 6550832 7004016 6925166 6422051 6395634 6407416 6699133 6397322 7116010 6835877 6728049 6453007 6505583 6324946 6837916 6770563 6726972 6582848 6747367 6323644 6278837 6709852 6476707 6474306 6507049 6561730 6686126 6352074 6527894 6278041 6538393 6828589 6583311 6519431 6535864 6467163 6344796 6377728 6392980 6452867 6609677 6460792 6435274 6460692 6406125 6251916 6360035 6590751 6670058 6982080 6679088 6679517 6604006 6387490 6730363 5742244 6110553 6900421 6274216 6598516 6230925 5970069 6595195 6508926 6825746 6413810 6415763 6756515 6625205 6537588 6027962 6394514 6404341 6337577 6724330 6521115 6268246 6642582 6752978 6451166 6656054 6228603 6319719 6651357 6877227 6319427 6430263 6939849 7059451 6747472 6500592 6328515 6568015 6273153 6217047 6433669 6407551 6423009 6511086 6362053 6965483 6144586 6841145 6782647 6633426 5974332 6593416 6467401 6379622 6892080 6106303 6373318 6453590 6858547 6670354 6203464 6258435 6730825 6753521 6137886 6878716 7026441 6758636 6926598 6230346 6426682 7061415 6326698 6897186 6961540 6346266 6660332 6678423 6824666 6542237 6309357 6123349 6286230 5921747 6094408 6680641 6662683 6694880 6217928 6292645 6289491 6715529 6511642 6794984 6522437 6849160 6779571 6315739 6442951 7184183 6165069 6721013 6308450 6760443 7141042 6905428 6460885 6207455 6464605 6810416 6513543 6047783 6683620 6231594 6339062 6854099 6287348 6170529 6701151 6683147 6349445 6337673 6800277 6155329 6664092 6415586 6228800 6404991 6319783 6608911 6741215 6364463 6580969 6689685 6739776 6685323 6687689 7229216 6805091 6645362 6556585 6288197 6529300 5796083 6191429 7110553 6886630 6453166 6651838 6670127 6459197 6768950 6397143 6442776 6069932 6566725 6916744 6773726 6500858 6100668 6693671 6321283 6645768 6274663 6426081 6339083 6090784 6582207 6576648 5852959 6186645 6700573 6577570 6452233 
6664685 6480923 6363988 6237555 6072200 6500862 6073721 6346409 6513331 6696192 6628804 6023181 6317667 5545854 6192768 6291502 6195031 6463365 6126993 6502180 6935491 6343596 6363846 6511047 6300694 5880691 6210361 6492780 6683999 6754668 6180182 5944141 6602488 6052823 6465040 7014525 6658324 6459962 6843445 6200862 6565674 6355578 6259563 6165172 6633774 6757643 6485979 6526342 6673719 6080671 6173472 6910718 6831155 6512552 6267218 6617494 6393277 6816484 6308205 6417497 5958312 6685229 6438000 6197092 6333943 6444807 6069756 6406526 6399202 6680368 6423093 6533010 6665893 6903615 6143886 6294814 6366274 6505342 6325247 7146425 6734279 6755443 6195545 6502532 6061388 6752461 6363070 6641165 6179035 6860631 6334426 6414206 6631044 6256416 6599010 6576846 6292363 6711067 6265102 6699619 5997921 6645174 6834448 6082068 6265798 6562603 6542841 6288004 6620515 6079569 6571269 6448631 6435875 6259800 6485896 6254868 6434423 6523616 6436036 6681271 6778997 6689616 6292216 6519494 5990016 6904554 5994510 5940855 6901353 6152494 6790399 6390701 6036651 6456215 6157727 6614511 6339757 6618961 6830928 6993187 6625900 5997113 6279730 6395064 6491385 6929769 6426733 6219640 6826036 6681998 6212174 6911123 6365928 6454165 6178447 6709103 6695761 6689460 6685550 6866754 6681872 6509624 6444974 6392580 6170583 6406454 6657797 6496353 6256510 6655627 6330095 6915985 6129018 6727993 6693266 6625873 5763549 6367292 6375043 6045592 6681924 6214430 6206423 6277854 6691756 6585474 6257594 6107104 6675312 6516284 6189812 7091997 6944851 6795199 6627447 6275700 6472017 6943629 6143834 6760328 6797404 6006504 6376655 6320168 6690753 6418869 6425258 5939745 6295934 6244811 5984904 6600066 6275840 6719543 6468639 6112906 6466202 6505664 6385897 6644186 6684768 6712352 6642994 6346614 6211614 6994599 6047984 6710191 6247437 6641776 6659530 6639442 6520001 6291084 6456949 6673351 6078196 6274599 6211068 6303784 6467905 6872251 6109986 5994193 6672947 6691040 6159483 6508438 6550402 6066021 6397987 6305500 6410557 6035621 6349704 6551177 6737448 6076631 6651121 6805933 6811787 6856462 6435096 6689275 6547082 6705325 6308148 6528791 6361905 5862854 6339881 6891432 7094495 6283752 6539144 6418902 6122477 6532780 6224482 6496721 5987924 6459927 6879708 6608473 6328163 6347078 6368616 6247121 6685904 6417013 6498506 6260198 5925444 6435059 6540798 6007457 6512970 6601809 6266137 6189076 
6617414 6418013 6419521 6537551 6073613 6190649 6212303 6572207 6846472 6841144 6539864 5963525 6226976 5882171 6514455 6275160 6130594 6336125 6223085 6311276 6967809 6219964 6835685 6276982 5975301 6354726 6259943 6533731 6544034 6843649 6291415 6298193 6690194 6054692 6153935 7094487 6538184 6433022 6551207 6329124 6527152 6641867 6205172 6433720 6814875 6872457 6204225 6671976 6526379 6130823 6423641 7049010 6564847 6356545 6303968 6687736 6114490 6489950 6255666 6294801 5910413 6364487 6172485 6519085 6442930 6535341 6267932 6369739 6477601 6609988 6194389 6367815 6575432 6816620 6529083 6237442 6413096 6256078 6084520 6926261 6527677 6730667 6365034 6450658 5950143 6434600 6519969 6944675 6322363 6800393 6349689 6319940 6619130 6401953 6461419 6272682 6388027 6616382 6231137 6356655 6135653 6724541 6585319 6355767 6338310 6391471 6422168 6059906 6334683 6297393 6640638 6410109 6071998 6270590 6396741 6334615 6571800 6603477 6229213 6538681 7058076 6626795 6277360 6629939 6037818 6595743 5788107 6009593 7198433 6018142 6547487 6305919 6309910 6442997 6245099 6517616 6285186 7027808 6598295 6533464 6320661 6069631 6373722 6299524 6097536 6816356 6456838 6348377 6754303 6626033 6366786 6820958 6435019 6575623 6659876 6656765 6625364 6187412 6564215 6601876 6467623 6567308 6056434 6297481 6250052 6286336 6486657 6447518 6278570 6410698 6380970 6722810 6105842 6410037 6494040 6597423 5775170 6025837 6249596 6047999 6865079 6374869 6059413 6459008 6713486 6297971 6331946 5906358 6477481 6449351 5900325 6712893 7049478 6884711 6656938 6193301 6377637 6563421 5929873 6639789 6805914 6314685 6456825 6787672 6541127 6225613 6452682 5820982 6365065 5922932 5890372 6560467 6366209 6535353 6353455 6261561 6212818 6520890 6661102 6534786 6591359 6642007 6697590 6310129 6616752 6738683 5828239 6643596 6210808 6396025 6589631 6711920 6417586 6105219 6468324 6817785 6283455 6179939 6437185 6276166 6204112 6684163 6486590 5622419 6918807 6493080 6166812 6170841 6374046 6132691 6629087 6484082 6231277 6213671 6206325 6548337 6343654 5990826 6493207 6664540 6768891 6715636 6363939 6738347 6398982 6880786 6175097 6466071 6374921 5904017 6227372 6944980 6825434 6066608 6379035 6508050 6165586 6399452 6295028 6527331 5864136 6225090 6658338 6341984 6234247 6142134 6533128 6204778 6505909 6618726 6751733 6183848 6151343 6139640 6556364 6245446 6802740 6648347 6344518 6343822 
6753960 6276776 6557561 6454030 6066934 6355162 6141151 6410410 6489462 6721704 6580314 5850545 6329572 5786620 6227075 6280233 6373587 6658894 6178024 6491643 6897913 6484711 6602183 6338346 6279863 6105475 6384629 6515042 6715288 6538254 6298679 6143388 6469194 6201029 6262472 6784121 6701154 6518133 6743343 6340587 6849662 6439634 6353272 6423871 6589141 6646800 6316162 6484040 6616261 6398979 6415529 6984960 6612844 6662942 6306770 6864203 6277511 6694583 6168144 6349976 6042257 6384601 6431336 6448115 6358190 6512532 6016691 6608895 6477254 6823516 6393617 6522118 6682321 6887110 6302622 6244396 6371738 6678517 6242200 7044841 6643539 6482148 6504160 6332984 5898806 6632915 6343413 6850945 6174843 6854183 6298955 6358559 6951182 6275081 6816185 6492017 6331022 6595733 6392963 6462407 6163248 6654272 6677639 6482986 6502649 6711945 6693851 6295698 6254040 6462991 6504941 6369898 6605546 6198544 6372631 6181078 6547691 6484722 6268575 6812431 6957338 6358977 6559060 6749515 6039850 6505985 5856510 5707201 7133763 5921121 6637431 6438351 6110281 6398780 5908708 6908721 6442727 6825289 6603086 6782802 6650720 5867233 6163459 6383831 6334221 6668389 6573090 6541374 6618247 6826159 6551435 6710716 6642201 6366512 6301400 6749217 6742673 6503569 6590276 6635584 6693061 6621856 6501847 6470506 6101796 6356955 6445199 6553514 6429464 6559184 6372904 6828226 6221504 6707182 6763423 6582947 6060404 6244791 6293557 6273647 6896929 6254202 6244096 6444288 6641506 6557001 6299223 6052737 6486501 6355338 6101922 6702632 7235433 6898926 7032799 6349137 6324407 6905915 6048390 6671090 7110234 6134465 6410202 6462063 6738552 6621970 6371950 6041170 6298377 5914549 5989883 6630153 6487346 6646763 6110254 6387475 6405246 6578484 6526477 6715769 6769333 6548456 6565830 6374361 6406964 6955038 6008729 6790441 6092945 6450808 6846324 7037693 6308864 6115877 6510492 6636198 6232959 6213176 6511032 6423679 6466383 6864089 6369616 5864328 6636407 6595155 6065140 6216877 6631387 6018805 6499526 6267523 6172600 6249496 5933003 6735062 6720249 6109562 6872815 6631476 6822175 7025823 6543391 7038624 6762664 6786949 6231501 6594539 6590186 5877097 6258058 6780495 7024014 6146305 6681475 6675267 6300931 6553149 6339751 6574049 6042756 6404412 6803264 6454251 6558676 6151593 6625531 5903982 6817436 6426395 6625366 6434431 5932049 6195559 6669784 6245935 6506794 6975339 6168444 6599705 
6778071 6239325 6784289 6388267 6008027 6511499 6040335 6491621 6693659 6626553 6632387 5727853 6300249 5864679 6122132 6487710 6145138 6474036 6217302 6402375 6923573 6522823 6520407 6192511 6215887 6396776 6474317 6404935 6785504 6407252 6162281 6348384 6519897 6262353 6418500 7025232 6802574 6442367 6459254 6273433 6691319 6500917 6471802 6427392 6814605 6787690 6299464 6530903 6539713 6211641 6264528 6769652 6624432 6555719 6263450 6828573 6443927 6497033 6076970 6289579 6174114 6694095 6152896 6294096 6469999 6593873 6092161 6617258 6625755 6471223 6452244 6464186 6809050 6918550 6349021 6256465 6296815 6549866 6232155 7253289 6994329 6883734 6528355 6600045 5826829 6539729 6643408 6898928 6136667 6777493 6117210 6226152 6645255 6541854 6606588 6526893 6323994 6859283 6294370 6841028 6104004 6913995 6719640 6283268 6497708 6971601 6528735 6353547 6370735 6247106 6750618 6153667 6364120 6331510 6462767 6253040 6506328 6184710 6633487 6624167 7070817 6613322 6408583 6595932 6321084 6730526 5682187 6070901 6845532 5873528 6730781 6415622 6294859 6793471 6404819 6703762 6326279 6568268 6953914 6587282 6577208 6185728 6478426 6419801 6431752 6978108 6382961 6222772 6953523 6613983 6331793 6886129 6725060 6490229 6502523 6537090 6367855 6402586 6639147 6675562 6710442 6780220 6270172 6540678 6263026 6409863 6258744 6428766 6374082 6561218 6364191 6829702 6449109 6752340 6585291 6556593 5898946 6299797 6421021 6333007 6750522 6356478 6068210 6290214 6894064 6408190 6282351 6011237 6656027 6531114 6238071 6846970 7258591 7090844 6840191 6291206 6405329 6849685 6265225 6738903 7123128 6232982 6550777 6594819 6841752 6688744 6329251 6451313 6239040 6003978 6080691 6715531 6619447 6485445 6117254 6565514 6233840 6637136 6617208 6709816 6714022 6737339 6816580 6170770 6246174 6625894 5800166 6906034 6543542 6568799 6687815 6754957 6573852 6168777 6348166 6743522 6201196 6375499 6499230 6417241 6317124 6798710 6214403 5931357 6748082 6504359 6292722 6392787 6561466 6202947 6404720 6287054 6369359 6006011 6035310 6471979 6825915 6334820 6622874 6670227 6920696 6716078 6407741 6982870 6363997 6818863 6243373 6409154 6530022 5924055 6198217 7002777 6933584 6115855 6317075 6582128 6287810 6702783 6265420 6662633 6069815 6497644 6764584 6424343 6606378 6260547 6824193 6251893 6467750 6411280 6469207 6390653 6034672 6404942 6652958 6046750 6393096 6761143 6498688 6378917 
6308787 6154365 6000008 6257370 5888903 6046260 6007844 6114154 6339952 6466114 6219875 5519357 5860528 5431015 6019081 6209619 5837906 6337163 5949833 5964228 6511595 6103456 6130612 6211542 5760295 6181155 6088344 6123591 6336436 6076950 5975984 5725662 6123780 6024148 6175131 6367506 6583656 6161409 6120556 5994041 6167694 6224595 6082142 6172139 6421274 6465041 5736127 6523787 6473375 6044363 5825491 6662932 6268699 6346747 5859988 6600926 6406926 6202253 5984721 6114536 5611617 6165302 6203654 6010395 6175786 6329618 5825555 6059518 6224105 6170013 6219635 5913206 6606116 6481945 6200680 5927822 6022006 6116448 5841166 6687322 6461046 6565815 6335380 6234183 5856398 6314896 6095773 6280992 6085536 6569758 5988853 5953402 6274784 5866603 6155375 6317454 6078147 6297711 6126006 6358424 5991700 6415327 6269868 5903921 6090792 6441585 6357571 5770379 6093738 5797418 6186713 6196505 5977178 6073857 6166489 5825873 6333677 5865792 6176330 6254971 6259649 6349541 6130014 6280299 5633737 6425227 5670573 5869004 6368826 5797140 6485941 6029661 5871751 6581973 5861352 6145282 6098341 6563000 6336960 6429957 6219250 5672586 5998053 5913543 6274611 6802826 5964877 6304415 6514572 6607179 6055838 6683618 6077623 6041052 6181600 6357267 6210234 6239765 6550033 6530175 6187705 5980702 6134143 6281604 6066349 6215652 6051320 6158494 5946094 6408080 6036148 6289119 5998419 6490288 6309924 5996566 5858528 6168139 6274293 6080013 6354916 5940960 6106153 6150444 6457736 6260973 5964645 5853913 6252019 6323562 5781873 6427785 6539426 6393103 6495006 5872582 6064812 6550691 5837654 6354367 6751322 5814902 6028829 6186194 6333816 6038444 6021508 5847571 5486074 5955796 5673741 6260256 6120628 6319023 5916265 5927797 5925731 6396928 6262284 6336788 6342038 6645804 6404674 6064538 6107136 6608998 5906795 6501274 6080576 6256651 6082119 6364911 6365645 5964670 6194936 6227435 5810574 5693082 6096560 6091141 5979516 6543865 6039820 5736771 6318599 6292845 6091380 5981164 6212059 5921651 6346940 5882564 6196531 5811103 5946706 6585931 6284300 5979197 6363644 6458610 6397480 6641822 6052093 6571584 6231702 6111450 6168644 6289834 6176640 5493014 5865159 6536414 6615597 5905509 6269067 6140354 6090267 6256333 5951010 6053969 6032523 6114225 6402362 6352628 6138414 6144847 6338135 5920351 6242732 6126033 6202002 5924952 5975482 5999222 6092131 5539367 6151184 6319754 5911853 6251477 
6322400 6406086 6351907 6348904 5888534 6193245 6057351 6648111 6526279 6467718 6186770 5678116 6288603 5616014 6295436 6159708 6102353 6260326 6038437 6139330 6580611 6219381 6462109 6317060 5878079 6191587 6070917 6361923 6325264 6787159 6112833 6023604 6572271 5857144 6056089 6650252 6717589 6138182 6423610 6212359 6616330 6599476 6353917 6191985 6448682 6413242 6138147 6610380 6649937 6109309 6085383 6775264 6399137 6379908 6065674 6769669 6116541 6384169 6108469 6304902 5890173 6379048 6087869 6307334 6333812 6468699 5838391 6304261 6358775 6482118 6150583 6458838 6518265 6655699 6294360 6068581 6189618 6269463 5939289 6611757 6527318 6585408 6409829 6325594 5830436 6231775 6577007 6569997 5873358 6338906 6001853 5924391 6323649 6198849 6343679 6322468 5912595 6557875 6053563 6661927 5858371 6616268 6575976 6249775 6379055 6411277 6437589 6159462 6136869 6153233 6745616 6284253 6331858 6226881 6079970 6188041 6026822 6073222 6367941 6542910 6800914 6501145 6150483 6514912 5830342 6220472 5735368 5900737 6628745 6056840 6574027 6240572 5913862 6580005 6241019 6499986 6240231 6567616 6887954 6327435 6375134 5751890 6337454 6016592 6183919 6909825 6640085 6016079 6660702 6502983 5975487 6555932 6383559 6377093 6244204 6843153 6231063 6081776 6573145 6195213 6403342 6276539 6193744 6395677 5978762 6086783 6349074 6326160 6560196 6385690 6018036 6846287 6348191 6538015 6366473 6254945 5836372 6118227 6052246 6059446 6581813 5974396 6174267 6109711 6653085 6288285 6125885 5953940 6241242 6524117 5937695 6307756 7044673 6559970 6568747 5952736 6237380 6750228 6010130 6751604 6798721 6133483 6330179 5989692 6341525 6454399 6285623 5874122 6038312 5893880 5693752 6536814 6372214 6160965 6079759 6151084 6251614 6360832 6436742 6533080 6423770 6784047 6396157 6055022 6118000 6457880 5700188 6658224 6082327 6286539 6611430 6782487 6205500 5799140 6175688 6674578 6511042 5888137 6363081 6166211 6197912 6637065 6319341 5594401 6742239 6172492 6293965 6178885 6417584 6148207 6195064 6082176 6048559 5912778 6032796 6376138 6146522 6080656 6410873 6470753 6539067 6648342 6335655 6532210 6370484 6614358 6175540 6317327 6338851 5638465 5821725 6745162 6722335 5978334 5988689 6277329 6218699 6369725 6093239 6223369 5883164 6375910 6695959 6219219 6231188 6005491 6659880 5849765 6397431 6220510 6464750 6227745 6160562 6030593 6450155 6002884 6115358 6265583 6154970 6098955 
6594164 6243581 6461926 6424284 6165536 6384770 5933281 6325507 6510499 6271913 6408559 5725594 6366774 5616474 6130392 6182015 5915088 6413416 6177117 6145386 6754528 6220513 6591768 6373987 5907273 6184671 6279215 6139718 6664288 6541959 6075279 5950443 6293264 6346238 6494712 6489001 6709347 6291246 6766201 6052021 6488660 6268081 6188221 6460402 6618436 6691610 6343707 6531433 6576802 6337505 6289260 6872115 6554122 6437981 6176079 6573535 6179357 6642250 6012647 6530251 5901253 6314168 6199627 6224017 6326569 6325867 5886720 6057144 6465035 6259628 6643260 6360046 6490069 6822834 6387902 5990286 6396025 6355328 6220315 7038038 6622581 6740362 6466165 6342181 6031051 6535783 6472000 6496105 6039678 6640891 6079662 6245795 6583546 6032687 6408670 6528308 6233369 6542767 6259984 6474804 6027496 6598979 6449658 6178288 6487662 6830652 6405206 6201266 6228121 6212723 6494089 6163836 6278089 6401975 6137911 6306298 6390006 6310010 5978867 6434129 6972982 6489205 6361448 6452131 6078693 6457186 5541965 5750237 6596933 5702071 6641219 6292149 6121656 6623324 6064944 6620782 6362447 6613358 6740138 6495411 6201444 6006865 6206736 6211664 6371390 6957148 6158285 6339843 6631251 6481251 6131786 6806431 6370554 6476102 6311247 6560547 6498668 6347392 6530422 6563360 6588724 6293183 6333442 6400441 6129719 6186942 6354471 6156433 6382165 6469929 6131129 6602985 6242313 6714138 6450391 6323041 5866728 6404771 6130218 5947758 6774924 5918854 6206013 6240421 6760513 6356413 6138088 6082693 6497701 6262332 5857402 6760213 7040213 6666653 6800992 5946343 6400710 6955513 6092248 6642552 6705632 6187597 6511972 6196879 6494055 6246560 6374829 5811863 6030451 5959790 5805105 6480104 6356152 6280683 6183617 6109852 5977346 6356734 6337222 6515211 6543583 6623802 6511437 6265059 6219015 6831179 5889438 6697911 6335393 6248008 6331206 6748106 6405035 6242044 6261912 6396417 6121891 6190894 6283216 6170970 6314209 6784387 6092234 5672995 6521810 6404854 6202970 6335142 6303768 6022597 6418408 6251524 6121163 5980008 6098816 6695967 6295808 6168690 6701884 6438307 6537703 6980493 6463150 6931482 6559548 6449704 6307104 6185431 6172405 5724277 5843477 6993738 6796483 5912518 6426367 6415497 6030994 6754063 6279307 6312152 5947143 6195808 6654994 6375895 6239393 6173774 6462078 5904331 6326166 6275249 6374964 6060868 6080058 6208118 6592677 5949754 6330568 6453261 6143628 6353355 
6946106 6690709 6555072 6685698 6096393 6916772 6255457 6845318 6722145 7073600 6642841 6117151 6594117 6000364 6551707 6583449 6266438 6781712 6531644 6584522 7316222 6626039 6841473 6775279 6660503 6389646 6539649 6599229 6710837 7009479 6426193 6228451 6974092 6429161 6709420 7133295 6898911 6775767 6942760 6537179 6977610 6889035 6801813 6377083 7119816 6927013 6614856 6691291 6941032 6418203 6585845 7196932 6856010 6592224 6420028 7195430 6317181 6927914 6197858 6372578 6287871 6534057 6407623 6562209 6699551 6876769 6030056 6795509 6717462 6774101 6748551 6661054 7064142 7146069 6808613 6734900 6472434 6878484 6514961 7339286 7148572 7118793 6829540 6655292 6247049 6864321 6818370 7037252 6649385 7029498 6600803 6477727 6872734 6651539 6437997 6827668 6559065 6966045 6668915 6811310 6173939 7032867 6930474 6669783 7191329 6839315 6803214 6281512 6878227 6699369 7059830 6610809 6721571 6420681 6589847 6578578 6779438 6531236 6717122 6951280 7325732 6949730 6803932 6977750 6296871 7019788 6051223 6082365 7003922 6341710 7034606 6694633 6215241 6790165 6275071 6955294 6646023 7263017 7097631 6870553 6678270 6232434 6601201 6532691 6713750 7150525 6729650 6543393 7044817 6926261 6444609 6988336 6765730 6657818 6751884 7013621 6921234 6763763 6759327 6838290 6889710 6774027 6315168 6814861 6487475 6645738 6843621 6724487 6635587 6772965 6783707 6978415 6518850 7106900 6908247 6866332 6214901 6454251 6671138 6382376 6896718 6378802 6281680 6505928 6922141 6642733 6751259 6307799 6652637 6884344 6393404 6916481 7505301 7037436 7215263 6600977 6879003 7005675 6463939 6993506 7108965 6358939 6712657 6716238 6982979 6898553 6773343 6401622 6522619 6521503 6177585 6827380 6642076 6821019 6403576 6620267 6642292 6946003 7116450 6701187 6996337 6661159 6690892 6775350 6459154 7236059 6136125 7124201 6618688 6383912 6993400 7300938 6651695 6359182 6556045 6747222 6658125 6629876 6652454 6722134 6830307 6997231 6603745 5918964 6904789 6784873 6686540 6663019 6837741 6416852 6929630 6528140 6664592 6416131 6422208 6986888 6643254 6211677 7034666 6946500 7102844 6997337 6739104 7359795 6728716 6824684 6830419 6597639 6659515 6033067 6418393 7445125 7244259 6360700 6732102 6560189 6323771 6872397 6605346 6699822 5988859 6714704 7045999 6587380 6606718 6324989 7033935 6240283 6792479 6546513 7021399 6637645 6463635 6561570 6636337 6330388 6713459 6961789 6624428 6729282 
6450605 6504803 6548253 6156127 6153413 6257794 6052610 6359004 6428044 6466803 6441305 5899975 6104893 5785741 6462924 6332588 6239329 6288906 6243617 6301480 6850440 6401028 6445844 6244924 5967181 6451301 6496544 6463811 6605950 6929630 6189475 6249677 6490240 6244608 6356057 6864425 6614479 6550706 6432441 6238445 6368581 6770378 6446884 6362696 6665439 6790556 6413109 6627709 6583530 5842325 6386549 6983820 6550626 6622272 6090306 6856177 6270406 6573089 6126781 6364003 5910487 6623160 6458860 6126720 6359220 6559089 5927216 6370116 6630766 6329639 6512122 6514355 6609071 6868578 6283427 6321116 6303150 6448158 6157525 6901623 6549243 6816309 6570584 6376374 5904155 6281706 6505933 6653240 6387344 6758964 6295674 6203044 6780815 6452789 6441557 6374754 6103254 6712901 6575622 6569715 5955633 6428442 6647085 6392060 6376886 6412718 6282694 6276485 6359222 6426116 6784050 6162159 6335042 6498806 6252188 6394112 6208025 6270690 6402144 6532640 6884374 6491155 6344563 6268487 5983366 6577049 6006198 5693315 6789201 6082647 6385154 6374867 6020288 6402087 6141673 6445932 6318831 6432372 6805141 6584202 6393411 6154551 6105727 6427657 6131661 6750236 6403532 6262437 6766825 6471167 6154507 6555833 6547804 6430881 6784870 6755583 6425643 6360205 6712739 6492389 6487355 6342912 6136415 6493527 6257181 6116229 6237929 6458549 6232523 6438759 6490872 6707359 6185189 6885074 6390688 6574348 5733175 6282957 6312048 5981845 6874941 6055307 6092010 6103735 6718467 6294710 6226662 5917040 6542174 6543932 6043486 6793839 7061956 6725030 6689931 6268344 6387065 6624273 6164136 6467175 6924477 5930640 6379109 6340383 6661016 6166798 6295777 5835335 6158503 5623657 5935438 6676985 6403897 6384355 6204848 6188313 6263339 6601331 6578091 6383951 6382480 6586476 6419237 6344438 6154064 6789494 5889244 6733305 6213474 6342319 6501200 7091944 6559047 6392462 6278257 6460479 6328344 6186383 6345115 6200536 6331484 6892214 6170682 5892262 6634713 6355128 6345097 6173868 6552604 5854857 6325401 6321335 6355835 6165228 6327182 6607862 6348930 6095218 6557164 6769734 6717358 6694456 6379815 6770556 6383368 6663694 6462864 6346900 6232982 5651665 5759414 6714249 6660682 6125873 6493382 6326572 6129981 6628010 6220199 6511221 5568725 6473849 6831685 6481889 6278996 6165571 6626624 6083386 6603715 6306696 6435234 6220907 5845188 6411438 6469771 5725557 6380976 6712776 6259640 6310913 
6730929 6391694 6404160 6674165 6109849 6637933 6080638 6796505 6855375 6717500 6474479 5921286 6406487 5917640 6373172 6357493 6475794 6642630 6220419 6593069 7021670 6430472 6692785 6351129 6274459 6415255 6456981 6362716 6768319 6807848 6377201 6105809 6720750 6263404 6358327 6936799 6902683 6573846 6772064 6354938 6784696 6743614 6450484 6368926 6751678 6779941 6439343 6783871 6904352 6105687 6468043 7053045 6551155 6477225 6469438 7082721 6569047 6721664 6214401 6364173 6151633 6730604 6479328 6513496 6490070 6376866 6190211 6729179 6884773 6738310 6480671 6446844 6809474 7046969 6290689 6304711 6376963 6728650 6259579 7155004 6855755 6843534 6602012 6681620 6254034 6757934 6495984 6855507 6463525 7023163 6592541 6270771 6586105 6412814 6600648 6297482 6153983 6848162 6465048 6892722 6396766 6855249 7089422 6476778 6693207 6655777 6695248 6273304 6427431 6274862 6766476 6326196 6565552 6282256 6448033 6554909 6563955 6713535 6673192 6852116 6921588 6520781 6615836 6777671 6078892 6720563 5648556 6212958 7041757 6298224 6691774 6537912 6302225 6499416 6263389 6845473 6534443 6662865 6861301 6963797 6604865 6291168 6472044 6812583 6503653 6923876 6542935 6592262 6964204 6751200 6350930 6759111 6511676 6851185 6679663 6888678 6506946 6550828 6862588 6841984 6640264 6647546 6588904 6315693 6336448 6220008 6379871 6683523 6516681 6497186 6312274 6804586 6099830 6607426 6504388 6564715 5912680 6373771 6346653 6580335 6829909 6467622 6488463 6379454 6805496 6665325 6284067 5987460 6455739 6604877 6367761 7051382 7108967 7048697 6943499 6334481 6580679 6776475 6175067 6795885 7245819 6277022 6701083 6577879 6658752 6707224 6169475 6131382 6425421 6141470 6260682 6549371 6520470 6381051 6458547 6390051 6526988 6780035 6577104 6842027 6933653 6815914 6551638 6526663 6389399 6921479 6222638 6720143 6283037 6665477 6790207 6989261 6642624 6225367 6785558 6699090 6363256 6483089 6537747 6410734 6525130 6808111 6716584 5943328 6738070 6934085 6350817 6297084 6524676 6037316 6648748 6589480 6534270 6195382 6349788 6698616 6798746 6252884 6763536 6788181 6968717 7053212 6389081 6888170 6811189 6607894 6353353 6371005 6486014 5765612 6118387 6874225 6957605 6329292 6372076 6364867 6416511 6739487 6278166 6428707 6126404 6468886 7024961 6512921 6401701 6271893 6845686 6125654 6658888 6589802 6633147 6550288 5988859 6527322 6623213 6097128 6248763 6876405 6250927 6448301 
6866046 6311008 6646685 6672442 6453703 6660770 6345152 6696569 6754281 7157070 6636406 6163973 6576783 5702630 6476686 6691911 6297083 6661472 6496826 6603214 7187802 6552344 6845399 6473039 6672096 6467237 6610457 6547269 6946644 7054661 6454736 6412492 6741323 6424410 6135082 7253072 7031582 6482258 6953012 6463533 6793445 6870829 6639813 6557823 7049616 7064621 6607401 6994944 6952692 6438424 6654579 7399355 6776258 6617553 6432511 7080093 6344257 6783578 6204697 6735828 6109648 6808548 6614470 6514756 6519451 6774308 6007051 6546319 6890897 6661655 6433512 6818549 7160577 7079207 6424995 6490714 6517547 6841856 6332606 7213116 6895843 7223090 6615259 6777762 6233423 6838308 6678238 7086275 6385472 6869302 6584364 6670390 6795936 6689658 6729048 6416036 6616035 6802258 6624934 6891375 6388727 6925132 7250367 6514224 6604160 6803946 6792479 6250142 6370261 6558379 6745921 6341090 6650853 6564657 6985703 6353261 6385324 6852996 6568657 6887719 7180865 6569358 6405068 6636414 6349106 6933425 6115429 6146295 6972506 6257714 7099982 6477810 6351255 6549306 6315540 6881336 6656787 6878871 7063593 6709593 6415862 6269804 6370832 6717720 6544176 7255939 6653905 6547902 7150610 7105903 6288347 7017833 6762647 6842385 6858847 7008792 6765356 6613844 6997336 6855469 7094001 6688351 6547575 6758506 6409258 6700742 6692926 6648047 6675882 6723165 6301314 6836314 6575789 6819532 6786141 6767941 6192206 6436563 6463486 6391458 7150085 6492196 6441256 6471368 7022294 6406695 6378753 6358907 6450607 7131874 6354653 6970577 7309852 6999138 6978447 6315380 6645383 6989574 6466667 6560835 7105099 6522753 6467074 6582325 6757810 6602999 6787366 6324700 6332814 6462582 6282230 6884264 7045123 6752410 6251644 6425279 6747431 6478650 6713045 6912800 6937939 6857611 6560242 6488415 6521452 6954847 6218382 7011980 6203634 6728204 6672663 7215425 6516176 6604749 6533059 6631516 6445120 6554687 6471757 6739803 6658937 6994185 6257624 5678954 6828209 6570795 6401226 6652837 6830935 6253017 6664824 6647556 6576368 6123054 6492713 6721514 6714987 6267341 6762476 6733477 6933773 7096483 6834723 7190754 6864132 7250064 6511433 6766395 6462121 5905019 6306354 7229999 7082145 6203269 6545757 6545325 6359685 7040838 6329960 6724524 6108195 6746874 6928159 6679071 6915258 6378505 6799089 6263491 6450639 6628006 6700094 6626403 6315312 6643266 6780600 6216306 6502168 6928461 6690449 6522176 
6360280 6104375 6373851 6412993 5885054 6143962 5932049 6357258 6234474 6326268 6128865 5676336 6050375 5493023 5972742 6327269 5931996 6253653 6075947 6069639 6683730 6323095 6274522 6392794 6015571 6154228 5805320 6273066 6436033 6277360 5983595 5930261 6403771 5869325 6171351 6876169 6302670 6110634 6402828 6203484 6382812 6274393 6149432 6064318 6392694 6459493 6196334 6654062 6410736 5912514 5968267 6639533 6482776 6144042 6083842 6675362 6053957 6168153 5995813 5977019 5598377 6193502 6038447 5890690 6123118 6245469 5666826 6260901 6142549 6363866 6291732 6190440 6599782 6627526 6249339 5864517 6038097 6153811 6028821 6695168 6598256 6524729 6224481 6190184 5961146 6260276 6245094 6534347 6148925 6235560 6014144 6019128 6462943 6040317 6112309 6291273 6202373 6689455 6252318 6491617 5942682 6553910 6594985 6160074 6140693 6445065 6005066 5785481 6414010 5896955 6511117 6136125 6353889 5893457 6045407 5940202 6283934 5934855 6250899 6202779 6492170 6500731 6122673 6213508 5619836 6410308 5706598 5793605 6805352 5755745 6576940 6039560 6065216 6379294 6117715 6510916 6159714 6401658 6693971 6263378 6263299 5887572 6024080 6033717 6277711 6728304 6290290 6226336 6602163 6481323 6054199 6358592 6235848 6106149 6369689 6300793 6191743 6217280 6662101 6162536 6251373 6075993 6129000 6162034 6008682 6245788 6098844 6266579 6313475 6279999 6237161 6396031 5895214 6422362 6244949 6066983 5690107 6013625 5931655 6057621 6545579 6096223 5877218 6304416 6571503 6158429 6184952 5745010 6133890 6365701 6052220 6636460 6928225 6497352 6578992 6011740 6272115 6451083 5791986 6401197 6731890 5927421 5966748 6308991 6565708 6442537 6293737 5761371 5851562 6021001 5713585 6391826 6299757 6323265 6098936 5914508 5943863 6223019 6554713 6228519 6583355 6408768 6325253 6150093 5973275 6592593 5927935 6294952 6051882 6069292 6218321 6411885 6158384 5981299 5892629 6427225 6113560 6256588 6184569 6356584 6133152 6520439 6278347 5637172 6540030 6343949 6003899 6146842 6253846 5876422 6468329 6181194 5988379 5928761 6015956 6317057 6319917 5847304 6396125 6503877 6289150 6653325 6056298 6454243 6300140 6580479 6129033 6084656 6172476 5740196 5850931 6740123 6544204 5924329 6112246 6284657 5961752 6315266 6049657 6118553 5531742 6445794 6208235 6335248 6191397 6016839 6422553 5920327 6336798 5972714 6426949 6311099 6037607 6084897 6262326 5933371 6378380 6394702 6121415 6185272 
6633384 6509711 6235776 6306303 6207744 6297825 6151048 6433661 6381545 6607088 6250282 5593050 6268574 5587846 6420369 6144150 6213554 6594964 5972111 5937852 6858146 6272380 6453801 6239839 5858270 6114377 6367792 6582195 6401952 6550218 6449453 5863919 6417191 6230433 6213513 6743688 6515353 6142844 6610903 6384312 6429468 6427029 6283707 6404158 6618254 6709443 6118352 6623863 6653214 6133043 6142630 6761465 6631803 6495870 6374736 6542622 6267331 6494835 6118118 6542204 6008226 6185260 6446887 6157649 6241152 6486663 5959267 6194059 6506366 6235523 6352324 6507078 6886562 6572924 5955819 6038045 6348534 6164982 5960744 7028543 6775884 6699439 6403416 6159373 5869340 6489160 6270982 6430944 6192386 6700358 6173854 6028706 6552538 6284672 6259190 6221085 6299109 6746222 6374467 6457787 6129253 6393078 6699786 6273912 6297253 6514639 6377810 6147884 6122768 5810852 6368627 6076956 6255788 5967630 6240793 6228859 6463327 6350906 6334697 6583910 6627931 6259373 6341416 6401852 5965683 6484404 5849798 5896692 6651832 6091470 6546042 6017756 6043680 6685599 5967224 6631844 6333218 6378370 6688589 6608386 6366068 5862646 6051260 6155368 6332233 6569992 6480410 6404027 6727846 6383418 5940031 6717749 6297681 6385686 6298671 6784232 6381345 6177268 6221371 6656850 6634629 6083126 6457700 6209124 6036590 6286854 6321193 6266244 5941913 6354700 5998886 6625074 6318871 6573538 6399974 6428264 6002888 6263636 6490554 6181172 6775989 6212756 6219686 5991371 6798637 6196973 6202404 5826690 6445371 6460786 5960689 6751665 7085932 6493745 6472289 6134010 6359925 6773271 6231488 6567944 6953378 6044872 6324933 6286134 6330556 6419954 6324170 5802277 6113335 6256933 6170119 6605315 6435760 6527204 5984471 6182701 6278896 6528353 6410013 6508105 6530916 6493898 6467114 6365902 6051381 6798228 5843062 6534330 6090754 6390108 6393231 6687610 6395381 6252966 6501839 6710531 6119079 6141127 6242004 6152401 6109618 6769177 6337396 5800644 6598728 6496119 6227261 6050318 6463112 5864854 6333672 6233567 6101328 5856762 6039388 6467205 6387046 6109854 6617821 6724332 6492447 6765748 6505699 6807528 6406565 6623594 6467183 6273585 6563794 5739985 5800920 6742666 6952672 5968944 6381299 6218450 6060311 6590545 6117736 6214027 5943734 6442013 6921163 6342327 6154031 6344798 6542384 6032916 6431709 6007126 6606463 6043464 6155890 6192893 6174415 6144288 6265569 6538646 6178517 6348555 
6734197 6739802 6622485 6636001 6113403 6776069 6093914 6571912 6835843 6879402 6635707 5965989 6330660 6006533 6393027 6620320 6505718 6855087 6194264 6657338 7064216 6493486 6794235 6758036 6517251 6474392 6358699 6594533 6820939 6846740 6438861 6083011 6703383 6277794 6506402 7050870 6989010 6451499 6608560 6511197 6662637 6687483 6691469 6563335 6854545 6835119 6226514 6873327 6591689 6375149 6562559 7141004 6686320 6542541 6376071 7019035 6580738 6849860 6400509 6708108 6282442 6619583 6507143 6518044 6684487 6788292 6125017 6456060 6603751 6799873 6640111 6777749 7283813 6944237 6557256 6491937 6567264 6648908 6555613 7105119 6844811 6691887 6927011 6724449 6186200 6774384 6624470 6817965 6283626 7025318 6312097 6518980 6841002 6813790 6596175 6781850 6420146 6723787 6679197 6699820 6274426 6911468 6841672 6512554 6739482 6643877 6815333 6452006 6658961 6539599 6735317 6808504 6650538 6296915 6670192 6277882 6500064 6650321 6623341 6659662 7375706 7043596 6507681 6943603 6271678 6750620 6152176 6205233 7006049 6501387 6853347 6597980 6034188 6867253 6440940 7034366 6108069 6934440 7166270 6973460 6567087 6382692 6307543 6475787 6339841 7108009 6607051 6726250 7290606 6936727 6441069 6833948 6747250 6868508 6643796 7039322 6903565 6699505 7000602 6870789 6763887 6689214 6554814 6780899 6345138 6504389 6542587 6635939 6555101 6820267 6556895 7209449 6578772 7035780 6634835 6584211 5837695 6443380 6534014 6270124 6694082 6425518 6431679 6254596 7003718 6445752 6733807 6081567 6838017 6904057 6121551 6862817 7218353 7058219 7035952 6271519 6706204 7036542 6388008 6903900 7076339 6426504 6616238 6632937 6888366 6724819 6529861 6223084 6412888 6466179 5970626 7106613 6711508 6666399 6269388 6489434 6545937 6547069 7011582 6719102 6692676 6875947 6646562 6709472 6271366 6861161 6357225 7052743 6547681 6689195 6523065 7025777 6585936 6313744 6504323 6841549 6731001 6366631 6458185 6638426 6556209 7058567 6434082 5862071 7090011 6983220 6447557 6598670 6825562 6138691 6561251 6271558 6679797 6313108 6448760 7004709 6786352 6162348 6759990 6955850 6896445 6905078 6966520 7093366 6704815 6826135 6427183 6703106 6724910 5889569 6400267 7205361 7044971 6036266 6577642 6719660 6557825 6920290 6485429 6714940 5998164 6691252 6852415 6343661 6748036 6504468 6630331 6216444 6940492 6593990 6569863 6878887 6429589 6368505 6724550 6376865 6739474 6929621 6230586 6304608 
6624701 6438136 6398655 6482099 6372970 6316435 6263005 6480465 6489038 6645098 6386583 5846910 6278637 5821004 6243918 6441516 6236813 6677509 6137804 6538418 7056938 6216453 6463508 6356901 6221112 6198950 6339009 6506454 6607831 6948849 6452109 6306761 6704761 5900727 6349570 7093114 6711128 6358533 6570255 6505974 6590920 6577759 6085647 6352532 6790970 6936535 6119347 6570925 6602583 6318174 6292761 6844972 6662502 6384258 6205014 6712295 6337118 6428501 6126050 6212982 5906642 6362786 6455889 6453659 6517446 6522100 6024167 6123625 6629032 6543376 6446427 6562854 6722561 6939902 6208793 6164799 6246401 6445046 6189974 7093876 6758415 6760623 6552867 6640039 6000124 6523099 6409673 6866069 6228140 6756052 6418151 6317686 6547284 6246730 6523943 6604478 6304185 6537198 6264986 6466301 6035951 6774081 6766055 6151622 6373747 6504395 6442237 6310175 6330227 6186195 6382623 6230989 6532254 6127128 6516566 6306795 6430177 6341847 6263248 6578488 7033344 6445523 6556358 6676362 6262124 6858554 5827487 6253824 6766333 6210698 6669461 6511132 6165931 6703641 6086319 6443412 6433088 6857840 6567980 6357745 6516485 5985073 6255250 6212781 6590987 6902837 6323811 6467372 6777397 6588852 6055523 6802250 6527693 6646594 6506590 6706557 6738742 6264667 6820677 6885435 6542136 6223256 6495194 6681783 6342620 6739317 6340260 6317741 6326566 6540424 6458681 6967629 6392953 6639362 6707441 6552445 6024132 6428166 6496829 6007269 6660997 6190403 6033942 6198944 6818659 6329835 6255209 5952788 6590571 6464082 6089623 6900428 7252299 6791179 6804824 6175524 6413736 6692451 6265298 6744394 6925772 6248487 6443637 6218230 6559549 6326321 6471088 5949432 6114582 6106565 5862300 6515324 6296457 6547494 6464646 6131570 6531520 6617525 6575599 6805913 6517963 6440083 6683139 6265934 6379534 6913140 6145565 6639436 6370405 6422008 6632034 6892301 6370035 6291036 6629244 6552265 6113535 6233575 6254134 6359465 6463754 6631952 6364794 5757461 6707558 6302869 6544465 6197495 6460216 6250465 6438092 6516171 6284234 6048199 6277190 6727277 6499682 6257363 6595614 6643629 6655932 6818694 6415455 7046624 6681501 6482854 6576539 6425669 6583289 5974144 6016542 7107857 6886577 5986026 6380800 6432220 6287210 6683717 6435534 6276026 5908764 6511371 6505972 6596917 6170817 6189656 6744938 6075039 6139573 6261538 6320273 6375492 6412401 6224562 6548827 6284539 6246354 6534972 6344869 6309409 
6116526 5713177 5856703 5824583 5409356 6066510 5657444 5860834 6157457 6334576 5989179 5372905 5707606 5582012 5717815 5757986 5663420 5900194 5343681 5798983 6424171 5860022 5918063 5964509 5980098 5780192 5743371 5675015 6074061 5978536 5518866 5725241 6071114 5801699 5705017 6562279 5982789 5908341 5986428 5954575 6126312 6053555 5850140 5628437 6143429 6248560 5765932 6155163 6191381 5669301 5818608 6299816 6309424 6029333 5568501 6212825 5983868 6036243 5686590 5910843 5556660 5927497 5799616 5837913 6025396 5966140 5428180 5825330 5795924 6098580 5954521 6322522 6178316 6501076 6011349 5908525 5706107 6036376 5627770 6515963 6287517 6191359 5844030 5880329 5544590 6128627 6009801 5995012 5644578 6436926 5679705 5743428 5864723 5847708 6071076 6110392 5690853 6202653 5842402 6065507 5657209 6431790 6037521 5927527 6016723 6116228 5804984 5763332 5723813 5916822 6166631 5822064 5891485 5800201 5916806 5828525 6119927 5897584 5791484 6149581 6315808 6001839 5871707 6017700 5419253 6445207 5174159 5455143 6300653 5603161 6058635 5712783 5593191 6144333 5828541 6143216 5962108 6005160 6396195 6005016 5871103 5544239 5915026 5477297 5636109 6348291 5840586 5709349 6413357 6212885 5862497 6158582 5922711 6096279 6070728 6034966 5811694 5952472 6197129 6177869 5975843 5792309 5998518 5754979 5781152 5689735 5884551 5997898 5806735 6095233 5665185 6125933 5624831 6319056 6046819 6152410 5362721 6006630 5637599 5732525 6280440 5605726 5627889 5679624 6086637 5918700 5767832 5548470 5806975 5825145 5586749 6508586 6574378 6063461 6445832 5628331 5934936 6167200 5704059 6126170 6150303 5369806 6113098 5856750 6099325 6205574 5749215 5594003 5659409 5562024 5703040 6084654 5877247 6044232 5867576 5727927 5866955 5987070 6118468 5979496 6105003 6248436 6040762 5866200 5696403 6266166 5379465 6079892 5763915 5951377 6095609 6156397 5970672 5670117 5978824 5796020 5941498 5747363 5838538 5911127 5737612 6133395 5820804 5263624 6250846 5905888 5639674 6028973 6224803 5762488 5878269 5888361 5922330 5622097 5958681 5866563 6031659 5618666 5959635 6017815 6192260 6247839 6003237 6198987 5866627 6126217 5788458 5613086 5737853 5180011 5375406 6348998 6407614 5536985 5753234 6033855 5785397 6080198 5618068 5909454 5385353 5941776 6115777 5921803 5841485 5602836 5954660 5603398 5928957 5911674 6035273 5611258 5538881 5941791 5755878 5403094 6177046 6107596 5974155 5759474 
6593473 6424539 6581554 6528255 5901364 6012985 5766071 6391835 6314627 6653229 6298112 5933594 6429431 5958840 6208207 6123343 6315363 6553977 6086417 6312117 7010113 6323829 6344262 6298196 5886279 6143198 6240991 6298958 6607895 6907361 6193688 5840667 6244684 6126533 6423264 6913202 6525687 6163552 6444244 5938534 6376317 6372357 6355357 6185120 6651674 6615963 6146246 6631580 6484763 6134467 6278190 6681818 6477370 6398941 6483844 6545853 6373347 6762810 5903438 6370965 5843704 6293510 6101045 6355562 6571884 6656789 5826769 6116780 6589378 6508495 6415470 6508268 6666206 6933437 6139465 6234738 6170463 6536447 6037599 7012299 6770635 6644037 6339391 6340446 5927517 6354194 6523567 6517830 5990177 6644378 6123594 6271140 6386165 6249510 6486050 6251944 6488830 6590679 6174396 6421986 6109672 6562745 6641052 6385176 6286907 6536837 6302812 5987884 6305018 6325182 6631338 6310632 6200361 6153756 6412003 6238784 6176020 6531247 6224219 6390429 7140494 6637050 6349025 6409031 6120165 6584597 5770112 5939671 6797282 5928755 6798782 6182534 5983080 6640276 6185057 6649945 6272950 6726129 6856632 6340728 6548806 6215548 6318622 6216719 6186708 7036937 6313827 6356716 6544712 6643760 6206226 6748041 6144015 6249277 6137166 6559889 6338299 6433557 6669237 6620888 6649840 6237188 6311412 6356149 6257790 6444135 6464887 6027307 6197361 6439727 6100674 6833649 6234172 6500003 6536528 6488073 5770412 6163576 6047185 6048867 6792890 6173393 5912623 6139111 6758654 6325328 6142174 5913119 6136482 6289823 6078746 6620864 7222739 6561971 6503969 6099530 6265988 6931255 6172192 6699995 6931759 6188192 6334712 6218629 6514605 6341197 6392118 5899651 6225392 5793769 5695744 6706878 6383481 6354805 6019053 6245293 6068979 6436273 6396821 6616236 6622436 6605602 6522538 6115114 6252675 6682422 5800834 6572535 6180598 6202284 6691657 6932671 6492046 5887505 6175623 6618907 6224551 6098795 6238072 6511912 6332801 6900571 6150440 5775410 6502163 6627778 6099590 6402186 6542302 5974354 6303901 6343900 6160822 5934754 6029305 6433541 6351929 6170810 6458233 6697492 6588852 6958771 6463692 6608802 6811989 6861952 6330050 6574278 6383779 5902727 6006366 6821029 6867853 5949320 6260002 6558544 6162786 6671495 6150684 6533783 6083588 6484251 6669985 6465527 6611702 6104517 6637210 5870685 6435379 6389227 6657417 5959807 5944334 6096340 6599848 6090528 6154735 6885833 6254301 6414289 
7033932 6615360 6457350 6584441 6435927 6512336 6380811 6884045 6694528 6548363 6727620 5971904 6379334 5917466 6584003 6508169 6343401 6661367 6103194 6350636 7199509 6716472 6572657 6545415 6608842 6550360 6574920 6482125 6786411 6804789 6373222 6456512 6653113 6471197 6258561 6964325 6817773 6344323 6669389 6189761 6907497 6933902 6458596 6409194 6906935 6855526 6594058 6649449 7162574 6115744 6497323 7073942 6472122 6460490 6750172 6821483 6697575 6736387 6513019 6479386 6107599 6698506 6518462 6469422 6481988 6568647 5971973 6376208 6575167 6673071 6585782 6786201 6696443 7071021 6408346 6256370 6319176 6704614 6111333 7466082 7033891 6963622 6664184 6568445 6119282 6577429 6510532 6779021 6455160 6603633 6531119 6341124 6870927 6321833 6327782 6687212 6426085 6715648 6571165 6810743 6279652 6685925 7046654 6707133 6826717 6503385 6540077 6237728 6207306 6293387 6835992 6156176 6731237 6680494 6652072 6224348 6285581 6511977 6635319 6829050 7003711 6603228 6460726 6735848 6156749 6963012 5871942 6275842 7069469 6153674 6797412 6361579 6267491 6569066 6382450 6842922 6429788 6678158 6866448 6522774 6335691 6338495 6351816 6327044 6410800 6944465 6668365 6434737 7236741 6727799 6373277 6798403 6469607 6422460 6439739 6711616 6341758 6607702 6884221 7004115 6737914 6625527 6347866 6669783 6346485 6455513 6744004 6491275 6646503 6513947 6295562 6969646 6304395 6883505 6555807 6902543 6231127 6536789 6504853 6167010 6928787 6259734 6634124 6192459 7097828 6516917 6469736 5950556 6505193 6601398 6274409 7108644 7402398 6775743 7039177 6499144 6700131 6976226 6336498 6855020 6754701 6180441 6587543 6690548 6672761 6671444 6425025 5998417 6307136 6110139 6136425 7122857 6541381 6580692 6358977 6399775 6377824 6723972 6596292 6952209 6629494 6797877 6638557 6607922 6497791 6857618 5874004 6560091 6226478 6390559 6586227 6808894 6563536 6419412 6588591 6691528 6412176 6434889 6522854 6314795 6362066 7113352 6542982 6113941 6988193 6767547 6332497 6539970 6822377 6225837 6599335 6604248 6442195 6491801 6614303 6580512 6755086 6359601 6729018 6827171 6920209 6937551 6794186 7081211 6764911 6853649 6415192 6399089 6613434 5809006 6170111 7270344 6919539 6073887 6526263 6782600 6170731 7072676 6603462 6494972 6211165 6676827 6859519 6405249 6471043 6587069 6698494 6193440 6339568 6327681 6485932 6170081 6160211 6597466 6659035 6268301 6604166 6572812 6278958 6482247 
7166397 6794191 6833653 6696673 6510282 6645181 6227146 7060746 6776751 6964134 6832136 5988840 6585437 6073878 6524725 6654777 6628706 6821224 6700970 6595535 7237392 6503823 6808768 6977391 6509238 6521715 6599378 6859337 6645067 7042999 6511232 6627398 6976035 6359829 6709470 7412061 6907052 6804942 6999328 6459762 6674930 6888157 6403338 6753457 7017651 7162047 6594008 6973794 6896972 6464932 6477550 7189544 6934124 6753995 6683480 7322604 6624711 6887082 6408435 6593650 6160014 6802791 6723474 6585770 6533872 6994148 6205099 6775219 6929312 6886647 6860655 6675705 7059155 7225733 6695127 6351276 6666241 6639861 6598029 7304172 7070794 7252385 6901828 6809947 6300316 6955091 6736834 7106728 6672716 7184800 6445560 6603045 7067835 6449894 6721621 6770989 6519584 7189004 6806433 7020028 6350951 7253265 7083196 6595889 6782706 6912280 6870118 6461313 6426361 6519952 6914789 6588858 6740548 6642137 6633348 6774079 6901555 6685323 6650135 6732798 7135070 6831806 6846837 6884623 6476708 6825391 6043866 6221935 7012289 6500689 7085338 6782623 6501344 6921826 6524811 7109658 6899702 6995988 7141029 6921677 6903407 6364579 6725547 6855119 6636268 7154043 6697333 6728699 6935354 6927316 6280736 6908830 6745670 6780366 6855261 7064274 7046676 6665256 7139669 6914278 6990468 6969246 6704830 6717550 6486278 6569791 6633997 6643368 6696575 6944446 6650560 7245290 6528937 6858424 7015266 6586313 6220468 6473075 6639920 6656451 7008524 6322929 6431624 6760387 7064517 6599177 6532450 6421428 6549076 6874122 6277694 7165622 7461591 7136514 7036746 6321924 6733604 7015108 6620756 7100625 7510546 6614841 6913371 6759549 6875608 6675210 6774164 6457401 6138880 6535322 6350648 6720762 6610725 6794202 6545794 6465440 6619509 6845324 6957847 6844334 7062930 6968537 7054861 6397194 6677593 7038854 6330402 6895044 6458991 6746656 6911866 6988347 6797177 6472301 6748660 6927230 6535756 6631091 6850399 6623209 6636948 7143276 6436717 5975945 7071272 7060780 6538167 6536199 6574863 6442908 6761552 6809746 6637494 6482775 6584370 6987942 6809619 6602622 6795394 6824236 6752593 7173303 6580982 7216075 6658475 6932308 6944783 6633295 6732964 5853775 6397126 7397619 7103134 6202597 6815313 6891297 6426979 7095619 6446964 6765486 6217206 6947772 7169856 6697761 6716386 6395142 7148052 6396127 6728635 6650986 6700389 6705130 6501027 6622634 6826330 6366084 6872010 7206290 6734303 6696233 
7057335 6779070 6783402 7013604 6439644 6648063 6473341 6691483 6873988 7015196 6851958 6334830 6871348 6329497 6702487 6544477 6461985 6923217 6187309 6692695 7346098 6852973 7061232 6906869 6509804 6674840 6826303 6768777 6843625 7003008 6319027 6645691 7205988 6533379 6375389 7563790 7258637 6874338 6926248 6546216 6739513 7097758 6688887 6625116 7164413 7035795 6460965 7204079 7100562 6497274 6523277 7518959 6726459 6783132 6804878 7252526 6876601 6704349 6680301 6632120 6130291 6566748 6530058 6875655 7118260 6887994 6421692 6491179 6932728 7080266 6667416 7079780 7147323 7392996 7069042 6627646 6778483 6916758 6401763 7234740 7228319 7191479 6861873 6912428 6592382 7228838 6865513 6959267 6327263 7186077 6405481 6472996 7190987 6461583 6690883 6692110 6474995 6700081 6861088 6983203 6568504 7198222 7136212 6930845 6921264 7165311 6906671 6631532 6576869 6642637 7247848 6677675 6846891 6763342 6733484 6733338 6705196 6950379 6808501 6838219 7203760 7037726 6821052 7084895 6347020 7009864 5853732 6151871 7223462 6633716 7213992 6714319 6558776 7015097 6265687 7095936 6597945 6819801 7094609 6815925 6702134 6367272 6682324 6630332 6753532 7454007 6718742 6876080 7356273 7157063 6498560 7146823 6843940 6951232 6789732 7324289 6942470 6811610 7098027 7056472 7061708 6944921 6688639 6862200 6553331 6580627 6777081 7066331 6544194 6659781 6806069 7203096 6612612 7158673 6969628 6928957 6201270 6865393 6878565 6460916 7019992 6527332 6490759 6468907 7035171 6731111 6685724 6330845 6732123 7123807 6644428 7210183 7571513 7235610 7048761 6584036 6672564 7128915 6592581 6799898 7273910 6587102 6767827 6747260 6986807 6633167 6602675 6351304 6561830 6486553 6314643 7093872 6810178 6766550 6765192 6661268 6544931 7252893 7030727 6788212 7037740 7011461 7153416 6551283 6795438 7222467 6546772 7284235 6434308 6829250 6855279 7034266 6997177 6624222 7078761 6871415 6430455 6817890 6576133 6732847 6798808 7284841 6442033 6172150 7193801 7084630 6584480 6613831 7030275 6367312 6477356 6681006 6491937 6301266 6793599 6912002 6928785 6509157 6963357 7243947 6967723 7217912 6854989 7267546 7079868 7153239 6931021 6698508 6825296 6141605 6455702 7454860 7217753 6185390 6654396 6967840 6706796 7058247 6459563 6726382 6326211 6989763 7038828 6697186 6967347 6643538 6860494 6505503 7085713 6542974 7015849 6600768 6084995 6967313 6920180 6483364 6753697 7136523 6809195 6700705 
6628644 6322165 6681507 6248358 6150911 6324820 5953446 6554398 6277390 6652098 6371852 5806898 6027109 5769170 6284551 6365126 6337402 6450936 6070030 6184948 6839217 6453091 6479991 6309711 6072042 6276247 6394503 6392132 6400986 6713048 6122223 6003813 6624666 6240580 6162500 6924912 6716663 6309729 6496657 6307416 6576523 6652441 6338933 6394329 6668409 6448606 6257748 6631005 6683249 6183945 6298841 6691178 6355369 6234271 6223072 6754626 6565049 6721955 6345936 6329427 6018609 6699351 6299673 6298216 6093588 6440954 5707316 6227020 6480446 6598999 6637990 6468023 6703951 6822456 6264484 6026977 6217819 6259934 6036885 7294490 6494936 6457909 6550508 6467642 5984113 6481160 6692619 6622510 6063739 6550206 6070787 6234561 6448962 6166390 6234991 6155718 6227889 6684136 6140081 6578025 6359578 6517768 6493884 6401389 6492684 6679786 6415122 6218482 6185441 6273445 6471025 6284288 6225550 6063454 6332402 6263136 6351557 6266264 6381255 6507825 6704097 6521649 6203957 6595075 6166011 6391780 5460970 5862271 6517515 5863678 6594668 6234345 6062508 6335375 6119453 6792388 6363158 6625795 6814519 6542196 6412286 5935725 6141413 6264081 6279916 6890303 6412723 6054298 6567980 6811948 6055297 6462262 6331305 6405564 6420134 6771560 6467190 6038768 6702047 6389024 6896149 6128654 6399649 6500389 6196716 6376771 6429970 6331615 6244665 6191804 6200657 6790175 6164819 6491399 6739817 6327875 5844870 6226507 6244866 5925298 6531273 6142746 6159316 6169948 6429837 6212970 6211480 6105028 6300431 6487635 6228900 6835671 7020449 6620015 6734663 6133140 6492375 6836027 6135727 6717544 6864950 6233430 6213087 6400071 6429604 6421433 6490708 6109538 6098280 6229505 6059144 6342586 6487463 6433786 5858499 6220301 6309222 6368372 6574687 6556213 6400708 6553634 6470437 6183133 6121057 6801099 6031458 6592101 6270162 6270122 6543333 6708453 6322230 6039083 6613626 6517927 6143984 6211812 6189974 6486325 6206291 6527854 6233361 5685055 6593204 6290483 6014096 6360056 6502299 5944255 6563854 6351303 6026969 6098988 6124673 6585910 6560427 6275843 6464759 6436796 6458225 6955059 6368684 6864970 6610824 6732056 6290892 6361056 6308136 5685279 6169506 6787069 6795003 5909120 6138017 6473194 6254632 6716541 6393926 6366628 5963092 6470797 6747623 6683572 6455176 6301337 6587256 6158141 6232028 6005870 6408332 6243759 6047285 6291251 6494545 6091425 6238086 6495624 6279756 6495415 
6952585 6373935 6419060 6522125 6024480 6344540 6182439 6574305 6259983 6730932 6477546 5825485 6371357 5898294 6308606 6223067 6320533 6676780 6163668 6668791 7050970 6581596 6674732 6312183 6244042 6357161 6286159 6726873 6641026 6881506 6655337 6173178 6455898 6260086 6322761 6995692 6696575 6400304 6534048 6348396 6854917 6747716 6456780 6567082 6774983 6708766 6295464 6517944 6725366 6328055 6398441 7158376 6615547 6569681 6361538 6856920 6405897 6572950 6004183 6658872 5928813 6620870 6129231 6323081 6443787 6407367 6149386 6151867 6400783 6596678 6417297 6308700 6776299 7274797 6274043 6121630 6218797 6669098 6393991 7282088 6703403 6805553 6218241 6375739 6095847 6418156 6474374 6969003 6283231 6980571 6343829 6438135 6740251 6143464 6911971 6621041 6208337 6777765 6452072 6598445 6198512 6928770 6739899 6441168 6471083 6736325 6498507 6274778 6130909 6322045 6702156 6303995 6309382 6448223 6467958 6184631 6457719 6435605 6273692 6770676 7128338 6414080 6313264 6617005 6096845 6571200 5868196 5898562 6811490 6504463 6761285 6362244 6062536 6700569 6081621 6624297 6401859 6767869 6725471 6676731 6198262 6291207 6222919 6429259 6177005 6989938 6465457 6350109 6729113 6985240 6429127 6758678 6532186 6548982 6488061 6610579 6349727 6327487 6533122 6679775 6707849 6291552 6471266 6687924 6301398 6520356 6605434 6347677 6502890 6492804 6105806 6756411 6199084 6739480 6686180 6406689 6011423 6409693 6249825 6140405 6737018 6139033 6095967 6464293 6730225 6390881 6204852 6149604 6205160 6710082 6195160 6869375 7133293 6904567 6898092 6271744 6711931 6720832 6121658 6853198 7026359 6145799 6467595 6611107 6341118 6573844 6412514 6090549 6131820 6262780 5937663 6648573 6359936 6512479 6210157 6155434 6003770 6652144 6704420 6668006 6588252 6506286 6370075 6297138 6093593 7006443 6124615 6788592 6448669 6408396 6908561 6797384 6475268 5977051 6481898 6689310 6470161 6417104 6351239 6400873 6348080 6780151 6281867 5918790 7010957 6686268 6318704 6340186 6411263 6124944 6573867 6316288 6189217 6084293 6159391 6416926 6548870 5880116 6564289 6655822 6645700 6992550 6408217 6561346 6620007 6755167 6390772 6402047 6475874 6059076 6210278 6911627 7033367 5895651 6581557 6642378 6251962 6622704 6053909 6694826 5819653 6179898 6940341 6390214 6270035 5949293 6637543 6138686 6428366 6400842 6439848 6367699 6167080 6185182 6504380 5778273 6239674 6906839 6545486 6174863 
6484179 6340652 6200171 6275240 6245493 6163480 6301708 6248144 6383483 6468805 6255550 5866382 6216233 5501309 6080425 6033059 6150849 6393030 5759627 6028791 6796896 6114717 6396588 6441361 6114076 5994690 6025884 6326493 6504836 6529786 6358638 6051049 6379834 6001668 6085780 6598439 6470494 5993701 6428448 5942929 6434611 6628500 6110608 6347822 6704868 6427101 5834630 6489605 6668313 6499493 6090122 6857504 6235929 6200955 6036400 6705327 6225129 6590594 5891548 6243653 6222597 6480928 6162770 5972272 6275005 6356499 5734404 6247760 6489202 6575041 6287769 6574752 6420139 6528794 6151685 6013721 6258223 6262860 6077708 6769497 6611388 6671918 6335364 6448038 5955615 6418727 6390860 6507512 5910434 6748576 5789289 6108398 6571217 6235029 6359458 6231438 6541173 6425838 6234125 6519393 6009593 6687593 6214782 6062295 6375895 6401653 6461098 6133505 6073576 6121777 6535630 6283181 6105004 6228866 6565995 6183545 6051218 6148451 6261587 6641979 6811846 6387036 6313914 6510052 6267557 6501621 5625129 6113123 6625309 5926277 6341921 6349598 6089957 6544500 5884772 6489532 6241972 6656092 6877218 6256993 6354012 5759023 6506072 6161740 6062869 6842804 6323628 6334869 6737375 6837236 5803425 6675165 6404199 6302936 6541812 6469114 6343033 6208939 6407670 6334775 6278678 6220342 6289975 6526664 6183436 6350547 6365551 6237829 6269917 6516470 6151610 6673255 6225596 6669502 6636847 6272944 5948435 6256899 6161899 6094296 6564672 5939478 6169045 6399153 6498082 6320763 5976409 6104983 6392222 6304434 5725379 6631642 6857638 6396573 6560951 6005325 6160301 6686162 6140828 6501608 6738291 6225512 6523182 6412616 6405818 6534968 6329838 5680308 5864718 6131380 5841453 6439014 6362845 6317791 6062772 6266477 6413826 6355937 6484465 6448570 6336697 6520337 6838035 6101051 6018981 6548336 5843518 6674853 5708796 6448617 6322988 6848176 6374930 6234534 6360836 6281042 6314151 6043913 6148364 6125653 6169581 6955581 6193373 5660285 6492004 6367048 6413648 6021269 6394203 6012115 6448499 6135303 6429473 6140630 6129266 6620059 6217605 5881265 6488250 6584543 6501602 6530375 6380658 6814928 6325943 6475983 6117318 6476459 6279173 5518063 6008717 6931344 6478036 5800802 6156955 6289411 6128527 6535761 6257031 6325474 5796298 6203187 6420415 6113771 6263099 6047230 6258015 6218947 6344099 6269808 6170393 6055063 6061117 6214261 6432421 5912489 6455122 6496432 6209229 6195994 
6426702 6233605 6496613 6273338 6149297 6494817 5958638 6596397 6567427 6600030 6254770 5743931 6403997 5838115 6206579 6289608 6343732 6403142 6168117 6208476 6863579 6293270 6377606 6157888 6217247 6361744 6198701 6412517 6413417 6622495 6473761 6518563 6479030 6120636 6309261 6924057 6657038 6235911 6693365 6234187 6601943 6721316 6290410 6251220 6435790 6767206 6089015 6554162 6746087 6055365 6350541 6987731 6356042 6540917 6232341 6767326 6279477 6297514 6029623 6218995 5754202 6040200 6320905 6185474 6235561 6625764 6005638 6170194 6627587 6421493 6263002 6511719 6662636 6740639 6188711 6299023 5988214 6361734 6225482 7043546 6748319 6637348 6489801 6152961 5835022 6661089 6569554 6439916 6156118 6633680 6383172 6217706 6551974 6087032 6186583 6453148 6313534 6762064 6355726 6331368 5931702 6721086 6685756 6556840 6211326 6627288 6533763 6075467 6344313 6487241 6486832 6168867 6554566 6210315 6273276 5863322 6364485 6092989 6430602 6267010 6766207 6455946 6357923 6660204 6052038 6603095 5742718 5831135 6824302 6348581 6571729 6310396 6204478 6455739 6248901 6469376 6421250 6239160 6738128 6644840 6412989 6025348 6342810 6121982 6262070 6600092 6517698 6311966 6721363 6701051 6302226 6643819 6584057 6442685 6490706 6801701 6500039 6391863 6492670 6620260 6586148 6195928 6353009 6434688 6224237 6613293 6645435 6453443 6290550 6272657 6180394 6466595 6189980 6756195 6536927 6445503 6141853 6370073 6482947 6155312 6643268 6058494 6064034 6236476 6827652 6119523 6371334 6098606 6370213 6648335 6013645 6811293 7173707 6776087 6895455 6018922 6397728 6519790 6055792 6529409 6938155 5970825 6023447 6221737 6510475 6421572 6353607 6179798 6202759 6129845 6099339 6743057 6249904 6692424 6246805 6080884 6371016 6242622 6678435 6518672 6618291 6702421 6455635 6100289 6231919 6759844 6007053 6587689 6138471 6425535 6534636 6681916 6341147 6191733 6317290 6232359 6208373 6048194 6251909 6561150 6258731 6721060 6211518 5615588 6622402 6466422 6280430 6180575 6575964 5944041 6285295 6107024 6348820 6009833 6243364 6693264 6681977 6095451 6682165 6650544 6662514 6942527 6416600 6732814 6405176 6519438 6524327 6483425 6405752 6020356 6067375 6857474 6766077 5995777 6660303 6510344 6124435 6510818 6360329 6227106 5891312 6301332 6772255 6233701 6086268 6066129 6732795 6080707 6524364 6109932 6687503 6133362 6027685 6292794 6349199 6032678 6461627 6795398 6271224 6401291 
6179888 6098484 6015319 6184966 5750208 6180014 5802082 6085179 6166348 6282493 5955332 5864324 5780018 5504512 5948389 6084089 5891285 6300293 5776902 6296755 6685344 6085878 6328253 6301666 5959612 5798555 6114645 6046465 6137118 6271197 5717431 5776302 6332029 5804782 5849859 6746719 6259183 6003478 6342058 5925192 6334097 6153352 6108237 5914646 6202754 6573175 6018449 6452643 6364765 6067275 6066385 6267858 6393466 6251160 5753338 6579669 6129279 6341362 5652216 6009230 5728923 6056946 5941807 6230169 6127810 6166740 5490961 6002740 6318722 6307516 6053262 6124388 6448560 6403755 5979698 5970612 5855017 6433540 5947285 6721404 6449577 6590406 6242351 6060488 5637991 6225556 6222226 6475832 5849715 6451628 5944917 5983993 6303210 5776184 5817557 6002728 5937481 6278951 6015331 6494030 5705769 6259676 6559806 6091240 6326851 6268405 6289542 5707675 5995463 5899939 6345320 5869632 5989929 5746010 6012952 5950239 6235665 6255386 6249247 6222654 6543916 6235246 6223677 6373932 5513967 6701019 5425780 5712338 6354643 5826710 6646510 6324485 5716649 6108890 5757493 6517867 5822746 6494020 6263053 6416721 6147067 5497527 5757829 6108833 5881519 6414477 5969366 6086482 6548813 6278366 5938414 6494284 6094798 6328831 6064554 6290156 6156691 6206687 6378307 6303093 6299180 5939723 6141167 5873376 5890709 6170427 6023115 6076158 6122008 6137552 5840420 6331441 5874520 6385371 6249533 6328180 5610964 5977865 5960323 5732860 6518488 6056917 5686249 5946973 6455463 6250154 6131142 5670340 5887628 6059917 5754279 6576890 6627572 6256590 6501832 5987665 6088438 6595912 5968145 6409256 6391298 5929746 6108847 6153538 6306353 6335113 6105432 5795917 6020299 5836706 5677638 6324038 6067907 6232207 6043482 5979661 5947901 6365612 6314008 6186085 6214881 6205561 6170928 6003746 5853995 6481835 5553586 6483968 5902740 6142368 6199697 6467387 6060832 5723726 6244834 6131448 5848792 6285539 5793311 6077062 6295997 6295583 6135476 5452871 6435226 6423887 5763616 5921969 6367080 5790671 6129121 6242659 5785494 5805885 5960542 6164570 6102283 5911784 6277665 6209077 6482705 6617329 6126950 6373329 6351668 6340902 5970802 6107155 5931511 5537177 5756082 6560658 6452673 5674057 5862457 6272195 5822236 6042265 6193574 6058750 5633893 6103101 6275250 6189996 6055532 5978507 6286533 5837208 6210860 5805468 6109914 6106376 5796202 5937628 6111311 6053610 6025613 6598165 6132113 6295678 
6929445 6363159 6428714 6653380 6171751 6469537 6240965 6918226 6629732 6711614 6551670 6004562 6335009 6006477 6669140 6478889 6324133 6433722 6303786 6664610 6994839 6471233 6853528 6502727 6206587 6589287 6256851 6422159 6556398 7025657 6256521 6318359 6598722 6145148 6341770 6929639 6937545 6361162 6599762 6473983 6544972 6773639 6285282 6562563 7069323 6750463 6315358 6658448 7156148 6259635 6503384 7072656 6683968 6557714 6445123 6816573 6351556 6884548 6575731 6555468 6192724 6491893 6320991 6605356 6468496 6545588 6220191 6380391 6729022 6593788 6459394 6699672 6881810 6961552 6720601 6271856 6359303 6728380 6180069 6967839 6919968 6762654 6496146 6646860 6060168 6627099 6533320 6867499 6226486 6870374 6425298 6529999 6557149 6343330 6641646 6733192 6567545 6883009 6274703 6801858 5951929 6840439 6855667 6665404 6956763 6607539 6481650 6281980 6613571 6400428 6949636 6253698 6515689 6522168 6765894 6330036 6538655 6435986 6377840 6895641 7196567 6451741 6331419 6582929 6180021 6894372 5796285 5958427 6970090 6189161 6787598 6327086 6017135 6694661 6296852 6700570 6601394 6858436 6647911 6533058 6664890 6365033 6381334 6311356 6643923 6897772 6460596 6482401 7088656 6686419 6270003 6696699 6642182 6754168 6538033 6868740 6487567 6808211 6954824 6829595 6846190 6794350 6352417 6340189 6223491 6635522 6872277 6582919 6582393 6617645 6218383 6868637 6456927 6858552 6573813 6753377 5841935 6546367 6438318 5926190 6925185 6331637 6280780 6318119 6834499 6545665 6260053 6309400 6569487 6759728 6112910 7319436 7238156 6840574 7063619 6244026 6755540 6790596 6124394 6847201 6753064 6192545 6533054 6426241 6878860 6762338 6288641 6424540 6434088 6101339 6007429 6980266 6475039 6263584 6448907 6472013 6495636 6657807 6544734 6728182 6826884 6767212 6663016 6463298 6511481 7038365 6228335 6717229 6339285 6422323 6750385 7090877 6656799 6090995 6648582 6618134 6582097 6455621 6545104 6318463 6537380 6922196 6258262 5992044 6781021 6572449 6217487 6490852 6595632 6452715 6484860 6455064 6195292 6355914 6355528 6465262 6353207 6076122 6556330 6673554 6861147 6821938 6514403 6916663 6589481 6762994 6492673 6422544 6550390 5935427 6040234 7033880 6824564 6234815 6713186 6657765 6527813 6845443 6366938 6481403 5939713 6490768 6740389 6340364 6531586 6234729 6704281 6233805 6367305 6477452 6615721 6481715 6093194 6383668 6522850 6118225 6471722 6670200 6389769 6270508 
6413498 6188895 6243423 6259434 5783401 6161660 5774118 6143061 6553681 6249010 6335445 5740953 5968045 5359427 5929024 6090987 5888913 6232894 6094463 6112131 6508456 6141939 6433895 6374326 5879843 6199856 5780230 6423164 6350516 6734620 6022656 5809330 6544899 6008587 6145042 6505838 6474541 5886693 6483206 6120453 6482966 6319977 6063489 6025697 6437064 6398581 6028612 6576877 6664160 5928219 6074965 6710371 6438589 6316824 5946763 6651670 6036294 6294290 5940450 6318505 5625602 6288661 6219475 6037560 6366800 6440862 5866905 6142921 6465412 6302545 6271582 6151052 6671396 6891137 6178375 6190380 6054618 6112615 5955654 6891101 6506771 6526900 6229922 6362905 5755337 6242470 6307950 6597951 5964278 6481140 5980555 5879382 6515903 6018629 6127269 6144849 6080880 6712849 5983349 6176693 6027735 6542139 6291067 6428094 6333145 6472046 6246523 5782766 6229258 5970749 6245787 6237981 6365021 5859205 6120335 6027343 6439571 6051525 6043587 6389237 6784709 6441523 6165398 6345274 5611026 6220432 5610499 5774409 6747731 5751605 6534995 6185641 6131873 6500428 6038199 6635619 6060334 6474635 6457946 6444486 6227380 5669168 6030666 6237252 6077959 7006840 6172721 6503581 6690860 6382139 6048602 6625103 6345169 6069104 6203007 6494802 6358229 6067114 6366528 6360476 6223689 6244054 5957605 6209678 6324117 6417319 6263267 6490991 6283879 6442577 6076484 6582012 6165080 6441463 6307021 6293656 5844181 5981916 6067838 5933334 6539337 6225866 6157179 6029987 6523081 6009699 6099362 5766001 6174990 6509054 5929822 6804519 6809865 6612005 6576242 6119959 6185198 6385487 5893907 6505596 6768741 5917875 6085786 6316291 6272941 6265261 6301467 5953557 6041830 5863537 5647819 6396353 6178806 6428765 6055889 6269066 5891649 6333008 6220371 6418939 6331269 6462387 6297424 6044891 5968898 6651497 5813944 6150039 6151820 6325628 6423687 6561764 6331348 6000575 6184438 6523670 6212099 5742430 6020021 6149322 6160132 6685195 6082841 5797863 6494488 6232899 5986390 6065844 6273207 5924612 6384079 6296781 5950514 5857842 6126416 6301611 6399076 5975721 6281256 6476205 6512300 6705814 6117536 6849734 6341519 6531374 6334932 6222844 6051944 5775470 5890008 6536871 6814486 5975759 6083919 6076118 6144245 6436108 6063231 6416096 5617515 6362065 6742044 6267692 5954654 5872099 6481371 6057397 6308341 6086294 6233644 6418158 6128354 6034332 5985248 5832226 6397252 6398877 5945484 6120919 
6074066 5915442 5918690 5908295 5578050 5964513 5882262 6143774 5912260 5991546 5801676 5612908 5772002 5427623 5615195 6040482 5689354 6069327 5581185 5933976 6308341 6016157 5880432 6032787 5887510 5741808 5770000 5924393 6283419 6267404 5597802 5821902 5906765 5592578 5825089 6318575 6267834 5956802 5859885 5608639 6109016 6390660 5797403 5909331 6222799 6284798 5976864 6090644 6002036 5966281 5727792 6380947 5976818 5999556 5836779 6001175 5809755 6136622 5679912 5847644 5577445 5988299 5937398 5954118 5974467 6198698 5484622 5917377 5896590 5971215 5850957 5925227 6308520 6248648 5768710 5884128 5896986 6017701 5779432 6465837 6210519 6444638 6141717 6100733 5441319 6110449 5899279 6214570 5896708 6417116 5645416 5655672 6320590 5847105 5967418 5820830 5840585 6232903 5610029 5914842 5600844 6322096 6121407 6061141 6222225 6185329 6144352 5829358 5788390 6157926 6203028 5803938 5892589 5596870 5935075 5791451 5867220 5902450 6050028 6321840 6552300 5891271 5955405 6301630 5660982 6111113 5301565 5375243 6377392 5784939 6198652 6205380 5499244 6141579 5893621 6306806 5610244 6230729 6322961 6244504 6040859 5371580 5885767 5728282 5751046 6329994 5868503 5961952 6298119 6241967 5856066 6182284 6068020 6143895 5915696 6109838 6319166 5984861 6136174 5871899 6118998 6123556 6058427 5833174 5729657 6019629 5987487 6134338 5760337 5936088 5842934 6414609 5896430 6567308 6040706 6128697 5534246 5817916 5931534 5706789 6380854 5495565 5764996 5735733 6305065 5921542 6020364 5597485 5922335 6202339 5501861 6269687 6716582 6192871 6180364 5708439 5817498 6420130 5693574 6454096 6579512 5769593 6161367 6062344 6106370 6025750 5892594 5447694 5809336 5464417 5493168 6241692 6120384 5953669 5732092 5973669 5831147 6059432 6058149 6299416 6129212 6123519 6185517 5915268 5763914 6200299 5517620 6089940 5772293 5988182 6042304 6226958 6055135 5695250 5868390 6265892 5693126 5693743 5957080 5934796 6046289 6408122 5706288 5374988 6488395 6300339 5817676 5747490 6187261 5609662 5779117 5693077 5897658 5675346 5860794 6312276 6106845 5829523 6053972 6183268 6337446 6338169 5996980 6474609 5903316 6207487 5593501 5855723 5961190 5191259 5779583 6260624 6337405 5499991 6128272 5947891 5949921 6042622 5768067 5945794 5407494 5903935 6144628 5922344 5850247 5650210 5981912 5798699 6331957 5728848 6229104 5951160 5646669 5892084 6044398 5575485 6161407 6260862 5590008 5921403 
6897412 6436197 6983614 6499355 6389461 6759365 6380765 6796587 6864116 6800939 6650057 6031080 6505290 6115841 6384535 6601174 6417355 6729381 6614590 6633103 7381176 6762607 6772864 6431951 6357307 6436758 6491405 6753977 6752934 7042248 6455950 6452198 6651934 6596475 6558436 7394625 6941355 6803395 6900945 6674426 6875538 6733534 6589461 6538959 6966807 7041373 6585370 6792217 6852520 6226866 6497332 7181520 6859055 6561859 6398622 6951883 6540633 6677733 6450239 6318401 6142488 6716199 6447631 6787077 6586219 6739902 6067984 6800057 6879402 6782319 6686406 6534762 7096940 7204563 6702764 6492411 6571698 6816858 6158388 7416065 6831457 6998744 6659427 6770118 5930388 7128724 6770397 6866657 6730000 7080176 6243182 6737978 6821149 6516075 6844573 6671342 6493022 7071192 6704033 7008288 6408095 6767998 7004599 6845059 6765826 6884337 6595042 6421506 6528768 6521230 6864653 6553832 6772367 6459904 6472941 6258866 6849877 6764516 6592417 6531559 7181503 6935903 6756057 7029196 6213254 6976096 6001796 6071339 6941200 6320734 7028309 6377726 6392210 6826455 6375747 7172996 6534733 6856224 7015071 6821883 6420359 6200715 6536931 6620650 6399956 6918995 6647118 6375480 6778123 7073628 6738253 6966839 6673854 6724115 6863365 7154973 6863511 6515461 6937535 6871482 7197244 6577191 6580574 6616611 6440710 6611796 6661945 6499575 6714711 6761547 6981223 6907596 6647455 7106853 6770993 6852557 6072951 6377953 6911499 6425214 7210717 6230756 6405965 6561251 7046924 6703104 6633502 6317240 6571106 6989145 6037556 6945565 7427006 7031490 7087607 6412258 6617804 7223374 6513976 6949445 7335251 6316964 6749611 6778843 6927185 6855408 6698345 6137518 6407336 6386129 6511397 6703085 6737970 6753457 6293062 6645300 6402805 6653428 6744054 6891584 6805193 6812555 6755044 6359828 6517094 7160433 6172221 6879480 6350330 6480400 6749263 6939177 6487168 6387366 6627495 6965125 6656662 6413688 6743276 6716053 6518482 6860230 6143178 5827223 6990792 6713584 6658175 6729065 6894223 6290278 6799256 6371041 6453771 6210098 6537040 6807247 6472540 6419992 6617949 6887493 6966463 6908083 7041891 7005790 6806929 7134768 6647061 6626067 6352389 6049767 6272608 7349043 7309918 6295922 6642409 6613928 6499258 6854309 6460110 6787736 6139477 6519972 7071160 6747042 6420768 6390648 6969042 6273013 6778525 6741440 6887035 6597299 6223061 6501887 6775709 6520324 6771700 6691085 6599308 6447500 
6785183 6422663 6581088 6412468 6062693 6641124 5814019 6468496 6513127 6671597 6475855 6056027 6359785 5811615 6396753 6606546 6019142 6741429 5919277 6149234 6752247 6291259 6571605 6634347 6281322 6284077 6134660 6290124 6736901 6616164 6307627 5976900 6517520 5959819 6248412 6886316 6532097 6274886 6433473 6453052 6949474 6546065 6492835 6306771 6739837 6697837 6354686 6510082 6541440 6170335 6333059 7065407 6773265 6317061 6429758 6765602 6632000 6852146 6095721 6523400 5946187 6429972 6179865 6716419 6359757 6692220 6033574 6318029 6874937 6698202 6311928 6378512 7118207 7101959 6188400 6298642 6618534 6407963 6068811 7051165 6724559 6939004 6550879 6759094 6117170 6281697 6513130 6632627 6255590 6887622 6219428 6287635 6672387 6123747 6340356 6244607 6237460 6684285 6212027 6589630 6110631 6765090 6645541 6600328 6408608 6527782 6416332 6165703 6551836 6290665 6392756 6169216 6517879 6091020 6405543 6101198 6537654 6466326 6173226 6602834 7051695 6595632 6288555 6623180 6061036 6711820 5823310 6000617 6893585 5957748 7043417 6418741 6141222 6706247 6276238 6592466 6413023 7056229 6762003 6643400 6219927 5887489 6348530 6271490 6359075 7076883 6633721 6509345 6690645 6730791 6050662 6849629 6413190 6457671 6574391 6669831 6548065 6466136 6808169 6548652 6582870 6489549 6220406 6465778 6185241 6271828 6816983 6372146 6457066 6398676 6300764 7077537 6207798 6627513 6876496 6559233 5948181 6412741 6255050 6185513 7007538 6243473 6209585 6243944 6888548 6365706 6404646 6075441 6416025 6662427 6066944 6995008 7355687 6921128 6810303 6021594 6675115 6921974 6075698 6832922 7001231 6237022 6354586 6342959 6633950 6272697 6311320 5909229 6151234 6152503 5929306 6603711 6571661 6585463 6513154 6269712 6421477 6758765 6498664 6461621 6679797 6533278 6682934 6102406 6556657 6739132 5915512 6670503 6225228 6310821 6475531 7065896 6506757 6221798 6682114 6493543 6426162 6143302 6431854 6291118 6243889 6704752 6408136 5771988 6859110 6583328 6250780 6343557 6593355 6161557 6426065 6342848 6353493 6073286 6222483 6540118 6486952 6238679 6814663 6752881 6677322 6597902 6589024 6791925 6539264 6607413 6190070 6437742 6592277 5874345 5996901 6711871 6863069 6107054 6728789 6562801 6288915 6756151 6548368 6459792 5882640 6451811 6819224 6658343 6368232 6305886 6582160 6181420 6454906 6263872 6454184 6199707 6185727 6118966 6496195 6235455 6474285 6706207 6117571 6492830 
6647199 6234029 6572727 6402787 6208921 6686382 6360668 6630832 6614354 6936246 6608804 6053717 6452224 5991044 6165812 6556866 6285510 6699377 6460056 6926627 7101506 6508580 6870519 6380615 6259984 6339057 6497917 6660909 6855306 6877445 6552842 6258502 6740754 6287715 6707830 7178188 6806717 6552299 6747777 6788606 6705420 6623057 6435105 6537279 6884432 6925200 6656315 6759179 7084713 6341978 6507534 6986164 6559296 6576959 6351028 6955050 6478131 6796759 6558595 6525881 6100354 6748676 6531833 6524790 6351139 6678047 6036230 6371200 6744633 6685737 6779360 6503096 6911891 6993276 6296107 6523883 6650933 6541348 6236301 7272832 6767785 6807810 6724051 6617062 6215340 6658724 6465661 6681492 6311980 6881381 6359094 6476916 6758811 6163824 6598044 6895800 6524301 6883336 6452124 6761910 6217920 6774821 7059549 6633360 6755308 6848692 6480364 6546079 6850155 6234586 6583272 6349616 6602244 6608752 6615688 6362464 6590599 6510254 6704755 6464828 6739088 6550175 6627195 6807218 6299766 6751656 5921584 6326868 6869821 6309452 6628092 6118221 6402778 6873851 6284866 6761979 6575044 6929662 6923760 6707134 6484131 6053142 6554906 6493002 6893347 6988684 6594577 6494464 6839299 6935989 6188546 6874446 6484927 6553040 6708053 6823411 6448254 6427908 6872566 6910355 6868999 6610970 6530688 6839896 6360248 6512908 6592539 6613322 6731949 6369725 6633318 6611700 6429351 6933550 6610703 6560330 6152020 6272260 6560593 6250307 6890688 6183222 6396567 6369525 6886201 6572800 6368687 6315297 6419246 6548106 6067295 7201129 7292610 6741275 6680557 6253884 6834897 6877643 6359430 6536055 7203668 6145891 6404290 6419348 6614961 6728877 6440432 6058580 6380252 6144965 6008911 6725089 6608639 6517908 6695884 6340570 6512624 6730300 6696860 6576266 6829266 6643955 6841352 6318976 6641018 7045248 6222846 6683482 6361410 6526651 6649229 7156892 6517614 6205306 6194932 6712568 6472588 6380186 6464692 6402842 6255884 6818340 6438027 5807305 6786856 6620702 6438867 6381925 6917818 6128563 6670822 6638635 6545450 6219136 6288724 6537963 6445181 6044990 6766750 6772107 6606127 6895789 6600757 6980905 6868395 6741950 6797479 6379542 6420884 5787890 6283446 7241386 7044085 6081688 6547600 6788001 6468042 6645117 6329161 6648810 5920328 6510194 6797024 6719088 6445395 6363993 6697751 6344457 6583237 6334467 6570493 6467932 6373794 6329211 6418272 6015258 6670503 6809541 6625076 6338038 
6555955 6412637 6371974 6453546 6011881 6336094 5887081 6505956 6412042 6613306 6142559 5579333 6282626 5711051 6271087 6312748 6154546 6635046 6084634 6464197 7064053 6683956 6571712 6328657 6279968 6305544 6589210 6479783 6432594 6769390 6021973 6324562 6532652 6352598 6209893 6807083 6556955 6286110 6638304 5952940 6465897 6831466 6370924 6349378 6362497 6391937 6101677 6404301 6748358 6516245 6218664 7081833 6599968 6393493 6086385 6846048 6387692 6609556 5981839 6506203 6254183 6777471 6312839 6067265 6575820 6616716 5869682 6453939 6599219 6541164 6518749 6493577 6596071 6950329 6374044 6253829 6249054 6560806 6055846 6848845 6505516 6650662 6649355 6475186 5806014 6574514 6743555 6621019 6274244 6604835 6232055 6248967 6666036 6029197 6434388 6391662 6366982 6738237 6207602 6461841 6456231 6712485 6835674 6256893 6443803 6439354 6678907 6146751 6222636 6123498 6409187 6433465 6334232 6498868 6438272 6205830 6313744 6347185 6330915 6778956 6819622 6584286 6484913 6614899 6066488 6524844 5680359 5984829 6656434 6212832 6617708 6394036 5945639 6475840 6206384 6627128 6561952 6756617 6575042 6322088 6403522 5939167 6249997 6241955 6415397 6982627 6347336 6478609 6722949 6778059 6363239 6693419 6279631 6465774 6318129 6798649 6488843 6262491 6631602 6628120 6554789 6263343 6418236 6457436 6199083 6369231 6485872 6264253 6373482 6520859 6440558 6921933 6065297 6708190 6821639 6383713 5777978 6359718 6233880 6390101 6581566 5982761 6318147 6311090 6653706 6373959 6222297 6212138 6500554 6566960 6048355 6768298 6952211 6541463 6818772 6109776 6254374 6763316 6208009 6974843 6880823 6260874 6358476 6303868 6476059 6353586 6184549 6359750 6185501 6059486 5856514 6546705 6507323 6539733 6054175 6413027 6206127 6681518 6367232 6643336 6600030 6381143 6408107 6294824 6378127 6948748 6068906 6514293 6150988 6251665 6566259 6573650 6295396 6084154 6425080 6569497 5968310 6341176 6391362 6315758 6390855 6819434 6262287 5894266 6728218 6546837 6247802 6226306 6262636 5927250 6370941 6338672 6162736 6206482 6497854 6758105 6528169 6085052 6498082 6580413 6850640 6947217 6333580 7027033 6485448 6672874 6557145 6472917 6307708 5871848 6164553 6963531 6974678 6247185 6541627 6503445 6261563 6821715 6269013 6515731 5936591 6597488 6718555 6645059 6301614 6278833 6433208 6147683 6592829 6344635 6472344 6222446 6082340 6188249 6468320 5818943 6428946 6669957 6196970 6540227 
6704140 6298439 6271524 6372812 6102571 6650931 5720919 6402569 6555733 6563546 6093178 5867103 6079459 5705340 6262302 6166849 6133967 6359812 6068254 6191721 6902889 6122117 6736008 6242374 6110477 6152155 6211896 5916105 6612262 6452258 6190333 6099328 6596759 6042631 6076083 6701495 6623434 6129349 6628406 6035378 6690064 6542658 6365591 6415434 6651697 6826874 6034281 6712875 6500053 6067093 6306751 6960883 6475779 6254533 6034710 6957967 6253185 6668297 6045982 6407795 5900739 6247410 6213227 6157674 6432105 6374937 5865308 6004457 6417747 6557023 6326935 6355370 6558678 6774366 6191260 6365349 6316278 6340153 6267328 6744622 6639382 6710091 6254035 6477419 5971948 6461961 6455395 6620791 5963237 6682690 6292038 6413416 6391158 6159962 6237686 6575481 6304711 6725836 6345842 6465895 6113786 6705422 6734308 6208546 6496868 6555583 6554768 6065895 6431582 6259278 6458561 6359449 6362691 5969692 6374846 6148892 6227288 6382085 6557394 6535531 6769764 6432748 6407433 6563436 6400825 6705324 5650132 6011643 6765653 5934013 6603214 6279788 6099021 6589497 6104122 6564575 6446655 6569262 6616059 6410079 6341141 6059572 6349573 6416565 6356565 7035129 6298741 6394952 6811550 6822646 6251308 6799333 6325578 6198743 6656223 6900147 6344915 6450073 6508740 6821262 6589067 6318984 6272631 6427470 6073468 6186275 6251182 6290813 6199282 6309980 6301775 6565637 5982568 6313556 6626540 6275368 5904704 6292435 6289539 6112798 6412673 6226067 6293688 6149482 6724775 6529419 6308257 6279015 6332339 6371323 6281455 6802183 7059508 6867637 6746254 6127817 6292624 6801173 6140916 6364667 6920884 6402591 6628121 6427546 6572378 6413455 6299049 5787596 6252545 6142454 5905507 6521140 6520930 6411899 6169745 6288865 6630614 6401941 6440228 6680107 6721799 6693004 6478567 6223150 6299837 6887544 6024006 6837351 5892603 6558376 6446721 6732515 6357719 6072189 6429915 6413042 6026579 6178363 6300109 6390253 6191490 7018388 6209722 5987168 6708129 6608791 6291797 6284473 6569023 5936364 6397158 6359093 6093440 6181094 6388046 6623690 6592193 6099502 6502677 6609488 6695843 6915725 6413022 6912457 6612938 6734945 6480331 6142043 6206097 5681711 6203937 7046367 6669387 6011548 6034764 6243557 6285309 6505990 6275155 6305965 5759289 6236912 6581500 6402529 6363919 6235993 6528349 6073954 6598083 6146006 6361604 6048069 5899324 6362881 6519553 5761015 6346363 6777576 6161423 6092143 
6810082 6320360 6331269 6369744 5941750 6580402 6298769 6420457 6544966 6581294 6489931 5676169 6067067 5766011 6244850 6287137 6193259 6632444 6183020 6337982 6887082 6320158 6235932 6404968 5947739 6129447 6346042 6403045 6562720 6668516 6042241 5838841 6430348 6417080 6230019 6965319 6668071 6338714 6521672 6243916 6631915 6585562 6276979 6413131 6754595 6658841 6299615 6748560 6563130 6177545 6109990 6974452 6568271 6596562 6330639 6693275 6399633 6576605 5872422 6521609 5857395 6494111 6276650 6365198 6403999 6507284 5807216 6284576 6312700 6471595 6498653 6441162 6811633 6852727 5917404 5947065 6439846 6541022 6123750 6969293 6827174 6893483 6304270 6131652 6172351 6282653 6488075 6866351 6015180 6816771 6294490 6278044 6574025 6125342 6708445 6674016 6084300 6572748 6087273 6529243 6042089 6559576 6468060 6297437 6151477 6581777 6600115 6150743 6281409 6007768 6348383 6188463 6412270 6300845 6316757 6248227 6348429 6284829 6287862 6497765 6741551 6423391 6119501 6474545 6182052 6747973 5860350 5941864 6711623 5968173 6694427 6279578 5953897 6579375 6367620 6740049 6485842 6811634 6590900 6442464 6422696 5858515 6206777 6402579 6308975 7050477 6557845 6397536 6975471 6611122 6018691 6772852 6382599 6394354 6354841 6758542 6548893 6315986 6797564 6519012 6703204 6309123 6315847 6239784 6368487 6500421 6375778 6468808 6101552 6398171 6322917 6768137 6092786 6669636 6369411 6478925 5886546 6629075 6417647 5954070 6598635 6154730 5994489 6143950 6774111 6459000 6347747 6052060 6413531 6402475 6117300 6697414 7172781 6753112 6536035 6210370 6612972 6683470 6316042 6541038 7003420 6173185 6459359 6097714 6602810 6501878 6136860 6027353 6193390 5998932 5934822 6510394 6342361 6532242 6285447 6132209 6237128 6360978 6604515 6411193 6401359 6621639 6509406 6062999 6098497 7089583 6103164 6721626 6246536 6296764 6668277 6594407 6129461 5925447 6252082 6532825 6217369 6001894 6077519 6382748 6208885 7018798 6148136 5909898 6799983 6307803 6388596 6278421 6313615 5908863 6453846 6457921 6231000 5957961 6268284 6477856 6391347 6243044 6623679 6725405 6374799 6969427 6557962 6862217 6610481 6410047 6273776 6610724 6507899 5819458 5968878 6680485 6763512 5943212 6265851 6294342 6311868 6750565 6185242 6279282 5681520 6237861 6703312 6451151 6292301 6220578 6616843 6015977 6142378 6387666 6446649 6430389 6044720 6294212 6515258 6249657 6462057 6706971 6295872 6380054 
6876318 6477078 6485556 6551304 6412722 6608831 6126877 6371010 6489014 7155338 6811627 5824942 6468717 5770035 6234109 6597559 6385880 6392029 6154150 6582064 6968032 6686127 6637383 6606085 6270053 6413745 6495480 6688497 6555412 6988477 6437415 6326110 6791096 6294497 6549610 7229071 6975180 6390775 6756798 6279199 6684529 6753972 6477122 6475342 6904528 6856675 6220191 6902201 6724303 6241803 6446261 7168745 6720178 6508722 6395577 6999601 6723383 6857086 6149169 6579785 6049566 6457121 6349276 6227098 6688160 6524360 6131952 6220792 6574107 6704423 6795343 6822057 6876289 7063074 6314297 6420395 6438596 6582258 6412273 7197686 6843204 6877970 6662469 6567011 6388056 6649590 6715764 6937362 6331175 7063304 6597052 6393091 6673260 6312637 6701948 7020368 6434603 6400908 6788384 6872470 6211615 6797427 6778284 6519931 6681860 6684876 6420308 6286084 6537703 6478133 6667270 6469567 6659139 6526380 6611202 6497339 6512097 6331206 6454275 6686852 6987667 6599493 6573616 6455347 6452954 6663542 5927749 6283274 6812694 6321468 7128296 6406590 6105544 6803640 6304362 6842805 6512055 6818677 7023684 6610447 6462747 6307017 6615770 6455191 6434453 7008733 6180814 6413839 6755908 6906380 6337589 6912989 6548800 6595367 6545860 6662107 6643026 6298050 6920932 6565914 6655084 6405902 6808478 6573235 6429070 6576499 6518794 6597261 6426826 6523126 6323431 6952438 6377911 6930761 6758186 6609475 6060247 6736486 6445046 6099441 6721641 6192084 6085421 6543629 6724955 6545883 6291936 6234107 6514813 6578421 6222605 6919736 7313234 6793539 6809815 6117587 6589567 6759411 6659642 6794518 7047947 6176979 6406382 6447988 6732914 6884447 6363934 6045606 6315618 6359219 6208456 6903354 6480452 6574397 6243660 6360788 6534144 6713219 6676137 6867721 6801546 6638516 6721339 6395977 6479205 7237823 6255089 6543306 6300523 6540926 6685958 6822534 6634736 6217210 6597500 6629000 6558046 6199967 6479088 6423370 6524642 6921667 6294667 5955221 7027151 6764255 6209722 6273616 6768233 6198267 6596976 6347632 6383137 6202828 6471139 6641681 6479150 6337164 6792683 6695971 6631081 6745975 6723182 6816798 6731419 6713956 6518764 6533390 6556832 6114768 6104565 7067673 6927929 6288417 6536121 6534060 6175109 6830175 6234775 6445065 6133290 6523859 6991006 6663413 6485085 6327874 6751682 6198755 6617835 6410160 6652611 6293162 6274879 6290219 6529463 5858920 6445668 6774243 6309138 6350926 
6426540 5923142 6361862 6352456 5834645 6003209 5683048 6476722 6015481 6245324 6133059 5699365 6218704 5455614 6036961 6054738 5655333 6425363 5824088 6095813 6696136 6240556 6281521 6080786 6146586 5775020 6100068 6088412 6189889 6672362 5808591 5776793 6154379 5883538 6140566 6502325 6482991 6162863 6406915 6033610 6161011 6193937 6068113 5895942 6512950 6354049 6038016 6418205 6553240 5705207 6033178 6764238 6256822 6330843 6018206 6609233 6046649 6580455 5874104 6014517 5594940 6046524 6269974 6171133 6262949 6348708 5636454 6193678 6137203 6229467 6025824 6133917 6578034 6469303 6280860 5940375 5981422 6385987 5810472 6756518 6533414 6456037 6400090 6375652 5990017 6509863 6175200 6603278 5873757 6209577 5799693 6172330 6354091 5950061 6327897 6014461 5861130 6561835 5983465 6412394 5874945 6705517 6373596 6068356 6201950 6553625 6444098 5872841 6288774 6185215 6260992 6265374 6307462 5963733 6380525 5900098 6118454 6057509 6217307 6138723 6765087 6245045 6364315 6293265 6014972 6635760 5672300 5631701 6547750 6022251 6625210 6223043 6105883 6162363 5842251 6332379 6253229 6455806 6850016 6233548 6015155 5862696 6147912 6150319 6189429 6558237 6126199 6136172 6375506 6628293 5916094 7000090 6286356 5974943 5846050 6314502 6442056 6374471 6572412 6450344 6314779 6265666 6234183 6164290 6160927 6023834 6309642 6376227 6141220 6317183 6308050 6526222 5965242 6594159 6401084 6318256 5637750 6115006 6113528 5966781 6515527 5761969 6036839 6079044 6368338 6043807 6205657 5741839 6256026 6327691 5897396 6546403 7154107 6329480 6442587 5959522 6352446 6711713 5906883 6536734 6655728 5752629 6033557 6232253 6613149 5952978 6049725 5652056 5766990 5834341 5823188 5955826 6207008 6310904 6147098 5988656 6092423 6221422 6064431 6282743 6516650 6396634 6414440 5885058 6115331 6769559 6051044 6244822 5857920 5927322 6224614 6630674 6200042 5796563 6017649 6056366 6113441 6249554 6011233 6252421 6304354 6509149 5883717 5667116 6355627 6134813 5973871 6272705 6306183 5713552 6404618 5875747 6145095 5956529 5973780 6661648 6135776 5995449 6462383 6378865 6180809 6627327 6469989 6508320 6323211 6425065 6195490 6308754 6396636 5635414 5924407 6529259 6700771 5870997 6218124 6072602 5942519 6380971 6092213 6193138 5814315 6042312 6404909 5981848 6108950 5934836 6511847 5818754 6314330 6206426 6347162 6107648 5725773 6109268 6344193 5739266 6004900 6469264 6197549 6175029 
6431932 6019518 6573702 6257103 6089968 6267782 5689766 6338222 6605817 6099418 6223467 5756979 6203980 5858142 6154718 6189282 6038896 6661541 5883429 6338788 6783980 6294778 6450499 6315658 6167472 6281852 6257149 6410941 6256643 6563409 5963739 6026482 6225408 5898492 6179082 7011362 6574387 6167316 6508996 6222635 6186379 6114017 5888843 6319021 6435156 6680865 6096910 6523785 6319416 6015217 6408424 6504863 6444080 6213954 6184008 6629713 6420689 6301865 6115540 5959265 6162048 6477696 6428127 6171053 6370320 6344138 5971816 6274404 6438178 6346850 6100568 6274581 6597936 6495992 6123811 6141915 6298424 6277046 6242354 6729059 6692323 6590830 6354406 6197505 6003218 6433428 6241899 6798243 6211469 6555263 6095809 6045885 6316495 6004096 6155110 6352804 6257032 6681573 6245668 6398613 5963151 6548340 6610539 6275444 6408152 6561608 6173854 6227376 6353405 6075447 6487438 5885587 6365310 6199067 6265192 6184669 6087207 6184735 6236822 6330294 6510093 6529422 6171198 6442579 5656034 6410577 5577083 5748077 6784547 5983147 6483366 6163253 5983127 6635909 6116384 6651932 6064221 6539036 6507681 6422454 6293200 5921246 6134289 5895807 6386592 6769766 6316979 6193818 6818482 6332209 6137619 6952279 6419008 6459457 6183098 6602746 6378840 6086631 6306507 6309968 6791257 6482511 6000961 6303592 6238310 6416305 6089862 6442265 6057262 6254758 6120549 6799702 6259550 6486527 6252459 6161522 5768330 6051850 6284464 6038380 6678812 6098720 6006764 6191321 6643642 6318342 6377077 6059199 6305403 6115971 5881815 6483568 6935587 6392946 6638074 5864554 6130375 6498327 5974409 6421432 7063537 5916999 6079589 6426125 6422008 6257468 6212786 5921387 5979610 5981766 5692579 6349742 6358802 6305856 5997752 6357578 6025710 6315059 6295096 6480663 6411655 6670177 6417972 6024700 6139161 6621684 5769719 6470141 6027850 6525906 6518169 6524149 6408389 5888059 6216591 6584060 5858720 5943667 6392513 6422006 5889716 6827287 6113839 5864362 6796644 6330979 5960202 5868457 6504735 5861325 6447083 6331562 6064718 6070424 6131055 6527846 6327311 6048369 6382319 6533652 6672229 6638469 6439715 6788369 6262494 6576154 6439496 6449702 6191992 5527478 5779083 6911736 6791965 5729820 6123361 6343857 6211746 6562138 6209288 6375756 5967835 6448854 6621526 6256896 6200298 6089747 6576283 6176022 6367864 5795498 6661478 6392137 5979075 6144582 6326370 5864785 6480548 6462952 6031646 6269193 
6589832 6722017 6391470 6347016 6027283 6185316 6214379 6358758 6568561 6476200 6272451 5922100 6321886 5834127 6264455 6259577 5971658 6489246 6211620 6348594 6842938 6297666 6525949 6368750 5867590 6169976 6429356 6200419 6308809 6625613 6154241 6131315 6560938 6188352 6265052 6771134 6692555 6318496 6664063 6251722 6423467 6841328 6209653 6127588 6603088 6483305 6281427 6400471 6648075 6137296 6301422 6876718 6735156 6297973 6406026 6848864 6322234 6623433 6266978 6351705 6112501 6509450 6226764 6493123 6351150 6373691 5581091 6249612 6573555 6648596 6432396 6531167 6529273 6764079 6590430 6304570 6280558 6606135 5989969 6986915 6612756 6766016 6396377 6722425 5838724 6532113 6395078 6681343 6196331 6570589 6170110 6330837 6581291 6354029 6245934 6526454 6179620 6849340 6217925 6620128 6154210 6773497 6640044 6237978 6437829 6699396 6521164 6198002 6418012 6289130 6798923 6285072 5993248 6216693 6341708 6269212 6230488 6352992 6475885 6498897 7096267 6456531 6438014 6748822 5944685 6455327 5862563 5991426 6651645 6159661 6752948 6365141 6142905 6457222 6011548 6833664 6336868 6775416 6745617 6414135 6410344 5855478 6515241 6398466 6471734 7014470 6344794 6393435 6812766 6810417 6319276 6790635 6341010 6564804 6389984 6926265 6502213 6227354 6785781 6665125 6643667 6602676 6203132 6607016 6181067 6422784 6398031 6575272 6364787 6263325 6504574 6754590 6155454 6872342 6842156 6636855 5933221 6210485 6350149 5962074 6559989 6093985 6171340 6270920 6855757 6144767 6421477 5932020 6380763 6693587 5864827 6663321 7250111 6620615 6708176 5895524 6414178 6755761 6245284 6852176 6874456 6035993 6300801 6316037 6517984 6291597 6297358 6202537 6229987 6187464 5836785 6551876 6434287 6546774 6324921 6371473 6455170 6762653 6329374 6585631 6671073 6684310 6419722 6027947 6405688 6597492 6034168 6575108 6132366 6023560 6540608 6525405 6040538 6051127 6498297 6368897 6098541 6070045 6369876 6363333 6162552 6745201 6251090 5646194 6768613 6266598 6442258 6473171 6431754 6200329 6379023 6476538 6333623 6059166 6361763 6527972 6447626 6148088 6423637 6750971 6742838 6998761 6368621 7000347 6478424 6550905 6417944 6201810 6091021 5927961 6060046 7075214 7116739 6170392 6510359 6497656 6245579 6566167 6372639 6524893 5955584 6360150 6653466 6603821 6205090 6515951 6482701 6072841 6300104 6397890 6346684 6091736 5999824 6236580 6480265 6023022 6248973 6597111 6233352 6382529 
6504277 6150285 6162620 6146287 5786664 6128234 5907957 6239594 6173205 6549912 6090296 5848646 5737318 5646367 6204271 5894830 6115119 5951124 5940351 6232942 6620669 6080299 6304488 6051737 5843310 5959139 5981308 6206467 6288832 6495346 6086883 6023130 6367652 6047962 5872789 6747280 6494613 5958120 6473882 5896325 6571461 6384346 6048759 5872498 6528208 6455638 5899467 6202157 6571158 6050720 6029946 6671771 6401406 6075287 6125791 6477818 6100157 6581008 5964389 6117235 5588155 6245263 6181234 5923168 6124571 6296011 5678930 6046736 6213137 6109903 6076023 6219914 6461174 6553784 5850403 6049063 6091178 6229629 5898048 6783871 6246862 6672686 6325821 6015158 5813221 6342549 6209417 6486959 5739602 6605930 5894343 6001401 6398688 6157266 6304800 6395195 5888979 6490649 5882847 6411928 5854324 6475493 6461178 6202628 6160782 6266376 6352473 5866511 6237756 6026157 6224713 6336567 6084407 5960983 6511632 6150313 5931975 6135506 6224972 6189351 6698773 6055755 5900056 6212355 5948715 6243710 5627749 5943726 6592879 5821884 6310396 6039854 6027901 6319133 6013824 6339951 5844680 6552341 6417480 6329708 6282632 5908711 6114874 6113391 6140660 6522253 6048995 6122366 6693905 6516474 5871767 6333074 6086302 6180181 6166005 6444692 6305670 6260690 6272585 6316450 6463435 6466777 6186455 6127399 5848176 6045680 6069547 6331726 6009780 6201074 5983800 6482907 6027093 6465451 6451309 6254761 5730572 6030815 6359711 5943575 6369706 6042913 5972918 6095009 6392064 6268269 6133000 5725005 6067710 6335217 5629577 6502419 6488366 6556662 6336718 6005261 5998095 6292305 6055893 6330332 6687520 5715792 6203447 6116806 6290005 6205315 6063720 5945020 6040170 5906992 5613842 6254776 6157611 6209105 5984926 6023569 6167312 6186517 6260165 6239432 6477724 6498530 6153200 6016647 6121141 6569421 5853152 6471993 6024806 6347874 6200092 6416384 6012536 5762686 6083240 6553251 6175249 5904350 6324427 6138741 6290506 6448784 5896640 5593436 6591226 6182817 6100754 6025993 6264742 5835721 6081336 5946686 6011184 6003642 5816647 6072945 6250327 5987045 6398040 6328233 6587173 6780704 6121573 6580173 6361096 6149909 6146537 6259413 6071607 5490239 6060455 6661131 6532700 5995372 6345165 6409586 5900419 6412469 6124440 6193032 5689325 6018434 6455306 6135945 5999245 5613980 6427874 5645014 6277593 6447163 6610773 6075920 5752466 6046557 6335951 5739064 6064298 6531139 6069536 5793133 
7098590 6513394 6503687 6482277 6226213 6485369 5817762 6632307 6611652 6829228 6693804 5937389 6329365 6021528 6314253 6285984 6388617 6579509 6420232 6717017 6991024 6527086 6576078 6341206 6238682 6397578 6381797 6631885 6779080 6791945 6314592 6015357 6603241 6320687 6349025 7142523 6865845 6285634 6780109 6375451 6475591 6679038 6538608 6318292 6686617 6734720 6244742 6696714 6980083 6244766 6427654 7147782 6784813 6550884 6182302 7096495 6509936 6711779 6279748 6421624 5939095 6395071 6393877 6462357 6675415 6695083 6093539 6394520 6689545 6776786 6399609 6596238 6966368 6894103 6273793 6413580 6730389 6555212 6199694 7160244 6672575 6845991 6714334 6478597 6374474 6427992 6588456 6583670 6327630 7058765 6300441 6414674 6559074 6330186 6710603 6858130 6271852 6935520 6697912 6748272 6206294 6808957 6918869 6629647 6590639 6873392 6644622 6459222 6575678 6476604 6527790 6524765 6680629 6348025 6534787 6327072 6438091 6303710 6368633 6368797 6902242 6730402 6505889 6744308 6309453 6703732 5968603 6202889 6909020 6547934 6722295 6354478 6321130 6754858 6475483 6949140 6578312 6911654 6847260 6728950 6528951 6229257 6306879 6626623 6482094 6888667 6603277 6664718 7322957 6871925 5976763 6674030 6479828 6717183 6425818 6578790 6494893 6613098 6919277 6695839 6577482 6603413 6349595 6583507 6310849 6439067 6607681 6607902 6709465 6693522 6515875 6838990 6086343 6653746 6748641 6439904 5909405 6590462 6707103 6250513 6364012 6278555 6525702 6505153 6915211 6386000 6618112 6087392 6516783 6631518 6175656 6866335 7194388 7068676 6782223 6456587 6518331 6928410 6345895 6435058 6904636 6461895 6391266 6428932 6750998 6526891 6292136 6327601 6287422 6160856 6216814 6809744 6435533 6736975 6650336 6330980 6675044 6684344 6620058 6641166 6760197 6733217 6866918 6287957 6327531 6961088 6156626 6959199 6299464 6599665 6607947 6794719 6439700 6234359 6614085 6713752 6551177 6543833 6413490 6147521 6363809 6781154 6412351 5676458 7004140 6656297 6392819 6267254 6647722 5954989 6317876 6374457 6503707 5940470 6435395 6639389 6720802 6350407 6912449 6899970 6753283 7149395 6454866 6725294 6599505 6619481 6662692 6537818 6343687 6057469 6227546 6893041 6945123 5973148 6472459 6725265 6388024 6639568 6134936 6425732 5964321 6443789 6906742 6626980 6671348 6239288 6566201 6049566 6487546 6519280 6526658 6464518 5942906 6476716 6442159 6203156 6502574 6919594 6580832 6294001 
6467124 6263923 6435967 6314722 6040784 6258340 6119342 6194966 6513993 6692445 6269421 5809348 5939712 5579613 6275969 6356864 6098514 6367375 5864057 6129491 6647661 6203026 6426162 6498802 6011274 6155514 6220784 6150527 6481151 6548994 5919275 6081187 6728197 5883550 5934739 6802612 6649120 6196310 6586307 6143195 6726556 6401900 6412351 6028127 6859041 6623429 6003013 6515630 6472682 6197607 6109371 6866869 6254286 6451468 6368343 6801165 6324393 6520919 5995293 6238387 5765474 6088371 6436816 6177814 6254712 6445215 5835010 6247864 6659166 6701385 6216717 6477331 7015627 6868266 6238784 6319417 6460718 6383023 6220322 7167959 6714546 6727637 6346991 6383264 6133593 6422547 6254777 6764307 5932919 6824612 6139171 6041334 6706046 6184574 6238317 6417451 5904778 6410684 6186026 6397690 5700674 6501419 6855855 6336002 6487155 6556531 6247720 6210206 6169911 6236608 6450984 6173861 6140852 6360131 6378478 6190250 6269442 6053661 6188179 6512377 6807581 6151422 6145361 6677187 5918797 6683177 5549868 5869382 6669844 6179596 6604307 6576933 6091102 6666372 6063887 6228565 6282288 6436085 6564368 6440670 6499430 5832578 6177330 6246333 6371160 6849660 6382916 6282749 7029220 6525838 5891769 6510402 6365790 6560050 6503411 6634641 6366889 6369481 6670672 6634504 6475768 6299029 6411393 6168186 6126561 6127763 6412615 6276314 6298309 6440729 6081539 6471941 6114773 6468103 6619155 6585069 6000873 6252668 6188591 6062774 6568111 6162741 6221192 6202801 6822035 6217352 6268459 5963032 6430133 6661795 6116206 6722618 7356498 6604926 6629414 6224312 6308408 6551751 6289320 6544195 7030264 6254305 6225720 6387255 6750553 6351688 6207197 5831620 5915019 6060477 5869510 6710194 6418515 6256985 6210598 6389635 6357130 6513899 6584882 6572115 6577698 6764497 6692690 6241884 6290633 6459689 5881146 6715694 6218904 6599676 6439679 6866847 6252364 6117304 6425604 6507173 6364245 6255976 6138014 6380098 6552723 6684977 6036563 5555926 6676151 6581850 5971952 6075753 6554271 5992489 6302533 6316645 6222340 5959322 6144969 6658263 6381282 6247801 6386245 6686662 6635581 6768192 6322878 6809918 6555612 6615677 6303120 6198617 6573268 5681049 6080112 6950007 6567147 6117010 6227533 6045749 6091314 6315144 5974665 6680229 5814812 6495950 6678852 6457898 6425157 6258756 6424755 6087818 6383546 6193039 6324440 6486895 6150545 6431167 6327464 5943047 5936783 6541266 6195013 6356726 
6749055 6454367 6576705 6541507 6006611 6643933 6306452 6381308 6412435 6597243 6586487 5961380 6353251 5705056 6123036 6405506 6427412 6310555 6235368 6447370 6811258 6317484 6600298 6630639 6366595 6273546 6501092 6569501 6855709 6654665 6494543 6193883 6529143 6175628 6253456 6951477 6646132 6397118 6628623 6396310 6587549 6512426 6489086 6505384 6750593 7043767 6197963 6769396 6794114 6373100 6242725 6922096 6560023 6681880 6224179 6884788 6503029 6740650 6134868 6353411 5928614 6643262 6493080 6285121 6631676 6728740 6081006 6324524 6374019 6453808 6342732 6608302 6893332 7013700 6516395 6377500 6506684 6625174 6349424 6828246 6692730 6878841 6446778 6257158 5932393 6815088 6431900 6783813 6259285 6763986 6082205 6306247 6879944 6102322 6600720 6630793 6261207 6424849 6510397 6634668 6097755 6607606 6936502 6304217 6423007 6812489 6545499 6097112 6510783 6206508 6652311 6370310 6332188 6417455 6698587 6308385 6662996 6112063 6379650 6530948 6852030 6497181 6391865 6736735 6217879 6589669 5993340 6062478 6843339 6083349 6936263 6224386 6291866 6788705 6257729 6659839 6472806 6598165 6950272 6461317 6650794 5989058 6481865 6379090 6603895 7084518 6524639 6507755 6870952 6889413 6170397 6801957 6505982 6430623 6520814 6721471 6455454 6485813 6645774 6651324 6687241 6548684 6469539 6988480 6053574 6540060 6527365 6468430 6481560 6609330 6454895 6830296 6264330 6840232 6660353 6606892 6091690 6383032 6221068 6241625 6784623 6191514 6224587 6593039 6623387 6524541 6355427 6186512 6410493 6710003 6013848 7026131 7261466 6772628 7000795 6342101 6649742 6825853 6147656 6752589 6871205 6024066 6241472 6550117 6931948 6670862 6389414 6303919 6160302 6314903 5879804 6596570 6639835 6767482 6339786 6221113 6485988 6610401 6697882 6698446 6776834 6888998 6695103 6264823 6398059 6964033 6106321 6967793 6301754 6483565 6556554 6902251 6488871 6216910 6524002 6494299 6276032 6520777 6454680 6518940 6554412 6912194 6467292 5819309 6752591 6641312 6266426 6366139 6645081 6046558 6566374 6558160 6318687 6263850 6448129 6793920 6398906 6014085 6584626 6819227 6802195 6970874 6469986 6939867 6690782 6637916 6500337 6589148 6383876 5891562 6166254 6937918 6780396 6070909 6435160 6435902 6078245 6469353 6354230 6640209 5913832 6346731 6848959 6626537 6338196 6068004 6598823 6362276 6398534 6137234 6578729 6688582 6140834 6413801 6440688 6067656 6618427 6646433 6364451 6356751 
6782975 6242049 6411672 6422509 6218600 6208531 5997045 6283217 6334556 6879505 6529368 6114205 6404708 5897107 6228785 6608744 6089722 6514659 6121990 6603164 6764563 6428364 6410037 6680250 6177298 6206874 6262238 6468645 6883394 6685995 6194009 5964293 6658409 6254643 6244697 7104319 6659015 6351737 6695636 6223452 6521591 6518732 6511736 6501029 6676922 6989242 6282251 6677242 6790023 6411143 6219959 7075975 6505387 6568376 6131823 6818461 6386492 6541063 6099644 6416948 5925651 6552678 6537756 6416432 6480770 6557886 5857557 6251406 6554110 6436958 6418035 6315673 6797905 6827194 6340644 6143894 6523591 6437607 6300141 7234968 6909703 6913297 6609603 6738911 6104073 6734259 6353309 6984860 6239707 7019576 6140308 6210225 6708657 6328776 6413307 6459008 6393233 6596287 6461991 6684673 6031702 7099955 6564940 6433056 6659626 6822780 6787732 6208160 6441510 6348566 6459798 6320046 6392314 6340144 6595065 6366070 6475544 6508502 6335718 6495346 6907866 6612061 5972373 6602643 6068396 6760644 5589910 5978561 6801713 6134171 7009366 6518149 6138728 6698243 6180807 6908632 6285298 7012053 6793993 6755595 6360779 6129847 6500314 6309755 6482086 7154640 6355643 6539837 6926014 6975811 6030163 6639979 6531054 6566528 6482672 6588961 6763866 6525712 6769374 6662193 6608545 6560309 6426543 6530134 6308281 6449677 6309373 6453207 6371390 6754595 6429248 6790318 6229800 6839248 6864620 6542867 6034055 6529455 6648590 6216210 6713551 6448832 5788543 6640317 6858596 6392956 6371106 6063062 6401144 6491670 6236301 6773210 7166397 6793282 6653646 6275124 6517443 6815335 6325392 6689211 6826346 6655335 6454410 6582309 6486246 6479074 6479884 6396554 6298868 6484098 6078872 6642664 6461429 6567653 6447247 6179269 6448119 6743500 6534882 6555116 6836017 6651021 6571714 6311394 6362846 6712373 6183603 6820033 6085332 6499054 6121120 6785652 6439839 6365313 6429004 6611198 6159200 6398761 6202985 6730438 6515634 6738278 6211821 5799903 6820376 6775253 6516849 6439982 6694487 6200996 6592589 6479071 6271757 6054459 6423749 6717086 6741681 6359144 6617992 6781878 6546022 6984575 6449404 6848010 6482862 6929954 6628910 6579365 6427142 6057626 6065384 7139339 6882055 6190793 6370016 6709687 6332764 6721363 6282196 6555138 5897635 6422622 6806846 6399631 6397711 6302175 6582897 5923611 6594831 6571016 6633579 6507787 6305353 6254848 6743199 6179153 6677245 6808857 6267761 6268746 
7004627 6679066 6754254 6395703 6227811 6654700 6424899 6817539 6810430 6968732 6567463 5992363 6355924 5605885 6596679 6468916 6599101 6669381 6331798 6574903 7000805 6513960 6945178 6519981 6334936 6558370 6787032 6524226 6924330 6929943 6419269 6561698 6923851 6267267 6328187 7049329 7153002 6659452 6852891 6645801 6693042 6966343 6645759 6571582 6968451 6970638 6334169 6853755 7102111 6536691 6540530 7246568 6779874 6889801 6502526 7129748 6631215 6773374 6385619 6517375 6399250 6710270 6591699 6375752 6825692 6691344 6129243 6725752 6671333 6927934 6698179 6724443 6961310 7268520 6618249 6390116 6421975 6844247 6377460 7189489 6840533 7010422 6738287 6394324 6510012 6708250 6905748 6805482 6309889 6854937 6567643 6499726 6927274 6497100 6736378 6803753 6563758 6914398 6605850 6654266 6394009 7037362 7224951 6650780 6569787 6746424 6551774 6399087 6750587 6492991 6823236 6732163 6790565 6619864 6785910 6294183 6745882 6705722 6750641 6794907 6998564 6605026 6687522 6712796 6571485 6944217 6178422 6189382 7174430 6521322 6801369 6588162 6325889 6839717 6281159 6909660 6480843 7015010 6987285 6647550 6720522 6061156 6655230 6556856 6620946 7141955 6894157 6649626 7136145 7108843 6594733 7087378 6784675 6628659 6617371 6883129 6728871 6653084 6891494 7243730 6858391 6635681 6521166 6844486 6277716 6564507 6605815 6851078 6635475 6752100 6682150 6907836 6528081 7395193 6847634 6513899 6217308 6432781 6337866 6354341 6833594 6535359 6224824 6559467 6921410 6745638 6358428 6019747 6623366 6864518 6258755 6870070 7525551 6883412 7053652 6490607 6962310 6962377 6342587 6897251 7113919 6391623 6776634 6752508 6799788 7000263 6280229 6402426 6424008 6389597 6075983 6843815 6565963 6914389 6558568 6368432 6615708 6876885 6878315 6681149 6932924 6933592 6980367 6636203 6612226 6970613 6367344 6859531 6628640 6441390 6930926 6840202 6773538 6485473 6633640 6740969 6817565 6349266 6725933 6718059 6734179 6802959 6880326 5977411 7022802 6674613 6422743 6398867 6644393 6334027 6592226 6753105 6696897 6583415 6648418 6777348 7018768 6616127 6645702 7165843 7070936 7156198 6774200 7124894 6774685 6941629 6718123 6548621 6618664 6109925 6488136 7030388 6999695 6404183 6419044 6659395 6615091 6886518 6413109 6555505 6220328 6706919 6923656 6880955 6748744 6571705 6942432 6294060 6729963 6664299 6943333 6629370 6463474 6489499 6877604 6261694 6814964 7040190 6797601 6506994 
6478375 6048512 6472632 6361057 5970477 6188681 6012667 6515600 6426674 6432592 6214145 6086117 6334989 5943073 6203085 6227460 5999105 6381744 6000747 6216029 6744526 6218607 6417685 6239652 6232945 6088511 6042864 6140287 6537808 6652160 6239645 5894703 6547527 5861247 6048295 6755502 6579875 6227512 6255866 6239942 6452071 6477647 6250147 6070496 6517980 6762714 5891267 6450504 6478095 6000714 6224865 6794764 6519877 6229303 5903993 6644354 6151720 6245011 6079374 6233833 5876249 6481483 6099498 6228655 6351665 6235303 5888925 6183255 6390303 6374638 6192998 6555189 6487819 6921157 6346609 6430079 6161585 6471549 6010422 6874913 6679398 6749094 6454660 6304094 5886124 6518707 6504107 6653932 6189990 6602734 6279120 6296126 6485484 6346442 6373412 6293282 6059750 6508470 6207818 6432386 5929609 6532727 6734751 6162093 6679937 6341033 6385173 6172726 6200658 6240904 6522245 6088245 6258051 6203376 6271048 6273264 6108486 6398314 6261670 6460030 6869281 6416516 6452406 6530027 5942569 6527078 5826169 5907629 6822491 5974035 6627851 6426424 5948540 6615752 5920018 6612037 6203250 6649604 6723193 6348560 6278287 5939980 6389986 6241728 6308800 6718445 6314061 6177668 6920465 6439611 6092802 6473411 6446062 6403552 6474140 6387076 6099286 6346202 6446819 6559280 6429387 6489614 6046830 6269093 5968213 6171535 6211870 6276013 5994101 6268270 6006967 6650306 5843130 6528277 6558814 6430383 5883133 6239784 6209655 5979184 6527164 6127410 5969912 5972281 6536811 6443960 6244595 6129816 6436769 6298790 6090982 6734830 6824345 6519055 6407841 5843574 6167939 6495116 6274776 6600965 6822606 5861766 6159412 6140619 6569958 6486942 6031078 6068274 6216868 6117954 5673480 6584605 6132204 6221180 6092350 6306828 6193928 6580973 6452417 6654531 6445450 6669392 6420108 6318319 6161630 6756745 5952550 6680024 6094217 6321097 6335708 6765835 6214430 5990393 6576861 6410150 5942600 6194663 6309048 5995211 6053228 6611300 5949423 5763005 6593881 6609088 5935575 6215950 6523172 5860647 6265906 6149621 6267485 6142201 6187952 6498701 6485207 5912698 6414252 6656131 6682551 6658046 6196505 6652933 6596077 6579812 6401947 6162026 6128715 5541270 5979549 6806166 6641689 5760847 6267271 6140900 6094331 6315508 6285749 6359431 5894780 6209463 6653033 6110732 6207074 5966041 6476527 6206820 6480596 5992111 6277378 6277057 5903002 6109693 6428366 5884265 6334795 6383348 6010199 6184588 
6599223 6429513 6363289 6416095 6075829 6499238 6050614 6784146 6498207 6770084 6340538 5790131 6082240 5945424 6253882 6366719 6391959 6500459 6027320 6461817 6965387 6295701 6585229 6394948 6313849 6186888 6240255 6232177 6575895 7074563 6081302 6308756 6277674 6345648 6270616 7135669 6628908 6333656 6413138 6304937 6753435 6590832 6394757 6472578 6682390 6761920 5892144 6462490 6547396 6175260 6350775 6816349 6696291 6348656 6397635 6850532 6339378 6495190 6063927 6246859 5943661 6449141 6333337 6330292 6607029 6638133 6074539 6380034 6456213 6409373 6090317 6492941 6727140 6891701 6271134 6469449 6213232 6563443 6123390 6891454 6475934 6503602 6442288 6425145 6005642 6467834 6685328 6494959 6280251 6768459 6293901 6112365 6559360 6194147 6307539 6501001 6372205 6305741 6247413 6617234 6182058 6700778 6654348 6486723 6280918 6689800 6191958 6215565 6545802 6454037 6362692 6436656 6329911 6290441 6463768 6139332 6479373 6598419 6305147 6502954 6760161 6500165 6030304 6734553 6117437 6836297 5582138 5911976 6691016 6170669 6639829 6241949 5923694 6247795 6275445 6648195 6319647 6755974 6623631 6470529 6563924 5999519 6130245 5972667 6207046 6862961 6421110 6421536 6948097 6477779 5950758 6829611 6186273 6534340 6554558 6770207 6510154 6404921 6597677 6599408 6576116 6412624 6280545 6490261 6219946 6430013 6661390 6399734 6361205 6382759 6357833 6953043 6299618 6715413 6583359 6486955 5679943 6507454 6439803 6338460 6760193 6231543 6004061 6314107 6753424 6360500 6345294 5984343 6418669 6494156 5857414 6746637 7265315 6710684 6785258 6049925 6346721 6630229 6407336 6525555 6882065 6315078 6462056 6277739 6747544 6437520 6341853 5790217 6190239 5858165 5804263 6621009 6364664 6530075 6085223 6158332 6251421 6678525 6453255 6635024 6485905 6457519 6492388 6320213 6392471 6664369 6070151 6813724 6163961 6240942 6665577 6809303 6311941 6135855 6383658 6556210 6224460 6369106 6162723 6162990 6313194 6715451 6246075 5642822 6681940 6494945 6437024 6146703 6454935 5911693 6318800 6340218 6301095 6192267 6288556 6618609 6423593 5745900 6454651 6728053 6724363 6748767 6422249 6745999 6710703 6623262 6442721 6259802 6365657 5848941 6058402 6773936 6680227 6038308 6621132 6396673 6433794 6585967 6307779 6276049 6000260 6477225 6628091 6514912 6518765 6016022 6497661 5812952 6357892 6404120 6501053 6330046 6059497 6381742 6554078 5986599 6566077 6524671 6156322 6483998 
6215568 5638326 5904109 5859760 5592516 5909173 5701442 6243432 5914751 6276815 5817542 5528361 5823331 5550111 5980181 5869007 5816445 6097245 5601585 6098222 6442629 6014468 6302040 5933201 5893628 5630440 5996685 6127525 6119754 6188263 5884278 5829938 6181213 5561731 5739380 6619228 6253836 6094025 6352552 5722646 5823903 5913042 6139555 5993874 6105686 6314484 5875519 6369767 6276043 5736901 5941028 6397302 6232501 6119758 5743956 6735258 5735846 6170578 5878031 5896107 5663724 5922560 6139293 5793046 5864825 6095652 5598613 6095248 5905748 6145747 6026803 6005707 6056147 6366678 5766346 5952607 5694261 6080913 5660300 6612953 6157663 6020745 6194864 6083096 5642556 6258323 6019180 6381615 5799480 6316670 5765453 5891134 6376117 5672834 6149367 5921781 5826096 6347265 6015042 6151220 5587470 6072153 6279925 5982776 6027701 6193142 6015910 5990288 6044374 5937019 6111143 5917642 5861329 5859957 5934622 5786356 5920136 6034568 6102892 6112531 6396775 6076173 5852858 6182425 5678318 6447756 5558834 5486108 6394887 5745572 6248727 5922876 5520527 6077723 5682690 6426918 5756571 6416427 6265773 6190291 6001250 5458318 6015663 5728287 6134093 6482232 5906361 5938487 6490404 6102580 5864804 6349824 5962764 6153551 5849123 6056378 6059429 6007275 5912226 6217372 6266370 6140773 5974330 5895027 5673280 5959355 6015639 6133448 5939645 6101659 5860997 6392261 5814676 6453928 6186751 6277721 5328773 6027406 5819612 5614856 6252006 5752807 5507136 5749372 6083098 6167218 5831056 5351776 5904547 6129580 5592152 6510147 6600861 6066727 6450525 5837258 6079375 6551945 5852362 6223561 6147591 5596088 6021660 5892389 6116255 5888344 6077279 5516555 5784352 5558566 5337638 6022922 5907008 6411791 5726147 5781755 6098738 6169211 5880177 6278698 6302157 6251851 6102533 5980133 5916770 6575066 5717386 6149673 5908122 5954830 6199456 6209036 5887201 5768639 5801840 6063352 5803905 5927658 5729459 5766801 6035763 6133885 6012544 5505179 6021077 5872912 5711277 5704748 5884363 5646290 5831942 6053481 5907876 5886675 6050341 6137564 6108360 5614390 6228255 6385683 6371243 6451637 6031248 6370916 6262773 6142157 5846518 5807954 6086640 5508723 5591457 6497972 6457656 5542544 6024666 6079652 5817723 6049401 6005500 6149493 5671353 5875768 6213990 6002361 5849249 5674452 5987609 5706867 6293241 5814985 6061910 5652091 5565520 5893685 6130496 5402636 5888985 6291913 5943306 5842638 
6739055 6521614 6375016 6663404 6184924 6625227 5896521 6649607 6464918 6687841 6348352 5861903 6370122 5876960 6466570 6313874 6148266 6680858 6292453 6423342 6792518 6422111 6832659 6210253 6052130 6303973 6445271 6440775 6558226 6693040 6200535 5978907 6511067 6379596 6026873 6839640 6670849 6599768 6513645 6213373 6718406 6518067 6472498 6571897 6744523 6767850 6013046 6632213 6607869 6087553 6193597 7073046 6643237 6415073 6294617 6934030 6382214 6366696 6244064 6373775 5990314 6355415 6261458 6197723 6497514 6499703 6161706 6409804 6377847 6470430 6234610 6517257 6756462 6750635 6365050 6309681 6166958 6494467 6194419 7095546 6524501 6789168 6486765 6452710 6021933 6533231 6224472 6646135 6400725 6630598 6287185 6392613 6605086 6120771 6391894 6527158 6250311 6933711 6212054 6396872 5827858 6666277 7003019 6533294 6677088 6646423 6440433 6032788 6213259 6286432 6508595 6148481 6417983 6385079 6198217 6349861 6256528 6332529 6483408 6434465 6887526 6543630 6367973 6574369 6325326 6537842 5671006 5997494 6669421 5924675 6769656 6290149 6002866 6464121 6097632 6966385 6347017 6592438 6698018 6775164 6465640 6273369 6412598 6165640 6389841 7021309 6414799 6300264 6860733 6733303 6085618 6723667 6456826 6227746 6293253 6757424 6348630 6524892 6643954 6967816 6597391 6176752 6467628 6434377 6166480 6104433 6414745 6432795 6539644 6500818 6239210 6886241 6098831 6402693 6355351 6728210 5892618 6037648 6416529 6159147 6709284 6333952 6118706 6261138 6743551 6591839 6390625 5854022 6269658 6388754 6121623 6731126 7225826 6732233 6667992 6223157 6673145 6773029 5900242 6789081 6859305 6315587 6508726 6607813 6591111 6339616 6304044 5972935 6294667 6053991 6050967 6450123 6365668 6623419 6250670 6201307 6412131 6559402 6330474 6628532 6762665 6577147 6457693 6289645 6189997 7030004 5783074 6468235 6350989 6363819 6501591 6474471 6270761 6203579 6566718 6356005 6114821 6225737 6363746 6353662 6361169 6840107 6407574 5974860 6740189 6665772 6169157 6534454 6797041 5945135 6489455 6383529 6081916 6107611 6214521 6524770 6719054 6147437 6528823 6489194 6586102 6695922 6717712 6654212 6470362 6566739 6319227 6145200 6367480 5947542 6087464 6893982 6810508 6029395 6442614 6563020 6015195 6647662 6266532 6030728 5838979 6372465 6620045 6418079 6547625 6144275 6457784 6105888 6411640 5975372 6309809 6280886 5949308 6107099 6325238 5850123 6448247 6697287 6484366 6435565 
6562943 6393099 6436041 6378771 6127844 6360788 6099211 6385786 6436814 6364690 6235428 5835403 6236580 5684938 6174677 6149787 5978325 6523008 5947383 6345613 6887223 6316639 6502973 6292773 6337445 6185542 6343872 6236914 6429527 6461827 6212697 6229397 6367761 6021107 6127972 6809257 6418053 6535646 6447030 6211493 6430110 6542006 6270776 6052759 6487440 6487899 6313112 6517099 6471477 5998304 6347729 6797946 6500108 6412699 6101733 6675919 6149108 6421132 6056760 6194704 5898013 6595167 6109915 6345065 6300101 6241816 5779377 6394869 6410363 6541454 6399898 6245397 6615197 6463621 6199560 6265794 6201217 6430654 5945419 7014075 6841839 6744115 6465101 6443656 5810758 6472189 6367249 6350172 6301104 6780932 6134835 6096266 6520455 6113301 6317786 6475021 6250704 6669134 6232513 6513632 6064703 6803033 6608736 6122169 6400830 6437266 6556504 6119046 6296675 6196272 6278607 6126282 6348651 6197244 6141762 6325893 6109561 6455414 6261823 6441389 6979792 6275404 6278438 6502271 5874328 6431220 5849584 5937440 6651837 5856744 6414776 6111750 6126024 6750084 6044139 6640534 6176256 6613087 6783080 6767982 6517995 5970697 6151781 6162076 6157039 6743179 6165821 6157237 6592072 6566651 6163667 6657100 6392405 6346171 6459434 6519736 6406471 5826615 6404430 6591338 6603715 6386863 6245120 6498185 6237625 5980956 6244826 6291072 6383068 6377782 6387009 6761361 5961416 6720911 6515560 6496279 5912830 6395476 6427835 6313852 6707631 6111029 6198074 6403507 6908095 6329533 6319900 5809024 6293967 6443754 6020977 6792020 7038204 6813931 6721106 5993043 6346467 6707876 5730203 6534167 6764372 6201783 6408292 6440966 6271805 6195427 6247307 6024206 6000289 5954449 5906160 6482318 6519242 6185347 6266700 6357265 6292543 6439263 6507234 6463030 6639244 6479434 6429448 6040037 6254121 6785817 5939534 6599932 6123952 6348301 6488072 6492593 6399109 6363703 6157717 6507384 6053050 6178417 6443279 6565403 6066330 6917145 6075360 6014796 6608945 6266756 6163726 6088751 6598622 6100877 6448635 6074513 6104954 5909159 6196613 6487774 6377208 6253018 6265693 6499742 6647156 6764225 6405848 6746319 6540793 6547995 6464146 6119677 6116126 5658491 5762439 6802226 6838821 5779235 6456358 6369939 6183687 6527023 6022010 6028029 5975236 6224710 6441929 6080298 6368003 5828698 6358625 6093653 6578592 6217578 6323712 6089997 6095195 6235651 6328547 5862782 6503633 6759315 6190826 6275551 
6603784 6538180 6360331 6255265 6013282 6228388 6219909 6473901 6249777 6530093 6397278 5584809 6233971 5669655 6056390 6306330 6303850 6588124 6043901 6559457 6672170 6325625 6574218 6119230 6293011 6278721 6406661 6480106 6188810 6554248 6060898 6338990 6694439 6155248 6195372 6944310 6694808 6379776 6528721 6274203 6650728 6393656 6270578 6325692 6502575 6764947 6018458 6678077 6471226 5976364 6279191 6895266 6579348 6477198 6206008 6699885 6285543 6433703 6057368 6137619 5619472 6428423 6126513 6087551 6407180 6393338 5894225 6391468 6491405 6498647 6443174 6239660 6707614 6788828 6081339 6248919 5950141 6506198 6061082 6861618 6614622 6662450 6590730 6419591 5879814 6554963 6578943 6592085 6354747 6647466 6107314 6102569 6334296 6269853 6342635 6449278 6154251 6715362 6179050 6712791 6080854 6482705 6711995 6233751 6264840 6467670 6509667 6055101 6078970 6248884 6527008 6181007 6333224 6458391 6148550 6128888 6231189 6244777 6401472 6418816 6914201 6171936 6484910 6584825 6010616 6542349 5676168 5911201 6384272 6118519 6594909 6088127 6080990 6385575 6215260 6456982 6191299 6547002 6596115 6597639 6458798 5994963 5977247 6327858 6388391 6718502 6292727 6154376 6805741 6599452 6425962 6699095 6275694 6415245 6302756 6487748 6388003 6245892 6570935 6833330 6829220 6009733 6301742 6528935 6179900 6419475 6366830 6347275 6456951 6544580 6022460 6547999 6170590 6582845 6557998 6302459 5610518 6094212 6251559 6170446 6535319 6228963 5921017 6350022 6711605 6359926 6319813 5901841 6290827 6429891 5936994 6963415 7154945 6709024 6688279 5979926 6320263 6721173 6196675 6485782 6748586 6023974 6471165 6235423 6172735 6214390 6417637 5864635 6016356 5955873 5927168 6609985 6506178 6395797 5958625 6025294 6167355 6419308 6504798 6659125 6603166 6406311 6459002 6215543 6195522 6946413 5974073 6608906 6370989 6285699 6655424 6790086 6359378 6260946 6271269 6529011 6280708 6530710 6333040 6480734 6266128 6538705 5990290 5803874 6572874 6343427 6133141 6096000 6319157 5990491 6411026 6300125 6380498 6148055 6413271 6394391 6585934 6321111 6252285 6503059 6616061 6839282 6668683 6793223 6606759 6511861 6415184 6231260 6496172 5934345 6100815 6892002 6734527 6073328 6493849 6422512 5892872 6652636 6026494 6191523 6051507 6447783 6572941 6515613 6322215 6189161 6449177 6370416 6467670 6163532 6433395 6444279 6195961 6024659 6509616 5886080 6267516 6613774 6406743 6150548 
6622981 6379094 6528548 6385190 6059332 6459027 5950467 6652464 6439495 6310867 6367889 5795357 6504410 5699317 6399549 6357172 6241155 6639900 6131677 6131700 6814613 6136619 6660319 6591636 6148983 5992871 6083712 6424074 6487411 6714141 6308920 5980297 6535122 6130369 6249618 6699783 6617896 6365068 6433737 6240184 6597729 6467303 6288308 6534751 6684825 6305828 6184476 6536864 6467570 6148152 6206498 6966637 6676739 6118082 6399476 7014930 6377752 6302814 6082890 6544844 5941098 6376900 5892907 6066053 6089494 6479790 5755555 6042784 6467578 6300017 6419437 6565512 6721379 6887474 6073214 6106051 6239908 6376035 6079150 6928532 6440429 6715557 6292517 6366546 5905122 6414441 6359424 6430057 6212007 6650645 6216487 6122494 6794979 6201135 6377206 6673035 5893691 6886854 6404904 6435895 5902855 6520517 6702028 6541502 6444734 6729890 6564526 5926713 6237163 6108844 6351217 6146791 6337209 6055880 6149013 6182961 6315741 6098184 6174085 6489502 6816250 6359130 6139858 6610960 6061088 6431953 5693486 5952211 6775054 6072483 6685943 6430311 5940622 6437466 6132344 6655055 6439719 6863618 6800230 6566489 6200345 5985703 6413715 6401897 6377298 6906610 6383142 6485208 6729546 6515431 6113260 6586271 6551337 6126550 6598910 6547538 6388433 6094784 6500663 6555473 6444206 6315263 6508737 6801555 6156466 6252635 6374304 6254221 6458925 6606598 6164792 6777156 6049744 6643973 6587150 6670442 5883359 6230460 6053064 6277102 6610887 6103852 6233551 6138150 6398293 6373229 6403798 6139571 6281330 6572461 6017967 6676342 6894689 6701079 6655593 6132403 6497912 6794287 6325640 6577417 6992002 6231161 6415257 6312832 6565036 6594117 6568976 5774168 6255839 6058852 5859329 6532634 6433267 6608467 6128127 6399024 6172780 6426030 6406824 6343660 6456976 6391419 6573256 6321185 6356072 6647077 5892602 6289872 6176732 6303747 6415845 6712788 6524953 6075321 6544583 6428841 6458270 6194623 6333448 6041519 6333697 6836190 6069825 5675327 6810588 6352006 6138853 6375435 6525216 6152811 6424450 6104301 6094097 5942279 6233615 6463859 6470368 6038719 6620860 6651044 6590179 6690657 6543904 6839655 6540181 6380312 6289964 6225771 6233203 5780448 6085236 6850967 6756445 6142374 6327136 6332252 6299436 6519896 6122187 6357556 5746212 6592565 6478898 6185074 5901883 6311082 6557927 5834723 6168246 5989783 6373744 6323897 6275695 6086901 6370675 5933544 6403477 6483972 6184265 6325930 
6729379 6306196 6388733 6171980 5729671 6274249 5860524 6427681 6484545 6447431 6308213 5670194 6181961 5539841 6304466 6221183 6083550 6498508 6078066 6196409 6791464 6184624 6562661 6456359 6233032 6265480 6336182 6364468 6519322 6680116 6010035 6123173 6513562 6045921 6225659 6927710 6760458 6019713 6621880 6259531 6341473 6709211 6252906 6149021 6428773 6874827 6094653 6385856 6702525 5855536 6204813 6825810 6305634 6475533 6156827 6716453 6360106 6422820 6076831 6456458 5838816 6264696 6351166 6389174 6344099 6253071 5898091 6277405 6424837 6568655 6410625 6382623 6790594 6821956 6338928 6157337 6248537 6393872 6157319 7159439 6608912 6674015 6173265 6336363 5879755 6421057 6324297 6625793 5923014 6675013 6073174 6136482 6440184 6301971 6381087 6303851 6375151 6854347 6200662 6281838 6122156 6721876 6474983 6303066 6342373 6318450 6313688 6097611 6212086 6212274 6435864 6247331 6356538 6253270 6352355 6067966 6343775 6259213 6026989 6510948 6695456 6473928 6207940 6561235 5890580 6664740 5547726 5638508 6909039 5979320 6602927 6281522 5742393 6491166 6123491 6522043 6200548 6514120 6718305 6682130 6181195 6030146 6304988 6275387 6436058 6629754 6499158 6302650 6704819 6703847 6167436 6565397 6390177 6171274 6322263 6601250 6404372 6427273 6450495 6739597 6490765 6407197 6178435 6454528 6156331 6270294 6501820 6412182 6360191 6383097 6123875 6622982 6005228 6819014 6353166 6618688 5958392 6303971 6233755 5908675 6596626 6050839 6221264 6078280 6826243 6239489 6017572 5860688 6438207 6486000 5979059 6814060 7100362 6484784 6676419 6075743 6304653 6773348 5888316 6566150 6758477 6010190 6318794 6578151 6289932 6230160 6358452 6026154 5958958 6148654 5881065 6354669 6292018 6320629 6017257 6197755 6295266 6334684 6484405 6429483 6638426 6447406 6265516 6279449 6239767 6675306 5964721 6262864 6240569 6403127 6352687 6526003 6396461 6121711 6290425 6319333 6020299 6141116 6107898 6198455 6268016 6543939 6078511 5636821 6560554 6459945 6117426 6333198 6317904 5994428 6397618 6433420 6074963 6029571 6333804 6177956 6496240 6154339 6517299 6758971 6307065 6806962 6498593 6727300 6273789 6533187 6363957 6192525 6411860 5732143 6046960 6979871 6797373 5838240 6138416 6549103 5920954 6358754 6064685 6472627 5829784 6361194 6650311 6454429 6475542 6173877 6276690 5936791 6499878 6165313 6245984 6528935 6095040 6254599 6170451 5744493 5996850 6518208 6412041 6266963 
6455685 6213889 5844511 5744256 5530463 6190789 5658960 5941002 6260890 6462658 5837710 5532309 5855052 5361690 5973556 5986484 5788949 5922935 5748020 6075768 6377243 6086588 6182851 6145070 5635878 6046887 5723173 6085677 6247426 6437190 5962133 5716808 6247732 5842209 5728568 6392275 6221510 5905141 6259647 5566248 6258857 6233982 6034642 5853704 6399149 6132071 6138940 6066362 6126816 5782505 5909151 6566602 6110603 5930717 5811154 6247952 5870609 6195677 5967814 6224973 5777733 6343103 6079097 5872566 5733881 5953850 5627265 5806128 6422527 6404365 5988730 6237382 6341667 6372875 6206977 5973658 6057384 6016833 5749724 6737110 6164294 6239171 6074522 6252926 5655009 5796788 5931112 6414958 5878584 6466824 5830331 6010542 6432144 5895702 5935637 5995757 6038791 6301054 5825972 6233570 5666719 6169402 6320112 5819328 6327595 6168401 6107757 5976798 5963397 5773791 6287066 5798512 5996311 5957036 6126025 5768513 5867041 6190308 6013547 6143782 6572126 5946543 5859754 6265937 5700068 6180540 5478764 5694505 6381448 5919925 6217888 5773166 5558351 6197243 5745089 6125616 6086267 6255350 6321433 6263038 6051903 5810223 6076350 5946188 5862199 6424067 5965698 5986470 6478006 6304884 5829926 6087327 6246348 6053327 6127032 6319363 6378370 6016233 6499551 6498519 6208861 6013847 5995738 6018433 5816163 5943583 6026074 6080023 5997311 5974504 5779141 6209122 5950239 6245696 6164619 6225502 5464098 5969788 6070747 5661113 6277733 5687943 5996146 5705995 6313083 6046865 5834692 5693660 6099855 6128273 5653043 6549628 6533922 6329955 6501447 5833063 6113980 6400486 5738941 6366635 6315109 5993366 5754669 6079666 6174349 6007168 5990471 5401153 5675201 5800224 5683439 6467608 6010286 5990580 5892402 5932502 6030014 6241393 6092741 6344279 6015532 6351657 6137342 6001037 5916828 6504211 5663060 6125526 5907765 6072383 6054935 6370472 6208466 5901002 6086856 6123458 5904713 5771572 5828599 5775727 5960226 6438299 5894977 5526361 6317240 6294442 5916072 5926999 6008297 5611830 6076879 6093711 5936934 5983015 5969700 6168523 6023749 5688312 6177397 6217566 6253098 6228341 6361752 6442068 6037198 6488873 6074211 6019000 5858322 5378179 5915323 6685208 6395297 5789533 6138377 6210726 5865401 6456084 6056165 6136295 5516722 5958119 6416612 6045096 6133379 6031857 6224404 5686145 6058766 5848041 6076561 5967816 5773541 5799175 6163435 5625528 6245682 6166497 5716920 5916785 
6699434 6573547 6326055 6381884 6261142 6247266 5985260 6479993 6677148 6737015 6495360 5730244 6403582 5685782 6337184 6284878 6146293 6386293 5950245 6319606 6810075 6124210 6427063 6406481 6225096 6293152 6195781 6591517 6617051 6891109 6142257 6183555 6561204 6066133 6709310 6748283 6631358 6182425 6620208 6144621 6583820 6449585 6516412 6205197 6747437 6687454 6101815 6477635 6952424 6198777 6336677 6921682 6568197 6317419 6406313 6865578 6564759 6645245 6175777 6222537 5812294 6496786 6301520 6299062 6266762 6435685 5895370 6273736 6379008 6188512 6403846 6575884 6723088 7190367 6345066 6524309 6352062 6331282 6187666 7115419 6818987 6451345 6636928 6544545 6092943 6395784 6633619 6738773 5902609 6937457 6126949 6130467 6362257 6092823 6626774 6568701 6036122 6836969 6272114 6563587 6112265 6609799 6876998 6310896 6584538 6727302 6502565 6285959 6483589 6403270 6586679 6555448 6405046 6131779 6366346 6151124 6280776 6076836 6275381 6668461 6728288 6694510 6315383 6880004 6106299 6643817 5677636 6107994 6773791 6077640 6751237 6403272 5919823 6479311 6197646 6435559 6085655 6480190 6824531 6701158 6315848 5965037 6260966 6201122 6325432 6905270 6435773 6342387 6785471 6812618 6164925 6589944 6476511 6505396 6236685 6475119 6441291 6631738 6670686 6563793 6401597 6291968 6444103 6492589 6352404 6485304 6425543 6499463 6474382 6594821 6338728 6656899 6126562 6507985 6487259 6399680 5907859 6362273 6093350 6196410 6698487 6091810 6011706 6327778 6701342 6465669 6419626 6026897 6649520 6382478 6364120 6921327 6940823 6459505 6913518 6329775 6543620 6627859 6146425 6376968 6672485 6253527 6470352 6393181 6618343 6707582 6421832 6031054 6300468 6250639 5867170 6562508 6530846 6266426 6422741 6252953 6374493 6421536 6564215 6607041 6580262 6630066 6549063 6308855 6133692 6912186 6134115 6880058 5979023 6290509 6508173 6827553 6509773 5937393 6421153 6660215 6166969 6045810 6348271 6528669 6365389 6880543 6131566 5687955 6889086 6726472 6293323 6386941 6442607 5958954 6568565 6466392 6240073 5810863 6235602 6456152 6548640 6069167 6799807 6575428 6695492 6818323 6471004 6810472 6588901 6725157 6226615 6533669 6323894 5941562 6186485 7114014 6943595 6271209 6314057 6318627 6015837 6584490 6224084 6718416 5732114 6472459 6775674 6275544 6217072 6082203 6719150 5915803 6328851 6215384 6377987 6457559 6333143 5992069 6514846 6001929 6397702 6520405 6129779 6268481 
6656595 6808947 6374986 6592034 6123487 6389676 6024829 6688151 6683066 6655095 6401945 5803658 6426624 5906413 6433223 6396037 6140142 6681998 6153861 6516052 6826525 6163042 6850360 6586482 6177193 6237049 6332773 6387810 6458726 6623105 6195446 6223772 6713658 6335199 6412892 7032346 6860018 6493358 6735428 6164819 6658887 6496890 6369147 6499743 6674759 6727196 6371959 6793302 6756551 6424701 6515350 6935134 6652357 6511022 6371876 7141666 6522736 6642361 6203492 6384113 6257620 6681164 6385685 6271703 6435571 6596015 5974263 6448793 6475619 6765018 6480039 6652216 6823457 6826214 6667867 6273643 6623908 6532223 6160471 6992133 6756341 6756608 6639264 6400804 6071387 6545201 6656588 6781556 6480993 6771630 6056386 6359618 6671751 6128484 6458513 6732017 6280268 6778069 6491407 6819195 6167413 6782859 6602691 6507323 6648060 6878112 6728984 6348735 6542745 6382198 6618337 6394412 6424040 6344514 6623692 6428277 6559129 6404008 6401742 6637638 6984372 6594026 6595641 6645081 6093323 6599919 5882401 6024476 7017035 6264271 6765416 6294995 6248692 6373598 6212715 6804105 6502399 6827168 6707667 6699715 6475051 6163130 6611903 6315537 6456544 7080356 6585485 6232559 6941171 6861018 6241416 6748245 6630788 6597588 6584170 6749202 6419210 6500188 6846392 6842444 6804804 6374768 6442388 6560591 6324904 6455060 6787874 6504327 6446780 6732207 6425499 6767006 6358970 6752445 6662808 6609680 6299610 6457462 6251324 6148231 6823478 6082766 6142684 6450639 6749613 6306903 6497607 6095943 6347116 6610546 6248993 6842039 7434454 6617284 6835621 6215231 6528402 7010429 6368986 6878831 6869497 6260757 6316247 6469958 6502524 6530403 6449692 6359978 6406072 6103612 6096863 6601013 6592140 6544994 6509618 6567008 6423802 6734410 6534903 6596223 6521689 6885450 6719749 6383213 6458480 6912991 6008835 6799133 6126956 6259437 6736547 6794136 6743726 6264240 6694248 6661558 6542203 6600895 6451114 6592975 6233052 7038443 6197463 5992389 6726693 6634014 6283054 6249864 6724842 6089587 6562878 6368163 6159708 6203353 6469568 6692629 6600304 6098578 6636390 6672672 6765462 7041813 6478994 6963170 6782025 6941715 6622346 6495803 6506386 6013529 6130143 7163103 7043263 6078725 6362773 6567598 6266060 6897821 6371928 6419298 5923182 6482586 6690425 6473000 6539153 6236949 6872107 6039071 6443524 6308227 6669965 6196339 6289497 6459486 6474903 6052992 6577411 6771540 6260767 6429516 
6114040 6016291 6262094 5942271 5878102 6100176 5438153 6028326 6073552 6039337 5938278 5396267 5775150 5353970 5737392 5897040 5662845 5961412 5669265 5933005 6424945 5941626 5907424 5860368 5818068 5996904 5936097 6000980 6049511 6208394 5756660 5669588 5871284 5723997 6133869 6503069 6083128 5958059 5828300 5887376 6071906 6193732 5814646 5970795 6304097 6490374 5712222 6214941 6393579 5667706 5909238 6431773 6236221 5949024 5921035 6534485 6074211 6124062 5666750 6033126 5710882 5950376 5775615 6009110 5728833 6139995 5529519 6081014 5980937 6109252 5972886 5985366 6446487 6457279 5718494 5752053 5887129 5929588 5635189 6502665 6180733 6324813 6170673 6083430 5749551 6105953 6041180 6055318 5790655 6366338 6044832 5613366 6030608 5813860 6010869 5883811 5883052 6411243 6034436 6327879 5541383 6323602 6409692 5956441 6181924 6197765 5825487 5748271 5942973 5906824 5899950 5911541 6012092 5865266 5964157 5859844 6042452 5830491 5870265 5989489 6402181 5812289 5874599 6121599 5608208 6114387 5347202 5567509 6305065 5617634 6236742 6131068 5768331 6128916 5940944 6326239 5721526 6355584 6423975 6225144 5866178 5682503 5977816 5830248 5839515 6472961 5742910 6059898 6366937 6127053 5562576 6254498 5899239 6203457 6066153 6246060 6033317 5795913 6081185 6157832 5888878 6133850 5690339 6020320 5868478 6013049 6101535 6030753 5909482 5822196 5864756 6376378 5835412 6309037 6109076 5937907 5324674 5818171 5988711 5873907 6444030 5706033 5767378 5612043 6304331 5878209 5721052 5790935 5939140 5969666 5713275 6185241 6842596 6259322 6256340 5855772 5972001 6046764 5670680 6143862 6730193 5695273 6163381 5921543 6464935 6023481 5848653 5644773 6014982 5778676 5635043 6074397 5961267 5857796 5938293 5941896 5622002 5977918 6212225 5977131 6068706 5899867 6283948 5803652 6073360 6298102 5804888 6292435 5961211 6078929 6076037 6360856 6034842 5701962 6004941 6205091 5697513 5900202 5812713 5911187 5944860 6351063 5672471 5248671 6371090 6152521 5990486 5993617 6074894 5790529 6225961 5927225 5779316 5720131 5661126 6138871 6013136 5859764 6213791 6194071 6416511 6224271 5839693 6277617 5934106 6072517 6028422 5723405 5974832 5321701 5645749 6465299 6712355 5737317 5843623 5889279 5991684 6273280 5663693 5988262 5394823 6250257 6301874 5909097 5922388 5899164 6028153 5767489 5735234 6007833 6152793 6034112 5598243 5680854 6126691 5538061 5963413 6051522 5801601 5628281 
6507870 5979988 6538193 6114728 5985377 6420836 6053556 6322714 6407105 6462435 6141214 5748677 6174689 5510083 6251096 6030854 6133201 6313373 6041592 6345109 6524342 6321543 6391001 6148068 6205043 6136026 6179387 6317662 6513458 6729406 6002177 6170845 6217304 5932396 6193751 6873064 6344324 6249506 6318776 6022778 6482172 6515078 6122354 6408188 6502802 6697387 6174660 6499172 6297750 6013903 6018305 6592603 6480102 6203983 6075899 6386205 5861175 6479280 5884599 5961620 5872825 6410817 6312777 6094175 6369969 6297956 5684500 5969425 6178012 6218641 6174550 6284633 6435994 6844338 6172286 6130843 6094114 6553343 6045085 6765610 6493797 6842106 6068095 5915473 5705839 6454592 6379788 6545716 6154502 6457812 5953377 6099621 6642598 6130930 6466453 6385308 6252639 6454230 6063856 6308835 5838578 6605746 6377095 6401453 6262187 6449595 6217549 5730146 5909212 6182204 6604319 5948600 6448260 6029714 6376010 6019354 6059522 6378936 6288898 6306567 6819511 6319640 6359731 6420379 5796190 6399779 5596234 5718204 6510221 5962846 6407672 6227046 5659501 6277223 5955254 6422004 6034182 6456515 6421735 6276666 6034977 5978756 6069571 5998959 6299381 6726383 6373280 6410771 6639591 6340795 5890147 6678638 6058152 6039907 6273933 6659917 6431272 6148926 6558180 6508157 6493760 6364521 6022060 6282137 6236217 6228475 6474498 6251910 6320095 6214245 6141910 6649227 6089921 6650282 6289696 6407353 5661253 6216972 6132683 6049409 6627152 5638553 5852201 6121769 6654312 5953217 6118210 5743223 6387060 6224894 5995377 6613618 6999763 6236096 6666238 5975435 6146667 6649543 5770859 6637138 6849352 5885260 6372171 6321599 6398603 6400259 6237627 5682458 6050755 5873950 5865764 6530193 6417722 6415121 5765948 6147046 6176319 6584447 6275580 6337110 6554703 6249294 6262311 5952590 5900585 6596098 5796536 6557285 6059444 6577775 6486881 6573305 5966917 5891221 6004537 6326312 6043072 6182878 6006956 6130928 6413165 6625129 6048681 5799290 6554795 6421149 6068072 5920095 6409566 5708885 6292182 6036834 6143094 5960137 6267425 6226331 6344828 6070975 6228499 6488010 6575141 6511371 6538405 6555593 6243716 6644375 6007871 6241175 6167331 5442273 6003961 6611909 6842879 5958769 6173586 6077692 6002491 6529345 6278954 6526440 5960527 6314560 6460903 6121768 6170031 5995899 6431715 5954804 6083884 5991870 6269797 6472516 5875566 6169284 6513726 5950744 6034599 6319187 6307366 6193954 
6458232 6018966 6377772 6032308 5952435 6130126 6028798 6169416 6342333 6574933 6120523 5479673 6085802 5569142 6027462 6130511 6174430 6272356 6129536 6388092 6816068 6235603 6467662 6258989 6086075 6059439 6235306 6215685 6328277 6358010 6022041 6128833 6221024 5723443 6438418 6755960 6477393 6243699 6339101 5971205 6507781 6288887 6402985 5982477 6523417 6328146 6056001 6162122 6266753 5608874 6269193 6659201 6390032 6376376 6137170 6633483 6139008 6017853 6037639 6311147 5715184 6269811 6105845 6101734 6302335 6571968 5856200 6211850 6489978 6245981 6437259 6255275 6710528 6848708 6233797 6328293 6000454 6453616 6047103 6649372 6562539 6347668 6322233 6365008 5687589 6484670 6238370 6417732 5944308 6275968 6134854 6291543 6257244 5967142 6335546 6211643 6136662 6500000 5888894 6404643 5838536 6556996 6752444 6326821 6353013 6437272 6330497 5974220 6180465 5880855 6561141 6052213 6285813 6124957 6139227 5832096 6012529 6224415 6351980 6247860 6731557 6388481 6062766 6337327 5923081 6527290 5774906 6067091 6689270 5874241 6533802 6200873 5905242 6801039 5917693 6465893 6143047 6445485 6682243 6345207 6260121 6005720 6110037 6064711 6286374 6794069 6329588 6145175 6762565 6568526 6184050 6522054 6610040 6142554 6013818 6291614 6458752 6391327 6449977 6654592 6257154 6313237 6280418 6391899 5816173 5914505 6270155 6139166 6230469 6259186 5988364 6567688 6104304 6421658 6580718 6271609 5710747 5950470 6046378 6025973 6664157 6025837 5956512 6135864 6745112 6476226 6049586 5821168 6342587 6387052 6040229 6713579 6943487 6712998 6784012 6078590 6323976 6560102 5915738 6503480 6858871 5875137 6027953 6209533 6391608 6248400 6278785 5749512 6097752 5844701 5807316 6539075 6280519 6317815 6060772 6121460 5973049 6312469 6351368 6549014 6582965 6459042 6344580 6075259 6221878 6568449 5626191 6472683 6334460 6409736 6282867 6598364 6427457 5874665 6140729 6562839 5934589 5960269 6285799 6147173 6164941 6597421 6081658 5838702 6678007 6216205 6072004 6181190 6340084 5956542 6416970 6120834 6147208 6119762 5971227 6451430 6446497 6036838 6404120 6388870 6638838 6420815 6614056 6505455 6655112 6608767 6464472 6257121 6360217 5608138 5905569 6844818 6552632 5958186 6108580 6295597 5963025 6293115 6278108 6564529 5965223 6420012 6641120 5980813 6238529 6147159 6417591 6139545 6452949 5966971 6189462 6306497 5965297 6075299 6266103 5657973 6128327 6452506 6327320 5859468 
6528671 6288492 6221815 6349586 5543055 6124100 5970790 6389505 6162277 6353284 6126461 6008534 5677827 5496279 6356644 6226441 5889642 6173936 5989022 6152921 6693155 6206486 6402678 6265244 5989623 6227251 6159757 6193689 6312273 6388838 6122537 5716607 6332236 6192687 5928744 6493940 6525525 6218696 6322965 5963967 6728170 6128275 6222573 6140210 6261768 6355362 5990779 6303005 6456228 6052720 6218518 6842532 6122191 6420042 5904027 6596299 6181641 6512511 5923770 6159912 5487230 6233834 5948159 6250678 6228687 6153144 6007459 6383944 6556400 6314074 6182382 6300803 6409244 6588399 6103262 6102981 6348135 6421568 6086335 6953824 6199733 6382837 6311789 6231845 5806934 6419131 6193942 6419803 5987787 6576743 5944566 6067385 6533609 5997539 6307701 6107087 5903054 6491640 5999234 6310157 6162029 6252895 6389221 5954054 6163183 6536787 5818753 6062604 5957272 5866869 6369826 6001023 5990469 5975374 5983033 5893905 6130390 6226111 6209541 6403026 6582757 6279309 6030742 6438987 5838929 6404507 5359648 5870599 6384693 5741367 6484170 5822384 5926231 6372381 5915922 6596626 6130386 6513304 6541573 6274973 6563324 5837609 6160373 6094608 6118345 6861124 6294162 6167945 6686780 6326292 5959033 6472303 6296895 6102633 6354564 6302442 6109158 6081010 6241969 6380721 6219401 6326445 5960083 6274773 6073677 6277222 6121701 6202716 5970274 6306920 6136527 6366525 5926865 6501977 6322346 6374799 5768377 6011334 6102489 6098661 6439207 5860456 6007238 6076431 6486520 6062747 6072670 5748516 6072779 6288365 5973716 6458119 6914487 6352306 6311646 6100931 6265048 6406172 6051396 6600993 6712327 5954714 6124194 6072639 6217268 6152635 6013375 5722824 5869297 6064697 5633755 6314589 6449227 6127786 6089949 5791570 6122597 6444752 6490942 6243474 6350938 6540946 6362082 6108514 5937227 6522928 5654609 6574452 6107637 6021640 6182157 6557993 6146373 5931481 6196030 6198301 5936453 5971807 6252446 6259651 6036210 6659982 6101154 5529779 6342505 6154734 6126809 6138260 6320195 6179118 6066644 6173678 6121535 6037019 6060231 6267628 6126639 5740853 6270476 6476851 6425837 6670513 6042433 6842201 6382107 6709052 6101061 6532041 6104044 5677859 6043883 6564082 6638640 5659882 6193183 6350663 5968067 6378751 6133632 6223816 5566011 6061869 6393538 6398494 6302242 6030031 6403440 5813589 6364158 5999719 6274790 6173871 5916896 5954295 6445990 5813630 6168425 6514464 6029553 6074999 
6381385 6181264 6315637 6158174 5920023 6306757 6094403 6418498 6321986 6342791 6285500 5787977 6095835 5832605 6242544 6137947 6132024 6285754 5858791 6238240 6721902 6013547 6508493 6266987 6137437 5964848 6355441 6111123 6249509 6541681 5979486 6027913 6475975 5668807 6082732 6793811 6499019 6447080 6236285 6280090 6427669 6527161 6051708 6047196 6413972 6621761 5881305 6317900 6563771 6042368 6400233 6681777 6317616 6227406 6188129 6913891 6265024 6578996 5971318 6202225 5939011 6405209 5979185 6370158 6297240 6240947 5919447 6102677 6471894 6481175 6140163 6185748 6694278 6591312 6156394 6117846 6476500 6115153 5806636 6772355 6423377 6373302 6092411 6078688 5843664 6406030 6469521 6525672 6112937 6537969 6016932 6130829 6520488 6135981 6207247 6239920 6125037 6515083 6008999 6550156 5882345 6474595 6558389 6216327 6130867 6598239 6349533 5829668 6237350 6105062 6487379 6091382 6006830 6063937 5984936 6044797 6279791 6172668 5967498 6295842 6679596 6360959 6289229 6732689 6051632 6448214 5801947 5852515 6540825 5880441 6549410 6105464 6025710 6551535 6098700 6334295 6121915 6629060 6558504 6336282 6393422 5789619 6391355 6178433 6007975 6778191 6233040 6085231 6540805 6568701 6032418 6520316 6110542 6428345 6351247 6603188 6228505 5847067 6410408 6264890 6490187 6349309 6324903 6243167 5820701 6140440 6283949 6240583 6216424 6447643 6041446 6623624 5863812 6407788 6426835 6415413 5814817 5853914 5767768 6126710 6682262 5888639 6040246 6313430 6340918 6424884 5907624 5936351 6365039 6535379 5646004 6609625 6923464 6450478 6605896 6034576 6416807 6936399 5925960 6486712 6879962 6174254 6235922 6139514 6470552 6241381 6185678 5805296 6193069 6158551 5813365 6491471 6328781 6307385 5936178 6209293 6495789 6324194 6294269 6433796 6479643 6501970 6413122 5931894 6236311 6450611 6106776 6252635 6191891 6575922 6313849 6416676 6225661 5847446 6378355 6547009 6246603 5878228 6409082 6031928 5937098 6703827 6094192 5703270 6613269 6380488 5868774 5936236 6211290 5810266 6083293 6112688 5836139 6049590 5996580 6205158 6298819 6073111 6456619 6588592 6416997 6630190 6255513 6666437 6508799 6320638 6194589 6252775 6278961 5424108 5972302 6600660 6473636 6089929 6257106 6466205 5952623 6302123 5894680 6360137 5547884 6303249 6640336 6298693 6228822 6057521 6633779 6175354 6447975 5986066 6361524 6159295 5920168 5922951 6113559 5686908 6366595 6605352 6053382 6234589 
6444188 6132014 6413461 6265462 5738302 6222406 5962330 6063396 6303681 6292943 5976481 5760076 6146453 5708783 6201095 6144142 5893292 6261916 5753174 6280370 6507929 6281453 6207531 6045485 5801975 5962232 6112470 6256226 6443382 6665408 5884325 5672647 6310824 5839060 6241731 6767568 6610273 6016258 6312380 6133979 6507004 6170723 5885804 6113602 6620702 6519681 5842612 6354255 6330506 6165885 5938637 6654164 6489806 6279687 6039928 6465393 6182935 6224981 5871004 6312715 5731343 6219391 6173589 5911369 6159249 6200184 5679563 6028881 6337834 6120141 6226909 6522436 6412431 6800081 6150615 6013851 6035636 6423106 5834873 6994008 6565774 6474991 6192490 6257817 6106029 6405972 6143310 6526115 5853739 6676381 5975885 5980579 6201341 6063746 6344889 6359288 6058833 6352451 6078237 6151196 6075700 6525940 6261111 6030146 6267056 6649348 5986703 5908946 6072981 6210756 6280989 6046117 6240147 5897724 6246541 5860858 6280873 6291774 5934625 6355097 6626086 6421882 6093568 6258700 5745584 6405798 5539168 5690811 6397883 5778819 6491950 6370128 5855856 6516096 5885273 6295989 6073635 6398313 6566798 6063047 6320538 5958759 6082850 6234968 6152772 6761505 6141831 6186411 6794097 6371505 6077906 6599514 6210688 6201315 6372014 6340226 6253639 6075738 6391485 6424267 6574025 6084463 6101833 6216704 6236932 6215638 6127963 6165250 6164148 6225626 6076269 6575735 6010095 6500244 6281467 6279788 5775534 6299314 6054002 5941431 6441625 6008142 5796069 6123933 6199693 6397585 6011070 5859482 6384573 6157104 5972512 6677303 6877817 6536433 6442802 5899789 6005456 6431923 5980486 6523080 6533723 5825317 6282186 6099844 6616643 6263886 6337035 5472996 5954852 5752271 5655672 6445513 6167282 6204714 5881487 6112470 5816427 6312564 6214201 6375700 6356826 6320033 6297170 6158632 5930026 6781483 5974395 6475008 6182600 6438786 6254361 6719133 6076966 5934193 5976358 6392700 5812390 5924229 6123666 6210289 6176344 6559207 5946925 5434176 6512154 6121396 6034365 6152286 6458947 5835443 6122601 6303610 6126771 5924964 6046356 6227325 6237119 5936784 6127586 6473120 6361924 6525315 6165055 6682422 6346261 6623938 6402466 6117693 6116833 5609143 5652944 6930503 6803373 5802037 6174031 6019625 6129801 6359099 5949311 6288186 5646479 6259859 6457957 6329895 6113059 6140875 6209604 6078685 6197032 6153890 6486560 6176192 5714135 6030609 6384933 5843951 6032071 6365761 5948004 6044920 
6915569 6564209 7315242 6810133 6536603 6638035 6394983 6900983 6830742 6960876 6804567 6254402 6760410 6090835 6559470 6616771 6332512 6879624 6424288 6584609 7556377 6794266 7048837 6809959 6522703 6642227 6551965 6500301 6938109 6896384 6643275 6494113 6879222 6477595 6662010 7162079 7095083 6513915 7106714 6288032 6987484 7164187 6720169 6524644 7173946 7064042 6641428 7185977 6874781 6447825 6704938 7186825 6983295 6811409 6624304 7021767 6672005 6960834 6352162 6484113 6450255 6838594 6710124 6444194 7078524 6861649 6507412 6726944 7097304 7011439 6699177 6780742 7099199 7135391 6658220 6834732 6723088 6791005 6631181 7479327 7288771 7067685 6678284 6797280 6467939 6819787 6773188 7059189 6427940 7080315 6631449 6349499 7097973 6664784 6927362 6808439 6703627 7187893 6704381 7106616 6405890 7252554 7180288 6547867 6627514 6824654 6725472 6525272 6624955 6865519 7052132 6562374 6615033 6683613 6782869 6890984 6576510 6577163 6782957 7125266 7361770 6922307 7035694 6789846 6280413 7005759 6114189 6150668 7426647 6310844 7212866 6858350 6553707 7064041 6605402 6882833 6678561 6946457 7346328 7019283 6519206 6438640 6843002 6468414 6693722 7370155 6779491 6706576 7214104 7021426 6694498 7159475 6746988 6637332 6907242 7222761 6809784 6649598 6753445 7052432 6763159 6951043 6298707 6803583 6591943 6621181 6880401 6814862 6746352 6808226 6508707 7154445 6579317 7187449 6878728 6717778 6085086 6511222 6694496 6449877 7101351 6425322 6398404 6316081 6981287 6512532 6751610 6325697 6880674 6876087 6576519 7009158 7739117 7109734 7106040 6449803 6760310 7197517 6439095 7107218 7407314 6414752 7102188 6951858 6903228 6850343 6797030 6420881 6722298 6380830 6254808 6907916 6931487 6830308 6546381 6926726 6583539 6916358 7047288 6918415 6969444 7036888 7066240 6481662 6602629 7146124 6276205 6992695 6582967 6672484 6922813 7398138 6978772 6615862 6557183 7112118 6626261 6512236 6783652 6807304 6824575 7190230 6472902 6204177 7322860 6914985 6680305 6706343 6847892 6471852 7044355 6565598 6600439 6467126 6574657 6991329 6991642 6632854 7033086 7139593 7063681 7337119 6986710 7378550 6902893 6984050 6632197 6752035 6951030 6053738 6488015 7263545 7336791 6485620 6840410 6841130 6685551 6910336 6636912 6787564 6528014 6976114 7317596 6672102 6657653 6553005 7142135 6268418 6963076 6848163 7024084 6455669 6418323 6729648 7017501 6433032 6863846 7066557 6839834 6637901 
6343359 6287431 6543526 6314192 5912303 6565284 6136929 6250705 6451168 6517384 6473973 6075776 6284319 5865278 6303870 6389549 6292883 6547730 6307811 6423119 6804931 6432075 6741924 6342275 6170285 6356496 6438859 6451960 6471331 6788240 6071173 6071467 6471224 6130394 6217058 6907481 6871368 6342487 6538958 6437588 6453133 6781057 6179973 6287500 6782430 6791716 6403836 6607393 6650197 6138449 6436568 6969054 6457971 6171233 6293539 6719265 6350715 6585964 6249518 6624414 5912247 6747691 6264289 6397313 6263483 6309291 5737486 6357813 6467625 6377861 6389021 6436032 6810156 6707740 6455635 6133703 6403494 6403871 5947696 6653598 6761330 6799413 6353170 6329240 5705403 6682449 6531657 6908679 6386327 6699916 6279087 6329327 6616664 6302509 6435385 6451555 6298543 6689385 6190340 6383446 6076279 6776916 6472897 6363395 6497643 6661643 6577101 6321786 6275857 6169793 6505516 6156626 6324702 5974664 6423938 6358528 6457388 6524330 6433824 6757852 6832638 6396512 6348403 6648632 6180597 6714461 5788012 5698946 6669003 6344702 6579399 6324372 5842285 6543703 6079626 6687910 6364833 6411077 6688300 6238066 6294660 5961487 6437683 6121221 6316925 6751046 6483224 6208201 6601520 6621327 6249816 6642396 6451400 6489246 6344708 6737418 6684867 6606507 6717718 6464252 6574077 6274114 6345836 6490542 6141833 6293397 6276537 6324848 6274612 6455140 6178344 6629681 6038577 6702702 6541229 6577265 6026633 6319240 6400306 6028951 6834875 6014432 6111960 6315214 6724870 6450020 6293298 6042224 6304267 6601677 5822130 6671090 7004290 6837205 6736298 6110088 6514319 6919363 6188667 6578601 6929518 5989537 6284104 6508964 6572810 6442403 6086245 6068884 6169632 6197958 5934989 6538476 6591242 6243574 6083096 6264781 6366021 6329396 6449934 6649180 6384814 6749101 6343605 6391214 6207426 6881690 6137039 6503340 6226283 6354320 6561441 6727578 6438912 6083924 6526367 6738178 6174189 6091962 6574105 6188753 6248455 6755818 6346078 6015576 6975051 6775139 6290947 6351148 6538985 6033862 6418731 6319241 6157606 6210164 5958114 6643133 6427347 6178451 6311915 6651313 6595358 6555191 6397808 6892608 6409532 6654101 6445992 6282791 6273156 5610473 5977690 6856348 6928791 6076738 6266138 6409701 6252942 6625016 6116498 6327635 5785394 6336345 6848706 6223189 6131824 6160643 6615649 6285662 6544065 6231045 6360601 6390081 5914128 6207249 6517480 5997331 6332528 6824136 6271403 6299760 
6926041 6616321 6584843 6760550 6442125 6826465 6553041 6851873 6913723 6898880 6633914 6077236 6698933 6132020 6580785 6636178 6486619 6701382 6508752 6731416 7173800 6580405 6874472 6825847 6321778 6414708 6387311 6645236 6971684 6962466 6407470 6374207 7190389 6400963 6437604 7067249 7081052 6558521 7171779 6625587 6876197 6856066 6594671 6688296 6990041 7109316 6731290 7005178 6920337 6366146 6781187 7104847 7078227 6850602 6622021 7393567 6467893 7281020 6483607 6720478 6340203 6590245 6693136 6563430 6481353 6734310 6427134 6772935 6665164 6960033 6956770 6777222 7038582 6957372 6482581 6764365 6781157 6820957 6610526 7389121 7137794 7070886 6811698 6933987 6556759 6825955 6622438 7240999 6585681 7056342 6602605 6528836 6999541 6922675 6591285 7014057 6495468 7095781 6592039 7145358 6245615 6995081 7064025 6684675 6845874 7099667 6600553 6593180 6788650 6864214 7088017 6857991 6700686 6681428 6747298 6587388 6644019 6636386 6706936 6865224 6952700 6821478 6697228 6988533 6426946 7133823 6277671 6282592 7267189 6380530 6874690 6734115 6470401 6838683 6590217 6896863 6989520 7044235 6884973 6809706 6823964 6129972 6690313 6578739 6604335 7042750 6696521 6650792 7059608 6951051 6501770 7157597 6841481 6801670 6848792 7064618 6763015 6787891 7149885 6892542 6817006 6796570 6615019 6748588 6465207 6695383 6652008 6784119 7129910 7005863 6739124 6920017 6286041 7014221 6857783 6819178 6428497 6459146 6388511 6377998 6826963 6484406 6342035 6653324 7037365 6668840 6816091 6312366 6809938 6986679 6441431 7338268 7473644 7043346 7020207 6494624 6947071 7224952 6594799 7006773 7094891 6426001 6842323 6500885 7069811 6798576 6720841 6197165 6516334 6234075 5948013 6970762 6623784 6864124 6515575 6484064 6771165 6827310 6793249 7053862 6972894 7108000 7103464 6686052 6680798 7258761 6451156 7113776 6717113 6628720 7033267 7199114 6633846 6535463 6540911 7056575 6652253 6526286 6704546 6614612 6528324 7422614 6493501 6248403 7199220 6896330 6551187 6500524 6766973 6307415 6796510 6871346 6658775 6711791 6428494 7091042 7021221 6198519 6939405 7055905 7008676 7224948 6617951 7436163 7032992 7025880 6335220 6553649 6682141 5803847 6279033 7277383 6994715 6549273 6900806 6776888 6760902 7023400 6582113 6734261 6167774 6679713 6990851 6810942 6848343 6645684 6950695 6514006 7171982 6829894 6622616 6700639 6551360 6718082 6801852 6449832 6822963 7021233 6698509 6862221 
6789650 6071798 6312633 6228629 6014505 6369916 5803998 6335726 6454812 6612670 6324729 5665046 6324335 5436595 6230288 6159411 5933027 6353025 6178007 6237543 6968857 6408422 6613962 6404884 6159640 5961612 6363629 6748885 6863814 6676528 6377185 6269369 6687548 6269142 6068840 7066154 6560062 6425699 6671160 6326035 6364966 6252458 6321493 6297908 6541788 6688033 6183485 6489258 6591507 6181424 5985265 6997999 6628110 6258006 6414250 6850241 6113781 6542266 6305130 6298633 5890395 6432293 6260448 6107290 6414026 6133105 6015213 6383649 6168841 6203105 6502077 6365857 6511725 6515920 6165191 5958548 6181531 6561669 6096744 6704006 6618173 6739153 6378313 6447966 6014241 6640463 6242677 6622097 6332354 6415921 6169769 6384073 6251780 6370798 6498690 6420850 6163733 6560812 6248173 6464455 5906128 6741889 6774839 6326395 6572977 6711523 6539006 6276475 6376695 6235068 6546671 6144851 6354127 6092278 6245525 6111619 6220845 6429521 6320032 6505836 6893898 6264312 6314705 6472500 6090950 6643462 5841314 5976405 6793976 6153468 6616263 6162188 5919890 6598270 6234135 6491394 6346970 6795112 6653549 6235493 6398999 6005730 6315454 6224866 6476109 6825571 6242288 6178543 6647660 6502069 6411239 6662022 6305409 6486404 6414265 6672403 6190886 6169367 6659183 6906576 6748726 6249389 6527859 6460908 5985228 6252739 6099552 6291091 6281048 6455203 6223406 6908196 6327088 6735348 6418448 6444210 5904862 6210984 6198012 5740863 6468897 5945961 6037770 6116057 6782450 6578145 6095276 6038988 6201607 6258395 6198686 6729705 6859409 6768237 6770338 6121071 6149619 6834742 6373055 6621856 6909658 6299372 6363374 6358318 6438427 6359823 6175786 5991353 6105874 5919137 5782276 6362399 6547268 6385770 6295059 6142274 6171589 6458830 6486571 6690865 6754821 6676960 6466987 6364382 6308476 6831242 5793501 6629690 6013287 6362691 6551160 6591411 6415525 5942833 6275208 6542612 6030200 5987960 6435445 6539958 6195776 6774672 6224888 6097232 6709580 6283859 6031401 6250975 6504962 6079196 6184737 6463777 6010839 6186917 6351147 6286659 6296898 5922570 6687321 6716808 6783931 6957580 6602918 6818630 6510182 6546847 6428413 6262965 6438847 5767846 5957479 6921439 6711283 5834002 6216093 6282405 6307883 6562509 6152181 6400988 5999451 6219056 6567879 6317080 6239280 6092923 6571947 6026969 6607528 6184462 6579826 6149039 6070526 6142920 6338700 5846576 6333476 6581843 6287060 5999373 
6601229 6232619 6459587 6137436 5902398 6039879 6171026 6336324 6503805 6634292 6252778 5992061 6165704 5774716 5973667 6142248 6210736 6446120 6185336 6235337 6918799 6266176 6487497 6110371 6046869 6051623 6061332 6288078 6770110 6721575 6484301 5990124 6334906 5941319 6251179 6757816 6579035 6176785 6542501 6217377 6490633 6494976 6300430 6185461 6481491 6379742 6163074 6634439 6602935 5908938 6089999 6783921 6466371 6149137 5967793 6713044 6032329 6335230 6185533 6117567 5801804 6304487 6183787 6399708 6388572 6610076 5841782 6218504 6627479 6453177 6086909 6289087 6587598 6914395 6145082 6082007 6211144 6108761 5929268 6880746 6519414 6723724 6193714 6196137 6007782 6276601 6250860 6771649 5994915 6688105 6285197 6049957 6591323 6129256 6323182 6581821 6058241 6588648 6305139 6495834 6030268 6599538 6668895 6290537 6631035 6222546 6490841 6083754 6317722 6383897 6381096 6002984 6205163 6159015 6232544 6290406 6159355 6325127 6309350 6149840 6833744 6333326 6277698 6430293 6032651 6515416 5654280 5910835 6816502 6045153 6681017 6055797 6091968 6435194 5959375 6582825 6145152 6611226 6682873 6303008 6322380 6009818 6272646 6396485 6362154 6757507 6356045 6247429 6599247 6539543 6214141 6447724 6481678 6058838 6364998 6609122 6215522 6205742 6531579 6820482 6527176 6494894 6119730 6599801 6050845 5867582 5984569 6092816 6459189 6448949 6200139 6726508 6050376 6422143 6638674 6373602 5722580 6162367 6165708 6305176 6706855 6168743 6088867 6121368 6659828 6223686 6313418 5940098 6268797 6647892 5857700 6595531 6773703 6536040 6653697 6108590 6336904 6714558 6122409 6466482 6796896 6172327 6183766 6520141 6361195 6194923 6351169 5858005 5876430 5761927 5587552 6516905 6247257 6236808 6082683 6093933 6069406 6448976 6348340 6413856 6366084 6562459 6529815 6145530 6450328 6670292 6001681 6568535 6004414 6404352 6357012 6684558 6241256 5973628 5768002 6575574 6122794 6000720 6426590 6265800 5981932 6591652 5958798 5720591 6625834 6469756 5960544 6111984 6463570 5948523 6392923 6023504 5981755 5894855 6167095 6234072 6397691 6139722 6465171 6609386 6430347 6517868 6327913 6551544 6590325 6693923 6351111 6236775 5865042 5658454 5877939 7039268 6863299 6141690 6327355 6321884 6138336 6302787 6333792 6370709 5722739 6145588 6559659 6229632 6264659 6365641 6726794 5775047 6271844 6073312 6398390 6024688 5911057 6384757 6358176 6136868 6285870 6829787 6159902 6128238 
6563566 6316321 6159038 6126081 5901161 6243870 6185347 6154235 6418359 6528343 6153254 5794109 5923674 5722733 6031849 6161010 5827934 6301270 6042309 6268006 6526595 6220124 6461700 6135658 6000891 6006554 6406562 6117587 6404784 6469016 6312551 6064712 6313793 5908670 6183069 6514713 6469162 6094114 6379991 5949732 6378077 6276018 6111449 6236767 6246111 6418999 5591072 6128136 6407714 6063732 6234081 6560953 6375705 6354125 5688112 6503251 6149391 6477079 6139580 6120520 5959805 6373391 6253975 6151238 6331980 6211711 5931819 6164956 6366268 6195649 6315794 6351014 6523441 6698295 6373501 6131516 6020372 6333372 6193035 6780850 6353090 6473304 6246380 6220904 5736622 6364394 6515649 6402855 6104115 6586366 6048626 6207803 6433062 6099888 6214727 6278004 6130396 6643814 5836939 6430814 5765856 6311070 6335575 6059770 6265190 6457383 6345507 5958610 5970277 6179649 6479488 6167977 6115974 5977352 5928548 5860725 6527716 6109985 6201819 6368978 6720162 6433841 6497851 6516273 5694118 6347440 5449643 6023677 6561070 5902095 6615946 6079832 6051656 6387465 6028276 6617079 6112776 6463880 6817720 6388566 6159375 5678723 5881477 5936586 6165625 6655374 6355364 6227004 6452043 6393562 6153515 6557924 6070914 6525734 6409469 6588393 6442850 6087569 6328731 6442324 6285058 6105738 6052074 6222199 5930477 6188439 6252241 6203003 6340281 6061413 6184604 6463235 5991364 6532694 6353302 6309350 5888154 6083784 6091786 5830273 6611192 5803305 5909518 5964675 6529220 5899667 6179641 5833813 6322259 6151844 5943828 6507959 7019349 6353814 6789118 5924871 6155690 6543710 5961388 6665111 6705471 6009118 6153138 6075364 6286193 6414465 6211027 5821917 6053100 5808891 5812719 6381588 6210814 6504579 6251367 6076465 6066421 6680103 6413169 6603080 6408142 6417595 6386144 6091286 5980975 6673753 5744665 6444037 6051229 6164424 6526661 6473540 6351280 5822776 6252521 6356418 5871961 5816087 6067044 6233506 6048982 6524972 6183116 5617282 6566920 6406375 6182422 5947372 6382121 5942492 6401380 6150418 6105884 5970493 5921502 6546847 6297338 5866318 6584652 6676912 6582949 6413676 6329732 6397064 6390860 6763651 6247773 6054018 6438036 5761223 5800949 6762250 6542318 5843476 6030612 6245173 6101481 6250522 6333126 6298856 5714474 6241986 6503653 6249582 6015531 6067518 6615299 6210139 6190237 6102618 6488278 6208457 6012285 6138704 6318263 5842153 6329200 6511926 6122919 6310869 
6851413 6245589 6508305 6566660 6477117 6568681 6075174 6586978 6449103 6926531 6301683 5793006 6269805 5952385 6465757 6397026 6262948 6597672 6269573 6452940 7217118 6500046 6741082 6587344 6434534 6334219 6413413 6384727 6856757 6730884 6361086 6208128 6122101 6186463 6674784 6996736 6787009 6614275 6646361 6204188 6627965 6439439 6452199 6261630 6764928 6463139 6443007 6737010 6586693 6355925 6478181 7212442 6933412 6656572 6434912 6946351 6351708 6776459 6241929 6528579 6031423 6453517 6439841 6570769 6364815 6718192 6057275 6005137 6302250 6725921 6572324 6622333 6695304 6927211 6247700 6205754 6440616 6461986 6148622 7109642 6942092 6782729 6616682 6510899 6090073 6610730 6476315 6640550 6406019 6873428 6145192 6129861 6539540 6161193 6717604 6722448 6372589 6696885 6334805 6741649 5992299 7013289 6807384 6403138 6805492 6688495 6574024 6440249 6562795 6542286 6755010 6453422 6432359 6237696 6458020 6201112 6272046 6442174 6486016 6659264 6803463 6389032 6602480 6570447 6315545 6442273 5886990 6172443 6736830 6411083 6742183 6701836 6167665 6600233 6327266 6922804 6329312 7026195 7151961 6379312 6309853 6390398 6363673 6197649 6422680 6868077 6469107 6441375 6878910 6749202 6269442 6852729 6515085 6517567 6432367 6791492 6495263 6351522 6488853 6690011 6768004 6781236 6426153 6465434 6124348 6323241 6655493 6594203 6269020 6481254 6457452 6807162 6550685 6729204 6838198 6575818 5666304 6436472 6361564 6160979 6651028 6108683 6474868 6354731 6911314 6349068 6515630 6111156 6408004 6689239 6102415 6642646 7455041 6645809 7049278 6128385 6500781 7026049 6426585 6701590 6954261 6250440 6677843 6467637 6617670 6476316 6316508 6033901 6362311 6123810 6019539 6733288 6333958 6742923 6350814 6354020 6376096 6703051 6403308 6772235 6926724 6742028 6630519 6346811 6478977 7166444 6097547 6839030 6353075 6436142 6763964 6974441 6590979 6008726 6386386 6834387 6133939 6532397 6332990 6453579 6366952 6994081 6315335 5959488 6999094 6794811 6241174 6472795 6531829 6060264 6603356 6331469 6398685 6119803 6223162 6683645 6309047 6153808 6535594 6688883 6839504 6680327 6826901 6558668 6418923 6481761 6608203 6332340 6684536 5996496 6234836 6982389 7202142 6211030 6475253 6668728 6475512 6723138 6413974 6471220 5843827 6659746 6720975 6505953 6334021 6372278 6749793 6049947 6528945 6462247 6469700 6137921 5974542 6289500 6331057 5986722 6411055 6638684 6085487 6410496 
6780804 6529293 6458337 6486748 6247605 6352790 6018304 6300132 6499199 6553791 6291235 6136056 6190332 5812856 6548777 6180770 6215227 6508923 6069875 6286042 6933945 6506414 6518295 6377791 6139404 6259688 6352605 6480735 6548189 6803732 6569495 6218169 6475449 5978826 6292674 6668260 6831183 6523795 6634941 6014770 6845875 6664320 6336831 6138413 6593012 6606840 6094175 6473901 6713091 6281005 6532544 7173270 6402543 6557927 6224448 6858656 6319450 6560376 6198729 6423340 5895592 6611636 6267053 6142903 6107175 6518366 5815849 6338066 6538039 6459697 6438943 6502562 6649332 7245916 6329888 6350148 6175985 6680231 6071421 7255685 6707020 6826616 6354209 6454579 5991758 6630244 6597912 6829645 6368648 6882546 6321163 6321295 6713177 6345253 6405231 6468309 6242816 6635702 6299552 6591093 6267512 6572954 6795179 6449783 6532676 6617420 6382182 6184062 6318560 6228394 6641673 6210581 6445446 6255601 6388212 6237698 6513645 6453090 6310066 6740447 6942976 6410591 6447340 6587702 5989876 6488456 5673117 5998826 6863608 5874280 6643518 6198120 6025207 6698771 6086968 6629840 6408649 6667052 7005368 6638305 6417175 6143174 6422146 6334513 6400060 7020404 6624126 6361765 7017847 6681256 6403649 6580775 6747728 6561726 6609368 6762265 6618052 6366637 6395214 6648012 6513068 6150922 6473000 6496836 6212169 6414691 6531711 6343787 6202228 6506996 6341855 6393349 5970797 6618010 6548501 6511541 6261856 6186374 6580100 6129705 6530834 6341840 6088203 6348493 6809670 6639108 6022520 5934278 6471729 6579362 6213835 6686720 6926544 6571047 6866975 6323174 6479407 6620400 6079715 6765231 6724689 6110090 6214466 6635778 6703620 6530821 6220902 5967033 6140721 6134717 5758449 6651308 6303368 6656715 5994377 6327690 6140765 6483768 6744326 6684548 6720923 6499285 6531464 6435287 6095919 6772647 6035750 6777173 6148328 6485068 6731154 6844649 6686846 6256935 6376277 6718884 6348733 6004057 6379520 6644042 6375888 6911811 6332423 5872028 6642795 6290223 6397269 6179119 6548073 5879971 6267327 6278428 6279472 6179518 6219344 6589177 6520257 6008160 6614603 6695429 6705036 6888949 6537330 7027015 6836911 6558004 6431048 6616489 6497608 6046812 6147197 6993431 6861684 5995698 6142078 6350541 6147904 6571356 6251704 6543063 5879845 6309221 6654454 6364155 6594043 6292429 6651739 6173979 6557981 6196700 6374712 6426114 6164313 6258102 6433654 6202169 6113879 6742428 6200690 6348701 
6866577 6843641 6758871 6705938 6591037 6994397 6380085 6962066 6911749 7033690 6677006 6114864 6594887 5963227 6353991 6687112 6294716 6884579 6511905 6879558 7280827 6780418 6914498 6547893 6653564 6349152 6528826 6770395 6936895 7018224 6510905 6528018 6814824 6518171 6686174 7369339 6907513 6877933 6992347 6428193 6938449 6790698 6601548 6542406 7146191 7190971 6498333 6995949 7013197 6435951 6693162 7274973 7046419 6590137 6537155 7290987 6576000 7091737 6363551 6417755 6277300 6971597 6635950 6463196 6744220 6759308 6180678 6713051 6792648 6752560 6820014 6749283 6998738 7043943 6755806 6649451 6442601 6796912 6578431 7456203 7034537 6779569 6828320 6885293 6157946 6840538 6796245 6912614 6553611 7077740 6525643 6632098 6834603 6612607 6695595 6813238 6782665 6761361 6648902 7071828 6443478 6856885 6874891 6652241 6767851 7048034 7012821 6386958 6537903 6590581 7017782 6748741 6677317 6408377 6643621 6498237 6728781 6470885 6833749 6839081 7215792 6836735 6694866 6992550 6684379 6913418 6021301 6354859 6894189 6223521 7191539 6779306 6546649 6765101 6432787 7066403 6672526 6812014 7282180 6872568 6917044 6309584 6637536 6504929 6519943 7380146 6393345 6664283 7071635 7167789 6446155 6893505 6830740 6826911 6651914 6918918 6633165 6481559 7120003 7005815 6807689 6596966 6786774 6752186 6507345 6735538 6739623 6654662 6913862 6896856 6608129 7277907 6757242 6816670 6853275 6791194 6089231 6637741 6590170 6501302 7164520 6542577 6373398 6609889 6850226 6722122 6618986 6122798 6675384 6870017 6444903 7031216 7432213 7067858 7201471 6501809 6789336 7254294 6485847 6628802 7101361 6303680 6640491 6761540 6866636 6777652 6800565 6414319 6584006 6511824 6402940 6859625 6926410 6855657 6359791 6719004 6720892 6739937 6773915 7162140 6993462 7131543 6859654 6510409 6488175 7303461 6241000 7119847 6578352 6736262 7069379 6829420 6630351 6499389 6672366 6974803 6622206 6621082 6603527 6785223 6484861 7208848 6470742 6178444 6987315 6744020 6540266 6713062 6908741 6331302 6982617 6700273 6479173 6338704 6279065 6911063 6841812 6116577 6861329 6863479 6984421 7129631 6832021 7501132 7149476 6815201 6382918 6874626 6631694 6188134 6429791 7161180 7041652 6337530 6631909 6717572 6537779 7046408 6448037 6740173 6148481 6902476 6908178 6795354 6813636 6363680 6815375 6479307 6744680 6874795 6865428 6535035 6376948 6508554 6683909 6247275 6607060 6987173 6381011 6602754 
6562641 6549932 6236622 6328516 5938235 6145942 5923594 6307842 6306167 6368067 6114583 5892307 6112717 5614075 6106027 6298146 5982879 6554563 5966244 5944180 6681943 6357081 6372034 6168448 5923193 5983888 6005803 6354895 6300890 6707087 5975285 5855644 6435846 5958171 6040800 6516132 6342394 6275330 6562711 6258767 6361728 6446464 5999219 6272918 6311503 6347084 6031353 6459719 6411851 6199197 5878259 6760949 6388816 6244146 6132770 6659667 6167234 6426098 5855875 6290765 5900981 6463131 6066257 6265450 6322957 6169719 5712066 6157701 6303126 6307908 6218153 6213509 6586270 6730971 6219907 5918562 6237739 6307102 5943628 6828242 6512750 6401847 6485544 6502461 5949703 6331333 6323112 6398514 6081447 6442581 5973384 5956948 6563173 6016928 6509988 6310673 5895088 6409609 6123872 6388431 5712875 6490115 6548695 5978371 6191447 6515242 6509271 6179036 6191250 5944236 6216786 6288556 5859243 5951729 6079455 6238856 5972327 6242676 6120438 6281850 6741291 6259983 6181607 6546348 5886774 6432986 5660683 6097938 6591910 5974262 6554773 6143504 5957929 6444862 5814210 6529165 6077712 6733938 6580461 6515730 6286913 5812872 6243597 6221753 6139966 6738319 6304061 6189565 6735142 6531200 6022454 6552811 6105011 6270528 6172872 6582194 6329787 6065401 6343579 6762161 6361722 6165377 6385934 6153018 6131282 6098690 6457051 6226982 6322117 6361567 6039360 6577183 6071015 6236854 6427337 6412405 5415076 5875275 6320877 5992066 6365979 6069850 6033689 6102024 6376444 6280497 6181388 5840066 6455410 6384498 5839193 6588096 6900400 6421656 6727505 6044261 6257083 6762743 6199731 6448540 6728578 6133234 6371346 5981349 6233088 6256836 6296211 5838879 5867897 6017751 5695095 6424344 6021660 6496519 5987673 6066091 6188157 6420346 6408454 6350015 6186549 6674909 6444746 6033863 6253460 6601288 5912000 6413087 6237537 6042974 6316628 6586491 6113375 5946609 6411624 6607682 5971944 5967254 6108854 6246173 6120881 6627481 6296676 5767702 6650598 6341346 6082341 6337257 6401863 5753209 6418692 6114492 6073022 5977603 5899228 6642274 6210583 5836504 6572174 6420279 6632069 6620322 6463331 6742614 6362332 6312593 6444081 6288095 6440245 5640008 6188991 6655892 6783832 6003347 6404116 6275191 5977749 6284306 6171966 6159040 5752584 6383327 6523451 6190653 6165506 6348738 6265156 5877382 6424762 6325136 6296921 6100122 6164744 5862944 6392371 5969251 6265455 6401354 5948543 6193755 
6966308 6677556 6760755 6675650 6340231 6360610 6370548 6746222 6529025 6981085 6508773 6143020 6366878 5998636 6514271 6637906 6094161 6781646 6382674 6490524 7191677 6661042 6944726 6490504 6459775 6356125 6529245 6737172 6645663 7024415 6815737 6240168 6714103 6328691 6577985 7023933 6843365 6920053 6824111 6539509 7039551 6779960 6430991 6355133 6793157 6844660 6429775 6595625 6826131 6130530 6444544 7011032 6767678 6641651 6686173 6981562 6550928 6943424 6538936 6453933 6192249 6778093 6381530 6561374 6356018 6658764 6140294 6775387 6798066 6627032 6600379 6566303 6741826 7093775 6279817 6385113 6406173 6695244 6584241 7428955 6933362 6544794 6611168 6538735 6210637 6516578 6568745 6849549 6657620 6897264 6435445 6518997 6960520 6494423 6692743 6585601 6527109 6883917 6229798 6702093 6462904 6816713 7006037 6574199 6789010 6728793 6533954 6566945 6678456 6480185 6814569 6451765 6701548 6604427 6558721 6429450 6570846 6584948 6661262 7067605 7164845 6726169 6677288 6928841 6161428 6743437 5920034 6391110 7000709 6348338 6899778 6501991 6280467 6712621 6274010 6863752 6349153 6962387 6867553 6818616 6540916 6141422 6400082 6222448 6879379 7173648 6721707 6558411 6894714 6743003 6466527 7005300 6729341 6746461 6578631 7004635 6553310 6504425 6860480 6845622 6801409 6676186 6443867 6873894 6342574 6782013 6605635 6654614 6478557 6878356 6522344 7006791 6285654 6977298 7030612 6660417 6091254 6766563 6530848 6270664 6992467 6364354 6241535 6481876 6978271 6499949 6375270 6259335 6820322 6704784 5963210 6965307 7421104 6882281 6805495 6414490 6576613 7120782 6363626 7088915 7159478 6407016 6453101 6832208 6710517 6788955 6401961 6603571 6708958 6296739 6050920 7025182 6701023 6662023 6357552 6595859 6384116 7199592 7006076 6895593 6998271 6593605 6538316 6537760 6566873 7006397 6181231 6849975 6377329 6511318 6697979 6932700 6575659 6683165 6702958 6772675 6490233 6504158 6529760 6615648 6569353 6783763 6516062 5973098 7061540 6588671 6573102 6406652 6563846 6321513 6642088 6616135 6423023 6432712 6388163 6873195 6692653 6366285 6742442 6871361 7104878 7239556 6621929 7138572 6820679 7092946 6569932 6546898 6693463 6035699 6127793 7046687 7302315 6258648 6656480 6502797 6239933 6951377 6284095 6662593 6163605 6568788 6866500 6698729 6609475 6392360 6911425 6438192 6963975 6410758 6829765 6209414 6293949 6311767 6888818 6240021 6634908 7022732 6619381 6447648 
6404896 6286345 6221913 6524416 5969248 6419974 6095047 6239504 6542226 6500104 6177943 5740053 6324023 5727913 6042936 6299500 5929460 6310173 6026913 6295386 6760193 6234602 6410134 6200998 6106626 6137427 6392101 6281183 6767597 6347563 6190075 5877194 6182471 6092252 6185737 6896800 6485063 6202931 6522333 6353321 6612982 6335836 6252662 6222696 6613163 6617151 5935753 6500765 6750988 6234079 5940702 6800740 6277716 6289959 6207883 6607213 6178464 6659062 6020894 6441909 5839395 6322343 5945552 6261977 6190484 6426116 5680327 6191148 6194006 6407960 5999430 6428513 6539643 6648791 6159577 6110805 6418291 6577276 5902917 7010749 6547937 6548675 6364925 6334080 5829987 6451637 6427862 6514733 6376356 6558090 6137189 5869775 6351407 6283753 6221835 6480912 6305310 6389586 6080129 6408285 5907156 6453355 6780066 6237169 6076604 6516736 6182521 6073707 6248732 6083089 6423571 6317126 6322787 5926786 6154308 6005871 6142481 6273235 6373321 6462351 6638204 6384082 6063696 6501384 5886175 6380911 5648640 5980993 6476143 5875533 6520462 5925878 6076221 6177203 6071609 6492823 6158502 6488815 6875727 6329341 6145619 5909122 6319332 6117151 6305094 6891124 6353813 6361733 6635034 6608019 5922449 6725827 6067944 6513527 6474875 6408085 6297046 6445049 6417270 6293065 6272039 6193163 6479999 6424536 6078523 6339569 6354281 6157059 6246088 6366499 6082443 6664098 6285146 6534831 6139112 6429895 5682636 6378576 6170154 6169786 6791165 6048152 6046221 6240305 6616078 6334993 6138656 5683763 6259040 6295762 5646659 6806845 7053928 6605788 6763137 6012236 6504034 6612098 5991637 6595386 6622882 6092243 6102933 6185392 6593443 6527892 6225338 5754435 5934661 6070807 5781602 6610261 6429372 6350339 6057593 6154411 6301831 6452390 6309302 6523748 6711466 6558931 6488218 6364964 6043886 6494928 5710964 6618580 6012037 6456016 6510917 6825898 6164496 5883447 6360424 6406762 6128673 6184148 6377477 6348594 6047270 6707145 6524706 5604383 6704407 6712336 6338255 6347828 6276374 6043441 6247486 6229012 6275941 6191025 5986706 6253817 6259617 5924773 6701747 6581867 6450940 6628485 6351258 6809914 6443681 6347142 6084967 6435184 6245883 5599513 6081015 6997330 6674533 6003943 6242259 6570802 6103499 6488019 6199867 6444293 5685706 6299084 6450561 6289019 6199901 5949741 6306755 6078587 6459390 6374370 6330329 6275160 6072460 6037691 6505201 6023605 6355973 6630389 6012828 6107605 
6776383 6435928 6660613 6722516 6143851 6456805 6373146 6592809 6421488 6426749 6445234 5800836 6723227 5863014 6294867 6527892 6221357 6486391 6233299 6561031 6742595 6664553 6809063 6443045 6354300 6344391 6505641 6610101 6859635 6936023 6406067 6235119 6579673 6348763 6210805 7060598 6725725 6483104 6591269 6404940 6620513 6536742 6458024 6612216 6760946 6813313 6235336 6723117 6867608 6433239 6306606 6919413 6567308 6670904 6356497 7027683 6329862 6793208 6475738 6553056 6111109 6613176 6362964 6391925 6395311 6447748 6196284 6195921 6698649 6484956 6791261 6689861 6951012 6917078 6395777 6353099 6590363 6587361 6390146 7055088 6915793 7023731 6663017 6755548 6020430 6567418 6463063 6958056 6306289 6827654 6079816 6463699 6521506 6285212 6631173 6439061 6362344 6686253 6414477 6907358 6365388 6863681 6669665 6496774 6387207 6988292 6688264 6155325 6430968 6177311 6659661 6369974 6513941 6110848 6561803 6386164 6556156 6697705 6509723 6646842 6967602 6849982 6413969 6722035 6476211 6641067 5886585 6030586 6822776 5989088 6887647 6404003 6130269 6777396 6331980 6623200 6668503 6992477 6919777 6445943 6615120 5887053 6451923 6549615 6222996 7051794 6374304 6495549 7003149 6761194 6067403 6894990 6615923 6502994 6311183 6757945 6585743 6200872 6997129 6809377 6717966 6342659 6597542 6625292 6373093 6362003 6606766 6579494 6454765 6481392 6401814 6871725 6348236 6744965 6775782 6794345 5927094 6242418 6494596 6304699 6764250 6406942 6073894 6351078 6887428 6644084 6187171 5884351 6391787 6608715 6153201 6924125 7037302 6684779 6762137 6174570 6599000 7077639 6196596 6788977 7031770 6196089 6604783 6331134 6837834 6286163 6233385 6228994 6233800 6242778 5913362 6537102 6493873 6865804 6358057 6488849 6348911 6688264 6289549 6776130 6707967 6883721 6606166 6294298 6335609 7032416 6284665 6865419 6169792 6631898 6594783 6764410 6647439 6267381 6560684 6841321 6095510 6256011 6422093 6472964 6157061 7013884 6180530 6107699 6619155 6503711 6457489 6331824 6767668 6068096 6384109 6525101 6370233 6371011 6299744 6922656 6701320 6157668 6637204 6764080 6736657 6729146 6683261 6748870 6882033 6855187 6428909 6511916 6564867 5806467 6221498 7213069 7211627 6140154 6441406 6495467 6102351 6674775 6364584 6610117 5787347 6498747 6595425 6548030 6345816 6391753 6460145 6162224 6503044 6264628 6369759 6286902 6298933 6293386 6485283 5934505 6323631 6902277 6375112 6666480 
6816280 6477865 6571950 6304220 6196323 6256791 6244948 6495282 6669262 6957411 6529375 5985459 6400710 5735149 6497469 6267644 6445812 6563713 6272718 6219393 7118027 6357171 6703401 6598927 6312066 6209256 6438315 6350748 6593761 6928135 6537382 6416275 6686438 6179926 6164680 7147501 6670893 6566705 6643492 6349607 6674686 6639309 6503355 6072762 6974482 6885590 6325823 6587914 6687405 6139395 6548618 6971589 6880782 6350641 6229446 6824888 6274701 6622023 6318396 6330006 6145536 6574761 6454476 6257146 6234066 6637557 6072069 6303533 6383828 6738940 6273253 6372271 6721552 7224697 6537144 6326432 6551375 6656749 6275312 7057569 7186113 7140836 6405084 6510856 6016604 6531794 6477634 6848799 6192911 6676075 6526506 6431529 6610693 6557901 6624414 6636730 6481767 6763413 6175108 6629345 6186852 6768373 6815949 6418764 6616964 6490996 6551990 6375641 6452062 6397283 6645960 6429784 6615596 6343234 6693170 6501741 6535983 6413978 6446517 6702288 7220895 6530053 6614183 6790082 6204085 6916442 6072941 5975402 6970060 6523174 6594909 6421699 5945186 6608152 6124427 6861507 6538231 6903502 6705754 6848828 6573274 5914147 6677479 6247099 6470207 7078731 6553786 6383061 6886948 6880306 6323566 6606814 6715292 6408675 6833269 6897729 6735767 6593448 7013691 6853577 6597358 6501936 6354999 6733904 6203172 6331112 6544803 6428453 6361058 6837458 6685185 6821572 6375502 6851142 6803431 6589315 6083921 6335368 6345793 6213282 6692598 6260323 5984839 6488541 6725433 6487081 6598918 5997104 6511332 6632007 6077556 6944828 6978874 6952319 6980373 6310455 6402329 6865642 6149886 6586688 6972158 6387014 6615808 6572653 6544019 6606995 6591198 6015466 6249494 6063795 5655528 6661049 6415878 6534530 6338037 6101180 6475305 6765363 6731502 6789128 6723994 6821491 6659845 6695040 6665126 6918192 6032180 6901336 6399374 6479764 6733968 6769120 6536167 5995306 6571616 6668401 6584716 6374137 6371478 6418081 6740029 6667289 6331899 5712958 6870332 6332201 6291424 6332232 6272149 6031552 6339669 6574759 6112824 6144048 6489588 6628133 6373460 6188682 6577909 6872199 6835558 6968018 6480523 6832449 6772049 6810242 6349318 6488931 6377199 6078347 5992284 7055425 6812735 6126075 6520969 6560173 6556489 6487427 6226393 6758409 6083834 6714816 6601562 6650175 6430288 6389204 6675381 6164507 6388330 6475635 6633357 6382564 6111889 6549376 6775789 6291560 6654877 6733823 6543936 6700927 
6312772 6010037 6760320 6565917 6301507 5966166 6080983 6545538 6492513 6529337 6508100 5988877 6243332 5905458 6171866 6086845 6201897 6458224 6114393 6356633 6702535 6403576 6490608 6322740 6068280 6001778 6410448 6265304 6469425 6723405 6143106 6155452 6346740 5817736 6046318 7132363 6621694 6428011 6447834 6074008 6645473 6521368 6202582 6220446 6585879 6569015 5979128 6720539 6408934 6143865 6239963 6761397 6448248 6515490 6205341 6803523 6132423 6270305 6241489 6239592 5769173 6450400 6175289 6185371 6392704 6465760 6018287 6351286 6556320 6515454 6407824 6722752 6753690 6688746 6151951 6291277 6148344 6459853 6069203 7152117 6644860 6585260 6423625 5992340 5992807 6548817 6590113 6772198 6091324 6488612 5880823 6017574 6757605 6220162 6365653 6009434 6135210 6576885 6201253 6410388 6077567 6458093 6463298 6376155 6499779 6528297 6459961 6120070 6169358 6027054 6569763 6049532 6404913 6245415 6258254 6264661 6202825 6417345 6427805 6588240 6752843 6452754 6274707 6442546 5844243 6432461 5619205 5718150 6975593 5861859 6640679 6519610 5939465 6429125 5912789 6633200 6086418 6289403 6921455 6119041 6345760 5690000 5968755 6257241 6104435 6942712 6306785 6301792 6731712 6356996 6137314 6469401 6317840 6093491 6309676 6524001 6402620 5896155 6459507 6700997 6561285 6075434 5850353 6314042 6295998 6146966 6663543 6348960 6115738 6199905 6075174 6677339 6046209 6558317 6377303 6526240 5608322 6220756 6264125 6073308 6801142 5944333 5961593 5904909 6633411 6128645 6148789 5887742 6028230 6292193 6107141 6645132 7144803 6612573 6362101 6062518 6262731 6473964 6017731 6320768 6983667 5863899 6236493 6153861 6491721 6537209 6067604 5921748 6260602 5702615 6028347 6441664 6474665 6580370 6074866 6221016 6136603 6361796 6533424 6444443 6440887 6307945 6666117 6197075 6111705 6674447 6339955 6584916 6162144 6240651 6529364 6788403 6486044 6168353 6156226 6399326 6000093 6286835 6178726 6350586 6428085 6725457 5965094 5873415 6490051 6426545 6064351 6153254 6316217 5788309 6422291 6252619 6004213 5741881 6115089 6799498 6373670 5941883 6192773 6494956 6693637 6858771 6140086 6684326 6552405 6739005 6263840 6489938 6372274 5580262 5883542 6826988 6716814 6020668 6223986 6209638 6263303 6723559 6137987 6318205 5730371 6529131 6519772 6420688 6300094 6025025 6372544 5893346 6431464 6028988 6525923 6328451 5795914 6228693 6519860 5948438 6206459 6539384 6394468 6294945 
6855502 6590422 6765839 6951539 6192294 6568509 6233808 6603063 6773246 6898445 6642395 5981733 6412853 6156168 6524309 6656182 6612526 6474367 6206741 6578875 6903001 6628388 6823736 6681706 6184856 6533630 6366869 6448872 6879601 7036429 6247489 6270066 6809410 6374116 6423269 7130547 7127885 6389738 6693158 6516164 6603495 6912195 6278700 6878648 7097308 7003516 6360090 7014910 6988088 6358101 6481953 6863683 6673853 6368155 6429652 7095060 6364418 6824109 6646779 6552914 6091266 6526044 6500660 6563094 6732657 6632968 5988738 6541357 6661570 6656187 6667239 6636739 6996925 7171642 6680095 6305291 6676403 6764025 6391135 7187613 6632772 6867273 6689862 6696794 6244537 6984583 6733379 7071384 6359964 6715028 6165400 6462054 7035759 6453369 6791475 6747044 6325799 6820626 6802075 6837187 6318344 6918604 6967207 6729861 6747560 6674583 6704834 6517184 6535462 6452747 6708826 6695792 6677987 6499451 6793527 6539774 6713415 6701962 6677918 6653062 7162773 6715474 6542039 6703472 6382795 6956965 6044832 6207620 7047666 6218644 7027943 6534234 6539300 6801143 6389527 6938991 6537699 6732206 6862959 6652060 6553484 6328393 6386533 6382849 6570869 7229142 6664105 6516296 7043552 6880599 6588468 7024793 6415735 6733209 6573147 7011401 6619814 6795242 6796621 7012043 6932437 6701435 6828914 6894677 6253774 6506802 6698028 6537936 6619646 6734973 6698572 7111015 6506978 6705453 6785797 6621788 6246944 6394421 6523679 6326519 7103991 6275671 6559738 6641808 6920903 6387028 6267389 6198244 6681075 6568404 6019378 6947449 7131282 6830047 7016452 6514266 6637391 7024736 6170462 6971102 7052639 6386922 6710181 6763990 6879423 6555991 6374399 6213395 6345988 6146491 5925082 6838931 6440772 6698255 6367565 6420463 6638447 6840360 6730632 6709415 6750892 6991102 6754650 6285322 6574941 6755113 6281759 6911084 6526821 6704105 6772625 7051868 6756594 6161564 6722502 6832427 6526672 6597035 6531597 6504823 6638003 7095629 6752727 6079061 7083940 6489843 6389097 6485929 6876120 6343614 6670391 6589854 6401844 6265049 6389860 6915318 6389626 6212393 6764061 6926207 7193283 7004398 6665358 7000326 6763020 6965453 6582030 6544234 6719605 5921159 6335234 7363066 7148605 6407593 6966650 6763535 6435177 6963813 6749529 6795462 5860239 6638609 6856008 6592209 6448300 6220913 6834978 6099792 6692486 6600690 6691079 6375819 6262998 6389624 6746764 6159934 6632182 6871378 6277214 6276362 
7057514 6586642 6221752 6395869 6152930 6495418 6291527 6473501 6643396 6566049 6427718 5997180 6173970 5606562 6333492 6389816 6254997 6630194 6373545 6469964 6895410 6682067 6678818 6422860 6275796 6323767 6440308 6549297 6677318 6778138 6112420 6097099 6789115 6273433 6440948 6768100 6881779 6430535 6541192 6463164 6353091 6540824 6241142 6304822 6563442 6987868 6099507 6481191 6916013 6097450 6463246 7029150 6643575 6702875 6197400 6704979 6289520 6841385 6329822 6400192 6139213 6467753 6554950 6409980 6385784 6345743 6070484 6479324 6388166 6682826 6584984 6638123 6952496 6873803 6505121 6211399 6355842 6738277 6247014 7084871 6862362 6780691 6286973 6395464 6183587 6399667 6599229 6698969 6243144 6814562 6403195 6309777 6650763 6158993 6449777 6602285 6633767 6626712 6592881 6597286 6087142 6852543 6726726 6382211 6471944 6530313 6492421 6244055 6524791 6149312 6524054 6297185 6459442 6260938 6515198 6250616 6695511 6607587 6323912 6663481 6904559 6580081 6575166 6476354 6201127 6537746 5655550 6254515 6779523 6094471 6874768 6273297 6093660 6740296 5979654 6762040 6476566 6870604 6556308 6670936 6538890 6138207 6496636 6331508 6606890 7072037 6546316 6381828 6699231 6877764 6366299 6785131 6416990 6588085 6378145 6937957 6578275 6340064 6767892 6882304 6778188 6344469 6436967 6600809 6279879 6341758 6618524 6639041 6377955 6800339 6337706 6692662 6351856 6912993 6637856 6603241 6103429 6366088 6353577 6299080 6627995 6301492 6222057 6239889 6562734 6486872 6667516 6120419 6693816 6548309 6064900 6924308 6962888 6811962 6808182 6309997 6301499 7057789 6185867 6676797 6839646 6315899 6691250 6550911 6657111 6636384 6446901 6100658 5990099 6316990 5913518 6704568 6402165 6487520 6126701 6409763 6334395 6592034 6547389 6515071 6850616 6687123 6775498 6386365 6303227 6942999 6166442 6623304 6290460 6542489 6706618 6773643 6454416 6165530 6563482 6742034 6154128 6382671 6267793 6530195 6232873 6930551 6222438 5986961 6649737 6898795 6362670 6414521 6770672 6067600 6401309 6492613 6237435 6309255 6149212 6569120 6401600 6135831 6727584 6878375 6809749 6845720 6596766 6900134 6696394 6761019 6554255 6429587 6715213 5920941 6081158 6817563 7020621 6156889 6629459 6667239 6436019 6823082 6283041 6420695 6061314 6473976 6856555 6696429 6252140 6457911 6786824 6387121 6579348 6277794 6559129 6455852 6196035 6219444 6418310 6008055 6430041 6567947 6280333 6541439 
6384374 6383335 6230526 6077311 5902168 6464515 6201470 6353918 6409154 6777757 6202738 5879788 6027454 5782167 6219344 6146150 6236195 6721575 6201741 6271189 6915716 6489713 6539515 6270213 6080765 6004060 6211218 6614231 6629777 6575135 6165249 6012242 6267043 6159059 6285513 6812025 6564589 6140197 6364979 6394276 6591194 6672083 6149421 6238192 6594422 6749284 6242851 6544527 6502972 6109607 6369398 6737874 6457180 6369069 6277325 6767276 6429448 6472698 6059694 6397956 5874326 6243046 6352438 6099589 6341011 6330849 5885676 6243817 6544048 6437534 6482324 6408499 6800640 6877977 6063643 6359222 6217046 6478654 6063686 7016046 6605020 6723964 6266714 6249092 5826976 6428254 6274698 6803101 6289556 6630071 6096233 6012845 6444333 6265856 6352231 6391364 6093302 6642749 6150695 6475715 6198267 6634228 6342758 6309643 6276538 6721741 6167690 5984348 6336808 6067263 6403340 6321946 6373806 6051527 6298154 5995953 6428014 6493952 6342484 6449163 6772983 6433098 6111085 6482513 6074215 6504772 5834400 5842222 6823344 5954690 6509682 6323477 6019786 6513031 6224155 6357948 6361696 6591264 6559414 6403461 6478815 5935741 6447791 6263614 6323574 7114534 6341837 6116724 6772313 6564456 6268761 6568453 6455887 6193763 6336179 6509333 6375014 6171715 6596024 6590879 6556207 6110810 6285660 6370004 6109684 6334999 6478625 6397862 6346956 6213818 6489662 6759208 6250860 6796987 6367922 6656323 6029678 6138895 6416955 6383233 6485216 5901464 6069004 6377217 6733603 6295327 6282410 5909571 6157835 6462670 5936355 6886366 6916798 6666089 6720191 6261509 6394603 6646474 5990929 6648815 6789050 5989628 6321519 6196696 6438440 6371623 6348053 5844750 6034774 5793996 5727097 6645170 6482012 6681750 5941712 6196684 6278302 6395771 6631357 6570389 6504091 6597378 6325742 5960181 6102290 6714698 5971256 6608925 6482081 6342660 6623362 6406777 6336788 5779654 6419220 6777340 6250654 6135701 6212232 6139660 6250604 6762515 6171766 5918949 6895435 6247467 6324133 6020725 6421054 6038902 6326178 6208306 5894962 5983777 6129997 6495548 6481211 5571479 6607901 6698635 6875451 6710387 6419615 6885126 6552643 6695610 6265461 6236238 6318473 5827491 6017758 6870971 6922316 5956584 6406631 6583124 6281491 6513161 6177058 6614172 5823155 6165772 6688647 6595342 6174726 5964929 6455317 6108336 6651557 6106744 6456295 6399671 6078215 6091577 6359793 5932598 6419929 6602972 6395792 6240408 
6181902 6096458 6123714 6235264 5802739 6197215 5858111 6452294 6192358 6249578 6054145 5685005 5932332 5711826 5988453 6150073 5751362 6312990 5931382 6107628 6647262 6165932 6192782 6431659 5898039 5967860 6226859 6123227 6423156 6405792 6034410 5763054 6315108 5624303 5916841 6631514 6326907 6135437 6489062 6049344 6267975 6346784 5886724 6301350 6528771 6412016 6081259 6367421 6442455 5943942 5989919 6664618 6312653 6177433 6006499 6539202 5998124 6248142 6020478 6237342 5824096 6063373 5933624 6079135 6070532 6179893 5659252 5948406 6167115 6281947 6008854 6388513 6372064 6480739 6159556 5853624 6096022 6288297 5933836 6888286 6670461 6490145 6236770 6015094 5878586 6099334 6015527 6529146 6147490 6330164 6036436 6224030 6498001 5897895 6144096 6151177 5864880 6247545 6155467 6027211 5777785 6466627 6398036 6226186 6319961 6391943 6189713 5967160 5997216 5946079 6361368 5815506 6272971 5881277 6242624 6135784 6162904 6165836 6197408 6087809 6704402 6028547 5808560 6420373 5809816 6379799 5505493 5340827 6530051 5737411 6453895 6027120 5928354 6269821 5838073 6483723 6088420 6506415 6680661 6316817 6277551 5903399 6035037 6031349 5819473 6651934 6060708 6160056 6398618 6401605 6188285 6378654 6191335 6268225 6318649 6360208 6309098 6162739 6585693 6476169 6292452 6303000 6418089 6139754 5858842 6212617 6082955 6315200 6193878 6318000 5987491 6455771 5937219 6465594 6305945 6340198 5578758 5961170 6166724 5940965 6441883 6045479 6046625 5871424 6555495 6316002 6286124 5723990 6230434 6148835 5848265 6513564 6983775 6668676 6449175 6150082 6402302 6473310 5810843 6569532 6589065 5903102 5895515 6271831 6444511 6419382 5971194 5937066 6046980 6010589 5592533 6348263 5784938 6340230 6201562 6320819 6176988 6345355 6196798 6105479 6292880 6369821 6427927 6039609 6133964 6554218 5817765 6171338 6038741 6186097 6366132 6450752 6039782 5763002 6393740 6232050 6015496 5983224 6031779 6164971 6046345 6732966 6325352 5770243 6438521 6277309 6209768 5941171 6470070 5765824 6372512 6250377 5781984 5793547 5915595 6341529 6319354 5912246 6184568 6400380 6263004 6695047 6284906 6381039 6136699 6451650 6189130 6217322 6016594 5749957 5796274 6826166 6588791 5712454 6234115 6343235 5860951 6585593 6126712 6138695 5397927 5895039 6460609 6203039 6096749 6104139 6299088 5829204 6017344 5841517 6291972 6085026 6019267 6004674 6221896 5938400 6257762 6576096 6114066 6173812 
6641423 6226791 6573232 6333513 6044009 6019248 6240733 6426444 6490145 6724435 6401193 5987147 6435826 5860652 6237126 6274837 6381135 6235918 5945456 6181638 6877179 6183539 6264322 6219647 5970344 6139254 6277512 6190360 6407242 6638542 6275815 5869382 6462698 6130118 6324427 6982004 6518615 6314501 6497170 6437859 6615285 6676023 6509634 6246315 6570469 6711750 6085996 6496863 6702680 6010646 6311768 6761443 6473375 6441786 6339920 6861477 6370410 6473052 6020473 6187123 6070101 6375376 6093278 6546635 6430888 6503692 5987777 6373927 6500834 6311783 6153330 6514219 6703753 7135062 6360097 6105472 6648898 6493633 5819573 7087848 6543127 6762468 6548808 6198730 6264518 6713010 6518377 6663789 6196496 6638924 6132384 6054573 6594925 6194098 6383167 6356003 6088029 6392468 6124465 6672329 6319031 6686833 6576407 6389910 6534754 6699547 6255082 6242162 6352779 6278922 6540189 6316555 6379820 6191061 6395041 6340691 6417634 6345126 6532589 6506052 6806453 6495415 6396051 6436964 6439201 6629391 5546074 5928678 6842412 6012154 6505293 6273453 6088657 6446345 5938774 6794845 6466396 6564120 6830803 6494540 6292024 5971273 6345183 6190434 6033611 6897212 6643809 6373420 6822533 6736362 6141052 6623131 6344510 6238637 6298740 6645900 6403747 6268211 6706501 6778372 6428016 6417449 6093146 6331674 6279164 6169577 6319599 6304643 6401625 6371695 6275790 6540729 6144524 6599274 6502329 6573107 5912120 6364243 6229336 6355690 6590018 6065462 6113434 6346805 6912478 6286298 6207103 5641845 6356537 6321758 5796875 6875914 7291292 6598514 6420523 5953389 6563835 6591229 6125160 6574482 6983737 5974720 6194502 6478488 6472398 6267830 6381794 6171048 6155210 5930589 5868844 6432595 6238583 6517165 6376955 6246917 6123997 6649673 6628846 6546718 6424701 6489764 6737038 6316674 6186577 6978383 6104271 6730097 6043946 6264444 6504556 6801035 6494858 6033826 6429459 6304091 6099915 6047502 6631717 6122412 6022442 6585786 6321881 5556828 6564966 6152203 6413772 6047437 6304521 6020501 6197484 6236927 6279331 6061817 6239146 6307151 6481919 6138640 6426675 6629925 6667993 6824663 6249208 6925959 6607468 6585433 6459027 6149832 6197471 5756538 5843825 7039119 6771781 6148791 6245720 6213829 6171024 6621688 6433800 6320079 6068046 6245212 6612867 6315921 6324283 6216994 6766078 5925613 6103247 6390118 6667562 6010326 6096734 6375828 6479202 6285415 6051293 6545612 6228060 6193471 
6255822 6324229 6078450 6055342 5854956 6034405 6108032 6202847 6333300 6325278 6030596 5631642 6024017 5621640 6095985 6188418 5959586 6440397 6012406 6045016 6682722 6282086 6262626 6094960 6050248 6049881 6016591 6353045 6577425 6457078 5895752 6004516 6565315 6074003 6125535 6519725 6410465 6283567 6482361 6152873 6231748 6104503 6134112 6023145 6536932 6587390 6105892 6339726 6434588 5856874 6096701 6791295 6379705 6467002 6029826 6567635 6103519 6349304 5806989 6342923 5936843 6292045 6154982 6012478 5909209 6232247 5755780 6114341 6434845 6444293 6325221 6278780 6030910 6276905 6237417 5653686 6083745 6195343 6096073 6677714 6577012 6718185 6455554 6330767 5748410 6255006 6299276 6708840 5790143 6484888 5964570 6104928 6577875 6280066 6158810 6080590 6086767 6497109 5986148 6345605 5893110 6474401 6424204 5861362 6283975 6415578 6299930 6031945 5948365 5919669 6295400 6058277 6301844 5988057 6098116 6000652 6405732 6359634 6364044 6285219 6842719 6396213 6083028 6391954 5864397 6770446 5783197 5815824 6675649 5861558 6511129 6252168 5858690 6300845 6040736 6603824 6072321 6350894 6772795 6595266 6368796 5615971 5899669 6049316 5928468 6531310 6101024 5953879 6604695 6679866 6242889 6562188 6397803 6137985 6271082 6665355 6255935 6085304 6574317 6472602 6350482 6088603 6264643 6066142 6149482 6062167 6100968 6532645 6116319 6595372 6114913 6652341 5999142 6519317 6273092 6145408 5699936 6092729 6131826 5827693 6658419 6169083 5832487 6195351 6511335 6194066 6204513 5634781 6397368 6488089 6049097 6527822 6733724 6600636 6474434 5977977 6029233 6393101 5850757 6480817 6539542 5845656 6137322 6043511 6295441 6095136 6346929 5895567 5937168 5980583 5582717 6263371 6044613 6341422 6089516 6000178 6116672 6238473 6440662 6394936 6482514 6552491 6469628 6186364 6023652 6659573 5833005 6406341 6011239 6339504 6052018 6479283 6270807 5962757 6485771 6464728 6034530 6049146 6119806 6238444 6010086 6562598 6230928 5740668 6334054 6031929 5970702 5924369 6269791 6006598 6216521 6403277 6086787 6075151 6038919 6551574 6558512 5895791 6525046 6231877 6688578 6688142 6068642 6578630 6238045 6646790 6224344 6226123 6279508 5647559 5768125 6374167 6413626 5675978 6084837 6313670 5771684 6778667 5950342 6368049 5628606 6259900 6338907 6280939 6271373 5890611 6145964 6121200 6496931 6124167 6159318 6067944 6074572 6067476 6676367 5704265 6373790 6789148 6042434 6104882 
6811342 6486239 6348377 6458198 6274339 6629840 6070948 6791551 6453630 6643217 6434261 5941177 6569231 5886615 6445156 6711592 6351829 6922314 6206144 6390256 6854450 6332269 6733419 6334157 6358801 6246571 6522859 6770971 6616517 6876383 6472202 6239751 6483535 6464906 6103536 6926666 6677261 6637862 6584628 6313800 6564912 6689314 6298537 6702602 6885587 6755731 6538254 6789631 6793612 6429751 6253652 6954834 6789392 6583809 6571843 6885500 6380179 6656302 6339927 6541378 6187676 6627911 6121858 6446866 6429552 6828209 5827516 6570880 6695929 6702955 6472417 6443801 6932606 6980171 6279390 6048705 6300954 6765841 6193422 7103861 6870314 7156730 6644440 6627094 6122298 6429003 6471806 7020444 6296421 6813175 6239938 6343660 6754459 6490601 6474203 6579195 6395166 6989262 6340778 6525578 6104745 7011171 6838863 6572814 6621648 6766557 6663792 6199798 6318286 6353059 6534553 6108082 6459655 6405193 6480083 6584884 6395371 6528128 6441040 6789627 7030822 6546694 6703141 6735817 6359024 6689058 5925637 6046571 6939065 6009061 7041612 6506754 6328292 6621385 6110794 6740044 6517389 7088586 6740323 6781863 6501729 6122124 6471680 6462814 6661813 7062362 6416708 6446151 6607236 6727236 6171912 6941023 6809613 6578962 6319084 6884718 6708585 6262034 6757878 6593095 6747818 6295517 6447790 6918471 6120988 6478784 6527245 6307584 6496316 6549319 6566839 6934947 6478448 6723545 6710480 6767742 6023804 6394300 6427479 6281503 6938705 6303231 6093480 6429041 6809001 6835318 6359543 6102865 6251639 6881986 6319484 6868858 7345585 6807343 6857466 6298437 6657386 7065549 6044510 6932144 6942909 6309171 6789870 6723274 6467639 6358844 6501578 5957638 6215932 6197362 6209517 6503962 6633846 6642031 6182185 6339858 6643506 6537723 6558024 6510803 6744220 6507207 6631908 6213725 6443597 7098005 6032975 6852562 6286107 6488633 6801480 6998554 6615897 6503334 6558692 6697902 6324422 6286949 6671346 6326851 6620148 6825382 6168487 6026175 6632126 6569585 6272608 6565409 6501980 6222334 6669847 6544047 6287969 6331976 6458763 6803095 6673211 6319333 6633047 6677080 6764013 6843248 6631245 7185834 6682222 6791168 6475530 6453494 6605367 5880433 6187539 6889281 6957873 6193245 6465297 6584597 6210301 6781376 6308397 6611130 6111059 6500353 6799776 6546023 6398244 6330267 6664610 6206472 6569885 6345623 6523750 6446255 6239879 6189923 6801032 6250565 6677231 6603122 6532081 6720121 
6465104 6206394 6258204 6324822 6085108 6207950 6248838 6305719 6263083 6600601 6300313 5693268 5953046 5617991 5841862 6172679 5723328 6212725 6035174 6176407 6829732 6151378 6295075 6016204 6060300 5889130 5995969 6401440 6644946 6481326 6197041 5959110 6382030 6035065 6142616 6572433 6434913 6116330 6576779 6249429 6300134 6246079 5864843 6134229 6680625 6493685 5899908 6269206 6125903 6079009 6336931 6834298 6162478 6161080 5988752 6724109 5910095 6322741 6098097 6220446 5862811 6409892 6154333 6159077 6168578 6319558 5904659 6427367 6295733 6187494 6467103 6470395 6395850 6879639 6162935 5924431 6113181 6271943 5960935 6747380 6431137 6513706 6175731 6184033 6012906 6319223 6097009 6447795 6018680 6511484 5836635 6174347 6243099 6355970 6392260 6544830 6005469 6520328 6071218 6216053 5865392 6453629 6477170 6206932 6343434 6130620 6125768 6094085 6083645 6023487 6283017 6045603 6381979 6004678 6180572 6094000 6124170 6198255 6303066 6341320 6494564 6348105 6251546 6340808 6067777 6293659 5638013 6034408 6484166 5835174 6416623 6323789 5994334 6461069 6079723 6511511 6045912 6592442 6533641 6294996 6223439 6137843 6184670 6142860 6410225 6871774 6222070 5982356 6767564 6351598 5837641 6473038 6386743 6222106 6485421 6491940 6316679 6331120 6643275 6347238 6482016 6266307 6240969 6300017 5997402 6195666 6000878 6165429 6168185 6304640 6079504 6496212 6141252 6510804 6400179 6303191 5605849 6113401 6218297 6172372 6601613 6123115 6019228 5985422 6444548 6139244 6093510 6094372 6251226 6491769 5971047 6572912 6822486 6637165 6490896 6216809 6003720 6648571 6141446 6475596 6966759 5940235 6209575 6108811 6340340 6341247 6144433 5881419 5902355 5869344 5770699 6267787 6215960 6510222 6044404 6063428 6403896 6324561 6335633 6403492 6588359 6447725 6187687 5982820 5993304 6264503 5871351 6650639 6150271 6286092 6423198 6694936 6126536 5902270 6219982 6394778 6019925 5964808 6261562 6004048 6057662 6618370 6366347 5558088 6435210 6481298 6334416 6116400 6352010 5903223 6471099 6216478 6135310 5864433 6191174 6287276 6083623 5957783 6594724 6575219 6486288 6597342 6135961 6716146 6188144 6542701 6598918 6290052 5987233 5507203 5719031 6929292 6737439 5524411 6085172 6274630 6128992 6508019 5982470 6238285 5593891 6289613 6534621 6298065 6257395 6007553 6556659 6123050 6331655 5919931 6470243 6321650 5966094 6177911 6488634 5898374 6115242 6419488 6125328 6276726 
6883295 6414983 6564660 6452462 6344521 6382254 6260085 6548957 6779324 6843277 6537905 6033184 6552254 6037811 6378836 6659671 6462143 6728823 6554186 6637323 7017246 6581412 6757209 6560869 6276949 6309430 6572048 6707976 6695795 6808436 6560312 6217588 6801949 6672986 6417846 7103734 6767777 6494126 7116129 6434321 7100975 6523719 6658902 6690104 6992089 6955653 6466420 6644471 6848042 6378339 6271255 6978740 6902212 6758478 6350901 6907082 6447066 6842899 6413829 6550613 5905895 6598280 6577362 6506180 6514372 6616811 6324706 6479662 6886866 6628406 6783296 6731668 7091704 6798987 6296207 6527867 6565715 6774027 6474313 7312508 6818643 6914844 6733927 6411722 6348118 6596171 6514241 6913188 6335447 6784969 6158716 6539708 6956477 6582225 6546979 6841399 6210341 6986739 6428285 6595302 6256755 6800155 6828556 6514475 6699517 6805530 6637719 6404130 6629498 6625384 6828214 6619383 6591446 6672709 6517427 6447169 6507490 6535821 6533811 6669932 6982308 6633732 6559924 6738407 6530652 6755278 5888633 6106096 6791927 6291369 6700344 6613189 5992279 6621543 6253758 6673159 6296728 6777386 6874781 6765799 6614560 6398391 6565466 6793508 6494349 6992360 6690926 6402507 6906902 6898486 6356214 7057498 6667084 6829148 6823873 7066203 6569299 6450952 6842122 6868490 6881092 6785527 6747990 6430400 6314645 6408845 6402224 6592896 6456816 6830416 6623681 6892806 6318869 6884394 6636727 6939300 5999978 6376600 6373993 6464691 6889867 6216406 6423336 6485578 6919861 6669868 6602297 6413041 6566974 6738916 6223598 6960225 7361845 7129372 6953481 6527229 6581684 6995404 6429903 6758360 7190204 6521349 6821247 6672227 6651957 6774008 6626489 6133517 6344670 6492418 6265407 6797734 6527957 6815701 6501098 6186702 6412879 6874626 6555623 6647982 6873659 6865269 6743489 6459991 6705407 7107851 6026388 6678492 6442246 6607825 6691172 7158836 6370254 6354134 6527818 6914695 6160440 6440650 6487662 6595092 6675281 6991325 6248165 5885624 7021518 6808584 6392700 6442697 6820048 6257938 6791915 6386718 6369503 6329797 6406184 6638198 6656710 6131724 6736286 6766495 6749084 6834075 6838624 7003556 6633812 6674082 6618941 6529319 6917586 5844088 6387926 7111837 7076642 6423698 6697893 6767871 6417043 6703246 6550634 6709953 6254825 6684601 7290735 6580242 6549413 6620787 6850772 6350143 6887399 6478831 6555947 6577906 6377564 6386481 6586743 6202262 6706379 6765169 6579345 6445212 
6902848 6559729 6317989 6465064 6414589 6656404 6292061 6553073 6766955 6656182 6671953 5841218 6488076 5952895 6043112 6663470 6348613 6469642 6344456 6353057 7001906 6485253 6613962 6579770 6148280 6466830 6315267 6518636 6748846 6753587 6411121 6178385 6636704 6486344 6286696 6930146 6756034 6420406 6664850 6535673 6768904 6589202 6368700 6739638 6983485 6808068 6389630 6540790 7013416 6359395 6128606 7182758 6762201 6530224 6559321 6953977 6505547 6435845 6299879 6377925 6079626 6644254 6410568 6225577 6515340 6533303 6131831 6320191 6669270 6642578 6384728 6725850 6825488 6943299 6385312 6180096 6625120 6583201 6275889 7123397 7008077 6925951 6608791 6407095 6117355 6606857 6451797 6821964 6428772 6784929 6104160 6572547 6551442 6487995 6509284 6819497 6698053 6755747 6560628 6577400 6276176 6753099 6964207 6774673 6488677 6746555 6446873 6641633 6472859 6250209 6762854 6416385 6740525 6377267 6464766 6205061 6457350 6256241 6518037 6727661 6773363 6569916 6457379 6827390 6283799 6724615 5833624 6176346 6943330 6204489 7008282 6353111 6132421 6938177 6518967 6694600 6763812 6628271 6828669 6925124 6618638 6155111 6378646 6440452 6333236 6972871 6643746 6353852 7023805 6883933 6240396 6829944 6877132 6738861 6554275 6886599 6563889 6556797 6818549 6811599 6857862 6379095 6554358 6667152 6234562 6544870 6605755 6740703 6500629 6690375 6343586 6775735 6302266 6795391 6642264 6873646 6091534 6632387 6645390 6117160 6702140 6070677 6020168 6521168 6738875 6303547 6513561 6120748 6660333 6804805 6262055 6964149 6929575 6660999 6995713 6288226 6637485 6990358 6516865 6923378 7000287 6311051 6562625 6932652 6642460 6854165 6358519 6113561 6321794 6196426 6052497 6696511 6576562 6696500 6378443 6569708 6546333 6704819 6754824 6858946 6890632 6740479 6760020 6329921 6463060 6908017 6072311 6744624 6289933 6653385 6668641 6844369 6697762 6222258 6405969 6695045 6555117 6433926 6468135 6433313 6535407 6993786 6406879 5944514 6851128 6800768 6518148 6327471 6661011 6341160 6570225 6124129 6191330 6239977 6345066 6759653 6495578 6138783 6838414 6647623 6722053 6767133 6611542 6916226 6470424 6565606 6436104 6503158 6471229 5812930 6172106 7329274 6923277 6359942 6502488 6793637 6186560 6856501 5924424 6523313 6096458 6421254 6932641 6654403 6422520 6166467 6869600 5974480 6587503 6342363 6659618 6675724 6189587 6188232 6518595 6280523 6604820 6680110 6264529 6318267 
6664137 6425647 6542267 6740828 6248432 6318126 6221243 6723584 6444023 6764942 6960252 5826581 6510622 6001777 6354593 6281705 6323479 6706331 6017228 6446683 7293600 6436036 6401190 6419717 6534237 6426924 6567313 6581846 6647847 6605880 6317439 6270670 6609383 6327612 6235062 7246491 6923155 6480360 6847028 6367052 6612192 6577464 6660025 6668442 6961026 6603570 6537611 6665911 6568160 6256799 6242103 6986037 6585058 6590223 6742590 6934424 6649888 6570747 6246843 6397215 6107888 6639946 6313680 6534002 6536063 6759298 6301372 6266919 6598166 6504821 6753293 6607320 6784315 6970097 6416670 6330900 6397710 6919406 6172456 7331742 7065771 6959130 6646562 6662627 6047201 6687848 6521630 6960419 6433415 6742962 6508472 6690619 6856981 6456292 6639076 6516281 6506373 6920223 6498009 6752297 6181417 6564830 6825978 6537981 6551846 6893632 6560459 6400271 6351646 6531308 6694665 6284739 6883101 6335142 6531569 6074331 6351131 6505641 6543027 6715215 7071325 6500363 6470502 6839081 6166771 6722804 5866578 6138278 7148177 6158473 6903917 6436896 6261202 6703413 6266962 6771780 6557576 6817325 6905823 6682666 6439242 6184743 6471707 6549644 6663008 7112578 6460804 6478912 6949192 6920617 6410187 7116703 6771206 6474435 6640452 6625643 6565277 6517827 6770417 6973916 6767087 6499018 6679676 6718083 6520389 6583331 6726757 6407937 6596918 6547940 6725201 7024028 6597159 6971667 6774812 6768346 6192013 6393042 6883004 6116924 6951597 6351488 6208243 6264211 6994269 6578736 6306924 6138981 6530784 6745990 6029406 7175033 7502984 6827653 6643320 6274307 6577851 7004143 6447842 6746412 7124588 6096141 6529776 6190730 6615585 6537168 6417033 6058616 6107202 6102870 6011286 6872701 6497678 6851495 6654971 6612023 6611076 6602353 6435618 6743447 6690946 6764572 6723810 6300839 6402778 7054500 6248836 6877103 6524781 6416203 6748893 7074721 6501478 6139741 6517892 6784130 6391721 6348595 6651211 6614894 6382706 6954647 6252821 5865246 6718141 6337041 6498761 6434420 6804207 6286347 6619290 6268269 6510765 6327896 6562334 6928139 6686274 6169673 6766471 7065188 6800828 7049872 6639618 7015156 6540385 6781406 6702667 6609919 6503635 5931243 6077390 7394788 7255698 6151759 6515605 6573937 6344014 6775172 6380164 6709310 6026794 6456195 6637550 6826662 6661482 6437057 6688949 6529859 6559801 6622836 6726997 6383019 6262030 6349678 6659907 6233005 6296484 6735414 6595167 6543924 
6596580 6338924 6517480 6214546 5890931 6560853 6278449 6449865 6297335 6651297 6531452 5663534 6241699 5950135 6383964 6395296 5983945 6489015 6051922 6324104 7110085 6569064 6505804 6554724 6227549 6415283 6219129 6498671 6725716 6754055 6148958 6140265 6633981 6008091 6160953 6956266 6487547 6202658 6422674 6109906 6693268 6589808 6283861 6207205 6798237 6769650 6373985 6614431 6692813 6232220 6345733 7167880 6695043 6517079 6558187 6650064 6210165 6595861 5975390 6295095 6140188 6636766 6315740 6425607 6449132 6554172 6012839 6181122 6489970 6666999 6202389 6433101 6634584 7020582 6299918 6078041 6428398 6466368 6115275 7028315 6792894 6827120 6467020 6492312 5739543 6454704 6443028 6654071 6090114 6629918 6363909 6315574 6470277 6245209 6459709 6365595 6319273 6571672 6018738 6670608 6020595 6813844 6536053 6553216 6628219 6680927 6494418 6238553 6391245 6375095 6595597 6260227 6358382 6276780 6447026 6325519 6294975 6525821 6483738 6587585 6951811 6407366 6151146 6393872 6309123 6908377 5594184 5739983 6738920 6329531 6791617 6285398 5891664 6688259 6341174 6798764 6585429 6748220 6736170 6654266 6381902 5880162 6300148 5991646 6066948 6932107 6381365 6064728 6883993 6800402 6384569 6776430 6495268 6377413 6220515 6636457 6395734 6507201 6537992 6596193 6608128 6386489 6322459 6417282 6332701 6315713 6683660 6491736 6320094 6399615 6403214 6806488 6402152 6728921 6672433 6558860 5739656 6570103 6559814 6022206 6789573 6127979 5931564 6264300 6610903 6498979 6269832 6023596 6413712 6653975 5971328 7024599 6966801 6770897 6543040 6018979 6483632 6775885 6134983 6913752 6893190 6143548 6411809 6582261 6719329 6421835 6398332 5993244 6045629 5943040 5919241 6609439 6331867 6514666 6434288 6440289 6152212 6395716 6505245 6305620 6671996 6504179 6418651 6271371 6167981 6915730 5900014 6608325 6378762 6445229 6590318 6958870 6545143 6229860 6558949 6547185 6210293 6396667 6432726 6514648 6345958 6633704 6050071 5882076 6704603 6547120 6280514 6478610 6495214 6297729 6496323 6199746 6499136 6351563 5960662 6619487 6439525 6417599 6530451 6427627 6662543 6562045 6321787 6710225 6565461 6769740 6328222 6427250 6375207 5947180 5998470 7075569 6701830 5961952 6673227 6281543 6388227 6567650 6150501 6256957 5947317 6377185 6803319 6599026 6355082 6417530 6460398 6248478 6571089 6339803 6511716 6111947 6034438 6210459 6368792 5907832 6486941 6466275 6482092 6325474 
6719483 6286595 6441335 6241918 6013911 6367466 6169732 6449709 6510258 6666308 6303520 5960957 6008007 5730809 6242238 6357931 6129457 6342690 5960312 6664506 6909336 6298617 6563704 6474939 6250429 6282478 6370279 6363140 6602530 6611366 6302295 6145158 6829484 6083607 6505225 6952756 6883920 6155984 6520740 6281547 6641901 6562776 6371351 6453310 6705382 6907152 6160277 6633342 6614111 5976211 6442853 6784687 6657878 6507674 6158824 6831346 6349144 6583507 6158522 6379209 6018580 6561289 6380819 6413225 6505577 6412970 5992811 6354617 6735403 6525758 6608215 6373544 6794792 6924563 6311980 6121371 6196056 6673820 6281213 7038467 6724820 6679434 6325887 6735768 6140714 6346004 6353930 6689497 6018882 6934664 6380652 6253526 6537680 6076540 6344933 6533117 6193140 6509770 6446151 6643565 6257302 6710974 6657812 6204807 6568786 6526500 6570155 6013189 6143893 6302784 6695220 6240999 6349255 6344856 6378681 6391572 6417596 6293139 6238764 6453134 6733302 6311499 6381602 6829619 6014299 7101103 5649091 6059222 6811949 6039777 6764180 6360734 5904791 6482362 6191520 6513900 6346070 6744303 6550260 6268744 6553375 6036921 6339364 6271792 6411040 6910387 6286703 6482988 6847633 6446919 6197574 6629902 6342960 6404263 6386435 6711777 6329572 6249240 6653676 6940258 6229791 6568246 6207878 6492844 6297035 6441120 6046989 6463013 6504835 6634194 6195692 6644751 6085153 6754381 6668378 6441023 5901518 6291085 6390785 6199052 6565174 6364256 6118553 6244487 6809955 6549150 6174134 6225168 6299368 6519481 6297042 6732275 6986718 6665094 6870382 6339777 6355712 6743197 6234010 6463768 6890334 6312573 6582703 6241147 6669629 6452859 6221666 5986118 6094309 6098806 5894356 6701387 6518594 6361579 6273944 6001758 6460767 6729869 6355468 6652454 6641470 6760973 6737159 6321518 6307778 6922685 5828832 6728604 6171521 6507729 6736401 6876959 6646393 6236836 6477889 6586523 6376120 6091891 6452060 6157086 6506076 6704282 6166796 5843269 6597186 6573932 6176850 6054009 6530775 6132744 6381518 6425241 6311778 6296027 6257028 6569979 6608542 6111130 6464344 6806415 6678257 6863370 6546603 6851010 6608000 6590602 6371611 6220967 6441846 5657707 5844581 6915576 6738181 6189440 6409164 6301361 6251413 6382708 6254936 6492282 5942799 6397859 6890578 6464662 6609339 6331540 6627300 5897700 6367272 6498374 6263261 6462742 6237074 6448162 6538565 5760391 6535147 6351124 6438708 6364866 
6041234 5691566 5878755 6082063 5611439 5877528 5815380 6110665 6045213 6152339 5991213 5591090 5832137 5453516 5842303 5726328 5804640 6134757 5998637 6004536 6450781 6083535 6153856 5983302 5995644 5746187 5698718 6254221 6085146 6483640 5949268 5614579 6043160 5775435 5795977 6484731 6119559 6152590 6309841 6110238 6026121 5857069 6160875 5948237 6102458 6320435 5694869 5899909 6344269 5857201 5756288 6427902 6229031 6151475 6039393 6598685 5877095 6305442 5790771 6065055 5588310 6123416 6015222 5870650 5909325 6028431 5928896 5784473 6066128 6006188 6042155 6026130 6325477 6305723 5787037 5984675 6125794 6197996 5963512 6481955 6312039 6309106 6140672 5869096 5852068 6254945 5797862 6235404 5922143 6364703 5673606 6112856 6176048 5758301 6304286 5955328 5630802 6312976 5845734 6329971 5797849 6390928 6460096 6051934 6175094 6304015 6228884 5866526 6068180 5959642 6074966 5915758 6053865 5861025 5919359 5818766 5930335 6034202 6104623 6218575 6230903 6076468 5877650 6148816 5770640 6046807 5447078 5710934 6348308 5783994 6158000 5943922 5688734 6428516 5820966 6267664 6026253 6308934 6485528 5951180 6116351 5666262 5779583 6053849 5769805 6364292 6130330 6027674 6639285 6065924 5580522 6336571 6169635 6171870 6187695 6339602 6165468 5833174 6389068 5964753 6393049 5827769 5999178 5992111 5922594 6103982 6044703 5978560 6062822 6159905 5826060 6276174 5826370 6085453 6084137 5905380 5492350 6029314 5903473 5527695 6192247 5631852 5819688 5844055 6211660 5989383 6027137 5887240 5854987 6201248 5701001 6397651 6832790 6382859 6363739 5670154 6001735 6421481 6021783 6174834 6660996 5746568 6070198 5696733 6237151 6023928 5803077 5652045 5792782 5763513 5518588 6235071 6157418 6191219 6076335 5746753 6006628 6151817 6201861 6213671 6388556 6197805 6134971 5857922 5744220 6395261 5880985 6410584 5622880 6046686 6234660 6302771 6074165 5567814 5903234 6256598 5834669 5919879 6068524 5820249 5948910 6242561 5688388 5465087 6669450 6175353 5845615 5687452 6191132 5559686 6361135 5930698 5720642 5918454 5889195 6356046 6119573 5548113 6237392 6037075 6119653 6562497 6019361 6564523 6151208 6424861 6192605 6052693 6067298 5347573 5606855 6544282 6692296 5602967 5772570 5932012 5948549 6126574 5673838 6229945 5647609 5900473 6561860 6042668 5794735 5683671 6107174 5736339 6171264 5956729 6239167 6136643 5671309 5810047 6128746 5429662 6030876 6143690 6002309 5701351 
6436364 6171032 6438775 6190510 6115823 6136121 6005700 6370527 6534031 6366434 6495277 5912176 6272267 5662511 6239829 6235425 5860169 6416032 6020443 6308190 6501297 6021868 6481975 6162171 6057265 6241961 6157282 6316180 6722751 6361167 6167459 5909280 6462226 5936385 6321525 6639230 6571702 6071376 6636195 6044952 6279677 6475352 6319851 6218085 6498627 6469386 6199919 6678573 6590712 6081451 6257953 6722588 6228703 6184601 6066988 6709173 6250118 6335402 6091495 6023548 5732084 6106286 6399591 6030565 6261763 6414955 5875041 6415408 6140766 6335655 6495546 6234436 6667994 6762487 6125938 6005809 6358435 6147564 6127787 7126876 6557473 6584928 6670395 6224409 5834508 6467535 6566380 6562382 6096542 6402134 5915066 6022299 6745006 6211932 6272248 6536101 6052385 6633517 6285792 6553442 5899237 6452564 6332237 6024236 6385585 6552666 6586228 6045063 6104165 6277267 6495425 6375320 6220308 6094609 6146157 6210953 6349183 6050715 6375626 6354671 6513265 6446706 6475609 6400531 5930383 6435740 5792341 5703774 6686490 5980176 6534539 6255555 6134955 6567888 6154431 6703198 5935627 6463022 6508617 6612583 6309868 5974768 6178319 6206182 6493802 6720595 6195051 6190949 6692792 6333566 5897705 6587157 6254006 6386931 6461145 6560451 6309300 6260770 6492709 6329969 6416448 6446989 6285849 6255419 5886128 6342580 6162152 6183120 6169446 6465334 6199126 6659169 6323163 6653754 6486976 6201406 5902685 5957122 6137726 6057923 6529951 6085905 5998306 6204458 6697068 6264342 6310734 5906306 6073707 6382009 5967849 6390320 6907616 6584658 6415074 6081895 6176969 6734140 6257626 6461277 6898267 6240051 6110339 6372346 6388889 6257822 6163625 6058754 6155151 6045433 5914751 6437351 6417113 6460906 6168065 6190804 6385998 6483638 6395563 6500438 6550345 6502097 6314501 5970700 6098779 6736800 5891378 6420076 6164106 6215276 6124987 6756761 6300523 6211577 6387170 6527647 6109315 6197678 6249390 6465216 6302509 6765588 6148984 5640406 6608436 6681107 6088073 6305635 6546384 5983578 6277996 6002038 6269288 5657577 6178452 6512780 6420332 6525732 6513296 6627547 6422643 6778152 6305773 6665193 6407229 6632814 6444111 6266740 6212716 5627515 5974446 6963699 6855420 5927551 6174350 6471395 6115008 6673148 6375598 5953069 5551523 6469780 6605543 6441090 6099374 5939150 6533239 6023856 6552019 6060581 6330053 5996257 6106112 6188051 6450805 5872774 6287738 6517439 6093504 6033202 
6553976 6523241 6580540 6425151 6096636 6162225 6308727 6115872 6287137 6441981 6362226 5907584 6228734 5740521 6275016 6404761 6162491 6623484 6030557 6224705 7012974 6242882 6224880 6385748 6028592 6334263 6113932 6502919 6518829 6476861 6121459 6213966 6314766 6157531 6251909 6956143 6512580 6311740 6575824 6013520 6500404 6252952 6410234 6365402 6789412 6497891 6208351 6337437 6305477 6274649 6438728 7067625 6512959 6328004 6387081 6746724 6487410 6581948 6149659 6304677 5866843 6507306 5991277 6014862 6108725 6661890 5809876 6314129 6344444 6530460 6332296 6215743 6542048 6840195 6226208 6049941 6244995 6511912 6074392 6884975 6556833 6613816 6397337 6477053 5864975 6252291 6236436 6549564 6114356 6545715 6293991 6253654 6421532 6222220 6350011 6526283 6210102 6805777 6154602 6573217 6013506 6491500 6801502 6198579 6609650 6538105 6389658 5929730 6373718 6204659 6488423 6164374 6512171 6065508 6222847 5905199 6073984 6371775 6393525 6935643 7004185 6272494 6263272 6500500 5822171 6673417 5917199 6092586 6659246 6210330 6734948 6529207 5835804 6489466 6006764 6662535 6234793 6678290 6696347 6582703 6334900 6206482 6271880 6400222 6401406 6908523 6298953 6308323 6760827 6574012 6116217 6787570 6377167 6285090 6298512 6584267 6327061 6368451 6602155 6516342 6363026 6331309 6244320 6593057 6251762 6392281 6185010 6302843 6536539 6436280 6427566 6774042 6152424 6649745 6561362 6544024 5679721 6116081 6271230 6021659 6900361 6024746 5987743 6216231 6777339 6253354 6385225 5864088 6161678 6446951 5891640 6789760 7345121 6708173 6663420 6199710 6190472 6873819 6071321 6537458 6862636 5949497 6279035 6262394 6516487 6318605 6566826 5805880 5972476 5978180 6010587 6511684 6429936 6370396 6242984 6206040 6151847 6528383 6447590 6670741 6705507 6501477 6577216 6245351 6142913 6529191 5783447 6665107 6158649 6221339 6408014 6595222 6291533 6055770 6191470 6412576 6219632 6248177 6354804 6488376 6204636 6563415 6166927 5604353 6651061 6460569 6175520 6236321 6441521 6144654 6475483 6185010 6098323 5977542 6273712 6473815 6259191 6210215 6564351 6425074 6502557 6746570 6411218 6671942 6520137 6645801 6126307 6152847 6349024 5945169 6069045 6978552 6891728 5956233 6328441 6477678 6216701 6403555 6261264 6524258 5903888 6448772 6705987 6589153 6453893 6416458 6500526 6045874 6524724 6349448 6743454 6317630 6035380 6216154 6504031 6316762 6347245 6568520 6279764 6308203 
6273163 6204538 6141712 6151142 5723501 6175794 5994411 6556498 6257826 6286920 6240719 5610794 5977747 5562380 6143979 5965486 5936853 6265682 5861806 5994721 6547310 6054411 6498842 6130451 5909566 6237155 6435130 6267874 6430349 6593784 6183933 5988644 6442421 6066178 6176166 6704686 6440934 6181732 6421686 6219448 6424350 6370013 6166627 6215979 6693385 6479976 5739784 6302441 6356209 5995710 6123002 6696331 6003189 6125856 6255690 6478592 6113321 6350934 6099819 5887484 5839962 5991760 6215468 6144562 6241189 6098038 5711603 6186486 6319770 6435215 6160368 6323554 6601447 6442612 6171578 5868617 6095577 6509534 5986854 6874456 6389283 6383041 6111520 6200438 5783207 6156849 6105051 6557699 5969961 6509470 5993209 6022938 6407269 6005849 6216628 6196728 6353642 6443677 5965751 6324527 5963519 6204217 6434527 6251576 6167177 6510518 6428287 6009775 6202196 6090567 6482916 6222375 6184131 6160995 5974155 5862438 6223527 6017786 6288845 6296241 6470869 6301167 6333178 6560246 5885415 6085642 5393895 5671468 6572476 5903507 6530502 6035433 5863078 6116091 5883554 6445607 6410702 6407119 6499334 6426239 6347307 5805973 6371427 6209011 6269034 6698767 6188960 6148625 6867064 6540429 5856550 6609290 6191745 6315604 6408040 6569953 6314411 6040141 6618263 6526584 6298222 6176417 6277045 6250140 6203480 6116628 6271815 6245947 6246088 6350574 6139130 6324275 6170535 6520944 6184313 6469725 5788781 6114884 6306210 5969575 6461681 5967514 6186674 5888785 6555996 6366972 6295802 5754047 6071905 6345436 5866877 6349819 7077685 6262720 6585997 5985567 6321596 6546700 5924203 6246660 6818096 5989805 6054953 5987271 6546103 6220741 6136020 5635874 5894394 6065539 5770729 6430835 6343831 6284595 5938855 6124368 6328973 6526018 6166864 6320380 6569952 6477428 6383097 6126549 6104844 6656078 5724138 6169242 5849175 6496841 6388085 6791488 6332669 6014479 6062506 6204679 6146240 6026613 5980889 6168217 6070297 6604587 6036501 5733439 6450141 6433553 6353207 5831056 6326649 6007475 5998682 6029466 6365633 5964984 6043706 6514452 6283765 5944228 6454668 6660519 6531355 6555950 6487795 6553760 6267015 6513499 6066662 6151085 6234202 5530352 5979876 6883321 6760432 5967086 6352956 6401096 5831336 6312578 6117878 6279760 5554358 6333996 6420905 6297249 6132667 6102685 6369393 5727339 6394644 6033320 6374100 6103269 6161906 6105037 6139319 5527334 6094427 6700416 5974365 6252637 
6397586 6237416 6347872 6377746 6008225 6328445 6207978 6218976 6335522 6384673 6243702 5542866 6166722 5949584 6156065 6065286 6271909 6533819 5785968 6403865 6786962 6201912 6533285 6251400 6238144 6001459 6290658 6282481 6421502 6309785 6026287 6253654 6419568 5960230 5976055 6941634 6632804 6006727 6559072 5991625 6419004 6379491 6169012 6123650 6543798 6662935 6226534 6534979 6528041 6306766 6134598 6799884 6433580 6501478 5975558 6741387 6400068 6379016 5721789 6293772 6019546 6396337 6153558 6408881 6398531 6671543 5952710 6314796 6188542 6355894 6325828 6137367 6430735 6585897 6391081 6112383 6272409 6486804 6069054 6665878 6514203 6875782 6366301 6279308 5993922 6304402 6292350 6671103 5902149 6824497 6305599 6016885 6370793 5912637 6382842 6401091 6151526 6627859 6244320 6376354 6035434 6340822 6442869 6322099 6470308 6742074 6329390 6007419 6309752 6339789 6536514 6016776 6305932 6063131 6245649 6131670 6310027 6248926 6335152 6460035 6649567 6376749 6319829 6685697 6185979 6451829 5616947 6002185 6744008 5910364 6670740 6195766 6095315 6537949 6102650 6591492 6164452 6571615 6701680 6518245 6123050 5849008 6295556 6329180 6221081 6722027 6301405 6243142 6749697 6719822 5952058 6986201 6327018 6339033 6437705 6667476 6558020 6127581 6329146 6265320 6281906 6188506 6215026 6342293 6133550 6213653 6066916 6369852 6611644 6466315 6095888 6670566 5921759 6598505 6539477 6190361 5782289 6340705 6362246 6109758 6546581 6100057 5920042 6439795 6664222 6130500 6064549 5690579 6285901 6615544 5672048 6823456 7051130 6695907 6427604 6247653 6252593 6645809 5887176 6632424 6700194 5933297 6477766 6342704 6452736 6156490 6422937 5724751 5940866 5973357 5736197 6453710 6190758 6185679 6184840 6059666 6186051 6424907 6426154 6267663 6339771 6524450 6706113 6095391 6393966 6768978 5914352 6678032 5961646 6548236 6411944 6847983 6517561 6082738 6399776 6549480 6174948 6029639 6595696 6321915 6035398 6967602 6160229 5746501 6716291 6359566 6231031 6110279 6671391 5916037 6409179 6168106 6298050 6067859 6235989 6643161 6556070 6208921 6494617 6574716 6592085 6505698 6267456 7009556 6308941 6354081 6217618 6254058 6428542 5595419 5923905 6843196 6780955 5855133 6279541 6452507 6354788 6309429 6151828 6426051 5818996 6315725 6531334 6310970 6289217 6003626 6393623 5901847 6525763 6110410 6299906 6139186 6192572 6355836 6429673 5952079 6341504 6753753 6092821 6346402 
6945629 6532932 6395959 6610457 6133733 6438323 6124598 6480541 6649836 6587142 6210727 5898291 6277309 6025194 6459547 6385692 6428186 6560616 6208128 6315163 7072287 6370372 6601059 6475418 6303171 6390795 6472619 6542565 6483765 6834487 5958241 6206683 6635012 6072890 6427002 6862618 6611798 6220642 6739059 6476291 6529422 6407259 6392160 6259609 6891258 6672813 6172610 6839219 6809867 6283741 6539935 7114354 6690017 6573617 6396964 6809456 6532431 6727477 6255540 6268180 6100445 6353817 6193310 6594440 6429025 6511850 5723505 6259386 6321292 6687095 6336261 6721163 6692817 7147738 6312392 6141341 6517604 6681290 6417207 6871028 6706115 6470045 6340241 6449750 6013095 6566976 6805314 6734992 6256453 6737579 6196526 6383885 6682178 6423521 6785033 6652740 6391916 6910941 6579643 6661597 6079052 6748729 6730794 6420887 6562817 6443126 6482024 6388875 6376738 6366563 6783741 6591766 6423637 6208932 6450073 6226805 6319508 6211406 6623170 6666574 7076046 6699323 6325753 6638104 6163623 6548977 5827761 6024270 6970043 6039056 6764463 6445564 6133952 6547266 6223983 6834115 6474399 6648887 6966164 6528877 6471681 6034488 6317138 6385237 6685344 6998693 6359877 6234424 6980780 6920068 6315791 6758846 6399370 6393719 6583747 6812866 6377856 6436022 6735703 6887165 6641950 6449904 6613637 6479875 6262306 6589935 6775788 6531304 6124021 6554697 6437935 6874486 6267461 6831296 6764201 6502776 5780273 6530273 6295430 6130233 6780203 5976424 6234957 6281748 6936155 6362043 6636264 6160050 6503862 6883201 6026971 6986703 7331731 6633542 6821281 6313191 6522310 6696268 6224047 6568560 6847796 6133827 6383168 6185648 6652962 6537022 6262998 5931811 6316788 6290896 6050409 6969400 6604401 6723810 6292823 6420787 6494833 6692853 6528537 6604896 6640243 6547251 6556523 6346944 6263070 6868875 6128958 6766742 6197621 6414308 6770797 6823599 6357327 6132512 6352286 6484794 6541424 6302978 6496644 6327562 6384954 7064036 6372700 5847529 6694956 6438979 6410575 6361088 6653625 6114002 6518564 6354580 6184656 6178747 6306680 6550875 6487856 5917445 6605980 6838851 6718174 6870162 6480829 6935555 6440994 6814555 6467748 6262788 6498882 5954836 6043186 6999546 6914662 6212813 6545807 6593234 6212576 6571947 6208046 6612291 5679347 6429181 6647987 6350570 6261389 6285569 6467311 6297640 6493409 6463307 6753870 6228809 6097826 6420123 6637903 5974953 6264266 6707315 6262799 6464171 
6953409 6637148 6745169 6480679 6315150 6465727 6384723 6981225 6411374 6748796 6746131 6152370 6386627 6187690 6445160 6643513 6289401 6611429 6422982 6534813 7186546 6471921 6757340 6438035 6658932 6392559 6560012 6548360 6670592 7016517 6188363 6209364 6718242 6405551 6364295 7250911 6720241 6605263 6848474 6566423 6788116 6733530 6400488 6547488 6980121 6753608 6360951 6642736 6662304 6490615 6487672 7056234 6645045 6641799 6683504 7109310 6573646 6837903 6386986 6575805 6059565 6678522 6317903 6807168 6533124 6852505 5963051 6777009 6815692 6763694 6603422 6921438 7088017 7157694 6530538 6636380 6486161 6787652 6224405 7554110 6830624 7010847 6658380 6592402 6292703 6613423 6588137 6887538 6476753 7127677 6612221 6338036 6721607 6327335 6648208 6707083 6404118 6838732 6421076 6868086 6315283 6911308 6774760 6661009 6916384 7041054 6678500 6404202 6372484 6781567 6559707 6358084 6632401 6654001 6432555 6257071 6506727 6710158 6491169 6606792 7203455 6641886 6306343 6863955 6215361 6867464 5613789 6219804 6880372 6090285 6971754 6477825 6383937 6706319 6204135 6920964 6643629 6792062 7250829 6612879 6718073 6383223 6470972 6616210 6284472 7133942 6682353 6467680 7190814 6850338 6407118 6935505 6693280 6552793 6596081 6828175 6778520 6572369 6711426 6691126 7024733 6621041 6512155 6564934 6431355 6449979 6554626 6490256 6731727 6744983 6529352 6967128 6327424 6864377 7026922 6773425 5799160 6570340 6639861 6233839 7045034 6259880 6353664 6519939 6941426 6406255 6554031 6150179 6598773 6564986 6268185 7057798 7555566 6935910 6892895 6398558 6623332 6746314 6315169 6905206 7267476 6458143 6435383 6395136 6946467 6584597 6526229 6200035 6449569 6273052 6240663 6797084 6585825 6755908 6103317 6427623 6464704 6636601 6640145 6901839 6752466 6788806 6907517 6361723 6379449 7095368 6000349 6759554 6478505 6605610 6848059 6782907 6667722 6326179 6541338 6681213 6333745 6520114 6474041 6575763 6185443 6877996 6119010 5876596 6971180 6693201 6434560 6502859 6748000 6261719 6622726 6550529 6610928 6029285 6507336 6881506 6839079 6137643 6602190 6918900 6713731 6907303 6829121 7091193 6852263 7051194 6605651 6818852 6733310 6068626 6358943 7055189 7173110 6088558 6862974 6632685 6358790 7010973 6410785 6698024 6105001 6630305 6992154 6807684 7010758 6507702 6750578 6127250 6717016 6640813 6655051 6509390 6323703 6443963 6580586 6368246 6613081 6980202 6470338 6524683 
6249938 6116742 6191357 5960078 5654543 6187211 5933855 6154423 6230248 6312815 6304479 5587436 5953091 5598166 5990592 6094536 6031245 6207963 5948917 6189099 6621449 6124287 6099982 6166039 6010721 6053437 5999045 6068984 6410162 6333246 5833856 6165526 6270083 6124856 5724381 6911101 6362578 6231739 6568677 6076938 6417855 6507429 6053834 6050798 6195433 6402591 6153160 6550202 6405500 5759112 5933836 6828898 6153165 6003780 6011977 6672659 6339701 6313670 6077555 6160217 5569920 6532652 6131609 5959486 5998602 6240487 5681879 6055316 6157101 6210756 6187036 6245613 6263002 6493134 6024750 5798242 6075088 6176078 5740180 6765537 6448773 6339031 6283735 6153978 5616250 6176874 6114474 6188131 6032962 6636629 6008483 6178684 6392253 5941112 6107077 6302489 6041808 6469243 5984205 6348732 6024062 6480281 6411415 6199315 6391878 6450139 6511055 5988050 6032404 6091726 6228249 5864113 6167302 6279830 6234733 5843257 6061464 6326846 6392640 6385420 6463186 6191814 6003136 6400123 5774081 6330469 5590374 5658778 6436560 5933703 6242773 6061808 6155141 6229188 5896740 6554043 6240530 6343499 6472368 6258439 6067918 5882500 6353383 6362286 6069843 6526572 6165999 6188198 6549444 6670008 5965593 6483568 6137773 6132743 6185514 6215260 6566954 6276325 6193308 6468529 6418103 6083589 6138477 6128840 6148267 6229824 6213225 5989625 6316208 6331576 6159741 6615384 6204455 6312763 6203318 6292831 5685937 6014588 6286708 5856536 6325906 5968567 5903202 6080885 6456905 6052487 6196050 5832362 6060930 6366898 5773258 6676416 6790756 6789320 6663821 6039446 6290720 6680482 6075746 6173822 6825515 5905220 6027273 5947325 6424099 5941657 5963928 5930307 5930091 5771533 5726665 6358787 6327800 6325939 6125604 6104068 6008483 6337446 6136708 6545472 6201218 6476721 6372803 6108800 6165605 6669796 5997797 6428805 5986746 6219582 6207783 6516655 6077397 6052783 6315693 6316444 5965873 5997095 6083365 6173848 6053882 6745379 6085919 5653157 6511748 6356099 6158146 5998503 6273065 5975932 6003426 6017301 5965112 5920484 6198792 6343672 6315053 5895951 6414552 6581150 6421990 6646997 6381367 6537179 6418202 6333407 6219309 6307492 6052795 5679822 6007523 6716661 6705118 5750331 6205394 6335997 6022033 6443487 6153887 6207040 5689779 6192956 6481558 6278155 6040976 5937338 6214857 5914494 6394803 6059692 6452742 6060525 6003459 6239719 6282673 5946280 6352173 6686750 6048994 6216538 
7108855 6553513 6510361 6582237 6412604 6881843 6267647 6853441 6851716 6967091 6645008 6069204 6396820 5895151 6694993 6349912 6514876 6730365 6527956 6517587 7080625 6630600 6992932 6670581 6364531 6459740 6656570 6771338 7034742 6919124 6557435 6237510 6855488 6376654 6636507 6953167 6711255 6820094 6797073 6673380 7032144 6511877 6698718 6653683 7143390 7171905 6291788 6812474 6922170 6414752 6727985 7162882 6979621 6819662 6594346 7143879 6744697 6875566 6298982 6613475 6051275 6664122 6474858 6527074 6618437 6649466 6479479 6493326 6375215 6814336 6704746 6697527 6861244 7252723 6452086 6613910 6580366 6863667 6460160 7418449 6829711 6931124 6788388 6700712 6328071 6830595 6726927 7014018 6528343 7045145 6593664 6565617 6682894 6594562 6873126 6676925 6438551 6982563 6364179 6877003 6306628 7069188 6905195 6727278 6839656 7031485 6498103 6226249 6538747 6510164 6764062 6579787 6879176 6606197 6596238 6435758 6773540 6719235 6578064 6821862 7152300 6897282 6526482 6886167 6292694 6739759 5993744 6211262 7005569 6409781 6887179 6660884 6391550 6718013 6487526 7000853 6575731 6987913 6978297 6955028 6519385 6372097 6468293 6437166 6625624 7106952 6404172 6464712 7336718 6871239 6413300 7061221 6538067 6627166 6773392 6806653 6631588 6730956 7033673 6933635 6787156 6700863 6604110 6809790 6587881 6897073 6890780 6640005 6605952 6683604 6634966 7009275 6317567 6964044 6958722 6771064 6085086 6769668 6472735 6196954 7051220 6477751 6193207 6530903 6958135 6699355 6541654 6118103 6564290 6510220 6450732 7177242 7421976 6792414 7135722 6298130 6976425 6991422 6399265 6845305 7062457 6602347 6700271 6534805 6932761 6739516 6604850 6358790 6649805 6272546 6449978 6966364 6671497 6888220 6582609 6424146 6405167 7051697 6882044 6902372 6844025 7121234 6778242 6548844 6437636 7240650 6245942 7103095 6542619 6622597 7019705 7183109 6604042 6185900 7032586 6768643 6518491 6738962 6344622 6715616 6598578 6924873 6372821 6133904 7037769 6720367 6586353 6581370 6706383 6345326 6740107 6636817 6470923 6286821 6400984 6974684 6823081 6254874 6995829 6905561 7230163 7155322 6711443 7113045 6556437 6920148 6598489 6425559 6652022 6095528 6472450 7089877 7324183 6398187 7100172 6815946 6586859 7018830 6445771 6613819 5984364 6759727 6992927 6620987 6648590 6429231 6630562 6548601 6587761 6670041 6693289 6669375 6221788 6569692 6694048 6292107 6423224 6947984 6514628 6590500 
6592621 6490923 6512011 6362588 5837765 6504983 6221431 6405167 6567457 6647601 6333875 5884730 6177170 5825285 6435671 6382673 6132589 6577498 6244127 6360389 6983747 6642858 6507538 6288289 6214460 6236433 6478238 6598041 6505515 6701293 6232170 6358865 6641012 6280728 5919191 7143058 6783903 6252234 6614331 6375826 6728606 6609821 6523299 6209394 6537563 6672009 6180555 6762441 6695193 6173095 6278302 6719842 6645104 6514932 6164915 6953468 6532691 6699015 6376123 6285652 5898028 6497435 6158588 6510428 6293778 6589915 6081367 6483600 6448553 6691643 6346255 6453648 6615103 6723454 6367743 6391605 6348161 6562060 6104877 7091638 6735870 6736973 6443313 6356414 6015879 6530015 6307628 6667916 6227805 6723345 6278949 6237958 6786362 6366052 6590661 6402543 6251257 6853484 6230884 6646770 6248498 6450519 6428855 6652445 6518483 6793093 6403944 6344843 6102973 6247220 6613445 6131994 6533505 6155737 6365135 6285129 6228335 6334775 6463078 6664078 6963573 6472797 6479707 6666919 6043294 6594935 5920214 6079942 6925017 5881543 6998506 6153106 5971201 6650943 6331383 6661892 6306525 6539262 7072357 6333461 6352104 5833495 6488914 6387553 6432651 7100881 6593014 6206159 6790708 6532460 6097750 6698544 6489909 6335245 6360079 6675877 6434444 6211438 6695563 6646994 6436207 6582779 6352009 6683290 6249061 6328353 6551013 6372858 6504445 6647464 6364159 6898250 6194429 6892565 6666471 6555154 5866929 6204685 6281022 5896570 6741042 5973656 6232473 6189710 6707202 6242817 6282703 5980984 6282135 6584105 6002566 6941489 7232598 6707522 6631417 6184612 6215067 6817241 5908665 6866481 6896844 5822374 6456502 6369612 6405411 6462983 6395218 6167462 6136017 6058386 5872500 6687428 6377031 6478013 6236649 6219326 6349072 6712924 6481764 6523504 6511476 6623847 6612126 6192427 6495972 6858368 6103061 6694943 6193269 6478131 6636383 6800050 6504565 6258893 6416251 6647958 6321066 6206835 6602561 6320079 6389399 6684555 6216077 5802139 6597517 6524979 6397314 6348089 6640828 6164505 6421758 6322882 6305535 6359485 6381072 6522338 6406799 6136909 6551307 6804959 6706607 6871635 6520838 7157134 6460289 6812869 6211738 6528158 6504054 5726204 6202087 6828719 7024988 6101021 6476885 6677636 6098593 6646131 6352560 6792196 5864312 6586667 6688489 6616371 6303488 6050079 6538878 6202903 6826745 6232206 6698717 6137567 6053160 6140289 6695347 6011826 6521853 6583489 6376452 6307053 
6769632 6038782 6175319 6023488 5740915 6451900 5937718 6157262 6368871 6343154 6142107 5516091 6073096 5741270 6140146 5908457 6108842 6096374 6026104 6307700 6637646 6185278 6424362 5989077 5845553 5866906 6201492 6017565 6565230 6360039 5983541 5999785 6647616 6091138 6078471 6474499 6769859 6201676 6376345 6078571 6541677 6253367 5994369 6043773 6314415 6531022 6123313 6486113 6228825 5949190 6298916 6560322 6407809 6205501 5858447 6493905 5969964 6321126 5908963 6145700 5760635 6142995 5977813 5986312 6213458 6052837 5754755 6138719 6249365 6401520 6266815 6328929 6414989 6529689 6020380 6006509 6109799 6278348 6234890 6778767 6377055 6490520 6303668 6370088 5700576 6276615 6413718 6644736 5958511 6480192 6035369 6009434 6231934 6223609 6030343 6402679 5898804 6385010 6253093 6152818 5892249 6389809 6558102 6200814 6052904 6427361 6376490 5936816 6200692 6155235 6506926 6098906 6218685 6159785 5889663 6156328 6016235 6102537 6297333 6257800 6737970 6145896 6160157 6377278 5940131 6386001 5381529 5776952 6558443 6019659 6184886 5870881 5855896 6384325 6031653 6488082 6178413 6319535 6661652 6362253 6355280 5733814 6279609 6090135 5998095 6609669 6039998 6194247 6539389 6495446 6247970 6518194 5999346 6334474 6266860 6518166 6239864 6200093 6704140 6389004 6386803 6282982 6225116 6115051 5934573 6088566 6097766 6371406 6183711 6351751 6051693 6640417 5938370 6372147 6274066 6262298 5572709 6200671 6024080 6028733 6263983 5735245 5969803 6108080 6666419 6201566 6028101 5756948 6197664 6331353 5776012 6659502 7100144 6777412 6520017 5864638 6296545 6638655 5781658 6187741 6628957 5881062 6094438 6080523 6285489 6094954 6410280 5843130 6013110 5950771 6058782 6540783 6429492 6328282 5959433 5950291 6238444 6355788 6256835 6548878 6351488 6497309 6325123 5973171 5944361 6670949 5561338 6445107 6092879 6140792 6431535 6551732 6223551 5973320 6290810 6462101 6309914 6037511 6041574 6146188 6224050 6528191 6028319 5733822 6669955 6138094 6155406 6061414 6403131 5737491 6172199 6112324 6347936 5816237 5982341 6345853 6393541 5930866 6282335 6233011 6511639 6832812 6559088 6770325 6500497 6341851 6042661 6232416 5985727 5495072 5866604 6646009 6438099 5953710 6061618 6105617 6126864 6694572 5997793 5944866 5624059 6316263 6235963 6396656 6235096 5915963 6379645 5801576 6301976 6064819 6478696 5965428 6008533 6096625 6458443 6012746 6486409 6315769 5959414 6137082 
6583126 6492755 6539434 6200132 6001391 6522437 6125493 6743498 6371523 6528400 6404064 6050353 6352920 5812580 6501947 6489558 6307641 6689159 6135987 6476998 7016549 6459413 6649641 6662407 6213040 6449757 6364479 6349130 6704634 6869864 6247500 6113481 6455507 6149353 6402433 6970807 6723203 6452870 6464646 6259502 6493410 6665361 6353219 6095472 6526812 6697279 6412290 6642821 6712244 6288517 6583760 6926323 6674754 6573446 6329894 6927790 6540773 6688049 6053326 6402564 6161064 6569734 6397187 6270066 6499713 6827432 6052560 6696818 6714643 6717671 6528847 6475707 7102263 7043171 6485623 6500257 6404666 6522335 6163094 7114589 6669386 7007166 6640184 6598365 6106076 6509505 6611274 6806168 6380208 7072133 6171420 6189507 6769997 6086254 6394848 6468852 6445990 6923150 6469096 6804070 6111834 6783419 6740452 6411397 6550309 6602067 6688754 6089551 6572883 6291466 6467897 6348732 6168116 6175614 6398271 6378019 6473955 6495464 6390370 6446336 6877254 6611838 6554704 6804940 6196532 6784099 5937879 6132193 6660878 6220426 6863441 6338245 6124012 6615631 6250435 6740651 6580422 6862482 6637848 6540878 6663943 6104368 6551434 6297384 6513801 6959606 6299802 6296196 6990165 6737902 6138346 6891177 6543208 6536153 6406396 6436817 6615325 6598752 6524374 6731588 6861250 6526286 6499464 6493482 6354492 6511120 6370873 6589331 6351964 6457353 6499364 6810066 6267740 6706486 6568562 6780675 5839863 6284161 6347832 6249440 6836572 6069832 6366986 6448355 6736301 6471536 6293892 6130553 6310652 6546996 6112272 7017108 7058765 6744127 6788500 6326163 6763039 6833442 6368574 6770486 6880281 6289167 6350911 6495282 6848809 6334328 6579297 5965668 5919396 6309702 5910293 6633914 6529089 6634103 6258897 6287267 6534533 6531490 6555849 6455352 6669881 6674724 6859990 6193187 6504978 7116905 6105609 6583267 6518667 6550110 6446029 6824188 6499018 6362573 6475389 6756742 6276436 6494254 6393812 6435182 6472207 6835134 6288257 5892538 6820811 6581818 6341059 6216082 6549582 6162547 6665875 6655084 6249533 6304129 6318998 6704156 6697563 6446188 6657384 6789091 6831370 6816434 6461484 6847561 6677520 6606143 6599379 6650871 6447199 6078913 6317590 6862653 6976023 6169159 6621060 6481664 6192468 6389440 6294743 6419139 6056580 6759613 6795526 6467278 6234550 6293723 6526778 6285319 6725799 6283486 6569415 6394352 6162107 6155093 6300661 5983053 6565234 6714613 6261354 6527256 
6735728 6373009 6453653 6558419 6289354 6464560 6325173 6568681 6512806 6928432 6523678 5726719 6167148 5757134 6400593 6554348 6097844 6560315 5983398 6615826 6949350 6538591 6599610 6667095 6228156 6456689 6413912 6439519 6712097 6766902 6374065 6342567 6798173 6099908 6325452 7000574 6687094 6435984 6856643 6280369 6593161 6607218 6578903 6407813 6881916 6859216 6509393 6624784 6831762 6534666 6204636 7111194 6525221 6429100 6473945 7016108 6423594 6805448 6352713 6326328 6171018 6612272 6414523 6726702 6471817 6660335 6156351 6540845 6863385 6769019 6614703 6542392 6687389 7042031 6501779 6336306 6585780 6728535 6081502 7177306 6933161 6794380 6721450 6486145 6208971 6786331 6702976 7152082 6195199 6626593 6121076 6147310 6958976 6553677 6469795 6815962 6183870 6636740 6195958 6964482 6268519 6920360 6727554 6264267 6413974 6751696 6729157 6233608 6612638 6684470 6673194 6691351 6361005 6568910 6282010 6218925 6276263 6295021 6578119 6978268 7011175 6575893 6564866 6742761 6087865 6658895 5992625 6209615 6836022 6238184 6835916 6479718 6299840 6808255 6284114 6638308 6347562 6698255 6825494 6749934 6566251 5985916 6455126 6511776 6443249 7118865 6643113 6706985 6848814 6899576 6541500 6779089 6866061 6540736 6481772 6913892 6532376 6593156 6915327 6769228 6424153 6555829 6420032 6723094 6294311 6625982 6606988 6556125 6663247 6657285 6442355 6873092 6432299 6599737 6682178 6577103 6121819 6381981 6407811 6236107 6945170 6311253 6207911 6611777 6860599 6612576 6197243 5911183 6523863 6617620 6200991 6805578 7389527 6997242 6962136 6536638 6694794 6897637 6251814 6960487 6875398 6346258 6246496 6415290 6589262 6424463 6468185 6262039 6413491 6097457 5952118 6696671 6465647 6647732 6549811 6414881 6507144 6785520 6539420 6745467 6910615 6607716 6659358 6187712 6591902 7029595 6115224 6746320 6429332 6461042 6697705 6913796 6425460 6083755 6726262 6627821 6270362 6335857 6581453 6492481 6663888 6729442 6491294 5915043 6950549 6691917 6409976 6405276 6394755 6126961 6754332 6490689 6215988 6520402 6140204 6473926 6740446 6398763 6742555 6890058 6680846 6871218 6699237 6954518 6697408 6801651 6523312 6565619 6533287 6119164 6181694 7240798 6914009 6240529 6579222 6636657 6347692 6795585 6493948 6607760 6014502 6581726 6916847 6845923 6519107 6186143 6899505 6101889 6604218 6463238 6546377 6518585 6323176 6337285 6871995 6229439 6320740 6954279 6388256 6535916 
7248298 6370223 6288859 6535866 6366895 6590054 6083247 6475995 6663520 6692617 6372749 5995293 6415267 5916048 5900353 6324782 6369263 6627480 6367408 6438200 6988502 6299773 6737387 6270255 6225453 6101333 6268235 6475441 6592722 6824098 6048030 6297511 6794495 6439196 6238638 7009392 6662845 6596397 6960392 6357077 6603831 6627874 6397867 6547401 6818306 6790175 6343760 6804814 6811777 6184739 6483347 7008738 6692442 6486980 6397077 7021725 6333335 6836106 6244905 6513776 6206760 6339380 6448522 6268977 6504362 6569240 5982289 6132851 6715904 6652328 6488368 6688848 6829859 6884944 6433758 6191779 6498697 6593519 6425648 6877040 6816457 7078732 6618407 6656233 6098136 6461406 6423717 6736526 6069646 6841749 6251568 6457713 6766130 6337381 6456557 6844860 6311342 6838147 6507945 6775365 6098934 6717390 6959045 6332676 6551342 6698226 6813937 6335832 6773902 6367918 6572149 6291522 6534263 6415859 6345734 6244131 6596767 6325398 6496603 6414011 6987696 6650351 6751723 6514678 6514317 6753656 5680797 6066348 6945775 6066162 6988321 6465797 6138234 6799839 6135517 6501515 6663769 7007118 6940405 6845555 6554864 6163851 6362619 6584714 6449544 6916655 6489059 6473432 6897955 6882003 6075450 7014776 6416640 6618334 6515075 7052462 6603427 6369324 6689218 6853610 6644792 6302575 6583796 6351143 6140892 6354836 6422325 6755754 6593790 6852220 6281747 6725943 6302105 6793053 6670211 6641035 5736465 6420932 6456233 6207225 6660614 6315123 6612333 6445709 7056003 6499937 6592889 6175717 6666929 6517852 5964063 7260560 7385295 6672332 7110177 6152182 6523787 6976687 6275049 6546257 6958048 6162101 6575196 6376834 6573894 6379748 6523895 5911699 6306774 6222602 5956032 6431647 6206137 6599954 6483926 6200249 6623249 6724636 6715662 6987975 6813043 6856577 6969195 6403913 6457874 7103411 5961337 6712147 6257635 6404925 6549283 6678717 6392496 6294975 6445627 6735826 6276930 6443618 6324623 6208342 6163995 6825808 6436704 5957297 6709165 6614360 6344542 6317235 6650083 5915593 6704765 6483352 6355898 6169860 6398640 6460348 6391002 5996261 6740774 6730929 6770277 6876271 6731558 6994798 6736746 6913843 6707393 6248223 6567988 6022590 6230966 7103294 6685735 6323193 6369246 6413978 6116688 6729232 6496391 6537257 5908274 6741264 6613079 6661206 6624062 6357097 6659124 6119350 6550020 6425747 6625667 6404127 6211948 6174411 6602107 6100988 6637434 6706648 6343954 6573525 
6524266 6363249 6331101 6478952 6009762 6499010 5868415 6494797 6419826 6484334 6236332 5790789 6095439 5955338 6308765 6101085 5851215 6514739 5967834 6302941 6777195 6256813 6358419 6192951 6391313 5813689 6350993 6462341 6594086 6549184 6278774 5920781 6274465 6135251 6423415 6744650 6410956 6269341 6738721 6319224 6708227 6648507 6193246 6146503 6592829 6641684 6062266 6453822 6639354 6068506 6342859 6715600 6554823 6121099 6321693 6675320 6385310 6680240 6006161 6257976 6000941 6351104 6324155 6487851 6241797 6500650 6092591 6360098 6542319 6386795 6430458 6100259 6546979 6451232 6225720 5971818 6095493 6490087 6228266 7046159 6501400 6432567 6302209 6435052 6079117 6476418 6392320 6573580 6198928 6857547 6104030 6063262 6455663 6212963 6221049 6415872 6318271 6772023 6362172 6714036 6144544 6423331 6745648 6390464 6518650 6466762 6464930 6077156 6326478 6176978 6610904 6353700 6399297 5961096 6360913 5946711 6230080 6593694 6459422 6415568 6628930 6166361 6142900 6958304 6265958 6647966 5836035 6026598 6642378 6073891 6660605 6225691 5878339 6292443 6012057 6211704 6069361 6786477 6648149 6293526 6305913 5969095 6022478 6335544 6482877 6998808 6245947 6456669 6851341 6561903 5863343 6810853 6278394 6526833 6660128 6612191 6553384 6509101 6764201 6733143 6315975 6436912 6648856 6198535 6227239 6462027 6461634 6495876 6310433 6443912 6460236 6795281 5960535 6453740 6454438 6210821 5993889 6331432 6303013 6045756 6621370 6073659 6203211 6210910 6914966 6304051 6094894 5987932 6390845 6565718 5842749 6858428 7188885 6574553 6567942 6056994 6263324 6671961 5934615 6474018 6617655 6136328 6136073 6357113 6484220 6147044 6336027 5884116 5930337 5962153 5868818 6368088 6338081 6364187 6584321 6229406 6432680 6667818 6470572 6854975 6517097 6592995 6244461 6213179 6284223 6808674 5949640 6688434 6069612 6255150 6256489 7026345 6347791 6045819 6452288 6514354 6150829 6357395 6313221 6419851 6101874 6736908 6247394 5676386 6582516 6300741 6195793 6268971 6587527 5633794 6429733 6332031 6474879 6226084 6030768 6538698 6445717 5998599 6658052 6618857 6844171 6755714 6498188 6767625 6280064 6237471 6116697 6393160 6332463 5719321 5891750 7033619 6584054 6087439 6423422 6529393 6047148 6555463 6512405 6395209 5685983 6248423 6430828 6457559 6290058 6210121 6223345 6216146 6548862 6404771 6420015 6237121 6016897 6035999 6415243 5858366 6201014 6866905 5994715 6425105 
6137787 5911921 6031737 6200754 5620416 6081091 5746317 6017809 6254422 6327726 6038464 5734161 6070492 5586241 6138850 6120946 5637599 6252607 5734045 6033156 6474186 6167368 6157050 5804286 5630803 5904813 6187088 6041479 6351948 6554698 5775615 5550163 6037830 5765693 5932287 6502108 6225160 6093198 5987999 5995760 6085505 6422908 5954631 6025742 6286387 6452498 5926787 6300126 6327244 5875583 5933545 6610168 6061899 6351024 6038723 6350902 6188021 6544793 5896935 5895792 5650433 6211198 5990547 6165098 5932556 6253942 5774435 5955518 6423270 6362943 5981414 6020546 6410208 6482125 5759909 5957158 6162205 6022733 5718836 6722370 6453990 6323101 6291417 6096216 5581068 6296864 6056960 6334916 5920485 6325018 5710002 5767087 6338035 5910766 6269649 6038601 5840650 6248906 5754553 6440439 5792616 6399100 6285633 6121098 6092721 6024731 5963853 5936003 6127354 5860004 6022534 5752810 5937725 6052550 6080483 6005942 6039111 6137047 6151451 6497107 6513647 5993710 6108766 6173418 5838297 6341582 5311516 5436774 6506980 5765299 6351735 6115163 5815755 6409957 5730110 6371225 6019332 6167622 6103634 6214126 6122034 5720317 5907530 6024385 6178376 6306803 6157018 6082768 6408667 6398037 6020033 6462246 6298363 5941289 6030468 6399432 5984622 6074156 6478190 6336580 6394567 6154598 6167142 5929308 6071484 5987064 6327742 5927852 5773013 6042002 6023904 6211646 5907882 6391716 6099811 6235219 5535140 5980976 6117448 5946341 6583444 5922135 5794675 5835949 6304180 6164167 5945848 5659934 6022740 6252033 5884203 6437948 6815261 6356373 6167495 5864414 6293174 6580436 5815489 6041601 6776671 5637045 5883174 6157552 6027591 6196665 5579940 5853316 5867208 5697559 5615476 5911108 6029216 5948906 5969262 6047672 5978026 6477383 6156842 6130253 6220147 6266620 6145652 5994011 6004468 6523917 5861152 6183430 6148736 5966145 6094444 6475861 6175734 5758353 6098352 6288090 5954687 6130136 6120970 6063808 5996602 6475223 5928660 5599552 6472874 6251159 5793331 6026301 6231911 5574633 6040259 5818320 5818813 5658124 5958899 6057072 6136929 5863759 5896580 6158691 6562348 6482730 5992232 6211259 6299417 6524614 5933261 6073046 5936939 5394838 5627372 6293925 6426197 5773300 6060506 6217933 5887227 5990730 5868519 6120360 5726675 6085785 6699495 6043932 6207487 5964889 6072406 5923463 6401440 6100319 6476352 5983103 5555636 5859322 5993623 5565859 5929179 6239690 6116111 6014175 
6485501 6131170 6108630 6273601 6162772 6305555 6005827 6430217 6285019 6664677 6302595 5799011 6097348 5839772 6230358 6424154 6127162 6448864 5914833 6537998 6821221 5978834 6487648 6225228 6239052 6134427 6365904 6366104 6619830 6554001 6043117 6138348 6457025 6105546 6390952 6837766 6367870 6239254 6270068 6217223 6538961 6450129 6282905 6475735 6642667 6543985 6003386 6575599 6385717 6093735 6358270 6779526 6565141 6239770 6151131 6605009 6317011 6451796 6268980 6407918 5850231 6470523 6063338 6203072 6280574 6538615 5824519 6372637 6065796 6350845 6555003 6289092 6872980 6929624 6049627 6151383 5944328 6353357 6308819 7019185 6424767 6668870 6154743 6353526 5841412 6211265 6347498 6733750 6151107 6883228 6186942 6367669 6316280 5919422 6282199 6565215 6113412 6717195 6416906 6356465 6004343 6640561 6730850 5994669 6298924 6354631 6412618 5979025 6153781 6153880 6207971 6155360 6153466 6170132 6324917 6110059 6396511 6262698 6106561 6254752 6779610 6400320 6328017 6307322 5963794 6598243 5605767 5984647 6805220 5909745 6754791 6234896 6076265 6349447 6151203 6586382 6426977 6735629 6610907 6224445 6238842 6051866 6028221 6328674 6377074 6723331 6134184 6268584 6669003 6374905 6026124 6717134 6383416 6619931 6543879 6424842 6577092 6226757 6634524 6514056 6608525 6149690 6301667 6248455 6240072 6433400 6104477 6069064 6160706 6373573 6297439 6718904 5980276 6513987 6672194 6331218 5828228 6225259 6106955 6047534 6769574 6304726 6115668 6320277 6849910 6248850 6151417 6132235 5962453 6440197 5887906 6906847 7140930 6590560 6652532 5957560 6653204 6643992 6216130 6442756 6782200 6215596 6242907 6195416 6635558 6176924 6379194 6065375 6124615 6035545 5765149 6534136 6454555 6439982 6182447 6151806 6230678 6646962 6570741 6654895 6410932 6417749 6401344 6059666 6048032 6517546 5570596 6490791 5743251 6173937 6540910 6664606 6489959 6155172 6291041 6437986 6278493 6035711 6356544 6281646 6168695 6896802 6262839 5812200 6582131 6387041 6104508 6329320 6532782 6006779 6395296 6388831 6219296 5966150 6296195 6693999 6404553 5934539 6531034 6717204 6636839 7033754 6400127 6772342 6420740 6609121 6402165 6334174 6243335 5868017 5940867 6780031 6890709 5823434 6401297 6474264 5882971 6451887 6187830 6263613 5836712 6184343 6481942 6428533 6250331 5977736 6272232 6012932 6166727 6301528 6268337 6100128 6085726 6207066 6286446 6134911 6560924 6572908 6060794 6217218 
6927442 6572028 6806759 6608710 6327768 6551270 6370304 6795115 6830250 6796056 6953377 6188861 6634112 5848809 6477266 6694150 6517248 6797340 6331099 6543257 7030374 6659516 6770713 6580969 6557858 6697460 6659576 6722166 6959349 7009076 6605972 6466080 6825974 6411504 6585738 7169475 7117110 6505299 6865014 6610902 6854039 7038123 6774105 6658352 6794013 7153645 6395598 7079697 7148820 6469635 6660368 7308423 6598514 6724218 6674960 7090419 6530261 6988028 6315675 6665220 6365402 6671689 6875258 6692229 6540602 6547600 6134628 6671244 6878671 6855518 6708696 6848603 6915467 7212729 6555805 6577927 6566483 6777473 6447318 7319584 7112233 6877745 6958060 6916765 6177744 6860856 6688065 7118895 6244989 7034996 6583732 6358139 6849668 6726362 6861535 6701570 6535608 6976517 6489995 6819509 6402064 6747101 7033525 6596657 6824661 6802148 6763151 6471044 6582898 6667726 7125520 6664357 6740502 6704052 6673085 6425239 6708181 6508307 6716054 7067545 7083033 6658682 6824079 6894991 6445866 7100173 5992433 6377293 7300027 6600656 6944869 6668715 6503887 6880032 6489748 6966946 6710151 6832364 7036969 7011464 6670297 6136222 6762855 6559836 6719758 7145636 6678089 6748186 7368642 7088312 6586375 7237455 6754292 6898367 6878980 6946224 6785856 6752102 6856477 6880723 6845824 6621019 6660763 6638435 6323449 6848448 6783585 6968620 6833454 6782559 6464690 7214338 6688014 7177566 6863122 6824358 6233165 6495031 6916001 6025734 6800555 6749217 6418923 6587161 7127655 6651476 6622704 6233881 6793660 6880430 6408336 7259564 7616259 6953729 6998743 6537805 6861131 7147990 6483549 6650934 7367453 6199403 6829669 6575411 6873838 6746732 6824566 6304648 6632967 6365943 6357128 6828582 6845453 6755024 6509057 6706120 6837309 6937276 6978038 6924314 7049548 6970333 6897178 6624315 6483071 7246239 6411131 6863861 6405777 6567291 6888270 7289584 6916258 6502089 6829520 6851487 6373482 6545589 6479378 6624817 6640048 6976876 6390455 6174121 7104852 6803639 6437763 6550198 6798992 6532753 6617796 6650676 6589621 6531225 6708625 6758011 6944286 6461386 6950434 7063507 6835149 7144733 6871480 7348984 6881592 6819784 6590605 6813770 6876579 6022769 6445323 7277211 7074471 6305263 6535157 6737562 6591525 7267454 6490464 6688360 6333189 6841661 6981472 6753759 6741116 6613073 6885118 6587169 6849440 6706944 6854086 6653929 6460428 6517204 6813407 6324439 6752311 6795996 6602976 6699319 
6527613 6447252 6432570 6311944 5988669 6118821 5977241 6191968 6345758 6555732 6454167 5905749 6112852 5606455 6127849 6289294 6204075 6391797 6105182 6146312 6544347 6356811 6756114 6101181 6010626 6352718 6086657 6284645 6479753 6715034 6231160 5990782 6422107 6099929 5867808 6593748 6865693 6268882 6235691 6089055 6351245 6353391 6225973 6133495 6413489 6641619 6078836 6550070 6397588 6122742 6150520 6612225 6359007 6539055 6210282 6482541 6233299 6507460 5983030 6341006 5947880 6447262 6335031 6341322 6361819 6421942 5870504 6232301 6260363 6291969 6351256 6374011 6538990 6700901 6179155 6099238 6182801 6413085 5939317 6864304 6633689 6683816 6337579 6238630 5978501 6377468 6311797 6520926 5951951 6746596 6170275 6082219 6632276 5954767 6543521 6308704 6022816 6505943 6048432 6480773 6015347 6546075 6531988 6359450 6502041 6561994 6430727 5999097 6325004 6184213 6105784 6275853 6213772 5959222 6237151 6323091 6558277 6288382 6320787 6665641 6695572 6246340 6372895 6253913 6030709 6619097 5706507 5975905 6808888 5998140 6430211 6318919 5958909 6506765 5969944 6520040 6225325 6521892 6539591 6338174 6372379 6034856 6199108 6144160 6056298 6663274 6445616 6525644 6747491 6595109 6393198 6574574 6382077 6279922 6363395 6677729 6376380 6138165 6419918 6502221 6643529 6323824 6269320 6447460 6228755 6224883 6218648 6373844 6411142 6321446 6124806 6504655 5931511 6621146 6198712 6297397 5770558 6243200 6374253 6182994 6561003 6027568 6123394 6166420 6465635 6004205 5997529 5848730 6146365 6503304 5944079 6777836 7171649 6760524 6562862 6258348 6223724 6539708 5859547 6597406 6712168 6043932 6264594 6507340 6461256 6140584 6157833 6017432 5996117 5878432 5911931 6377622 6198953 6559488 6069191 6160042 6167002 6370036 6422659 6423505 6422439 6518219 6511542 6161931 6087581 6713699 6093732 6438869 6312197 6482715 6785802 6399386 6508198 6219378 6457357 6514442 6229971 6315823 6275818 6393487 6059846 6660752 6313372 5695522 6739342 6558264 6129103 6326084 6496695 5938060 6042901 6504176 6176979 5819261 6214416 6412281 6392628 5891713 6321567 6514024 6709073 6866730 6279173 6637350 6648486 6752779 6469017 6422098 6084911 5910764 5933623 6571944 6809178 5845060 6187530 6356863 6279961 6205176 6371030 6215429 5732783 6078344 6688569 6525237 6545422 5873643 6523049 6058570 6506351 6382134 6599947 6066644 5897288 6267292 6347734 5940548 6255351 6691444 6272246 6350991 
6226291 6120323 6017032 6016917 5681359 6206288 5640940 5847009 6366146 6375139 5810701 5638313 5978020 5488221 5826095 5978641 5884051 6201733 5603120 6129056 6382843 5883747 6468165 6062422 5797541 5905474 5924948 6146505 6197628 6411412 5866562 5895322 6157476 5781319 6017666 6463511 6337625 6126838 6177810 5912992 6184142 6051696 6038770 5810592 6449348 6421355 5933421 6311679 6111980 6049921 5958424 6492361 6377657 6045859 5580394 6327743 5964278 6098168 5863724 5949185 5744679 6292851 5766242 5849591 6046514 6172161 5673550 5835100 6237688 6313618 6085509 6164278 6400087 6500506 5559456 5668249 5933104 6234994 5707483 6659433 6296213 6212987 6003818 6166744 5432984 6127943 5923955 6106765 5735624 6453271 6082187 5727268 6163605 6052322 6084097 6195305 6044313 6092800 5832145 6221322 5581677 6381830 6110678 6017222 6152071 6117763 6142356 5839208 5999676 5916398 6117383 6002162 5941227 5703184 5993242 6031107 5968603 6082814 5808531 6182561 6558391 5918400 6143748 6124127 5857016 6329401 5478096 5456704 6559625 5734019 6183182 6029175 5699731 6234808 5792630 6404317 5724917 6468121 6359423 6335687 6136770 5678370 5773267 5984552 6169917 6339602 5970593 5983656 6217981 6153330 5778874 6165869 6127194 5959540 6083812 6364745 5929484 5942500 6129580 6318825 6317977 5967140 5921702 6044720 5707133 6001215 5941773 5927114 5810505 5947494 5893635 6388834 6206195 6260012 6169397 5929799 5530201 6109813 5839225 5774220 6286907 5798199 5695328 5704555 6331255 6120215 5765358 5783383 5984313 6258529 5786274 6506719 6531212 6344739 6446280 5547654 5809547 6518973 5795547 6344062 6449216 5619173 5979908 6129594 6074584 6067883 5848511 5623927 5839715 5574724 5524254 6314026 6089832 6057642 6066028 6034106 5689716 6042739 6184977 6006629 6175312 6250242 6291421 6046272 5902257 6551632 5596453 6324381 6028995 6074403 6219754 6354973 6314610 5978494 6012599 6180613 6005289 5737625 5963352 6035443 5913096 6140098 5864724 5536141 6214873 6348324 5592123 6063401 6077833 5606164 6198068 5824478 6060660 5852392 5922615 6364342 6124307 5879821 6041133 6406186 6226593 6249047 6023820 6420367 6192005 6356664 5852616 5792794 5977445 5253573 5459283 6435972 6264495 5631865 5896365 6163790 5872173 6091299 5805647 5798446 5520332 6077817 5997770 6021335 6061391 6008717 6173647 5935336 6162929 5997870 6083303 5847447 5671646 5574496 5987946 5495713 5987788 6162221 5892605 6129511 
6668570 6323996 6372768 6236324 6160797 6359937 5921048 6243066 6285270 6465337 6559324 5978232 6199814 5642064 5928012 6396244 6093397 6598724 6031624 6403659 6785513 6422427 6662753 6412029 6288202 6239667 6274528 6471636 6601639 6547846 6412174 5787343 6545154 6116544 6473095 6877251 6631515 6583969 6645915 6063025 6877633 6432596 6438161 6065499 6444527 6561310 6366657 6615550 6689309 6072324 6313248 6854318 6533481 6578778 6382282 6588288 6314124 6654851 5928213 6336927 5899915 6456238 6148302 6254058 6309254 6465482 5946467 6343420 6315506 6494518 6432285 6265741 6521109 6814944 6074674 5976053 6320146 6355251 6325160 6931596 6844990 6661202 6372653 6494429 5835930 6365166 6491383 6705291 6208702 6762702 6280770 6305596 6661937 5990389 6308572 6754328 6200592 6640800 6032294 6348474 6079392 6674938 6550925 6207075 6583290 6665824 6443638 6096540 6206880 6260033 6520210 6134749 6415337 6236737 6189393 6255664 6546043 6198641 6401407 6448850 6977051 6408673 6433696 6674627 6114106 6419716 5778433 5885447 6635810 6282583 6587347 6285682 5815942 6553943 6188775 6704671 6168163 6663365 6863411 6514415 6290169 5857190 6416662 6158107 6193412 6960814 6393029 6399947 6745013 6614859 6306237 6465564 6500990 6279827 6568918 6670684 6599367 6437756 6659162 6379161 6695073 6509391 6383148 6686355 6125523 6461695 6432093 6382130 6253880 6414884 6411256 6639105 6031772 6874237 6619640 6496136 6028346 6317696 6121082 6102129 6443208 6002457 6026275 6127738 6673397 6406751 6386608 6106560 6331015 6665664 6146889 6596866 7147206 6789319 6723097 6233703 6411348 6736420 6235716 6591281 6865039 6108808 6514970 6461133 6327365 6451107 6314634 6046337 6131909 6252629 5872000 6457174 6402991 6363143 6302363 6274483 6153418 6738245 6579576 6526018 6567119 6489339 6523983 6278778 6263295 6791526 6111816 6525060 6324512 6050233 6552844 6713728 6366881 6096310 6475819 6591248 6382607 6413547 6218966 6381989 6450549 6728035 6193570 5692833 6676910 6539505 6282825 6297233 6402934 6062816 6285582 6288404 6323372 6075742 6161008 6569116 6412255 6296818 6606943 6619970 6592426 6674634 6396645 6740652 6652656 6392988 6310614 6218937 6312147 5918426 6188305 6990805 6651004 5889248 6139736 6618459 6059929 6677990 6186812 6366442 5673205 6171354 6895918 6523400 6287838 6314722 6661421 6189088 6337696 6039665 6197541 6156597 6124110 6168332 6349839 6136927 6349240 6737591 6077037 6345962 
6277137 6091530 6341570 6343766 6057714 6281452 5675887 6362093 6173580 6458411 6065059 5572700 6244459 5635332 6330389 5916181 6222162 6267417 5904657 6249406 6676804 6134738 6277734 6317181 5908359 6009787 6101824 6131714 6402164 6617346 6220645 6087332 6332833 6082528 6039489 6861766 6575550 6083779 6408041 6070180 6370558 6250624 6417175 6118333 6350240 6477803 5896130 6283132 6483691 5769898 5926174 6923315 6293259 6219663 6317427 6633634 6173645 6175497 6086386 6282327 5597677 6114545 5968075 5940047 6072501 6398235 5792669 6154005 6134279 6355492 6120022 6332973 6405604 6459492 5901821 6063345 6017319 6280161 5866368 6635826 6465314 6775779 6229340 6172191 5849996 6367295 6228274 6388495 5982866 6665559 5915565 6043448 6322494 5909849 6349319 6171192 5994193 6561712 6310729 6302849 5942531 6507462 6616625 6229041 6172466 6438062 6171290 5870370 6047683 6066899 6094508 6080970 6404024 5874598 5974904 5901058 6474170 6186857 6189579 6328255 6729447 6447584 6218188 6506329 5905309 6241988 5525904 5796632 6467101 6008670 6526221 6320439 6093430 6495520 5875498 6922926 6412021 6468698 6534026 6189526 6435558 5750092 6212255 6092989 6088484 6481962 6026528 6233707 6650274 6603323 5889702 6657729 6149102 6248435 6106811 6651331 6503844 6131901 6549606 6321557 6395272 6210857 6285560 6180067 6100258 6366471 6226692 6389260 6123085 6612805 6278099 6487348 5978225 6608856 6453192 6242845 5684960 6062715 6028932 6083516 6416300 6135237 5932854 6150363 6362761 6112494 6214686 5539269 6185652 6126047 5935970 6478549 6879726 6528644 6363814 6073945 6296043 6899893 6094385 6368075 6628916 6004837 6370561 6161998 6517530 6464007 6258662 5904967 6295791 6282945 5644365 6351757 6046290 6578454 6028024 5921063 6006646 6461514 6272671 6357229 6420281 6209951 6593099 5997573 5909354 6567049 5816917 6664546 5948437 6366815 6360387 6499209 6191497 6183731 6259099 6451334 6043446 6098793 6159616 6213409 6151275 6660977 6231270 5656236 6537330 6401810 6189761 5984863 6229778 5985184 6013572 6219094 5924137 5866161 6182352 6254929 6283841 5984141 6356673 6501590 6430062 6631270 6135470 6435655 6433016 6516481 6275866 6344892 6024520 5834177 6001611 6594747 6927658 5747801 6160149 6243622 5861322 6244042 6183153 6262573 5658204 6274826 6473907 6333160 6287489 5866476 6330320 5863676 6409508 6186304 6158039 6282743 5664007 5928335 6331141 6015743 6223131 6534653 6220693 6215471 
6928931 6441437 6407662 6657557 6263203 6419542 6379969 6703119 6463302 6918352 6513621 5754647 6595065 5759832 6699440 6577031 6384456 6762096 6159841 6563244 7369917 6671089 6822469 6533803 6435981 6456924 6588760 6534418 6892426 7075940 6287166 6580500 6722283 6569480 6705387 6996984 6660129 6577157 6921368 6518747 6743203 6847031 6381494 6413691 6928251 6724857 6389049 6851918 7160842 6621002 6360893 7254343 7002817 6747015 6529229 7001360 6549759 6767707 6472203 6398248 6121044 6628377 6393332 6475940 6563345 6531143 6161060 6383431 6673754 6807095 6313770 6782139 6981071 6916059 6522053 6493215 6423655 6934131 6558642 7223292 7025926 7023533 6506030 6940694 6157280 6743701 6832001 6577687 6390295 6896598 6501851 6594961 6753103 6307283 6497341 6589465 6485797 6713301 6326744 6940792 6279077 6974840 6932507 6665025 6506545 6595350 6489196 6332081 6538646 6496830 6729241 6486654 6430303 6437370 6504493 6459454 6460262 6806611 6446046 6841362 7342857 6809999 6490881 6681779 6280895 6843515 5615199 6208271 6919343 6495807 7265386 6490487 6035982 6466354 6599592 6786476 6692024 6888705 6845876 6967320 6793854 6058257 6475515 6435605 6414329 7081089 6610018 6705486 6927833 6898000 6486861 6895454 6582570 6790346 6750610 6945294 6784044 6724436 6792602 6888503 6994029 6697545 6836141 6655121 6613495 6586792 7023458 6284584 6605155 6598071 6620876 7013337 6386469 6957574 6807512 7015080 5988712 6544883 6443329 6260691 7195591 6620038 6385431 6348438 7086844 6484371 6499528 6067610 6645422 6830796 6309767 7199881 7476264 7044465 7034967 6188955 6658185 7074726 6286943 6838784 7126539 6465977 6463871 6516957 6592580 6525397 6706847 6270606 6335630 6497189 6329738 7023873 6604268 6726432 6193580 6475928 6633428 6683596 6683378 6825563 7046322 6797618 6800629 6320999 6257599 7149998 6293447 6644428 6455933 6470297 6661037 6778900 6504472 6430064 6665658 7026444 6480147 6368715 6493996 6960197 6460294 6943225 6319906 6174194 6801766 6886804 6443416 6571291 6678281 6342260 6549744 6887414 6459518 6359949 6568840 6690897 6593425 6406280 6860427 6956291 7056513 7408077 6764455 6907606 6862537 6955793 6644904 6609575 6624594 5844716 6102657 7241632 6996279 6424179 6680176 6692183 6492288 7072328 6398879 6710880 5970474 6803453 6785752 6708405 6511557 6266910 6449580 6361320 6676836 6460794 6757197 6277724 6133810 6768895 6535455 6175304 6518408 7160711 6315614 6718652 
6917499 6612442 6669621 6465229 6418828 6588600 6233920 6721842 6574405 6756855 6492869 5957632 6307317 5939297 6648149 6248427 6779759 6687270 6373242 6197881 7199884 6658072 6583191 6626915 6215385 6629790 6410160 6468509 6665969 7151935 6408018 6589161 6849979 6408574 6285140 7237909 6934931 6586106 6720152 6390219 6554610 6838148 6395967 6363284 6881337 7129783 6446820 6821708 7033870 6311559 6617805 7105911 6841226 6799334 6524657 7105487 6642532 6821203 6261376 6663759 6378325 6704829 6505156 6147466 6588544 6556576 6318429 6557855 6407540 6650868 6457510 6897995 6634476 7098468 6592309 6295391 6488524 6784647 6223715 6939752 7181335 7185594 6638407 6478383 6476120 6809587 6873415 6721260 6217475 6726965 6394295 6444550 6740283 6664994 6379008 6673695 6490410 7016432 6562061 6712698 6340392 6924797 6928382 6767777 6686015 6338119 6414285 6387059 6764534 6530959 6589930 6500211 6640915 6660267 6577407 6415743 6588917 6479755 6769891 7022650 7033921 6703304 6467737 6602809 6300792 6803017 6024107 6405621 7175617 6281827 6809483 6333329 6568812 6767249 6559721 7041814 6592256 6797408 7028954 6704207 6714905 6237658 6658634 6445282 6517372 6871539 6675576 6307205 7028070 6735615 6231200 6945760 6690487 6630523 6898037 6817736 6548386 6793783 6851033 6771820 6867639 6683163 6562989 6631151 6463654 6625322 6613874 6637695 6528666 6701537 6373989 6997720 6381937 7021198 6827961 6654454 6008718 6780400 6437549 6400595 6890080 6401383 6327560 6400212 6882481 6551415 6347015 6107836 6564992 6647837 6190022 7307892 7352898 7081744 6766326 6234761 6554827 6982151 6417315 6703315 7196396 6241829 6753481 6477015 6755449 6689333 6432941 6038861 6323877 6131087 6113608 6857351 6748380 6596186 6513627 6483323 6385860 6658266 6743703 6744420 6774761 6971718 7072193 6194801 6599037 7193993 6330426 6909282 6363246 6768046 6931183 6839474 6587370 6237344 6607859 6757536 6365576 6404159 6680800 6439683 6510583 7019968 6603065 6038184 6838991 6696327 6511787 6312189 6505370 6155264 6785353 6549142 6330500 6674073 6586529 6501735 6540487 6358779 6581603 7010920 6829992 6968910 6639377 6953046 6844688 6784609 6571594 6565510 6605256 6062982 6027994 7291095 6833737 6279660 6553741 6442627 6466726 6875665 6280009 6921606 6196910 6559007 6963179 6632350 6548120 6250433 6773107 6404033 6528989 6483144 6660942 6338465 6223110 6614069 6837880 6227797 6714920 6746003 6507657 6443216 
6976613 6506785 6641861 6349644 6489666 6397837 6328718 6698898 6519037 6671514 6509185 5953708 6435084 5740807 6347473 6528538 6231840 6299256 6373610 6484738 6775571 6126924 6781724 6425803 6160365 6294048 6428594 6536415 6688886 6740924 6430614 6079057 6657460 6360819 6124398 6882272 6870345 6486678 6991531 6507928 6801079 6706557 6288231 6468061 6889087 6654722 6552905 6667449 6626111 6194184 6519774 7071809 6618887 6363132 6668242 6989014 6321346 6564020 6304045 6494508 5926275 6472636 6443410 6525257 6359740 6534243 6011879 6572601 6709419 6769375 6837983 6502776 6576934 6959958 6439494 5983291 6557867 6392398 6156345 7019729 6676511 6885259 6501521 6515265 6188019 6665940 6681674 6765683 6264860 6971911 6093677 6731478 6730131 6428390 6352760 6653521 6553872 6625763 6533709 6687174 6273083 6664017 6790129 6794037 6339549 6857967 6533403 6230384 6481148 6330552 6794998 6407621 6604870 6348861 6423070 6393499 6685431 6530544 6512372 6387373 6964567 6450429 6475877 6683359 6286755 6471912 5754398 6053678 6894578 6139004 6982771 6256830 6264738 6696399 6249105 6711501 6760236 6993652 6801175 6598746 6421558 6293220 6560318 6730899 6480846 7161397 6482982 6240325 7009775 6629331 6240592 6769923 6611662 6738653 6652874 6733241 6730800 6601503 6763409 6550516 6918082 6718065 6475023 6564744 6086688 6463381 6463152 6391497 6626669 6400991 6350792 6844824 6036220 6697126 6805251 6739895 6168772 6378714 6465955 6184175 6703327 6383201 6316266 6574773 7069515 6540729 6422377 6182721 6469205 6749470 6138132 7020106 7358582 6977221 7031488 6034459 6630688 6814873 6307237 6791272 6962361 6385764 6436324 6496324 6862460 6452868 6383283 6123811 6255029 6381464 6110151 6867292 6521030 6807393 6333164 6161931 6546896 6629477 6353188 6813150 6660736 6843101 6799894 6014478 6464868 6938936 6030363 6669598 6209787 6366920 6545531 6653740 6490108 6372114 6452222 6848667 6416299 6370997 6502714 6273450 6410662 6905387 6424483 5934835 6913754 6647515 6475491 6414707 6476611 6055697 6416706 6443304 6609720 6203986 6501325 6664816 6744454 6325947 6840958 7044937 6567727 6956033 6537519 6966456 6677928 6342856 6554377 6391565 6202795 6010847 6237337 7163177 6835751 6096996 6471656 6815163 6180180 6885516 6398653 6512349 5964869 6411545 6805848 6510352 6428288 6253093 6987846 6327436 6493110 6535407 6636719 6379621 6114142 6373058 6681959 6142959 6620370 6832559 6494990 6482232 
6966489 6671684 6512241 6368813 6357656 6651954 6497124 6771772 6664110 6594313 6635769 6035344 6581973 6017843 6228445 6302131 6211004 6781776 6368077 6526040 7123249 6403112 6742007 6581757 6473418 6182564 6680862 6496393 7002458 6758853 6512765 6295449 6681090 6391962 6591815 7093882 6933230 6504112 6732793 6470270 6712571 6766911 6444337 6449994 6964249 6926305 6445844 6756303 6832004 6270799 6456198 7134469 6660926 6783330 6466215 6796063 6705312 7094660 6434066 6608126 6262928 6853483 6675126 6575368 6769555 6489506 6295693 6608931 6571883 6852246 6665708 6659487 7055283 7071065 6646553 6226986 6633534 6711878 6362990 7554369 7006768 7031513 6622281 6565042 6114162 6677573 6702827 6887737 6379606 7041529 6707557 6494751 6624461 6433094 6593153 6728533 6458864 6924692 6299800 6933583 6203256 7060076 7037809 6343003 6557225 6838493 6779352 6488721 6403480 6318726 6706710 6683093 6485130 6524397 6624726 6500475 6576538 6536020 6596183 6784936 7014849 6614087 6607849 6766729 6238575 6935869 5775416 6321487 7039546 6097323 6896802 6576682 6330735 6659285 6508296 6764320 6429787 6897028 7142175 7046082 6517980 6250816 6426381 6588146 6448053 7258287 6497505 6406570 6731684 7165081 6256545 6913391 6484133 6801401 6684756 6805490 6435470 6426025 6989725 7113678 6724872 6713482 6481093 6626652 6250978 6245169 6630767 6594059 6846823 6558771 6627027 6818485 6203036 6842275 6696542 6767913 6037606 6714206 6359967 6436599 7050308 6169079 6557268 6488313 6866674 6639231 6348907 6225211 6602754 6903134 6381122 7320034 7274153 7041078 7338561 6338358 6744009 7148103 6119702 6780247 6938635 6338306 6608052 6612797 6704453 6670632 6595782 6014956 6366671 6296658 6284425 6681328 6570275 6673854 6475477 6581068 6676921 6772875 6906321 6844176 6876866 6745094 6899185 6311287 6667777 7040221 6234055 6605884 6362497 6726962 6950761 6892678 6893375 6339051 6482892 6770109 6332405 6423396 6613438 6658343 6436338 7026311 6519614 6124964 6757352 6879196 6397396 6600840 6839993 6194670 6537306 6656568 6416466 6281305 6460866 6733283 6806965 6296715 6991977 6890818 6837257 7111656 6614861 6900336 6867497 6610433 6635000 6535350 6727297 5995523 6191996 7349920 6850440 6076135 6587903 6880122 6379729 6825997 6360073 6767425 6060366 6374867 6897229 6863024 6694225 6162819 6869562 6143917 6404517 6696532 6864123 6526175 6249800 6580184 6824617 6121560 6520902 6963116 6667879 6804633 
6773298 6121163 6480465 6389893 6015155 6282211 6010663 6418003 6290750 6739559 5823792 5803744 6138966 5483044 6013656 5940764 6274311 6619216 6079235 6237843 7046406 6217770 6307527 6223829 6100789 6058072 6047992 6002394 6176075 6461883 6039874 6029201 6481416 6203333 6093497 6864222 6541267 6165946 6590581 6314531 6330186 6596082 6133577 6250844 6656436 6343104 6068930 6695373 6353366 5787041 6242149 6920910 6404462 6290772 5950033 6720762 6147431 6104073 5957718 6251163 5887295 6489773 6101282 5984044 6522916 6573511 5665548 6180911 6279906 6451155 6013681 6226817 6769988 6711493 6284662 6020463 6057742 6435897 5897023 6742091 6746078 6723824 6466152 6443347 5944398 6487493 6395597 6578743 6161230 6411720 6033356 5982106 6336333 6225561 6454904 6255250 6161826 6530411 6109209 6423083 6090357 6821098 6695387 6187187 6248301 6136299 6515058 6085091 6088994 6062284 6077781 6164027 6315832 6189654 6527183 6305523 6305743 6211899 6373854 6528222 6893885 6312266 6160524 6369945 6102750 6525877 5734656 5887483 6768138 6204706 6501081 6204397 6103137 6380854 5955443 6672514 6157571 6537234 6705191 6598471 6221796 6147914 6234246 6314569 6153406 6767474 6310387 6168023 6848714 6692834 6093156 6726873 6295474 6293849 6245081 6476959 6160012 6326172 6781129 6734340 6591266 6435940 5986117 6207065 6142162 6267386 6209504 6317832 6261582 6451452 6356149 6616255 6082999 6661463 6564887 6399226 5864030 6161986 6243430 6135957 6650640 6148277 6142124 6142650 6511902 6335541 6334785 5726716 6548501 6415872 5910999 6608592 7113805 6638275 6803100 6169603 6307294 6623467 5932031 6310689 6532359 5933309 6420833 6527512 6455601 6507907 6323579 6033858 6184416 6117041 6011387 6566261 6089819 6455777 5881586 6146942 6260173 6294701 6408476 6377272 6522443 6423753 6446351 6189218 6305712 6716968 5837644 6494856 6162231 6276164 6543893 6551379 6532469 6331571 6201460 6554841 6108346 6336715 6157102 6374239 6201247 6531659 6362608 5790941 6577104 6344662 6256857 6087167 6535566 5903742 6526520 6409096 6208984 6158900 6276539 6387990 6607928 6154513 6420132 6415735 6450135 6875348 6539089 6635916 6420030 6504758 6495983 5935166 6122565 5618652 5984290 6919920 6610442 5909313 6081535 6038327 6266438 6591104 6000570 6199848 5805216 6407975 6590740 6032884 6141646 5929992 6374375 6027681 6385455 6121379 6189318 6206539 6074604 6375436 6314118 5975214 6452808 6683206 6274619 6370339 
6730935 6159339 6357535 6131646 5917723 6245811 5870371 6439734 6247444 6478573 6292660 5926556 6159036 5747348 6133990 6036941 6206142 6513442 6212098 6173876 6713815 6176195 6345566 6312246 5866094 6316499 5769205 6316732 6292713 6682705 6098721 5949953 6573752 6157549 5923075 6577575 6499016 6269648 6250225 5969995 6305821 6388190 6454436 6174493 6620682 6528919 6246050 6516292 6512519 6077022 6074239 6889022 6484314 6231058 6038724 6551599 6054951 6309671 6109710 6218795 5783075 6206612 6115503 6191648 6089115 6488586 6064483 6020939 6379764 6354570 6177452 6408107 6486458 6926209 6333477 6125524 6199243 6502655 6180633 6762609 6534169 6648969 6207040 6512226 5861356 6315636 6171482 6699103 5882265 6608610 6087706 6038073 6425950 6151115 6156197 6250987 5986796 6599498 6136991 6543672 5969029 6499362 6593912 6303983 6379778 6553094 6531381 5884391 5878902 6206411 6434552 6066373 6259449 6209750 6356999 6177785 6183579 6334002 6208086 6396873 6666980 6360474 6270066 6413347 5702868 6647861 5661724 5861881 6836456 5851890 6734177 6165479 5738574 6317506 6078524 6520880 6257461 6471002 6693407 6493384 6473139 5947572 6254009 6262046 6213890 6592084 6217094 6022776 6679755 6520322 6178606 6641168 6284412 6329613 6276007 6410137 6344765 6390520 6406893 6464537 6367373 6320401 5913299 6277570 6097774 6315892 6006791 6279355 6449222 6208284 6250870 6691218 5988040 6463035 6474656 6472523 5521407 6094604 6252611 5869935 6663369 5918257 6157581 5947634 6636742 6455289 5973801 5808589 6066826 6514885 5997439 6808115 6894092 6821936 6729516 6256311 6179337 6613518 6085107 6530567 6428533 5840698 6228961 6212180 6415810 6140272 6283525 5876883 6261942 5863696 5893384 6410380 6338790 6405504 6189111 6127993 6042322 6360191 6562005 6507191 6629571 6314024 6560010 6232674 6066224 6800485 5793641 6417798 6011941 6117593 6315989 6508903 6333878 6057114 6506136 6376512 5843278 6017203 6083378 6120950 6204467 6432939 6066189 5721311 6745120 6432353 6331318 6303146 6142283 5853049 6112611 6382218 6023555 6218483 5981324 6522706 6434692 5859611 6666307 6593297 6660285 6755450 6300954 6708181 6384408 6455288 6230622 6102241 6114362 5750012 5854234 6827491 6725287 5980690 6233632 6161384 5894128 6484579 6072285 6275745 5990249 6270464 6584586 6380520 6147431 6252945 6303116 6113017 6575415 6145679 6258912 6039976 5779264 6131364 6455699 5854343 6283603 6442919 6256943 6196739 
6111815 5987009 6021270 5784151 5487784 5860448 5572403 6010192 6061795 6088455 5739161 5331652 5796142 5346102 5824253 5766907 5696988 5879766 5535649 5895739 6436550 5804511 6090492 5685893 5469004 5832338 5801111 5821166 6030053 6359352 5741046 5727116 5903882 5691684 5952641 6311954 6120455 5988865 6058417 5919307 6097290 6135996 5749689 5926383 6115401 6247078 5683004 6283737 6168263 5642384 5739569 6302350 6126108 6082524 5815895 6132670 5957459 6065186 5582834 5814037 5679081 5866306 5947466 5817962 5991961 6015626 5448998 5848973 5922926 5940022 6132237 6169418 6105370 6291754 5766863 6166718 5605456 6107881 5746911 6611138 6215482 5991049 5925419 6308647 5781636 5970871 5965780 6417085 5561027 6317339 5699105 5571556 6089485 5742300 6076349 5848985 5773554 6167515 5694377 5846409 5562172 6075264 6075495 5608206 5968519 6183232 5893214 5437483 5910286 5676416 6324842 5866308 5865852 5815462 6065625 5642071 5994877 6085491 5667987 6198642 6419735 5875574 5803707 6217248 5737509 6049821 5250351 5655865 6288418 5628027 6186929 5887353 5609406 6120466 5702756 5976838 5632464 6131065 6251116 6238110 6263763 5575348 5954605 5840428 5862076 6494082 6114362 5993418 6406510 6021174 5855040 6264220 5911188 6100081 5768060 6143391 5920884 5823775 6035063 6177384 6129352 6053394 5898401 5782672 5965363 5945491 5728884 6140882 5745870 5827327 5682981 6086032 5988994 6368818 6193226 6314935 5410746 5729206 5958868 5791847 6172605 5768924 5686375 5731206 6443995 6144238 5842786 5447420 6033426 5831682 5643279 6250703 6647999 6062299 6091257 5808402 5953528 6117792 5740149 5936689 6303709 5758961 6061697 5523242 6111254 6149575 5847535 5229263 5607312 5392998 5440247 6185122 5789768 6007446 5841194 6069583 5707387 5886431 6017797 6164542 6246392 6268021 5968710 5520606 5824977 6513988 5595402 5943874 5799490 5992780 6195155 6287995 5938392 5672321 5984408 6051977 5569516 5568085 5617735 5828971 5935040 6176171 5813099 5311291 6363065 6101732 5889965 5687616 6120895 5476988 6029613 5820313 5860968 5474355 5745604 6038548 6203011 5224778 5949610 6293552 6056215 6329786 6224709 6339588 6229557 6051822 5788623 5926967 5918969 5331256 5562054 6557460 6327777 5536096 5823012 5464952 5769030 6206637 5927116 6144461 5202278 5905157 6362895 6035034 5955774 5650663 6158176 5685484 6017488 5701546 5987715 5713454 5648455 5779711 5759197 5404195 5950557 6062190 5737284 5756955 
6942505 6488650 6577309 6874914 6424715 6927021 6038299 6822980 6881958 6879231 6493227 6275862 6493323 6031181 6873107 6719297 6504548 6750426 6075348 6662838 7094582 6415953 7070384 6504107 6777582 6341177 6710675 6587309 6953054 7212056 6629000 6258291 6929876 6571356 6638458 7043134 7041090 6844046 7018566 6432147 6733088 6682623 6736703 6681559 6858600 6854119 6669147 6987059 7127699 6655908 6534553 7149156 6846233 6563756 6422186 7067484 6603454 7040183 6402350 6642621 6195369 6690851 6695950 6546415 6579454 7027105 6134004 6635932 6776308 6828668 6544025 6750314 7007740 7152614 6417270 6483238 6708002 6608116 6584147 7167350 7047094 7025559 6744096 6865946 6355232 6860037 6666470 6914520 6695500 7147291 6311431 6442470 7045881 6570440 6889330 6716134 6552612 7067876 6662116 6749755 6354893 6936472 6890519 6575545 6807144 6987135 6641226 6295430 6694732 6533618 6863251 6870233 6659363 6407557 6549587 6497273 6893017 6490600 6523963 6766226 7163295 6880645 6647000 7026358 6299154 6898110 5892230 6225929 7072670 6266508 6894926 6466090 6510275 6830617 6262238 7109808 6865979 6985194 6961757 6768112 6935333 6245259 6375511 6511890 6763836 7227617 6635188 6765521 7451050 6796233 6469435 7212410 6650085 6883293 6932478 7170633 6841836 6904637 6733291 6757051 7031717 6727610 6781283 6629335 6591479 6817794 6612648 6541790 6458424 6870399 6557408 6941110 6272536 6923323 6751549 6726882 6326840 6666925 6402856 6428879 6941429 6569744 6467369 6640840 6908400 6697564 6721182 6401167 6638503 6716440 6368859 6985767 7495526 6793576 7020383 6482201 6753737 6976602 6408313 6842086 7049897 6870194 6690120 6670507 6871316 6758776 6823756 6292958 6603674 6530013 6365428 6929817 6933606 6917305 6476961 6412828 6681024 6838606 6762610 6906037 6880351 6995532 6750750 6545628 6403000 7356862 6095482 6927354 6253860 6801870 6894018 7261229 6798161 6644196 6750635 6809412 6706182 6485264 6454051 6677260 6818821 7087647 6644997 5973594 7131249 6807919 6523156 6547610 7004502 6298429 6767260 6438319 6715875 6412554 6448803 6927570 6946106 6618682 6972838 7068241 7016830 7220111 6649076 7055443 6986047 7039511 6579530 6651794 6683411 5930855 6417755 7379216 7261907 6515103 6637213 6550251 6539814 6890419 6686030 6396830 6256200 6588587 6751162 6694176 6693504 6453819 6751186 6516686 6807890 6597712 6955234 6267060 6054666 6600111 6828104 6345372 6742553 7072746 6381460 6644729 
6832181 6741148 6578807 6620582 6144258 6717129 6527422 6887243 6843672 6847819 6733392 6170832 6273859 5727770 6333259 6573191 6308746 6984100 6430552 6682736 7053837 6827786 6971250 6650658 6440660 6694974 6678737 6756839 7078674 6914174 6559948 6630504 6753912 6521309 6589802 7032620 7172122 6625989 6768017 6401183 6930095 6840627 6550866 6549725 6953914 6933919 6283119 6945042 6951971 6534225 6304225 7076638 6735863 6551784 6377814 7128210 6576426 6819986 6523158 6628189 6150112 6846240 6686741 6694144 6673545 6750680 6341345 6610920 6705397 6847476 6728004 6494916 6841867 7147730 6541457 6613908 6394837 6854628 6551992 7382486 7061618 6990454 6508770 6710025 6214390 6750487 6742209 7073891 6434653 6999223 6585827 6417266 6949475 6523631 6907526 6806768 6406578 6825843 6593325 6987927 6530789 6854827 6897896 6822864 6822471 6952308 6730578 6324500 6568637 6541020 6804134 6458271 6550483 6662219 6533108 6367032 6676944 6715674 6709813 6842795 7202149 6670099 6948606 6962984 6373662 6794980 5915174 6277481 6928863 6392554 6978335 6500712 6331835 7094371 6484208 6881756 6569091 6832599 7179783 6654535 6525078 6371036 6621074 6611449 6577932 7314615 6823161 6966368 7289912 6916307 6655154 7141145 6707971 6896069 6717643 6758164 6878152 6563956 6947347 6856874 6854872 6677085 6691566 7023044 6644254 6744179 6699356 6575802 6843353 6787380 6664266 7013242 6643469 7001825 6678289 6649520 6323585 6607351 6561427 6232254 6945599 6623718 6471067 6602910 7049362 6775645 6638662 6266465 6662377 6817073 6526431 7000129 7572851 6948000 7392712 6622708 6742446 7041323 6593025 6906892 7184724 6446681 6929486 6703708 6988296 6527157 6682080 6201345 6361175 6103502 6099735 6972590 6998761 6645165 6490759 6408326 6422257 6964925 6744909 7125122 6650415 6951670 6961659 6595721 6473992 7083412 6177791 6875136 6547729 6922716 6979605 7118467 6779903 6395909 6618800 7083368 6499368 6425980 6495924 6473069 6639620 6821790 6506292 6297121 7251674 7015439 6575055 6353444 6929496 6507030 6515962 6513480 6457571 6541976 6442326 6698249 6757848 6478659 6939464 7176528 6917609 6865139 6842950 7231202 6717185 6857726 6457136 6700848 6902063 6193655 6322263 7226676 7218380 6178151 6791172 7078574 6485814 6945163 6454699 6783296 6133678 6807211 6926674 6838167 6714412 6417774 6893826 6563059 6925031 6487271 6581774 6685919 6380514 6597289 6864869 6138308 6507222 7116949 6372621 6626772 
6522926 6332384 6500703 6374598 6097718 6489718 6116845 6479576 6461786 6914705 6629771 5851438 6330135 5947187 6382889 6306545 6233978 6450933 6156278 6512301 7074899 6370783 6475623 6608168 6093369 6204209 6482936 6429323 6494887 6560585 6255171 6111231 6768418 6444905 6379606 7081586 6756017 6598839 6675634 6255719 6712258 6586706 6416936 6425316 6770076 6758441 6524021 6864990 6861302 6058764 6416127 6677096 6774997 6443502 6558936 6865120 6559333 6530960 6382944 6472402 6049520 6524465 6423969 6456466 6036534 6480477 6029934 6238414 6443465 6608859 6551661 6702903 6597848 6972240 6379234 6409480 6492300 6562385 6057371 7188721 6743110 6837257 6479113 6438296 6005138 6584688 6514017 6783985 6327852 6952471 6423394 6549161 6531232 6302954 6472352 6396492 6229680 6924920 6505430 6676313 6051108 6620205 6850658 6523754 6630912 6561694 6670787 6378364 6485176 6329037 6585574 6249492 6425057 6535132 6350627 6487606 6485142 6347143 6434274 6441246 6908223 6589428 6288825 6824699 5928875 6709158 5653278 5932510 6903766 5984404 6783478 6364116 6259161 6807573 6125864 6676782 6297540 6598167 6928241 6802265 6208101 6160490 6369066 6100261 6213567 6978459 6462437 6320878 6715286 6596855 6443108 6731967 6529912 6615879 6368523 6758188 6642078 6362428 6634163 6763963 6733519 6618144 6329897 6514806 6185746 6264866 6511030 6408853 6257112 6451403 6180502 6847644 5975853 6863770 6661732 6690076 5889871 6356868 6411994 6191723 6994105 6164505 6243422 6270373 7063652 6262581 6330791 6233799 6475454 6434448 6241342 7012141 7103106 6627540 6711372 6341508 6689475 6670404 6159897 6702193 6792935 6143342 6368328 6330547 6597215 6590446 6370663 6195673 6508487 6059170 6043468 6743579 6379676 6635326 6473014 6159225 6368909 6454524 6541722 6751319 6477041 6626548 6481799 6326684 6384250 6895508 6257645 7055458 6362963 6502144 6819106 6721814 6558590 6251815 6574837 6568652 6166182 6026883 6322425 6429502 6400134 6948967 6446408 6120223 6823866 6695359 6531105 6365053 6777796 6107237 6689796 6351559 6303705 6097388 6271692 6568661 6548069 6256287 6682579 6564630 6982673 6758591 6492907 6897694 6474355 6601704 6450865 6392257 6366378 5627222 6075563 7187082 7033742 6302065 6521134 6766617 6509833 6662288 6512304 6417151 5827139 6404844 6806874 6618304 6387492 6209211 6693055 6277219 6600323 6395475 6364786 6188333 6121330 6345379 6523780 6075900 6326706 6668964 6617662 6475102 
6615000 6303238 6370565 6460847 6180636 6478005 6049490 6690758 6584427 6589442 6270771 5669978 6291501 5622206 6254398 6334343 5894847 6549081 6128368 6544719 6810425 6412009 6619639 6353968 6334355 6210772 6305417 6630190 6413940 6906260 6196695 6186607 6684545 6236416 6274599 6711275 6675630 6402241 6619104 6357662 6573888 6508034 6128171 6362769 6903195 6777382 6131519 6539742 6853225 6161734 6406762 6954056 6696255 6387386 6266183 6914489 6115121 6686058 6385518 6454654 5939393 6444651 6322312 6490047 6382308 6585904 5773510 6260189 6682264 6593104 6472975 6282025 6860476 6992155 6592234 6332061 6279631 6510853 6313352 7160113 6591174 6773032 6603912 6495221 6161708 6622177 6272415 6678704 6099993 6732394 6082082 6187454 6732771 6326820 6258492 6466087 6287155 6714208 6247744 6618264 6285122 6836619 6828801 6476264 6447950 6700871 6600031 6168324 6245355 6144446 6590971 6365452 6111804 6443433 6616410 6471161 6615824 6343548 6342914 6541214 6830452 6521966 6448541 6616621 6080943 6600446 5935560 6050945 6575766 6269138 6785914 6349067 6293575 6743666 5980030 6667990 6316365 6881799 6734479 6659793 6441753 6143535 6133142 6532597 6494267 7138447 6440447 6400667 6864083 6653777 6238226 6726053 6492725 6713105 6297129 6715911 6582569 6276875 6650224 6691575 6698168 6546326 6162242 6505490 6162859 6622882 6412225 6664812 6411816 6443080 6368997 6726901 6321710 6666169 6715029 6386414 5911472 6118004 6407379 6207398 6707579 6256775 6204056 6330198 6734807 6542059 6402301 6104817 6338765 6531001 6152308 6700759 7122091 6581613 7023883 6055437 6455574 6693700 6136825 6828567 7097222 6185458 6613584 6631303 6554113 6329151 6270239 6242118 5982225 6129822 5967232 6449410 6379216 6565984 6116178 6348065 6352671 6526409 6563623 6585008 6623571 6632753 6713438 6349821 6510838 6623977 6110325 6642088 6355872 6261278 6473962 6940628 6509846 5981470 6399509 6738421 6293797 6315643 6149092 6519267 6558624 6579043 6320549 5697268 6735978 6580789 6428971 6200205 6602706 6341580 6429688 6497461 6413002 6272640 6133468 6416996 6350892 6401367 6586744 6610371 6748726 6894115 6424085 7037891 6533727 6549865 6414073 6330873 6303981 5851134 6337992 6916873 6968291 6059663 6494247 6509560 6229274 6722456 6080328 6359685 5887521 6502101 6370233 6514258 6276366 6208114 6518832 6323827 6358143 6334767 6400702 6593496 6152865 6411566 6633642 6072857 6316575 6574526 6260856 6278729 
6986257 6527196 6371430 6833210 6389800 6722490 6503390 6525046 6788741 6923982 6382609 5735834 6371832 5736487 6486144 6297781 6400026 6577184 6235024 6648142 7148589 6651191 6762698 6419846 6489009 6244723 6686712 6628435 6669010 6737132 6498103 6360305 6773543 6148302 6351531 7114753 6790480 6441529 6894368 6656192 6794431 6753896 6399969 6405252 6811364 6845013 6274499 6687694 6781820 6503350 6413609 7231840 6696768 6498699 6514270 7061171 5946174 6555242 6194818 6665764 6055691 6591469 6428436 6527228 6346544 6611826 5991311 6620093 6806519 6882234 6479180 6564339 6719687 6958589 6263438 6387434 6380543 6838614 6179193 7146294 7000623 6826595 6492718 6621245 6253425 6555288 6668596 7058560 6478297 6824462 6515469 6470694 6753899 6526691 6447433 6632152 6294354 6902501 6366452 6766819 6251735 6787148 7047731 6415233 6798410 6759932 6762007 6223448 6677318 6349194 6813585 6397734 6265090 6199313 6489986 6280292 6669121 6664263 6550369 6912655 7093013 6338671 6394995 6596340 6168143 6942798 6009111 6257295 6866866 6437030 6912617 6442217 6047845 6847599 6175634 6655109 6517328 7002549 6910999 6653944 6621291 6076957 6301884 6635385 6561559 7041783 6650803 6627191 6978170 6876388 6492462 6978709 6652242 6764328 6550508 6895592 6719949 6388447 6778970 6872338 6668424 6490130 6455105 6630458 6475089 6519553 6784466 6531646 6605529 6772163 6328841 6750339 6288630 7008331 6774406 6590212 6231028 6529078 6341427 6254301 6997544 6336449 6494824 6507348 7051374 6633145 6467916 6068553 6649819 6833871 5957239 6866607 7479971 6857764 7141732 6379721 6456009 6944282 6118705 6942457 6985859 6296514 6523449 6589037 6765579 6689239 6612998 5858231 6138004 6053034 6127292 6858809 6610930 6754502 6137596 6465808 6450448 6740871 6839491 6786753 6892473 6768827 6714244 6576603 6317265 6880660 6044094 6627941 6244273 6523653 6845171 7188753 6560027 6234264 6338376 6754180 6512970 6663019 6492817 6568170 6702467 7211239 6436225 6057741 6897552 6415979 6524839 6137474 6513121 6293604 6814971 6459393 6481048 6193015 6395585 6762624 6515786 6278230 6737681 6661686 6778415 7070832 6642675 6974620 6626946 6667454 6516925 6415138 6543337 5948568 6085503 7127360 6972156 6520346 6371715 6397460 6467576 6733067 6211414 6637246 6134344 6485809 6815629 6732489 6392653 6307547 6672239 6277432 6662934 6536890 6640141 6744810 6488434 6582824 6438535 6174095 6475834 6881075 6267282 6560353 
6689111 6454581 6161761 6447329 6010433 6264882 6074824 6646194 6357021 6596820 6341234 5719479 6129890 5844184 6398466 6400427 6152998 6497992 6400043 6512950 6816931 6414490 6516669 6382966 6223360 6421858 6419256 6388353 6611673 6874441 6250658 6088657 6533075 6235888 6132622 6753474 6784852 6274640 6613008 6286769 6655695 6528381 6353067 6369939 6486942 6638999 6065526 6594893 6675592 6133563 6335510 7050231 6633637 6623394 6309789 6780012 6245750 6675984 6182473 6494791 6085845 6345559 6044968 6376272 6348252 6452670 6097456 6634114 6604228 6348054 6424235 6478013 6722781 6892584 6445130 6270525 6284064 6526802 6078979 6953742 6813544 6842022 6637697 6287392 6191888 6473196 6603587 6940081 6413822 6914616 6217542 6234003 6471839 6386464 6455654 6664517 5985290 6606213 6123296 6588028 6202822 6839358 6682567 6497199 6770312 6555439 6652099 6285879 6358263 6318092 6621336 6419788 6321974 6385193 6427543 6364209 6460223 6363224 6163264 6460764 6948726 6618017 6318660 6560196 6230606 6649106 5824732 6143790 6709820 6053263 6789072 6146157 5814781 6603153 6253157 6647515 6439451 6618918 6631218 6412176 6458692 6285317 6207684 6488721 6279598 6657157 6538514 6311490 7169141 6574585 6048633 6749710 6589711 6473529 6124711 6648968 6680004 6593255 6664626 6872903 6470936 6312393 6416825 6406509 6085153 6308433 6460821 6110408 6498807 6755292 6421201 6800161 6073481 6453973 6462298 6343713 5872587 6286151 6191295 6210279 6663689 6458138 6229457 6563933 6739086 6344386 6260951 5789966 6262189 6867573 6034548 6817669 6840384 7091251 6594936 6219152 6452893 6855780 6180649 6622868 6587788 6298403 6550448 6272000 6609162 6444599 6339102 6215364 6091923 5863174 5995146 6643630 6387742 6428665 6284435 6350730 6345791 6618551 6444518 6336179 6659791 6765335 6428423 6320767 6276802 6932754 6156777 6815333 6119446 6567442 6780748 7183647 6463281 6085122 6446647 6672655 6106904 6489587 6577056 6103407 6281402 6804034 6281817 5732115 6816516 6608955 6333467 6388116 6533078 6016420 6361072 6532383 6276714 6271536 6083337 6388919 6578841 6303808 6625108 6460759 6592410 6839952 6599637 6914694 6600020 6563961 6426541 6465271 6661799 5952519 6077216 7001101 6919428 6108531 6467744 6469250 6193163 6657177 5987063 6415872 5956166 6325630 6638663 6389877 6378790 6241190 6423135 5986859 6620786 6400948 6375071 6328518 6058247 6455495 6456232 5913851 6050042 6986455 6275539 6515950 
6636501 6304200 6360173 6418337 6147477 6178001 6071964 6439085 6436284 6714232 6425295 5951724 6034667 5861883 6317449 6254774 6250183 6512816 6249134 6620234 6768339 6445476 6638138 6534337 6231573 6460710 6302116 6287213 6635103 6592028 6139754 6140657 6554807 6267024 6145772 6831672 6969263 6529582 6727052 6485014 6823432 6731478 6337102 6238032 6916852 6685649 6545079 6705462 6695094 6355376 6438565 6707996 6724141 6238458 6213721 6798799 6356793 6657876 6081970 6437631 5909601 6476055 6431497 6554868 6545170 6464147 5948070 6082137 6599159 6280427 6533036 6443415 6667829 6840147 6294992 6403994 6447243 6542101 6108027 7193070 6767027 6752459 6520553 6609026 5915457 6534340 6613417 6750132 6176190 6578869 6420504 6564056 6743252 6266422 6534512 6517339 6111908 6707926 6324217 6766897 6210496 6561853 6751598 6508702 6658537 6759424 6524198 6000091 6451155 6346501 6752708 6223258 6281094 6333939 6448642 6362567 6616213 6498438 6497050 6659266 6713733 6333417 6388940 6672262 6259015 6704078 5654886 5924029 6652879 5957839 6926897 6179916 6031746 6499001 6152212 6603783 6261082 6876383 6713709 6425080 6582173 6064083 6115499 6437132 6429607 7055435 6670400 6554760 6735590 6486130 6096737 6562294 6433392 6575168 6578074 6558250 6454307 6471549 6674912 6695302 6760237 6433599 6480218 6503784 6183674 6262713 6363419 6332712 6223544 6768912 6081399 6907745 6318586 6753976 6681728 6595934 6171742 6269667 6347921 6145576 6723414 6306935 6189183 6126414 6988261 6544924 6393169 6164477 6336580 6608093 6106945 6791430 7136720 6843751 6855611 6516296 6410658 6954604 6240977 6476001 6745775 6326124 6579649 6258567 6599634 6412003 6288600 6075975 6180330 6091028 5889429 6818536 6491669 6440825 6276040 6439142 6378468 6635903 6375659 6748469 6823982 6710360 6606630 6219642 6324391 6828427 6180238 6584580 6261779 6434967 6589796 6692532 6414365 6189781 6744213 6872456 6096329 6316586 6357965 6418750 6306369 6679217 6412935 5988607 6720151 6480974 6119140 6217691 6765145 6063826 6307904 6435002 6234903 6219040 6290141 6683340 6604325 6241640 6594702 6775181 6784427 6923359 6562160 6906734 6533939 6431595 6224512 6309811 6398994 5816675 6051015 6966635 6589032 6112956 6158936 6521813 6193117 6784538 6411793 6696853 5915764 6585943 6890721 6749983 6430593 6252225 6441193 6165624 6451886 6189626 6281081 6360042 6147034 6404928 6476666 6049742 6459904 6722241 6396348 6293816 
6774808 6565945 6735916 6372934 6255874 6287598 6193789 6591517 6789806 6876871 6549035 6082450 6183016 5892055 6341247 6378592 6198415 6639263 6226125 6374954 6794668 6562432 6561856 6582561 6387321 6480819 6338178 6371038 6700976 6738130 6372016 6302349 6800131 6127713 6365985 7214295 6932433 6619747 6711825 6280055 6736313 6813331 6394603 6256658 6778206 6741836 6221921 6710885 6651236 6255023 6397930 7030327 6882434 6551547 6435894 7032145 6476347 6377903 6473019 6564727 5932805 6580820 6398197 6418309 6314113 6594120 6003461 6649470 6687374 6763681 6496251 6835096 6964201 6909250 6719370 6560827 6324783 6590245 6194123 7082178 7117221 6890896 6717547 6550484 6372351 6661244 6899281 7235117 6551815 6799444 6193436 6289491 6795951 6385527 6546423 6419907 6469216 6823026 6408774 6605994 6113606 6902434 6659664 6337648 6456109 6722884 6683665 6398448 6417483 6613446 6596482 6228558 6802872 6259657 6528506 6174149 6587445 6313260 6398783 6581286 7124110 6632742 6509519 6775203 6173427 6850441 5977825 5906015 7081818 6196192 7060922 6376924 6080710 6526208 6427111 6843327 6411535 6827114 7122178 6636027 6542136 6241053 6537421 6363775 6447143 6820528 6307483 6474305 6892466 6759917 6370755 6843643 6579513 6711238 6438277 6788687 6864941 6406236 7150016 6716871 6633412 6540547 6337936 6382649 6200633 6603739 6456332 6627290 6438944 6601701 6217265 6970518 6364816 7054991 6800792 6715251 5844153 6429093 6417961 6262714 6980592 6308927 6236255 6316766 6931057 6341178 6373597 6108529 6514747 6613186 6156488 6824476 7236816 6979063 6952858 6322153 6463119 6901060 6257156 6973270 7015865 6222856 6468972 6514227 6879354 6740871 6523066 6305928 6322356 6336717 5992481 6745003 6627151 6743429 6372576 6685957 6396876 6681630 6557121 6892593 6780699 6773916 6698204 6352095 6493065 6773861 6554450 6530231 6348366 6440215 6597264 6765885 6286622 6160891 6546248 6703469 6566632 6424447 6241903 6362495 6543971 6803152 6267627 5782999 6927445 6681808 6666088 6436873 6628427 6007097 6738712 6466419 6164487 6374210 6313127 6570881 6666054 6403141 6785578 6829071 6582326 7170519 6729429 6960256 6633551 6743804 6563910 6611966 6268826 6014818 6245216 7091034 7186725 6323741 6484891 6771640 6335120 7007963 6575414 6609912 5905018 6528813 6818702 6594710 6536742 6352381 6899182 6099478 6534456 6483240 6758909 6597918 6458031 6384569 6625056 6075072 6640077 6504049 6481873 6352799 
6505012 6033232 6168717 6116937 5920616 6269842 5880711 6103791 6113367 6469955 6268289 5795660 5950588 5662093 6066355 5975258 6063137 6348311 6031032 6130424 6627329 6234220 6273660 6004588 5715557 6153017 6283743 6192686 6201368 6708640 5965665 5668063 6121470 5859619 5937661 6476229 6309017 6226432 6121847 6117293 6281727 6583865 6015958 5874877 6411631 6466765 6105094 6212896 6366349 5828874 6077252 6712022 6376777 6267473 6146131 6393056 6359148 6433875 5983426 6080143 5720569 6297768 6076496 5929153 6221651 6214636 5653760 5875294 6235312 6257499 5924278 6260610 6567011 6704722 5918929 6020337 6253274 6403833 5887676 7020313 6599955 6616059 6316076 6100844 6021887 6240561 6133022 6305651 5884044 6492236 5965920 5919665 6545756 6030818 6317224 6414490 5914316 6381783 5772464 6185886 5656827 6334272 6596263 6193545 6235771 6180332 6100303 5948871 6165959 6089321 6220931 5988185 6229678 6326822 6185168 6053027 5760642 5996020 5975541 6374499 6480022 6259062 6211361 6442822 5994199 6281218 5427069 5754687 6504713 5946798 6367738 5955302 5970486 6131058 6037040 6307554 5884671 6320106 6609818 6401853 6133474 6012562 6079743 6136719 6146256 6430823 6167201 6021582 6401366 6267937 6076976 6567705 6357807 6148469 6265172 6501338 6184720 6165107 6309298 6490189 6390301 6171152 6228333 6230740 6138617 6060743 6223175 5995762 5978612 6224319 5954007 6458589 5924910 6500108 6235879 6342418 5528306 6067474 6143660 6096656 6214794 5836057 5904429 6189983 6488660 6045512 6131078 5779949 6106076 6213859 5919627 6441993 6859576 6589318 6245398 6053408 6393137 6446246 5897315 6462146 6620167 6025418 6007433 6061645 6297170 6247214 5994701 5529509 5838407 5853854 5840812 6350533 6224592 6167898 5785651 5933998 5895130 6299096 6360511 6234724 6472414 6166507 6374401 5915687 5977228 6871546 6046565 6230508 6076652 6045042 6379830 6477573 6034400 5702269 6171504 6215305 6144933 5877841 6143027 5941171 6008015 6726673 6042339 5491085 6584815 6440779 5827514 6251670 6177362 5504769 5965397 6236372 6074606 5826505 5879904 6284465 6344675 5837319 6086486 6567691 6547101 6762895 6508986 6294343 6352414 6572300 6277254 6161717 6190719 5583134 5798068 6535445 6450873 5832105 6272361 6230806 6054071 6346335 6006959 6057952 6040039 6153075 6799546 6002200 6010444 6135263 6285452 5968932 6106429 6019425 6235799 6066660 5626074 6007351 6280633 5838120 6234433 6423479 5955672 6139439 
6753795 6433919 6310408 6607005 6123972 6643907 6130751 6788615 6639556 6898714 6568151 6100180 6328869 5857086 6335601 6573073 6187269 6704506 6176980 6543060 6935155 6467032 6915567 6280738 6301719 6357683 6548359 6468910 6598659 6956471 6337691 6200988 6554369 6235333 6428500 6902699 6709119 6503381 6351736 6133247 6599125 6615950 6486077 6672947 6631990 6692326 6230678 6648365 6811562 6302077 6415167 6862579 6602602 6522614 6447206 6834602 6218074 6639238 6182170 6358519 6087657 6423656 6411595 6269574 6555486 6690775 6069567 6564719 6416285 6475713 6553341 6525137 7032602 7103296 6466635 5988820 6443379 6387527 6310981 6933302 7087985 6702754 6492107 6319863 5879733 6691596 6581032 6751100 6366067 6509367 6369137 6458554 6758699 5919991 6606038 6678252 6383106 6671723 6407203 6505418 6266938 6888215 6707301 6377633 6627741 6694216 6468823 6190705 6556230 6407811 6572334 6400627 6424686 6256254 6338543 6257589 6519626 6460284 6408538 6504050 6982957 6798657 6497354 6555430 6328690 6725088 5819938 5964644 6987527 6251071 6958636 6399611 5898299 6532630 6178030 6764226 6241618 6844944 6559449 6512123 6639829 6068965 6281865 6375175 6503787 7047838 6646117 6503552 6923202 6716066 6254880 7012896 6510535 6643344 6427939 6935603 6633098 6619804 6637061 6793165 6682577 6411247 6486201 6454591 6125344 6059800 6405195 6437147 6297141 6449384 6409417 6907719 6365371 6685046 6797517 6371564 6009679 6247830 6296535 6076525 6803697 6083891 6048131 6310966 6819992 6711523 6176161 6021923 6336733 6386190 6147731 6748982 7098715 6885361 6844999 6285981 6551381 6785826 6384526 6811647 7021901 6359552 6380425 6380039 6651541 6593556 6374309 6299905 6359958 6020331 5894092 6649043 6343760 6544082 6253631 6230626 6407458 6649623 6585035 6461350 6878813 6513384 6363856 6375761 6443361 7049363 6093645 6670256 6321063 6208050 6591875 6870678 6560384 6049277 6444076 6827787 6296953 6498871 6651362 6478688 6474352 7009828 6309908 5805999 6789677 6846282 6198002 6497636 6621899 6078632 6440337 6396368 6190007 5932287 6494648 6762139 6573838 6164129 6452464 6689849 6869107 6887684 6659278 6754090 6732346 6938014 6585722 6504755 6564351 5861251 6159415 7019511 7115554 6206492 6525177 6546350 6335492 6630089 6303703 6285540 6165443 6432786 6821953 6224297 6361581 6391081 6706648 6057135 6478039 6255963 6364627 6228828 6106236 6397278 6371272 6217395 6454291 6793033 6373463 6328119 
6972732 6463865 6437578 6304477 6064819 6158696 6063955 6421331 6489790 6493715 6630843 5807773 6558826 6058144 5921315 6144719 6463183 6653270 6405006 6229013 6913054 6617376 6349543 6262955 6247736 6111468 6275816 6489322 6749054 6472140 6180742 6416051 6587262 6127061 6170258 6988713 6859755 6388966 6597879 6239441 6673485 6499814 6432791 6324618 6509475 6841452 6126727 6651562 6454090 6158218 6177775 7126754 6633682 6403792 6195162 6920100 6328963 6625096 6037215 6215004 6035741 6480627 6449603 6455736 6577201 6616184 6098803 6341741 6406699 6470723 6311262 6399547 6540964 6858089 6492282 6085859 6419851 6556748 5985731 6830508 6707506 6757000 6441515 6458727 6072761 6556260 6516240 6640463 6026598 6865917 6465374 6360700 6368715 6358891 6535289 6408716 6367232 6806305 6132823 6486342 6094463 6851808 6700222 6334019 6518840 6639544 6640787 6237066 6026094 6395976 6678517 6185348 6468647 6336558 6210967 6125904 6518501 6306881 6423695 6556276 6834052 6666282 6332701 6649492 6250742 6782270 5790913 5814952 6976101 6120232 6852290 6553239 6184544 6738834 6137812 6761328 6376402 6614345 6934328 6487811 6470441 6191472 6527779 6278985 6334883 6801493 6373091 6416505 7029602 6841637 6226165 6657228 6397959 6486120 6317807 6674907 6552689 6110520 6631046 6735819 6736224 6225610 6394748 6452858 6055306 6244906 6258624 6482854 6627841 6546545 6370455 6960975 6285995 6709710 6654891 6517300 5926361 6316284 6495755 5871027 6760279 6054373 6044269 6213007 6641940 6573121 6263279 5946449 6494981 6719235 5946742 7047536 7235953 6822326 6876911 6040243 6320314 6883673 6146937 6677060 6650659 6065199 6520593 6404038 6565710 6164036 6349140 6011089 6239753 5856752 6071324 6671757 6170200 6499196 6194402 6321828 6274936 6676317 6520669 6730272 6554982 6631228 6715724 5989114 6346493 6794168 5847855 6582239 6254499 6497429 6806999 6805765 6723607 6203601 6267046 6704522 5937634 6426997 6652351 6230050 6158268 6866039 6184454 5838118 6854604 6588393 6204380 6486538 6418940 6065571 6283429 6329603 6100593 6212364 6466503 6779610 6667654 6144609 6780295 6587166 6575585 6776195 6542964 6941267 6454872 6698844 6370831 6257670 6525673 5937313 6163658 7059931 6879455 6107165 6478445 6644963 6214162 6491108 6083370 6514642 6074497 6381165 6836008 6541333 6481122 6153493 6726613 6175504 6502628 6461987 6554562 6336366 5900542 6076336 6400031 6028003 6603285 6703646 6413219 6493975 
6441251 5891038 5682293 5753026 5551883 5902667 5480598 5973678 5608949 6070345 5820021 5365994 5768394 5090076 5708178 5792304 5910246 5964450 5555440 5912547 6255823 5700334 5881185 5715741 5575632 5910644 5723470 5746927 6030053 6336036 5835783 5366535 5867934 5728574 5683628 6017495 6024923 5859238 5842197 5495792 6174954 5959985 5892183 5787167 6345808 5853168 5618440 6206067 6143942 5701331 5480903 6100724 5815795 6040039 5621442 6158231 5677550 6014312 5723170 5705736 5586322 5984406 5674861 5641553 5592826 5964303 5248200 5824302 5910193 5823019 5930514 6061240 6013470 6040566 5607697 5533242 5760495 6128429 5688165 6399837 6226734 6040234 5976616 5838812 5450222 5747583 5907359 6244183 5657040 6281612 5835923 5579576 6056011 5803531 5918902 6070431 5713542 5907122 5772554 6034740 5618732 6236697 6147906 5736781 6162148 5878115 5672667 5523688 5600016 5615412 5800328 5919671 5822721 5794715 5943567 5673819 5890289 5933495 5656747 5899907 6405354 5980498 5836927 6021987 5768891 5976742 5132968 5599783 6224690 5722173 6261131 5751823 5597410 5945609 5679846 6111720 5751031 6300246 6347457 6165713 5869275 5532833 5879385 5796526 5875935 6158449 5939641 5933738 6278897 6148194 5733006 6028789 5927006 5762188 5939202 5964441 5805811 5832413 6162231 6256638 5904195 5984497 5887927 6189386 5580635 5644739 5868144 5680862 5853255 5908374 5832609 6269128 5573455 6270199 5960995 5992520 5385088 5699874 5766738 5739654 6002214 5715203 5523594 5582254 6284720 5860723 5723262 5484502 5908320 6026793 5792583 6167229 6377433 6109302 6224528 5852734 5907133 6017947 5579133 5996449 6128329 5898446 6171697 5817433 5787682 6173490 5836281 5265386 5688461 5725158 5364164 5765243 5847252 5594692 5617239 5653939 5871826 5859530 6025724 5988964 5761167 6155403 6006570 5750638 5613630 6457709 5646913 6426397 5587565 5745160 6019144 6150735 5964289 5614821 5782863 6080352 5713541 5508136 5746356 5843646 5676976 6304335 5717783 5164887 6051528 6047693 5740981 5790770 5908241 5308081 5648954 5926633 5819663 5628537 5873495 6003234 6002356 5569232 5911901 6312258 6292326 6195573 5928505 6258730 6033337 5993143 5940482 5858170 6031822 5136248 5621391 6464174 6020574 5501442 5821058 5839461 5725225 6050643 5759673 5590315 5568311 5659213 6099867 5660468 5930592 5833752 6053359 5554320 5804755 5734131 5947154 5785944 5826235 5661850 5951540 5715408 5653634 6091310 5815350 5903144 
7155661 6983110 6803794 6858982 6559008 6908542 6418184 7058106 7112944 7198358 6972347 6263871 6664669 6201081 6508436 6799869 6767703 6966525 6816279 6858384 7511407 6777402 7028888 6796179 6832022 6721738 6818698 6917236 7034679 7236685 6870786 6717877 7200152 6724159 6650700 7325587 7132034 6954757 7317265 6572965 7256703 7082874 6852935 7139241 7068741 7246175 6678345 7139215 7304326 6732887 6843808 7428517 7156081 7074282 6794948 7506606 6606746 7465243 6670924 6961090 6410708 6945052 6649672 6742422 6775896 7168231 6343879 6864497 6846240 6990453 7128108 6961577 7304624 7323401 6835122 6651339 6788026 6903989 6640921 7414768 7042198 7302184 7085856 6994658 6477030 7017093 7016636 7413849 6635215 7402996 6854929 6689490 7202859 6706372 6802436 6960075 6776954 7168904 6867576 7097258 6469579 7183999 7271187 7033645 7139777 7180708 7213392 6544667 6687973 6895010 7245781 6634628 6642034 6816102 6871175 6893763 7141300 6970144 6786412 7193930 7430025 6722194 6780466 7213565 6701593 6975133 6211750 6372930 7176070 6688109 7162631 6745898 6512182 6962141 6625949 7004192 6805865 7324747 7419003 7186802 6987474 6659100 6693647 7000304 6752802 7576671 6724892 7082004 7431255 7031882 6498074 7180082 6935342 7041493 7181514 7213817 7076945 6738299 7149932 7018738 7106633 6883776 6958418 7042359 6574974 7014812 6897374 6836157 7066791 6984299 6826401 7331422 6653279 7060216 7265831 6798900 6217187 6838550 6546042 6608319 7221463 6418552 6665699 6622537 7259700 6984646 6871776 6429662 6993831 7269618 6624829 7578554 7691237 7070791 7096502 6789746 6931099 7447696 6675131 7196858 7353966 6568189 7037193 7309086 7170338 6996835 6786911 6208466 6600959 6560434 6203884 7270381 7017506 6913326 6776706 6624176 6633491 6965720 6904880 7027473 7167156 7187529 7215276 6862422 6706480 7636373 6533711 7271671 6751314 6940590 7201078 7373544 7046030 6517798 6746342 7117856 6752285 6957694 6856782 6878448 6955987 7289930 6598977 6378843 7192253 6959601 6734891 6659965 6759155 6501071 7155536 6967159 6490539 6656009 6839552 7178096 7071283 6527553 6890075 7139425 7073291 7332603 7033740 7592761 6977547 7206312 6834873 6914536 6968711 6405583 6640458 7548981 7446645 6871702 6811236 6724853 6645340 7221923 6691956 6918295 6334021 6826678 7253080 6959713 6669841 6589173 7145278 6547250 6863966 6951957 7132476 7012620 6716542 6825887 6946384 6509140 6767094 7348936 6574475 6919858 
6872729 6654647 6500672 6344426 6181135 6590699 6271984 6522624 6490208 6571840 6482577 5950039 6213189 5785365 6499340 6203816 6099921 6397003 6351406 6398337 6950099 6504975 6351182 6390010 6112567 6230893 6640997 6520395 6874378 6661415 6230105 6011811 6649714 6359988 6145304 6977837 6805760 6527863 6473723 6401427 6725116 6514851 6426127 6061054 6926195 6703407 6269644 6622440 6840286 6347245 6114359 7002334 6721826 6275262 6211461 7006433 6497393 6663386 6154612 6476697 6104091 6712404 6172342 6508248 6268645 6542312 6026192 6632443 6454624 6618511 6489346 6544748 6790328 7234494 6307918 6298640 6504694 6481705 6105710 7310902 6936596 6924760 6599831 6372554 6115146 6731003 6550175 6894952 6158317 6970595 6143557 6481869 6733756 6361297 6683992 6425821 6344225 6666096 6500493 6932084 6217504 6556237 6807899 6427048 6805372 6902337 6543117 6565917 6413536 6140339 6699394 6316994 6757263 6540502 6475381 6223702 6517746 6382672 6507091 6615864 7069099 6475180 6612542 6891270 6323422 6726966 5795389 5873329 6833025 6286162 6827311 6730023 6374213 6814970 6176640 6865601 6386131 6766213 6906722 6580077 6543066 6086319 6361492 6516831 6357077 6867936 6433860 6414684 7079693 6643063 6140786 6710894 6689991 6800854 6560259 6591548 6634845 6541874 6568583 6801531 6566153 6669127 6572518 6451029 6177843 6348714 6296300 6391089 6483961 6683625 6399656 6781472 6444054 6816625 6683868 6570350 5732200 6509635 6339956 6025278 6793199 6215460 6266112 6432206 6775142 6301102 6446628 6028500 6554831 6609014 6180981 6924823 7150862 7051932 6828729 6357914 6511183 6716329 6251261 6753869 6960083 6281342 6626504 6502600 7081397 6642922 6273082 6238298 6411042 6010659 6040850 6631996 6348394 6436279 6501473 6250041 6392417 6452920 6600689 6741747 6696124 7078118 6866552 6333805 6487156 6868988 5978503 6972902 6439208 6570792 6788272 6799478 6400398 6240158 6592087 6752664 6452214 6481974 6461787 6207030 6554994 7088900 6380474 5900706 6903342 6638183 6338775 6469371 6523803 6090077 6557657 6439192 6380662 6301421 6069127 6663417 6598769 6027741 6641584 6815414 6928351 6789243 6541782 7250234 6525585 6833477 6415302 6599809 6522621 5747389 5998875 6912825 6965441 6180286 6288562 6440214 6290584 6784609 6152545 6468541 5818323 6414889 6914175 6491775 6625840 6153701 6791460 6123758 6509506 6725030 6546616 6531630 6147974 6255858 6600260 6142392 6649468 6656288 6438379 6409686 
6628021 6166114 6321788 6095536 5888871 6228056 6141504 6701410 6400041 6309459 6153587 5701023 6024445 5570690 6181340 6215923 6029593 6215871 6474690 6562302 6806829 6156043 6679362 6349958 6253118 6065455 6230622 6427005 6496153 6537997 6230736 6129621 6561776 5935978 6278130 6746843 6660466 6268165 6491221 6330570 6794483 6520557 6111744 6227280 6545663 6674551 6214247 6430053 6642384 6336922 6320417 6845780 6695554 6407840 5954278 6781718 6231018 6511645 6040036 6191462 5926613 6338687 6287447 6227666 6431583 6366639 5890686 6441673 6477649 6556727 6251910 6400677 6665869 6788119 6148633 6211158 6296505 6352932 6087522 6895922 6656610 6472436 6357177 6158473 5864130 6432272 6195702 6568480 5923581 6482880 5940996 6245298 6394345 6029799 6279349 6346609 6155442 6406290 6096123 6239929 5988353 6750986 6562744 6374768 6522115 6438154 6563103 6048102 6203260 6329368 6598820 6066074 6210748 6101685 6459735 6335113 6300073 6364509 6197586 6431093 6606410 5942800 6539147 6772438 5863219 6400957 5904149 5672068 6853391 6048383 6488746 6318377 5993750 6402394 6139825 6434849 6222131 7059978 6540649 6229529 6429005 5797980 6236062 6520826 6463183 6750008 6332140 6394623 6668985 6523004 5938428 6626120 6282203 6654438 6262349 6484335 6230555 6157180 6357003 6499777 6602470 6409946 6336991 6150758 5811712 6140415 6171375 6466442 6194348 6307845 6241921 6567147 6237692 6642323 6678819 6268955 5676451 6136650 6071303 6276745 6681535 6079368 6066306 6287732 6383632 6360698 6053597 5943175 6276169 6553900 5742806 6691951 7059071 6632965 6763396 6112239 6350771 6858946 6161173 6482155 6655093 5985896 6361652 6325540 6625008 6601408 6295400 6053503 6149532 5718114 5818562 6413634 6276311 6426058 6194346 6222790 6423122 6491361 6482407 6545994 6823768 6629002 6398083 6196796 6284515 6758758 5851804 6470854 6150982 6508033 6595297 6785619 6405854 6150803 6402072 6418360 6251968 6452104 6181630 6225565 6388831 6506627 6100096 5794621 6647071 6491308 5867895 5821770 6387441 6170859 6412279 6163626 6090249 6099108 5797509 6562357 6381213 6217958 6393844 6499744 6734420 6622040 6379699 6769469 6564225 6477681 6229442 6304960 6342783 5539481 6107233 6774817 6957664 5887469 6306228 6178402 6119598 6481228 6225026 6362615 5608258 6645234 6701378 6318271 6124776 6046198 6432227 6021993 6377652 6042804 6317404 6159003 6141681 6045856 6327085 6000877 6403073 6602231 6250584 6309619 
6542632 6411977 6485182 6398997 6128848 6223270 6229752 6691452 6580914 6513150 6439082 6002217 6393618 5969759 6294478 6357791 6332503 6514684 6113639 6301243 6701616 6381532 6377700 6626619 6502138 5994782 6271529 6396085 6584226 6835685 6278382 6129503 6490783 6057993 6502517 7039218 6727050 6366196 6612810 6521382 6592504 6506140 6365220 6313819 6618082 6703887 6250734 6763659 6672881 5955735 6345884 6987355 6583401 6424827 6476744 6815722 6370762 6742758 6362519 6238254 6088385 6471409 6478300 6543420 6201794 6418951 6036002 6329988 6551616 6652670 6420529 6527826 6734149 6763096 6381160 6351124 6309586 6445383 6211450 7017981 6934182 6597123 6572838 6476840 5951651 6467589 6514384 6735032 6146993 6441585 6327346 6522762 6809299 6443611 6490283 6502588 6134547 6619608 6275838 6871332 5943040 6615775 6892393 6262314 6667262 6715218 6396980 6267967 6396298 6394121 6731895 6455932 6602446 6153830 6467511 6045516 6284005 6538779 6546106 6649149 6948100 6458701 6301754 6852107 5958040 6799177 5957613 5972268 6861851 6236576 6862714 6298846 6112408 6488225 6229253 6676033 6390984 6622469 6824618 6843181 6589130 6081275 6397033 6244853 6266416 6984182 6439382 6270530 6762359 6678571 6238972 7159587 6422469 6497895 6573628 6790715 6541374 6313616 6927900 6926899 6644248 6583902 6591577 6467505 6130735 6569477 6586871 6445115 6394504 6596466 6213644 6967211 6341129 6796492 6678057 6778376 5831701 6207407 6520332 6138034 6855086 6357960 6346126 6412963 6923181 6448792 6278233 6162284 6563600 6810916 6348065 6890873 7194677 7057258 6795137 6153110 6394714 6817733 6170003 6613176 6865255 6306753 6091323 6240043 6551550 6737178 6351335 5956079 6303064 6232075 5939259 6530243 6542586 6562547 6151464 6481344 6660706 6564739 6650748 6829852 6493228 6707642 6719283 6125435 6358154 6949056 6127467 6578402 6094154 6521528 6495482 6761187 6530469 5984063 6616292 6655526 6349091 6271461 6412329 6497485 6151235 6996263 6235984 5992319 6707490 6523605 6157235 6317867 6920530 5950642 6453631 6424292 6306043 6132990 6489733 6422391 6919146 6111441 6834347 6671035 6606166 7126322 6596731 6621457 6671867 6731621 6346109 6428689 6600819 5741185 6201976 6926425 6848532 6164359 6300192 6496459 6066526 6765735 6178752 6455329 5892518 6380177 6696008 6501134 6552587 6415948 6718741 6388333 6560906 6330556 6599404 6372661 6143846 6118945 6555102 5894242 6378671 6716033 6297529 6324485 
6659594 6447589 6436161 6369072 6098058 6497586 6124336 6234962 6608621 6577457 6366440 6035145 6251294 5713719 6416657 6387895 6210288 6412087 6253530 6396481 6803109 6363432 6657560 6247340 6217559 6249841 6398826 6597219 6576196 6665772 6292925 6102184 6691257 6353155 5965395 6827131 6863404 6420790 6625134 6405108 6723450 6621934 6481253 6281163 6603916 6759934 6270075 6449468 6574005 6171413 6283982 7216189 6609343 6441921 6372761 6979491 6501390 6611580 6283706 6488576 5918795 6769480 6447354 6417202 6307536 6493612 5836027 6269967 6689510 6713327 6353797 6498507 6914451 6855377 6156433 5965347 6317078 6307670 6228160 6857188 6747388 6697248 6442986 6407024 5931308 6374170 6451012 6880507 6176251 6938461 6438057 6239794 6474652 6240785 6451709 6333038 6411381 6841586 6358529 6728810 6091711 6725166 6787740 6216146 6528205 6609843 6757508 6216442 6410297 6164020 6490122 6222243 6285555 6289790 6311312 6137212 6533585 6413061 6365942 6533019 6831358 6449464 6221475 6615268 5929295 6703120 6044360 6090288 6781616 6231072 6632337 6469288 6079414 6474041 6211512 6831502 6551105 6697362 6879626 6594885 6483878 5871776 6118645 6373792 6300226 6830925 6298854 6177776 7126224 6705795 6115659 6693403 6487951 6544363 6547706 6807028 6565207 6290732 6536892 6440930 6673110 6308799 5898279 6453223 6119831 6257202 6558812 6530045 6390363 6595691 6167269 6743492 6054869 6806246 6559720 6536923 5812871 6343456 6655744 5905484 6535050 6096361 6217644 6243436 6897111 6363874 6295180 6077185 6452599 6893947 5912976 6819467 7034026 6743985 6681003 6164683 6454561 7051092 6137527 6535304 6679266 5979779 6305801 6460729 6800827 6584785 6635879 5959272 6327091 6359830 5990028 6479352 6554531 6589806 6242880 6087218 6154193 6599753 6625012 6569887 6694524 6466987 6395892 6356971 6216625 6872870 5832029 6723270 6326940 6306098 6504445 6944744 6335090 6465412 6387314 6709183 6381134 6264655 6228921 6206155 6319205 6720674 6324461 5843596 6846090 6421335 6340410 6513466 6554375 6088733 6404185 6576350 6469358 6020440 6441120 6702903 6394895 6171750 6641711 6487323 6531505 6865481 6343109 6808894 6570851 6815730 6334882 6380041 6480649 5843165 6288530 6869145 6698450 6053977 6380822 6508310 6126301 6527898 6261663 6442578 6052622 6503171 6637173 6777940 6412855 6360263 6490497 6224041 6696577 6418454 6624411 6332340 5977464 6293328 6650293 6030684 6439932 6502503 6193390 6353727 
7000090 6515414 6745214 6706197 6512621 6422005 6504081 6835873 6864408 6852794 6616494 6206861 6609078 5946976 6699579 6427260 6602015 6684917 6027204 6709537 7004714 6353749 6848040 6755417 6301880 6397533 6448630 6467917 6944949 7030938 6531593 6120536 7091324 6494495 6612913 7231503 7201630 6374389 6914114 6540978 6681712 6609801 6546235 6450128 7127432 6890894 6364680 6953837 6635638 6175765 6722790 7258339 6821339 6602311 6816840 7220063 6551214 6931607 6581257 6769959 6233161 6811940 6589095 6446301 6665824 6710939 6346101 6633716 6825526 6984536 6752762 6807945 7044853 7364337 6505086 6840339 6749456 6698555 6424720 7304202 7077738 7206177 6856421 6717085 6284649 7107725 6854391 6992358 6350642 6834569 6295935 6809968 6943805 6692875 6773703 6878176 6471595 6895593 6323429 6994661 6343382 6938681 6996256 6651052 6836971 7021922 6559821 6704019 6503927 6592519 6724921 6573136 6859947 6541079 6807305 6284192 6684539 6794762 6590019 6745568 7250376 6928981 6717206 6882220 6419906 6979623 6286258 6191245 7269286 6238833 7084737 6565847 6416297 7044354 6529763 7079329 6685940 6812200 7043151 6903020 6752471 6141029 6677295 6382636 6528582 7300652 6555256 6699319 7126068 6873125 6492609 6961465 6727548 6741291 6671641 7181657 6767528 6360701 6943856 6845777 7131232 6653954 6735981 6610456 6567102 6728820 6810560 6717899 6546857 6688064 6529546 6999930 6438474 6830920 6761902 6870086 6141497 6383700 6623597 5977307 7037570 6692411 6365147 6623473 7040673 6611988 6690793 6348467 6800679 6789647 6272429 7009551 7354793 7221268 7007868 6447114 6649234 7132208 6576173 6918940 7189158 6469210 6751000 6546241 6935328 6734625 6533338 6335859 6491700 6275711 6149375 6879771 6666171 6726661 6474036 6636187 6875356 6637963 6861818 7130893 6988380 6897908 6909871 6584522 6673842 7070175 6187373 6953886 6649976 6580315 6941011 7110454 6574056 6385183 6825405 7151214 6511108 6357658 6707953 6514066 6626292 7233738 6620737 6086216 7057329 6721744 6555063 6364426 6729452 6310583 6466847 6715139 6569473 6476872 6515142 6840067 6676466 6328777 6803810 6839067 7028288 7362692 6798067 6974465 7130135 6984870 6610405 6709664 6718963 6132754 6261447 7183182 7174227 6438763 6518508 6639740 6552328 7059780 6638234 6686808 6281177 6613454 7022993 6766031 6778981 6409335 6982126 6351171 6737057 6567047 6591470 6397788 6210109 6498641 6984255 6431200 6754178 6719216 6688304 6401886 
6616040 6284803 6083221 6049163 5792240 6342961 5957123 6175275 6457315 6162316 5960266 5544426 6072216 5597913 6288057 5964566 6108412 6362216 5927005 6080754 6583808 6139290 6354873 6132224 6028534 6019371 6120735 6244680 6416195 6461800 6026283 5897563 6191765 5829036 6284496 6633274 6268345 5953370 6334796 6032484 6182475 6349751 6011992 6043138 6333467 6596868 5882707 6408362 6494401 5893098 6005708 6637147 6380776 6209558 5953507 6576963 6162856 5933623 5815588 6166267 5999898 6251278 5993630 6032089 6065788 6286979 5510422 6271239 6339628 6477702 6156906 5994046 6357046 6486015 6085757 5931392 5922646 6270281 5962125 6494278 6491769 6290181 6073571 6124611 5858815 6295505 6240063 6512701 5855183 6661335 5847822 5858954 6467218 6173925 6199116 6198837 6097229 6515729 6090110 6345174 5915409 6605764 6425495 6207859 6389769 6165150 6213305 5838910 6223718 5850412 6546394 5955304 5954013 5890803 6271403 6034009 6191263 6383906 6117745 6386707 6670756 6233667 6035104 6351725 5944033 6309955 5605424 5893205 6492697 5944167 6172980 6167378 5840181 6580730 6025576 6316260 5920748 6333015 6564764 6179687 5925398 5979670 6131558 6038271 6237523 6789659 6171340 6234765 6750910 6365970 5884579 6578322 6237761 6140061 6234937 6243523 6068598 6030005 6458464 6701074 6220316 6376316 6219347 6480084 6088929 5887471 6360415 6428896 6140479 6327984 5993615 6702854 5793112 6399116 6321874 6187528 5565761 6112605 5916003 6012168 6446023 5932352 5734232 5978416 6640556 5981043 6163528 5737665 6141892 6360825 5901485 6534926 6791241 6153727 6461608 5951492 6076130 6662890 5851773 6434663 6592113 6054363 6258212 6421319 6236739 6175420 6073218 5968031 5886700 6041446 5489827 6383424 6289077 6091776 6167578 6090560 6163944 6464492 6224289 6429306 6255849 6625426 6387906 6052312 6225364 6591589 5573915 6510835 6007154 6084032 6164710 6600445 6010593 5992904 6078795 6325568 6244355 6328333 6056496 6179431 5996450 6438735 5878725 5434625 6561058 6347328 5909237 5964731 6278962 5770808 6332215 6070912 5992313 6012138 6169421 6107999 6309131 5833429 6087404 6390039 6567480 6285224 6222974 6459223 6071463 6559452 6305715 6039260 6047288 5606938 5701003 6753932 6612940 5847634 6125964 6318420 5839454 6514261 6005312 6246625 5552968 6433737 6447260 5852287 5803834 6092591 6230752 5988508 6158104 5887050 6256226 5936555 6024185 5806097 6219882 5680156 6192573 6593036 5913406 6095440 
6941110 6570968 6454690 6772669 6340996 6411937 6118819 6856459 6772475 6803150 6579239 6078963 6286821 5959046 6764197 6335696 6197496 6620028 6080923 6551293 6838053 6430207 6707808 6714670 6123772 6484838 6773380 6594224 6617095 6916378 6437454 6267237 6859249 6479085 6369118 6796962 6832618 6781629 6730762 6559116 6774454 6785778 6414589 6421697 6969532 6819752 6546975 6754926 6734581 6423629 6459812 7187379 6796165 6509774 6437115 7013815 6432414 6834234 6432948 6635484 6126384 6746792 6684368 6521947 6715962 6609169 6187115 6676041 6696193 6512775 6511099 6624917 6801062 6938618 6557890 6329810 6583654 6659206 6327611 7467380 7119165 7095801 6461706 6464730 6354044 6860746 6573479 6819513 6359216 6862819 6242968 6401691 6870133 6509899 6764198 6662228 6204287 6884294 6372204 6755679 6058656 6973741 6835352 6276456 6745293 6999704 6611745 6421541 6333982 6325819 6733887 6397907 6654167 6744866 6577498 6659877 6591821 6375935 6376352 6484359 6899787 6508461 6510114 6867920 6072362 6649084 5775330 6106331 7105417 6213129 6898142 6403168 6375426 6791813 6202104 6873993 6441709 6915460 7036592 6659859 6678497 6409284 6400847 6438070 6568408 7303919 6630457 6538347 7107375 6746195 6465920 6818408 6808104 6623529 6637086 7118770 6614117 6327539 6724191 7084064 6662898 6463862 6422007 6623041 6294257 6487711 6452558 6484648 6483248 6761599 6457741 6770359 6282730 6958469 6625209 6723163 6109493 6393130 6335939 6267831 6861343 6419399 6446271 6340513 6930594 6691735 6546468 6325783 6451094 6433776 6245851 6818638 7403469 7034184 6992980 6412494 6527754 6918762 6402952 6638288 7060253 6514830 6627990 6511213 6667817 6695092 6426090 6141180 6402026 6289403 6042773 6597961 6600690 6692521 6490157 6500398 6738321 6548101 6763617 6919777 6839616 7005773 6694859 6217051 6317971 6949483 6215539 6999923 6339367 6562015 6729680 7056364 6513577 6410902 6634325 6623079 6329556 6527144 6393458 6446980 6301014 7203493 6804760 6177663 7052498 6609953 6130054 6650225 6764652 6074841 6481156 6698539 6386154 6243794 6213000 6752530 6703182 6355074 6745554 6816563 6961062 7290186 6670690 7055266 6618498 6850602 6793115 6580221 6502676 5979326 5989026 7010089 6862485 6233148 6478391 6508164 6194676 6818361 6319088 6321704 6238080 6519482 6991698 6634348 6551840 6469234 6756206 6393684 6607314 6460398 6594045 6491878 6196260 6317351 6632175 6081851 6586393 6846155 6410318 6585078 
6882750 6858061 6607671 6557062 6354793 6456721 6370030 6683331 6657804 6856221 6588476 6003784 6348321 5829304 6328839 6239345 6379898 6658788 6488343 6500662 7117033 6540023 6856237 6367212 6493132 6370649 6462061 6700376 6734557 6683013 6369920 6316384 6855844 6304853 6381316 7145188 6765907 6371303 6706374 6381916 6803825 6828512 6661682 6495472 6939780 6967360 6341905 6741644 6764241 6370539 6438699 7105498 6686198 6287824 6571809 7049470 6440379 6676649 6349346 6580955 6083538 6877332 6480500 6309738 6599458 6803053 6155231 6773885 6980340 6816870 6633784 6541131 7125846 6973380 6477824 6302460 6506258 6730373 6407734 7067517 6918599 6929511 6656529 6768628 6322964 6741427 6626272 6969097 6454105 6989870 6481140 6481750 6794391 6313237 6670178 6507334 6542988 6878309 6317880 6974778 6388894 6996021 7049372 6459877 6722064 6674007 6773076 6294590 6576403 6300077 6773860 6563491 6543941 6551814 6630589 6563930 6798387 6539862 6799107 6847427 7150834 6605598 6449446 6895368 6174145 6954538 5820929 6232886 6943139 6475754 6857500 6847837 6157622 6677182 6328178 6884510 6515572 6804098 6565504 6682309 6832997 6130317 6372518 6730381 6793086 7154299 6684991 6543493 7116282 6750390 6322979 6845904 6792959 6565636 6537457 6848597 6412590 6626321 7075163 7037967 6498740 6732552 6401421 6636163 6062174 6526675 6407603 6461563 6739495 6649545 6488326 6819766 6454566 6959827 6941153 6494018 5879508 6397685 6628423 6457200 6903979 6393179 6374171 6396310 7068562 6690811 6488237 6280912 6743276 6972136 6291967 7177550 7346726 6860375 6863260 6267861 6333735 6895726 6463001 6762123 7159925 6441797 6640339 6505103 7100569 6605187 6250787 6247316 6449578 6280256 5923638 6852415 6739048 6811467 6457442 6368879 6633122 6765997 6618822 7045918 6873485 6914950 6839409 6484414 6703778 7130293 6148605 6976233 6247967 6433132 6511609 6895426 6518085 6342924 6652656 6805885 6659922 6604164 6587722 6306445 6601560 6994629 6308249 6007636 6931764 6777047 6473315 6458878 6538980 6060750 6667627 6746839 6453504 6167985 6715386 6819736 6957863 6180899 6710377 7085834 6769565 7041610 6629154 7106978 6968653 6946505 6799910 6548677 6645383 6045581 6327276 7510347 7077657 6144917 6583398 6634886 6316263 6680786 6496732 6904098 6133503 6586896 6885176 6653716 6593057 6430025 6717218 6343374 6550064 6466812 6594451 6738091 6391492 6563260 6724500 6088338 6461021 7040896 6609467 6841122 
6739324 6464377 6436925 6370375 6180904 6586871 6291715 6375724 6632041 6447692 6157735 6012776 6302761 5771861 6043629 6247011 6251361 6477355 6272918 6158875 6939010 6150928 6387665 6458300 6299468 6390817 6263535 6428840 6547721 6762003 5995823 6253539 6456106 5809297 6310094 7053008 6471143 6311897 6570950 6260384 6515926 6697443 6245691 6359277 6664361 6805886 6184067 6783808 6521387 6176565 6341084 6723287 6551195 6127732 6119850 6855128 6392476 6578535 6300708 6353759 6011589 6418863 6351618 6325818 6426742 6686017 6028313 6380042 6675095 6612630 6561902 6331947 6843714 6955213 5849327 6124777 6425427 6367269 5988160 6733526 6518462 6635664 6538774 6321275 5827612 6467460 6527857 6694729 5835411 6960488 6023814 6036507 6510592 6232366 6441233 6481093 6249912 6645695 6508131 6601127 6184903 6882089 6563897 6325335 6424037 6569302 6573739 6165649 6264416 6376927 6407437 6407330 6375528 6121156 6498251 6241240 6177774 6440832 6242458 6608543 6762851 6253873 6353803 6409897 6261450 6797889 5652249 5872551 6874424 6214949 6575823 6455759 6082307 6314882 6029492 6477495 6200215 6638112 6810384 6468730 6328407 5862081 6229858 6252287 6326895 6823404 6250285 6331771 6882169 6536626 5989362 6542370 6407457 6486137 6324439 6732948 6397555 6418251 6650281 6717741 6447716 6374932 6216133 6524806 6106011 6476106 6380100 6577664 6221923 6680122 6165599 6805488 6423277 6708926 6734112 6366377 5756436 6323880 6184635 6131367 6487952 6157645 6158594 6302232 6612608 6339481 6289581 6005987 6412424 6621668 5900216 6900579 7071133 6636306 6920415 6014434 6378634 6687359 6110800 6578314 6792051 6043677 6492389 6400828 6562544 6235881 6514615 5840552 6200139 6231935 5959627 6510331 6489499 6243911 6230304 6410104 6328534 6676842 6505728 6569749 6339745 6723193 6545417 6221080 6264740 6628546 5794700 6787780 6025105 6560508 6656175 6939840 6389475 6133132 6340555 6657934 6120017 6094015 6385510 6347914 6307772 6439776 5963438 5722526 6629300 6452912 6223168 6070875 6438973 6102740 6556906 6316638 6275746 6059788 6332307 6616379 6477354 6275479 6405367 6683564 6513745 6764018 6409340 6953255 6643243 6780614 6379625 6465689 6337419 5740345 6287481 6842664 6794849 6042337 6454634 6421649 6234954 6524974 6269350 6469330 5797497 6613145 6474018 6400743 6775142 6024602 6634821 5864655 6572496 6387544 6818125 6417258 6010680 6025142 6669088 6158539 6332779 6512284 6163633 6393894 
6406734 5980468 6396478 6267860 5890659 6064344 5737907 6146707 6199154 6374506 6262067 5626570 5818493 5579232 6111924 6213164 5782277 6232225 5746638 6134527 6695308 6034610 6277912 6161690 6122038 5911529 6031159 6301318 6372755 6504655 6097359 5704822 6443103 6053954 5971232 6554515 6370456 6097070 6298713 6249156 6473266 6214879 6271292 6079191 6454296 6285751 5932577 6445266 6562644 5866294 6319042 6577925 6140714 6320030 6035207 6494436 6099212 6549033 5845300 6256311 5918078 6282827 6171078 6123622 6001522 6233609 5802172 6264140 6279992 6158102 6347216 6377358 6373931 6804642 6211617 5703641 6078814 6338214 5845298 6819945 6343349 6411102 6567781 6278271 5912454 6289259 6220936 6411966 6108339 6647917 5949814 6041234 6383618 6037841 6023482 6201303 5958879 6455959 6100214 6376238 5924475 6350961 6381113 6259322 6572871 6510418 6133054 5795915 6110808 6116022 6295497 6253431 6124504 6072787 6003059 5952320 6362276 6443049 6127950 6208416 6619471 6325546 6032286 6447164 5841609 6267652 5445305 5908635 6546614 5853308 6566065 6218798 5889512 6509598 6039627 6488951 6272292 6544836 6608335 6609651 6232548 5747852 5840507 5980988 6073065 6572836 6153619 6303654 6592427 6376683 6163411 6568136 6012347 6305899 6180148 6321674 6250672 6246760 6504866 6268016 6221288 6339925 6032790 6338573 5963918 6211030 6159319 6207440 6170476 6281769 6111644 6615311 6021087 6316010 6163245 6330554 5905810 6084876 6009913 5758312 6478456 6064215 6050146 6113769 6532526 6178460 6224036 5441769 6251455 6254696 5963881 6471686 6764840 6628386 6487264 5969022 6355996 6345138 5874211 6302779 6683262 5867224 6142496 6099665 6490396 6191340 5996979 5742436 5955076 5916369 5697321 6305675 6145861 6362419 6169826 6005975 6082282 6273690 6396728 6306318 6545713 6443035 6430795 6188112 5966824 6699911 5878582 6371465 6170081 6214571 6368097 6875265 6326358 6056639 6373312 6429431 5932961 5929497 6205753 6344040 6158682 6399347 6176114 5568209 6351267 6271064 6059164 6140039 6450918 6060671 6246537 6134303 6274131 5914066 5930800 6381676 6185704 5982414 6474001 6440791 6359402 6474954 6176673 6475869 6531288 6176562 6067123 6104012 6095228 5914390 5763706 6724257 6558890 5829355 6014448 6272615 6065630 6377992 6167521 6195440 5723745 6143212 6535913 6261749 6221397 5753050 6033258 5736840 6232668 5951770 6175111 6290755 6072310 6211686 6281532 5845738 6245413 6589564 5990799 6179670 
6609839 6269611 6471037 6211893 5774250 6450931 6111925 6317073 6481474 6296341 6363532 5720499 6004655 5597014 6124070 6223297 6054153 6506541 6011481 6084402 6472231 6345201 6540102 6309385 6004673 6163203 6224352 6178541 6541365 6618582 6135365 6269583 6580376 6140968 6059933 6967298 6868746 6368231 6501010 6071093 6483184 6619725 6261381 6348917 6616563 6830461 6069026 6321711 6446363 5975528 6022366 6838125 6600986 6402784 6057407 6672160 6147740 6417069 6029257 6239812 5684331 6496573 6265080 6029926 6367668 6116938 6030962 6194315 6577169 6656863 6363742 6217447 6618537 6678824 6275102 6112481 6295710 6426557 6017533 6764142 6635384 6988964 6125150 6344008 5988456 6450061 6302211 6740998 5931645 6655070 5877917 6206056 6707644 6252892 6429840 6484178 6264510 6513523 6173001 6369824 6019159 6490990 6567949 6243900 6205523 6569956 6489745 6042241 6476844 6054162 6543930 5984410 6261416 6221862 6346327 6065686 6492315 6207523 6142824 6506907 6799071 6352556 6431218 6522877 6020838 6706674 5711732 5845174 6809588 6135771 6639912 6239592 5946185 6545242 5930850 6506949 6422148 6507274 6872640 6350829 6211828 5794055 6356288 6311869 6067793 6810027 6406775 6204775 6746189 6615676 6208186 6445678 6398919 6225378 6387444 6682651 6377625 6200104 6482687 6621266 6511415 6080969 6120703 6597659 6301198 6258138 6317939 6285774 6595214 6722884 6252822 6655276 6278479 6685753 6404566 6512317 5916627 6350297 6395581 5887423 6509296 6041379 5742172 6126718 6555906 6149809 6248936 5842149 6220291 6564148 5849221 6579593 7137032 6635259 6724918 6018826 6446733 6783431 6003244 6641536 7036309 5863014 6151221 6106318 6411260 6243166 6294410 5964187 5985042 5862491 5879143 6366694 6408312 6589549 6239587 5970410 6111737 6493690 6371200 6552096 6415425 6671917 6258858 6125988 6102647 6818565 6193338 6483466 6173854 6209011 6470688 6473093 6276736 5970847 6373310 6403286 6344794 5815316 6196002 6131526 6148359 6514165 6150041 5661838 6618282 6295094 6300822 6224260 6242559 5839403 6229914 6391601 6106419 6083262 6244487 6490184 6321438 5951947 6338863 6721885 6470548 6737105 6400083 6734577 6741516 6639178 6388708 6396026 6223655 5814893 5969429 6713847 6706392 6102657 6270087 6252118 6332076 6665795 6222798 6261546 5736734 6247170 6466591 6473742 6196397 6129194 6640538 6032097 6343852 6098049 6309667 6235546 6081513 6231455 6522828 5802446 6230704 6483390 6437582 6289518 
6627294 6391651 6452632 6444542 6046286 6489523 6310063 6496393 6555883 6406682 6423734 5845298 6361889 6010359 6331775 6155598 6382738 6764111 6236543 6371268 6748479 6523092 6351354 6582460 6114411 6194303 6440207 6550213 6562332 6643347 6190527 6187365 6367151 6250225 6254028 7019510 6705967 6155709 6527211 6254083 6733486 6930948 6336852 6419497 6747184 7052728 6236805 6675682 6762450 6301644 6318984 6821050 6652415 6358311 6463211 6795396 6317810 6446639 6156768 6321766 5980284 6573030 6493558 6209102 6703714 6250083 5908262 6307318 6419563 6510132 6338971 6489865 6609680 6838183 6328545 6309689 6291055 6514182 5861684 7234380 6544875 6851833 6296349 6311879 5984075 6681950 6541386 6768254 6069439 6790286 6415120 6407379 6426950 6102435 6474241 6433499 6105843 7024573 6147865 6505884 6184755 6888065 6821649 6406398 6350076 6935432 6568797 6423023 6349286 6382305 6574275 6116567 6418305 6131182 6564013 6460984 6506071 6253451 6678812 6742682 6776702 6259614 6447427 6425892 6143826 6854830 5886419 5918460 6680117 6257412 6639973 6496048 6041973 6587188 6135494 6814562 6367830 6667757 6891881 6377820 6351845 6028248 6482863 6362255 6342888 7009511 6571433 6315264 6917356 6773694 5939833 6753025 6459652 6455924 6457888 6446099 6609806 6302444 6724257 6744520 6653204 6275315 6550879 6323980 6128910 6323401 6246347 6576622 6401890 6455802 6088797 6751109 5830485 6650186 6739470 6300775 5979764 6317325 6281297 6139487 6839106 6037636 5911062 6308489 6776646 6298601 6150196 6153718 6323049 6442118 6166976 7199966 7094081 6685068 6767656 6204237 6538127 7051577 6363285 6727456 6939835 6152827 6615679 6333581 6643747 6631250 6327797 6028384 6177265 6162335 5965075 6386784 6582426 6494082 6361979 6236155 6371202 6724050 6478713 6553366 6427885 6685605 6625148 6221762 6270560 6845388 6054977 6587839 6053121 6324059 6439520 6979920 6420092 6168442 6341767 6514729 6030922 6395018 6690058 6587616 6187446 7000083 6343891 5917442 6656832 6396044 6337617 6486520 6771322 6077256 6375298 6337212 6299434 6064653 6385005 6483704 6712768 6397321 6275463 6733567 6774533 6943122 6200654 6859601 6412336 6761671 6416135 6340921 6231574 5745040 6148245 6963787 6934733 6037028 6318231 6135260 6048397 6593071 6064050 6433838 5801955 6476170 6693129 6333136 6246135 6262278 6671721 6181928 6350533 6347789 6517449 6447855 6019405 6225191 6500253 5966695 6353502 6556750 6453115 6324962 
6422711 6072835 6518903 6488163 6106023 6049096 6079146 6532088 6273726 6276409 6193442 5811277 6432268 5800406 6360681 6183677 6152289 6417201 5875219 6092505 6649486 5805966 6419067 6325547 5975000 5924075 6297658 6122283 6369590 6679055 6225820 6319329 6461089 6061425 6010116 7003425 6549452 6304359 6553185 6187414 6511966 6273783 6045140 6325599 6491303 6570680 5954456 6326404 6339876 6189331 6137874 7048092 6519572 6269003 6365468 6764137 6120736 6469369 6361849 6166621 5886222 6371281 6124713 6069131 6280697 6094539 6120866 5919015 6282845 6218335 6263789 6351992 6424289 6719187 6010142 6145246 6268994 6362116 5926265 6879605 6514147 6800019 6199716 6386928 5996816 6370432 6513032 6565554 6128375 6437763 5913766 6397187 6420905 6317261 6310728 6490278 6200291 6626945 6099137 6544065 5838389 6435367 6796043 6156982 6422572 6641039 6512373 6028122 6261365 6127204 6541477 6045324 6478855 5973278 6246021 6119976 6148432 6405026 6145397 6620480 6747533 6022148 6378985 6593441 6081420 6333610 5504411 5797808 6833214 6042548 6634855 6370073 5733934 6296637 5890364 6500221 6271141 6564899 6655876 6315759 6497880 5935788 6398711 6218874 6183536 6812379 5994079 6150099 6746479 6613630 5974160 6600625 6155041 6347866 6233564 6732658 6504696 6075578 6303913 6599823 6467776 6202045 6256518 6485207 6242076 6410378 6357898 6272032 6330290 6269476 6183651 6605160 6055709 6472513 6384842 6720686 5699904 5976527 6088247 5843593 6670845 5928137 5827578 6069088 6502830 6252824 6117222 5766430 6007204 6399230 5859726 6682945 7172756 6645551 6502120 6057937 6215674 6774389 6118621 6571250 6771027 6262414 6312927 6068419 6551254 6179997 6264285 5705368 6133139 5834150 5830116 6391284 6366738 6297784 6353548 6067125 6361449 6260803 6289265 6384805 6563625 6500978 6585203 5994946 6199135 6761369 6097762 6486012 5724421 6316874 6144571 6657397 6230068 6048719 6208168 6513922 6025328 5956649 6133323 6367328 6215859 6698336 6123068 5706033 6426485 6339636 6036246 6175009 6318929 5699491 6212439 6012885 6138415 5954809 6062616 6553437 6442311 5903279 6453116 6545786 6550183 6593973 6370876 6757753 6682219 6390869 6192671 6000916 6465361 5727706 6027155 7106481 6647790 6137083 6252414 6286939 5952807 6534619 6158378 5910535 5819001 6368710 6325153 6393683 6108437 6076579 6673217 5949167 6385569 6250202 6577847 5932169 5801013 5972516 6481076 6107997 6455019 6431924 6213586 6205377 
6622804 6517462 6598507 6524499 5942934 6431959 6043657 6512200 6500634 6694686 6583260 5936473 6320872 5697142 6034423 6419041 6244012 6816780 6430638 6649948 6962331 6590299 6428946 6428708 6316033 6245557 6379825 6736243 6609806 6891115 6013969 6203403 6391611 6231240 6343428 6920454 6649009 6397552 6737086 6186385 6618855 6600056 6574684 6306783 6590506 6688702 6379882 6652241 6553374 6177477 6494145 6853897 6733410 6447944 6190317 6869476 6243379 6795861 6168636 6524161 5930505 6481998 6004668 6502179 6505605 6746562 5857030 6549726 6550153 6399333 6446640 6494306 6755917 6778979 6234026 6099253 6330471 6763067 6247540 7124581 6642944 6791340 6601244 6549626 6026068 6462851 6675506 6867577 6451067 6884373 6326644 6473830 6694210 6202229 6570027 6530712 6388601 6718625 6407350 6612507 5998731 6708540 6698030 6568041 6469809 6609957 6520054 6231741 6402259 6373781 6485339 6374772 6376193 6398941 6417749 6058290 6275919 6405694 6537236 6466978 7019463 6398732 6505585 6556232 6077620 6766317 5906480 5977590 6745907 6521385 7033865 6533918 6292954 6649257 6137785 6860430 6540871 6834026 6710648 6589602 6500319 6064906 6273658 6238197 6361026 6826688 6374158 6482733 6581342 6828575 6409767 6797179 6320779 6507595 6456077 6674697 6327780 6397420 6776386 6615084 6768865 6081644 6234387 6703665 6131579 6516853 6230031 6614631 6422863 6534709 6425859 6924056 6171085 6815079 6540094 6406728 5771761 6238240 6395079 6230470 6947721 6106140 6237961 6318454 6869161 6451314 6456401 6203130 6418062 6812739 6031854 6853204 7269194 6692909 6914103 6114879 6330266 6927078 6544600 6861152 7081085 6121279 6416026 6179818 6571678 6575635 6488198 5966559 6129909 6180901 5918707 6615939 6536372 6538741 6225913 6303165 6667664 6502392 6540274 6644911 6482735 6701910 6591546 6234639 6260799 6737310 6037276 6798537 6484097 6476296 6810374 6664004 6477093 6290088 6331788 6721702 6365187 6217735 6797658 6505570 6226579 6683551 6375121 5895383 6756854 6630182 6317484 6350318 6821450 6234965 6585840 6382798 6600176 6223431 6468259 6698254 6864106 6486054 6604657 6773873 6839325 6927953 6496289 6811059 6511292 7046357 6593904 6431498 6496340 5985871 6045123 6855394 6710596 6029455 6488243 6536450 6110692 6734347 6155419 6414137 5965429 6313103 6628248 6433734 6465540 6359442 6512911 6345060 6767372 6631728 6771745 6413840 6216285 6126479 6422299 6166073 6522253 6663921 6210429 6404302 
6666551 6244680 6415513 6226428 5912519 6383734 6038569 6277781 6352544 6465823 6203028 5971320 6149732 5531614 6086629 6287517 5961859 6566327 6161365 6229575 6731124 6325761 6624755 6346193 6065708 6398979 6331948 6426668 6379622 6685011 6233946 6026830 6404535 6234895 5951309 6611208 6735088 6357312 6622986 6122663 6561584 6586658 6111997 6336776 6609240 6459341 6056337 6430034 6579925 6061014 6046743 6738424 6385686 6580684 6111094 6786548 6302402 6577225 6111550 6268164 5681797 6416518 6181639 6163112 6368104 6388703 5905853 6300044 6598705 6422144 6452676 6361651 6461009 6630688 6130549 6007236 5791969 6451927 5993567 7041266 6608643 6611066 6279964 6177846 5786018 6405834 6315292 6615566 6273618 6751958 6062758 6030291 6536269 5982944 6348318 6382553 6096871 6450549 6268614 6358589 6306150 6506593 6517364 6313057 6331128 6566296 6249775 6261033 6229199 6073845 6373726 6330298 6183427 6190823 6359769 6275412 6392782 6189509 6050566 6719719 6878118 6355679 6245475 6250815 6114273 6625833 5699154 5797992 6583252 5851158 6538964 6040339 6047770 6451045 6003708 6473392 6406982 6627397 6965250 6237775 6363525 5749845 6096655 6317804 6226231 6808235 6287683 6263811 6675691 6499082 5939507 6824864 6429959 6324961 6341489 6632253 6361207 6207376 6496207 6559795 6692464 6073806 6460660 6317490 6189159 6134677 6282021 6213227 6386781 6314008 6106519 6650773 6149694 6662204 6550237 6260586 5786701 6461595 6316444 5996467 6489803 6138495 6121399 6408563 6738161 6063281 6141088 5938943 6256725 6558647 5889341 6836326 7091374 6707581 6489863 6113248 6536173 6616579 5904051 6606573 6561107 5800334 6035957 6344867 6515011 6115483 6041878 5847878 5976000 6023825 5525827 6410545 6346013 6275329 5918531 6171310 6069178 6577187 6324850 6639914 6483825 6529240 6577823 6097067 6265031 6674486 6048159 6666476 6148940 6356869 6575022 6622874 6425664 6266450 6277403 6515583 6146128 6197154 6103899 6248296 6278375 6480587 6195547 5640477 6500534 6249259 6252975 6315320 6257987 6113523 6414770 6453487 6135443 6036594 6145530 6611190 6306668 5993947 6240758 6678865 6417051 6867939 6316898 6848152 6562111 6616832 6224048 6365678 6090947 5911092 5854880 6583847 6651324 5827545 6273681 6385707 5762453 6470732 6167257 6233445 5852581 6260717 6410577 6580889 6307674 5943043 6359134 5989594 6348532 6183009 6270352 6242229 6078448 6138277 6499038 5939477 6438087 6592490 6190367 6379303 
6474052 6064531 6373697 6494234 6140013 6124790 6216837 6541831 6055473 6659598 6796381 5779337 6257749 5998604 6425332 6300736 6328577 6435187 5893092 6584650 6543447 6276054 6545260 6174009 6109166 6150764 6535193 6398776 6769620 6642479 6196112 6229032 6660442 6047619 6480692 6903360 6828330 6565508 6511890 6337262 6676174 6583652 6338922 6427690 6740591 6498784 6194059 6679624 6655319 6314085 6277948 7029515 6497053 6411256 6489685 6778041 6301852 6457457 6109237 6208713 5766108 6455940 6200656 6319748 6335744 6399360 5941583 6159588 6367304 6516271 6274457 6609444 6611147 6732792 6233735 6354513 6306850 6416219 6063893 7000906 6556924 6661800 6494754 6214841 5977262 6658387 6212145 6659472 6323027 6698432 6203891 6396904 6756212 6333755 6426245 6733608 6182279 6751577 6184222 6665342 6039471 6581898 6897380 6195761 6701723 6676744 6470432 6137961 6351243 6275088 6482071 6163171 6300870 6605874 6273034 6275505 6225812 6271203 6436480 6464565 6879550 6511253 6440315 6597274 5931945 6617128 5655392 6144479 6683521 6253537 6866645 5985321 6115353 6527713 6109999 6529724 6446829 6678327 6761217 6529731 6362722 6068481 6380103 6169199 6283523 6733109 6506958 6350641 6934611 6703637 6247162 6902905 6404302 6192849 6456216 6671570 6459573 6426635 6470238 6709279 6590646 6643574 6550557 6733148 6254343 6394869 6407393 6212537 6358240 6501451 6272361 6706444 6058416 6492294 6624243 6764769 5906657 6081900 6410369 5956720 6852283 5935207 6128504 6220286 6722161 6390164 6216775 6235602 6259508 6479427 5977927 6728984 7112172 6437556 6604173 6257912 6516225 6928273 5902090 6682932 6842818 6283235 6294772 6308318 6400519 6535045 6161285 5806504 6204430 6192420 5891363 6618327 6519074 6511821 6242935 6155796 6519335 6446253 6296234 6570926 6647944 6610757 6715554 6193960 6169508 6883258 6258319 6700116 6199082 6323112 6380995 6810486 6390992 6248793 6502768 6573900 6164359 6140780 6301177 6299553 6205203 6677542 6322327 5859424 6651001 6906637 6143870 6269621 6527524 6145187 6462546 6238004 6415107 6282519 6331471 6662622 6722496 6176630 6737377 6602956 6741426 6797916 6566936 6655185 6426617 6503048 6434764 6446931 6525894 5549054 6093588 6920431 6684302 6188474 6316980 6552533 6210697 6444212 6301824 6449952 5894592 6375804 6563027 6371206 6319765 6232741 6685393 5976498 6542955 6193368 6291106 6306654 6144724 6229580 6299218 6046087 6453901 6863204 6470404 6184395 
6316102 6160824 6188930 6174652 5953737 6098872 5861747 6397668 6335548 6627798 6308751 5550717 6108779 5585890 6021656 6089561 5794782 6167930 5776835 6189890 6835960 6093020 6269379 6164258 5860996 6026622 6195065 6172138 6508185 6497529 6015945 6023797 6418894 5999769 5918280 6725894 6782185 5916966 6567357 5914959 6542215 6598062 6067116 6018935 6607543 6422770 6226938 6340394 6347707 5999731 6117514 6662769 6348628 6225919 6243863 6629007 6132538 6463671 6019333 6359058 5920318 6420622 6322139 5935010 6157950 6172418 5713108 6117906 6262269 6330003 6284056 6133736 6780128 6627507 6072688 6010913 5978177 6289195 5892291 7121022 6475120 6458077 6210958 6328882 5938241 6338230 6091577 6425136 6023165 6470057 6183262 6087927 6518032 5889263 6179843 6070766 5803013 6534784 6133322 6251795 5837841 6264360 6612610 6029362 6266375 6470820 6411222 5814227 6312064 6090951 6436387 6222902 6231286 5937972 6288794 5952081 6146021 6018440 6291283 6223320 6554144 6151120 6061907 6528912 6087956 6337896 5411949 5655606 6772028 5911049 6265472 6166819 5945286 6331449 6001534 6268896 6088417 6567505 6446024 6408744 6159181 5657483 5992801 6256986 6257604 6627816 6289744 6144236 6632606 6357653 5974785 6502385 6330560 6262012 6423291 6408545 6323024 6099488 6455866 6375585 6528497 6385590 6179087 6191381 6173614 6013063 6145396 6337404 6283452 6182129 6013657 6452574 5940996 6450967 6315596 6227455 5803898 6234762 6081895 6020150 6473278 5980782 6048219 6122432 6515638 6155942 6045898 6017827 6431964 6411782 5939915 6738900 7077276 6586933 6469936 6250593 6396941 6380167 6039738 6525857 6779750 5870351 6253343 6151397 6592415 6113433 6191674 5901505 5885233 5974884 5542597 6408244 6342350 6265654 5937539 6135499 6223550 6460074 6560516 6267176 6402970 6482408 6397503 6121786 6220648 6678199 5895678 6244903 6219137 6283293 6276000 6666910 6353227 6077574 6207881 6646571 6157519 6011899 6196831 6137358 6165282 6630544 6243430 5530452 6294882 6265617 6097811 5966587 6362641 5896472 6295505 6278505 6428356 5973761 6127099 6548934 6169397 6071862 6235022 6487758 6379757 6589389 6229260 6775434 6306244 6555948 6280467 6143240 6104972 5520937 6048746 6742369 6837766 5957803 6124362 6132538 5917434 6472531 6017592 6266032 5833655 6211167 6554948 6333894 6171299 6021581 6318510 6079509 6192306 6216419 6175703 6060966 5898898 6041530 6249999 5744196 6191509 6353634 6079433 6160390 
6870002 6792274 6680162 6635558 6344077 6736041 6466457 6765964 6711676 6470910 6411575 6124876 6558124 5976911 6489810 6654186 6348553 6878177 6204116 6417131 7008052 6492543 6751576 6956368 6328331 6524001 6394242 6856387 6713499 7039118 6344371 6224774 6609320 5953162 6400403 7115334 6783916 6471247 6588053 6595979 6589711 6789444 6459672 6636950 6842713 6798036 6400048 6810560 6851149 6239681 6344923 6955884 6794954 6622504 6503677 7030801 6686346 6697633 6572130 6495089 6273664 6606940 6632666 6288698 6521984 6958070 6218287 6525118 6579800 6747292 6443590 6696629 7177693 7135980 6430066 6370964 6595383 6536186 6446160 7189835 6941241 6707736 6827241 6828097 6106146 6608067 6500409 6888289 6577107 7109441 6411874 6300224 6849217 6279954 6664860 6578275 6457473 7262411 6534481 6583788 6306980 6947828 6822144 6667762 6813034 6949477 6741723 6377633 6338210 6042353 6624588 6571158 6378417 6237618 6577351 6440263 6542550 6495231 6703644 6756664 7089112 6730376 6562931 6820464 6239687 6744339 5986089 6113514 7095383 6358068 7044173 6513785 6476736 6834352 6147002 6879817 6331314 6836032 7077081 6729959 6657794 6207552 6445665 6475145 6660971 7122511 6722563 6571774 7300520 6716135 6455206 6914688 6917238 6801840 6533789 6640146 6593534 6468295 6823854 6927418 6943706 6682997 6524567 6862684 6479375 6798438 6461203 6881550 6414389 6657652 6378476 6902976 6587648 6997807 6987441 6709412 6113413 6271578 6326088 6313671 6993920 6275091 6413986 6386582 6893746 6439847 6633150 6190885 6766173 6560161 6210264 7179025 7332273 6877281 6902314 6533698 6738050 6881989 6369876 7025804 7033164 6348782 6618946 6733637 6913423 6713041 6597526 6303600 6139449 6548631 6023871 6757342 6862900 6734109 6332731 6676488 6496210 6874348 6608062 6562073 6663445 6844349 6889208 6217086 6613150 7023649 6180132 6681201 6495163 6535269 6774327 7005847 6790872 6405650 6716587 6943231 6352778 6405010 6451841 6609399 6320750 7033826 6432728 6111713 6811257 6727862 6378498 6505576 6703910 6250026 6377288 6538786 6583864 6193693 6586029 6811597 6669515 6472830 6504357 7088679 6784728 6940200 6589270 7089840 6823865 7032109 6569258 6573935 6497625 5954077 6455727 7093656 7126781 5950288 6587862 6735489 6338851 6829213 6505850 6793742 6045007 6491437 6904528 6375996 6405303 6471476 6703857 6389510 6745150 6290672 6605080 6485009 6066511 6432203 6677183 6150979 6592231 6816605 6348149 6527565 
6934235 6735169 6765392 6471707 6150020 6800534 6407460 6853443 6893160 7002285 6589149 6380704 6626066 5841762 6588112 6518509 6435974 6760464 6727797 6799635 7252834 6809657 6783302 6634088 6278338 6500120 6534816 6950983 6885734 7068164 6571030 6293433 6780158 6466930 6471681 7223789 7108514 6586025 6817120 6387690 7163664 6936225 6553779 6538922 7087245 7096646 6653371 7119233 7194599 6352715 6599378 7178332 7070922 6828275 6578466 7037067 6549969 6954456 6549416 6579195 6167896 6746249 6723412 6575143 6708420 6843359 6292540 6817124 6705728 6718847 6804177 6769352 7043686 7301592 6552427 6748277 6608898 6848549 6416386 7479601 7175328 7032128 6852906 6958022 6238227 6719613 6652383 7176710 6608073 7292627 6488977 6500394 7060258 6600521 6795645 6645170 6486453 7199433 6303526 6681104 6289467 7039513 7128240 6821844 6820106 6930146 6878397 6675792 6340761 6502374 6982808 6350754 6776732 6639372 6847750 6668655 6695437 6671915 6700596 6708923 7125498 6557705 6531883 6911269 6126159 6838287 6098735 6253173 7001578 6436394 6749774 6685755 6281907 6667720 6313188 6883734 6491233 7126076 7004616 6872662 6865401 6339592 6520271 6587937 6633750 7248757 6548017 6522664 7169251 7015665 6673911 6886607 6825038 6668368 6520643 6975381 6740546 6651077 7128593 6877367 6984273 6900190 6719064 6651560 6436211 6762752 6416336 6975447 6727253 6576989 6642632 7132556 6418106 6965707 6989331 6895329 6144197 6641932 6641509 6596586 7126553 6286604 6476504 6496406 7064557 6866112 6553944 6134950 6793599 6860447 6482874 7390637 7470471 7151251 7123412 6818009 6848210 7152053 6467114 7114432 7284466 6499774 6716289 6844571 6801315 6995576 6566179 6421902 6492637 6385331 6133220 7040648 6771532 6808948 6738280 6305048 6728531 6943058 6847948 6889831 7097448 7017047 6728607 6696113 6527278 7145600 6306021 6755518 6758907 6868165 6891662 7165109 6559507 6429238 6802504 6967383 6541568 6291784 6625348 6594418 6909685 7075061 6775312 6241216 7079395 6790300 6637622 6535161 6780979 6337549 6829379 7010701 6423697 6132789 6399082 6740741 6871849 6347655 6865606 6860903 7177972 7356824 6595945 7070593 6770546 6899535 6672554 6909529 6661637 6371759 6465766 7071721 7386995 6424300 6656758 6711485 6428638 6835626 6573480 6788109 6238058 6664079 7055553 6759671 6707782 6568271 6763944 6375266 6806056 6736218 6814593 6716553 6264632 6481403 6649488 6438223 6742933 6986888 6704315 6772076 
6988954 6314415 6711660 6626057 6457418 6381245 6506603 6626291 6648703 6846076 6497309 6052578 6591086 5960974 6576377 6689802 6197674 6738155 5989165 6579642 6797977 6415606 6918577 6619054 6309012 5995143 6582955 6331436 7179311 6817640 6555769 6176418 7002558 6272978 6520590 6962182 6932611 6297403 6951456 6534562 6866005 6477809 6351753 6273393 6792589 6720365 6376307 6480270 6685210 6419288 6508716 7082182 6945105 6753054 6533491 6975237 6472923 6892245 6649406 6493257 6129820 6571780 6808838 6574017 6402679 6795914 6077423 6302591 6716436 6844552 6453348 6841770 6894837 7103083 6551114 6615193 6449688 6708575 6219096 7534248 6752224 7263056 6564053 6966913 6076893 6592697 6500851 6903507 6393945 6881783 6416099 6526370 6796196 6433980 6704301 6639479 6246149 6880606 6424622 6860309 6081299 6740323 6889746 6334314 6551971 6898228 6615453 6422269 6638945 6394440 6741985 6255439 6518873 6310423 6416228 6454460 6455926 6621765 6458325 6592176 7162116 6625512 6660731 7022254 6115694 6954145 5943934 6274362 7037537 6310794 7336294 6388019 6217223 6947622 6236361 6470609 6606301 6772064 6881973 6753199 6462765 6161467 6587361 6174609 6775688 6992160 6903972 6612230 6955865 6654712 6595024 6689539 6626692 6638235 6358850 6942834 6965266 6516226 6818050 7141334 6889585 6503985 6535427 6542807 6506003 6617930 6533670 6592892 6879348 6671580 6499233 6895326 6418197 6912975 6672026 7000247 6200932 6526496 6633270 6118430 6874694 6475411 6530702 6472560 7078224 6380741 6596644 6173535 6811367 6708648 6165066 6950544 7287993 6921338 7029715 6321489 6891791 6995774 6229786 6934442 7049755 6004729 6629863 6506380 6860190 6424456 6702506 6185102 6148405 6374954 5810502 6864890 6554795 6759076 6315486 6386704 6466897 6658102 6648147 6853683 6843817 6866175 6947394 6452303 6510196 7008222 6261551 6765335 6592356 6688437 6595694 6848594 6869999 6510077 6521040 6929439 6520020 6421685 6558429 6458536 6535634 6835911 6192662 6131899 6878596 6742671 6672814 6474724 6695254 6220680 6640427 6456203 6401488 6334630 6273403 6805825 6790160 6423974 7035665 6781967 7055492 7111270 6792046 7257652 6989041 6786144 6470025 6600256 6733464 5890620 6256154 6981430 7118042 6282654 6507488 6605452 6406922 6872786 6491107 6785928 6026550 6530263 6960295 6579749 6527764 6329941 7048874 6052782 6729890 6438185 6313933 6571125 6353888 6508565 6626899 6353014 6380769 6760770 6401858 6434294 
6449154 6166759 6318844 6226712 5880207 6435289 6112533 6662231 6404244 6623622 6452388 5685353 6121765 5600202 6398999 6222622 6322000 6492122 5882903 6297595 6855123 6419762 6335703 6182207 6303659 6165113 6485255 6335696 6518744 6591570 6201202 6195202 6513529 6181516 6302069 6873778 6697427 6213260 6644707 6115009 6483189 6552089 6334826 6240644 6745502 6602391 6026165 6455787 6441516 5909400 6345957 6818441 6519555 6472329 6272952 6649716 6148010 6584058 6050414 6226242 6044733 6400096 6183930 6262523 6145337 6107250 5863236 6343893 6492183 6650267 6461668 6476670 6643011 6546634 6359496 6260974 6292969 6510485 6021380 6979882 6707263 6729040 6076262 6243644 6078475 6391196 6386646 6947907 5992516 6637958 6147288 6411561 6774711 6142756 6356213 6417590 5958638 6344991 6487546 6381911 5981173 6579392 6660343 6131949 6597294 6453495 6334236 6274454 6265568 6138377 6679518 6294179 6272283 6368857 6357510 6150481 6442631 6321001 6273192 6322427 6696584 6247802 6329664 6728591 6139796 6764484 5744743 6124188 6817273 6204660 6582272 6064726 6039566 6600475 5980759 6634293 6423862 6652733 6628824 6379194 6516643 5956147 6441880 6585193 6284048 6830615 6115697 6333906 6804868 6703139 6278705 6808581 6341796 6260165 6314945 6490594 6532767 6331781 6794284 6834560 6626700 6392737 6288017 6380393 6247975 6484679 6280077 6303011 6376183 6370191 6333824 6763224 5971204 6625462 6508424 6449209 5929392 6205643 6325677 6177904 6521275 6266515 6202454 6309353 6868166 6426412 6509479 5819161 6561486 6486586 5991440 6610739 7005028 6771177 6622153 6222630 6504148 6711364 6133600 6465510 6991689 6000031 6299049 6251650 6600368 6577331 6650496 5821981 6256591 6051119 5879976 6772992 6472814 6448296 6001197 6074146 6312757 6325313 6642692 6589744 6574629 6530214 6519045 6340181 6244358 6717203 5963602 6440827 6017960 6274541 6436071 6585583 6416237 6168879 6705866 6660216 6118179 6191618 6274641 6245488 6441211 6842796 6130388 5817328 6921929 6613798 6091267 6104515 6590910 6024290 6273069 6315905 6470886 6260569 6345775 6401041 6302791 6196002 6463420 6707288 6710175 6681586 6469146 6540712 6394411 6311316 6327040 6440791 6304086 5922172 5830870 6870668 6855314 6146277 6350096 6545442 5904866 6721459 6154401 6551949 5676323 6508146 6217849 6434429 6305304 6411114 6264298 6147077 6535917 6094854 6108284 6110562 6166963 6170297 6610193 6031732 6257591 6851684 6139027 6152935 
6824377 6878516 6529352 6457544 6200845 6475962 6525435 6487079 6366977 6614543 6531240 5953171 6398599 5767252 6594349 6511202 6251760 6779094 6307933 6545044 7051808 6691457 6749893 6656844 6287183 6205139 6421614 6745331 6528227 6814137 6372572 6049109 6760461 6438204 6391110 6899613 6689919 6517010 6810555 6651771 6497187 6584988 6389385 6435523 7154826 6813496 6483662 6648928 7014636 6424122 6498884 7022015 6919494 6493603 6326660 7003905 6359722 6951787 6327519 6588452 6227957 6591146 6487571 6578747 6556296 6550291 6068091 6707869 6526840 6576355 6596743 6717759 6829961 6857704 6727956 6460984 6634384 6638122 6156650 7296120 6801491 6992742 6638379 6603399 6120683 6577028 6765969 6769900 6359934 7020799 6372246 6487957 6886518 6179208 6384518 6537345 6317359 6886986 6476588 6712735 6287484 6720308 6766984 6527862 6892607 6691374 6635723 6175012 6664501 6312984 6702810 6375885 6362761 6391649 6457989 6419800 6744818 6488685 6411409 6761045 6866813 6629330 6753440 6842454 6184102 6887024 5783610 6185405 6831367 6175186 7014043 6561813 6535506 6490106 6194633 7203812 6632627 6890538 6943597 6797111 6662622 6028133 6635477 6413564 6431143 7043414 6870888 6668651 6876508 6656972 6113170 6962140 6548095 6595977 6694000 6989708 6561236 6562055 6861585 6674206 6760006 6649266 6697813 6570665 6283030 6549868 6565575 6390537 6620082 7224929 6416382 7079504 6526629 6951401 6696931 6934093 6069627 6371138 6536141 6457149 7041626 6547427 6393535 6541982 6657551 6331838 6595911 6074983 6429559 6642225 6218121 6955273 7194476 6868274 6857684 6312496 6664473 6997521 6432548 6589475 7019400 6322224 6658961 6565663 6934017 6787557 6624554 5920050 6335824 6535873 5973284 6907330 6525871 6696921 6161933 6308173 6368556 6597485 6652898 6553527 6685578 6861628 6799108 6414318 6252946 7010587 6177431 6652635 6181794 6316058 6743586 6885479 6401615 6207329 6807016 7031085 6275913 6286022 6572924 6772979 6431940 7027059 6494898 5841070 6998567 6642940 6179609 6330689 6988214 5932021 6652636 6740273 6609463 6199266 6381628 6713509 6544327 6255923 6577926 6988539 6797913 7000373 6608841 6707453 6819925 6859803 6422460 6604342 6473064 5885398 6254177 6983511 7184759 6237827 6628406 6627453 6307677 6635204 6560868 6756540 6044021 6710155 6815101 6463399 6413270 6480060 6543424 6297725 6347443 6576577 6519241 6425023 6441246 6423658 6784824 5991876 6638307 6907389 6497338 6562987 
6186332 6140762 6259681 5997268 5766305 6266531 6162227 6235913 6148441 6530950 6300651 5760634 6285853 5390483 5923693 6095045 5906939 6324599 5962507 6245600 6680602 6093938 6311223 6174361 6215382 5949309 6306026 6044407 6588175 6205320 6068873 5806025 6303121 5735934 6001498 6557764 6212389 6192945 6506643 6078174 6471320 6147214 6232401 6037957 6435407 6451601 5961467 6272487 6520717 5776056 6117581 6934917 6484654 6120360 6274174 6592579 6067911 6373144 5922840 6065915 5686115 6266418 6113401 5934151 6130799 6080642 5824536 6108458 6249186 6441891 6193960 6395851 6227777 6661647 6114322 5949306 6226642 6452388 6260699 6748666 6492651 6581209 6251103 6175338 5811594 6222957 5986342 6583749 6092038 6557584 6149635 5996320 6532024 6111710 6183142 6374403 6081549 6232584 6135680 6237828 5874866 6368787 6591314 6034005 6318445 6231529 6331974 5908592 6277173 5871173 6283327 6151388 6442652 5929411 6143177 6220649 6378956 6219092 6390471 6412977 6501621 6284503 6129990 6237444 5978071 6544044 5622780 5747671 6525005 5882745 6365435 6205772 5950506 6155237 5916066 6504305 6144767 6481292 6517181 6189356 6279787 5996285 6217940 6044029 6397693 6551221 6116685 6315330 6640039 6392140 5920500 6546697 6500810 6127216 6364050 6476238 6262909 6177593 6287073 6320726 6418386 6408545 6004267 6413415 5902489 6095414 6177234 6209550 6124710 6091903 6233502 6673492 5979741 6414565 6568292 6341594 5665203 6053240 5980167 6258079 6357837 6101454 5699573 6024358 6518160 6155338 6193039 5796298 6053877 6094966 5872582 6504851 7082632 6442037 6460325 6118646 6084258 6600406 6087103 6298580 6700433 5841557 6197431 6254181 6542148 6364212 6275044 5812270 6110166 6207582 5495050 6408940 6190897 6407528 6279193 6029367 6102317 6601870 6184332 6296316 6461478 6294145 6331310 6147029 6104928 6679181 5885421 6593270 5891737 6140177 6267867 6830849 6067853 6043330 6263566 6473870 5888221 6077539 6056922 6118333 6228519 6425444 6072038 5596433 6514307 6201107 6088816 6076148 6481330 6039877 6147883 5992074 6197923 5992419 6025881 6229136 6339610 5834387 6377938 6484773 6372640 6474073 6170240 6588158 6229821 6528335 6339913 6097872 6085385 5749414 5988430 6728035 6717285 5839624 6178706 6516479 5906037 6402074 6167406 6126464 5815807 6410601 6424185 6273212 6031043 6069887 6411142 5879014 6179219 6129914 6233644 6164894 5871876 5959017 6381264 5988245 6335376 6466185 6001546 6024070 
6619593 6241711 6435158 6353219 5838297 6183790 5970811 6398394 6368600 6616117 6558076 5895250 6166721 5614373 6179266 6164389 6212888 6327624 6023552 6259468 6644375 6212042 6548652 6176618 6117087 6089134 6270314 6241702 6332773 6579857 6111660 6215753 6534211 6145395 6070972 6790785 6574045 6116095 6503207 6137445 6402653 6388498 6109414 6098601 6522956 6715207 6022767 6668628 6562400 5935349 5970830 6766515 6399400 6488282 6369272 6689048 6464699 6598046 5962572 6193830 5777377 6642367 6406320 6134849 6377015 6277879 5903870 6308842 6337318 6475812 6384397 6285184 6495532 6538967 6137314 6018208 6178328 6389918 5961552 6922088 6758273 6795606 6392569 6267933 6026542 6702929 6306168 6721548 6120549 6839401 6068781 6140535 6569247 6241367 6390231 6381072 6107856 6323682 6128469 6457745 5894537 6490586 6623602 6189221 6388905 6401157 6233206 6046271 5932900 6271237 6553169 6353224 6299080 6223954 6549785 6362535 6417473 6323605 6313581 6468548 6723009 6516720 6304507 6380270 5880093 6347383 5720973 6020587 6853600 5894722 6755324 6124328 6095169 6281846 6152807 6599665 6212645 6638003 6728412 6362028 6334980 5843792 6291109 6311099 6388911 6903483 6223505 6203684 6717904 6510561 6149405 6642196 6153995 6195978 6414975 6599525 6352057 6299686 6838016 6798474 6463447 6641830 6297582 6324552 6113673 6255930 6382730 6362437 6442221 6392292 6238369 6662576 6114708 6580614 6494015 6255748 5702294 6148070 6164572 5978487 6570775 6178840 6106596 6419691 6632494 6258991 6295462 5997124 6108073 6568506 5893713 6625224 7005297 6783274 6552638 6133094 6260657 6813657 6155012 6363857 6676371 5893713 6405997 6041254 6321356 6156989 6237294 5890954 5940274 5819861 5891395 6525748 6220614 6560584 5998073 6030577 6234165 6625499 6443648 6560498 6675980 6674981 6573375 6012858 6419203 6753273 5969879 6338120 5825073 6246938 6521701 6584327 6623712 5988569 6366182 6446817 6243771 6167505 6401090 5927896 6150783 6604094 6183690 5784827 6568900 6519570 6003460 6073705 6580577 5989459 6326852 6419516 5819746 6351405 6382510 6450284 6418634 6268778 6609610 6530610 6454431 6956138 6458426 6590774 6746403 6456044 6246650 6405524 6348287 6019533 6117458 7008593 6780912 5970469 6273372 6493097 5880129 6649541 6181341 6363778 6043074 6357413 6704370 6485975 6107538 6187598 6382322 5779040 6294340 6166567 6386857 5980177 5892553 6231283 6354781 5983265 6472676 6611632 6193177 6216818 
6723586 6450540 6801937 6520465 6151399 6220014 6404501 6807139 6459546 6835309 6565947 6233354 6444007 5980002 6330504 6344038 6460803 6712036 6359321 6529782 6884332 6387921 6623473 6447642 6456083 6342229 6382006 6420846 6650654 6863189 6559302 6186865 6699637 6339350 6510179 7064854 6991748 6477631 6839403 6295908 6673912 7073572 6677490 6511896 6923762 6787238 6521850 6903374 6804237 6387387 6570715 7065506 6920832 6821723 6289316 6993162 6406716 6778726 6528267 6466268 6278565 6595519 6561283 6576296 6347875 6686458 6134488 6395980 6840905 6880829 6460442 6754404 6779376 7078773 6586319 6575857 6396945 6697505 6131482 7446073 7020836 6941465 6964268 6817798 6168565 6589459 6660847 6806321 6288044 6892992 6677471 6356781 6809066 6470147 6575247 6723484 6528780 6749152 6717955 6746379 6145818 6843121 6931116 6383171 6544778 6690428 6540287 6466100 6548179 6536602 6808415 6406283 6681372 6336690 6759640 6470027 6473870 6623700 6687401 6965435 7240698 6421179 6779203 6695072 6090689 6710397 6024824 6044081 7154460 6505030 6967508 6473874 6152867 6711919 6172817 6803932 6319719 7174943 6847625 6884892 6676527 6064752 6747117 6240960 6583174 6973432 6356867 6567587 6932328 6937098 6342722 6832770 6441856 6673336 6584634 6865816 6706061 6640027 6927732 6853428 6494351 6467971 6372066 6569001 6471722 6685635 6677316 6596447 6671629 6677123 6554701 6674296 6540353 6735059 6880038 6621688 6146500 6300098 6292912 6332420 6853393 6320956 6250194 6295066 6960526 6633832 6441642 6348308 6757648 6645005 6263612 6913078 7194615 6616011 6906682 6168335 6725282 7271343 6294971 6629445 7004257 5906109 6334543 6593099 6775440 6766248 6476526 5899615 6419939 6226679 5808966 6601850 6573823 6536110 6497418 6485746 6311809 6430401 6855201 6855729 6600546 6803126 6698219 6423839 6632835 7090170 6395830 6943574 6428888 6496369 6756421 6891214 6769966 6352256 6519732 6724988 6044479 6464322 6299121 6688435 6491745 6851873 6272852 5956346 6768159 6842878 6308990 6365825 6645318 6223376 6477037 6483073 6445416 6362854 6470426 6789373 6760867 6445544 6757166 6731092 6868669 6857168 6441070 6967997 6844164 6711730 6558664 6663297 6513080 6055138 6129149 7311199 7082973 6050403 6661799 6468307 6168964 6742419 6296946 6757413 5972229 6792189 6801618 6864183 6684750 6317535 6922728 6199915 6632635 6602610 6719372 6440142 6199421 6389594 6616031 6164625 6425983 7032642 6503397 6680596 
6923256 6301379 6505735 6549799 6195036 6451890 6021667 6468762 6612226 6836350 6641021 5966564 6275977 5715997 6417112 6363734 5975445 6643753 6191205 6536958 7100429 6460110 6875626 6392639 6533537 6332108 6493225 6694656 6603528 6784295 6365969 6294891 6460801 6247910 6415381 7027189 6674907 6421444 6634861 6159547 6702625 6643459 6261625 6306547 6866641 6773592 6239270 6519885 6791511 6311733 6375762 6999226 6491437 6342628 6449310 6856376 6409217 6909462 6026601 6260892 5940567 6640454 6416879 6835093 6442702 6535415 5980258 6492993 6428614 6434525 6432540 6446892 6634537 6803621 6536920 6266943 6373947 6576158 6387207 7150839 6904127 6844801 6451137 6559858 6010896 6590620 6614418 6820096 6414653 6916345 6148451 6407985 6646139 6345379 6599242 6476647 6206756 6762748 6258123 6785121 6119120 6435432 6704863 6535471 6656880 6484865 6676260 6406551 6529497 6470889 6550545 6295258 6221728 6242033 6449722 6165686 6560253 6080694 6397039 6737061 7113745 6485011 6676987 6889738 6257271 6422810 5711019 6324102 6929880 5989578 7040247 6459551 6084413 6662252 6340181 6853014 6461520 6788719 6965834 6603309 6453276 6074308 6217018 6324474 6438185 6992386 6371848 6394287 6944567 6797810 6129557 6864001 6718111 6632974 6671121 6642481 6542315 6172825 6477112 6596309 6755804 6526736 6394961 6573112 6234882 6584111 6482184 6577602 6584130 6377347 6316634 6790742 6278906 6565791 6381776 6809089 6197466 6356465 6487390 6300039 6751233 6126588 6163969 6307593 6695740 6377337 6335375 6108837 6324025 6699505 5978059 6835992 7208235 6859668 7007758 6228895 6623858 6957068 6301290 6831722 7037047 6257404 6594937 6574406 6672766 6508334 6428875 6187361 6345905 5856515 5906914 6882298 6530485 6542321 6229178 6217976 6453520 6603341 6538410 6971738 6623078 6664631 6640644 6138686 6419292 6995850 6091677 6743887 6382514 6452742 6794965 6795111 6399812 6126205 6413257 6802702 6137700 6316475 6585029 6394837 6525940 6831484 6392908 5760743 6891073 6512345 6257620 6427851 6523712 5998324 6580227 6530456 6227323 6246035 6346744 6607712 6174045 6221321 6918507 6634900 6884641 6932495 6558556 6919155 6564213 6603686 6417793 6594767 6643609 5983918 6035187 7077895 6938643 6072198 6305798 6561917 6261764 6592094 6247128 6493457 5933672 6469116 6694277 6470991 6174390 6100941 6602326 6283186 6758318 6498937 6693787 6290290 6092900 6308170 6640551 6090721 6445598 6729959 6346225 6251797 
6897657 6595959 6711964 6332381 6219363 6703931 6268974 6852472 6654816 6807768 6598280 6035020 6432660 5976861 6610308 6838575 6645183 6830710 6397153 6507551 7109238 6809745 6981876 6826458 6485838 6563403 6519974 6455601 6815514 7045447 6266808 6453335 6722732 6406947 6584129 7100422 7115023 6801380 6663468 6767345 6821454 6800769 6563641 6579180 6895963 6778277 6242069 6986175 6818985 6419530 6549553 7166645 6701150 6948207 6273664 7066984 6475245 6680576 6538698 6506191 6217727 6927717 6180410 6644256 6294469 6678006 6231528 6777444 6272596 6764195 6610391 6560142 7059562 7192520 6537539 6479641 6576968 6980707 6432962 7260810 6968012 6940242 6553132 6730230 6293021 6940197 6783730 7053836 6598913 6987332 6292186 6471277 6823242 6445966 6914417 6819030 6313560 6868181 6479708 6607141 6309338 7108545 6773702 6853992 7024541 6919340 6785498 6482512 6659742 6510992 6686976 6832408 6626693 6393887 6527663 6449384 6754541 6476563 6703870 6706902 7280816 6728425 6837757 6666333 6392854 6930068 5984594 6322425 7140719 6413495 6956018 6462888 6270950 7003366 6521812 7121779 6476413 7089935 7093835 6737460 6604176 6045116 6650392 6644227 6482208 7108296 6735741 6367169 7311385 7193129 6417520 7101860 6839781 6495643 6700322 6985254 6647460 6702104 6880863 7050738 6859167 6754154 6646089 6619020 6210353 6732766 6811067 6638273 6516346 6678309 6631093 6799675 6323394 7053483 6893212 6643276 6099615 6612436 6480550 6479076 6978605 6443859 6410724 6507601 6848861 6624521 6523761 6137173 6651410 6924886 6438397 6945615 7405755 6976971 7176266 6551392 6662385 7142470 6195767 6969412 7107183 6360139 6663134 6835748 6835655 6704830 6466392 6366841 6338327 6422899 6264053 6854376 6793368 6824775 6466823 6540260 6575137 6768496 6895314 6651839 7002499 6960423 6946935 6509353 6383893 7258356 6458507 6863768 6403796 6693458 6898529 7060647 6907134 6276305 6649685 6922896 6626968 6426524 6457278 6595129 6590557 6949750 6448948 6173113 6947626 6794723 6428270 6515523 6614794 6272463 6680793 6360097 6486686 6705541 6205532 6823076 6506620 6383206 6800718 7301495 6843888 7047509 7112628 7121426 6823310 6764199 6646606 6544113 6713037 5895019 6400443 7082590 7165029 6283685 6656860 6522346 6396040 6577359 6771128 7009602 5938824 6725701 6998779 6786782 6717499 6464459 6973003 6541330 7019011 6460194 6680122 6517971 6335480 6623515 6807935 6206759 6722112 6882883 6437055 6610089 
6755135 6387915 6402389 6375350 5989058 6294248 6214818 6318206 6410424 6655381 6229163 5795558 6055173 5810800 6247705 6063196 6137591 6496812 6369814 6183632 6839604 6281299 6450159 6331232 6103051 6267766 6210643 6232663 6416578 6736916 6123016 6114904 6537635 5938903 6180842 6825134 6638376 6511616 6525337 6189092 6545220 6483035 6016081 6229076 6426842 6762019 6047745 6578271 6440413 5993947 6033815 6844821 6547871 6449116 6109358 6720508 6273628 6340130 6146352 6350738 5966165 6213969 5954938 6174797 6141377 6387035 6124784 6403448 6481252 6251071 6430674 6474649 6408986 6790500 6293883 6228663 6242541 6616436 6201323 6832761 6623278 6618164 6314092 6127406 6138265 6359916 6559464 6681991 6166268 6776668 6100011 6132373 6597404 6211110 6400107 6501386 6122936 6621490 6030993 6315897 6118173 6488610 6552338 6220217 6458693 6449478 6465619 6085283 6120195 6320974 6305359 6158012 6111978 6257826 6255691 5958734 6356475 6318311 6291208 6388765 6923845 6518231 6232063 6621385 6364136 6577598 5591614 5874687 6715025 5858215 6435811 6276260 5894086 6502346 5899518 6569951 6062337 6575758 6885507 6388608 6122273 5981186 6183269 6356181 6140787 6720217 6168106 6291458 6562377 6381823 6085724 6657180 6456168 6283176 6414069 6673428 6361930 6020556 6543111 6494149 6563738 6228602 6055883 6234642 6205314 6251088 6446755 6294181 5987257 6418863 6222502 6670455 5879319 6555342 6445714 6420226 5704377 6224015 6056465 6138664 6676397 6025969 5922243 6113442 6697962 6366811 6103434 6066923 6445127 6349339 5952387 6802668 7109003 6698751 6469537 6342062 6265073 6779166 6104681 6392183 6766458 6022563 6675587 6182039 6460662 6276477 6163874 6004830 6328002 5955231 6015319 6500028 6513136 6447099 6143239 6370908 6100191 6510545 6660508 6471944 6453243 6377093 6680487 6226176 6141553 6905334 5858298 6741699 6406757 6338047 6577537 6572859 6226399 6106679 6436507 6605185 5869554 5963029 6192943 6265200 6168615 6806710 6009827 5842868 6804917 6366687 6079516 6290330 6224232 5915165 6251351 6382359 5963481 6141606 6032774 6408689 6424969 5996042 6496373 6422656 6751368 6802147 6237546 6993622 6313238 6456796 6306754 6208077 6210029 5566576 6085313 6669883 6867553 5909380 6337877 6440299 6068928 6809385 6204549 6361031 5792917 6412493 6583581 6504580 6415234 6017726 6438133 6218486 6426473 6248827 6379389 6129339 5931683 6350419 6673666 5716725 6456070 6660157 6421924 6235169 
6975550 6229745 6342578 6369704 5957421 6618500 5991640 6572065 6615141 6594567 6354369 5685233 6236499 5781821 6443949 6249224 6457524 6442010 6338644 6319197 6851346 6396346 6700567 6496855 6233479 6154174 6494908 6386561 6352460 6806972 6376818 6162671 6913570 6211414 6319063 6901229 6771763 6302862 6658550 6374142 6576344 6552291 6136914 6398881 6665371 6705428 6199333 6504116 6667681 6085837 6121460 6861942 6714271 6230707 6070991 6754515 6236942 6484133 6291967 6396900 5849314 6403797 6439172 6215333 6628400 6561046 6037123 6317802 6387971 6219389 6521149 6334040 6600892 6918085 6145496 6328924 6214549 6638422 6156465 6963994 6633201 6783309 6359210 6660309 5962578 6659933 6372830 6748492 6412088 6491772 6166587 6325267 6654209 6483711 6549555 6394110 6236867 6802919 6297102 6525088 6308083 6824641 6576454 6598811 6287519 6419564 6434330 6182035 6068229 6310166 6846442 6281167 6252817 6375660 6420536 6299431 6276353 6238389 6228247 6696889 6787775 6444489 6522929 6614480 6095466 6607975 5603418 5963379 6630413 6166394 6479405 6241629 6138016 6513128 6176197 6672467 6440150 6534422 6739158 6137112 6343025 6065444 6299706 6468729 6243480 6726662 6412535 6227758 6601715 6516303 6328893 6681898 6408052 6282748 6651123 6486570 6536860 6192059 6549248 6751742 6874713 6326753 6496506 6381258 6119518 6392063 6517951 6516321 6420824 6337802 6318316 6751438 6146243 6797760 6470754 6739860 6149747 6035934 6210226 5896353 6631347 6125124 6041190 6154172 6657999 6363145 6166372 6012476 6446620 6482034 6117789 6617715 7243866 6754598 6560870 6267330 6549055 6680333 6411796 6577933 6905201 6322821 6508751 6373841 6484374 6438253 6397597 5898187 6105201 6170432 5855632 6635123 6432956 6402709 5863272 6105210 6216424 6712436 6282483 6582562 6454857 6673391 6502226 6213967 6368892 6845654 6008967 6602711 6352094 6165808 6796854 6743285 6339285 6069664 6578795 6549909 6510790 6224077 6321585 6050553 6431955 6738599 6139718 5591766 6744346 6446695 6218045 6465987 6621291 5814604 6626457 6420088 6070142 6024502 6381310 6508878 6250904 5911489 6315666 6666590 6774965 6851445 6718286 7100723 6476730 6457346 6288588 6258486 6334634 5685988 6095532 6986138 6733960 5979454 6398389 6516772 6149524 6653276 6261322 6264258 5807984 6614228 6622996 6153843 6155392 6268196 6611285 6287690 6287698 6244323 6210747 6333643 5987964 6176035 6411018 5970742 6268451 6624413 6154638 6559308 
6562436 6561110 6499930 6327050 6100712 6263148 6042798 6385459 6355859 6556542 6369877 5711274 6198662 5847040 6457066 6318856 6271548 6547207 5936154 6426377 6600196 6264667 6635915 6486376 6200187 6148896 6533198 6422379 6462785 6577653 6170023 6118799 6598119 6166290 6326609 6768753 6946298 6187616 6506897 6291591 6657322 6780568 6301758 6357536 6483020 6579674 5997454 6558163 6390147 6004243 6512514 6922443 6470815 6425581 6395702 6774252 6405303 6571827 6131513 6353548 5992014 6497573 6264040 6454507 6053964 6506663 5576752 6135897 6529587 6718307 6559953 6573649 6727093 7025326 6413411 6199776 5971599 6342333 6164548 7129934 6461342 6506119 6494141 6412885 5935066 6534600 6380556 6546301 6177188 6929908 6228480 6166493 6886069 6145444 6316532 6391493 6107417 6548660 6329629 6574795 6250427 6537212 6429437 6493095 6633024 6521098 6526919 6053108 6132248 6139760 6691804 6120366 6383149 6260329 6391851 6138558 6594940 6560245 6302693 6366499 6883332 6489349 6411336 6657444 5956569 6713345 5865620 5990482 6611577 6186302 6793749 6356473 5985217 6386509 6246671 6442332 6191581 6573876 6583501 6552895 6323021 6192762 6442523 6311388 6190013 6790519 6480643 6386166 6676157 6550408 6128852 6628326 6507051 6325344 6358839 6663392 6572435 6489589 6756934 6850695 6625661 6108599 6334889 6414807 6253905 6436553 6335117 6443085 6513652 6508028 6273897 6609447 5892770 6799663 6564464 6402245 6031601 6372410 6352625 6110107 6746756 6169000 6058829 6237041 6664408 6339517 6441430 6001295 6431756 6639501 6083757 6954031 7003088 6542282 6643485 5932374 6227432 6665106 5955439 6417569 6651897 5830146 6366130 6507578 6820630 6439434 6294962 5891116 5936599 5953499 5810461 6511783 6205189 6374348 6206945 6251393 6196860 6420604 6553506 6330549 6658887 6834819 6474080 6336128 6267472 6823822 6045122 6545835 6278861 6348468 6603914 6631713 6557965 6305019 6620055 6492858 6465959 6430865 6446675 6377562 6328577 6782839 6123112 5938935 6801290 6497506 6097559 6257932 6485798 6134167 6238637 6544162 6267855 6461151 6161334 6605542 6688829 6294840 6423863 6787377 6648355 6880219 6470897 6751869 6401561 6751115 6140496 6371452 6433657 5886901 6065100 6964835 6583114 5950911 6476256 6440618 6084427 6625185 6368589 6645129 5942643 6528636 6710752 6363300 6164482 6105077 6383738 6110001 6432974 6138669 6439808 6377262 6236716 6397092 6453965 5879146 6460144 6704732 6268760 6376181 
6506564 6550766 6716380 6652966 6118035 6474083 6416446 6440608 6631408 6716521 6490046 6046642 6443694 5824550 6422780 6674651 6359055 6564169 5870402 6372738 7060785 6385107 6775386 6641681 6547764 6369497 6380903 6249890 6856911 6699490 6462495 6308759 6587036 6517748 6143160 7096590 6580672 6577298 6577281 6499549 6881492 6664479 6341479 6495035 6855036 6742127 6371640 6603036 6735177 6423445 6440447 7275099 6608266 6543950 6478797 6860083 6548594 6810530 6498513 6593451 6002770 6947601 6439191 6738656 6219566 6842488 6125215 6429269 6853312 6650620 6626702 6607478 6914311 6964991 6346562 6318445 6558617 6507420 5987899 7252119 6784077 7097449 6414173 6554236 6118902 6595530 6478391 6842506 6597725 6884102 6234516 6197879 6672098 6608412 6481685 6394841 6551293 6652320 6282750 6631409 6239909 6772966 6812311 6417818 6494398 6650869 6604716 6381935 6399231 6420600 6629596 6191988 6490955 6084181 6675458 6446365 6491931 6657976 6501961 6738011 6989016 6484242 6235759 6604027 6172273 6796151 6021881 6092224 6820408 6210888 6752441 6325222 5924866 6750544 6379853 6572747 6567113 6670833 6811378 6434544 6566163 6166263 6391828 6522583 6424002 6881537 6542326 6440075 7051288 6687672 5964255 6918045 6652995 6441820 6587721 6883199 6490307 6686310 6778383 6883749 6898549 6524921 6538923 6451409 6472101 6555753 6593554 6337540 6359241 6444433 6169343 6940835 6287366 6799298 6730779 6681799 5974155 6392520 6562157 6223357 7036640 6382871 6076234 6261506 6871735 6375592 6510275 6073687 6550560 6604252 6116183 7198766 7317441 6680456 6528156 6208666 6595442 7211908 6372654 6784927 6993383 6271263 6488583 6597009 6798680 6376694 6213274 6053989 6219186 6316130 5892578 6886962 6453347 6669952 6309355 6436904 6474495 6498651 6291449 6741332 6899577 6590103 6666720 6568138 6391915 6978065 6013673 6779453 6283988 6879338 6447516 7022722 6427983 6227180 6387136 6792007 6559554 6253981 6609906 6651817 6162228 6832932 6226940 6040319 6945360 6824064 6403587 6189033 6643188 6320911 6497968 6443620 6311599 6258304 6453698 6529570 6609381 6443028 6694614 6761001 6683459 6739873 6599998 6834890 6638951 6813688 6228886 6581995 6493947 5913697 6320080 7006260 7295955 6293785 6551719 6442724 6311339 6805599 6413289 6642866 6010225 6682663 6786463 6628599 6276012 6407136 6641609 6218496 6622113 6210903 6672561 6449904 5946203 6398964 6592963 6218553 6449429 6897345 6155896 6422762 
6700232 6454454 6387828 6548305 6030820 6354318 6209137 6442113 6583410 6794077 6248426 5783992 6202175 5794514 6282450 6285074 6459307 6606164 6161867 6382680 6909640 6553635 6723122 6387891 6093213 6160774 6412591 6331451 6558694 6576968 6189216 6269551 6644510 6318320 6311802 6963744 6649506 6305504 6737610 6142315 6438377 6494531 6262508 6262457 6755664 6763090 6092776 6263400 6545631 6534634 6288402 6805183 6517556 6453629 6074028 7014765 6427090 6600228 6115383 6453963 6024231 6619050 6139362 6462197 6252743 6511586 6142681 6224501 6541590 6621933 6441029 6538874 6917571 6939673 6609648 6208297 6463027 6615967 6109571 7099224 6788797 6763364 6435858 6522093 6266714 6530569 6633291 6921984 6398765 7025904 6308583 6286085 6683163 6241652 6340327 6576754 6485956 6632414 6428008 6717557 5948242 6589261 6639109 6332709 6601793 6358693 6377119 6337433 6455880 6308761 6606273 6266368 6340994 6370097 6441114 6238895 6599688 6298780 6382497 6442198 6795649 6543015 6519356 6631910 6136092 6800726 5884728 5958986 7009856 6259598 6613588 6395249 6279812 6718978 6444395 6894908 6340324 6915894 6623079 6565704 6598225 5993307 6394311 6326456 6418480 6798274 6418771 6493750 6679638 6584359 6259070 6738159 6415613 6384402 6526288 6613410 6464110 6456889 6626801 6873804 6451427 6461655 6252470 6440000 6179565 6376537 6497841 6383599 6335596 6471041 6333961 6685641 5888414 6729480 6544129 6600657 5819508 6344270 6467937 6395239 6799208 6306749 5958095 6305668 6833602 6578446 6276093 5828947 6214458 6693183 6100451 6849590 7343596 6782710 6884814 6207824 6245822 6868914 6182682 6741613 6906625 6085955 6404952 6445335 6709107 6505798 6318136 6099593 6259100 6018831 5608993 6747100 6252725 6554638 6414463 6264977 6090420 6456748 6769022 6722132 6655097 6610610 6647975 6352625 6356998 6773493 6273739 6837968 6135060 6318235 6602514 6782205 6508970 6000017 6402955 6707988 6336027 6093943 6510278 6212055 6047168 7008013 6203918 5854954 6771286 6621710 6476851 6138409 6564046 6102970 6583353 6640476 6238887 6311015 6058961 6735295 6636729 5955640 6666193 6822674 6761376 7062427 6264504 6981300 6593717 6897809 6642410 6398674 6700607 5968914 5993200 7008258 6873040 6062911 6542275 6862442 6270651 6662987 6340763 6478078 5837370 6542838 6715442 6612277 6512211 6344226 6752486 5959836 6546659 6301048 6268291 6299158 5952842 6422674 6544918 6051509 6492163 7039504 6181524 6401562 
6749692 6196249 6220593 6111157 5874900 6107344 5758690 6381179 6551981 6495660 6014634 5821644 6329533 5748782 6017792 6262349 6160810 6170732 6039225 6236232 6564869 6223974 6526381 6128723 6025506 6006351 6140820 6298254 6283664 6480746 5875125 6214703 6361966 5987755 5942423 6799541 6612912 6264353 6520714 6228276 6524924 6202942 6006880 6295829 6492899 6778090 5988162 6039383 6425108 5976432 6220367 6734471 6742916 6005031 6304722 6576234 6015460 6536764 5919597 6361405 5805853 6349879 6301137 6230764 6205494 6320059 5757251 6249103 6358246 6319016 6054117 6421927 6608608 6615912 6355376 6039416 6257331 6641684 5976723 6875998 6300813 6808700 6256812 6406372 6074546 6356274 6217348 6359104 6026749 6724485 6045560 6146021 6325897 6125868 6355438 6423719 6107162 6516397 5983273 6374259 5893124 6550228 6614651 6253219 6217497 6472832 6527757 6177306 6316428 6119059 6221321 6267194 6160472 5937555 6298652 6033330 6551253 6322867 6001701 6487718 6597129 6428072 6339894 6395063 6208479 6468376 5525765 5901620 6512313 5955522 6489397 6249047 5837426 6252025 5882819 6470951 6228902 6603030 6472792 6363683 6490951 5638174 6161457 5895788 6260939 6687622 6450672 6192777 6401668 6495310 5994659 6567676 6437353 6402221 6291678 6835361 6344694 6344316 6432287 6408860 6531256 6457169 6140450 6152433 6015524 6234293 6127329 6360353 6319397 6480520 6173518 6384707 6141228 6521344 6494778 6410541 5654155 6121109 6377035 6174803 6750491 6103850 6098978 6223667 6612343 6494071 6206661 5741746 6223592 6386386 5747741 6728103 6990594 6511685 6769578 6044903 6350702 6600672 5843863 6475560 6459131 6108152 6513789 6363692 6459599 6338565 6078616 5837684 5946863 5909358 5808619 6399975 6234502 6421221 6073681 6022402 6352358 6464805 6247700 6610005 6783630 6503007 6255689 6021096 6200488 6849761 5774299 6577420 5956012 6107748 6567492 6584385 6344776 6073538 6319936 6511050 5988122 5956975 6247555 6248393 6103204 6591176 6048586 5721785 6560185 6355858 6181602 6238881 6178585 5775534 6213676 6284143 6061789 5748185 5864477 6238963 6415814 5939924 6356198 6484896 6551027 6659707 6402763 6326413 6622942 6670251 6216649 6325374 6141335 5821481 5726166 7035339 6604413 6133585 6288024 6109526 6067089 6323051 6087290 6290433 5805882 6193132 6354162 6432540 6239089 6147785 6487874 5909520 6311657 6345689 6361191 5993357 5585569 6042459 6296111 5766544 6447444 6498791 6117826 6127800 
7206482 6545565 6521521 6472312 6206763 6421622 6362987 6643482 6854657 6767513 6434191 5987832 6614677 6044769 6426286 6691850 6285655 6593902 6258677 6590226 7188223 6616796 6940346 6724921 6402654 6547778 6644341 6589558 7022927 6689951 6599978 6479749 6751458 6283005 6486003 7201675 7069636 6662837 7018300 6467673 6716374 6837910 6450554 6502571 6836833 6798278 6541195 6963740 6858213 6146342 6579212 7320590 6987539 6507324 6428490 7164168 6756174 6803803 6445601 6746143 6225565 6677554 6475223 6382951 6709477 6788832 6269792 6679776 6705634 6667486 6675140 6749641 7132464 7229869 6699255 6643250 6483349 6818277 6578023 7230040 6869528 6946176 6638425 6880843 6370516 6730596 6627923 6924813 6436725 7102763 6356051 6332513 6921828 6684126 6524903 6802715 6334266 6866582 6620987 6669451 6280942 6896854 6749813 6641993 6724022 6795751 6711370 6414420 6654712 6270734 6767606 6476596 6586725 6756269 6680882 6541239 6540675 6649452 6490195 6624815 7169176 6956975 6407477 6876194 6623955 6755800 6061348 6392440 7290517 6271699 7030137 6451374 6377022 6822757 6661080 6794313 6418946 7172669 7016168 6665710 6656938 6303911 6685272 6504770 6830225 6994257 6525524 6635524 7283586 6737184 6442158 6966930 6730713 6749820 6863154 6915589 6589618 6508392 6775944 7046980 7076999 7088946 6528158 6799762 6456988 6687043 6592961 6550262 6488509 6566533 6669092 6918986 6559337 7057633 6888523 6929396 6366490 6607960 6551892 6275866 6917856 6460061 6764185 6478502 7223287 6648581 6770685 6004536 6656954 6880875 6246961 7074375 7369243 7081569 7091584 6482676 6735438 7061531 6276626 6932160 6936803 6467986 6355487 6819894 6857024 6791953 6688077 6147441 6284619 6214827 6110676 7059281 6790361 6712404 6508014 6576496 6539539 6993702 6780104 6908403 7088973 6987295 6960284 6413267 6532105 7022621 6126520 6814611 6571115 6534111 6883543 6955650 6619135 6414439 6576595 6679798 6515452 6361188 6594745 6447793 6360696 7078708 6517416 6126635 7154857 6719113 6253978 6559015 6711008 6300735 6629371 6782264 6432564 6347148 6501840 6763027 6762639 6315432 6831117 7043947 6953611 7111562 6967609 7187279 6710867 6972489 6636418 6564725 6595654 5917714 6351096 7320889 6984124 6247544 6658985 6701836 6280171 6807742 6509458 6760128 6137268 6448379 6955192 6683043 6687688 6394396 6825620 6362642 6625277 6424621 6459885 6437772 6283542 6576589 6507057 6137072 6815057 7087869 6539429 6591257 
6541006 6370988 6160955 6217208 5845977 6034213 5949152 6369201 6458753 6444284 6348082 5653461 6012408 5594384 6105668 6194274 6069843 6383469 6292535 6236224 6861065 6200288 6437614 6437956 5814937 6187649 6028789 6337333 6348205 6677434 6130223 5912653 6429727 6013832 6289723 6699794 6587516 6349009 6420472 6170935 6313933 6305870 6299317 6263443 6410093 6471982 6201231 6486794 6444709 5869858 6093726 6849989 6358656 6463419 6185380 6810363 6044400 6547335 6111014 6396485 5847967 6363149 6030604 6045388 6176036 6227555 5905616 6111988 6436734 6476764 6529656 6556271 6654439 6770625 6143939 6187014 6329504 6245857 5973177 6785751 6560036 6391474 6373004 6319158 6180356 6271609 6480413 6507815 6137855 6767657 6231062 6144794 6482648 6148703 6271725 6363135 5987548 6509287 6280912 6177865 6034188 6417309 6545333 6181280 6143925 6661870 6363880 6150072 6274703 5918383 6288970 6168247 6315743 6089231 6217170 6142164 6332344 6070531 6184611 6562854 6845227 6127043 6239006 6486051 5896314 6448939 5813431 5677152 6758755 6196266 6600262 6057551 5948564 6635110 6212753 6576335 6355542 6600833 6722470 6508681 6403710 5798393 6260702 6197149 6040988 6758387 6275953 6321067 6975349 6351678 6295593 6425099 6311499 6319420 6394133 6731271 6467963 6075880 6592209 6708885 6255653 6180768 6350494 6346383 6137316 6312441 6342546 6418896 6207451 6481996 6150668 6358590 5996727 6397858 6468417 6613718 5727348 6108734 6034449 6055493 6566251 6070016 6105193 6135827 6496659 6329923 6232720 5882897 6407065 6348477 6086334 6539698 6954238 6633063 6739718 6123121 6500015 6640733 6354125 6587974 6560720 5983990 6181043 6184246 6445176 6391905 6131097 5853919 6045461 6173319 5863821 6467900 6355100 6372146 5960155 6419854 6099876 6416352 6609853 6489526 6498018 6477705 6742888 6220920 6060089 6790148 5883789 6279389 5930993 6358042 6352450 6759886 6528435 5899092 6375584 6421994 5853277 6106838 6061675 6182218 6114307 6655027 6264709 5684432 6652464 6604248 6150233 6192146 6196085 5838921 6147280 6157769 6027250 5973618 6191356 6577450 6432515 5918297 6484284 6569950 6621316 6877038 6192410 6705528 6559581 6479935 6540820 6148694 6253422 5863937 5881130 6868868 6752694 6146734 6256724 6251461 6048785 6580196 6068402 6150297 5778254 6276711 6486654 6397401 6083218 6318946 6566685 6055090 6463024 6159410 6631750 6237840 6130383 6098374 6487122 5771212 6158493 6678725 6083837 6226551 
6566257 6094692 6217237 6276501 5952332 6469506 6445627 6319888 6483919 6673513 6512609 5665553 6162947 5846342 6085152 6192158 6371564 6618832 6054897 6462200 6934065 6333034 6678209 6443830 6008971 6305459 6292922 6435684 6888777 6570845 6310007 6169306 6461520 6168371 6314596 7069381 6679086 6450159 6582240 6475701 6488779 6547434 6471562 6226033 6733802 6547118 6297761 6681983 6241538 6028720 6399258 6922938 6604797 6427452 6310000 7038338 6445033 6471959 6139733 6178927 6201240 6573068 6408176 6388902 6412964 6656851 6133434 6335879 6419581 6596964 6356263 6528133 6783583 7053177 6313953 6451514 6362492 6489885 6111906 7023508 6813324 6791719 6545740 6334382 5952441 6574646 6458315 6622301 6461383 6525198 6451490 6217948 6427689 6415084 6482612 6658769 6148398 6583159 5998425 6659600 6034114 6651352 6729446 6415694 6622732 6781659 6326897 6208074 6394933 6296064 6568465 6379765 6421242 6364429 6228080 6135061 6436341 6407295 6772277 6573474 6980723 6511085 6418458 6657024 6200452 6728967 5829644 5955990 6860561 6464990 6691552 6235539 5897391 6534568 6115901 6719317 6095227 6601390 6546290 6641513 6364951 6302900 6629053 6179617 6177513 6789726 6368912 6327772 6981790 6748011 6079608 6742010 6526190 6623726 6447226 6498079 6560842 6438829 6773972 6602862 6563685 6280963 6206824 6277728 6131723 6435198 6344506 6426360 6260893 6362712 6405214 6729994 6194109 6661193 6408409 6607662 5881564 6200384 6230017 6167087 6712299 6119910 5883006 6313267 6797978 6298251 6292116 6079951 6318364 6387268 5665476 6934120 7172937 6785961 6745135 6115430 6572063 6737795 5917431 6706799 7005153 6154013 6348262 6529256 6595336 6522277 6274734 6229963 6304006 6062152 5959116 6531502 6564755 6488593 6327386 6170759 6465829 6647014 6709767 6404683 6648053 6598457 6423393 6296357 6272713 6751487 5990769 6639070 6483363 6337323 6485101 6713737 6399798 6077415 6428621 6544591 6329005 6153306 6411628 6235859 6288800 6642741 6285765 5728001 6936405 6777409 6265878 6296532 6473920 6119175 6439520 6360999 6495266 6161026 6426861 6322011 6705898 6142946 6534368 6754903 6910623 6883592 6487666 6841269 6446781 6740917 6117571 6086488 6301659 5744067 6061988 6703063 6831692 6066667 6445011 6521888 6213705 6530139 6337784 6433301 6019563 6359441 6833241 6398868 6277396 5964550 6764115 6299827 6558903 6535774 6674305 6363982 6066031 6234057 6618855 6063205 6644692 6699941 6560780 6325708 
6663351 6256261 6555694 6456706 6345264 6393550 6348572 6729118 6763123 6776548 6596036 6031047 6293218 6121138 6517541 6400968 6288726 6720499 6279146 6685163 7092957 6330066 6702716 6290091 6140195 6137995 6430710 6425961 6824608 6904930 6128781 6312358 6641763 6193477 6591253 6988737 6666866 6567915 6834548 6522772 6695051 6701037 6541536 6615434 6800445 6915648 6292807 6632993 6675858 6278650 6480828 6825646 6661794 6601002 6494528 6930435 6590660 6687356 6370556 6336888 6145742 6534723 6405358 6490179 6472921 6673673 6184918 6390968 6647153 6670633 6477399 6586918 6809038 6718462 6438153 6392850 6436178 6661499 6267407 7262004 6893689 6723113 6552018 6683698 6119625 6766082 6559377 6960835 6489240 6955350 6458031 6172205 6490153 6417413 6592881 6798690 6342503 6800106 6404673 6962607 5959714 7021769 6877994 6402730 6626005 6790846 6484736 6307934 6337953 6475872 6459902 6486282 6589803 6338707 6579178 6262812 6602028 6488365 6728749 6641201 7178323 6669523 6349726 6829226 6248983 6819518 5687507 6010358 7044660 6075051 6874033 6480153 6438018 6758114 6473015 6821035 6325191 6909691 6910156 6473246 6572851 6179883 6317976 6313461 6537332 6865002 6489225 6281350 6729259 7134638 6451815 6821438 6413206 6647314 6760131 6727424 6729293 6478592 6910703 6910820 6859860 6540211 6365475 6587842 6151513 6562750 6537877 6191535 6677155 6514129 6552025 6842305 6095698 6737975 6686145 6597703 6053265 6139393 6533192 6556812 6799963 6451189 6175180 6552688 7032329 6709290 6558922 6055935 6677079 6490610 6128561 6833452 7323656 6896973 6831390 6268335 6509521 7065348 6279031 6986018 6795301 6347332 6605309 6649314 6872060 6706260 6419338 6013062 6474026 6134584 5874060 6627183 6621076 6536735 6580078 6707075 6582041 6610224 6750812 7053612 6878841 6561012 6633132 6181017 6284213 6881323 6232225 6900080 6219527 6481667 6769500 6737448 6549137 6224449 6382083 6872942 6184885 6293677 6521020 6423616 6245274 7148992 6423421 5805123 6877963 6757467 6662970 6568795 6818489 6265713 6574194 6586562 6296503 6093612 6101029 6608388 6633446 6016070 6752580 6987536 6698396 7177299 6437939 7005256 6826046 6948188 6562163 6556384 6440690 5970641 6058003 7343888 7078463 6030451 6472111 6857112 6333187 6936296 6742566 6627871 6097066 6267160 6846164 6554582 6556169 6336870 6698426 6267336 6967728 6751510 6728010 6252622 6240375 6290252 6907634 6317647 6506439 6657429 6489691 6433218 
6307737 6012559 6405529 6167735 5999672 5977805 5821659 6147208 6154584 6424165 5913439 5476847 6272698 5533186 6107803 6158875 5802738 6092402 6141963 6162675 6395481 6272795 6221606 6112791 5910407 5886097 6076161 6170277 6353840 6473245 6010548 6108073 6492836 5749836 6136475 6756767 6424749 6208245 6335307 6039702 6524168 6235824 6225387 6299376 6431878 6819465 5934525 6273442 6275017 5791016 5892482 6656886 6688609 6052977 5928181 6640730 5903910 6267163 6081183 6078307 5777241 6269543 6008454 6019833 6110159 5986012 5661668 6068464 6391709 6119488 6179533 6220493 6506466 6530823 6233991 5885636 6026375 6223376 6262497 6819300 6490544 6551379 6284448 6408101 5745012 6209941 6326404 6504653 6059018 6655569 5930841 5966791 6349791 6275729 6132649 6420622 6004365 6633285 6238243 6417050 5637318 6536213 6727150 6085787 6072280 6404093 6265949 6055658 6027595 6163799 6530101 6089474 6283245 6086965 6017340 5874284 6228464 5901697 6228093 6219225 6649263 6302323 6153287 6437433 5757784 6392150 5675348 5856363 6540338 5872364 6424796 6373225 6159890 6186929 5992529 6353432 6288831 6389557 6536538 6157723 6229225 5918930 6135069 6063512 6217554 6541424 6188326 5864317 6554234 6491955 5900564 6438492 6191676 6227897 6265043 6433317 6327506 6246686 6406858 6335167 6314013 6187455 5978443 6311236 6019675 6190981 5954866 6277778 6241824 6299546 6310966 6600240 5800385 6425252 6444485 6279752 5732817 5998870 6376896 6182026 6382435 6084081 5898651 6101997 6551834 6308994 5936469 5648676 6258096 6550635 5956764 6638889 6909135 6845332 6545837 5759574 6326580 6525629 6079288 6687598 6912376 6058614 6194631 6237338 6435931 6357046 6195146 5842622 5999193 5962930 5774512 6335801 6351925 6316899 6079566 5871263 6031538 6502921 6390639 6343327 6544142 6464128 6466256 6082981 5892079 6481451 5599977 6366922 5761704 6106357 6244081 6499795 6293267 5915805 6165233 6426940 5913095 5785343 6274816 6253732 6309373 6694032 6171930 5751027 6552146 6126431 6370148 6170483 6312883 5853808 6263693 6191855 6216205 5983580 6126281 6377654 6537696 5923678 6321933 6566889 6218240 6728157 6191819 6404726 6189067 6584931 6345183 6066999 6285708 5682552 5809271 6831072 6558440 6000750 6193787 6240879 5900210 6352353 6016318 6164167 5740249 6178439 6493429 6045048 6155338 5888843 6615312 6019681 6325901 6216086 6233209 6129750 5806081 6202052 6298780 5668791 6378867 6397014 6323048 5983339 
6644063 6659025 6322645 6354197 6050949 6481029 6191848 6622226 6775728 6654500 6384808 5866606 6287635 5807449 6312164 6397284 6272360 6702989 6258577 6360785 6980906 6351636 6678693 6577363 6328756 6068077 6387877 6323221 6811448 6763988 6259473 6242634 6532209 6084012 6241367 7095471 6846662 6242764 6652682 6376266 6615292 6681916 6333724 6336435 6865187 6653565 6232913 6680872 6624708 6246468 6107127 7184701 6371993 6577304 6280613 6915999 6255497 6598258 6222888 6643992 6016622 6649655 6284816 6434320 6356157 6520805 5855686 6500460 6308705 6537844 6340461 6753909 6846758 6949398 6435549 6328845 6384028 6438484 6082841 7126764 6617942 6814434 6442121 6463349 6121403 6529168 6690560 6782363 6177926 6654525 6381896 6389174 6574035 6407400 6401176 6538387 6226143 6740939 6158668 6586490 6033046 6875959 6618557 6309564 6671393 6576474 6700736 6256757 6451263 6363265 6462577 6192490 6327434 6556448 6514545 6295444 6461502 6355232 6484689 6740801 7041340 6694972 6298051 6705283 6151948 6643088 5915524 5870057 6983546 6224013 7095473 6683405 6095766 6908039 6315415 6926597 6502718 6795216 6876633 6685320 6631115 5898384 6485643 6246635 6398478 7003016 6548617 6148634 6957957 6875864 6405868 6675843 6595831 6543072 6614907 6799526 6649990 6237576 6488851 6878303 6571977 6068897 6405967 6464289 6142557 6408784 6574644 6292863 6485252 6377391 6338505 6868573 6182344 6691273 6639141 6800986 5862706 6317898 6486497 5921622 7099805 6262183 6003082 6216533 6894296 6486466 6586464 6034441 6359995 6826341 6293974 6947174 7389811 6750479 6788614 6399534 6531552 6719821 6203907 6771898 6982178 6421527 6474963 6259935 6636812 6387218 6586056 6066724 6521743 5984139 5935495 6626869 6350185 6482727 6370591 6405859 6398661 6772712 6704361 6593860 6654554 6690549 6827227 6429076 6585746 6792737 6035370 6635536 6377277 6393238 6634342 6801286 6404985 6275104 6682043 6499574 6181562 6140993 6440701 6353274 6250194 6904260 6251062 5811446 6656099 6495116 6519725 6559393 6478913 5950599 6580815 6535373 6060813 6200413 6423559 6693483 6683331 6085988 6751125 6867207 6837568 6998662 6549227 7088887 6555587 7034797 6582221 6513166 6608968 5866684 6224267 7007575 6945715 6142036 6452532 6439277 6129677 6583483 6274947 6697965 5709498 6567601 6811239 6698002 6405378 6431867 6774225 6145684 6362230 6289437 6504160 6325361 6089558 6451439 6687697 6248658 6689283 6583285 6357921 6481121 
6223253 5897607 6002946 6014151 5873921 5948213 5602623 5999079 6129720 6426372 5951861 5419060 6114853 5345301 6021044 5859819 5602721 6137643 5580515 6018603 6098215 5987830 6409233 6104718 6084695 5748773 6127738 6195978 6231149 6438191 5799111 5826863 6188422 5632244 5989906 6250375 6341244 6030332 6273270 5875600 6132071 5917295 5877484 5952597 6217537 6204071 5870406 5988375 6368663 5808134 6159553 6498143 6191422 6061016 5915985 6382192 5840616 6221013 5977607 6170832 5601219 5939484 6054687 5902214 6009241 5813865 5809660 5971692 6068233 6085616 6049591 6090570 6226762 6530925 6097962 5951525 6050496 6149637 5935269 6564233 6530642 6261297 6333364 6025011 5685071 6286440 6265176 6302312 5904498 6357051 5540254 5862076 6381695 6164736 6210513 6104317 5753146 6327508 5707220 6186772 5596408 6423433 6198998 5884767 6054127 6180192 6186996 5893671 6162813 6021522 6095907 5894549 6097554 5942743 5815587 5899224 5962007 5907642 5979767 6121745 6463673 6178337 6018022 6080838 5582344 5989643 5441151 5828005 6380659 5606722 6193629 5704982 5957632 6076366 5704292 6270586 5853231 6082160 6531339 6314128 5957413 5758637 5829035 5993271 5982784 6274292 6106069 5784388 6291601 5870546 5849653 6453514 6111158 5957368 6271046 6183071 6056226 5820583 6328682 6252769 6185294 6167780 5835105 6024439 5879504 5891815 6211901 6051504 6235893 6196549 5856509 6340941 5717885 6290843 5989320 5987703 5642638 5917616 5947834 5668728 6228820 5725859 5888999 5942682 6458961 5910650 5862605 5719541 6092879 6085498 5635406 6442666 6853110 6518027 6376667 5560794 5928258 6526822 5729983 5799157 6684371 5814151 5996612 5605036 6176871 6115123 5672133 5820081 5729933 5756091 5631528 6201396 6097604 6230341 5924514 5858793 6047452 6281635 5937736 6129509 6172769 6213453 6321566 5897716 5836238 6606634 5899840 6334790 5813207 5986392 6043611 6345859 5963802 5554367 5923763 6279799 5824712 5897144 6087486 6121482 5840039 6297590 5867961 5614527 6514525 5977867 5700224 5929802 6158120 5370719 5827797 5974691 5858944 5584968 5987046 6182245 6082849 5631178 6166872 6170655 6354631 6466011 6048738 6082533 6073056 6222597 6131721 6112814 5848131 5751265 5550470 6470824 6419220 5872524 5952493 6000808 5806286 6377952 5834010 6152012 5467282 5964553 6251574 6100952 5912629 5797090 5955442 5743900 6148588 5982267 5845884 5930301 5608453 5966416 6451329 5375615 5935670 6334479 6264314 5833095 
6781362 5853483 6156603 6225403 6040720 6105471 5815916 6338334 6335006 6510128 6367751 5686111 6084543 5715063 6236231 6236718 6030229 6185936 5725969 6175042 6881235 6154157 6353180 6202223 6237246 6070174 6211256 6443839 6467840 6752144 6214320 5852997 6398427 6218670 6161618 6555121 6564156 6131908 6236826 6202082 6501435 6230691 6179992 6236713 6533868 6580849 5915807 6312658 6469691 6102270 5999168 6834160 6445677 6458845 5969867 6755880 5996788 6320826 5974108 6229886 5924153 6320527 5983839 6209313 6205622 6265294 5882466 6305922 6220616 6438099 6268150 6316813 6622390 6622741 6289770 6089897 6126506 6509852 5807456 6774044 6558058 6638270 6238906 6117615 5848014 6450949 6567854 6761570 6157278 6466061 6089085 6094717 6334471 6209880 6458749 6380128 6301714 6401487 5980657 6628883 5881075 6498132 6531897 6112542 6360198 6501957 6182231 6145322 6138908 6197616 6303006 6179014 6098720 6201325 6054431 6035068 6277405 6308912 5863769 6451783 6991421 6254536 6065804 6335860 5915067 6622148 5530833 5615614 6518770 6072295 6662410 6125787 5942887 6529189 6090626 6468273 6460632 6469990 6604610 6265800 6173677 5848422 6075980 6183795 6175221 6736446 6276256 6379882 6734201 6546369 6166587 6606981 6183649 6235279 6358380 6567653 6291869 6133067 6596083 6704115 6437974 6161584 6146994 6424215 5993458 6115881 6466322 6044893 6352099 6406321 6117728 6751278 6040911 6515928 6470958 6520013 5567820 6028654 6300214 5970129 6788399 5961305 6117274 6067748 6729809 6268976 5976346 6036128 6157726 6386630 5744855 6660210 6915086 6612076 6676722 6196347 6287068 6716906 6004007 6415163 6641867 6165512 6434510 5930907 6260823 6435143 6301769 5812081 6010130 5808874 5750733 6637260 6347884 6330447 5984346 6038510 6269568 6252009 6514547 6565339 6258979 6410090 6474195 5971866 6144996 6820258 5822460 6709373 6187396 6167649 6424308 6712001 6286123 5903683 6325651 6421517 6170887 5813653 6184896 6043240 6077740 6740368 5975344 5768764 6496045 6198018 6232746 6183222 6324604 5766140 6016995 6187164 6004921 5987875 6112897 6419596 6335158 5758919 6489148 6545199 6513348 6674294 6365226 6829048 6349616 6355925 6411690 6127198 6369305 5560469 5833951 6752717 6700926 5942256 6419806 6361905 6348357 6417799 5829975 6296409 5776442 6166158 6413083 6291174 6170122 6088749 6424747 6002787 6287876 6008428 6292007 6122582 5616367 6100701 6312022 5899078 6202835 6469547 6280681 6184469 
7132336 6756353 6903903 6726393 6432597 6861504 6484028 6881037 6714685 6679788 6852403 6233834 6613454 6072435 6823957 6736954 6619217 6956483 6581875 6548759 7459656 6690393 6910151 6854727 6494926 6481340 6567201 7045542 6875430 6877253 6721710 6217600 7109486 6592767 6577139 7169935 7112550 6655754 7060216 6690291 7011477 6781671 6704006 6809025 7478517 7085416 6626372 7032504 7191273 6547405 6670826 7204498 7065454 7063436 6774687 7127639 6723156 7253524 6549425 6720864 6423636 6682538 6809293 6628542 6655400 6917852 6321023 6668621 6955743 7006862 6868709 6921663 7156870 7451610 6508243 6682443 6977292 6857843 6728714 7725043 7122690 7169404 7007862 6663800 6283452 6932599 6691632 7141041 6505806 7166202 6642697 6482486 7173893 6779850 6869834 6817355 6700657 7386732 6673369 7103413 6469158 7164205 7025049 6866957 6670269 7159220 6773938 6555387 6739518 6498319 6913733 6560781 6785878 6476209 7042619 6535987 6883096 6513182 6895284 6943103 7133806 6702558 6840543 6991584 6560526 7013002 6000308 6095939 7380447 6258991 7289839 6794183 6470638 7015631 6463367 7109834 6791352 7143727 7445064 7140164 6921457 6450303 6710999 6706573 6589320 7364153 7073577 6714991 7023798 7232182 6855838 7176262 6919835 6769356 6865491 6891353 6818642 6606871 6796498 6956056 7047230 6666667 6746664 6779439 6561228 6757446 6761434 6916323 6668010 7095459 6694284 6899978 6522571 7341301 6897171 6934073 6452249 6629802 6917694 6525325 7083948 6742801 6676720 6688068 7230479 6940753 6879241 6186511 6833381 6693164 6303872 7099883 7784571 7063725 7005984 6726026 6792070 7142768 6625807 7171557 7628003 6272090 6783906 6813473 6866192 6923576 6794409 6392161 6478539 6778531 6384533 6814764 6609386 7021811 6400021 6663930 6637733 6836634 6984549 6800977 7276846 7009315 6986174 6805121 6454892 7158184 6544631 6727061 6910299 6861636 6753608 7071380 6947427 6459048 6570396 7097765 6531868 6669043 6757731 6756002 6744958 7178324 6716966 5979937 6942539 6805022 6905610 6657202 6846275 6506323 7025543 6709717 6736309 6528295 6435640 7014967 6781242 6413583 6932503 7104497 7266435 7528330 6813461 7357970 6699631 6866581 6672611 6702116 6966380 6178830 6375978 7363031 7375872 6562963 6679959 6804446 6654530 7253323 6702011 6655056 6435526 6810956 7110018 6895802 6856554 6683328 7073457 6495181 6922335 6870639 7187091 6799550 6460306 6620019 7116758 6471238 6712467 7167691 6768869 6933835 
6519681 6088078 6043452 5959246 5870657 6135540 5616170 6264212 6125032 6346919 6145853 5416421 5929192 5445582 5838610 5917293 5804321 6104235 6044697 5898506 6740350 6104643 6200561 6160453 5926659 5904258 5897252 6046830 6158607 6282082 5840072 5642128 6415159 5906684 5865555 6688096 6242604 6053708 6587993 6009842 6245779 6052128 6129560 6100413 6097946 6572215 5845608 6298007 6221310 5660215 6177134 6449835 6324164 6165676 5929903 6477811 5870173 6447636 5735814 5886473 5611409 6094414 5917864 6000728 6089994 6048866 5862146 6089795 6119780 6327355 6289259 6292326 6184988 6394920 6056446 6035476 6135338 6100146 5985249 6788745 6284996 6442385 6100295 6074069 5736629 6251336 6076056 6237932 5765305 6423701 5857556 6160922 6358080 6160152 5900758 6372450 5858320 6447179 6155244 6278413 5946935 6281350 6590857 6126516 5976799 6196250 6267137 5997326 5870946 6160851 6366359 6288675 6120471 6086623 6247628 6046217 6127086 5980078 6186926 6272938 6479182 6130323 5993418 6261237 5686234 6573414 5488109 5978032 6487360 5814041 6231820 5906644 5862495 6217231 5913303 6506190 6302725 6191667 6459065 6397304 5986292 5925947 5868321 6087293 5873201 6522044 6160258 5928656 6482102 6348398 5854331 6435472 6055400 6068075 6254978 6579286 6013011 6123765 6321336 6463507 6492080 6210603 6220733 6191960 5706237 6082989 5933129 6051745 6121292 6222933 6304554 6445050 5757215 6336783 6309671 6220980 5533931 5922492 6004141 5875211 6382682 5990778 5854440 5801086 6336771 5946709 6105574 5672238 5943744 6279607 6036328 6478023 6872689 6350705 6244876 5888834 6079747 6338264 6077472 6192487 6638930 5962337 6105535 5962617 6165814 6332903 5789790 5697960 5837736 5923513 5679484 6299795 5995342 6245356 5853471 6006790 6175564 6206829 6164831 6298944 6369523 6347955 6264461 6036575 5868055 6568121 5554583 6314637 5907452 6029317 6218857 6411493 6111638 5747657 6083377 6153672 5960760 6150853 6143189 6256173 6118574 6609022 5944585 5405074 6236584 6140573 6019587 5939912 6263105 5773577 6011349 5856984 5999832 5723536 6024778 6384267 6307200 5684318 6141287 6482037 6393776 6539708 6270587 6325723 6308256 6554107 6102864 5972428 6038633 5597658 5766084 6637675 6368466 5579324 5929566 6036359 5948447 6344610 5782381 6012485 5685390 6094765 6259913 6199717 6309801 5936209 6301377 5913149 6307981 6124869 6389823 5938736 5691226 6128879 6350055 5783688 6021020 6468111 6086066 5984141 
6443724 6323481 6531678 6061667 5946458 6315651 6055189 6244602 6503331 6507658 6260609 5900147 6399506 5645143 6084278 6190305 6263099 6666646 6056315 6363740 6857800 6181824 6249918 6062669 6177858 5960762 6200160 6189897 6559732 6532110 6143524 6359990 6292560 6124287 6448615 6787531 6617593 6376413 6601952 6084890 6469725 6508899 6081728 6266833 6485214 6664756 6300176 6481123 6700167 6138161 6304722 6544423 6658088 6288980 6090911 6588557 6408243 6467382 6138401 6343261 6039604 6329874 6249511 6093584 6141862 6303481 5835920 6342276 6478131 6360181 6349712 6434189 6889304 6868147 6378814 6114521 6312397 6447145 6054006 6912511 6797227 6838642 6465780 6426227 6152772 6498532 6473522 6545469 6059000 6600399 6332775 6057431 6747235 6080458 6294404 6601073 6204836 6745805 6410486 6524038 5746754 6561695 6657956 6138089 6426728 6444611 6636174 5914786 6179267 6179908 6598609 6041652 6593165 6206293 6348131 6139515 6463015 6342938 6357788 6484406 6836644 6257659 6370974 6448208 5687129 6590066 5580493 5944700 6838667 5889405 6699159 6255033 6150629 6436579 6293736 6532694 5769467 6537422 6712002 6745188 6254750 6133141 6010951 6178294 6264327 6814194 6134778 6378820 6570891 6571187 6173520 6640348 6131193 6415082 6324024 6768624 6147199 6363816 6652512 6858832 6544524 6553459 6217953 6519239 6252702 6017305 6435815 6503356 6330626 6497916 6264826 6676007 5849646 6632748 6375126 6590030 5621736 6242211 6177689 6228672 7028241 5855004 6098234 5995596 6521828 6486262 6270538 5970671 6325750 6331869 5992022 6793382 7166854 6455392 6883334 6112525 6272353 7027249 5871530 6556589 6875599 5992232 6308572 6437965 6312525 6396978 6281143 5709483 6119878 6034345 5821667 6354832 6303690 6221480 6163514 6278734 6251427 6330532 6491635 6648289 6589829 6494758 6616085 6261637 6385347 6886051 6009805 6441516 6201594 6304525 6425586 6601827 6330428 5981832 6220755 6704749 6116163 6124344 6242022 6555359 6344190 6689062 6166202 5621716 6508665 6651969 6198966 6157621 6729074 5901152 6402252 6237096 5971624 6111402 6228873 6609749 6452233 6192114 6539243 6735859 6848443 6936435 6521738 6580238 6467970 6522882 6232970 6102050 6179576 5951303 5944228 6862639 6895609 6098456 6329712 6688185 6037341 6641843 6579178 6286806 5875758 6516314 6562019 6515022 6189000 6094792 6475472 5836200 6365986 6134992 6378568 6088128 5837637 6465454 6469278 6108912 6364974 6772285 6326193 6191116 
6822813 6321171 6237702 6391739 6333427 6227316 6049677 6525105 6295064 6745179 6261054 5929046 6200005 5778086 6182986 5964365 6075722 6338070 6109539 6326173 6768846 6390287 6367835 6157478 6299278 6229529 6209036 6408886 6758425 6645143 6279159 6024769 6668260 6319952 6211683 6912005 6781055 6165242 6502752 6187643 6510206 6562796 6395775 6211029 6823391 6660521 6109595 6580002 6692463 6143220 6236160 6887767 6413138 6384131 6294439 6689298 6421582 6778245 6241633 6250428 5965948 6287712 6325216 6080526 6463639 6450274 5847808 6253305 6324823 6461011 6466564 6427084 6617943 6794958 6275544 6310045 6158070 6610645 6006565 6943419 6538395 6659123 6325842 6240888 6056407 6633859 6502357 6537136 6308806 6773662 6322875 6431010 6550906 6059044 6549408 6287436 6482578 6736890 6091561 6607902 6280068 6775862 6444097 6462406 6413659 6670159 6405921 6086208 6292941 6311774 6604685 6392115 6381031 6480399 6416712 5970436 6256947 6328797 6367913 6339522 6817569 6607788 6165363 6457640 6079631 6721487 5712632 6005251 6696385 6027327 6534329 6100722 6071422 6799533 6213815 6625247 6547453 6621003 6826229 6310662 6389422 5882753 6351524 6211409 6556157 6937543 6406864 6341252 6806202 6700292 5999844 6590256 6297760 6480510 6545780 6727430 6401358 6435565 6729716 6507411 6928135 6382938 6306286 6552905 6010236 6326518 6289348 6423358 6350014 6410457 6227733 6763824 6079694 6891228 6840466 6341399 6138177 6388897 6188601 5929161 6723333 6024897 6262406 6143102 6783752 6391076 6366865 6087056 6497056 6544919 6035675 6901449 7164397 6515029 6618923 6153638 6237187 6807433 6400101 6583659 6726337 6124664 6556075 6208904 6549549 6376997 6430924 6062827 5853066 6240550 5700037 6986958 6327606 6447878 6367673 6045469 6133951 6617408 6490732 6623292 6649976 6770319 6650962 6253249 6357209 6737572 5967795 6675341 6098812 6348079 6550750 6667295 6406759 6203843 6130152 6423618 6190244 6133282 6154372 6303427 6204520 6827091 6257664 5871648 6771031 6303042 6167635 6030257 6683242 6173513 6120398 6567275 6310585 6191022 6444780 6546569 6336474 6113237 6436477 6805779 6593867 6810906 6580148 6838577 6520868 6636573 6540864 6240911 6462135 5833153 5936889 6915946 6822688 5795652 6396037 6508014 6387087 6475459 6240054 6598195 6167494 6318447 6704290 6270611 6526513 6344529 6516986 6253789 6544257 6143680 6425224 6118003 6164380 6564844 6181240 5976529 6211995 6856089 6457169 6308878 
6392379 6129771 6047898 5911454 5661024 5861736 5762823 6152782 6123247 5900938 5902620 5649880 6058834 5773332 5719634 5972018 6012503 6041363 5955824 6038509 6539501 6073482 6040637 5883145 5974411 5912489 5691865 5856528 6194978 6242227 5936237 5736722 6253585 5852627 5797220 6533596 6319353 5887372 6293095 5923564 6247884 6393926 5841901 5983215 6017572 6589206 5854455 6280757 6320312 5655911 6037874 6521177 6393785 6184834 5739926 6432163 6091600 6212972 5853013 5943565 5650242 6234640 6033777 6085231 5999728 6060276 5609662 5934412 6338343 6254536 6121491 6113225 6334153 6324160 5965311 5968202 5851755 6047078 5706669 6556840 6107454 6446194 5974227 6127383 5813386 5884361 5894922 6363872 5995175 6322797 6025826 5914246 5898010 5906383 5981550 6019767 6087864 6490117 5970488 6387957 5802352 6249122 6360664 5985209 6169112 6127084 6081461 5828492 5995165 5895224 6292213 5624044 5848964 6055885 6065876 6032565 6308900 6305551 5910780 6204503 6523379 6093461 6068380 6283157 5679634 6364589 5492492 5694045 6448108 5730382 6241586 6040399 5569427 6103852 5792933 6187567 6206350 6554307 6422304 6006959 6017648 5717479 5987037 6150603 6054384 6395349 6100009 6074754 6567187 5929369 5914619 6308280 6012972 6245103 5895874 6101415 6211220 6010980 6348756 6245785 6195846 6232694 5974402 6128043 6081458 5997197 6021038 6145134 6103326 6045044 5813148 6399609 5646890 6228433 6270760 6112978 5403983 5956303 5970738 5593284 6336272 5823496 5630789 5850650 6426442 5769926 6016142 5760315 5979854 6230838 5639546 6721602 6609194 6449919 6329771 5714816 5962549 6419241 5815304 6299971 6612026 5908164 6154888 5996938 6157444 5952959 6037008 5979753 5885221 5553789 5725245 6294138 6079366 6322518 5993784 5920623 5871084 6196655 6063994 6290059 6082406 6111350 6238987 5849277 5964549 6435237 5740929 6139813 6042174 6003627 6212729 6385367 6089926 5771139 6223150 6406938 5882135 5955268 6133298 5966142 5723904 6279692 5724118 5377012 6385874 6216105 6082595 5932811 6272266 5784369 6237734 6173006 5799190 5836553 6082516 6209453 6143494 5792316 6348767 6137675 6476440 6562526 6010457 6473987 6236703 6123295 6242022 5780758 6047947 5642110 5789942 6512422 6547775 5780442 6065843 6136209 5921982 6382724 5850084 5988392 5664919 6099306 6415992 5980353 5881748 5975057 6222273 5810935 6016184 5762439 5959384 5885806 5815856 5976263 5995904 5707245 5938132 6241734 5879136 6162345 
6701373 6344157 6442796 6419695 6344448 6324155 6106949 6560200 6623769 6729920 6461521 5858115 6427390 5887553 6357102 6534582 6210685 6646701 6273864 6236457 6862957 6701794 6684387 6471633 6310581 6402136 6472393 6415955 6672832 6752206 6070926 6055339 6475388 6263728 6199680 6899979 6815071 6504572 6550415 5993155 6628270 6549033 6369721 6334083 6666437 6658570 6125295 6648287 6706397 6181587 6134370 6660183 6576884 6529077 6353049 7025515 6537760 6631466 6415755 6307507 6063854 6451669 6261047 6367969 6386425 6660623 5965036 6461472 6507298 6440718 6576816 6655284 7096972 6851300 6370452 6320270 6403653 6664398 6285860 7117005 6887539 6784688 6590882 6376535 6154068 6758093 6587898 6906123 6247271 6846645 6394296 6125382 6849242 6358521 6771339 6681581 6280877 6550472 6400824 6521403 6074272 6488609 6607724 6530048 6530216 6627916 6542709 6281961 6016239 6208798 6502173 6233034 6519511 6430395 6526058 6387732 6474391 6286549 6588861 6630389 6885539 6392167 6608749 6606527 6319015 6760015 5939298 5992967 6979853 6138306 6664601 6612840 6211607 6654261 6343982 6761328 6399254 6574293 6947434 6392504 6527826 6039501 6272235 6363962 6324088 6806634 6346808 6395260 7179695 6732126 6139408 6941409 6376247 6551792 6393551 6920941 6474090 6460524 6692258 6852130 6501475 6263412 6451884 6596243 6434874 6392896 6501377 6250387 6442864 6655664 6298681 6615501 6246239 6599074 6516889 6683172 6018961 6234285 6275642 6132595 6733625 6141801 6376216 6249483 6737208 6455692 6218454 5891580 6413381 6556526 6142451 6822609 7355291 6750495 6774478 6335636 6224202 6827486 6223959 6810259 6799906 6150400 6367744 6776411 6712573 6626357 6362091 6074579 6502920 6167802 5981463 6776733 6316599 6563568 6138338 6371930 6242772 6622329 6626959 6626910 6517915 6504361 6511037 6419552 6261190 6869069 5942408 6720930 6451233 6532757 6558214 6749799 6529549 6181284 6633303 6768687 6299614 6430697 6246732 6246937 6326436 6876010 6202987 5732680 6969325 6649973 6336860 6371104 6593924 5955639 6477539 6558656 6432704 6208832 6331282 7038712 6776213 6297661 6529033 6728297 6825301 6909619 6628931 6982309 6759395 6896297 6544235 6302839 6552751 5742472 6008705 7011163 6770283 6292283 6285775 6433388 6228443 6861096 6431817 6286225 6071658 6552863 6717945 6572453 6565583 6299048 6611915 6403603 6553744 6244405 6464130 6047244 5887755 6369016 6653897 6017544 6291584 6712225 6570832 6320616 
6970442 6535216 6792161 6328142 6094164 6772492 6209901 6486660 6787918 7063905 6462467 6014337 6339650 5823015 6230648 6539917 6409097 6634831 6336132 6489531 7155925 6494364 6608690 6452500 6308022 6326165 6586852 6371804 6991338 6916201 6400116 6285389 6759732 6419705 6409659 7029044 6847746 6647313 6737340 6733830 6503114 6574598 6276548 6352822 7014536 6848358 6520486 6904375 6896248 6448427 6505773 7135313 6805564 6742637 6252353 6941676 6492901 6968291 6433372 6482008 6245995 6502694 6666840 6779647 6677784 6761383 6414236 6353838 6495235 6730376 6565874 6624697 6824987 7152120 6445544 6254587 6720822 6834645 6212542 7063633 6961187 6964063 6644584 6729237 6249933 6666837 6799035 6898628 6417317 6993935 6350061 6513672 6716722 6396605 6606316 6535370 6422341 6547726 6530623 6880297 6078168 6874614 6880898 6597538 6737619 6742841 6558024 6329175 6760755 6445277 6556137 6513944 6499072 6478657 6490425 6476675 6606447 6316787 6486715 6737376 7082085 6494763 6434120 6689019 6265120 7070732 5737222 6232515 6901972 6419921 6875764 6390219 6044313 6699668 6327485 6680598 6582954 6902404 6775163 6946915 6583890 6218619 6375133 6400696 6464745 6845858 6469449 6381741 6648991 6966575 6363614 6826174 6501724 6663272 6738165 6783356 6629867 6544945 6817309 7014641 6861248 6501326 6361513 6508904 6392542 6259956 6534289 6414698 6383565 6640262 6519238 6876023 6356821 6963652 6751232 6874775 5931345 6819291 6459706 6667633 6858234 6268898 6349794 6382735 6893356 6523937 6375094 6260967 6790307 6623770 6180457 7026863 7451652 6775810 7040084 6378762 6662145 6808314 6168792 6817223 7188784 6337320 6519190 6611485 6668252 6446244 6364095 6170700 6177619 6028139 6185323 6902183 6455191 6607604 6705828 6395242 6408950 6698491 6778750 6727372 6598781 6999059 6819703 6335444 6732327 7091091 6345377 6895106 6434123 6691935 6862147 7141614 6499759 6301951 6507995 6607874 6482572 6196057 6347447 6649130 6671098 6986044 6520697 6145829 6773608 6578686 6467190 6369937 6985523 6170079 6842249 6366857 6520988 6443389 6400516 6620220 6483266 6447470 6799417 6973622 7033825 7092608 6690859 6969417 6704513 6860004 6529940 6504439 6660865 5941256 6076374 7048826 7018728 6305920 6629193 6563422 6736857 6689591 6364943 6609031 6170510 6586791 6994554 6676734 6586482 6304802 6954190 6205086 6509031 6464533 6736234 6316983 6348862 6328303 6721447 6290788 6558063 6925038 6402741 6640808 
6702894 6457057 6801004 6561811 6200932 6612904 6368274 6815028 6395631 6930470 6715834 5979427 6341120 5809005 6230479 6491528 6423627 6713952 5908483 6572387 7022863 6489582 7092060 6564304 6349530 6431425 6404150 6415965 6745640 6752253 6340893 6397601 6525100 6443015 6236374 7006133 7014521 6411123 6655101 6464148 6535593 6789384 6527810 6691073 6769407 6755455 6201448 6670928 6707204 6516973 6453746 7118994 6644838 6673570 6234323 6940887 6356280 6842670 6231732 6684631 6345339 6686292 6267266 6393708 6453517 6570178 6286881 6436336 6638146 6473148 6636116 6724655 7088820 7255251 6448893 6357350 6395751 6610567 6337322 7353154 6815054 6850557 6595415 6718775 6182585 6586212 6705546 6784366 6463283 7114174 6322235 6381591 6647967 6271686 6802366 6599961 6517684 7048557 6662146 6653336 6406385 6540302 7006110 6692087 6734293 6925079 6382260 6457607 6588625 6523526 6478494 6372767 6464765 6630049 6456612 6183646 6925935 6376496 6458117 6746562 6738423 6517744 6691351 6708231 6302710 6656152 5830694 5860826 6886208 6231985 7036721 6654435 6450526 6805490 6536312 6899093 6626844 6711436 7011218 6655978 6775029 5951882 6541214 6327814 6322287 6985407 6675782 6674074 7114153 6869710 6361569 6997527 6602632 6736728 6679362 6904623 6446017 6501037 6753336 6921570 6863367 6436912 6365495 6738834 6241057 6545832 6702196 6426989 6359482 6426339 6439650 6709101 6319206 6964348 6581839 6690150 5997991 6415077 6553030 6431131 6947900 6120712 6247517 6279567 6890413 6288559 6453480 6351614 6430014 6814971 6187012 6882543 7418993 6864718 6990959 6305885 6405621 6886552 6463212 6853139 7096280 6094123 6561514 6653467 6860515 6791511 6461267 6318496 6346711 6369145 5918664 6595109 6725008 6785465 6555720 6467743 6267357 6760254 6711449 6631671 6848706 6560700 7006223 6369871 6389770 6822942 6159226 7028051 6381683 6437506 6864731 7040853 6803752 6351831 6638590 6805029 6333223 6626291 6400943 6556390 6298676 6818399 6422086 5810468 6747866 6651797 6490629 6461060 6862493 6210427 6526619 6443627 6552194 6102649 6495659 6617852 6680438 6006338 6741590 6823386 6791229 6904519 6713464 6827293 6703222 6952407 6650481 6391548 6488165 5905399 6318358 7128558 7090960 6186637 6532142 6619741 6517976 6566404 6520744 6492888 5990802 6400878 7024837 6867276 6360360 6305304 7033469 6167582 6539929 6404550 6620020 6424919 6189800 6455048 6375789 6062992 6503302 6693640 6638231 6549976 
6864183 6552347 6866149 6599325 6438740 6405596 6242962 6820751 6975974 6835495 6567352 6292313 6870646 5928451 6509462 6712159 6448890 6772095 6431835 6703234 7339864 6915770 7089473 6647834 6408111 6653597 6248646 6729120 6824369 7046646 6437699 6613706 6863682 6489384 6488992 7010555 6952212 6803945 6889287 6526029 6728455 6852472 6718098 6597123 6829037 7058596 6598373 7087398 7158013 6551683 6655183 7240340 6697726 6727509 6362713 7330492 6629482 6841843 6269653 6749564 6229105 6596024 6762114 6324451 6502696 6617134 6333627 6620317 6851322 6694513 6866818 6721326 7038930 7116787 6656035 6495646 6398673 6940003 6559298 7443911 6884526 7203746 6884944 6861013 6512430 6581830 6891788 7206613 6520950 7109712 6528914 6507314 6936631 6581454 6482736 6791100 6479233 7139375 6850580 6904123 6386027 6943986 7028409 6471280 6790832 6963913 7054920 6375604 6821416 6747101 6777395 6487194 6686400 6660876 6704791 6616942 6694535 6759608 6578222 6890979 7182488 6750324 6781798 6927030 6420430 6958182 5882495 6155337 7059480 6540221 7094279 6758370 6360036 6688419 6352303 6820285 6796701 6945129 7164356 6968543 6976897 6332632 6507655 6465864 6505888 7061576 6658651 6654205 7110441 6835262 6558475 7257794 6770288 6764112 6868159 7066040 6740730 6713872 6771977 7134135 6839931 6520484 6624786 6704793 6571929 6613243 6450455 6658623 6595956 6943297 6473560 6662536 6653697 7156734 6799569 6891311 5990627 6514962 6557003 6586167 6891882 6598146 6509699 6721089 7036248 6625915 6578399 6367212 6596369 6840244 6374421 7047529 7448376 7000013 7061018 6456537 6812024 7189424 6522061 6861666 7275017 6621001 6654838 6655020 6911822 6597163 6670226 6210041 6347687 6570942 6271874 6764843 6644818 6944310 6391371 6445113 6628885 6679770 7000666 6976886 6832259 7036559 7090969 6615274 6454472 7460772 6650547 6820344 6538565 6711777 6639398 7007614 6792824 6478132 6615003 6838936 6402326 6412987 6592167 6753284 6525636 6963745 6431865 6102007 6967319 6797496 6476173 6570134 6913817 6260291 6921879 6565173 6311941 6218170 6369242 7075186 6852405 6249186 7133465 6996445 7057295 7046697 6693067 6972542 7061080 6927447 6811342 6724982 6904848 6010484 6344500 7366725 7152256 6358779 6584468 6587251 6243102 7002941 6553134 6582893 6194804 6886127 6900119 6967159 6849130 6670717 6983699 6304850 6909437 6394519 6809558 6566167 6223943 6446057 6941660 6125152 6959274 7090244 6523014 6784763 
6875592 6387808 6518563 6615444 6207466 6455177 6230895 6596170 6449938 6729579 6461845 5833837 6370911 5899701 6366753 6252814 6119972 6636320 6355511 6570175 7099979 6494944 6781927 6586835 6546437 6058893 6383767 6453679 6808427 6723668 6364835 6150600 6495482 6298007 6437343 7044884 6645917 6408836 6738141 6451274 6759118 6531946 6219707 6304545 6808653 6656441 6469516 6690039 6892340 6557141 6327079 7009954 6817435 6557090 6438670 6863617 6332659 6927258 6458830 6367530 6080461 6825169 6521662 6637286 6740720 6692611 6075906 6305141 6509096 6513211 6484109 6382426 6473266 6573022 6516467 6146346 6246703 6657425 6074459 7128036 6844085 6673954 6598338 6573762 5796444 6587046 6570020 6555390 6508939 6919166 6443065 6483885 6618320 6207267 6509423 6693365 6213540 6906112 6204378 6765269 6020259 6886819 6800646 6443986 6496246 6765878 6863521 6063187 6518033 6535293 6723811 6375859 6219739 6570117 6468486 6259359 6410849 6522993 6391254 6672208 7089779 6475344 6343014 6706675 6107429 6734396 5780749 6126745 6768423 6416642 6742840 6206776 6107630 6544925 6189355 6504616 6587802 7093446 6996409 6517956 6601124 6193759 6453957 6392118 6419925 6822812 6505070 6325486 7041675 6710860 6322551 7181090 6273183 6408874 6291416 6593089 6576072 6736892 6880794 6789934 6635847 6668591 6471993 6446577 6407084 6255333 6610097 6387718 6502984 6693472 6291633 6947926 6244864 6801766 6787955 6742278 5900080 6406183 6442484 6299048 6868452 6314659 6316132 6337813 6686756 6509661 6210128 6118722 6594598 6756091 6112540 7121068 7307664 6791110 6804107 6177036 6586379 6986144 6405547 6863014 6851179 6404308 6349232 6509481 6812227 6689900 6373437 6193678 6079981 6265118 6011589 7112321 6463863 6574580 6443229 6235735 6538629 6659807 6343017 6687146 6645728 6859719 6626041 6303158 6498545 6705753 6032289 6633131 6232225 6426130 6573130 7124469 6565489 6302581 6378316 6644940 6388384 6511820 6345464 6585242 6482470 6776011 6256190 6049420 6891357 6918908 6191175 6411298 6820878 6221211 6824894 6444426 6574591 6262524 6303442 6770330 6643847 6410991 6882392 6621446 6728803 7006401 6435516 6808380 6619449 6574415 6486040 6537271 6489238 5872055 6326464 7109740 7033950 6153737 6683855 6649635 6279815 6647208 6231024 6478982 5983517 6533445 6710927 6636709 6575869 6368720 6600251 6447502 6752648 6584787 6593593 6416685 6138960 6531932 6384117 5979066 6749958 6890862 6195307 6421663 
6350574 6118509 6238575 5967370 5680037 6288793 5950452 6300908 6391589 6109731 6267230 5576857 6049183 5514195 6015001 6105056 6020264 6169522 5973909 6091921 6714494 5953031 6380175 6226774 6124697 5996476 6147861 6269316 6371253 6508094 5771117 5929058 6188995 5943407 5817233 6810711 6361559 6181241 6354973 6211226 6035952 6195625 6180091 6134341 6262570 6341453 6083816 6297130 6402044 5766350 6108358 6610263 6236693 6439843 6022743 6516574 6075527 6457125 5840783 6238879 5741214 6280537 6040867 6237413 6167826 6147301 5778010 6092116 6302578 6527334 6193696 6156384 6510239 6662207 5919184 5879509 6174519 6147755 5823745 6740927 6499935 6934290 6229426 5926459 5619441 6309778 6138985 6514860 6111705 6464240 5997032 5977320 6488426 6037629 6250846 6301757 6050885 6455501 6135059 6367925 5760498 6489073 6413842 6096306 6219191 6542140 6355117 6069928 6020676 6011721 6006214 6051124 6342352 5835539 6135348 6252860 6077560 6249608 6102183 6186360 6879858 6275862 6033397 6416916 5817232 6636752 5721258 5558549 6608467 5672788 6490290 6119067 5795775 6379820 5990254 6521515 6305511 6570048 6453262 6215620 6278193 5611908 5860608 6283137 5955116 6714169 6172203 5975511 6469929 6494702 5969818 6517352 6300134 6090778 6062911 6343055 6334420 6046509 6421194 6659994 6449952 6251657 6093308 6429051 6028230 6037880 6333419 5943440 6136877 6413282 6115802 6433640 6059211 6457222 6318874 6409497 5685972 6092824 6159181 5956498 6555286 5973257 6071229 6325496 6385580 6148664 6164402 5670684 6001063 6336937 5645336 6464480 6778092 6714145 6612014 6153871 6207247 6616030 5873340 6521578 6478110 5890273 6086533 6055014 6263026 6073340 6012529 5805107 5768869 5849613 5613253 6251477 6246182 6193322 5780504 5997911 6077342 6204687 6391372 6208782 6364930 6171293 6344668 6112718 6071550 6736079 5932351 6393461 6098488 6517943 6411883 6313548 6314119 5907111 6216644 6454127 5933749 6174318 6144192 6205337 6217986 6683904 5900018 5497084 6453570 6278193 6135469 6047669 6050469 6097706 6118013 6038637 5737558 5873453 6035002 6416571 6195789 5991559 6423407 6539781 6683336 6613533 6196006 6484926 6315439 6351685 6351437 6096120 5895202 5646826 5758110 6508219 6686743 5805585 6102075 6258878 6014194 6319591 6168613 6271105 5853958 6107318 6310919 6341876 6146319 5983660 6327313 5941004 6402958 6018518 6424612 6245946 5798619 6166106 6501975 5691146 6322427 6527776 6229636 6109059 
6599369 6190378 6415128 6525837 6127234 6244856 6026726 6553935 6545103 6320460 6180534 5875105 6301769 5729765 6110671 6489440 6192073 6425141 6182454 6418601 6666559 6245688 6525058 6454574 6247326 6226195 6250230 6192440 6778261 6824761 6114729 6063499 6367968 5988742 6241906 6671035 6660021 6416419 6610890 6189709 6652068 6301655 6277655 6528404 6695314 6632701 6098105 6584033 6585804 6058805 6306365 6788098 6559221 6373068 6261983 6826612 6050180 6655996 6142450 6109726 5828518 6352036 6229920 6340562 6229953 6381757 5915299 6481015 6337325 6536630 6306746 6307758 6643813 6803718 6317425 6225907 6238159 6405377 6081779 7110928 6630108 6366728 6499705 6475340 6067917 6477692 6590046 6709495 6171743 6720274 6322749 6183476 6569518 6358302 6447213 6476364 6168013 6643745 6420384 6489218 5792114 6745425 6922421 6314916 6309480 6599809 6295693 6387586 6295027 6276040 6597453 6333186 6462420 6280840 6433313 6129769 6408339 6266042 6323225 6478718 6740295 6292722 6350196 6490454 6065768 6538248 5697565 5743769 6688429 6155178 6655820 6242138 6146222 6345035 5912421 6568456 6237841 6666605 6880506 6464297 6245118 6022944 6209032 6287263 6422282 6856774 6200265 6233337 6906010 6333659 6197399 6818027 6511924 6556350 6623148 6425444 6149462 6305711 6640638 6646138 6725970 6281656 6398464 6386157 6214459 6361698 6319150 6290513 6391254 6504500 6378080 6729772 6206510 6416575 6331009 6554199 5790090 6161396 6318947 5930689 6930679 6230009 5928280 6067428 6737025 6388084 6238675 5759405 6500348 6376948 6001402 6661766 7137791 6520749 6706333 6178721 6758259 6685201 6057417 6348226 6899875 6254144 6541601 6347163 6477458 6582942 6354867 6008778 6290258 6051292 5833483 6347258 6286171 6474646 5987479 6340039 6363192 6717109 6486459 6739852 6662516 6456362 6740065 6272538 6170015 6523215 5664405 6409054 6217924 6396560 6673173 6772349 6464696 6083025 6325013 6597437 6269945 6124826 6316612 6173715 6154353 6349198 6218022 5854885 6547500 6417061 6295601 6302738 6367366 6084317 6240792 6403793 6240546 5945481 6359042 6618515 6425158 6160445 6710205 6706404 6804692 6851974 6520601 6644717 6486027 6640085 6209429 6414280 6492182 5886298 6131657 6833452 7042160 5977766 6493302 6502921 5984662 6766152 6105268 6411637 5614769 6438755 6631047 6358010 6428552 6190495 6553753 5865095 6394595 6252619 6383267 6247125 5979467 6303444 6584144 5895416 6078169 6732665 6135848 6167465 
6463954 6464292 6208377 6198833 5704735 6004427 5829095 6201400 6423440 6410829 6402600 5883863 6005313 5329222 6138648 6334251 6045125 6456101 6378841 6272252 6598545 6075585 6599432 6435337 6073625 6214995 6247318 6449963 6257676 6758851 6035357 6041024 6364780 5921862 6235687 6629145 6582090 6310663 6333838 6171300 6378720 6222162 6127265 6014930 6458553 6454709 5888821 6281013 6628302 6108093 6107834 6904083 6357210 6263124 6045748 6786714 6216045 6514576 5987659 6273935 5717576 6315199 6094008 6371931 6154278 6217392 5748239 6250569 6247658 6352091 6264013 6142328 6444463 6815114 6149812 6031961 6006904 6348210 6232027 6790626 6538334 6432811 6147808 6438824 5956105 6286212 6233214 6427170 6150294 6436403 6166590 6083971 6351331 6301598 6450018 6311082 6037305 6382150 6220356 6287049 5939078 6423680 6398887 6047545 6365310 6332221 6330289 5956803 6176286 5984007 6396839 6222275 6042252 6097032 6007298 6092628 6212278 6202832 6132102 6560534 6678615 6397693 6398966 6491344 5730055 6460484 5859694 5931088 6605879 6041510 6516014 6156772 6024479 6323629 6189758 6615617 6118511 6731767 6713979 6213156 6291103 5931465 5966975 6244131 6329425 6559748 6379741 6427262 6530127 6361455 6074679 6687317 6212885 6199689 6554008 6525534 6254201 6401352 6605485 6560208 6465241 6150086 6059986 6519216 6224367 6253708 6191443 6101865 6386696 6304851 6330505 6681631 5978757 6465227 6252866 6157738 5708207 6195478 6069769 6134067 6598396 6072466 6257070 6066759 6427914 6363619 6186925 6069900 6085476 6520116 5948245 6527803 6908942 6716924 6567462 6237855 6206902 6486941 6059340 6288047 6874757 6143013 6209356 6386096 6398014 6341618 6198976 5829923 5885794 5878950 5716927 6398618 6418892 6176941 5988615 6051780 5995292 6507542 6411807 6270187 6423741 6601741 6416935 6356194 5933205 6717748 5885520 6136689 5965191 6248390 6583199 6505281 6425741 6018403 6448740 6360638 6175145 6129555 6067501 6201338 6097126 6584983 6078564 5582960 6766956 6588354 5984758 6100031 6304980 5955900 6304746 6260806 5959749 6015093 5918752 6336358 6150399 6026795 6463291 6720469 6469397 6729635 6254888 6608837 6275031 6762919 6359005 6147880 6255301 5676093 5853837 6849876 6653066 5870684 5999129 6284092 5972054 6398033 5998509 6150796 5716127 6381301 6648620 6316520 6184113 6153373 6490286 5982751 6350093 6331562 6164278 6186116 5934344 6203438 6659224 5852105 6218292 6685184 6088815 6238956 
6229324 5982633 6178906 5979245 5872273 6292992 5964442 6447425 6252938 6428922 6220766 5555439 6041129 5715907 6020431 6320828 5817127 6270925 5766113 6091387 6536258 6289398 6429305 6161568 6015965 5924388 6015202 6212043 6312823 6548368 5936021 6078449 6288641 5597088 5832638 6577381 6329069 6299394 6194512 6068863 6409219 6262206 6020065 6293985 6351657 6197024 6069739 6413752 6409714 5938522 6208016 6713471 6269409 6257290 5966101 6633383 5939434 6257432 5817648 6011179 5933083 6470559 6011582 6170471 5901822 6176881 5661169 6139117 6302088 6258686 6273998 6277893 6600776 6775953 5978942 5876053 6276452 6115296 5877316 6568974 6253861 6342506 6335651 6211855 5875833 6170388 6147751 6545327 6163041 6304650 5976708 6214258 6628540 5960561 6238306 5979248 5994913 6264527 6191399 6328539 5917649 6192220 6400885 6154249 6366597 6392493 6255134 5925633 5965765 5933996 6522972 6176052 6291635 6117071 6128247 6046492 6006554 6277072 6196183 6400441 6550087 6227886 6197456 6291253 5780782 6507101 5556715 5713175 6609812 6106555 6443634 5931548 5885543 6335648 5837792 6410127 6201437 6539497 6269388 6227688 6007281 5525190 5870256 6182616 5749124 6568793 6189895 5896965 6693389 6386675 5885494 6532811 6095898 6131453 6260373 6376757 6227140 5950190 6573756 6559211 6415804 6154803 6081329 6150779 6025598 6076024 6402479 6299782 6056185 6188707 6155035 6463817 6118746 6518995 6282688 6433558 5470793 5935470 5992073 5978150 6579392 5761103 5960018 5909282 6284677 6171781 6164873 5611605 6212494 6375738 5695638 6650180 6746122 6355710 6508676 6001818 6287861 6660640 5897253 6275635 6520975 5858417 6089548 6086957 6265908 6337747 5994487 5833028 5894214 5580688 5796106 6470361 6323080 6521750 5902973 6193132 6159590 6406152 6395487 6018448 6341619 6412915 6322511 5972250 5970534 6448126 5971231 6385107 6022310 6134747 6351072 6480127 6318692 5988048 6237178 6340603 6206938 6061921 6160900 5996977 6138336 6563106 6091973 5612558 6532510 6076796 5991394 6019529 6193073 5756217 6316199 6158557 6028123 6026359 6145069 6455477 6030265 5651753 6441051 6160734 6667644 6383606 6389473 6624213 6205760 6627149 5994460 6195379 6067038 5463218 5738404 6450681 6732567 6019898 6042931 6123853 6189030 6454563 5985172 6326135 5426247 6285197 6439827 6235616 5940674 6032939 6358961 6058597 6357334 6192731 6607809 6011638 5763680 5986134 6250785 5932158 6452557 6253707 6155014 6043790 
6794323 6580109 6706953 6677241 6130620 6577114 6367359 6520778 6801009 6840399 6704147 5751094 6235635 5750784 6455930 6519306 6481136 6531872 6576633 6649233 7059568 6613133 6926319 6688967 6188566 6341676 6547755 6487284 6845359 6741605 6288328 6346999 6726610 6411767 6120621 7339072 7086719 6456812 6896085 6509239 6739574 6703774 6543292 6357514 6894492 6991411 6608909 6778222 6829815 6282914 6444037 7176882 6771722 6600771 6426130 7112634 6475522 7011090 6261751 6700964 6151515 6834809 6566020 6436577 6798090 6953507 6420141 6642882 6872681 6547446 6768317 6587990 6961123 7192706 6465539 6190438 6524242 6690540 6320591 7223193 6788279 6986969 6432891 6747455 6200949 6843316 6482255 6873922 6387548 7045358 6427696 6678704 6537028 6529120 6447799 6456567 6367774 6936293 6462373 6761596 6314891 6976951 6746925 6752930 6580277 6780443 6480779 6430384 6584183 6540378 6704412 6470988 6558039 6395787 6819278 6422872 6562334 6505191 6594597 6964248 7010302 6681825 6509634 6645065 6451216 6873081 6025175 6159973 6819481 6191992 6994508 6603101 6255613 6850583 6537184 6998874 6694663 6805325 6896466 6716320 6594457 6339738 6481293 6577898 6503009 6947762 6801747 6222659 6944862 6772343 6325671 7025571 6625146 6553203 6605555 6994115 6719050 6767852 6664124 6953990 7023016 6495549 6641207 6588789 6304420 6504524 6434187 6681110 6572529 6806322 6338040 6723901 6328903 6953793 6485792 6761077 6272559 6442980 6232441 6153637 6780430 6527958 6371559 6579370 7012354 6441038 6605832 6210162 6351410 6743541 6214856 7113374 7573394 7054495 6861020 6339383 6533569 7139371 6591672 6878926 7185517 6229806 6641955 6515223 6967371 6709827 6487721 6397543 6156655 6253586 6170437 6671147 6650524 6646910 6479164 6440531 6484205 6531778 6471033 6641159 7042770 7303407 6889045 6464439 6361646 7077133 6264011 6942908 6392875 6691117 6799296 7130811 6685248 6411787 6648383 6573044 6385842 6520894 6567000 6831071 6396358 7075875 6333064 5997111 6851495 6602951 6360429 6606483 6794351 6549922 6876352 6719132 6523671 6551629 6314245 6582508 6898522 6344934 6733052 6887099 6816590 7076514 6600482 7083592 6621952 6949486 6466889 6366243 6688371 6012737 6299168 7231843 7105818 6248514 6440734 6434764 6295271 6854031 6221196 6701166 6119897 6727076 6856396 6895585 6603927 6518125 6803157 6549420 6626535 6575768 6636690 6693928 6360321 6523936 6511974 6009980 6657453 6946578 6320467 6583241 
7007713 6571435 6696331 6623087 6288846 6664106 6325428 7037893 6808567 6841722 6660455 5987459 6631344 6031329 6658039 6762728 6362345 6568471 6416355 6491079 7236532 6527631 6783716 6555481 6480063 6606723 6426949 6817729 6674797 7162786 6589225 6302405 6658699 6470127 6573717 7039693 6815885 6799772 6748525 6517106 6876143 6649408 6421912 6524320 6940941 6991059 6363304 6866937 7137220 6287431 6336322 7447796 6788899 6567177 6507495 7080431 6585076 6804671 6326181 6560410 6040075 6927767 6582517 6565713 6611658 6613755 6264397 6894179 6986231 6688948 6648760 6493360 6943458 6948538 6410923 6361211 6569043 6574240 6312249 7387965 6911455 6849047 6577352 6715440 6300477 6843093 6615640 7064293 6276358 6945031 6368481 6389109 6808874 6588863 6820164 6748157 6223603 6845265 6459419 7047144 6431880 6976411 6908712 6504690 6827069 6845107 6623137 6318974 6460141 6584669 6870382 6623542 6526157 6574023 6463549 6478239 6565274 6585959 6471792 6770856 6980751 6887949 6482598 6976808 6378125 6753706 5844960 6295280 6980621 6191972 6933434 6749858 6329319 6553840 6622348 6925252 6590895 7071556 6937053 6598498 6751105 6446881 6670091 6668290 6533532 7153232 6722488 6403182 7058949 6979515 6090950 7019006 6696928 6720221 6860031 6901161 6721928 6598703 6857169 6912763 6978425 6789446 6562895 6547911 6550232 6595315 6677904 6592733 6768580 6752070 6648305 7052772 6396663 6926940 6884946 6763839 5999312 6403800 6472228 6318615 6701400 6522284 6297682 6465540 6848153 6471757 6664626 6294751 6540277 6999235 6351745 6709206 7319841 7071619 6832925 6426451 6555340 6897935 6520949 6714965 7181153 6535304 6708857 6537523 6881363 6782588 6741773 6248770 6614522 6320746 6169229 6697512 6763599 6634341 6156995 6556118 6654449 6883938 6831907 6851846 7051700 6923413 6731214 6474961 6388077 7130114 6156152 6797117 6449578 6471957 6604405 6998039 6567796 6365448 6626726 6916090 6705721 6642416 6294643 6583277 6624556 6959752 6154768 5897487 7342010 6794452 6498483 6423181 6601101 6285699 6601615 6490468 6436074 6212317 6580855 6738350 6882662 6186362 6838081 6988815 6990569 7292659 6871147 7060252 6763884 7118508 6461995 6648855 6537792 6028177 6197018 7042026 7179388 6277828 6725291 6801876 6415026 6722617 6571012 6866630 6097157 6612921 6950571 6540509 6342490 6473491 6925707 6185330 6877977 6538293 6912567 6552634 6448849 6267055 6803586 5967052 6585064 6885692 6432900 6468865 
