200
2003188 1909761 1666638 1761592 1901545 1938918 1913956 1916783 1929112 1760053 1780281 1911463 1839161 1884165 1795573 1907589 1752362 1853883 1919891 1826409 1791559 1900989 1807075 2171906 1958769 1853580 1830679 1839850 1891109 1833198 1858672 1918484 1706593 1776318 1853978 1967062 1842325 1772610 1770153 1927754 1622312 1813112 1986992 2000999 1999275 2241456 1912346 1798998 2050837 2016301 1933816 2059525 1791983 1946003 1834056 2013861 1952412 1696059 2014834 1949489 1818905 2018865 1750347 1754003 1895430 1672684 1662356 1753606 1903317 1887323 2132090 2173898 1950374 1981603 2025296 1863166 1880178 1854917 1975884 1857186 1894961 1835882 2048655 1772986 1769237 1840409 1919665 1789934 1913132 1931266 1940778 1659333 1843779 1849187 1960944 1858701 1768167 1994917 1955056 1866687 1836559 2060896 1874251 1764561 1606368 1822581 1884507 1782580 1817220 1938953 1716853 1885946 1827961 1885202 1887071 1840582 1854729 1900663 1876319 1852911 1837627 1954441 1847839 2003558 1886682 1826935 1827063 1858233 1962785 1847686 2130261 1773455 1784802 1861338 2049227 1906610 1706818 1862079 1969882 1952683 1539950 1822982 2014713 1760417 2083052 1844765 1947786 1782545 1763027 1883026 1850642 1773117 1904143 2027909 1954521 1901314 1902135 1786977 1970265 1867954 1955429 1837223 1940060 1810175 1889738 1897861 1938566 1794734 1846734 1939745 1794330 1899112 1695020 2068233 2039779 1681704 1849860 1807266 1805868 1966858 1980827 1807169 1813489 1855782 1878414 1942311 2101946 2097759 1906010 1817240 1918673 1821265 1764325 1877349 1648204 1924135 1760650 1857811 2081717 2029259 
1981205 1776154 1694127 1745369 1912214 1975106 1828456 1904098 1841805 1716464 1707751 1858701 1870700 1852384 1875741 1855588 1799720 1864486 1841346 1869410 1709993 1884125 1770384 2108220 1948327 1791835 1811292 1899671 1846796 1823595 1807284 1882247 1769268 1816980 1856721 1931239 1880012 1735953 1698502 1915076 1647040 1794774 1971087 1870157 2009371 2041383 1723958 1732211 1984954 1911472 1913415 1936238 1662700 1874063 1806503 1973807 1940757 1699276 1890308 1879255 1784696 2042002 1666529 1785496 1922658 1692772 1691443 1758253 1927077 1898652 1963825 2152331 2014146 2040192 1963789 1960250 1818516 1902750 1885748 1830671 1986251 1796206 1958683 1709479 1776769 1762659 1863284 1707565 1956110 2099783 1890845 1724921 1824755 1772622 1910290 1785234 1747676 1911214 1902406 1801435 1779172 1934667 1847229 1694017 1630684 1814924 1979579 1776361 1777295 1767515 1848780 1749866 1856113 1909008 1800631 1871633 1840754 1942859 1719982 1968232 1875668 1972786 1797687 1958267 1807390 1828042 1813655 1842258 1793193 1980298 2095470 1814512 1709631 1791204 2141967 1866420 1731653 1892847 1880253 1784316 1539859 1759877 1863919 1785126 2033904 1727917 1860729 1804146 1819321 1809633 1704618 1686761 1910849 1893026 1922651 1949441 1876343 1729180 1981127 1947537 1985260 1696209 1815311 1908149 1917595 1943711 1894023 1747479 1783369 1809897 1760549 1860372 1706757 1961033 1886538 1772205 1860271 1767245 1922065 1970984 1925292 1711808 1855892 1912008 1904547 1801886 2048675 2006184 1858375 1734420 1809160 1873098 1763899 1805760 1749491 1909372 1760205 1850879 1984146 1914367 
1956210 1863073 1663510 1768451 1878093 1924578 1786786 1910714 1820645 1737043 1673913 1826506 1888178 1774598 1809323 1910200 1741896 1752790 1886935 1814282 1796254 1919240 1735754 2030302 1841619 1744274 1751774 1861569 1929677 1923719 1721745 1905462 1661448 1823793 1800169 1914239 1845886 1687124 1717634 1893225 1506219 1834211 1978553 1885726 1984208 1986948 1786507 1692630 2036502 1889092 1892667 2048937 1646782 1858521 1749646 1950167 1919914 1743709 1974150 1810618 1781351 2012383 1715273 1689214 1865928 1564105 1606125 1782219 1894092 1786823 1992651 2090053 1921719 1995606 1969591 1819181 1809152 1844296 1886421 1840674 1946736 1769228 1929093 1840275 1878365 1776102 1944957 1762430 1816162 1953713 1881772 1647914 1713595 1765597 1815932 1725099 1817451 1879334 1945175 1718170 1735193 1981746 1766939 1696968 1647872 1874911 1893742 1819586 1840996 1886420 1827011 1855923 1910462 1941403 1790831 1727743 1877591 1946473 1778383 1901587 1825310 1944235 1844083 1953168 1797418 1828232 1827390 1888306 1860517 1860218 2026557 1818396 1826883 1807308 2032972 1822379 1704465 1792496 1950232 1916190 1540972 1746061 1935634 1669254 2005692 1787269 1909320 1758479 1819925 1787300 1835438 1647758 1820667 1828504 1953171 1858538 1877240 1723939 1930865 1759560 2002188 1730658 2029415 1772447 1851338 1908985 1844812 1678421 1832582 1854201 1764441 1816274 1585211 1937253 1830294 1724308 1798376 1837872 1876501 1832812 1877539 1733824 1889696 1848071 1748619 1700154 2060765 2081988 1732784 1658753 1864120 1804249 1846111 1778539 1741762 1824279 1696453 1842159 2072281 1939100 
1869574 1804597 1583771 1664887 1845585 1871277 1783738 1930893 1780846 1664522 1662164 1864932 1808781 1650614 1759216 1929379 1614026 1801024 1845080 1721860 1730803 1817736 1773239 2000303 1769118 1681037 1688734 1706002 1871437 1838708 1810848 1882665 1632508 1688260 1713530 1925432 1810871 1673919 1744564 1901362 1542642 1686553 1824894 1825928 1873872 2007700 1738303 1695054 1845450 1846084 1838660 1960114 1532454 1798540 1750351 1836244 1738537 1671669 1856987 1734882 1658368 1922844 1641805 1703956 1805829 1570527 1548310 1686690 1811036 1611281 1968599 2057701 1997555 1967850 1967541 1843484 1766635 1757059 1923891 1814475 1844432 1702029 1966056 1634709 1757195 1626705 1764773 1645292 1793262 1911582 1780671 1671421 1719495 1682473 1809923 1620765 1763341 1818713 1861871 1624868 1711267 1918322 1797357 1628452 1631709 1802895 1824911 1776889 1806057 1828918 1757040 1789231 1765994 1915816 1843361 1851190 1865396 1901679 1685009 1887744 1721010 1863412 1800059 1843423 1783374 1791491 1713441 1749936 1828851 1821033 2041218 1667620 1852484 1706402 2032708 1904097 1645139 1763977 1796595 1796730 1488284 1805947 1868513 1723295 1939609 1685304 1942380 1699467 1725450 1784526 1803693 1629578 1770430 1807859 1836718 1809492 1749375 1602139 1899099 1796746 1936510 1672704 1860633 1727595 1845483 1906719 1846289 1711959 1730818 1866785 1696620 1700646 1664983 1874045 1812610 1694148 1767297 1809783 1833458 1841948 1801074 1615717 1744965 1770972 1713630 1780002 1930341 1997430 1704948 1608084 1763697 1885225 1732920 1709903 1559116 1871153 1671473 1757647 1879422 1826113 
1908498 1706508 1613670 1608564 1784244 1862210 1717041 1806549 1744442 1743519 1578026 1831434 1731494 1780966 1632426 1866448 1631477 1715529 1898708 1660515 1709416 1766862 1698817 1938384 1750257 1661290 1719108 1699642 1804486 1787788 1765981 1806654 1620072 1587246 1706630 1895221 1697628 1725595 1715869 1835890 1477019 1699172 1908618 1764781 1911651 1958887 1721727 1663151 1904593 1850035 1754508 1907369 1597797 1813343 1680396 1826583 1807395 1673983 1815875 1752209 1711434 1873748 1614022 1641290 1844959 1595164 1618142 1684021 1834934 1752101 1827384 1923667 1928177 1839653 1932265 1835111 1687922 1782485 1844892 1684206 1735710 1721181 1912726 1601705 1733010 1679819 1822145 1696618 1736009 1862039 1767707 1616387 1606384 1687051 1743957 1752802 1712556 1740683 1865789 1641888 1673684 1792083 1706554 1585754 1439569 1715354 1792311 1739984 1674461 1762725 1749806 1729376 1777622 1819623 1797518 1709763 1714439 1767866 1679060 1813719 1649193 1813510 1747369 1822383 1773421 1702499 1746063 1704688 1672714 1812591 1929285 1719870 1614643 1633031 1989896 1752828 1624295 1781423 1813086 1771602 1531258 1730286 1795623 1734255 1963942 1599030 1816306 1635435 1665406 1765881 1686203 1616554 1853781 1750479 1854480 1787206 1828778 1630715 1819556 1623923 1869080 1712838 1828190 1690719 1762529 1876358 1855472 1651885 1710198 1798888 1632800 1672247 1548677 1895618 1778295 1634727 1728057 1708650 1704260 1838391 1796956 1758327 1673648 1768433 1776653 1755825 1891726 1884595 1726878 1591667 1764923 1847180 1764325 1637630 1594003 1885026 1671834 1718080 1971010 1837497 
1829635 1879682 1644659 1701834 1916009 1883924 1747651 1911394 1843294 1846789 1701866 1864664 1832942 1781292 1741862 1898934 1751341 1782813 1903815 1797628 1707669 1891775 1790060 1980152 1822723 1741527 1855217 1732671 1877156 1855723 1782176 1834723 1713561 1791012 1838524 1920200 1794723 1757383 1754581 2007908 1621748 1771198 1951752 1908598 1915724 2055615 1792460 1667881 1972301 1910342 1951333 2024829 1628172 1921670 1657355 1955715 1925023 1748823 1883483 1854498 1732454 1878931 1696180 1692566 1869916 1731622 1640682 1744330 1866385 1708966 2047756 2048840 1967950 1991502 1974271 1796431 1700792 1847761 1869997 1773546 1829493 1735713 1906348 1730366 1752648 1793544 1932774 1799430 1859184 1927568 1803792 1665665 1764056 1698223 1792905 1729024 1724389 1869629 1963889 1687220 1828156 2014973 1831054 1681640 1607184 1765195 1907793 1715359 1770875 1816651 1804179 1800925 1861849 1888252 1845697 1801927 1843316 1951589 1715944 1892790 1837137 1900134 1792944 1873563 1876596 1829999 1752558 1815952 1863702 1874435 1983304 1758359 1762875 1729222 2030513 1821799 1701318 1800255 1842475 1837603 1554762 1769592 1873481 1754436 2017116 1690560 1904352 1675385 1772971 1814099 1824195 1663829 1831871 1857940 1842713 1896191 1875754 1781801 1916804 1797233 1919164 1773812 1964054 1736115 1884590 1993472 1947788 1678573 1806826 1940307 1656160 1756465 1677192 1812857 1867922 1727813 1873064 1810838 1902136 1905588 1910681 1690167 1777843 1869411 1797148 1781346 1952417 2091912 1903695 1692067 1813252 1893306 1750774 1702438 1565022 1898234 1722500 1748498 1950760 1907193 
1966837 1874551 1679138 1864726 1966358 1965620 1950738 2051594 1818666 1856143 1750497 1954877 1920247 1807535 1932460 1990406 1809510 1961884 1874297 1967244 1857082 1938815 1830959 2078102 1918077 1764120 1808496 1893451 1938930 1938501 1960210 1916116 1670853 1836546 1913288 2011011 1916789 1830224 1944006 2069106 1674399 1840765 2017403 1842116 2025998 2162092 1955939 1879002 2035499 2005528 1962426 2114822 1647818 1982308 1816011 1993003 1910571 1835591 1994702 1832967 1867307 2089914 1799173 1802793 1959326 1673478 1719560 1861883 2023196 1891486 2130024 2166389 2066962 1949793 2029809 1861587 1863325 1956432 1945176 1900015 2064735 1852308 1989173 1788446 1907735 1858027 1948662 1826789 1902632 2084439 1879580 1670368 1823916 1826107 1949062 1773160 1918277 2017407 2107845 1894751 1829066 2068248 1951296 1805748 1755392 1864357 1959320 1941402 1849183 2067979 1825912 1960208 1892280 1999969 1973013 1965985 1964767 2034296 1837924 1996990 1835175 2044328 1867643 2036838 1844681 1853937 1855289 1820900 1878562 1961487 2180615 1849797 1795035 1868295 2190741 1872423 1815734 1896587 1999562 1893680 1682092 1836396 1948527 1833310 2126308 1696895 1911206 1863589 1842082 1950662 1786463 1764873 1924498 1869329 1970408 1901814 1963233 1784134 1987935 1946110 2009370 1766536 2025705 1811854 2042860 2051299 2050200 1790188 1951881 2029116 1843881 1963806 1754895 2043180 1914815 1803797 1864562 1796640 2020056 2012947 1997521 1820389 1852569 1995083 1861621 1868273 2128863 2220251 1883475 1758343 1901721 1946633 1902753 1779119 1732246 1944163 1804278 1955478 2036684 1974275 
2008474 1951976 1756890 1842711 1955140 2042202 1940911 1983847 1930938 1831314 1756659 1884118 1925169 1893494 1811453 2076320 1798548 1950536 1990284 1951611 1809496 1882805 1775816 2117842 1995166 1875450 1767496 1813071 1928715 2002125 1833525 1937228 1725469 1772577 1835942 1972877 1913548 1858170 1820219 1950073 1580722 1880106 1997296 2003185 2087462 2217487 1903106 1802209 2101212 2039232 2116007 2133052 1758941 1950007 1880505 2046273 2031546 1775925 1948092 1864125 1929961 2077159 1824293 1804875 1985672 1703491 1676997 1793371 2026215 1991869 2013226 2183348 2050098 1999427 2010785 1977811 1832652 1886054 1991673 1845456 1989630 1813752 1991602 1859457 1961467 1784082 2021547 1753901 1880341 2032357 2008248 1685766 1824009 1933727 1942067 1881723 1858791 1929935 1968997 1794353 1876175 2050750 1911885 1744508 1683727 1945984 1948035 1885119 1895932 1977967 1848272 1982636 1963208 1873371 1906936 1908389 1965565 1924303 1877404 1878829 1992745 2001034 1896151 1953446 1936556 1937769 1933424 1880967 1965529 2061777 2026063 1838442 1721544 1779511 2138165 1878355 1872904 1966958 1954451 1963616 1561490 1896315 1995755 1869531 2101627 1810546 1992962 1816471 1769658 1995898 1823097 1781825 1904777 1916200 2054879 1878867 2015660 1722844 2016727 1830556 1966770 1863795 1924631 1774146 1995479 1967805 2127620 1763211 1901401 1945725 1805692 1846281 1754595 2042098 2013900 1780096 1870666 1837522 1917754 2002892 1900808 1878787 1940724 1948639 1833499 1965494 2129473 2234622 1898507 1737287 1960334 1821364 1857848 1790253 1728057 1935461 1907683 1938469 2120942 1940669 
1994758 1821457 1719117 1746136 1960040 1907979 1941680 1996235 1928706 1802050 1794902 1955167 1886148 1857526 1856512 2004915 1798249 1894480 1860994 1855116 1785203 1936965 1829933 2082366 1933349 1826689 1800624 1762583 1905126 1870535 1918795 1901133 1725959 1772338 1856558 1934684 1873085 1736895 1833481 2024715 1621303 1697231 1996144 1918148 1991262 2124149 1897660 1756934 2025166 1952868 1869839 2060218 1639320 1916220 1776696 1972665 1944983 1811492 1961411 1934168 1847959 2064093 1781306 1742467 1982341 1683645 1631101 1810218 1894802 1886376 2032610 2169796 2050046 2009515 1905438 1835507 1781152 1868463 1858683 1887236 1988320 1862260 1984354 1776431 1829150 1801474 1825858 1798619 1862749 1986298 1932438 1799236 1838794 1902659 1867966 1814641 1846495 1995089 1966779 1745387 1863209 1964124 1815448 1680533 1637229 1801733 1982365 1893226 1940970 1971537 1890456 1853350 1851287 1968253 1978286 1880407 1761022 1920619 1855738 1964397 1919076 1954110 1800639 2019010 1918817 1931755 1803954 1821594 1920775 1928286 2104045 1814711 1698883 1747175 2069987 1835907 1717481 1782111 1985390 1934902 1555537 1773278 1952873 1799539 1973631 1752258 1908617 1758433 1791558 2035844 1815032 1768844 1890255 1869611 1946604 1879295 1911199 1677646 1948075 1950040 2035446 1813185 1918122 1853906 1999043 1935774 1940125 1701472 1945872 1937345 1750220 1907445 1766819 1972573 1885539 1758445 1837216 1791381 1885277 1932768 1981265 1869637 1865932 1908614 1832714 1856842 2056941 2057584 1844383 1777256 1944185 1925084 1861238 1754880 1652924 1940485 1786276 1946362 2035718 1857720 
1938471 1778967 1624414 1610467 1916830 1900362 1830507 1992038 1883437 1852175 1791753 1851856 1865068 1869838 1850227 1842043 1645237 1872143 1822394 1839469 1771632 1965142 1730326 2080738 1825522 1830463 1740866 1719401 1797148 1864882 1859445 1933949 1771939 1747808 1858506 1913104 1769467 1762270 1792359 1962268 1680039 1703739 1991152 1906534 2063520 2074235 1822633 1742775 2029127 1909291 1944243 2068403 1639551 1807199 1731843 1964940 1903688 1704997 1948070 1937733 1743034 1902535 1685088 1847090 1863839 1694918 1601103 1698342 1833541 1801790 2007405 2058828 1956283 1841770 2000933 1813209 1700907 1824682 1916974 1894091 1904441 1836831 1973511 1883467 1780828 1778412 1957206 1819258 1834274 1944985 1845092 1608950 1769993 1726939 1877096 1699505 1814290 1868038 1847404 1786851 1762855 2040857 1788246 1688176 1735562 1752978 1981658 1822218 1880167 1934542 1816056 1803799 1855995 1912627 1848268 1787848 1796216 1881356 1773783 1917947 1779986 1983525 1767917 1924643 1824586 1770133 1833242 1831268 1877281 1945377 2062355 1801499 1745315 1829488 2162553 1961803 1664761 1905229 1839504 1811552 1632489 1785886 1939421 1822722 1936020 1821715 1940541 1703979 1818357 1901263 1641679 1694556 1826483 1911248 1903785 1887746 1794521 1733512 1826945 1787981 1979190 1688594 1957541 1771957 1976216 1949875 1933803 1753349 1829914 1917562 1701598 1893570 1748733 1868997 1845687 1789841 1888272 1774814 1862223 1831614 1921250 1808319 1895684 1828124 1812073 1826914 2103391 2139773 1831679 1782680 1848579 1943208 1845967 1830818 1665414 1936202 1654381 1791010 1892761 1874732 
1992943 1870444 1628344 1747351 1954828 1996579 1841117 1971416 1860049 1737600 1769545 1960094 1963989 1835077 1851746 1977482 1738160 1851794 1863996 1851131 1727181 1954824 1853602 2083886 1957838 1788898 1749840 1736098 1949207 1873978 1851093 1876683 1702344 1826855 1855234 1976561 1888503 1729958 1856673 2025247 1577777 1718812 1906995 1854200 2041531 2159216 1853368 1896810 2000595 1963808 1931199 1986057 1692899 1871490 1806534 2008578 1937328 1874137 1986386 1892452 1785040 1980816 1773111 1782608 1931078 1748762 1648494 1813689 2010160 1890074 2019268 2205358 1933291 1949719 1978761 1926028 1855428 1837882 1925191 1829381 1955686 1783497 1979598 1817556 1844183 1686937 1940851 1773855 1916792 2022958 1897550 1708789 1795504 1847105 1861462 1818291 1819803 1979670 1981571 1792297 1694410 1901385 1816994 1583123 1728444 1929544 2014152 1793260 1867170 1902694 1836906 1893166 1828422 1944243 1938425 1882486 1871545 1934915 1824476 1934432 1910488 1996273 1871592 1909791 1804332 1910291 1823517 1769240 1958052 1917659 2054154 1800046 1854699 1850281 2131307 1922741 1805862 1906450 1949915 1936782 1595329 1871824 1866640 1872389 2063561 1763512 1943296 1840920 1806601 1982507 1777326 1656688 1944355 1840904 1893356 1926341 1897389 1700215 1924228 1928984 1912902 1765231 1905007 1796672 1970243 2033772 1990372 1748271 1893886 1939483 1791343 1822756 1779365 1929606 1930010 1777143 1848881 1852028 1884925 1928971 1900913 1810412 1827090 1884412 1834862 1901525 2072285 2116854 1802821 1733969 1890695 1940720 1885777 1751535 1679263 1933146 1846875 1885419 2051727 1791598 
1902513 1718700 1553413 1681219 1812893 1844855 1780897 1904162 1781009 1649516 1682364 1777817 1817190 1710556 1717062 1901894 1687332 1767909 1795981 1804126 1728984 1776321 1686003 1988744 1798707 1752221 1693549 1684676 1736025 1856577 1716354 1766677 1576961 1673671 1743954 1850215 1725940 1678082 1813983 1844482 1483737 1726730 1862193 1766080 1884965 1940301 1777787 1730930 1859029 1862629 1787558 1945261 1506667 1873017 1694795 1945648 1704095 1619680 1815133 1721370 1780376 1824770 1641974 1811403 1759230 1643589 1493447 1686631 1825823 1717590 1937487 2033504 1904549 1842921 1946643 1738521 1684092 1776322 1902127 1779533 1838180 1712104 1957651 1619667 1781341 1673952 1903088 1593761 1748965 1845634 1745310 1621194 1702412 1714906 1880832 1740549 1788064 1783793 1884517 1602377 1707238 1895591 1747980 1610393 1609486 1821954 1842618 1710369 1857171 1829004 1786426 1719687 1782313 1716042 1801943 1761556 1769015 1844622 1790043 1760840 1706181 1985075 1818723 1847157 1822168 1764642 1715328 1800692 1836330 1854015 2011297 1725574 1716185 1676096 1987953 1840958 1624646 1800772 1920746 1838129 1452998 1742755 1876947 1737404 1911934 1760331 1844645 1676751 1670444 1776008 1728734 1577008 1732737 1750884 1842825 1833908 1783016 1658327 1836040 1714794 1828108 1707894 1878933 1747521 1829857 1829286 1878182 1647737 1815312 1798967 1595477 1713720 1676728 1877779 1782709 1717284 1699075 1687672 1743581 1823132 1777903 1662800 1830016 1721498 1634654 1721545 2038618 2020170 1721182 1659153 1825947 1836033 1773363 1629741 1647328 1847870 1761594 1767427 1907205 1864389 
1978959 1807622 1644493 1718183 1881805 2006891 1867983 2056516 1861946 1773124 1777228 1885069 1836441 1885373 1873289 1906724 1689969 1924463 1913579 1918521 1779527 1908070 1863428 2080602 1908054 1858270 1793930 1803830 1851970 1941309 1890448 1874161 1631436 1780481 1824409 2009024 1885366 1764020 1793931 2016882 1613439 1758796 2020361 1893260 1969351 2164548 1860846 1779455 2002368 1912710 1870780 2022660 1725978 1884807 1794444 1959368 1902454 1733469 2027462 1952861 1792557 2127618 1671788 1804898 1842010 1664324 1657346 1820997 2037101 1838336 2052879 2214687 1989784 1997288 1982072 1956677 1802098 1894814 1997582 1952402 1997272 1872918 2057289 1756589 1823819 1752273 1959025 1761748 1908035 1940279 1867365 1674090 1773543 1899153 1867117 1794848 1751214 1933369 1999924 1772508 1743579 2058318 1828636 1776615 1620366 1893026 1875444 1886164 1883949 1933747 1872765 1850018 1870859 1937156 1852297 1876746 1894444 1967831 1831595 1995748 1824097 1989683 1891574 1917696 1801025 1788247 1805895 1849034 1872508 1955602 2121995 1865039 1816286 1791157 2085085 1917131 1786910 1898352 1988765 1861101 1557032 1832921 1868377 1817369 2141576 1830359 1917933 1798625 1810592 1912860 1885563 1710939 1890599 1841792 1982901 1894887 1964489 1731271 1861077 1925901 1993553 1760115 1879717 1835727 1993573 1924271 2056799 1775241 1874109 1923916 1727899 1803418 1719861 2005777 1954220 1750480 1898772 1833745 1961208 1977778 1853322 1719547 1921144 1889080 1852847 1807838 2097710 2171299 1859745 1728253 1918805 1861706 1828210 1691585 1644629 1884664 1787467 1937772 2006174 1948212 
1878754 1717488 1582162 1640989 1784937 1864415 1765843 1932369 1766067 1731675 1694342 1755915 1743986 1739751 1630007 1771730 1626237 1814409 1847613 1752597 1631793 1759783 1763271 1976995 1780481 1687043 1718057 1693147 1789739 1752531 1711868 1723909 1552056 1625765 1707763 1884182 1703105 1663701 1698214 1916407 1607827 1659328 1909791 1717683 1909198 2071994 1748548 1636052 1896573 1881266 1823219 1869521 1679531 1757466 1544058 1771242 1799292 1672124 1876022 1752504 1736009 1863601 1581828 1612410 1726212 1546496 1567480 1597508 1794312 1691756 1825026 2114130 1794271 1771574 1888342 1759393 1645958 1848496 1825662 1609462 1766829 1734670 1950977 1669792 1691754 1618275 1808774 1673474 1645634 1798208 1630993 1489215 1630148 1770809 1828770 1683906 1674220 1738785 1795353 1623507 1623327 1856625 1769869 1649061 1536639 1768108 1854610 1723713 1743529 1790295 1621494 1687478 1809080 1764281 1783683 1768904 1767260 1826412 1696714 1749176 1703512 1885022 1736837 1804498 1780489 1680227 1779024 1696070 1698909 1841766 1935029 1747578 1616088 1740612 2034296 1754837 1542343 1722809 1819023 1781388 1524370 1676311 1803842 1693646 1868863 1713263 1734026 1740884 1665478 1772573 1665261 1602550 1683034 1794091 1690252 1779413 1734469 1642188 1788221 1762908 1763534 1652584 1754367 1693794 1891731 1802153 1942427 1670404 1715727 1789023 1711921 1638508 1669383 1809723 1857974 1658185 1845913 1663154 1837775 1761784 1817713 1611595 1733280 1796467 1711242 1696774 1929986 2084587 1778040 1659543 1795130 1758503 1727155 1661399 1459920 1865685 1650696 1735731 1833640 1868936 
1980717 1892530 1722499 1740969 2019682 1957068 1892064 1973311 1875763 1804851 1770003 1931223 1937978 1843360 1719794 1915053 1795897 1895330 1903493 1870742 1741599 1966486 1926464 2061783 1917817 1887239 1803626 1783522 1916471 1872120 1834192 1927599 1835545 1727636 1770869 2007711 1870943 1838808 1767442 1950586 1618446 1733717 1977108 1941782 2037271 2098373 1878660 1777494 2119624 1957656 1991439 2056188 1643519 1901677 1746757 1944344 1966113 1640448 1958651 1915578 1842893 1958608 1771687 1776656 1939699 1756167 1764645 1846939 1880149 1833260 2063035 2196194 2001838 2023953 2017206 1823826 1689893 1891110 2004850 1864849 1872574 1788908 1911096 1730702 1877212 1869756 1935180 1745048 1931168 2034484 1934479 1621824 1768477 1866406 1923856 1784985 1832186 2007906 1913453 1779215 1834124 2032094 1874297 1711615 1699920 1860711 1948364 1907169 1934188 1910689 1818273 1801231 1810330 1916373 1877767 1914685 1930921 2028501 1775762 1931063 1866630 1928937 1795925 1987750 1810165 1793374 1899657 1804793 1841361 1873276 2021082 1821275 1809576 1842918 2202157 2012863 1640689 1921247 1934695 1889848 1547246 1778535 1895629 1790252 2021148 1764022 2044775 1845798 1846124 1845285 1882134 1699841 1915001 1957552 2080300 1863931 1876749 1708331 2004569 1823848 1999832 1764026 1926921 1842511 1980325 1979190 2013032 1769737 1852358 1944608 1758797 1923091 1819130 1934115 1912587 1823360 1844353 1769660 1976075 1963329 1947336 1817205 1791302 1843680 1847119 1715481 2046804 2105849 1891518 1728146 1916980 1978401 1903819 1745593 1689551 1947451 1756590 1888901 2029713 1926810 
1886018 1810650 1649361 1731127 1943404 1942460 1902688 1901017 1794520 1768970 1685505 1789617 1847708 1873324 1684974 1878891 1690887 1808784 1903488 1784721 1785904 1889210 1773494 2069466 1846265 1697226 1771144 1685879 1857044 1896958 1810938 1834238 1604057 1647712 1807035 1985921 1771737 1671157 1808703 1922294 1559784 1750851 1893986 1846563 2032533 2101161 1901164 1757704 2067682 1889947 1826211 1955352 1627923 1828451 1760902 1922864 1822136 1636951 1870480 1794301 1704879 1907114 1633094 1776833 1863304 1608844 1525515 1707204 1828318 1720048 2034534 2104888 2004797 1824396 2079762 1831960 1727278 1829017 1990567 1774402 1898020 1750158 2004404 1773834 1792348 1647513 1879264 1677830 1797816 1890097 1882634 1612689 1847099 1832924 1874090 1769152 1699697 1816960 1892740 1688188 1744781 2056401 1737615 1732137 1616339 1838690 1900268 1798984 1816075 1847149 1823834 1805126 1831411 1910593 1925786 1815192 1776726 1851062 1771334 1890699 1827320 1918661 1818477 1897522 1858310 1831082 1856759 1730254 1861102 1801469 1935167 1708334 1734128 1784390 2161263 1816729 1594181 1755870 1960542 1810572 1522613 1806172 1897837 1790088 1921311 1739123 1871927 1792365 1691419 1869097 1830175 1647040 1892964 1792405 1874355 1820230 1760347 1775284 1913251 1799009 1987205 1761179 1867723 1832337 1934138 1891081 1920081 1700017 1803206 1897660 1771336 1828169 1671405 1965523 1953626 1691799 1860385 1749931 1768095 1800324 1873565 1744893 1792138 1715165 1733098 1882467 2058425 2040237 1766747 1719586 1897531 1950737 1794420 1761919 1629570 1990340 1777351 1822220 1923095 1843768 
1881051 1639560 1484858 1558186 1682037 1857941 1733102 1793025 1807870 1674954 1612806 1703337 1577971 1646472 1653568 1764038 1570626 1671965 1717967 1596683 1656250 1811003 1622126 1900863 1707018 1715518 1569565 1731783 1676957 1684709 1669304 1786169 1605904 1636422 1754229 1902379 1665426 1646610 1617952 1691009 1471669 1527608 1846075 1761543 1784374 1944405 1623208 1611208 1819279 1838474 1742987 1839154 1643620 1690181 1704711 1769485 1770094 1545613 1823535 1708207 1647699 1853038 1544567 1621615 1722534 1486566 1584390 1662737 1784039 1763627 1802763 1922848 1723723 1745020 1876339 1748732 1610676 1639131 1804312 1614642 1701104 1685305 1741276 1645861 1633164 1526721 1767359 1629503 1787014 1783951 1736172 1488808 1641966 1698242 1763863 1599681 1581504 1694807 1707580 1554428 1634797 1827140 1613242 1550494 1467581 1640130 1764412 1712024 1635204 1744488 1617858 1680854 1659281 1688072 1758236 1631644 1697673 1739313 1690468 1774188 1744463 1790095 1657159 1685073 1647986 1660030 1817837 1547078 1697188 1726793 1873601 1660907 1644150 1690441 1918211 1685010 1514708 1720224 1702512 1666760 1452876 1656683 1771228 1696397 1894593 1690480 1774818 1561126 1582946 1714287 1684159 1542002 1731624 1666669 1779876 1691733 1777919 1556805 1726949 1674324 1837522 1643739 1736888 1676562 1739725 1771051 1732436 1597932 1691280 1903539 1629484 1664882 1546256 1766957 1695044 1551198 1702590 1598260 1716970 1722946 1796573 1612842 1718612 1621611 1651138 1719782 1913426 1827333 1669838 1639462 1732543 1751086 1690517 1610999 1557315 1701182 1597235 1613909 1896177 1781818 
1959222 1836226 1710858 1649375 1987197 1988739 1840397 1906327 1835747 1774583 1784190 1850891 1911300 1815559 1891813 1994954 1681050 1894736 1897580 1836770 1713827 1926707 1863575 2104853 1896235 1829484 1761010 1733003 1862571 1910832 1752383 1850532 1701082 1775088 1790857 1985243 1850372 1824037 1822560 1913793 1616429 1669326 1932525 1888070 1953375 2096251 1764554 1800689 2018041 1956482 1883225 2040186 1695871 1907030 1760944 1937312 1889780 1773543 1986089 1891254 1812668 1971692 1724718 1817737 1934168 1719344 1663501 1749632 1842982 1847096 2024261 2092889 2051602 2004971 1960248 1848151 1749037 1893693 1924554 1840499 1968000 1830154 1953746 1700616 1772610 1730781 1953969 1704966 1830540 2071054 1882076 1697253 1827893 1852579 1850922 1728466 1870266 1906577 1963374 1776479 1764607 2011025 1871853 1618019 1590937 1786010 1974692 1839166 1836230 1936761 1907065 1909990 1899512 1903559 1947581 1839113 1822468 1912156 1788813 1839467 1945480 1962749 1815863 1960135 1842921 1883964 1884598 1813980 1908850 1921125 2077277 1748223 1768931 1816898 2079338 1821315 1704151 1890034 2005397 1947712 1570570 1839450 1858469 1833583 1996895 1785793 1963448 1753241 1782487 1931875 1788955 1680990 1918564 1892399 1966318 1938931 1914449 1636714 1924153 1881121 1923961 1777891 1910548 1737512 1943890 1910789 1884360 1736244 1841517 1961974 1817933 1881257 1740622 1935111 1959091 1748926 1838919 1807856 1844306 1889711 1918311 1794733 1833992 1817701 1761237 1803397 2015860 2109376 1755255 1740254 1949144 1912244 1885480 1775260 1693813 1929507 1729085 1854008 1943969 1907176 
1873617 1810884 1603669 1646547 1857846 1815848 1767670 1904646 1729864 1702564 1726494 1838318 1828770 1724072 1698307 1828326 1738489 1768068 1828250 1819082 1698780 1806522 1676179 1997728 1878769 1711306 1722490 1713486 1802434 1762520 1790438 1883280 1638082 1684485 1767078 1959296 1779231 1740890 1670185 1914400 1521544 1678887 1848331 1811486 1882385 2020293 1816599 1736015 1928332 1888938 1819512 1956465 1633558 1830190 1776480 1831929 1851102 1631352 1801321 1761094 1755858 1922390 1698084 1665022 1841881 1664366 1649835 1739554 1828318 1732095 1896969 1959265 1941226 1810198 1990383 1825921 1678525 1753926 1819685 1700593 1871235 1640304 1946505 1718737 1810799 1736760 1801863 1563211 1792112 1873084 1805471 1570232 1709908 1830619 1825437 1706356 1727555 1901713 1924031 1686286 1761411 1977690 1765925 1588118 1637589 1758747 1842075 1837177 1856956 1817889 1811280 1745946 1775904 1793183 1808501 1853771 1756191 1900047 1765843 1742925 1841953 1877038 1688722 1887862 1753898 1772909 1739022 1767794 1789194 1876162 1970587 1713196 1733712 1766372 2084482 1806495 1705408 1803720 1837664 1890686 1500715 1779751 1835091 1767327 1905829 1647113 1950510 1739272 1682231 1768735 1765509 1541427 1846945 1804194 1905335 1800729 1905436 1682665 1963703 1747753 1873059 1716912 1840067 1724620 1822207 1835623 1820421 1651659 1842555 1883662 1671740 1782199 1623745 1927379 1791928 1644118 1704812 1817368 1813342 1872980 1748010 1677401 1750530 1681716 1785697 1712583 2004686 2063923 1812242 1601011 1805971 1894213 1782380 1668040 1556361 1891109 1760750 1691039 1955979 1895616 
1861861 1876605 1561929 1679433 1870072 1883177 1868014 1865316 1825866 1768113 1719965 1852283 1881075 1802029 1816744 1895247 1663982 1790237 1882327 1818518 1707838 1876536 1733603 1983024 1828551 1720999 1725272 1731592 1708473 1753582 1856123 1859406 1590381 1755284 1705151 1963111 1804000 1644585 1735494 1988169 1578341 1626535 1956017 1917831 1939372 2057974 1708296 1739848 2007125 1918295 1903983 2037489 1738703 1878421 1749098 1889022 1919322 1703056 1927829 1910615 1729734 2010028 1674896 1736759 1798778 1609746 1567566 1778781 1853690 1816396 2041866 2126178 2078434 1840779 1915481 1813296 1821427 1873507 1868622 1775314 1895688 1802068 1929218 1781820 1765330 1667267 1936432 1709461 1826410 1877382 1834605 1736913 1759594 1710336 1838907 1716607 1705746 1913035 1867428 1693692 1653052 1926692 1859617 1560280 1662956 1766569 1816344 1782244 1819519 1835776 1770634 1862973 1784528 1828687 1849713 1833787 1808417 1967445 1778947 1842645 1733104 1951791 1758839 1876238 1694387 1830226 1787282 1778458 1942478 1864604 1979124 1781773 1759432 1755416 2050768 1846712 1583172 1882440 1836500 1877807 1541905 1807124 1878233 1802202 1981902 1734331 1947823 1810568 1689512 1843041 1746094 1564429 1808484 1936378 1856277 1869970 1823901 1712867 1884797 1737022 1954206 1655471 1912997 1800227 1939577 1977195 1825321 1732048 1777008 1858732 1667468 1783620 1682298 1996746 1780711 1685518 1773128 1750376 1798058 1953243 1761509 1730602 1818341 1865256 1728396 1767104 1965985 2020367 1794325 1719597 1766054 1837975 1789360 1749692 1624796 1865638 1805630 1842136 1935944 1882817 
1953181 1851493 1640819 1730518 1942116 1955908 1809252 1945810 1829226 1800130 1774571 1883733 1923845 1904040 1819028 1982589 1693886 1851915 1941582 1902450 1761516 1943704 1831475 2055484 1892051 1863313 1821374 1787258 1868316 1890646 1860464 1944852 1754094 1831576 1860661 2034373 1857898 1744893 1790001 1951779 1620028 1709486 1906471 1948226 2009918 2188482 1825952 1763384 2045002 1959567 1908900 1964076 1750581 1951461 1786242 1912400 1928650 1773383 1893899 2004103 1892044 1952539 1719896 1823045 1954597 1812304 1710833 1828389 1925955 1821346 2051666 2078159 1955757 2044106 2058879 1959468 1846777 1844880 1929285 1769520 1937678 1774028 1968140 1867053 1842333 1788586 2012064 1667819 1995290 2028690 1908674 1651733 1803769 1864326 1867224 1809844 1741187 1904232 1959130 1747752 1796162 1985504 1946918 1647723 1723657 1891475 1948978 1801600 1933858 1916135 1839700 1910549 1878002 1879466 1891016 1816803 1895916 2006544 1739756 1956970 1800036 1901188 1838896 1914267 1892635 1865453 1954268 1822819 1899729 1948099 2047229 1824635 1761233 1845309 2059363 1923932 1718574 1953771 1922718 1954220 1616849 1832501 1971495 1847386 2072746 1806252 1892616 1849359 1732340 1901532 1722109 1604900 1923018 1985218 2020536 1908644 1899035 1760776 1951998 1880693 2007484 1726604 1949191 1795628 1938207 1881946 1963552 1881524 1873107 2075237 1731042 1857822 1724170 2098240 2024539 1713252 1860368 1882021 1833328 1898845 1965504 1763856 1780018 1950582 1823889 1856951 2069553 2118679 1876429 1677578 1850594 1981032 1861956 1743830 1704014 1904396 1877211 1935899 2029961 2014085 
2101697 2012930 1883479 1737523 2123210 2011478 1940381 2091071 1978126 1914260 1944959 1987777 2015962 2012610 1885379 2106905 1851219 1910544 1960104 2006382 1924343 2116103 1975550 2194645 2057157 1939475 1853772 1897396 2008760 1996323 1916386 2157090 1878705 1897052 1953305 2067996 2062505 1887857 1913247 2131161 1698895 1853485 2156906 2034681 2151316 2255589 1974299 1901619 2167401 2117520 2028043 2228061 1805335 2036749 1948922 1975392 2058864 1855919 2030980 1921375 1966937 2127984 1886674 1832943 2022588 1800652 1811346 1971754 2008201 2060799 2161463 2270942 2077506 2069887 2084874 2044753 1890497 2074406 2020407 1931240 2055709 1973056 2034737 1918771 2008534 1929060 2047275 1845535 1997340 2055222 2038363 1792858 1888043 1993774 2042482 1974897 1857399 2006587 2086787 1918181 1985915 2052063 1931049 1801604 1763232 1920429 2064935 2050178 1932124 2041131 1942348 1997422 1939995 2007781 2020306 1943219 1919633 2118961 1959052 1925872 2047030 2127935 1881765 2103313 1956850 1943366 2005266 1856550 1922361 2056255 2151132 1923721 1978443 1864230 2285236 1984206 1763766 1963552 2024154 2126741 1607318 1926265 2019437 1982661 2109217 1853832 2087821 1931917 1857743 2004644 1999694 1832701 2027096 2041262 2067285 1978360 2018699 1768692 2143593 2035228 2076086 1921702 2032816 1938359 2031117 2108263 2130016 1906830 2050257 2163578 1914953 2001981 1877866 2116336 2023187 1845402 1929737 1969667 2046420 2056565 2005129 1888716 1950874 1985179 1919871 1823891 2206386 2232149 1976755 1791268 2009589 2042920 1993804 1816527 1792491 2028906 1927959 1968053 2188577 2082083 
1967631 1890575 1637254 1754413 1885303 1952597 1858352 1880126 1782267 1729359 1761181 1829538 1876779 1733294 1812661 1868817 1780813 1791660 1859673 1900265 1696658 1919083 1858505 2159664 1869970 1837384 1811606 1780638 1917138 1837918 1829454 1820566 1645761 1821839 1796340 1951764 1797461 1739599 1784553 1889425 1592708 1894412 1962137 1857229 1970266 1994405 1780946 1778818 2029819 1926433 1850916 1976260 1637669 1936517 1796317 1869735 1944566 1682347 1886950 1867170 1815805 1994758 1712962 1805577 1839163 1684311 1719993 1808655 1914371 1822262 2037157 2177590 1931808 1959657 2052640 1946183 1776286 1851854 1921038 1858047 1926004 1790260 1927719 1797025 1886426 1810633 1925612 1728395 1888075 1974609 1853913 1640481 1787673 1813965 1817261 1738532 1749505 1885929 1940738 1770662 1796190 1943882 1917740 1666552 1686131 1841836 1951131 1828639 1884753 1855914 1930735 1816006 1865177 1917009 1903640 1830577 1768502 1983245 1755640 1910236 1807459 1991933 1804750 1964354 1741101 1849906 1838576 1900210 1879105 1894185 2035564 1797411 1783949 1876307 2165209 1858149 1686916 1834758 1924530 1960973 1554105 1775253 1922414 1857016 2048285 1745253 2033132 1791333 1785781 1888664 1775353 1663212 1887155 1847382 1994337 1896073 1871853 1628967 1896333 1879758 1999176 1788731 1916483 1811056 1957127 1973497 1853699 1819565 1782137 1860720 1714225 1917265 1708218 1944482 1815802 1713084 1809412 1747426 1876836 1899621 1862665 1808269 1882091 1788844 1853344 1831234 2033566 2117960 1888394 1707994 1908178 1956301 1813635 1730247 1693288 1911464 1730337 1825700 2031451 1911208 
1867657 1856529 1625048 1703123 1883460 1938516 1817343 1895066 1863400 1749154 1706101 1819880 1852381 1770098 1785000 1889040 1691908 1887422 1958330 1833204 1766906 1975893 1771165 2011136 1980447 1841766 1821607 1799507 1840620 1861526 1770892 1956857 1767021 1819523 1847249 1941851 1886551 1747681 1755308 1894964 1662862 1755268 1967788 1934051 1977455 2154252 1852704 1741400 2007829 1967472 1923305 2003130 1755550 1910441 1817602 1889296 1847179 1689330 1923614 1865683 1858561 1977631 1766618 1755745 1912598 1671858 1633886 1731580 1896834 1896480 2060027 2049942 1963972 1955879 2000796 1896515 1810832 1803490 1950575 1836861 1974175 1827065 1989712 1822172 1902649 1687176 1867591 1721927 1884568 2019289 1890335 1578153 1831334 1827886 1858647 1854983 1717755 1842678 1868985 1841723 1785137 1991294 1842915 1662513 1717541 1930190 1923132 1871244 1828774 1934874 1801872 1822912 1900296 1882032 1802674 1937774 1824760 1922055 1791093 1886967 1810057 2031473 1813036 1938411 1805545 1827677 1866436 1881960 1907081 1849223 2053526 1810651 1796700 1853782 2201192 1860051 1811724 1915718 1874866 1916099 1695239 1847063 1856603 1854597 2043976 1753747 1954242 1861050 1788129 1816404 1798100 1627129 1892755 1759540 1910607 1918175 1872429 1682849 1947623 1841110 1905829 1782717 1854720 1870409 1915176 1976423 1984871 1744621 1893735 1986674 1744854 1870418 1705792 2046151 1923492 1691503 1882471 1929371 1895848 1944022 1924814 1725127 1854132 1869170 1771695 1760269 2108123 2133765 1832523 1747400 1941690 1927459 1859849 1756672 1636214 1902345 1785244 1809323 1915725 2010416 
1988603 1909313 1729168 1836888 2022146 2018939 1991903 1952319 1956829 1781111 1881317 1995174 1923369 1921579 1869773 1915132 1817841 1971791 1914642 1918158 1796450 2038685 1899546 2170299 1916026 1905075 1845493 1926001 1980071 1942525 1919444 1963734 1724959 1875274 1930251 2116430 1882186 1730585 1899417 2073069 1664313 1843963 2076745 1880179 2114219 2214261 1860295 1838529 2090753 2076376 2067044 2166573 1764111 1997748 1797670 2044780 2018846 1716859 2052330 1924940 1888853 2127861 1762662 1908883 2019858 1722924 1708229 1869502 1979794 1901927 2156164 2184322 2137613 2072003 2081592 1937998 1830190 1908599 1977819 1905399 1924529 1797606 1997318 1885452 1922569 1761820 2068857 1863238 2009369 2118729 2004341 1760150 1862026 1905631 1941648 1889504 1779026 2012048 2049869 1782859 1730160 2034566 1959440 1708571 1743296 1905932 1904655 1954745 1978457 2020056 1842243 1989163 2030153 2074456 1992800 1885278 1903671 2032725 1842414 1985582 1903258 2027042 1929988 2003937 1866295 1857275 1957642 1869324 1963608 2009169 2210547 1873080 1927001 1950518 2174803 1986907 1784316 1977390 1940636 2055216 1567254 1877861 1995825 1849429 2107285 1724898 1963175 1853165 1839066 2008431 1950051 1807839 1945492 1935275 2015780 1999173 1980711 1763554 1933437 1870742 2023292 1776579 2004256 1818800 2081898 2110221 1975920 1787725 1908897 1998420 1847253 1967661 1791518 2061256 2010894 1865608 1819363 1985846 1925761 2031767 2006214 1894089 2062128 2018775 1877452 1891872 2097266 2221659 1902652 1769304 2031847 1919604 1955552 1868877 1787743 2001623 1897488 1881507 2069057 1932652 
2011387 1909794 1787849 1900691 1950110 1994167 1961347 2027422 1865801 1813366 1839259 1903959 1887756 1909731 1842148 1949166 1684185 1988332 1940967 1871572 1804636 1961016 1828537 2117334 1961392 1871935 1870172 1857033 1909194 1973548 1863020 1956736 1810280 1837316 1919198 2027367 1913651 1779709 1901018 1997006 1660304 1757567 2000992 1909088 2098041 2186116 1862593 1864863 1963749 1948709 1902011 2055932 1761687 1919048 1896783 2004323 1979885 1781256 2033544 1931409 1755055 2066619 1705108 1809770 1954007 1672069 1711559 1820004 2042960 1888660 1990142 2233478 2002859 1950937 2021037 1921088 1860046 1948382 1968199 1869506 2036077 1877276 2058934 1836337 1908015 1808930 1959009 1702624 1869504 2078906 1975362 1648325 1803225 1787162 1934656 1830427 1834937 1929024 1972757 1779269 1835129 1937772 1838564 1692497 1691786 1887211 2027096 1888551 1927406 2032539 1888672 1916415 1885333 1937518 1969611 1899000 1861904 1981767 1800426 1978328 1828573 1981928 1863153 2013003 1879301 1950100 1915022 1731597 1896058 1954671 2081442 1844266 1707603 1833319 2145486 1838519 1749385 1937249 1957996 2032817 1560700 1891524 2016599 1868998 2069554 1787391 2050012 1825445 1855492 1905125 1869676 1765874 1917144 1937024 1964738 1875427 1905880 1787105 2044856 1908811 2032384 1848750 1938131 1859785 2015694 2023286 2045788 1828967 1878904 2011551 1883316 1797542 1827300 2091528 1981279 1830361 1887310 1860199 1889397 1960514 1934753 1840779 1823474 1917636 1885740 1898185 2094873 2118784 1908107 1782246 1990704 2015422 1871101 1747775 1757083 1983953 1972001 1980419 2080606 2045755 
2006529 1883661 1708810 1720913 1891658 1861058 1868359 1948782 1816408 1741143 1721415 1759522 1829980 1884781 1791573 1946733 1729478 1854366 1851023 1868206 1768337 1863416 1801056 2018939 1922089 1767171 1740118 1734491 1851188 1819193 1828036 1929344 1778200 1728577 1775615 1826361 1852184 1704409 1707338 1994151 1553292 1726366 1940578 1824370 2009860 2012712 1821732 1759883 1953812 1921455 1925822 2006237 1639656 1844015 1813310 2013017 1858696 1714447 1984987 1868186 1853920 1920897 1672571 1797373 1843517 1688190 1709219 1719245 1908970 1918845 2017602 2140932 1889623 1937326 2023219 1881073 1760915 1917427 1881042 1800276 1940826 1740315 1908981 1875925 1861145 1826827 1963405 1719489 1838373 2043911 1930648 1630057 1799653 1798677 1876652 1772655 1670762 1912246 1884340 1668484 1742328 2045901 1811348 1650935 1624862 1903781 1953697 1812042 1949298 1880251 1912955 1783581 1865089 1929274 1854093 1737155 1804164 1904246 1843841 1898069 1883390 1889038 1787553 2000076 1829981 1797746 1804733 1761133 1828753 1896979 2052469 1802388 1757788 1849477 2109149 1794532 1760148 1928308 1925696 1983908 1560058 1854341 1823805 1742688 2040200 1846489 1966524 1844701 1843460 1813388 1867724 1835609 1892559 1854727 1978709 1850191 1823143 1713037 2032386 1731441 1975837 1773058 1878219 1797291 1906841 2002247 1947598 1788420 1883027 2026884 1792982 1843029 1652842 2039546 1906479 1747923 1783903 1907911 1847681 1916188 1848924 1819291 1852679 1917257 1760338 1859844 2122730 2023911 1819293 1850576 1861983 1887688 1852112 1808092 1750374 1971302 1894502 1863181 1918549 1888134 
2010487 1894814 1661518 1702935 1873530 1929102 1905459 1916096 1878344 1759242 1795311 1944639 1844949 1871892 1767561 1866440 1717916 1866927 1904553 1897355 1679908 1885886 1843236 2119291 1965562 1792410 1799128 1731706 1907850 1885790 1835405 1931732 1714510 1837128 1824970 1931891 1825065 1709048 1798053 1926726 1575469 1826082 2044870 1923700 2079368 2082190 1868797 1720076 2010762 2051467 1925647 1999110 1654995 1928395 1807115 1929980 1888636 1723799 1909952 1871211 1766659 2010027 1628051 1863958 1912749 1729006 1747875 1706469 1907748 1938643 1976672 2157708 1956728 1978123 2029679 1799772 1880601 1937962 1862830 1716463 1929283 1771165 1965393 1742415 1866501 1783084 1846269 1806476 1822791 2057883 1860867 1713145 1740394 1794240 1911329 1829677 1712295 1887725 1839594 1732683 1799935 1932780 1803868 1670486 1539091 1888671 1984148 1811762 1962760 1821939 1902444 1868677 1817574 1878239 1741424 1810346 1880314 1902947 1711417 1918574 1856599 2003187 1835363 1852665 1893924 1776238 1812210 1761705 1765096 1835366 2007256 1842672 1767911 1830560 2134322 1876460 1749597 1930150 1929006 1999909 1555660 1886431 1907045 1924409 2063334 1705718 1890976 1775888 1862577 1846987 1898830 1676510 1873161 1907183 1911590 1885229 1891964 1713088 1981041 1778655 1941929 1796652 1890195 1820880 1926683 1980766 1926729 1760369 1875459 1985623 1710980 1872012 1725230 1944128 1825063 1636559 1842297 1828478 1806016 1952706 1922042 1854196 1864546 1776021 1792364 1867987 2018395 2110788 1851313 1786919 1897538 1907301 1929920 1696434 1705739 1949412 1848953 1812325 2068543 1897991 
1941439 1867354 1748810 1744651 1918880 2007980 1866322 1920521 1707896 1857280 1749665 1944995 1947157 1834249 1794507 1933679 1796796 1889266 1901216 1813222 1677182 1918984 1812259 2081697 1924764 1850843 1791135 1799593 1911179 1878690 1877065 1859111 1731123 1697185 1855343 2016454 1860156 1898882 1798459 1884408 1669964 1793468 1934131 1858970 2000020 2173126 1789715 1712878 2074184 1992923 1936054 2082145 1613284 1934484 1887839 1938900 1919913 1716989 1991582 1932526 1959401 2051602 1760230 1766350 1948546 1661455 1655650 1870860 1886220 1803212 2116813 2199112 2002307 2021185 1975063 1868125 1835717 1835721 1949974 1832159 1915019 1841454 1973087 1807998 1847883 1799178 1887679 1714498 1871828 2008438 1996479 1698382 1785594 1892290 1842491 1792040 1767722 1977390 2074978 1777721 1774479 1991767 1882152 1653894 1719465 1791843 1955984 1882381 1919718 1867171 1873285 1864857 1889045 1908998 1900731 1904949 1756944 1986539 1839610 1878623 1797494 1925102 1842410 2007853 1874807 1802429 1829561 1893671 1894608 1929783 2131220 1851390 1703724 1748386 2165575 1844507 1649939 1856520 1949876 1978419 1536992 1843802 1987613 1780457 1933650 1763489 2009388 1805478 1821039 1929010 1776568 1654782 1952472 1824845 1915517 1886714 1966239 1727079 2013871 1884630 2004460 1843479 1991128 1759597 1865265 1828706 1945415 1713419 1820235 1891227 1740813 1926826 1710332 2019570 1931433 1742228 1855908 1849015 1965278 1999781 1933275 1848682 1877046 1750520 1844594 1811398 2043539 2113158 1908563 1725130 1905380 1931182 1783103 1853041 1647392 1949025 1780482 1890384 2093653 1975288 
2081192 1926241 1718757 1836403 1973593 2038237 2017545 2047886 1932303 1810653 1828862 1925406 1915307 1918731 1861232 2000865 1764336 1940494 1971423 1957720 1796263 1947151 1900224 2243892 1901532 1924126 1862052 1877357 1983712 2045565 1943885 1909797 1820618 1899338 1837316 2100252 1945636 1818496 1887229 1956004 1689861 1769877 2065958 1955268 2089742 2235085 1871840 1854465 2063533 1994824 1866148 2119264 1709820 1994414 1920275 2045296 2035263 1778709 2060043 1943401 1789089 2160667 1750766 1862944 2030223 1755204 1727262 1859077 2020279 1968802 2063806 2194901 2079753 2083977 2148393 2018981 1824675 1988571 1956657 1880286 2056234 1858251 2058700 1888777 1979435 1857514 2035686 1725017 1927043 2041256 1935914 1801099 1921255 1926478 1992333 1880598 1788452 1990086 2033635 1847422 1832544 2015150 1955742 1816984 1785882 1978118 1943189 1978470 1918209 2023180 1895020 1889440 1942059 1961350 2013393 1898380 1949020 1987308 1858395 2013905 1861168 2048329 1954250 1986446 1986365 1917794 1981293 1846249 1908191 1998877 2063211 1881144 1870274 1964913 2265747 1976690 1818560 2009447 1986039 1994858 1621468 1912800 2010264 1969505 2087419 1872979 2070735 1814189 1816914 1941080 1898757 1788950 1946040 1975504 1953508 1871321 1867646 1746047 2138802 1877539 2137379 1868873 1946394 1793607 1981090 1996857 2019144 1845457 1967585 2098457 1806405 1895437 1898063 2107730 2083340 1815570 1874142 1927258 1907359 2037405 1975469 1828937 1920887 1942018 1871528 2020504 2144253 2190311 1896680 1859018 1941748 2002757 1916302 1842433 1835956 1966100 1937271 2070212 2141455 1957053 
1881205 1859566 1547304 1718972 1911547 1920754 1836279 1919579 1873168 1763488 1695957 1821513 1894270 1785036 1760523 1898587 1732318 1849828 1788750 1774366 1678544 1884828 1822766 2091038 1853390 1752927 1771042 1717790 1823967 1914458 1705779 1934811 1634902 1727343 1777793 1946691 1806458 1747771 1806934 1910808 1518255 1730797 1859094 1811804 2027320 2134411 1877999 1795114 1938022 1916742 1889309 2013557 1611214 1818772 1862694 1898667 1783395 1637046 1997214 1839748 1756460 1976520 1718837 1721803 1826027 1623219 1584896 1793618 1851993 1802860 1925135 2150773 1995669 1897496 2050378 1782529 1866524 1818057 1808022 1790314 1848898 1814007 1958993 1724137 1742392 1709322 1918815 1679537 1827110 2016091 1821077 1659575 1727432 1771056 1994461 1819525 1760718 1903762 1944686 1718118 1691659 1902699 1750358 1684561 1599500 1813641 1923387 1862324 1776913 1878151 1724571 1822360 1739418 1835073 1904021 1789621 1759285 1917692 1835913 1880754 1816094 1929946 1883601 1822512 1740608 1789054 1772309 1673281 1899357 1844487 2068014 1754053 1776712 1741099 2073004 1875258 1661775 1788004 1980993 2025095 1561481 1804521 1835359 1796951 2045627 1720632 1899901 1740273 1802821 1804674 1810013 1652784 1924787 1721657 1944027 1759692 1870425 1684517 1874955 1788863 1929741 1717725 1883148 1690583 1868969 1967754 1895225 1729420 1793844 1947091 1781907 1796754 1728063 1948249 1890833 1721047 1854466 1829152 1845866 1884883 1882274 1750090 1804210 1835010 1805505 1761808 2035004 2115531 1741861 1634974 1868537 1806624 1785791 1714584 1547859 1810690 1724973 1793605 2043491 1914056 
1930213 1885615 1626010 1745606 1841732 2008298 1845805 1943760 1879714 1764378 1609413 1883270 1784868 1779150 1717724 1840927 1633499 1866110 1823099 1832032 1636057 1955970 1796419 2035345 1827174 1815224 1782159 1721676 1843559 1887756 1730069 1780118 1668807 1695793 1810380 1936012 1759124 1723518 1738010 1924902 1614157 1748809 1931345 1862588 1969901 1988832 1838099 1745582 1928103 1876870 1930958 1954051 1758287 1848414 1734308 1860653 1844345 1582047 1883455 1838375 1824077 1941914 1642851 1717818 1832055 1592117 1663004 1751066 1871611 1827709 1975431 2127588 1877690 1945868 1967259 1869729 1713392 1805517 1961505 1753735 1807780 1760621 1979155 1688372 1782765 1722320 1859013 1766516 1944386 1971629 1813004 1624114 1786170 1860445 1773982 1781678 1718455 1835791 1886587 1619110 1743280 1961834 1873100 1671352 1581555 1851808 1866033 1857684 1829042 1858846 1819704 1830597 1787013 1869826 1813222 1791993 1809004 1937076 1633093 1902957 1746378 1876079 1732615 1900015 1746517 1805170 1807534 1758905 1845825 1886957 2037322 1795778 1603614 1882258 2026658 1898411 1635527 1882855 1885812 1851233 1594867 1785953 1846192 1777835 2009136 1749374 1826259 1753017 1670598 1799662 1762492 1649751 1816354 1853803 1903718 1875080 1843263 1618976 1868197 1818608 1881855 1616667 1820908 1677501 1851446 1855618 1869156 1701428 1686055 1825534 1738612 1775885 1620398 2010861 1827085 1698008 1787519 1682216 1847137 1854632 1912328 1774996 1725756 1855826 1770592 1748600 1966116 2080626 1863922 1693017 1808385 1828332 1771353 1812660 1754978 1884646 1782633 1857145 1942234 1830593 
2038469 1907440 1704482 1798520 2006181 2127002 1890823 2020732 1903030 1896510 1839385 1919165 1939751 1845734 1864714 2068183 1804490 1916794 1923534 1992725 1884794 1973856 1881023 2175223 1971367 1862206 1901292 1865757 2003542 1974400 1935267 1969233 1823449 1795076 1868572 2143726 1879363 1861656 1854903 2045148 1670496 1823867 2017028 2015227 2103207 2260589 1924193 1871614 2115404 2061417 2037917 2113192 1767561 2003190 1906583 2006228 2011870 1898674 1997255 1983434 1810320 2081092 1737608 1796975 1977600 1727436 1688493 1916080 1968822 1876175 2134876 2239585 2112040 1945414 2026112 1912994 1851783 1936195 1992924 1881064 2030695 1897132 2053222 1842215 1914721 1771268 1988854 1779079 1994976 1992509 1997439 1751208 1876651 1939586 1988705 1884769 1778057 2006601 2009694 1824151 1805133 1952757 1860208 1679830 1852170 1922801 1949793 1929380 1939164 1956553 1860763 1964021 1858799 1875427 1961295 1932637 1969246 2011355 1876744 2043832 1929960 2093183 1929252 1897714 1942970 1890811 1970440 1829016 1898006 2046921 2130518 1891319 1892732 1916652 2151914 1913782 1816038 2003006 1853513 1972205 1652924 1901577 2015342 1923260 2183407 1832604 2075182 1806633 1867306 1953637 1909629 1710731 1938004 1890298 1928732 1928950 1965087 1763213 2031767 1940696 2029878 1843105 2005966 1855292 2052813 1963946 2048258 1845084 1906465 2086817 1761536 1837825 1838578 2059960 2017457 1804512 1870137 1855056 1989564 2015462 1978053 1843190 1834644 1914223 1929412 1888155 2119089 2126223 1956858 1781561 1948677 1988689 1888603 1832530 1677743 1929440 1873908 1955605 2218493 2014784 
1938535 1777694 1638933 1635463 2009650 1892202 1823412 1977263 1892607 1793389 1709088 1805545 1833267 1769973 1797021 1968818 1635703 1915994 1831596 1813919 1802895 1830447 1769961 2076340 1801072 1810753 1724567 1809202 1895535 1958661 1853790 1863240 1675305 1762826 1814616 1878388 1836937 1711270 1845744 1915494 1613092 1798913 1968834 1896526 2014301 2042415 1825850 1796053 1902033 1925154 1841827 1956116 1728702 1901912 1822989 2008824 1855576 1688755 1868855 1891956 1838195 1908028 1667765 1684714 1889920 1743419 1684698 1817559 1901704 1839271 1987927 2097529 1912834 1887837 2005790 1897734 1782232 1892579 1984645 1846505 1971074 1785385 2042375 1719682 1824077 1766344 1906899 1763665 1858525 1954631 1793510 1603812 1721701 1822054 1891847 1733759 1787081 1827786 1955262 1732656 1724413 1949258 1790144 1711102 1594036 1888395 1911204 1802820 1815214 1849123 1807589 1839756 1911083 1872901 1877715 1772564 1822454 1986411 1805673 1886693 1840119 1947900 1839227 1959416 1670892 1878593 1909160 1744835 1877290 1905686 2091664 1807218 1838360 1800436 2109077 1884485 1636744 1819740 1947778 1908592 1639116 1834066 1896140 1871295 1947877 1744736 1898762 1749202 1789157 1885955 1725870 1686285 1814106 1936887 1935921 1881968 1832516 1675633 1856909 1838662 1989573 1660445 1937290 1848888 1934786 1952124 2038608 1853418 1828925 1942551 1763282 1815460 1663740 1992157 1893740 1793276 1887423 1810948 1884864 1861798 1890433 1820754 1838584 1991432 1880064 1743575 2042116 2102054 1757406 1755997 1909103 1885611 1818698 1679514 1691188 1930621 1809964 1888986 1970973 1899915 
1882790 1779428 1526812 1665723 1858117 1977659 1803897 1847533 1860052 1716254 1773911 1781265 1830322 1745117 1709683 1766319 1654557 1842221 1832317 1884770 1690261 1831917 1727245 2110060 1872391 1680181 1735535 1718218 1812347 1861211 1702818 1805808 1720589 1719627 1652936 1889602 1803654 1735173 1708629 1879841 1543379 1716378 1884729 1780326 1988773 1966391 1716225 1686811 1897382 1999683 1939360 1897541 1633652 1869678 1660952 1823501 1824528 1612665 1892795 1887429 1723656 1932591 1579814 1755117 1848390 1605833 1628669 1586826 1745096 1680321 1913798 2123155 1898719 1889136 1850711 1794212 1643420 1816996 1859221 1679032 1902576 1732474 1880288 1686481 1773704 1672147 1844675 1636825 1849683 1871790 1765244 1687431 1785817 1732301 1784431 1687721 1820586 1897738 1872171 1695484 1723870 1930725 1836382 1569332 1576500 1834163 1809298 1724985 1801998 1868927 1661143 1801154 1853240 1842685 1765167 1868092 1780079 1886393 1639017 1774186 1782652 1945138 1827779 1841938 1767895 1795995 1789085 1718703 1867669 1878973 2021075 1728279 1736098 1828770 1952685 1793298 1591118 1841887 1875333 1761982 1534507 1769123 1796360 1722643 1868825 1609664 1860753 1741108 1735598 1832000 1729669 1617194 1784064 1827441 1881183 1809038 1725547 1617921 1837117 1765766 1845834 1708029 1768965 1716834 1798487 1865168 1923202 1720282 1802111 1877221 1661018 1649413 1786243 1865561 1851475 1666596 1793213 1703332 1786312 1800935 1791066 1682457 1794001 1766916 1723180 1700989 1896129 2121740 1790821 1645131 1876171 1749370 1767429 1803892 1590301 1906310 1667879 1828136 1971591 1756054 
1878245 1740520 1577074 1648670 1816489 1817584 1721347 1832068 1705301 1677226 1656035 1751170 1726216 1746216 1698241 1761792 1622690 1756214 1797567 1628515 1671489 1840201 1606516 1928550 1749284 1700750 1576193 1625944 1808555 1781548 1742151 1784820 1631604 1593247 1671057 1905163 1719204 1682130 1718380 1750748 1435429 1652363 1812690 1730822 1881808 2011659 1738648 1775611 1828300 1804454 1773438 1906544 1615188 1813670 1658847 1827075 1755606 1579110 1856911 1745116 1711671 1886308 1584833 1626358 1735737 1537320 1492426 1735943 1832283 1697813 1939839 1901086 1835715 1889926 1874023 1708920 1732578 1751652 1786905 1706791 1723247 1681407 1812132 1690971 1724123 1624386 1733106 1511381 1812136 1871133 1784618 1599630 1690359 1625885 1824234 1606880 1658373 1728674 1869246 1650240 1729119 1883768 1684212 1640841 1445018 1768022 1859074 1728280 1749332 1718586 1694115 1735429 1747490 1757854 1751916 1717923 1700704 1826283 1656407 1885829 1753191 1812864 1666961 1787515 1769993 1759022 1772294 1634577 1752758 1893632 1891469 1685669 1664996 1724755 2022119 1721110 1664481 1802386 1744433 1803277 1469621 1767833 1789922 1648279 1813549 1614943 1849537 1603267 1627869 1802658 1661477 1560828 1774009 1748115 1725406 1788808 1681293 1645754 1808397 1701477 1915458 1616806 1776352 1666374 1771142 1822178 1820518 1595292 1633388 1818416 1672869 1691241 1569464 1890114 1818667 1659324 1722263 1756803 1785155 1812293 1861843 1590335 1695077 1711780 1738314 1703712 1924698 1955897 1752817 1571112 1670782 1777473 1704424 1616653 1568382 1776446 1704227 1695505 1899243 1824650 
1919620 1894464 1703084 1823855 1969389 1952254 1882781 1997251 1839196 1763402 1751484 1951631 1857685 1869649 1785176 1856715 1706086 1944750 1907399 1854346 1718514 1942715 1842983 2040472 1857847 1855977 1775726 1767690 1895233 1885873 1831066 1874604 1760973 1741780 1881924 1932895 1812431 1764426 1753130 2010923 1719753 1734079 2017014 1981059 1932002 2056995 1796465 1770707 1985960 1940191 1925921 2051813 1692786 1870235 1834897 2064692 1880502 1784516 1953964 1903062 1837563 1975413 1700034 1792493 1893257 1709918 1581044 1891208 1900667 1831823 2046802 2165076 1985441 2007128 2055287 1958950 1799896 1912919 1914905 1764839 1896113 1719420 1950070 1787864 1909548 1769549 1888109 1803956 1950708 1980770 1836056 1692836 1803602 1871340 1968167 1798214 1765008 1929520 1887619 1777527 1731379 1969945 1811717 1632778 1716757 1843309 1958548 1873525 1948304 1875581 1843013 1819799 1863169 1840310 1954424 1861024 1792309 2044511 1751321 1965879 1891217 1938103 1714195 1949757 1862324 1930868 1851777 1787624 1844627 1912397 1981972 1772348 1781758 1811291 2121709 1864559 1659803 1846490 1869512 1956330 1558911 1803534 1913579 1829613 2024811 1770149 1969930 1810626 1863012 1823398 1850307 1706398 1888157 1917025 1854587 1949387 1896790 1662990 1954086 1826166 2009026 1753267 1875374 1838336 1909219 1929133 1958262 1745739 1769547 1927077 1766320 1879605 1696867 1910110 1818074 1700080 1894046 1875239 1943315 1929445 1940384 1688346 1827612 1921389 1842873 1811720 2040131 2098912 1860615 1741614 1835742 1844255 1737301 1755280 1658987 1938087 1855914 1899840 1971053 1979667 
1953175 1833894 1574572 1724597 1937576 1939434 1875988 1995104 1804935 1848107 1728449 1891111 1876128 1761202 1794752 1964845 1711859 1828122 1844794 1888135 1823369 1994952 1813603 2124709 1894871 1700203 1835951 1774194 1820989 1956891 1751662 1869493 1735851 1736337 1849224 2089759 1852752 1759369 1838891 1993741 1552521 1687957 1946677 1918381 2018878 2094400 1762740 1738756 2050658 1909671 1924317 2040890 1644177 1890182 1687837 1925699 1967770 1774858 2039247 1857669 1689555 2016545 1752743 1790436 1910062 1743092 1563981 1695597 1957985 1730865 2023524 2209213 1995445 1990030 1965182 1849320 1808250 1769496 1924759 1785474 1948966 1728401 1980835 1721283 1830842 1758505 1919756 1754796 1746718 1998256 1889992 1690897 1746994 1834553 1834062 1732012 1840112 1869956 1892968 1745399 1797290 1913930 1812537 1639036 1680465 1932974 1996985 1849579 1859718 1876829 1835205 1963010 1871939 1928219 1921124 1857519 1909613 1888010 1843122 1913240 1741377 2039928 1810976 1903264 1916024 1843186 1874378 1720803 1873952 1968714 2078258 1868982 1795109 1737205 2107274 1903666 1714660 1897031 1955904 1997940 1654621 1872917 1922470 1876405 2082632 1784133 1917517 1854988 1806090 1910590 1803939 1611258 1802053 1947818 1903793 1950215 1883905 1743582 1844064 1795467 1956482 1837328 1922319 1775803 1937391 1915454 1907698 1790901 1854595 1956033 1793182 1790290 1723807 1954807 1868268 1718675 1815192 1739443 1856796 1917185 1876013 1797308 1841796 1845601 1812740 1775436 2053890 2051881 1839923 1726028 1851652 1877714 1903326 1693412 1734804 2019103 1750515 1918155 2037107 1964776 
1983593 1861514 1637760 1800326 1934054 1947983 1788055 1869706 1767753 1739198 1782583 1847126 1772363 1827288 1808453 1864472 1715921 1776171 1771323 1826640 1773697 1867794 1823299 2045243 1848078 1722688 1696912 1831348 1900813 1908842 1676299 1807920 1780118 1732354 1711575 1875706 1730441 1698059 1704175 1901924 1557473 1718420 1889238 1763371 1965243 2036026 1805758 1687090 1940592 2034239 1972412 2069738 1614003 1761403 1858765 1987724 1913493 1756642 1970630 1876989 1682975 1986388 1768184 1777659 1885979 1590804 1592446 1697992 1847251 1742315 2007516 2023631 1973671 2045028 2024120 1909070 1794266 1909292 1928281 1889166 1853663 1826608 1875943 1778330 1815546 1758178 1874072 1673860 1880917 2016052 1872096 1585802 1656390 1789698 1869163 1764578 1819178 1827623 1905165 1749443 1784795 1937520 1865954 1633086 1802383 1857283 1842080 1833618 1749571 1971392 1801737 1740193 1766666 2026842 1870712 1847912 1795604 1902707 1770280 1886902 1806324 1905020 1732276 1892428 1855406 1870680 1844431 1880440 1921335 1942216 2056840 1801110 1900965 1806904 2061243 1773369 1739793 1841520 1825191 1997498 1608142 1769696 1880799 1832401 2118650 1857137 1978244 1728625 1846856 1881736 1833262 1752741 1875219 1881797 1923141 1832553 1819652 1673267 1935212 1835730 1862210 1725281 1908085 1716113 1930198 1850639 1907737 1766407 1733041 1947826 1724058 1790902 1785762 1880229 1879519 1697468 1826459 1803387 1881181 1877266 1907393 1685533 1728037 1848918 1815142 1775277 2037422 2115568 1869843 1665509 1810938 1819543 1739438 1804305 1757195 1854367 1740361 1917732 2030901 1965122 
1862882 1806747 1587667 1655203 1849266 1784640 1775191 1860487 1638546 1682371 1687528 1800626 1694499 1726370 1684766 1796814 1586739 1687602 1669910 1777729 1635848 1787587 1783624 2002220 1799736 1715006 1723032 1629296 1827401 1764910 1750548 1764789 1538756 1670846 1729330 1794287 1747853 1652490 1617220 1862697 1563371 1719391 1908163 1822059 1867323 2055009 1741226 1723064 1865422 1872338 1805632 1973919 1597741 1749617 1633962 1771820 1827571 1712681 1914252 1732288 1680785 1890687 1548895 1676491 1781413 1628025 1551107 1732710 1875986 1683385 2011847 1956108 1918227 1879128 1897195 1827270 1668664 1841404 1814992 1789247 1766405 1724270 1825096 1680355 1698687 1721222 1838657 1742576 1788003 1888621 1737933 1516626 1711537 1687838 1815064 1603209 1677031 1848934 1843330 1728756 1657992 1944617 1779487 1657053 1567996 1801359 1812215 1737030 1761959 1803513 1796986 1785734 1747927 1833116 1838343 1697614 1784934 1947640 1742148 1839996 1714947 1968393 1737473 1857059 1725082 1739553 1697558 1729794 1691388 1813862 1975634 1741127 1754185 1674736 1997213 1777634 1599220 1706817 1848640 1830264 1470716 1658562 1764766 1705451 1947564 1677459 1864224 1640716 1783786 1849246 1718766 1608445 1804769 1817498 1889212 1885327 1795754 1643845 1804842 1788683 1878767 1657982 1827434 1687623 1800121 1854058 1877722 1696058 1675595 1833094 1680350 1756715 1584046 1950452 1831983 1690335 1727922 1755469 1819818 1824067 1838921 1693654 1747296 1779533 1708600 1699651 1924092 1989795 1781957 1619379 1711830 1757398 1738517 1726965 1610736 1804075 1653014 1790375 1870257 1886379 
1797047 1735065 1538258 1601380 1899326 1912952 1715081 1768128 1766526 1615667 1632965 1726337 1732108 1647364 1699876 1784913 1628648 1797013 1807442 1807794 1684362 1821752 1610956 1915408 1873776 1688357 1667276 1728812 1846241 1777493 1610873 1785768 1713550 1725868 1833820 1884577 1821061 1669119 1705771 1768942 1508042 1655554 1851082 1841693 1888559 1924714 1831709 1712091 1843910 1770075 1742117 1860594 1669917 1809965 1702301 1897512 1817261 1592090 1902869 1759920 1598693 1801446 1661911 1701147 1752751 1595316 1538021 1693495 1756433 1768333 2007058 2041550 1740657 1871552 1891500 1677634 1653776 1739998 1752267 1717272 1802181 1716647 1904060 1702772 1784538 1625398 1694402 1682063 1796085 1838632 1781041 1549302 1755767 1699449 1794349 1751148 1657554 1756266 1813417 1675552 1671475 1893337 1679100 1579195 1570118 1748986 1766281 1749434 1802735 1890325 1698773 1720113 1786165 1740064 1799029 1739267 1694569 1796496 1753501 1855440 1742155 1908173 1642308 1782075 1719951 1793455 1709140 1606786 1876600 1802861 1879752 1664161 1635588 1806227 1978923 1688508 1633398 1721576 1802248 1818366 1605668 1770297 1828611 1716612 1966093 1696325 1831584 1615272 1703680 1871467 1768999 1610271 1785903 1736605 1857704 1747855 1804270 1651257 1845482 1681032 1835690 1677971 1783991 1637335 1816211 1702918 1766677 1632131 1730373 1781967 1669853 1808090 1590722 1915850 1794305 1603638 1691504 1729268 1804517 1818742 1852454 1692809 1695211 1757416 1778768 1766451 1895024 1913356 1732403 1681081 1752847 1758807 1713874 1710829 1476593 1821857 1703259 1799883 1928812 1818765 
2033710 1863760 1752056 1760069 1913582 1927695 1843007 1964307 1895083 1850372 1795474 1915918 1977484 1932065 1836521 1997487 1712338 1869863 1882120 1829357 1762224 2002698 1801630 2136314 1976038 1919795 1846222 1809827 1832124 1878790 1912386 1906323 1732261 1750102 1787045 2043171 1858516 1779186 1890523 1999353 1744260 1732103 1990502 2008683 2022401 2166172 1820454 1826560 2064737 1945787 2010678 2110485 1724370 1911915 1818245 2018594 1936862 1726496 1947092 1856660 1840378 2068967 1745143 1829018 1910569 1656476 1609556 1810232 1930162 1841857 2016179 2254901 2035369 1971293 2096957 1948012 1729493 1850706 1939966 1841267 1927245 1817263 1991187 1781995 1904174 1743418 1941328 1770381 1902697 1931185 2019586 1681042 1842376 1811755 1936880 1800221 1812639 1946851 1889041 1850536 1767243 1986135 1774853 1698596 1714669 1851963 1937689 1925816 1836475 1956545 1827847 1857701 1908842 1953949 1969730 1881456 1886889 1953060 1792705 1950882 1815443 2034016 1815185 1937307 1867952 1882169 1937174 1749019 1927710 1927895 1981398 1820825 1835082 1786875 2122960 2012176 1625540 1922892 1859837 1873030 1569677 1901071 1960085 1807627 2068306 1812000 2022935 1739639 1813277 1902029 1831244 1753364 1949715 1931447 1966715 1857430 1969139 1787863 1954156 1809391 1985179 1709211 1926118 1750650 1904662 1985630 2062394 1828759 1759833 1866909 1781721 1854648 1846094 1978146 1959457 1739596 1849430 1761397 1878185 1919525 1915097 1895605 1823050 1893658 1828257 1937354 2140996 2080862 1782296 1756451 1861988 1940436 1840352 1752017 1655562 1961918 1723339 1955569 2010667 1948641 
1756099 1744593 1545581 1657606 1752646 1842170 1779477 1785760 1733204 1733914 1615927 1700640 1748018 1641957 1590912 1875231 1716409 1693182 1768287 1784263 1582857 1733534 1753815 1975568 1881220 1683023 1648198 1650869 1730840 1739868 1631808 1721782 1618823 1680176 1748399 1866373 1709266 1688924 1723898 1881653 1513793 1736527 1819510 1804633 1811707 1972222 1620158 1630533 1830554 1860230 1798196 1899620 1652783 1828664 1667691 1748327 1745370 1665362 1787212 1728838 1669422 1787149 1581994 1615039 1813707 1583518 1473384 1677951 1756975 1728117 1927566 1995495 1783877 1856334 1876476 1779959 1685351 1793704 1761659 1707014 1796679 1671985 1842333 1651394 1682699 1690259 1795249 1574805 1678010 1845168 1760874 1530594 1678722 1742089 1743107 1666237 1641534 1707224 1790234 1650568 1671414 1845170 1806123 1561265 1532159 1749276 1801862 1727431 1740827 1764965 1713724 1768896 1708350 1826943 1777066 1633705 1738563 1828570 1641616 1791380 1691363 1788446 1684726 1796628 1719665 1683537 1820387 1660526 1678086 1686658 1964902 1661756 1706690 1695796 1910284 1655412 1612746 1724079 1808963 1820671 1449535 1699668 1823845 1678835 1884210 1633986 1813493 1689163 1655423 1762712 1749986 1489539 1639635 1793481 1725852 1792438 1746451 1632313 1833334 1718493 1811281 1657619 1817511 1667320 1878665 1811626 1837787 1689091 1731168 1794191 1729366 1709313 1665748 1804277 1789362 1657601 1747608 1712183 1793368 1868887 1728346 1714309 1680289 1728664 1718491 1710147 1866716 1914010 1765530 1641766 1777392 1759425 1716830 1676747 1590323 1764554 1725897 1765593 1870273 1849283 
2007657 1807128 1623142 1772914 1812754 2015092 1877113 1967603 1798190 1889814 1782637 1952470 1829072 1852955 1872250 1834206 1708275 1811439 1795900 1933544 1787884 1951418 1794376 2071077 1954378 1823868 1747250 1792444 1869038 1776285 1852614 1889940 1814955 1883129 1836413 1985932 1826476 1773464 1761225 1935186 1572157 1660612 2007935 1948197 2014417 2102463 1865610 1779773 1955385 1986792 1952367 2046137 1697151 1858779 1780982 1931373 1901554 1744426 2023576 1940670 1746969 2034300 1740363 1827501 1950613 1756768 1654971 1801462 1945625 1849417 2051276 2055122 1979216 2057636 2061103 1943949 1778162 1931451 1922029 1853707 1917969 1781084 1975878 1802733 1793237 1786049 1934637 1762832 1822811 2070358 1862682 1669886 1795981 1743312 1938845 1744736 1787113 1975625 1903664 1750277 1800620 1959526 1873700 1731197 1736058 1786057 2022481 1883842 1914390 2005962 1862786 1811662 1822666 1944093 2017400 1837783 1921545 1965306 1739650 1980598 1812906 1933083 1774898 1924089 1886354 1921257 1820131 1769994 1945216 1926095 2094244 1866491 1769664 1843444 2095301 1814356 1741230 1982978 1918036 1922606 1671975 1809940 1881612 1898174 2139104 1853219 1902678 1809275 1749556 1906065 1798818 1665828 1888503 1831383 2005733 1938481 1846535 1770456 1911579 1869338 2022990 1759787 1977262 1762030 1879870 1962588 1937124 1786510 1886603 1935080 1780709 1823504 1759986 2022522 1835358 1760328 1815657 1851184 1891470 1966469 1920791 1818642 1879771 1781917 1829983 1989065 2044632 2054389 1788291 1769650 1926718 1937282 1906013 1787192 1749689 1891778 1847863 1949476 1964022 1931199 
1871224 1770945 1568232 1658731 1806213 1823534 1772996 1762928 1793221 1768579 1711610 1832333 1823522 1860312 1810361 1728455 1695737 1756095 1795559 1796420 1629350 1868098 1678299 1990939 1825137 1761094 1634120 1722768 1792413 1717475 1749241 1894677 1556455 1724279 1762826 1913937 1683932 1747553 1635979 1807949 1547851 1735475 1896261 1769219 1943867 1995870 1827412 1680456 2006087 1843691 1901500 1985660 1664140 1849455 1759912 1841767 1816872 1695394 1882701 1798843 1731998 1978354 1670990 1670412 1730003 1668387 1591581 1801309 1909869 1734100 1914051 1978054 2008626 1844723 1823527 1818913 1699326 1806522 1844234 1786193 1823499 1768424 1810104 1719502 1770398 1660190 1854597 1677328 1746315 1919766 1792551 1635342 1675927 1675386 1818053 1728997 1753233 1884875 1929900 1689556 1703329 1929876 1768035 1646792 1541013 1705115 1810169 1697348 1747723 1847002 1687811 1718525 1679795 1909597 1795747 1718648 1762235 1744821 1754473 1815115 1790105 1870387 1760084 1841682 1799907 1717048 1756418 1704207 1822389 1869437 1949457 1662113 1641971 1652095 2006411 1792274 1684768 1876073 1845535 1833494 1441982 1640580 1852127 1783796 1805393 1662106 1783160 1636604 1695889 1847108 1749302 1539501 1756905 1798441 1903714 1753724 1764371 1712386 1826229 1730898 1879838 1752189 1981233 1777256 1858426 1884751 1816299 1603166 1820724 1838754 1694766 1847544 1689724 1861731 1886638 1667437 1714312 1742849 1824727 1858507 1828864 1588316 1796418 1752050 1671223 1794741 1976987 1947948 1724481 1648301 1774108 1802918 1735535 1691694 1602648 1846072 1714041 1780137 1916131 1800174 
2014161 1986848 1720734 1850288 2059423 2013039 1909406 2035224 1988136 1870894 1792746 1917181 1982630 1867583 1811652 1994889 1833003 1920174 1922334 1900622 1889837 2037143 1779407 2086184 1947131 1921220 1900151 1855378 1904714 1945643 1857338 2052610 1770134 1759431 1876738 1992538 1902188 1877059 1869308 2050794 1664932 1782362 2039624 1963189 2118044 2201828 1867402 1843535 2043352 2035434 2027024 2174783 1657586 1973625 1852276 2085241 1912377 1821095 2037790 1968267 2038057 1959826 1720464 1817478 1949436 1773280 1677186 1924231 1949867 1864492 2116288 2162401 2034487 2082180 2036425 1920017 1826090 1960993 2028189 1871263 1913702 1817838 2050581 1902796 1873251 1753761 2022611 1838148 1950652 2091900 2051873 1802893 1815285 1869807 1904600 1780922 1815744 1994746 1965854 1763322 1907925 1988941 1837091 1651878 1804564 1861843 2064176 1973978 1942261 1936483 1937839 1927144 1961253 1972458 1998761 1979332 1913089 2031045 1798633 1983169 1858021 2025104 1960290 2023978 1931568 1886992 1938036 1782038 2001399 1940147 2106095 1936882 1822259 1869068 2173056 1982375 1798313 1974597 1936918 1987043 1630864 1830159 1974958 1853246 2013508 1799083 2012192 1882762 1815496 1898930 1800874 1629868 1949182 1938953 2030330 1995498 1842861 1768027 2054376 1909557 2052291 1793887 1940900 1824998 1970062 1988890 1915670 1819357 1857017 2001607 1811208 1965587 1741499 2062141 1924655 1795154 1901793 2013428 1947369 1983874 2038384 1852682 1862939 2043689 1876130 1869833 2149054 2198223 1910222 1780384 1994453 1921449 1843158 1841246 1750486 2005372 1840900 1877147 2075208 1973317 
1974750 1826820 1623769 1712921 1958688 1943624 1858909 1979645 1732243 1843548 1739627 1928668 1874821 1775334 1878669 1810750 1701778 1856127 1935691 1778068 1754852 1943939 1803345 2093882 1827425 1761287 1818082 1890655 1879945 1901475 1898449 1866836 1711112 1782071 1811248 2028791 1929948 1724880 1770332 1897779 1556017 1623401 1997787 1947500 2091716 2135471 1840932 1690276 1989139 1937591 1923277 2022656 1614790 1898590 1764885 1914263 1914135 1691906 1873800 1920324 1725310 2004158 1681981 1813464 1865840 1690116 1578175 1811371 1978040 1839744 2008706 2034783 1938893 1941547 2076810 1986243 1693947 1906923 1935667 1846774 1845934 1661128 1937589 1768672 1703253 1741074 1886730 1693846 1841902 1981382 1857304 1728009 1662600 1757653 1866353 1772134 1759270 1817763 1960065 1751090 1760842 2019378 1829522 1587397 1583783 1801448 2025709 1826721 1883527 1918994 1797012 1867762 1887533 1858198 1883510 1825663 1885431 1917894 1754782 2033752 1814420 1969375 1894023 1944904 1894929 1766735 1869759 1745354 1870720 1933203 1985810 1852423 1814852 1794508 2234929 1837226 1654970 1867632 1897644 1907508 1580732 1724233 1946549 1796153 1866878 1790863 1956469 1703705 1728927 1829497 1768056 1653698 1851577 1967027 1932674 1905605 1691949 1753533 1908742 1802323 2042050 1739799 1922975 1887290 1994724 1908412 1936236 1726778 1829195 1948038 1777956 1828108 1769187 1985844 1925212 1720203 1836437 1793133 1886085 1921976 1990513 1808892 1823365 1805606 1820143 1848082 1982218 2021805 1839732 1765476 1892918 1902110 1943211 1820677 1669381 1959089 1785951 1890673 2045127 1974283 
1951154 1799014 1622614 1713191 1809606 1902732 1736938 1806867 1793321 1782899 1724554 1761907 1809274 1832483 1775005 1847950 1721668 1767610 1888170 1766956 1660967 1768807 1753107 2031783 1945095 1692540 1766115 1811957 1786350 1851694 1708740 1841364 1751778 1761131 1821613 1935118 1729706 1726590 1785061 1834617 1485851 1681180 1913277 1820160 1977242 2014012 1777429 1770913 1969431 1843567 1964756 1934913 1658089 1838684 1815501 1932146 1862784 1719697 1884860 1817713 1746689 1982484 1702646 1705747 1832396 1663734 1720277 1710700 1816912 1752439 1984797 2076419 1857761 1927857 1911044 1739541 1758087 1818358 1852806 1804905 1874011 1676135 1861134 1749025 1726840 1683646 1811179 1722166 1781724 1974762 1867287 1637553 1765998 1856244 1805679 1737563 1704860 1787720 1872245 1646356 1851837 1856825 1712237 1593614 1601593 1782387 1885125 1736650 1855315 1833427 1842478 1852861 1792638 1843927 1895122 1751393 1814438 1783430 1716474 1818432 1839638 1894134 1739614 1907056 1815277 1811504 1840801 1707371 1840761 1851701 2029860 1721970 1737987 1758515 1965626 1797861 1608146 1852603 1801816 1901378 1509923 1750563 1892682 1752192 1921671 1732994 1887907 1686656 1775625 1774999 1796201 1705665 1829786 1816750 1857591 1923339 1849300 1694191 1935169 1804632 2056741 1701885 1953368 1780197 1945549 1901424 1807207 1728045 1848217 1856773 1762850 1853603 1671887 1840104 1861355 1710882 1718714 1740733 1794656 1842690 1836786 1785350 1852995 1835975 1722558 1801640 2063744 2017789 1786233 1618619 1891459 1767610 1832203 1798508 1678534 1916720 1688427 1821250 1968793 1840552 
1867436 1778421 1501687 1654043 1837558 1801253 1778301 1884532 1821165 1658013 1689990 1862609 1846796 1783559 1776396 1824353 1688340 1792064 1772042 1731787 1630772 1798910 1757546 1987211 1764073 1684537 1695247 1733794 1725638 1850299 1803973 1723362 1602536 1704068 1720940 1882254 1775803 1653445 1762595 1978019 1532748 1677123 1817042 1832390 1943182 2011278 1803150 1664693 1848953 1776652 1804878 1959869 1678289 1835930 1751096 1932063 1820795 1695466 1905100 1825433 1638359 1883464 1692199 1679352 1841316 1592597 1576364 1656166 1798941 1779359 1966652 2073062 1842754 1920161 1904472 1794709 1714221 1826318 1780016 1745127 1858000 1711664 1887121 1692439 1740066 1714065 1917236 1743107 1798944 1949996 1831595 1641394 1623462 1763407 1792843 1712271 1591579 1875862 1910452 1706176 1724506 1918384 1791201 1650825 1571806 1824517 1804771 1700000 1840759 1793310 1795811 1683760 1813672 1835163 1758079 1754931 1813761 1908986 1659753 1917653 1799095 1894464 1706405 1811064 1746400 1825561 1727052 1757762 1880410 1808759 1923935 1768209 1696058 1830751 1995638 1805922 1746508 1853625 1851984 1857521 1482446 1760473 1769364 1661570 1939386 1715860 1804014 1747404 1743578 1794413 1741106 1577202 1834867 1856063 1839535 1844285 1881266 1643098 1841323 1769978 1938562 1686627 1929769 1700134 1926466 1906870 1839926 1644429 1784045 1890765 1647622 1735696 1597046 1834285 1857880 1656958 1735483 1740875 1841529 1829699 1844339 1598825 1762377 1871349 1706228 1748891 1930081 2066621 1678269 1694858 1893023 1803573 1767112 1736188 1610894 1901319 1773532 1765120 1979789 1844822 
1912877 1779317 1599664 1589932 1942620 1845043 1769368 1857674 1658260 1713779 1721759 1824762 1775980 1752292 1701750 1809332 1512682 1724678 1768313 1787490 1776278 1832388 1679158 1835428 1654842 1722497 1683756 1651223 1799359 1856194 1762736 1759988 1654710 1734195 1716394 1831754 1751229 1744697 1658828 1766960 1564713 1628392 2026786 1799043 1901882 1976440 1704287 1689071 1833392 1916040 1856554 1869649 1590602 1812592 1766394 1840873 1767991 1641693 1824307 1785685 1727824 1876696 1620196 1633211 1784421 1615803 1565247 1805520 1795355 1733924 1895460 1935488 1918502 1829989 1842148 1706110 1713139 1730411 1817634 1646143 1866217 1712099 1790534 1624754 1813693 1690459 1850403 1643570 1748730 1861031 1731676 1594195 1706393 1613145 1763141 1624851 1693202 1822710 1886093 1622588 1751510 1835461 1729263 1556824 1545180 1750491 1759545 1747286 1771470 1812010 1732184 1758488 1723277 1698829 1719558 1787152 1799598 1839892 1627579 1769058 1701204 1821236 1665824 1896964 1764297 1745637 1693091 1721046 1795363 1798806 1890413 1715956 1636314 1646422 1985712 1722234 1521479 1746080 1814627 1807586 1543387 1654670 1821088 1747541 1832220 1690501 1863115 1714127 1750435 1796527 1706491 1580512 1810847 1787830 1906591 1799123 1861618 1611169 1849584 1666081 1855247 1675042 1835505 1660888 1810061 1851581 1766908 1583936 1796835 1811559 1651926 1741516 1627730 1899417 1839273 1686042 1757604 1716131 1792053 1857933 1862087 1676204 1785321 1862962 1651612 1673179 1972948 2055654 1780443 1628738 1836148 1860113 1748917 1560293 1496138 1899660 1684981 1748162 1955746 1885269 
1936023 1870297 1733639 1676753 1910322 1972931 1837928 2000825 1855198 1707046 1695810 1884759 1845755 1790404 1813804 1930743 1725647 1854062 1933595 1932872 1810969 1861022 1815761 2003718 1881564 1704473 1735672 1776615 1901624 1788741 1819845 1899831 1752156 1788130 1833036 1886415 1783133 1786239 1759777 1844120 1579538 1774343 1893959 1943867 1960603 2130818 1897963 1833473 1959475 1969609 1871468 2009586 1690204 1881610 1818719 1980541 1863685 1751395 1884017 1893772 1834456 1987246 1748086 1802726 1892737 1750092 1635922 1832679 1998380 1892670 1951142 2145877 1989353 1998248 1954424 1825946 1822566 1891978 1972692 1819613 1918470 1764416 1907899 1775684 1914693 1726522 1900625 1774676 1888747 1995715 1851628 1637916 1810591 1818833 1869530 1777941 1851295 1894148 1858032 1726888 1729779 2058938 1808073 1705323 1771194 1905186 1938281 1839124 1897360 2004700 1844517 1811471 1739208 1868114 1852517 1858768 1909455 1902761 1828164 1923300 1841321 2063487 1771102 1899273 1879645 1791360 1794674 1816980 1912881 1858950 2046619 1871032 1828645 1798104 2084375 1874216 1748112 1979800 1953177 1840054 1555518 1823707 1928448 1786111 2123869 1798714 1975901 1803013 1770856 1823888 1797842 1731023 1830665 1879474 1934761 1879559 1926424 1663309 1962183 1849740 1934317 1723175 1847914 1822888 1930874 1848198 1996057 1839876 1868393 2040006 1737425 1892837 1616419 2070603 1891443 1718875 1828997 1783695 1838265 1939340 1945242 1712557 1809054 1896201 1780305 1880215 2020840 2090730 1739291 1719559 1848531 1750299 1797209 1678925 1677653 1856401 1769544 1907297 2008141 1969182 
1917913 1887011 1697475 1647233 1942059 1923647 1836601 1902040 1744059 1806541 1693872 1864710 1904413 1796977 1802906 1883138 1688191 1700873 1785602 1807797 1680218 1940520 1778839 2066281 1904848 1748962 1749499 1772216 1888232 1853756 1795957 1890678 1730602 1760342 1703746 1908404 1837762 1796218 1729470 1941840 1627781 1692608 1956047 1904206 1984726 2118868 1767859 1751060 1962893 1929535 1910680 1980633 1630536 1857460 1721855 1888533 1905736 1688255 1861429 1784194 1775972 1949457 1676946 1716825 1855839 1635421 1600098 1700649 1914652 1775908 2034130 2151368 1912456 1970596 1953555 1938733 1785373 1824258 1848539 1851538 1924993 1832165 1908756 1816759 1786928 1772736 1993536 1610055 1835824 1881436 1913118 1675709 1681821 1771455 1832619 1658930 1761935 1905163 1891260 1800747 1774473 1974269 1812253 1661502 1655677 1720736 1940024 1912060 1887782 1867976 1752550 1898612 1830708 1858710 1811528 1816926 1785183 1926853 1690412 1880316 1834450 1917924 1760222 1983215 1754274 1771594 1776074 1757251 1863201 1806491 2044217 1834631 1764958 1760073 2080826 1805852 1606020 1824079 1886160 1842931 1566409 1782578 1927499 1746132 1918476 1773878 1917788 1818832 1809052 1850319 1729505 1620667 1845334 1935809 1959737 1885021 1879654 1750479 1949430 1854000 1934023 1709460 1877972 1805128 1900638 1871553 1889545 1772802 1813470 1881664 1821713 1829215 1750229 1987783 1933115 1676826 1939608 1828427 1849703 1863673 1873954 1806698 1753219 1848453 1819839 1824264 2032429 2079838 1795073 1655124 1784840 1919204 1793066 1705545 1641378 1940283 1786331 1859430 1956150 1989078 
1847064 1835099 1562523 1601774 1867513 1809606 1721626 1819207 1738696 1719043 1677530 1779600 1768877 1759076 1669347 1823284 1639460 1704619 1748300 1737553 1635019 1786785 1636116 1920571 1714441 1779795 1641063 1678496 1635253 1739997 1738522 1831406 1586519 1634547 1610929 1829537 1701969 1644471 1668870 1886128 1478889 1764516 1828394 1790210 1856419 1989038 1675053 1668514 1900506 1806924 1880411 1927222 1580023 1821355 1601206 1839968 1805573 1638788 1748247 1751622 1740156 1784103 1643592 1610401 1721252 1574333 1512454 1701181 1718750 1715403 1848526 1963772 1890993 1815599 1795416 1780177 1654072 1793401 1804157 1706383 1770722 1670963 1782764 1661601 1757130 1736747 1874811 1683366 1752551 1787838 1720978 1586528 1732936 1702044 1776438 1708815 1666348 1865759 1890096 1643178 1661303 1897376 1748856 1514067 1492220 1771985 1846313 1709548 1717368 1769692 1637475 1706563 1664312 1703009 1742914 1715951 1758655 1778250 1675899 1786326 1703370 1800747 1690061 1827325 1782816 1668587 1651089 1769256 1740980 1810529 1859808 1748105 1635430 1704502 1969817 1751361 1664164 1769555 1723712 1816980 1493513 1648553 1717074 1681800 1953842 1695431 1834847 1670768 1692139 1763167 1675852 1635329 1735848 1778886 1783740 1722309 1800794 1642659 1769730 1705802 1780263 1647156 1796625 1565223 1780661 1805560 1843448 1607771 1810958 1778815 1585004 1703931 1606962 1818712 1852829 1673317 1712966 1668930 1835539 1808187 1786298 1670461 1682444 1693032 1637059 1738828 1933134 1955267 1708368 1660303 1639919 1758538 1717394 1618797 1614150 1743909 1653225 1751163 1851145 1739091 
2122277 1939948 1776606 1822454 2113620 2022478 1976988 2030749 1980573 1879682 1903775 1972298 2023859 1978325 1935823 1976328 1704006 1918371 1976901 1994554 1902608 1921758 1909531 2086247 1954273 1827430 1864184 1927599 1969118 2088277 1922609 1924801 1800014 1877886 1822288 1991983 1967871 1829561 1879145 2040781 1696157 1878517 2096143 2001112 2097517 2229150 1835004 1904577 2043045 1997489 1982169 2128703 1786203 1990128 1789923 2119289 1975409 1744439 1986451 2040968 1874092 2193914 1788007 1843499 1999703 1719690 1715937 1954374 2011223 1901325 2150984 2268483 2064632 2004849 2091211 1997259 1882590 1901475 1988249 1891766 2019084 1929816 2066404 1993259 1951133 1859586 2071563 1840334 1990488 2075443 1855732 1726161 1923293 1830966 1995473 1866061 1823698 1981737 2003200 1745882 1786523 2119563 1917679 1735757 1688557 1955267 1984696 1924718 1945157 1999461 1955436 1868539 2026398 2021051 1974359 1909400 1933279 2093847 1808032 1984799 1911643 1986403 1938856 2109413 1938898 1926226 1891159 1935886 1961396 2008376 2187856 1975064 1885783 1905575 2212248 2019787 1761884 1897024 2054697 1983153 1600154 1920959 2082994 1893551 2054114 1802956 1967226 1897613 1844192 2032031 1884723 1808805 1986008 2071579 2004678 2044700 1966716 1820205 2045950 1993570 2062049 1779892 1946425 1881473 2053216 2076125 2070362 1838758 1954423 1986240 1805421 1928761 1793190 2101728 2062844 1812813 1949887 2027733 1957791 2008946 2045829 1871475 1972599 1945154 1919814 2005263 2144959 2190100 1977515 1823971 1958007 1928624 1908732 1870800 1728624 2019298 1903922 1995868 2077967 2042301 
1997748 1871783 1680025 1648274 1945682 1923886 1781144 1978076 1864661 1776363 1749216 1833580 1908575 1824144 1816397 1908964 1642770 1825104 1821201 1858964 1681648 1876551 1799078 2054222 1842727 1832291 1718220 1741189 1727951 1866205 1818995 1838422 1725500 1714690 1764562 1889726 1913861 1738129 1832266 1909228 1585021 1608384 2014237 1757472 2047396 2179025 1855283 1774759 1909282 1856229 1871127 1975365 1638754 1849361 1745161 2009998 1879514 1655301 1916026 1951354 1825329 1905680 1698222 1749364 1861970 1653230 1586753 1777682 1869078 1824194 1992707 2048665 1929369 2024310 1949660 1933238 1746745 1970508 1911746 1780481 1854533 1817326 1962467 1848787 1786541 1619991 1908604 1748136 1895575 1961118 1921027 1671738 1747279 1724917 1898564 1804660 1777086 1898465 1893320 1722711 1843606 1899151 1833155 1666157 1625548 1829774 1849333 1816825 1830102 1910098 1730542 1876139 1751181 1801884 1915642 1830110 1873679 1923612 1793219 1879791 1776290 1948869 1768136 1921654 1765236 1864644 1776292 1728812 1976597 1837758 1977123 1731718 1687532 1782851 2081612 1876276 1621150 1799417 1877203 1922024 1505264 1779609 1873233 1811991 1992944 1837651 1966872 1752747 1705759 1874235 1714727 1634058 1810477 1818502 1875970 1762724 1863636 1664471 1943665 1803483 2006029 1751664 1878241 1847264 1876078 1944094 1927988 1711681 1939234 1934655 1716960 1799776 1787620 1952046 1853255 1758364 1914505 1742868 1855117 1932272 1930510 1757334 1810438 1884006 1786885 1828520 2106710 2059059 1807511 1781494 1831352 1883521 1757690 1722553 1591916 1876084 1739163 1867396 2022492 1920616 
2047032 1935160 1659071 1772741 2036295 1993141 1861907 1976573 2013896 1790926 1765190 1906584 1945688 1867693 1885459 2004928 1798312 1890944 1931565 1979738 1891217 1975510 1883840 2090219 1955624 1823859 1816255 1926381 2007986 1937765 1854263 1985224 1786419 1874184 1924815 2026043 1922143 1819355 1830192 1964743 1715809 1757439 2004230 1954443 2079345 2139110 1921427 1871824 2111236 2027099 1939225 2049509 1681451 1911265 1889228 2052260 1960445 1766590 2086021 1899281 1938996 2073673 1805290 1851656 1938289 1720421 1702531 1874607 1950151 1865250 2175409 2187121 2072550 2097837 2121259 1994626 1818900 1979881 1950363 1851757 2021237 1852634 2018223 1834179 1846420 1784423 1977209 1789233 1913922 2033159 1957889 1707294 1772891 1864469 1947269 1802216 1918037 1986608 1967258 1813427 1867234 2010365 1928670 1732449 1724917 1904869 1964697 1853110 1931329 1915277 1850572 1873638 1961001 2014133 2026456 1940569 1855981 2005401 1911455 2010832 1861573 2023144 1856760 2052661 1887713 1931010 1903318 1845654 1970288 1982585 2121510 1788158 1887710 1852698 2114884 1932694 1824140 1893322 1986615 2049573 1598161 1900352 1996712 1839574 2038597 1800321 2000917 1813812 1906258 2011720 1818466 1728378 1879509 1977402 2016945 1950263 1922070 1772371 1958932 1869969 2064678 1849478 1892346 1890454 1930327 1942143 1936916 1813383 1878940 1994808 1744750 1987750 1866255 2072312 1953820 1770004 1898929 1804233 1926535 2021397 2023531 1862621 1944130 1953379 1874535 1838343 2222378 2181007 1922652 1754529 1958161 1978593 1842624 1831936 1721504 1919713 1837606 1896967 2163871 2009799 
1891437 1765771 1614779 1724247 1791837 1738327 1815412 1901450 1908662 1691716 1692403 1751249 1808103 1785722 1720125 1843780 1667792 1814009 1941096 1829927 1637529 1855138 1698119 1953786 1811668 1735918 1744417 1666698 1827409 1719317 1746952 1845472 1727761 1721200 1670179 1910425 1830632 1785325 1669731 1867502 1579567 1640626 1834811 1849243 1907134 2006733 1820796 1725699 1818989 1870706 1921647 1881153 1679588 1801149 1679809 1881819 1823699 1618795 1833111 1758728 1761279 1877329 1628469 1737166 1824809 1624580 1675878 1776332 1832898 1823859 1947374 2030346 1853161 1896330 1947967 1781845 1756215 1752430 1835887 1731737 1766909 1752326 1848662 1687815 1762767 1644795 1809267 1661676 1749431 1912676 1810888 1574921 1736023 1696997 1849274 1756889 1735156 1830563 1825212 1712338 1728616 1832734 1761752 1603987 1502081 1768002 1817409 1635706 1898585 1820807 1756250 1752156 1805728 1849576 1805519 1816390 1757808 1853541 1711652 1861296 1761483 1870385 1658696 1848101 1832050 1758127 1756845 1641732 1809536 1805674 1946216 1720811 1656668 1764769 2062495 1850943 1585595 1855505 1779692 1831505 1494166 1755754 1857132 1757854 1912750 1691455 1855435 1710468 1677025 1821237 1845481 1637475 1799485 1809289 1895795 1776596 1879182 1568887 1893127 1746029 1891274 1708988 1836448 1789323 1887341 1897116 1938095 1626879 1751810 1936201 1654192 1746812 1639351 1934816 1868242 1591472 1769480 1812701 1810162 1873942 1838928 1764741 1742290 1789894 1816362 1813125 1944075 1993163 1716949 1670365 1873230 1904609 1804166 1635639 1572066 1919104 1797645 1741991 1894855 1839297 
2045554 1931112 1685779 1743517 1938867 1950495 1876324 1981765 2027029 1798184 1775182 1916057 1923570 1898451 1861287 1975702 1749531 1900326 1993262 1806106 1798780 1861597 1831735 2137988 1948910 1875506 1854317 1848965 1918789 1874369 1842635 1938672 1799037 1771388 1789865 1990230 1841382 1815833 1840904 1947228 1712886 1751035 2057569 1952094 2029257 2140030 1969669 1793880 2023017 1958419 1948983 2048314 1758348 1889007 1821187 2068505 2003317 1828773 1888628 2013090 1785298 2001995 1772323 1776841 1904637 1809058 1686976 1777728 2087785 1892516 2073005 2254179 2036821 2098196 2009735 1904323 1842623 1864935 2002747 1900718 1928834 1850810 2021160 1725525 1827547 1755962 1923118 1801303 1918890 2075915 1937141 1683279 1761751 1842167 1907531 1807214 1787494 1950600 1950545 1867867 1849716 1981602 1796869 1704760 1687400 1851011 2084623 1772495 1905026 1948207 1872796 1896919 1930697 1995143 1912867 1921118 1740898 1947878 1858951 1901513 1920635 1997479 1884151 2012340 1953224 1915459 1931581 1857152 1976332 2007385 2073476 1801910 1834891 1793888 2102074 1883920 1774882 1920447 1988779 1900266 1621801 1907579 1951698 1824433 2054998 1750341 1949566 1841284 1890961 1950502 1812694 1705193 1913841 1921652 1933662 1938091 1912293 1681433 1913270 1940206 2010126 1837896 1935664 1824645 2017526 1975017 2038410 1873244 1830402 1906767 1731277 1856178 1732590 1978041 1963013 1767580 1946400 1909797 1902913 1969248 1966193 1822324 1877252 1961290 1909883 1958075 2057281 2232172 1842101 1848244 2021714 1885187 1887849 1755133 1652656 2052354 1769756 1865351 2055663 1981319 
1827249 1839560 1588481 1572186 1742287 1783169 1663231 1823666 1697007 1717198 1724985 1864106 1787823 1767567 1745364 1756131 1679499 1684646 1750792 1783029 1666961 1870128 1730916 1928683 1770655 1669474 1621923 1744550 1823159 1715531 1802621 1806821 1597429 1613535 1692371 1818774 1771762 1581993 1669006 1831877 1471062 1666477 1855594 1788254 1970385 2002507 1808965 1680493 1904130 1868044 1810175 1989148 1493946 1830698 1703971 1746650 1919507 1635582 1902763 1733693 1641376 1964101 1595297 1741816 1804130 1646500 1488914 1741869 1846873 1699790 1914008 1996988 1862705 1916574 1925217 1841047 1711722 1827300 1836375 1760748 1762813 1678465 1771077 1735709 1758455 1635231 1749030 1656132 1800446 1889782 1782697 1576555 1586727 1610470 1781384 1683207 1710565 1807156 1915977 1690823 1655692 1914393 1765205 1612177 1606703 1674545 1916750 1731404 1769277 1818410 1732168 1715987 1743485 1876243 1816370 1744533 1710760 1861186 1706854 1875720 1711345 1860360 1781281 1869129 1772831 1621883 1736954 1676005 1762809 1758229 1894909 1785645 1718025 1664157 2093678 1812137 1623655 1737650 1822662 1777647 1471443 1694208 1874208 1733156 1853746 1665033 1852322 1683263 1705457 1865725 1740174 1577119 1787771 1755831 1832495 1868561 1707493 1622731 1778564 1763623 1848470 1615763 1837021 1739019 1839152 1864945 1798344 1676650 1749239 1811202 1579285 1708371 1673456 1869237 1820730 1660736 1696289 1614261 1801413 1800452 1875206 1649651 1793589 1718601 1689488 1771643 1891721 1955593 1804362 1572508 1731875 1810231 1699398 1677267 1602916 1860892 1674057 1768307 1933638 1857934 
1929231 1772479 1610913 1659554 1745242 1818354 1811090 1848825 1844501 1653910 1733176 1851563 1769390 1846923 1786053 1853574 1722671 1799604 1853325 1758064 1661552 1810543 1762959 1965538 1848611 1828442 1818312 1795943 1821682 1807564 1777943 1802142 1635028 1784662 1835501 1918379 1787709 1704106 1723090 1953382 1659157 1765571 1937843 1859825 1922622 2100798 1828483 1705878 1965274 1912139 1855169 1950389 1661302 1924535 1778926 1884368 1824512 1629143 1871234 1842027 1725693 1923098 1714747 1673105 1736710 1605091 1640199 1682434 1862758 1788028 1935832 2094656 1961698 1938506 1884440 1945407 1758781 1816043 1852645 1880544 1932900 1745034 1949413 1668552 1714906 1685668 1882669 1681258 1869371 1901019 1858665 1695489 1640069 1747912 1826542 1792147 1759719 1838705 1889691 1773472 1767566 1921007 1833810 1631493 1617185 1728550 1787583 1752200 1711173 1883726 1793872 1658156 1833076 1832722 1812050 1800839 1821208 1931827 1721694 1874342 1848187 1936038 1763854 1866520 1760963 1784317 1781629 1808886 1775505 1842680 1994482 1797242 1630475 1765099 2030377 1840104 1640421 1795066 1810759 1792633 1470855 1711222 1777361 1704957 1952358 1760755 1845776 1695103 1771798 1823554 1680571 1659098 1766866 1886715 1891714 1795567 1908311 1693664 1829367 1808832 1883572 1669964 1881610 1683146 1914071 1903625 1857637 1688121 1817279 1903931 1634323 1802366 1607540 1883197 1788088 1666830 1758348 1696302 1814855 1888825 1938455 1679961 1791683 1908727 1737632 1753855 2020716 1978345 1806797 1693213 1978894 1884766 1754649 1691792 1611603 1855192 1724136 1821043 1904475 1848716 
1988803 1893026 1779814 1819565 1963936 2016487 1874983 1999005 1894689 1820269 1752256 1828590 1927479 1880882 1891932 1957139 1727866 1903492 1998128 1957392 1806980 1948553 1907782 2144648 1984787 1865263 1884120 1914016 1938570 2013958 1774212 1934577 1743850 1889986 1858081 2019003 1927851 1838203 1795185 1909648 1619926 1871266 2012352 1967301 2058518 2111312 1864278 1800727 2018203 1961584 1945863 2014865 1766410 1876924 1783387 1983401 1972299 1782584 1917696 1892207 1904933 2074530 1842111 1846144 2009320 1692625 1723266 1758011 1946015 1960398 2053323 2157344 1971710 2035262 2065567 1945904 1802985 2018267 1938370 1871423 1966344 1883684 2122312 1906068 1882073 1822133 2032726 1842842 1865075 1976270 1933082 1663966 1816130 1938045 1899161 1864845 1880037 1944238 2003062 1845251 1854579 2067199 1880317 1725772 1684701 1879710 1968190 1878403 1870849 1967499 1852221 1892437 1889412 1992139 1796936 1879617 1975422 1929875 1758023 1967161 1895807 2025671 1771998 2022836 1922715 1888714 1938958 1778329 1905308 1970010 2060528 1838876 1861821 1893525 2159290 1862239 1812666 1897843 1993694 1955842 1625622 1876271 2006332 1885503 2003990 1832249 1957481 1835377 1825394 1877645 1898856 1779441 1985394 1948391 1960213 1872539 1900359 1837048 1978818 1899422 1997608 1850369 1928711 1913432 2002698 1901283 2041596 1852998 1987599 2010425 1802314 1888378 1812902 2052794 1957752 1795009 1937098 1927089 1918010 2005031 1941973 1838851 1854944 1868508 1864099 1856367 2075759 2161190 1859235 1757841 1895941 1974652 1912546 1779895 1789802 1914058 1777739 1886331 2071140 1975043 
1926671 1799553 1667373 1590782 1910885 1873967 1834347 1899500 1788278 1831843 1688785 1785470 1810829 1776717 1819456 1903595 1779111 1843181 1811016 1811520 1704117 1855719 1764107 2044001 1916887 1770441 1734945 1798070 1893095 1887493 1751820 1822520 1726516 1679020 1759914 2008701 1818882 1785490 1828510 1905797 1622639 1717512 1912457 1830702 1950530 2030844 1797805 1728305 1996888 1869813 1850724 2002988 1673637 1933728 1814332 1852956 1908517 1692826 1963307 1832039 1700364 1885349 1733280 1694445 1855965 1686241 1615797 1718069 1898243 1660576 2029801 2082436 2111734 1907308 1854545 1770469 1645583 1850712 1888631 1775486 1909721 1754238 1844610 1737458 1844753 1795123 1805427 1787856 1761824 1970568 1796069 1734749 1778583 1739152 1820830 1796277 1815112 1821005 1973149 1744173 1807283 1939556 1787484 1572214 1648621 1882097 1890434 1739903 1828460 1835642 1824823 1832658 1848155 1888059 1919098 1752869 1857964 1790455 1791454 1967055 1875773 1990098 1871332 1845255 1857998 1746181 1870364 1809478 1850262 1911204 2000058 1800012 1851979 1793357 1989175 1812914 1702014 1789860 1887379 1883776 1554193 1778711 1941119 1820438 1985412 1762053 1849749 1744841 1779285 1859805 1774579 1665174 1864264 1841282 1859392 1844527 1826944 1700474 1908674 1705617 1985153 1833849 1914203 1709165 1916059 2027229 1923422 1779630 1857217 1910225 1786531 1806589 1724970 1826086 1855273 1716495 1847722 1842702 1825777 1831940 1869340 1685072 1820939 1863411 1768699 1812660 2003604 2021597 1809626 1741738 1852135 1850759 1821485 1806531 1624857 1954034 1768151 1869716 2002752 1867557 
1984072 1767770 1607555 1584829 1945812 1897217 1843564 1942652 1838824 1759580 1747932 1808967 1856475 1782107 1780923 1775584 1744845 1736082 1861532 1830943 1792445 1843859 1703981 1986903 1905442 1688196 1792106 1754044 1855575 1833798 1737878 1877161 1810441 1792484 1800815 1981933 1797650 1855286 1705833 1888732 1565240 1721031 1920138 1878106 1958758 2057252 1788337 1730882 1971151 1938440 1786620 1999769 1682097 1873465 1751711 1904379 1879547 1733162 1890512 1851461 1678014 1965853 1701932 1650884 1821820 1640570 1600564 1670733 1886480 1749244 1969531 2111138 1994397 1940378 1998711 1855746 1731887 1766022 1871057 1889489 1864012 1752407 1946417 1746350 1759739 1734515 1912327 1748841 1879885 1895785 1923820 1721075 1812552 1816236 1805136 1689513 1681192 1876612 1884697 1731585 1799812 2007029 1718020 1653512 1711491 1753601 1902365 1754744 1851990 1896388 1800115 1941930 1759031 1941695 1842109 1776446 1796950 1891289 1728353 1877188 1809545 1984828 1770269 1906087 1823485 1704922 1829065 1747377 1903170 1815910 2050453 1779936 1799331 1788897 2024135 1860015 1645622 1866186 1928276 1888459 1509510 1736550 1983884 1766278 1980841 1723141 1911355 1712745 1716664 1921444 1787595 1630098 1879594 1872921 1970858 1854323 1925936 1697549 1878105 1853516 1908947 1744932 1896481 1802103 1879741 1736135 1908754 1755578 1783952 1896573 1701563 1835387 1669367 1913574 1867729 1668340 1779766 1801138 1804306 1862072 1857099 1648786 1802847 1787256 1889681 1761770 1984756 2002144 1759480 1727589 1819744 1818735 1675087 1646341 1610390 1838548 1747272 1785944 1961684 1886565 
1888022 1826454 1627855 1603791 1835589 1805843 1718911 1885647 1787018 1791064 1656689 1772352 1708558 1842903 1767439 1862662 1604951 1790797 1788334 1811171 1703290 1954126 1700776 1991513 1882918 1746841 1695136 1700527 1815556 1768837 1745146 1769804 1686816 1667141 1745772 1870653 1829271 1667193 1708897 1856910 1536566 1689231 1913200 1884909 1903408 2029970 1730570 1723353 1928114 1826436 1817419 1983452 1691582 1884902 1698653 1829039 1904088 1677173 1864267 1795117 1687211 1955381 1657884 1722305 1823416 1658428 1537793 1726193 1874588 1864138 2027198 2037299 1865518 1828757 1917625 1862358 1651783 1763428 1846510 1820839 1875535 1726200 1879493 1746363 1780882 1721765 1767566 1630296 1860070 1906493 1776745 1610183 1658713 1706225 1758604 1681404 1680606 1808246 1857664 1742424 1695059 1845337 1818262 1541254 1663744 1749931 1868372 1819998 1842119 1848154 1723256 1814667 1739783 1800299 1801438 1824047 1741153 1942641 1673437 1845782 1763773 1932879 1732253 1817252 1713145 1846175 1797358 1612919 1752236 1880295 1954037 1765164 1682146 1784261 2045680 1751821 1777923 1834210 1879393 1770479 1529310 1826028 1823445 1685935 1911749 1677994 1937713 1715421 1685658 1822661 1747671 1567670 1756895 1810180 1868733 1856684 1714102 1640357 1790226 1761532 1864069 1639221 1848785 1741926 1921320 1978580 1899977 1733467 1753861 1820970 1701205 1726085 1654831 2006867 1815093 1725112 1730205 1720168 1799300 1850416 1780379 1709371 1743179 1757378 1716611 1810052 1943259 1955072 1830793 1651417 1852907 1809804 1723849 1740916 1647444 1870089 1705018 1761753 1910237 1864355 
1851734 1807277 1630596 1763062 1853418 1878695 1807688 1893561 1758053 1784561 1782055 1864447 1813327 1709915 1820372 1770493 1752174 1756507 1837836 1842598 1643135 1854889 1748440 2065332 1900384 1779665 1743093 1778250 1817649 1818454 1813287 1845216 1695624 1778362 1781665 1944108 1727763 1728261 1709680 1918428 1544277 1678809 1926531 1853629 1896856 2101190 1742689 1685819 1963327 1886132 1897956 1958027 1639203 1814305 1806298 1845318 1845805 1752393 1924694 1845539 1822592 2038998 1685090 1707815 1839485 1691172 1545070 1741501 1807877 1814251 1915627 2076913 1974913 1956354 1924097 1829690 1792117 1763636 1814307 1800515 1909312 1738045 1888277 1738216 1669188 1690503 1893484 1659853 1839182 1866765 1787437 1723829 1709114 1754255 1811624 1706951 1749456 1884890 1937037 1742928 1753050 1914708 1861855 1564042 1644410 1800050 1881132 1731513 1788764 1927482 1757097 1804278 1831251 1828117 1838019 1854715 1749278 1916729 1721513 1802526 1835837 1907571 1702640 1888220 1799415 1811751 1778246 1789347 1847409 1858670 1982045 1787331 1707142 1664063 2028852 1786828 1667923 1800214 1892327 1888747 1509529 1736192 1821949 1811220 1957440 1712520 1863044 1711937 1721316 1894127 1752587 1554472 1787316 1766376 1805449 1807144 1785906 1687495 1861062 1839987 1946654 1744323 1928313 1680545 1877528 1777084 1826213 1718092 1845375 1943677 1585811 1827186 1735919 1965964 1811205 1755344 1826803 1742884 1799630 1924316 1893870 1666818 1833803 1728981 1760356 1738599 2053920 2022020 1817310 1691656 1806493 1857951 1712954 1740434 1656554 1825355 1733818 1897057 1961680 1834089 
1995593 1976447 1730975 1814707 2015592 2101393 1960716 2065674 1905945 1853113 1850799 1985466 1992115 1962763 1846751 1936147 1823567 1927835 2108832 1917168 1912434 2111101 1873134 2179694 2079877 1879083 1838329 1935110 1979570 2031874 1867553 1971866 1791687 1862874 1999579 2254008 2070059 1968008 1931619 2035834 1624299 1899046 2097853 1993479 2119549 2234492 1873909 1836349 2122883 2040579 2007216 2180813 1833095 2018161 1868969 2027031 1992953 1868259 1995230 1871746 1806250 2174043 1808943 1931381 1968613 1752172 1728084 1880794 2164727 1924852 2062037 2277412 2046002 2058571 2069541 2013643 1871766 1980278 2030788 1951659 2013748 1877650 2108845 1841956 2081081 1826802 2050814 1771643 2062346 2126572 1912145 1749882 1876084 1955474 2027535 1962704 1835368 1973056 2046918 1863053 1894538 2059321 1967336 1792199 1723748 1961502 2105609 1990204 1973988 2008533 1909528 2014871 2045170 1989783 1995911 1867786 1990055 2013505 1898830 2043352 1945161 2166946 1865917 1999740 1892383 1825613 2038914 1853420 1946585 1975469 2122257 1885447 1927395 1861215 2275807 1867484 1825739 2010644 2090421 2011783 1712455 1912769 2037534 1894969 2112557 1867255 1930828 1859674 1828723 1975510 1939833 1686414 2001586 1893552 2036140 1981892 2030244 1902198 2001559 1922392 1993276 1995282 2030918 1960337 1997874 2104224 2120407 1804845 1901854 2036287 1748993 1900139 1848805 2097619 2004221 1784942 1960435 1894644 2002765 2078221 1987451 1816103 1972521 1889298 1829993 1881847 2192506 2180916 1904264 1802286 1901463 2046858 1955197 1837552 1748463 2056903 1880297 1970513 2168661 2097848 
1993439 1973566 1693073 1757308 2030249 1974775 1886832 2000909 1939828 1838524 1783881 1878029 1913796 1835065 1856242 1889583 1786138 1882522 1989402 1975110 1749391 1970964 1907765 2090668 1998122 1890621 1842947 1838051 1886537 1925223 1874249 1869299 1772715 1862647 1819403 2077893 1923878 1834554 1851714 1970149 1577350 1863984 1971407 1950674 2096204 2128547 1864139 1839337 2027073 1971521 1942423 2065407 1746502 2022679 1793383 2033061 2007425 1826422 2015000 1945529 1865971 2015413 1787542 1782502 1926597 1793921 1674201 1863093 1973488 1913120 2069200 2140898 1985165 2057531 2087649 1875264 1825696 1994442 1995089 1928464 1962953 1780487 1943394 1824869 1841655 1777839 1976884 1895407 1999320 2040379 1896140 1753525 1840838 1846823 1925798 1754747 1877866 1925827 1998370 1809176 1909812 2094947 1863469 1755596 1725724 1995388 1930141 1871547 1924899 1876537 1791025 1825588 1891639 1870160 1885672 1867331 1909037 2065022 1737014 1911002 1891226 1962190 1899985 1903937 1801575 1874558 1924986 1856672 1937699 1994933 2048291 1848938 1840308 1864587 2152116 1984715 1764764 1868181 1990136 1942475 1614004 1845850 2002919 1814570 2095785 1786298 2013361 1847746 1854697 1890906 1791683 1655238 1879336 1943330 2086430 2007904 1965324 1766594 2073563 1883489 2013284 1727342 2005710 1810289 1958680 2016328 2022217 1742438 1795057 2042920 1804844 1861694 1742021 1903089 1990234 1636624 1855552 1865415 1870609 2026505 1946385 1749851 1857909 2025960 1901864 1908627 2190181 2128166 1856778 1854793 2016175 1930233 1949213 1784269 1721388 1928756 1850247 1854936 2004881 1914468 
1849168 1848067 1552614 1671621 1935093 1893211 1765904 1939907 1862997 1708633 1758256 1827883 1879692 1780318 1745060 1915796 1731981 1915082 1903317 1835857 1686512 1841939 1790264 2078531 1780033 1804396 1835319 1824052 1825014 1800378 1745309 1910373 1788025 1799706 1856347 1942423 1903997 1692780 1720028 1929675 1611790 1768442 1949292 1962559 2030726 2110678 1832439 1737627 1942144 1933809 1907165 2057566 1711811 1885760 1784905 1886148 1940229 1759326 1928934 1964021 1680970 1940148 1736144 1814275 1871734 1693267 1667727 1795770 1923784 1812952 1970886 2083574 1894151 1980489 2054469 1914525 1732617 1834179 1951716 1863657 1876637 1767597 1933779 1726676 1882307 1720862 1916653 1762217 1849015 2016287 1912357 1697255 1776016 1793535 1773161 1731793 1695913 1885627 1927305 1827811 1664923 1980202 1843194 1579567 1617938 1841156 1876469 1746235 1820844 1797413 1841412 1779107 1828266 1869203 1960661 1745567 1816769 1903412 1788777 1932525 1751487 1975529 1856671 1880821 1804461 1724126 1855951 1809207 1966723 1896990 2042667 1778959 1764446 1775673 2085170 1804144 1687464 1893880 1863647 1892332 1546288 1848921 1942808 1743880 2062956 1763536 2036384 1772771 1804259 1865491 1780418 1643778 1804754 1841944 1902920 1814160 1847277 1729680 1926435 1766025 1905316 1693858 1921751 1715131 1900610 1955571 1922738 1728042 1761058 1913512 1740111 1740711 1708767 1929093 1973861 1769087 1823540 1783435 1838628 1957748 1868782 1780999 1841706 1848116 1823771 1845762 2045794 2018334 1815088 1858580 1874794 1870625 1850329 1742202 1671031 1934002 1759013 1872990 1996594 1975386 
1946733 1834618 1575966 1612574 1840458 1954277 1764661 1887945 1868519 1838461 1685382 1861197 1770314 1776898 1749718 1884152 1679528 1817183 1877771 1799783 1696146 1902789 1791829 2006773 1869734 1796753 1724606 1740891 1826271 1877330 1784716 1793273 1707643 1638340 1844450 1894952 1783681 1731313 1727508 1965305 1593895 1748806 1908637 1813386 1946859 2071458 1819788 1783565 1970939 1890325 1920765 1899939 1688043 1811131 1673768 1922679 1836232 1595111 2008184 1926901 1803096 2012172 1772833 1676170 1805448 1730591 1613846 1765467 1832798 1814211 2004499 2173852 1904622 1889970 1887487 1730772 1785746 1891020 1870782 1806109 1813178 1737529 2010308 1748044 1797218 1739544 1935886 1725242 1827960 1980081 1840931 1636081 1712992 1766442 1876971 1691198 1729815 1830490 1892843 1715529 1710597 1931701 1799475 1739201 1600345 1785871 1918119 1881598 1874895 1840902 1840116 1779998 1864618 1903038 1746676 1814788 1761814 1885330 1746511 1789449 1644732 1875809 1695588 1908512 1788443 1838676 1797717 1728132 1786263 1894536 2079745 1775384 1708560 1809173 2034634 1866299 1585690 1884705 1942491 1909179 1571612 1793383 1781564 1721575 1974368 1748957 1928789 1807800 1756284 1888682 1840926 1663983 1819418 1879069 1833425 1806489 1827328 1693364 1896051 1844998 1938077 1698245 1804439 1751766 1864369 1877838 1849292 1746314 1830035 1890058 1765185 1832867 1589086 2033597 1851199 1802531 1788591 1764787 1911244 1895233 1834339 1735506 1825623 1886854 1782559 1736600 2037834 2064698 1846618 1718843 1883823 1874602 1837954 1686833 1651388 1863805 1740860 1831280 2045133 1951724 
1828693 1914932 1654232 1697679 1840707 1817568 1807508 1865202 1716644 1648685 1634930 1839386 1807108 1754842 1763237 1838668 1718559 1692573 1845409 1840373 1598843 1907448 1706813 1946173 1838402 1736269 1646666 1684996 1765206 1772715 1817841 1813777 1640160 1701651 1664948 1884965 1828523 1724473 1681798 1815386 1511275 1615418 1862966 1808807 1962739 1970314 1630879 1687084 1968521 1847469 1871777 2031979 1606409 1804714 1722638 1801880 1862328 1594618 1869189 1897374 1784867 1946497 1686657 1737656 1879944 1694880 1517219 1711942 1878061 1757118 2023989 2037761 1943378 1973060 1960308 1877272 1732023 1783671 1907233 1748919 1834498 1755824 1812611 1723022 1795361 1697118 1786269 1651456 1811338 1914408 1857310 1626961 1660789 1696152 1749514 1655077 1702483 1893579 1828677 1758860 1738745 1947590 1868318 1532734 1606309 1810827 1904998 1759251 1719699 1806969 1856016 1812756 1796927 1837688 1812146 1788895 1762804 1825825 1671646 1833435 1724952 1818046 1751925 1881589 1804040 1717182 1764652 1845030 1912684 1797010 1948584 1713931 1726722 1730094 2029985 1746696 1676700 1811464 1801276 1819611 1545935 1753794 1870983 1731987 1945486 1654747 1896770 1732189 1707930 1763692 1727889 1535201 1880309 1770425 1878644 1840176 1772614 1638424 1957569 1702022 1937407 1690791 1862174 1723522 1922889 1949187 1898820 1673128 1750956 1823246 1680077 1778793 1653743 1927784 1763595 1671789 1736269 1793835 1731881 1818345 1805443 1712504 1820895 1756522 1733866 1750692 1907033 1922392 1775460 1679743 1794928 1869380 1693307 1711690 1683691 1921828 1615883 1758954 1966004 1800117 
1954930 1834410 1611499 1814556 1962507 1893940 1802748 1931267 1752644 1671967 1657926 1794823 1874516 1784522 1778325 1926159 1709230 1806693 1868784 1848116 1731504 1953766 1794627 2064677 1886739 1726465 1806985 1713595 1937259 1790994 1744976 1869859 1666209 1664481 1801509 2026249 1706359 1735884 1816687 1899874 1593765 1726989 1871774 1894746 1978241 2018716 1745110 1770586 1986363 1876160 1835347 2048691 1651684 1876712 1801135 1975892 1891161 1711498 2003029 1848379 1780775 1879972 1636580 1746738 1850426 1700219 1686387 1757609 1884339 1806558 1959715 2053333 2093018 1934615 2072928 1853329 1730559 1913009 1860755 1728071 1918660 1725923 2059936 1799396 1928479 1697270 1854918 1769545 1806624 1965833 1827864 1645192 1797583 1803458 1858761 1747342 1789354 1943920 1933664 1812077 1756245 1965878 1921574 1695597 1720424 1943945 1971307 1837428 1816617 1851925 1847057 1838052 1744019 1932037 1857844 1808450 1921973 1906144 1724963 1904654 1631654 1925760 1835994 1852756 1863973 1836736 1853877 1804757 1764118 1833411 2059338 1759946 1717664 1814733 2071949 1851283 1681633 1824757 1789795 1875264 1670656 1809989 1871342 1788186 2092995 1650507 1938870 1786192 1696925 1833114 1796699 1669434 1846887 1812896 1910722 1812256 1872892 1650600 1980883 1826860 1833906 1651973 1864410 1729775 1857726 1925476 1940703 1802785 1788018 1914931 1745417 1816813 1642698 1991386 1862251 1730246 1727436 1890158 1902035 1917857 1899981 1695579 1713674 1834844 1786348 1852951 1973102 2108563 1716681 1652122 1921679 1825351 1768065 1777423 1628163 1906849 1741284 1832910 1982448 1871004 
1728120 1747795 1526514 1723009 1845802 1788175 1831405 1767886 1777321 1616715 1562124 1687190 1661637 1743114 1609995 1710079 1557918 1750748 1776428 1668008 1624804 1759744 1707339 1916615 1711003 1700650 1640238 1646994 1643248 1762678 1596487 1710449 1551591 1599768 1594312 1833296 1734965 1526550 1618575 1833235 1461904 1529879 1840770 1682031 1812998 1917014 1642697 1547740 1889211 1784457 1764896 1859526 1564107 1753687 1635212 1800158 1698439 1543896 1772491 1674445 1705842 1855953 1499524 1682555 1783932 1555353 1466138 1639086 1759762 1732135 1935699 2035408 1829676 1814622 1896676 1686861 1625620 1768410 1802849 1664956 1824168 1665223 1888950 1633703 1827500 1656027 1735026 1578850 1649005 1893716 1721923 1543163 1711444 1773085 1716854 1586530 1585090 1777082 1765384 1575119 1621792 1787999 1661648 1548393 1487404 1687213 1808691 1753996 1686172 1677656 1703358 1739582 1727876 1792172 1779642 1676957 1634151 1741384 1666431 1760036 1662899 1775875 1688772 1763231 1669133 1785628 1756920 1631327 1716351 1704951 1940976 1654437 1677545 1669053 1928504 1672969 1546031 1711294 1749108 1801073 1425090 1688834 1731374 1660835 1931925 1616231 1617181 1643604 1686228 1734969 1710022 1540194 1799889 1659057 1759564 1814844 1736423 1577478 1752633 1705180 1725016 1604377 1696273 1691669 1828505 1830973 1829603 1528312 1666065 1769376 1649032 1701601 1568954 1790942 1767948 1588817 1705817 1735802 1705372 1746624 1730479 1684764 1649361 1707180 1668958 1709128 1931784 2049118 1734311 1550022 1733886 1669090 1741618 1645959 1525994 1773377 1714504 1665711 1890043 1770420 
1969640 1848337 1690677 1720300 1888544 1865699 1901484 1866330 1855943 1850307 1753604 1868249 1883148 1759320 1782812 1827244 1779942 1814209 1850532 1771678 1629151 1944261 1783962 2033866 1895038 1827771 1834973 1773990 1849274 1773535 1869375 1909577 1640428 1772486 1734559 2012103 1838664 1720669 1726484 1975309 1660390 1644575 1917597 1876224 2000613 2157176 1756941 1759689 1907597 2006046 1951115 2091510 1622253 1796164 1767866 1950709 1812279 1694513 1900424 1861702 1797081 2001823 1633303 1739440 1857424 1694489 1618962 1744719 1890686 1798110 2087629 2022699 1945602 2010633 1978449 1840143 1820362 1825198 1837760 1806663 1805531 1715767 1946553 1718612 1744127 1597747 1883388 1688394 1839377 1938388 1882060 1736276 1772698 1866696 1989700 1789607 1645368 1906945 1957565 1721072 1765112 1940450 1846945 1756541 1628086 1758989 1931875 1836690 1867962 1838982 1825237 1835409 1825527 1850524 1924634 1819296 1749694 1886285 1628472 1920768 1866517 1904071 1747533 1810057 1812385 1839193 1866844 1728099 1924260 1931213 2061569 1758275 1733683 1769571 2103180 1805944 1656901 1824812 1806426 1907250 1600877 1806659 1894353 1770184 1810438 1714920 1900476 1753803 1685146 1831087 1842270 1683796 1904749 1814064 1837048 1894378 1809671 1672763 1982320 1854742 2055494 1623701 1882791 1831268 1886096 1935685 1907950 1692674 1866496 1930108 1628330 1792524 1725441 1936033 1971868 1700860 1835080 1772875 1800166 1967036 1989275 1709169 1839993 1896372 1806226 1809339 2063980 2094782 1772009 1735602 1893977 1800166 1766633 1811971 1586094 1963022 1775522 1825742 1960316 1892019 
2064056 2026245 1820029 1752019 1990721 2031072 1874573 1982119 1820749 1832842 1739693 1947631 1877181 1907287 1932769 2026251 1772180 1860092 1959929 1840307 1766482 2046152 1802566 2127633 1906422 1886306 1796201 1827710 2029878 1803974 1913171 2012207 1734866 1865620 1761302 2050995 1832222 1868846 1886913 1933385 1621371 1862780 2036311 2016123 2098829 2163332 1832266 1882776 2042848 2008775 2038528 2083926 1705300 1968556 1836708 2011111 2029898 1795994 1941632 1952784 1869914 2106163 1776899 1854363 1939293 1785758 1657289 1802358 2032116 1958663 2031724 2217790 2040681 2066246 2061369 1996107 1868830 1906352 2014690 1881961 1946185 1800712 2097468 1856150 1939575 1741277 2093553 1785469 1982794 1944414 2005026 1766521 1810151 1813360 1987811 1922457 1784408 2003983 2129574 1819918 1826480 2029133 1862973 1783004 1621845 1856894 2072166 1946779 1932974 1959110 1841775 1929048 1938109 1968850 1879934 1904104 1969562 2060409 1848136 1952701 1951117 1977796 1820004 1952908 1982181 1843567 1873425 1857834 1926811 1951997 2148748 1878281 1859262 1765165 2167444 1880870 1823713 1965374 1911266 1927463 1557965 1909683 1980719 1854664 2063252 1883387 2063563 1819887 1884603 1820028 1893339 1769580 1986174 1956206 2033222 1900483 2022914 1738215 2012545 1889799 1999471 1874143 1972392 1916738 1948243 1994937 1936287 1827070 1914588 1963428 1695490 1911079 1760229 1967099 1942870 1820501 1945000 1908349 1940556 2002412 1950922 1829565 1912284 1854172 1900289 1930312 2132179 2189944 1871069 1780498 1937730 2031258 1917243 1790844 1773409 2008970 1838118 1900311 2126411 2048315 
1871292 1856989 1695674 1733010 1918616 1903571 1827602 1839033 1822466 1723117 1728593 1788410 1856336 1838453 1802175 1876906 1672378 1852106 1826772 1768377 1677756 1852504 1783032 1998358 1898830 1812706 1789772 1850729 1731342 1856603 1774073 1916511 1683741 1706074 1692958 1935269 1824601 1727145 1803034 1833646 1600037 1736520 1893066 1892761 1951636 2084526 1795888 1688848 2013307 1841477 1840098 1960295 1586983 1894306 1790389 1917097 1845703 1655718 1888494 1798228 1746926 1949539 1698645 1682497 1907314 1689292 1629995 1719814 1822668 1747516 1993212 2138975 2002643 1953849 1933423 1850164 1689521 1845209 1889437 1804946 1899451 1765627 1953594 1828393 1824792 1780398 1903554 1728986 1910133 1967150 1847473 1640699 1748539 1739303 1861594 1747619 1736360 1827366 1875971 1728820 1684137 1880901 1775631 1571628 1698396 1808189 1867536 1753634 1821953 1860947 1697102 1765211 1803192 1862930 1785756 1861070 1795674 1880260 1772063 1884378 1776652 1944317 1834119 1952982 1817735 1815498 1810456 1705210 1818182 1938126 1929093 1780104 1747317 1795433 2080202 1909224 1620116 1866858 1867724 1822817 1512312 1821422 1916437 1865591 1975460 1788698 1959003 1751989 1817302 1864232 1706496 1632949 1851436 1804473 1860166 1817081 1825122 1661437 1948130 1813918 1914154 1720217 1941494 1762261 1889763 1855949 1931792 1729775 1845994 1902691 1699333 1765780 1750265 1940353 1932322 1687265 1839584 1889039 1820521 1878842 1831061 1701619 1756234 1852720 1829602 1883933 1964125 1992091 1825855 1725415 1776201 1823092 1727116 1726963 1654576 1881952 1851554 1861828 2073886 1900746 
2093953 1961385 1699872 1845160 2048389 2035795 1945874 2092801 2013041 1993360 1812680 2029453 2016910 1950974 1887002 2010956 1813141 2013123 2046222 1983383 1920783 2046752 1940849 2219323 2065149 1929570 1850491 1989774 1994102 2060219 2018432 2071919 1858930 1867702 1983742 2092061 2006964 1796696 1820990 2058922 1686834 1892252 2076250 2093426 2192982 2197735 2009222 1876257 2130035 2065097 2089585 2067320 1783149 1961015 1923762 2075896 2070570 1829143 2032475 2011186 1951001 2071490 1864166 1891786 2023355 1836159 1779817 1939742 1997540 1990847 2246632 2192355 2110771 2136052 2232811 2028943 1953010 2070224 2082874 1858875 2060776 1882968 2108371 1911996 1912852 1926194 2068014 1900103 2006690 2145956 2140722 1752484 1866067 1862060 1978703 1962417 1889966 2058353 2048202 1834629 1937957 2082369 1969812 1795047 1742395 1994502 1989396 1810458 1987874 2015585 1932227 1914420 2040036 1960932 2043053 2026065 1963749 2193452 1905628 2044195 1910535 2085704 2019492 2044976 1990748 2043266 1942915 1924905 2050961 2015557 2138839 1901376 1949748 1890254 2243737 2102360 1851597 2051208 2002227 2058116 1641511 1974530 2099192 1899016 2141426 1863166 2131898 1940049 1964195 1926843 1863207 1765637 1987049 2073284 2133407 2027727 1945264 1900651 2141267 1861866 2162158 1924659 2143772 1943977 1994307 2104107 2139682 1850950 1947704 2094917 1940855 1990062 1815983 2152346 2099250 1867028 1945655 1906649 2003266 2046019 2008924 1986236 2009746 2014316 1896713 1976998 2137725 2173279 1954773 1866183 2006451 2002565 2046435 1870561 1796667 2013989 1949935 1969649 2165851 2071279 
1920584 1800531 1517773 1792328 1843625 1897406 1781394 1848056 1886345 1834571 1724121 1766231 1752430 1711641 1800738 1827493 1671404 1740958 1812064 1787908 1697030 1860283 1750472 2028664 1909137 1782404 1722278 1774987 1765005 1850724 1716784 1812950 1611799 1788072 1784961 1907374 1871546 1691217 1783017 1913233 1530995 1807128 1890605 1880665 1961581 2049601 1741678 1723908 1890469 1894379 1891646 1895975 1651425 1869048 1752052 1883275 1870122 1608363 1949625 1855603 1735902 1925526 1733309 1671375 1826918 1667755 1591936 1749355 1866368 1846604 1919489 2040875 1820759 1841430 1894191 1804541 1724953 1871545 1857860 1766855 1889862 1724717 1807345 1729563 1746580 1706552 1952245 1683064 1858439 1975102 1831834 1652128 1730321 1784820 1816449 1690033 1750049 1915201 1969992 1668321 1797267 1870359 1774421 1672549 1609349 1844164 1890619 1778990 1802858 1831636 1730454 1678255 1831303 1876656 1827616 1814976 1841126 1981723 1715140 1925212 1798231 1965679 1885772 1897965 1777485 1874038 1785408 1715020 1846163 1840979 1953374 1793849 1783217 1832324 2057041 1765003 1688294 1880899 1900626 1871176 1606837 1798637 1813635 1666183 1972681 1693564 1948239 1736653 1764171 1842271 1759305 1599838 1855128 1809743 1949901 1805743 1791054 1694194 1904623 1853315 1948339 1617918 1869466 1671579 1895802 1971525 1873756 1686835 1793924 1821872 1789606 1725067 1692656 1860345 1844009 1672283 1796902 1844695 1877826 1865579 1796804 1691724 1769131 1814375 1788768 1735296 1985583 2024315 1808178 1696393 1835137 1818914 1850562 1778775 1646063 1886901 1744414 1767991 1996518 1926054 
1938706 1786815 1621277 1705545 1795166 1712686 1857669 1968241 1859362 1731218 1730905 1854567 1777239 1866334 1727353 1834204 1720016 1797932 1856527 1776045 1675284 1855527 1777076 2035143 1773570 1786179 1687885 1724184 1788592 1786159 1821349 1913888 1662870 1768406 1775351 1922272 1811084 1710286 1786644 1963996 1629735 1633990 1912752 1779341 1963750 2052771 1775894 1727089 1894713 1856907 1815922 1998760 1635810 1855016 1783779 1871642 1763867 1580975 1912675 1765494 1725610 1962351 1722127 1731319 1854511 1690921 1592920 1688102 1872836 1739578 2016599 2050650 2041073 1928553 1964006 1862869 1694707 1779798 1852332 1809319 1849401 1715131 1981958 1717683 1774615 1695808 1819327 1742587 1777209 2013207 1796025 1602259 1708138 1695047 1940465 1795347 1831638 1927412 1905873 1719626 1777549 1912102 1820588 1706011 1595386 1766375 1940937 1854941 1878756 1856668 1734790 1676580 1807785 1931010 1909064 1834161 1778260 1860011 1791678 1836700 1799031 1899849 1790390 1917335 1792028 1804362 1787080 1721790 1840779 1855033 2058396 1719279 1758183 1744991 2120270 1935093 1691773 1844334 1871211 1914237 1479262 1755585 1910420 1803849 1911523 1711097 1858553 1687184 1669143 1789924 1713405 1620126 1843962 1828382 1908991 1816085 1803303 1653780 1947564 1778426 1906055 1696030 1832975 1778894 1865546 2012856 1873892 1672118 1759418 1830965 1676197 1810312 1677000 1844486 1814829 1633685 1759041 1859406 1843266 1872921 1866192 1629633 1807560 1756028 1817046 1830452 2047406 2016098 1723998 1669767 1949681 1834381 1703258 1722804 1550500 1888443 1695846 1749441 1925603 1834280 
2009219 1874853 1672927 1774047 2032394 1963564 1908937 1977537 1777514 1768841 1766705 2020670 1922347 1884192 1915373 1964255 1809561 1891210 1903611 1910044 1765830 2021297 1761032 2006166 1922030 1807447 1656256 1833737 1906854 1853323 1854098 1918928 1766874 1846001 1857748 1942978 1893493 1806579 1767552 2000829 1724909 1840900 1985186 1958457 2027673 2204021 1895322 1767313 2047757 1957971 1936185 2115895 1676823 2022616 1769029 1934074 1892046 1658976 1962061 1946212 1827997 2053172 1809622 1752647 1896534 1706125 1610339 1779966 1984512 1885128 2057213 2167316 2058707 1996110 2019393 1882351 1877039 1935741 1969594 1805459 1931296 1820247 2103243 1764305 1940861 1871916 1901805 1812388 1843065 2070764 1968800 1721208 1813921 1769831 1920651 1760143 1843304 1927348 1903168 1846565 1874112 2038809 1921275 1788540 1728254 1853018 1908469 1897517 1824008 1934658 1819650 1819789 1845303 1963396 1870592 1815472 1916185 1926989 1790383 1991652 1827542 1989284 1737500 1937505 1912687 1941837 1850126 1937864 1982968 1920483 2166023 1800002 1779989 1825408 2194373 1929780 1745513 1882648 1900432 1891533 1598737 1787209 2037335 1880164 2127542 1794794 2051816 1730018 1723252 1925714 1751327 1744017 1867473 1974383 1993968 1843065 1922882 1703731 2049005 1915515 1941481 1769070 1964290 1892676 1916138 1982310 1964052 1791669 1817760 1949855 1801764 1884406 1812209 1977278 1927741 1679834 1917432 1876522 1963184 2041937 1985846 1793619 1819894 1823617 1840645 1929166 2150201 2124212 1856604 1738271 1919432 1929970 1792914 1696265 1728877 1926136 1814938 1908323 2079886 2052203 
2130636 1956877 1864340 1898039 2029898 2050502 2019854 2014961 1980018 1815612 1857778 2006786 1975896 1967312 1944211 2119495 1862382 1977853 2036221 1909531 1754216 2047528 1991792 2235512 2084174 1962209 1937721 1951695 2085084 2027012 1969243 2086165 1801783 1866437 1948890 2081495 2008011 1946622 1855912 2024089 1823809 1889750 2055741 2059939 2101131 2241273 1878876 1976618 2132104 2091208 2165059 2180331 1771160 1929828 1986676 2069646 2085260 1836965 2158697 2011680 2006792 2180146 1851784 1928200 2000718 1795658 1897023 1911578 2078423 1906395 2097803 2269102 2063767 2153217 2241096 2048748 1988053 1979501 2070550 1946861 2047545 1943495 2093651 1881587 1952907 1852715 2054819 1876719 2035729 2160357 1999671 1768204 1909541 1991916 1994851 1940415 1913520 1886745 2070690 1899734 2077172 2027854 1959891 1778762 1729472 1991997 2069061 1884148 1961118 1996305 1906800 1959102 1964084 1978825 1976399 1946828 2016321 2092827 1891227 2082465 2062581 2036039 1889543 2038527 2012484 1939411 2060923 1908138 1960158 2067436 2129868 1838420 1942952 1917227 2272333 1963273 1800976 2011791 1974363 2079530 1710553 1902277 2094273 1912705 2176868 1894582 2097605 1870376 1981803 1971566 1943707 1889176 2083422 2018425 2009149 2003751 2078014 1781951 2162288 1991139 2169044 1871979 2046735 1975732 1967389 2129376 2169365 1925051 2000123 2159610 1890157 1979192 1945462 2003261 2063519 1826406 2081868 1875578 2009936 2066566 2039687 1922551 1979539 1958249 1933913 1916765 2287634 2231037 2004757 1811528 1998273 2005991 1892952 1922877 1842726 2011660 1916501 2098360 2163186 2011688 
1956295 1811474 1628782 1762370 1921915 1975855 1881483 1955385 1909272 1774871 1741437 1897620 1894855 1765096 1864416 1920797 1738121 1835407 1874945 1796816 1670352 1892188 1852663 2131556 1891650 1824662 1831520 1831375 1895775 1922273 1783661 1890716 1696276 1863032 1821495 2011109 1832634 1738335 1760018 1963983 1590295 1769774 1947722 1965153 1956756 2159693 1930425 1757141 1941174 1896390 1899153 2006313 1672390 1813746 1768860 1961572 1860496 1727302 1890779 1894216 1750847 1965807 1764370 1742182 1870956 1750147 1661976 1827876 1912641 1860104 2052115 2018604 1931653 2121539 2031563 1861596 1798135 1840486 1943611 1895862 1824855 1816410 1976850 1771536 1784333 1760908 1996616 1806289 1910196 2082896 1883357 1680214 1740774 1885018 1853604 1783066 1767818 1920739 1957291 1777221 1712222 1939658 1933532 1663626 1700497 1879951 1891150 1790406 1861986 1875425 1786756 1817260 1850557 1917281 1932805 1956118 1894482 1931886 1835800 2049397 1841338 2024072 1853752 1919911 1751985 1854867 1885135 1788152 1893798 1956079 2037755 1822850 1836928 1812265 2147765 1856920 1753632 1904178 1964214 1892894 1600728 1837742 1944211 1768404 2005430 1811536 1932086 1698120 1728049 1903406 1853406 1610403 1888024 1902775 2005954 1901089 1875480 1720414 1927270 1860885 1965800 1740049 1988804 1768790 2025600 1923679 1908673 1819548 1848001 1897895 1729225 1822490 1722273 1987705 1860998 1762447 1846949 1924143 1876402 2008240 2032695 1817884 1778132 1899051 1933446 1965157 1997960 2069127 1845988 1731263 1891985 1900903 1796345 1775310 1637085 1976454 1753522 1850201 2062503 2024637 
1930534 1914555 1587010 1774162 1892242 1906255 1822700 1957738 1791517 1753943 1695442 1821360 1884451 1823179 1707806 1839495 1731464 1794496 1982064 1770064 1670005 1872133 1881704 2105968 1898868 1775954 1718665 1687900 1875364 1772058 1724684 1851146 1710754 1723578 1649620 1927144 1809800 1691412 1775533 1947773 1610097 1697783 1905902 1910979 1946081 2085134 1830257 1803971 1940326 1969641 1922380 2000887 1720499 1869059 1734505 1932951 1827514 1655649 1992860 1820637 1783626 2003705 1713673 1753279 1796398 1643700 1675005 1733087 1980879 1823373 1998342 2154200 2008390 1970787 2063895 1858713 1821742 1931358 1788790 1754895 1876746 1790233 1985544 1757218 1842673 1679854 1833395 1617025 1792812 2023209 1827445 1629890 1698473 1754307 1888671 1785841 1724536 1926707 1969778 1707443 1723544 1852442 1886715 1635846 1544709 1842474 1920303 1742764 1856114 1926241 1700263 1793000 1800244 1922808 1917283 1803955 1824886 1897766 1756256 1864565 1812602 1880132 1758749 1907300 1836098 1803834 1890474 1700378 1943126 1798479 2025991 1698386 1909193 1811159 1980070 1813907 1589692 1885049 1864938 1851609 1585959 1827847 1896249 1840106 2024447 1735613 1884792 1800870 1750009 1772381 1746028 1733424 1806969 1864067 1826330 1885471 1851556 1754493 1898995 1784908 1904064 1714997 1872296 1746090 1821591 1956900 1907149 1742662 1707487 1924582 1732556 1784110 1789840 1952187 1930418 1718552 1839839 1849228 1848346 1882198 1829966 1730337 1825484 1768071 1770575 1857122 2089848 2125756 1866011 1623715 1863002 1815645 1818575 1742093 1649107 1927371 1702743 1851755 2019108 2005261 
2136036 2031381 1779347 1839169 2048169 2075553 1972608 2154431 1923626 1938534 1991720 2029836 1993901 1951656 1975022 2000159 1878550 1950828 2099348 2003718 1927177 1995274 1987415 2237669 2010723 1819046 1855258 1881113 2086703 2084405 1909636 1976086 1908619 1932750 1903558 2166945 1979535 1889866 1889088 1946802 1664973 1911588 2095103 1980435 2113537 2228707 2022760 1921655 2167621 2065261 1984153 2214596 1762821 2057173 1901974 2128531 2033201 1854860 2115701 2014270 1919272 2120300 1883954 1965849 2032206 1803046 1844792 1860914 2075411 1902588 2183334 2217078 2101296 2129861 2177355 2025576 1917282 1988237 2105970 1862262 2078399 1930943 2105005 1893465 2022707 1946145 1992664 1894391 1998287 2158888 1979161 1837666 1826735 1883274 1947771 1898589 1956631 2053630 2136897 1833053 1872681 2045439 2009718 1829256 1818544 1986171 2049891 1898384 2026301 2062559 1964533 1932074 1945559 2059802 2026783 1944582 2033050 2037546 1882835 2075265 1913256 2103020 1938919 2131025 2032281 2013189 1932616 1895701 2022483 2044277 2158509 1982303 1944637 1924999 2226990 1943469 1833024 2030500 2101798 2066153 1723550 1962709 2147086 1913620 2207704 1898365 2133504 1894674 1909695 2053451 1987795 1898911 1993927 2009532 2061142 2022894 1991672 1965178 2070992 2039657 2102080 1957945 2106332 1868830 2032872 2089420 2036207 1901641 2048669 2081647 1916550 1917806 1878641 2170194 2066859 1903442 1902204 1972529 1989535 2083957 2091076 1837538 1948440 2029024 1928056 2006326 2166285 2207614 2024744 1758695 2036917 1951891 1970543 1806533 1918361 2045124 1929066 2010040 2176004 2064568 
2046561 1954022 1790407 1726226 2024680 2008905 1871906 2116576 1838988 1864402 1883073 1943778 1945490 1873747 1938512 1902089 1842318 1910689 1953616 1978577 1799539 2008860 1957300 2191386 1980161 1873147 1990842 1914234 1981353 2004030 1913460 1955553 1789080 1949796 1872016 2144797 1948432 1831893 1847803 2006543 1611224 1873973 2149440 1953768 2147547 2142348 1877962 1839464 2131248 1968311 1979335 2189070 1719667 2009507 1991968 2094461 2020460 1861336 2084257 1926748 1846865 2097721 1755237 1873238 1991148 1759093 1729246 1952849 2018190 1906873 2105615 2219131 2124228 2042896 2132160 1992189 1905946 1940141 1958486 1846535 2040225 1830885 2024256 1793526 1912117 1753913 1967148 1828337 1923284 2040023 1950215 1780575 1856975 1860540 1994771 1869529 1853351 2000647 2129597 1852500 1774645 2035191 1882430 1817292 1741174 2021796 2004246 1956494 1939210 1948709 1931906 1894496 1837791 2045134 1957123 1924566 1933378 2009214 1834996 1927883 1962351 2120932 1882472 1992329 1973038 1954151 1835402 1765431 1930993 1935821 2149763 1969754 1879586 1834079 2203827 1878645 1750818 1887504 1954989 1905631 1673489 1972385 2046439 1984284 2043189 1841090 1996484 1823445 1936799 1959500 1953252 1756812 1988310 1888800 1994028 2013801 1996701 1860472 2011388 1938574 2045687 1890555 2015473 1866511 1958565 2023914 1975516 1783467 1974302 2055284 1907063 1929769 1800085 2063193 1964946 1795019 1852044 1900901 1898934 2078535 2089802 1851508 1940947 1916267 1845587 1919376 2108715 2105271 1966659 1801702 2045127 2015228 1945731 1850357 1742959 2009485 1889470 1972804 2147976 2006543 
2004802 1833056 1697088 1759125 1957558 1980242 1910548 1989837 1981541 1878160 1788613 1876347 1924129 1893424 1790294 1995876 1761985 2010399 1945924 1825843 1772235 1934229 1814352 2035753 2021521 1820128 1825364 1801897 1985550 1885542 1896155 1883106 1728624 1805117 1866643 1961469 1821525 1797073 1745218 1987496 1687016 1746261 1996562 1905408 2020625 2109251 1955879 1791036 2061712 1962249 1878894 2060452 1735088 2034438 1825201 1898010 1954030 1767345 2000300 1909417 1799753 2037155 1757316 1768199 1922625 1729298 1756251 1836371 2000120 1884678 2086748 2220117 1997389 2001810 2093214 1852517 1852746 1926467 2031192 1798265 1966401 1807274 2065897 1790736 1796958 1797467 1878946 1720829 1842551 2045063 1888866 1743582 1735726 1893828 1889520 1804942 1829820 1963660 1966676 1772748 1784947 2003748 1780082 1638153 1669077 1817750 1925188 1814715 1869254 1935362 1844907 1865855 1856976 1939117 1943149 1914685 1819713 1930289 1887280 1876870 1861891 2026745 1870963 2000426 1940253 1843126 1962535 1852792 1986924 2047527 2132546 1830677 1744835 1915384 2121560 1913462 1753708 1938604 1939275 1922085 1687501 1890856 1938541 1925298 2083751 1877678 2001237 1823497 1801328 1946925 1817477 1756824 1914321 1901305 1942626 1960618 1893935 1672415 2024031 1873325 2051149 1832366 1930664 1847968 1909367 1967718 1914174 1773682 1896695 1996427 1801303 1961082 1792320 1964969 1962800 1695286 1861624 1825470 1837335 1918494 1928819 1868684 1894548 1926314 1940948 1840544 2110628 2123430 1884067 1735017 1992433 1851482 1827143 1826524 1645010 1918306 1921240 1851393 2057934 1891297 
1962154 1837987 1702691 1710702 1984353 1951016 1877926 1982898 1868417 1727628 1728301 1774679 1876332 1814437 1836207 2012571 1804256 1879127 1883940 1883956 1724304 1932802 1781780 2099016 1944768 1877050 1782750 1734460 1908296 1819395 1819347 1948653 1727902 1786019 1753124 2024508 1791804 1756338 1886513 1982854 1577245 1695887 1951747 1920094 2039798 2013838 1807987 1817235 2049516 1943243 1907079 2061763 1678301 1933675 1738946 1924544 1860377 1730450 1970818 1831789 1792763 1930951 1704846 1796301 1909933 1702084 1634556 1842536 1952271 1842503 2098344 2081885 2086262 1864313 2000541 1954709 1780372 1881729 1899252 1808303 1963351 1784764 1938504 1805101 1895512 1722079 1953767 1700710 1946045 1995123 1975430 1655193 1812352 1793236 1925172 1792771 1835084 1922577 1877386 1804088 1782066 1984255 1782600 1749550 1729565 1923572 1965899 1824834 1855011 1954385 1801564 1890290 1869509 1936576 1899653 1830685 1841231 1954042 1746150 1871713 1866481 1935715 1823767 1839927 1881922 1813799 1863155 1778574 1922833 1888730 2055449 1821478 1742465 1794765 2070385 1934727 1747957 1902742 1879110 1923667 1506334 1799555 1910172 1835953 2081796 1720714 1893289 1812546 1840887 1869032 1754924 1645200 1826924 1849117 1959230 1897011 1893484 1664637 2013333 1899843 1974697 1757777 1832292 1718417 1934768 1954079 2018553 1748062 1706336 1936506 1765724 1819329 1725777 1936408 1934539 1722468 1790519 1897201 1868961 1850473 1867785 1768336 1776639 1873869 1802114 1918192 2104091 2026946 1835733 1704503 1934419 1973463 1910993 1752714 1713800 1835172 1856196 1818790 1953429 1849078 
1925167 1735350 1569985 1588267 1730079 1832740 1753491 1834390 1766927 1654725 1662218 1786573 1738487 1774848 1788778 1833717 1532684 1771338 1758679 1736278 1676538 1772740 1620292 1923823 1747120 1731149 1708371 1747096 1753458 1819160 1754726 1748351 1627668 1650042 1624372 1867623 1700781 1707740 1622414 1762548 1579029 1574521 1868837 1767671 1820100 2029461 1635504 1635888 1832583 1817176 1815671 1943122 1525692 1696436 1748513 1863226 1807766 1614632 1781385 1781531 1627725 1838078 1532650 1695337 1783792 1576460 1533015 1696638 1832581 1698534 1975189 1887102 1891332 1821675 1847470 1801853 1690536 1694830 1893039 1690981 1808159 1734322 1898416 1757924 1688025 1635176 1853832 1597839 1743147 1797897 1746673 1561473 1622683 1684978 1897156 1679926 1675580 1812850 1815325 1692848 1590843 1803751 1741276 1478627 1616513 1654244 1866219 1617589 1751099 1764009 1683129 1745157 1724891 1686895 1787216 1713442 1671346 1779465 1697502 1764928 1729795 1889088 1803584 1755972 1757693 1624968 1741479 1687442 1730293 1834635 1952899 1801134 1691153 1692214 1929877 1743996 1585373 1849125 1710577 1806749 1472245 1726682 1851787 1788732 1877253 1728938 1832385 1581830 1763748 1709366 1693961 1639789 1756943 1734299 1857317 1771493 1703312 1512548 1840796 1636406 1845062 1697494 1782062 1700408 1861620 1861974 1936967 1681573 1695116 1840081 1657569 1729694 1513989 1773503 1810239 1636746 1786216 1749790 1786131 1731769 1782679 1659512 1727550 1632250 1730256 1773094 1860325 2034983 1688981 1696904 1792251 1743723 1695770 1646771 1589703 1805183 1642818 1719330 1886983 1826146 
1891233 1763860 1663708 1749747 1869091 1961268 1763054 1925141 1777030 1697361 1717139 1815829 1834561 1734718 1698680 1874845 1622114 1836759 1797300 1864700 1692004 1885873 1769448 1952893 1801690 1745473 1824718 1730515 1934903 1894757 1752595 1879411 1656507 1748803 1751356 1899049 1826517 1709652 1801258 1877279 1657374 1741962 1920870 1871046 1869306 2066564 1842215 1773118 1943550 1875808 1886198 1971780 1589582 1928462 1691272 1814617 1854079 1713261 1879959 1808572 1739349 1868004 1686701 1811946 1831879 1592088 1669492 1683068 1772836 1805190 2023230 2112501 1909536 1980654 1981722 1874665 1813525 1776149 1907545 1841225 1837468 1784451 2000562 1698146 1831353 1719007 1971403 1681839 1838536 1950592 1810504 1724941 1710458 1673514 1675583 1640363 1698034 1703303 1870766 1760778 1717447 1934392 1868638 1676382 1570690 1769716 1809565 1870148 1880829 1928794 1821714 1853822 1847060 1797608 1879010 1733975 1773125 1912724 1668222 1901014 1783263 1940187 1765387 1904606 1724016 1820148 1830631 1720909 1841360 1918924 1929973 1724842 1810250 1777966 2059098 1830869 1738903 1924374 1779249 1903826 1542683 1795837 1928602 1847836 2001445 1669782 1921681 1801043 1741706 1854265 1878427 1621248 1815445 1717589 1795672 1912921 1792735 1688283 1912719 1743354 1891644 1669407 1884371 1746130 1913499 1915985 1882161 1669066 1755221 1860701 1747065 1745940 1730349 1958584 1832355 1805338 1859136 1784364 1865737 1841481 1915984 1780952 1763461 1804719 1795786 1724941 1960256 2087488 1905623 1695430 1829639 1823399 1740978 1659523 1599466 1776022 1777113 1911277 1888001 1862718 
2038111 1882762 1669577 1694555 1905780 1927860 1832083 1938378 1880577 1790714 1848784 2009840 1885835 1853705 1831782 1984659 1713865 1915971 1925395 1900401 1852395 1888927 1775604 2187677 1925583 1870735 1878422 1861805 1913623 1931675 1928087 1926447 1756744 1817318 1896113 1969462 1828205 1726505 1833328 1953906 1691817 1778325 2075384 1883370 2052951 2195761 1852857 1776630 1971235 2046076 1939905 1990171 1694168 1988508 1891506 2033400 1944816 1786584 2056861 1911344 1769457 1968346 1743872 1905807 1942014 1742000 1716290 1846459 1932954 1872273 2040541 2171001 1961670 1926772 2053867 1837313 1915562 1914274 1938968 1839048 1985776 1738148 1966115 1732623 1900915 1813753 1927412 1715941 1863968 2081673 1870402 1710549 1763198 1749187 1981207 1821435 1824516 1933437 1889413 1787144 1853618 1973229 1828243 1678398 1797252 1826955 2001897 1865545 1872050 1903913 1869890 1817653 1871598 1908183 1887805 1903062 1883684 1961210 1825431 1903930 1853976 2024651 1907591 1917237 1886069 1858289 1854788 1872573 1848498 1896669 2035191 1882585 1849970 1887760 2130791 1958190 1730145 1934215 1942062 2026549 1643639 1822102 1948309 1891534 2059955 1790515 1947748 1888638 1896815 1918184 1887267 1688529 1902153 1913807 1851712 1877390 1944619 1764016 2029435 1897149 1957522 1801043 1920573 1844987 1945927 2063400 2002997 1827781 1898200 2004679 1792014 1841695 1797341 1974263 1898920 1783723 1817177 1829106 1880801 2041004 1953233 1805091 1842750 1860084 1761772 1863743 2120201 2162649 1867363 1801463 1967860 1984049 1959382 1862484 1729529 1983323 1780696 1803620 1983539 1974987 
1896394 1808079 1634523 1756594 1908805 1931821 1803483 1981177 1871270 1813181 1731251 1784526 1882475 1906994 1818491 1986822 1667539 1875575 1821014 1869919 1765282 1977860 1751782 2111815 1866471 1798302 1738514 1793252 1794704 1874725 1929055 1888532 1640785 1721162 1834716 1892462 1902478 1743131 1837260 1952319 1564631 1724202 1961224 1913275 1954329 2018793 1783332 1861566 1998803 1929169 1947063 2000667 1659274 1928642 1769113 1976589 1908800 1637553 2066334 1857776 1868906 2035525 1668086 1747162 1914207 1671114 1693431 1755565 1941830 1818379 2072332 2108240 1989052 2010579 1957682 1886180 1813985 1933370 1944934 1820963 1966855 1778174 2007852 1797924 1772145 1661000 1962926 1724256 1961807 1995415 1915431 1611405 1864098 1809516 1863963 1701226 1856001 1932707 1919915 1744826 1834955 2045640 1803212 1693105 1671432 1779037 1850041 1794148 1823396 1926466 1732356 1942475 1889346 1889782 1884409 1823888 1821921 1929028 1724298 1981149 1829858 1984140 1782316 1939179 1864105 1833230 1875541 1715606 1876728 1940460 2074679 1795305 1728805 1849765 2100880 1903416 1634996 1921172 1863641 1785639 1537416 1850908 1869353 1811312 1943222 1717187 1963295 1781212 1737996 1967823 1724886 1693449 1845384 1837256 1960349 1922788 1867224 1728575 1962170 1828916 1974466 1707525 1856204 1786515 1943297 1953568 1991531 1835394 1806953 1932314 1763014 1912057 1678422 2024367 1841939 1848525 1920865 1799190 1948844 1855265 1920935 1724331 1918707 1835300 1871763 1774105 2053102 2080258 1943317 1699535 1876021 1910733 1758494 1808090 1703439 1953300 1705023 1844220 2037352 1923256 
1872552 1746517 1592465 1620859 1827512 1868625 1790471 1832481 1770808 1644772 1611111 1742632 1745360 1682989 1706376 1837280 1619549 1732548 1833612 1739329 1651088 1758154 1807867 1969700 1798194 1640236 1728459 1723601 1788540 1695366 1685199 1770066 1656427 1660689 1609102 1850450 1801666 1678239 1633659 1774939 1518341 1573868 1905001 1825354 1912891 2008611 1789214 1712865 1902395 1856426 1826778 1899421 1565814 1831058 1635005 1831478 1878819 1692512 1933696 1812858 1718678 1901903 1721768 1642235 1778074 1620925 1566278 1676198 1838239 1735160 1947066 2035266 1791067 1899757 1876927 1795753 1686884 1826258 1744293 1729426 1836909 1726631 1834155 1620670 1748952 1585431 1813863 1662012 1786160 1870978 1802173 1655677 1637648 1740584 1672444 1602364 1727643 1655020 1870789 1622308 1720713 1872970 1767776 1585843 1557032 1728136 1905007 1783980 1782894 1862856 1680561 1687571 1799300 1843069 1788843 1775213 1804807 1841764 1724526 1738861 1700374 1817018 1682334 1844118 1806301 1745227 1697050 1591515 1746028 1806705 1864569 1781972 1696037 1776269 1956833 1700632 1601978 1749783 1685849 1854717 1531766 1678973 1771770 1706963 2013767 1677200 1898301 1697840 1756135 1854711 1681826 1624296 1702400 1822254 1783468 1849469 1798254 1656633 1820522 1730665 1877006 1718287 1795802 1710561 1782737 1851460 1808950 1685290 1788133 1829446 1674627 1717897 1740968 1888333 1791557 1625358 1796126 1647789 1764599 1838347 1853945 1756268 1754614 1791082 1786005 1741283 1959987 1952678 1836289 1674441 1753592 1732375 1778513 1628678 1581410 1801933 1669040 1771164 1903778 1830989 
2031324 1824969 1562806 1714127 1808385 1938837 1785803 1985630 1895495 1771015 1818536 1897590 1799239 1825169 1737297 1956494 1709984 1788717 1795563 1840853 1694743 1852356 1908196 2037090 1961062 1749257 1845947 1815644 1872377 1923821 1835947 1899908 1666658 1760298 1778456 1964477 1827628 1786945 1776989 2026117 1611123 1685706 1923447 1875653 1922911 2115208 1718903 1779167 1943695 1893536 1935500 2021511 1662550 1949635 1689636 1859723 1921835 1802292 2019186 1968678 1778323 2035732 1770488 1837638 1859236 1684430 1637537 1779068 1833401 1801251 2030156 2175721 1930732 1941424 1952493 1880291 1806814 1846084 1874614 1870738 1897079 1829922 1934674 1798625 1810070 1793813 1911504 1717385 1984312 2033001 1876902 1674108 1758917 1767656 1808432 1688018 1754758 1859395 1871383 1755177 1796526 1893699 1872948 1596548 1660766 1827813 1888804 1819864 1948551 1885466 1796997 1793164 1812498 1865360 1885423 1778219 1826313 1977152 1758406 1935532 1739692 1957695 1782174 1941778 1827244 1806548 1865869 1714308 1867010 1900107 1965547 1835607 1828002 1822910 2039324 1882910 1717180 1865180 1903772 2025837 1570952 1774460 1852124 1766396 2081985 1697201 1838279 1743527 1815691 1966077 1834283 1608227 1801604 1930613 1859255 1945125 1898287 1598976 1887299 1823717 1936989 1656738 1895994 1706470 1946630 1902204 1908824 1744231 1829220 1949906 1770162 1809953 1685395 1947228 1875709 1692623 1790919 1819776 1879790 1929009 1888019 1804306 1768595 1841600 1814561 1896224 2024344 2051222 1846390 1726709 1830672 1842740 1877453 1740879 1685029 1810025 1771141 1878347 1965594 1924784 
2095417 1951374 1771129 1783180 1996550 2003317 1910252 2032792 1891517 1836237 1812047 1989816 1909633 1926574 1850159 1969277 1750621 1889938 1967588 1899238 1821852 2004844 1865554 2102350 1929684 1873118 1816058 1933226 1937781 1881119 1902868 1971948 1739575 1818557 1922873 1946320 1956457 1743245 1809068 2001549 1710004 1857136 2146301 1979787 2125408 2237217 1900996 1839423 2031050 2050050 1989054 2066400 1749120 1890754 1837285 1989379 1969328 1799168 1988797 1995089 1923057 2024272 1803630 1752543 1912072 1723185 1664693 1839514 1971956 1944155 2048113 2164950 2078742 2054730 2076859 1995777 1854815 1988284 1965995 1884421 1971674 1895703 2024977 1905461 1850944 1851075 1984452 1783893 1995640 2030374 2048443 1673627 1827554 1771580 1983795 1779386 1802504 1979117 1946198 1893476 1783353 2016906 1901437 1677449 1737704 1783047 1984431 1826048 1882754 1990106 1840575 1854036 1992027 1958024 2017473 1914437 1855443 2067978 1853258 1998037 1938168 1967731 1874131 1990176 1899276 1980043 1811432 1922377 1902685 1979554 2102619 1814960 1846354 1926168 2245068 1905590 1703384 1864256 1920369 1944439 1615191 1854560 2019037 1773671 2092661 1798112 2024623 1824482 1823601 2032580 1775477 1803272 1978478 1906278 2009256 1931093 1993199 1712150 1942938 1927377 1981317 1820787 1970780 1808858 1992180 1967557 1940912 1775258 1800865 1991926 1867713 1925580 1768699 2137866 1997020 1779253 1980577 1957503 1974797 1968746 1987513 1843938 1986500 1959885 1842868 1973129 2110456 2107909 1898758 1800529 1990002 1958811 1903843 1757134 1670013 1936916 1832164 1903228 2024120 2073077 
1985075 1905078 1727321 1797598 1954832 2029877 1920482 1987676 1935382 1766311 1856538 1954876 1923829 1873813 1868164 1936720 1705662 1902299 1971336 1962034 1867396 2050245 1835065 2105200 1867035 1891879 1797317 1808334 1882310 1987242 1818252 1903548 1626837 1804319 1892087 2037047 1915029 1847515 1859677 1988024 1735700 1831105 1966937 1861745 2080803 2134059 1862533 1814708 2029344 2090789 1988890 2096661 1700562 1981001 1903458 2103364 1983499 1808531 1949197 1953750 1836081 1977164 1784528 1808219 1911735 1711143 1627205 1942633 1998512 1805742 2117856 2224376 2002677 1999391 2075313 1934337 1892927 1878526 1968745 1902478 1957549 1856493 1969190 1696673 1889880 1812537 1969139 1816612 1937580 2005466 1911789 1686702 1862544 1970968 1957923 1871272 1812768 1897123 2007076 1754906 1824900 2061539 1922890 1778003 1678878 1934449 1986408 1917395 1909500 1892916 1840904 1802088 1933168 1981207 1936737 1925076 1884739 2005491 1889924 1971746 1884769 2074710 1891799 1932688 1903084 1921289 1846445 1873637 1937351 1977351 2142616 1902603 1845845 1937053 2148721 1975433 1858922 1938246 1972499 1948773 1598897 1901682 1941257 1834341 2125069 1801766 1991979 1850118 1835627 2040431 1829219 1680702 1935406 1890548 2049418 1908699 1951536 1795475 1968120 1864540 2053536 1803599 1902541 1805727 1983136 2032261 2001255 1860886 1840241 1922191 1780979 1911176 1792052 2063753 1994420 1797741 1857658 1841329 1857777 2052112 1965264 1826378 1914710 2006122 1801846 1859689 2048158 2214778 1904018 1815962 1905882 1940197 1920745 1796895 1713958 2063563 1816725 1833661 2094738 2060077 
1967867 1824280 1755438 1749132 1943826 1989297 1874494 1989700 1845078 1787680 1729667 1931299 1958038 1863352 1827743 1927063 1706573 1857315 1893277 1836430 1806462 1947978 1766963 2059644 1925234 1814397 1674547 1774836 1912822 1937159 1916192 1885596 1726069 1846379 1815907 2071624 1851618 1721824 1827493 1925279 1541644 1866292 2061450 1917877 2070744 2072918 1830760 1832177 2014796 1961087 1876231 1966315 1829512 1959476 1819030 1911148 1934201 1677977 1994776 1883671 1875459 2045058 1720604 1773259 1929218 1567251 1631128 1852878 1944815 1788121 2089196 2115226 1965443 1949847 2144056 1978934 1792711 1913064 2012882 1783216 1991416 1827044 1983503 1703476 1833797 1739373 1894984 1778532 1813266 1913274 1928758 1587598 1828710 1745893 1885035 1863475 1788217 1877826 1920836 1759499 1879168 1951604 1770914 1685437 1549114 1969477 1825484 1873958 1786808 1866401 1892726 1795282 1935048 1840318 1919732 1868894 1955695 2014819 1765286 1966835 1818171 2010957 1878655 1917920 1784085 1878001 1925979 1880778 1818183 1896119 2030603 1821613 1754374 1792813 2175028 1967505 1852695 1960744 1857436 1913961 1578990 1823713 1933741 1882803 2033305 1771491 1974723 1821417 1762280 1912204 1807870 1675804 1916398 1835295 2040334 1963065 1930765 1775405 2032120 1900710 2039060 1814866 1909129 1852336 1939205 1922551 2043038 1742974 1863369 1897633 1786856 1837669 1734379 2013423 1962037 1702893 1786711 1897993 1814992 2025331 1961018 1825523 1905269 1849180 1846473 1860781 2112949 2013440 1866576 1774239 1921560 1967833 1897760 1675173 1705301 1895643 1863566 1880194 2022793 1942363 
1972960 1836177 1600028 1764129 1914826 1938446 1831394 1977346 1883946 1820027 1715829 1884488 1909360 1817959 1894641 2010469 1767411 1806356 1802415 1948822 1778419 1907151 1815501 1998571 1909306 1790391 1836105 1838198 1971802 1904913 1820720 1894277 1801134 1826912 1838488 1931563 1879489 1768544 1760970 2050954 1585674 1753555 1973591 1989572 1954785 2100526 1870186 1683338 1942820 1943035 1981735 2069774 1678445 1910771 1782394 1880322 2026341 1789863 1944661 1925835 1736758 2102928 1773430 1849419 2036472 1738639 1623072 1765427 1969260 1883420 2062818 2137097 1940298 2075010 1996985 2062182 1794985 1829353 1971698 1937253 1941603 1815989 1961982 1787051 1814743 1796250 1935393 1798340 1884290 2063006 1892332 1662602 1748646 1738369 1896782 1740709 1835761 1895350 1906325 1837741 1806533 2029664 1920589 1751151 1660874 1888298 1871777 1868991 1947337 1905272 1814672 1882192 1899214 1942849 1888320 1831431 1916761 2021812 1761021 1998806 1847338 1992568 1812949 1909063 1899200 1908048 1741361 1826847 1950547 1887919 2066324 1861400 1884863 1764681 2118084 1902263 1744485 1921919 1929476 1979305 1531840 1849682 1910324 1812883 2078562 1752845 2032942 1831238 1784971 1858519 1882274 1715945 1866959 1915812 2023137 2006544 1879186 1740944 1916985 1800626 1939728 1793006 1995741 1804096 2000482 2012063 1943732 1778544 1880003 1952061 1812062 1727208 1733377 2002341 1914041 1863329 1877489 1849417 1942976 1915528 1893879 1777775 1858732 1929421 1827569 1817915 2043662 2055449 1860523 1752751 1919801 1894076 1840984 1752989 1664007 1858412 1854371 1895304 2016014 1929704 
1917810 1868343 1642422 1782848 1858313 1880909 1836196 1862917 1853725 1674051 1639944 1772996 1791646 1812859 1745867 1803900 1628374 1805576 1808834 1810847 1654493 1839469 1773253 2011148 1858671 1738512 1764601 1722769 1828688 1800508 1678618 1829722 1725695 1756131 1718493 1900749 1749273 1765791 1703971 1940191 1561509 1725879 1879079 1827771 1889296 2006416 1788005 1694434 1866370 1886815 1832834 1853780 1642333 1852881 1749575 1868727 1811499 1610753 1843796 1703694 1796312 1924841 1662467 1680587 1762870 1699436 1657112 1705550 1825702 1716475 1946231 2140691 1955539 1973624 1909536 1849232 1717900 1867747 1896593 1786364 1885138 1698890 1945562 1696479 1808187 1769930 1766306 1700743 1761384 1920832 1755267 1640857 1710527 1796855 1838260 1688473 1700617 1815660 1926534 1747330 1697429 1864707 1832162 1659189 1543832 1791559 1850221 1904516 1818358 1715359 1782874 1773177 1714695 1881324 1813636 1862666 1770166 1933752 1715804 1840393 1772596 1973817 1728346 1970583 1759494 1797955 1737994 1737069 1739609 1784484 2070432 1699805 1742325 1793301 2116863 1855259 1704073 1874677 1793943 1874885 1502037 1760970 1811701 1822229 1944074 1704093 1843048 1764157 1750807 1836462 1738493 1611132 1775030 1901405 1879989 1866528 1804319 1608761 1915827 1822793 1880391 1644524 1837234 1808920 1853983 1892104 1841768 1741029 1784827 1890930 1761715 1819471 1702404 1899128 1886371 1623553 1742024 1790571 1873150 1961611 1822424 1731651 1745398 1841781 1833357 1727861 1936580 2038587 1746361 1642609 1832872 1896088 1810880 1684325 1587400 1907736 1739148 1764551 1917318 1878914 
1887208 1791602 1642794 1692652 1829492 1955588 1817103 1846460 1833751 1799856 1698053 1852355 1844853 1772717 1722774 1920980 1698180 1750318 1836272 1781821 1789517 1916099 1728754 2000650 1851124 1863329 1778541 1733652 1870537 1805829 1810351 1778191 1678586 1698192 1706520 1882234 1760294 1748391 1715562 1888271 1646140 1683985 1834012 1853242 1948323 2055256 1720370 1704250 2000319 2044837 1945000 2022805 1685342 1870066 1793624 1946419 1862473 1619872 1912659 1857270 1726730 1981347 1673394 1781306 1832194 1588301 1639805 1706520 1915151 1837683 2043126 2090594 1858195 1853525 2025581 1811762 1743100 1861339 1853580 1676251 1794084 1735198 1958945 1742925 1757255 1660037 1858504 1665817 1852121 1970421 1900507 1612121 1790712 1799290 1850667 1700809 1672912 1857250 1877223 1718677 1799941 1960957 1774746 1607066 1626863 1755217 1915474 1736611 1779522 1881951 1858235 1755362 1910100 1846477 1838814 1855730 1745858 1870126 1708005 1828860 1806788 1969431 1761672 1810716 1857399 1812897 1820880 1799470 1919477 1908405 1982850 1690397 1818474 1752268 2053603 1777984 1646351 1849109 1848112 1786099 1642951 1721276 1834447 1829628 1978360 1680620 1898231 1758704 1686119 1898379 1791356 1556322 1852217 1791039 1852839 1925450 1819344 1624690 1926467 1769933 1872602 1781285 1879817 1815292 1905886 1864324 1839296 1752346 1733199 1875650 1683074 1795057 1737748 1894356 1876749 1709370 1794224 1766107 1779223 1878720 1944231 1761753 1788287 1792791 1782153 1789847 2073261 2127957 1841116 1684450 1842528 1809421 1723951 1747031 1583884 1903186 1715206 1774641 1967654 1949942 
1984059 1820578 1723939 1711951 1986332 1971635 1862734 1995385 1854011 1721111 1827914 1965985 1929488 1903728 1833433 2004385 1751191 1841829 1901833 1944145 1788567 1913596 1749140 2083320 1912734 1797651 1742513 1737065 1841842 1833764 1849146 2033668 1708727 1809588 1803726 1934216 1975299 1813131 1728519 1981382 1671658 1838805 1997749 1899355 2055607 2102529 1904167 1814307 2047793 2059626 1987625 1998228 1698635 1897514 1829506 1938011 1925496 1651400 2031729 1995802 1831721 2011313 1757849 1780175 1939554 1627870 1687681 1767479 1966971 1916139 1967245 2116575 1968629 1980724 2027957 1910623 1771469 1909795 1895764 1859211 1941915 1858228 2059920 1765495 1917111 1768713 1992594 1739752 1865594 2042667 1934041 1762497 1860716 1849608 1830883 1825148 1749380 1913474 1996588 1802783 1875915 2079033 1926770 1837852 1638069 1871191 1878364 1845700 1855508 1949112 1878652 1792674 1883093 1951599 1825443 1831761 1891264 1921373 1821220 1926643 1953962 2011729 1775565 1890873 1818245 1856152 1786759 1817305 1849218 1958458 2136622 1779618 1771668 1828774 2123661 1934073 1832552 1859244 1933199 1897519 1598705 1886402 1891400 1820982 2035431 1821664 2005567 1804657 1768904 1935152 1915187 1728266 1924470 1840076 2022961 1819590 1926206 1735595 1949432 1847272 1993449 1811465 1942515 1827701 1933826 1985610 2102437 1779735 1972217 1967633 1791162 1817152 1761176 1964168 1960146 1729309 1888088 1799789 1834551 2026845 1925729 1738760 1873145 1849365 1768515 1875570 2097846 2141197 1874539 1767225 1927147 1857062 1779811 1772499 1740564 1993939 1842941 1854060 1897151 1942444 
2093352 1917565 1738631 1761868 2030685 2031417 1900054 2057558 1914063 1787781 1909222 1949532 2001824 1990848 1943040 2037729 1781818 1856022 2012111 1936774 1929313 2000648 1821953 2112048 2062760 1848571 1797330 1913509 1864165 1948573 1930355 2039843 1733753 1830562 1921426 1998845 1975160 1847019 1829644 2059798 1622768 1918158 2092842 1994499 2156395 2167455 1983827 1888154 1994453 2052296 2022850 2117993 1769159 1983059 2029262 2000336 1926003 1879091 2014259 1953852 1888432 2062096 1781601 1816862 1981731 1748416 1721834 1928202 2039769 1957496 2034974 2178735 1999141 2038758 2023419 2060224 1886398 1955798 2037051 1882327 2037577 1860901 2036824 1805633 1888883 1825266 2056503 1758575 1947178 2089781 1991847 1674222 1901237 1908666 1999706 1939207 1796079 1907551 2002165 1811320 1809981 2083762 1897419 1725794 1730882 2012058 1941589 1857894 1920786 1930734 1902081 1989869 2009560 1980396 1954405 1863118 1943110 2009931 1895492 2031795 1928906 2113065 1932783 1942791 1885248 1887862 1918488 1925550 1968421 1987900 2173520 1920370 1858282 1919037 2265494 1919321 1733837 2005289 1947891 1993134 1634570 1912920 1987454 1896446 2023877 1936434 2112028 1853130 1885212 1994930 1847180 1759833 1987099 1920556 2062868 1903759 2059647 1779162 2071617 1864914 2086838 1851341 2014263 1824515 1966778 1989433 1973368 1853093 1954234 2062693 1811879 1929436 1772998 2165452 2025821 1773323 1969256 2040695 1902186 1978331 1952723 1865053 1980405 2016086 1915546 1870924 2121909 2192346 1964377 1797408 2005392 2010617 1921214 1970028 1809319 2084724 1967625 1954795 2168167 2086941 
1855408 1818066 1534150 1693687 1876517 1900951 1788938 1871485 1678709 1636240 1591570 1792890 1773987 1725922 1744405 1885645 1635665 1787945 1778174 1810254 1603218 1821274 1718527 2050831 1780226 1756585 1710781 1691072 1786734 1773410 1757715 1755742 1577366 1762136 1770850 1909142 1715009 1608922 1793716 1926897 1523419 1618834 1846332 1777116 1921814 1977660 1806958 1722206 1886776 1870543 1862163 1963638 1589944 1830793 1707101 1897161 1792314 1641444 1868794 1764271 1641871 1801827 1664058 1724990 1790675 1632025 1556986 1735587 1878479 1745692 1984311 1958648 1955905 1975278 1956851 1820977 1761847 1830562 1851765 1743535 1890439 1729141 1891330 1757272 1848336 1635308 1779609 1625638 1778068 1988817 1782865 1610590 1735673 1810041 1780101 1698417 1773121 1752927 1859150 1681042 1705646 1860804 1809492 1588935 1557555 1781163 1954281 1817286 1799009 1815849 1762677 1775197 1665902 1858965 1889726 1854360 1751148 1786426 1758992 1909064 1784335 1926292 1766684 1878196 1828619 1767138 1730302 1698389 1840094 1849602 1961298 1728637 1682412 1751597 1976721 1823317 1733617 1738104 1752917 1840798 1492501 1727604 1803524 1727639 1996754 1609867 1815279 1594713 1766268 1798001 1657223 1554215 1760641 1722177 1818629 1786466 1738314 1625580 1854706 1805074 1851853 1698834 1842948 1744477 1933536 1935582 1808162 1632608 1729537 1838919 1728179 1851581 1632567 1796647 1805597 1624831 1733595 1702154 1839851 1842990 1860143 1720007 1735748 1766645 1801095 1808747 1943516 2023906 1779557 1611370 1846702 1881174 1747297 1618138 1580626 1927259 1683259 1791699 1908681 1772513 
1893010 1924573 1741193 1770056 1911383 1985057 1909597 1962369 1894097 1817460 1834890 1888236 1919718 1913507 1831007 1916199 1775230 1857717 1887581 1909739 1729032 1952154 1787815 2201449 1980720 1765424 1839939 1815236 1957691 1857442 1902563 1919625 1704293 1876752 1802383 2099189 1937201 1871048 1823070 1963191 1653693 1796706 2006001 2045348 2160582 2196281 1808930 1809905 2009352 2074360 2047348 2101778 1694527 1921089 1870240 1900366 2006622 1768711 1974943 1926090 1862476 2005589 1748384 1703243 1958786 1739542 1678804 1762558 1918191 1795743 2058204 2172722 1985089 2051344 2057272 2006422 1802794 1872736 1981333 1965920 1978255 1823282 1967157 1781300 1765704 1785826 2041593 1791387 1939961 2017107 1876824 1820773 1741985 1853347 1863077 1776236 1830608 1893256 1984289 1763519 1890730 1999320 1883515 1620370 1664395 1841419 2063536 1875707 1852088 1924319 1797602 1901932 1963981 1932005 1916140 1891341 1937957 1989061 1791526 1936228 1904661 1915942 1885305 2007239 1944218 1807571 1834523 1794187 1827166 2117963 2012251 1953275 1848192 1807765 2256615 1887908 1742815 1943068 1968131 1972061 1549958 1852348 1959620 1842794 2067371 1839234 1935823 1885976 1760439 1934098 1849687 1647244 1866012 1917328 2035156 1977809 1821210 1803941 1961949 1853467 2013878 1799951 1940112 1838806 1969004 2005913 2034280 1786891 1916498 1976576 1781968 1876135 1743481 1904524 1947406 1757641 1935465 1834229 1886473 1967112 1902384 1860721 1803997 1849007 1878162 1893588 2117048 2096162 1956373 1821979 1940695 1978707 1865313 1854646 1837186 2082446 1815834 1890214 2014473 1973287 
2118095 1993265 1871656 1863325 2097770 2077961 2070764 2153352 2033604 1905517 1924705 2059966 2051669 2013695 1972667 2106738 1932877 1980805 2083198 2053004 1852126 2088682 2104463 2327029 2089494 2035697 1933134 1871669 2008244 2154547 1936073 1988575 1900060 1830422 1916583 2185314 1947501 1900397 1962820 2066230 1791458 1898415 2107816 2128119 2091737 2319714 1971560 1987902 2123437 2075469 2028109 2283840 1824067 2082129 1906481 2173673 2019938 1805714 2214630 1986329 1944928 2128783 1908328 1895971 1980520 1812584 1812207 1891543 2109189 1908406 2288462 2321606 2161055 2206013 2168714 1927512 1987196 2047533 2127670 2068489 2054197 2050977 2097469 1972567 2094807 1898935 2105983 1989122 1947721 2195855 2011114 1806230 1939849 1979755 2155625 2004469 1938695 2000980 2123103 1983568 1971345 2101767 2144434 1855865 1811153 1973312 1984580 1972612 2052836 2002380 2040418 1952971 2020451 2051385 2026624 2037573 2032586 2122854 1976690 2097671 1948735 2162406 1949914 2083544 2056653 1953330 2062534 1987686 1958288 2102873 2209096 2023128 1998512 2048729 2288855 2064234 1838961 2078820 2045359 2110214 1751166 1970346 2191238 2001922 2224937 1948761 2113882 1890077 1930617 2040212 2045269 1866454 2047249 2064747 2033802 2104294 2027674 1862614 2237566 2086175 2138698 1902248 2091197 1965523 2092657 2175088 2186823 1989617 1993933 2222156 1918688 1974696 1861697 2141078 2142875 1887642 2040024 2022747 2130458 2094858 2105810 1859926 1925382 1984302 2006409 1990833 2227113 2307172 2087601 1967371 2074864 2032000 1904636 1894804 1851574 2126837 1869411 2075638 2260624 2149380 
1901936 1828079 1619583 1791658 1837289 1876550 1839333 1947308 1779349 1762874 1657518 1784181 1830924 1851326 1727666 1845023 1728131 1756449 1808663 1856576 1658772 1937989 1812895 2033046 1812319 1804860 1657480 1704882 1827943 1832286 1770137 1804305 1708190 1743839 1729688 2049827 1793980 1712949 1785981 1966147 1581152 1717720 1871122 1802910 1924345 2016477 1764445 1694132 1926410 1927840 1886043 1929357 1655530 1875943 1807819 1877970 1876285 1687219 1983359 1736318 1766975 1997493 1761679 1832650 1893355 1639857 1639277 1739477 1972591 1871649 2030848 2126732 1941509 1862284 1988612 1858642 1751273 1857967 1877246 1685852 1900675 1737713 1917043 1737986 1907591 1702210 1903986 1709724 1781531 2047111 1877877 1636033 1733156 1783781 1866265 1768234 1795650 1890214 1892169 1751501 1677786 1873789 1798492 1683269 1594917 1739573 1909987 1911771 1949175 1943671 1807580 1811170 1803516 1945813 1861053 1706979 1819737 1847415 1752800 1824494 1769400 1949982 1681793 1860480 1802526 1879017 1855148 1724459 1790148 1830769 1955246 1806894 1777185 1817991 2085962 1743940 1629383 1802015 1898458 1939671 1503202 1781632 1933777 1768058 2043207 1710304 1838678 1694311 1792443 1824842 1807511 1622792 1826180 1825690 1889063 1816768 1862081 1736594 1937663 1765989 1878404 1735769 1824162 1723490 1904918 1899584 1834849 1708111 1739114 1944677 1777032 1842048 1732215 1946518 1866542 1652284 1775120 1823653 1911304 1927740 1869861 1716492 1757890 1838913 1743399 1800772 2075144 2084581 1801312 1678490 1767531 1882397 1798792 1714657 1630330 1887720 1826368 1817286 1878106 1933013 
1985796 1873879 1674657 1786915 1953712 1980678 1854187 1908045 1891911 1816829 1695465 1959542 1953111 1818160 1871416 1912120 1750123 1858662 1841609 1866811 1671965 1989175 1903558 2152265 1954533 1836991 1787988 1818364 1945630 1954331 1839455 1926998 1657074 1785151 1805114 2023925 1925710 1846141 1761096 1970463 1676257 1727969 1946742 1995433 2056612 2165936 1895757 1803498 1997801 1995945 2029938 2005878 1656926 1886636 1801939 1946435 2094478 1809892 1979096 1924049 1800861 2041777 1811129 1750566 1935455 1699929 1601613 1787025 1886914 1796798 2021068 2159476 2042319 2006465 2018355 1911068 1770643 1907009 1950498 1781329 1845561 1821246 1952234 1838294 1828838 1782769 2000116 1903757 1959044 1986860 1942912 1721192 1852374 1733418 1878796 1776497 1773386 1896444 1961144 1834875 1806918 2076908 1890547 1682030 1723522 1820558 1977834 1891874 1893107 1955390 1796285 1864515 1955434 1980126 1932191 1981834 1865203 2000807 1825963 1964655 1844817 1972920 1865611 2007274 1932273 1875245 1790624 1836755 1937186 1968778 2041947 1815296 1812369 1786466 2193992 1921949 1683142 1850051 1979240 1887150 1504745 1841184 2005135 1813834 2041439 1780899 2012489 1787836 1907312 1954945 1774996 1689304 1921662 1911433 2002706 1905990 1920296 1759822 1968680 1831105 2045609 1821687 1952407 1918715 1946226 2073312 1982532 1828781 1792364 1998668 1780295 1897986 1872139 1999150 1982145 1733240 1981392 1812629 1894487 1965699 1959596 1717893 1895118 1861267 1790261 1886103 2005842 2200309 1918915 1823135 1892207 1930444 1872764 1798130 1611402 2080306 1773512 1849485 2036798 1969631 
1876924 1810674 1687630 1697925 1873753 1877807 1718149 1906140 1768788 1659615 1710174 1770705 1795018 1824566 1755273 1807040 1642613 1759133 1817786 1854471 1636864 1805285 1783003 1976203 1854376 1665297 1720135 1684255 1819268 1779529 1780325 1870175 1631133 1639550 1638520 1814122 1751737 1620197 1686695 1845040 1567898 1720006 1926903 1803228 1980448 1919223 1768175 1662197 1909912 1872823 1874934 1962355 1614065 1821145 1635123 1889561 1757296 1644899 1796737 1892391 1731219 1846013 1546399 1811885 1759870 1540470 1576401 1633533 1816137 1838661 1908422 2036265 1916716 1900663 1977701 1855126 1756053 1831840 1906915 1712019 1790077 1785910 1882401 1724298 1732940 1763209 1863366 1617819 1902463 1863466 1800275 1651895 1683468 1718879 1761617 1729096 1753896 1810770 1854897 1614224 1799799 1913339 1799311 1604304 1595884 1706747 1812949 1698457 1817509 1857486 1728688 1710321 1727753 1841379 1782977 1751835 1686930 1902763 1618000 1779101 1760245 1857021 1665588 1966901 1839686 1790499 1714314 1758038 1798725 1863115 1911934 1733533 1690413 1711365 2016061 1758837 1664786 1783215 1812109 1886936 1553140 1713781 1835921 1706558 1980908 1642099 1865557 1678634 1742286 1798377 1734840 1654603 1766241 1841882 1865959 1809421 1768885 1610158 1951390 1811252 1903392 1641335 1788700 1744420 1856889 1777591 1919584 1723044 1782279 1904380 1651614 1659824 1675947 1952353 1852433 1631233 1760120 1784295 1812650 1799918 1766321 1605281 1672166 1744561 1717103 1783586 1968127 2047345 1799589 1656121 1759884 1822642 1672089 1678840 1655489 1835573 1763576 1782325 1886449 1858479 
1973608 1903017 1709364 1772896 1970807 1925882 1867460 1963255 1863624 1768711 1768219 1869427 1776254 1796034 1815948 1906858 1662444 1933877 1872599 1845296 1681004 1974270 1813799 2091585 1856272 1843540 1778173 1824416 1936234 1874807 1844802 1921144 1700266 1795906 1798032 1983978 1876005 1785039 1809104 1928920 1662804 1737356 1933659 1859216 2068518 2136350 1721235 1839280 1943826 2003974 1884098 2077593 1630684 1842559 1875732 1981676 1935573 1750391 2000487 1816958 1811541 2012800 1700094 1770646 1822902 1691940 1641367 1848319 1860937 1803642 2014504 2111811 2015158 1992446 2015164 1874036 1878418 1886339 1904289 1876478 1972520 1778126 1900100 1827532 1885632 1779315 1900256 1663250 1887662 2039521 1893411 1669135 1866022 1812891 1989145 1812435 1769286 1861142 1915411 1772965 1866269 1915430 1830311 1654649 1726970 1901910 1905453 1898905 1896373 1903406 1801294 1850871 1771921 1893628 1913065 1849633 1850236 1910879 1842980 1936506 1780969 1994571 1764400 1985684 1902938 1864183 1850113 1884325 1857370 1940567 2089243 1810173 1857388 1884144 2196117 1896623 1687837 1818442 1868654 2077055 1535150 1795164 1980532 1767403 2135376 1809744 1928844 1844370 1774525 1837005 1788863 1682603 1899945 1841281 1953155 1842158 1952548 1652719 1957493 1828503 1979909 1732986 1961766 1764404 1962770 1997870 1864139 1757048 1813278 1960845 1746284 1954094 1684096 1947177 1911369 1722499 1847016 1835053 1913956 2033592 1979654 1679030 1822296 1858538 1840279 1767438 2139210 2037699 1914487 1744663 1805288 1954082 1815000 1797580 1694234 1901025 1829348 1903558 1978093 1996406 
1939813 1934304 1689324 1741021 1986926 2079406 2014962 2117892 1912785 1906884 1865219 1924501 1914532 1949656 1873255 2035336 1830620 2005357 1853010 1848821 1805494 1957217 1934408 2243904 2063328 1902721 1891579 1861270 1956066 1997798 1998159 1970807 1752610 1827739 1827877 2091905 1880575 1727863 1900638 2032547 1630770 1840171 2026492 2031164 2121803 2208884 1868482 1860677 2142725 2056836 1934270 2181716 1859898 1956898 1809535 2010434 1994840 1912584 2068722 1981504 1919400 2151225 1758306 1859380 2061145 1705015 1651708 1771491 1980145 1947304 2130906 2267123 2108818 2071568 2043531 1957160 1870883 1981495 2026232 1965996 2023692 1941723 2104044 1918990 1871417 1831590 2084656 1849920 1982854 2054734 1973505 1767787 1914420 1947166 1899039 1872014 1836661 2051581 2012295 1830961 1897601 2121436 1896796 1764163 1818126 1957234 1989028 1957171 1945002 2019734 1951857 1980055 1866507 2044629 1921748 1943431 1913473 2025437 1808981 2038168 1944713 2088281 1901068 2025381 2012746 1979449 2026633 1843399 1996534 1978896 2067463 1989625 1933875 1869762 2148424 1898848 1749367 1907408 2100801 1957730 1569503 1949794 1986648 1911580 2157898 1959110 2072942 1798376 1833088 2029788 1909836 1762124 2012068 2050061 2053434 2029704 1898464 1852276 2081773 1968867 2050549 1909250 1991876 1848872 2044715 2008331 2053030 1870039 2019403 2111370 1821877 1858415 1841292 2043965 2067388 1820993 1909658 1886225 1950338 1932134 1943889 1797553 1988328 1961076 1784549 1977805 2135352 2178067 1907449 1877785 2000135 1918661 1922273 1833473 1800371 2028037 1930646 2046348 2071188 1954917 
1854777 1751162 1549215 1569501 1752411 1735986 1710070 1797783 1711670 1665755 1529700 1635903 1751981 1718681 1653152 1771417 1553805 1803626 1640751 1615973 1505235 1726424 1573300 1898953 1795229 1765811 1621357 1635966 1727209 1695499 1586296 1721507 1582708 1605550 1642244 1768421 1684999 1680498 1615182 1726749 1538257 1646090 1799798 1768996 1829498 1888987 1604839 1602952 1783419 1811034 1820717 1876219 1545278 1755921 1668002 1804176 1741719 1514492 1815150 1711410 1670296 1819034 1543592 1630953 1746796 1478988 1502026 1592482 1716778 1692583 1837173 1955248 1877965 1778233 1732328 1713858 1555489 1726725 1801296 1687041 1721158 1668242 1820157 1684377 1644745 1546815 1710765 1543646 1673423 1765402 1711730 1469322 1618127 1569432 1838999 1651437 1619626 1738443 1714784 1613696 1605056 1830703 1599906 1524470 1599205 1715827 1775077 1683330 1685618 1751249 1780992 1644649 1667465 1745080 1699424 1696897 1715766 1783126 1666220 1810413 1688692 1917342 1628349 1775697 1714717 1636746 1626208 1626553 1736792 1771859 1904669 1660281 1642464 1628648 1933676 1748908 1531054 1683887 1755164 1760063 1424360 1716816 1701544 1672475 1790276 1617475 1786534 1604062 1687623 1688581 1658839 1585257 1714244 1763236 1795353 1661842 1678314 1573940 1708870 1579841 1760341 1639129 1732811 1666998 1839496 1854926 1787635 1622228 1628371 1736473 1561728 1720858 1642092 1763871 1747240 1587468 1739156 1687933 1750052 1789223 1764918 1636857 1703818 1720767 1649268 1554952 1884844 1882524 1707698 1583481 1686866 1679997 1672058 1665695 1543488 1808139 1623097 1702856 1830451 1758723 
1982146 1797352 1814700 1679434 1999766 1909999 1869240 1969885 1849610 1742046 1827649 1917879 1848145 1929629 1828002 1959674 1773639 1952354 1885444 1953322 1784017 2012092 1872101 2112543 1966888 1884685 1742210 1814167 1897720 1839944 1891672 1863880 1713379 1785272 1774023 2002148 1797223 1736778 1833682 1925540 1652088 1732448 1981348 1917967 2062159 2075468 1808078 1794393 2016679 1984072 1901172 2090373 1658310 1886104 1839426 1942249 1902875 1752230 1946734 1866816 1786759 1977219 1821835 1855486 1866674 1689304 1630087 1749981 1943113 1831083 2071063 2091018 2027669 2059537 2073348 1891217 1714235 1908012 1914245 1780997 1947987 1835129 1966333 1712206 1888508 1780192 1880183 1805489 1806273 1965160 1987403 1660537 1807859 1789629 1905372 1845129 1815288 1915717 1941916 1824976 1835473 2010820 1924622 1688772 1770267 1858009 1883480 1889806 1862928 1997847 1908296 1847238 1850042 1884926 1934198 1934211 1818950 1946454 1763677 1890208 1840985 2011142 1793476 1988892 1888416 1929988 1892062 1801755 1969819 1962432 2033056 1844447 1794861 1848059 2158857 1940137 1720313 1860891 1782141 1934889 1615750 1823646 1990823 1868889 2050486 1811115 2037570 1753513 1775886 1905334 1829357 1806525 1907736 1892930 1938128 1848697 1854917 1686498 1985405 1765565 1970093 1770344 1878600 1734908 1993910 1932812 2092556 1768162 1908699 1903371 1810197 1823179 1794461 1984287 1923428 1762699 1881392 1850100 1979038 1945840 1898825 1862579 1843476 1941011 1889190 1883610 1981169 2158344 1869951 1731790 1906686 1850347 1832875 1745150 1646303 1852730 1815364 1969146 2006635 1878358 
1995590 1865022 1795840 1828858 1971866 1988212 1915816 1997391 1825563 1825531 1807610 1822776 1958775 1942440 1804434 1995716 1712471 1816401 1952821 1888465 1800482 1866242 1853278 2121712 1984317 1818285 1855894 1879126 1880751 1885178 1832671 1948438 1796496 1874572 1876349 2033043 1924653 1860474 1818364 2001015 1595566 1815774 2029774 1976282 2150421 2166203 1820990 1791295 2063071 1943701 1919951 2075199 1710865 2016448 1829640 2094846 2010258 1743294 1946348 1955629 1768750 2032043 1760492 1855762 1928586 1754908 1742801 1812796 1957813 1874241 2076768 2198143 1957762 2089349 2031362 1987193 1845411 1951995 1991888 1791625 2001902 1831052 2047307 1837463 1979033 1797975 2036617 1779059 1836615 2030538 1966739 1718662 1942437 1861868 1977408 1883489 1775617 1913036 1924886 1871764 1782051 2048246 1934416 1751657 1676312 1832577 1943346 1852709 1879037 1877562 1845196 1889805 1931803 1898096 2003956 1868544 1929731 1930264 1847030 1926623 1877639 2065398 1824789 2069420 1873975 1832701 1924061 1758752 1840694 1932592 2091735 1849829 1840535 1845269 2185896 1885186 1734965 1987932 1951705 1984568 1548145 1832626 1988744 1856909 2011908 1843381 1958738 1773449 1851642 1956401 1814015 1805140 1952072 1963419 1986048 1939701 1877010 1840289 2099673 1880977 1972226 1915657 1904438 1760704 1956986 1992185 1933281 1901200 1897187 1919566 1717299 1908645 1780356 2008310 1999652 1820278 1864882 1872696 1914242 2030296 1995709 1865781 1906663 1847411 1907590 1900393 2016031 2171196 1989465 1792120 2048332 1973945 1883920 1864750 1697803 2000255 1810534 1972944 2117539 2028705 
1869147 1847818 1652788 1670679 1892546 1950276 1771697 1864680 1766267 1730916 1695333 1870645 1809364 1778073 1782024 1894765 1663859 1842507 1828965 1799716 1716578 1801423 1766154 2123300 1717569 1825700 1834192 1736098 1826837 1849490 1824150 1794745 1688496 1665388 1799283 2007520 1749497 1785019 1912670 1955577 1620756 1706340 1965291 1879330 1932595 2087945 1806972 1762489 1980223 1860439 1884063 1999525 1681145 1855537 1728226 1954170 1978427 1702160 1980429 1906956 1712605 1978095 1646176 1800330 1879925 1600559 1622744 1793370 1863095 1747122 2084156 2060533 2047975 1911676 1991708 1816262 1698618 1877153 1836207 1765050 1884265 1753681 1845904 1768407 1929139 1729965 1845001 1820068 1854724 1972153 1755293 1612244 1824350 1723171 1845667 1832041 1746941 1826733 1913486 1770350 1650649 1922656 1833366 1606643 1669670 1884105 1889828 1837300 1862797 1870414 1837780 1840025 1756358 1809523 1820037 1804130 1787029 1871376 1751995 1939867 1758582 1913292 1800035 1894844 1797123 1844443 1885021 1743405 1779221 1892856 1991182 1763031 1762904 1799690 2064278 1903810 1736560 1836416 1927204 1864771 1603607 1852640 1943386 1825943 2112887 1657389 1944203 1765763 1780412 1872864 1718147 1617076 1829919 1811050 1792610 1937836 1871974 1720042 1803468 1796173 1849837 1704048 1967189 1757075 2031816 2033397 1951024 1764762 1827501 1922516 1727266 1802204 1679431 1928363 1881796 1762081 1755297 1778843 1913576 1936069 1865216 1773491 1741836 1886371 1730302 1924463 2011773 2078673 1891100 1724266 1845977 1953480 1826383 1695694 1616153 1858473 1779469 1789989 2003593 1927206 
1899062 1732295 1668768 1551029 1871117 1912621 1758036 1903858 1739376 1854701 1624772 1816737 1726368 1790662 1748215 1997465 1681375 1800908 1840832 1826274 1757861 1859144 1767903 2033849 1890280 1754853 1648422 1724842 1854590 1795668 1859694 1851442 1696002 1751393 1717844 1971906 1822643 1689228 1721102 1876962 1574387 1700930 1872832 1833247 2076679 2007281 1860169 1738661 2031936 1924195 1886639 1997663 1610595 1887162 1752672 1937762 1855979 1710135 1900528 1800161 1748715 1932744 1766829 1735932 1867889 1661728 1598250 1777588 1920194 1837459 2062113 1995439 1975018 1891315 1908916 1818600 1736564 1824012 1824358 1744297 1897087 1680587 1795535 1751017 1817373 1683106 1906726 1690894 1856087 1957709 1894607 1580802 1711059 1766091 1853978 1793464 1804292 1861569 1931538 1752639 1794341 1928323 1749340 1631120 1712524 1845708 1925575 1833302 1903020 1846400 1772636 1840041 1772276 1901154 1849858 1827017 1762357 1870140 1754619 1861721 1865893 2008986 1717862 1899329 1767506 1745146 1793258 1756499 1842486 1899222 1974877 1745714 1813600 1708454 2062856 1821101 1711871 1885184 1803923 1894261 1561714 1733396 1848516 1806386 1898753 1757241 2021175 1666572 1822157 1894020 1711428 1666435 1846159 1838945 1883686 1819135 1827034 1618820 1940699 1765502 1988237 1764375 1792378 1747795 1884235 1879073 1905458 1720573 1853171 1854622 1668407 1865795 1768152 1886397 1870166 1701013 1746394 1709754 1858491 1909349 1825855 1680020 1896537 1798012 1792262 1684740 2043642 2038559 1825463 1648004 1858873 1810831 1784813 1690301 1630731 1877437 1688343 1803545 1937018 1817524 
1955411 1769792 1686700 1768991 1859809 1919485 1952552 1917159 1696101 1723015 1644250 1905037 1878055 1814232 1840543 1827002 1699451 1765321 1867756 1873608 1720062 1860567 1798527 2032780 1820007 1683038 1697484 1736621 1814593 1856242 1829246 1834097 1724999 1752645 1756381 1973361 1849866 1732078 1742782 1914386 1583086 1762497 1947856 1942751 1881754 2043865 1776698 1791444 1900636 1899591 1802393 2029390 1552829 1859830 1750313 1982208 1912019 1703123 1935651 1749368 1720269 1956424 1717248 1795196 1859364 1633101 1540807 1786773 1877358 1705126 2012378 2018083 2050179 1942086 1907228 1839968 1723000 1898733 1818940 1751675 1859452 1708730 1805401 1771865 1874913 1716260 1957161 1793606 1824036 1956697 1779414 1692331 1756294 1719599 1828874 1743553 1838324 1935799 1967740 1782190 1726835 1978236 1865127 1640415 1630887 1814713 1969263 1834752 1826636 1846320 1793036 1814003 1847525 1899385 1889335 1858211 1865700 1939150 1650191 1926633 1746524 1924102 1802495 1888562 1829847 1717941 1723579 1894305 1736036 1902762 2035440 1823954 1773519 1698618 2158723 1819833 1711751 1898092 1859255 1841215 1536537 1744074 1911168 1745996 1981196 1699067 1956899 1732931 1836663 1844030 1699336 1653127 1827511 1857525 1889645 1876597 1889374 1768259 1937987 1798100 1942939 1713225 1861593 1695493 1874845 1879825 1868728 1689051 1798866 1880720 1669690 1872109 1660886 1861214 1923810 1682443 1732609 1792204 1898756 1885118 1900204 1671581 1866706 1838939 1757561 1834342 1934704 2084194 1791823 1680703 1794239 1845675 1727679 1724189 1661499 1932763 1683997 1837104 1975618 1837608 
1938981 1851801 1582919 1680836 1881848 1954521 1862197 1947596 1912612 1738080 1740569 1789369 1872436 1777750 1762313 1900384 1667262 1848502 1829855 1763815 1702460 1948166 1808176 1905586 1961272 1770989 1816694 1764478 1782650 1837779 1773894 1837136 1693007 1763242 1769486 1903562 1858079 1656868 1701874 1890544 1591840 1720475 1873386 1881178 1906492 1980489 1770260 1811953 1960063 1961568 1846679 2044781 1693989 1835173 1773696 1945575 1832271 1770085 1950021 1783688 1793144 1992425 1702371 1751968 1803249 1597952 1600871 1683814 1958790 1838914 1889920 2168730 1906661 1876199 1930772 1829062 1770568 1804503 1889151 1799584 1882898 1784299 1959186 1729546 1768781 1694990 1830237 1647084 1848025 2024588 1848325 1587031 1737659 1800261 1832223 1674024 1741694 1883739 1951743 1672276 1708504 1931440 1762349 1578586 1565386 1795961 1944901 1795118 1844176 1843218 1820378 1714121 1804515 1897287 1858575 1829746 1793192 1908194 1812047 1875479 1900429 1944143 1764024 1882450 1750604 1811923 1770459 1783789 1840080 1874145 1991713 1784288 1735314 1871514 2055144 1734736 1693436 1822817 1895807 1794495 1606800 1762394 1841911 1745879 1999586 1765886 1818222 1666009 1809586 1934824 1781612 1739307 1814052 1776316 1879582 1926224 1899944 1649782 1802608 1850439 1882220 1719438 1839962 1782897 1908607 1905722 1901746 1640486 1741781 1940093 1761851 1813574 1704731 1856897 1872095 1675329 1851883 1777646 1860269 1879425 1836400 1647138 1851080 1853033 1772042 1774993 2062866 2069249 1790252 1720642 1861265 1797857 1822307 1734886 1564035 1893116 1738077 1829503 1931329 1888222 
2036301 1958823 1769252 1791616 2071691 2051508 1958264 2075190 1905381 1846056 1899622 1934511 2050548 1977173 1959458 2025691 1792495 1936135 1913478 1929460 1814614 2024560 1812643 2128460 2008224 1863890 1871555 1866251 2084265 1962481 1961555 2071775 1812762 1834041 1891502 2051831 1936029 1875882 1818251 1951699 1677140 1864624 2043987 2000984 2130300 2203932 1948094 1808269 2157197 2103713 1983842 2103878 1688064 1966728 1787894 1925346 2003630 1765604 2049076 1886141 1892071 2106261 1824960 1902887 1960814 1849973 1638967 1881148 2136120 1933602 2128489 2274007 2123967 2117637 2175419 1996980 1857397 1971568 2004936 1952970 1997185 2019197 2094913 1935121 2043440 1823840 1999017 1824832 1978888 2059463 1983144 1799359 1848347 1825920 1966017 1883944 1803500 2005484 2098434 1873235 1871948 2116445 1925180 1892630 1815936 1911138 2044011 1937214 1860050 1952440 1962539 1936640 2011080 1990520 1958457 1874618 1915393 1992486 1817400 2022546 1943562 2050698 1945286 2053627 1966105 1856324 1908479 1821350 1847743 2039819 2105716 1927994 1857147 1891266 2256050 2033698 1835419 1917035 1989994 1913484 1594970 1949189 2019489 1889723 2109851 1858380 2032044 1864704 1876695 2063694 1939296 1841843 2003680 1938912 2080588 1942437 1947876 1958038 2112034 2014108 2037261 1859435 2027752 1879699 1939137 2092551 2054393 1824589 1968712 2036978 1814340 1867271 1874241 2064798 2061686 1865018 1964275 1859014 1966618 2057774 1987747 1812560 1982133 1963907 1902962 1977499 2217959 2044332 1916204 1806691 1943626 2006652 1900368 1827970 1731007 2093349 1835949 1942286 2021648 2017355 
2007740 1986644 1675931 1785216 2075250 2036763 1859502 2065875 1889990 1890986 1863309 1911431 2053054 1873796 1885343 1944913 1811426 2039642 1980038 1890691 1843631 2051579 1866512 2131425 1959832 1900579 1909002 1952154 1927888 2011639 1996155 2037514 1769793 1837443 1938656 2062293 1975045 1896700 1880269 1998095 1710190 1867054 2039206 1971936 2111065 2170978 1882222 1837623 2026757 2025968 2083810 2107407 1756338 1927803 1835868 2028088 2010443 1778451 2052536 1981058 1959124 2002639 1746358 1914300 1992646 1804032 1768459 1892651 2065110 1938156 1994905 2287974 2119149 1982583 2112013 1947244 1795968 2010471 2132267 1879830 1979489 1870277 2045888 1855781 1944343 1921019 2051118 1830820 2034954 2142458 2071657 1755719 1887117 1899124 1956813 1838863 1874761 1971411 2001391 1867683 1845372 2058808 1852937 1785179 1787907 1919992 2039104 1872897 1972161 1963326 1871455 1917585 1947692 1979855 1923927 1902733 1905736 2068923 1815634 2033439 1939430 2058746 1883033 2034726 1963022 1935076 1963542 1863859 1976566 2034365 2080866 1895986 1870992 1858611 2285097 2015375 1713644 1938208 2011311 2006223 1595532 1888336 1934075 1839895 2098262 1794341 2007842 1864273 1871033 1918342 1784764 1747156 1990654 2044261 2091509 1956659 1953630 1771096 2059380 1882896 2102334 1830539 1937367 1837351 1942723 1994941 2117607 1753490 1794537 2045553 1875258 1932507 1705120 2092409 1980876 1792478 1984243 1924424 2013042 2056300 1959597 1858882 1885455 1956674 1964072 1864767 2111401 2211185 1832961 1864760 1905358 2010848 1915406 1808762 1712010 1947185 1863632 1930743 2116400 2102283 
2053397 1876103 1656710 1750490 1957780 1970483 1865115 1916612 1883976 1693297 1759074 1857627 1817518 1926191 1908625 1916604 1694183 1832207 1870979 1812998 1830337 1880123 1775683 2087102 1799552 1734621 1771414 1837451 1955309 1961150 1821843 1897409 1661784 1793002 1773183 1990642 1872772 1836012 1708891 1922248 1630250 1753783 1950155 1816448 1997353 2151945 1816532 1805733 1967779 1976716 1966242 2013185 1634446 1927690 1781420 1987964 1923582 1714658 1938391 1934964 1790506 2083006 1790507 1754239 1939283 1695657 1646497 1827589 1996629 1897916 2059215 2008549 1979368 2032290 1950469 1892446 1768148 1914888 1986366 1847211 1905334 1783895 1993028 1829207 1877236 1734826 1902321 1759039 1970589 2014938 1922125 1686549 1727198 1800223 1819165 1820079 1831603 1922776 1996047 1797432 1820265 2015743 1834636 1713801 1645689 1834386 1934231 1852751 1878881 1865210 1872528 1792916 1887554 1934167 1811536 1849646 1853806 1968047 1804697 1914431 1951104 2022347 1778254 1818086 1849375 1880973 1843683 1793085 1883015 1907309 2076536 1782512 1822173 1793711 2162777 1849483 1792312 1796280 1888821 1944868 1502678 1844781 1972815 1833936 1955548 1688479 2023164 1735528 1875931 1918938 1873678 1732249 1928036 1977640 2000034 1841128 1865714 1735881 1891171 1766656 2048176 1816721 1890527 1887566 1969448 1930887 1941531 1756790 1873625 1951583 1731190 1920859 1776898 1991009 1926391 1726817 1773782 1857244 1825646 1999737 1926676 1816513 1792566 1795986 1865172 1836175 2151996 2154956 1807985 1701508 1877614 1856298 1825118 1682460 1627344 1925088 1836940 1815156 2064751 1983029 
1917178 1826234 1585007 1774467 1888637 1949972 1809209 1848046 1882249 1723113 1700277 1861698 1843135 1886621 1853721 1941869 1781272 1781359 1915142 1821600 1751949 1889004 1824516 2001985 1888157 1765670 1845832 1712116 1842214 1911078 1802683 1883138 1648375 1748765 1812662 1960078 1887410 1750102 1796490 1936875 1573608 1835261 1901237 1988127 1995468 2036761 1858867 1768481 2036205 1969067 1970634 1989796 1647462 1972858 1765733 1937481 1930613 1807810 1903431 1938012 1732629 2030626 1675755 1842409 1923865 1690494 1615228 1736358 1906534 1793961 2011070 2093999 2036704 1987527 2050562 2005975 1799129 1838113 2006128 1921664 1919904 1757858 1993376 1794319 1844315 1693064 1979726 1700111 1940352 1906044 1904544 1666844 1840920 1814713 1866842 1735762 1821467 1871307 2030729 1790261 1785014 2077195 1863780 1772879 1641908 1799478 1876014 1758842 1887082 1832859 1809879 1775538 1862793 1973310 1840523 1806829 1876962 1916363 1748763 1981123 1851051 2029329 1807341 1892694 1928674 1816011 1848961 1896998 1852141 1902660 2037131 1749670 1736261 1782464 2142334 1812113 1718700 1903193 1884055 1820198 1540886 1837748 1940379 1794550 2047067 1730120 1923567 1726789 1802231 1963450 1729961 1658911 1836051 1832291 1959340 1903697 1863368 1719635 1923398 1872952 1937135 1758056 1913447 1789152 1918959 1924311 2015579 1706204 1824577 1980819 1665043 1795491 1674525 1842057 1914641 1689741 1900380 1822243 1935855 1872195 1883753 1643971 1854732 1809569 1727623 1887296 2065919 2097901 1861752 1742115 1849967 1955247 1852056 1694266 1713845 1920628 1797039 1805338 2027064 1931523 
2005965 2033010 1732711 1806310 2028468 2054557 1942828 2025513 1969622 1804851 1779995 1950855 2021321 1759789 1880766 2005972 1767464 2000623 1957994 1978273 1816276 2029848 1955602 2129252 1956980 1885507 1944052 1956766 1921497 1946851 1882628 1986007 1819145 1836766 1947468 2039346 1973552 1806292 1843655 2066892 1599523 1765638 2018637 1955171 2099129 2174080 1906150 1849751 2032412 1941781 2069102 2122132 1757122 1907620 1826988 2031276 1930168 1760781 1950132 1980471 1848991 1991060 1767621 1821268 1969174 1778006 1810593 1857662 2002178 1862794 2029656 2266310 2044099 2061818 2023480 1992820 1841019 1981547 1951014 1845916 2047661 1837186 2136153 1780346 1959131 1829427 1908450 1763318 1930044 2194942 1996274 1654160 1811245 1951270 1923956 1839314 1830396 1963835 1921382 1866641 1789293 1969925 1931412 1640035 1750619 1982423 2097076 1933078 1958198 1983722 1949779 1835498 1968508 1937155 1950831 1955135 1893199 1993562 1878754 2009047 1911655 2035837 1847246 2001162 1860384 1888451 1944995 1792122 1968457 2006166 2148587 1889235 1831133 1844408 2291995 2001859 1763511 2002057 1954067 2005054 1622509 1869644 1859161 1883086 2085573 1750627 1993366 1824635 1874121 1942093 1857493 1738778 1943886 1924130 2029700 2024891 1876800 1719258 2002533 1852545 1994048 1876808 1859427 1877842 2038655 2053703 2024298 1787492 1877755 1903483 1838534 1929618 1761266 2095186 2013542 1818524 1895854 1819483 1948873 2011227 1973709 1873585 1839881 2030542 1862554 1908440 2094405 2224951 1900153 1748220 2018386 1957080 1933406 1808066 1696304 1976608 1931211 1990804 2077459 2005369 
1974006 1869134 1663795 1673500 1889123 1915952 1834552 1977946 1948599 1792796 1722829 1915671 1917005 1793504 1846130 1955345 1752632 1846506 1928759 1859190 1742334 1972683 1841208 2085060 1978816 1796838 1746990 1812227 1881618 1874474 1873172 1932465 1700752 1810061 1809866 2010890 1847185 1674066 1856200 1907225 1657011 1664416 1895168 1899607 2018829 2168944 1833571 1868863 2039340 1925655 1991757 2086373 1719576 1849755 1757493 1927104 1888889 1731016 1988157 1825554 1724783 1977286 1720706 1871062 1918426 1726601 1636372 1726281 1975318 1918307 1959287 2226725 1932537 1887831 2059090 1927148 1776358 1822881 1840683 1791720 1960215 1763483 1992408 1808980 1810426 1779657 1942475 1688482 1863361 2026676 1916797 1701196 1786273 1846848 1932974 1839420 1826926 1877275 1834118 1740572 1853482 1901547 1847100 1701108 1661774 1874626 2031001 1850420 1897695 1964616 1903643 1812921 1831264 1966907 1870643 1825977 1839953 1916915 1762046 2016266 1906231 1980013 1798763 1879216 1821216 1856206 1894472 1761980 1883865 1863131 2023742 1802121 1837227 1779745 2112119 1905258 1671063 1882061 1942564 1880440 1621859 1842901 1895166 1785399 1919932 1829346 1925692 1748564 1770488 1857259 1860004 1629430 1844434 1834424 1887229 1904962 1824787 1689071 1950569 1783736 2056502 1694347 1874782 1876555 1954734 1944234 1977812 1782769 1776591 1919706 1770061 1764560 1838021 1992013 1942672 1689848 1855073 1767116 1826858 1931377 1886139 1763301 1827869 1835297 1708591 1873023 2035349 2056641 1729304 1829524 1770612 1901238 1794210 1721632 1735747 1901678 1767457 1912123 1998121 1913314 
2022716 1875326 1597824 1776802 1907535 1935820 1900445 1968674 1846629 1750112 1792079 1887745 1818630 1855145 1845970 1873163 1712611 1752253 1888756 1754295 1815970 1925011 1779985 2113367 1900138 1783652 1822185 1815895 1847793 1890819 1776486 1885024 1727420 1765918 1849997 1909374 1806650 1783781 1761092 1854255 1644686 1748164 2072999 1847987 1995251 2138807 1871315 1761157 1915323 1987649 1969270 1930706 1729442 1902959 1819298 1917299 1868992 1727641 1897076 1853347 1742844 2015581 1665238 1797910 1899325 1691293 1631843 1757935 1934550 1888746 2004751 2096207 2021568 1922366 2020001 1868414 1703102 1872211 2037079 1846416 1847397 1825110 2004251 1796937 1794354 1763977 1863954 1678856 1909515 2076725 1837229 1668650 1715023 1793482 1877593 1809806 1801584 1893141 1914069 1748408 1766586 1997648 1819347 1715105 1649011 1809116 1915379 1821057 1820929 1867413 1836956 1914329 1848381 1916611 1861760 1883720 1826523 1918026 1773389 1940489 1888933 2020561 1832442 1947157 1776985 1879166 1901061 1776645 1945923 1869150 2054753 1798452 1769685 1832207 2126349 1779934 1722965 1869316 1987875 1870200 1536972 1786974 2024658 1801312 1877155 1728706 1943597 1796251 1781062 1844818 1775099 1656616 1847807 1885005 1876062 1879434 1778887 1747996 1893402 1833636 1978802 1726892 1933311 1845114 1937175 1904338 1934897 1770838 1799403 1996253 1862186 1866054 1708899 2001132 1913246 1678066 1796958 1865181 1870240 1915589 1957186 1765267 1815285 1921418 1795968 1841359 2031345 2004475 1809882 1785824 1896066 1942776 1778116 1702758 1673533 1951460 1753638 1789428 1983642 1956948 
1980864 1945350 1789693 1704774 2004812 2031885 1884068 1991023 1897581 1892090 1881408 1914575 1948025 1941816 1907286 2009998 1868723 1752357 1923027 1946328 1814210 2031974 1848352 2121677 1932365 1911471 1815053 1762862 1909317 1930760 1833006 1923284 1750033 1874134 1889220 2041012 1936251 1844554 1799136 1977026 1648653 1801628 2042582 1942601 2058820 2198199 2005900 1873405 2059348 1989495 1962453 2138886 1782921 1933363 1863050 2051113 2017495 1799224 2100761 1993229 1896349 2102257 1769117 1812419 1982319 1767245 1707696 1914194 2059452 1949428 2197393 2220100 2000258 2072764 2085642 1912151 1790209 1916439 2029384 1901226 1984611 1908577 1983308 1981448 1953992 1834721 2065064 1848291 1887105 2054291 1949989 1757366 1875431 1914099 1964539 1886246 1838879 1930079 2114960 1826905 1826306 2110926 1934621 1699774 1659984 1857253 1986874 1921003 1938425 1898746 1939838 1874708 1995272 2030558 1974171 1872662 1846767 1987731 1959460 2014322 2041475 2025130 1820438 2079242 1882619 1956417 1871415 1867502 1961667 2003499 2063651 1894151 1820285 1963130 2197611 1859106 1783794 1869653 2103406 1970840 1647176 1866310 1940630 1885638 2055829 1863904 2039607 1843314 1847105 2063651 1859839 1782664 2001790 1851259 1958537 1996634 2006850 1789130 1953802 1976783 2013129 1816958 1954473 1863493 2012443 2071438 1977321 1811470 1986322 2044807 1802691 1899456 1824697 2067416 1957786 1877175 1960329 1943062 1939996 2058395 2014546 1802768 1924368 1960383 1886190 1958087 2127539 2162950 1964406 1853784 1975036 1970798 1957883 1778754 1787066 2037902 1870215 1918340 2117337 1897503 
1958246 1806573 1644511 1753425 1906977 1914569 1848302 1869057 1895808 1717734 1741375 1795792 1822515 1789913 1746841 1904093 1766639 1769488 1879905 1811724 1680601 1899584 1831371 2055215 1929549 1790064 1766938 1803786 1913544 1891264 1747888 1850681 1716055 1822242 1831432 1953177 1790823 1776217 1708398 2000192 1638540 1767345 1921557 1838520 1973721 2049038 1777374 1727811 1950189 1864840 1895894 1993919 1725904 1850546 1757264 1898204 1829631 1732833 1857028 1825175 1686384 1872185 1618536 1822193 1855747 1668484 1599304 1723982 1799251 1852369 1973394 2093240 1930733 1989301 1961537 1968495 1706872 1815247 1957027 1740173 1844464 1730358 1905350 1644262 1715289 1786299 1952023 1722132 1869759 1991952 1925762 1683257 1782640 1885031 1863136 1843071 1737661 1881444 1865026 1769211 1725200 1946708 1846776 1697516 1563422 1837924 1847680 1768043 1864696 1874057 1836635 1851369 1789226 1880644 1868499 1775257 1839590 1866145 1717149 1931842 1874067 1999301 1780788 1928548 1880202 1791986 1871690 1895068 1854614 1872122 2018411 1735524 1803361 1815808 1988139 1782339 1703192 1908557 1865247 1933035 1559158 1759354 1870264 1700358 1972072 1753732 1825299 1827954 1779653 1755695 1781474 1634804 1867015 1886550 1843905 1900886 1818972 1688987 1888001 1757576 1926946 1797729 1937488 1679355 1844770 1862267 1871718 1739788 1827654 1931749 1755487 1779711 1698777 1911037 1927495 1663027 1840372 1863696 1802049 1834169 1834764 1714681 1750971 1916785 1825803 1707259 1965185 2051381 1772405 1741177 1799102 1882366 1739123 1774318 1731036 1821526 1805632 1887621 2016605 1910010 
1943212 1694731 1540035 1624580 1780630 1843817 1789192 1799219 1765890 1705423 1739011 1768698 1706498 1753788 1738883 1735073 1521477 1779206 1737196 1732341 1723894 1839587 1721830 1931963 1845052 1764129 1794208 1617579 1809643 1852502 1721389 1731974 1657275 1692639 1763157 1930087 1790726 1712200 1601799 1828297 1557211 1680449 1781513 1847339 1868692 1919988 1740268 1599208 1893654 1896709 1769178 1830964 1562497 1859160 1749934 1877101 1746683 1624839 1790971 1711446 1661284 1874710 1687777 1662580 1715733 1609406 1535489 1751399 1701818 1667730 2001443 1994765 1918001 1857774 1832464 1690458 1781000 1758706 1833529 1754695 1790123 1637938 1839916 1705366 1788647 1632146 1754094 1644723 1879759 1941948 1793247 1559112 1744494 1697528 1867033 1718168 1742760 1740028 1864788 1727585 1681358 1848982 1703892 1550899 1613737 1769308 1801672 1738091 1847642 1824931 1744821 1774470 1729767 1827507 1822876 1794275 1634418 1901709 1680386 1789684 1697055 1909651 1715594 1889086 1699824 1844974 1719717 1692849 1752355 1795842 1853687 1671415 1668423 1777654 1988022 1796952 1495767 1818255 1841925 1874898 1501777 1713927 1850634 1732706 1910924 1628068 1866437 1698301 1729398 1893928 1696212 1565419 1771123 1780917 1815561 1859014 1816351 1630748 1795074 1756251 1839848 1691684 1878386 1703424 1768883 1848725 1729893 1690163 1753101 1844192 1709120 1840571 1606251 1856861 1767102 1608771 1746960 1729175 1788092 1755578 1792510 1618789 1762837 1738591 1816407 1629008 1944041 1980552 1823838 1635945 1813523 1802328 1722587 1759408 1452237 1874697 1650424 1729826 1935464 1838660 
1858182 1750952 1581246 1606705 1815621 1838058 1734323 1822431 1740819 1691778 1584838 1706905 1800516 1721891 1658730 1843189 1723331 1738672 1798285 1754634 1632188 1741983 1814726 1972349 1892850 1736241 1795133 1744687 1778862 1752554 1737125 1857818 1673980 1624762 1633791 1858842 1815370 1674578 1662559 1873104 1495373 1628367 1886041 1798967 1909747 2083602 1753939 1646328 1925996 1780319 1815171 1884050 1571472 1873265 1599566 1836900 1804234 1605795 1804744 1748794 1747686 1827978 1639462 1731259 1859525 1621335 1669539 1700455 1836837 1721767 1975292 2041268 1874296 1831213 1898237 1736250 1635986 1757380 1769520 1672808 1847069 1689012 1868121 1692988 1798835 1634802 1772245 1576127 1785038 1979338 1808032 1550520 1718629 1732301 1750645 1654231 1689513 1814762 1812405 1689495 1731158 1924701 1716357 1544725 1597710 1742817 1868700 1704023 1812479 1764453 1696848 1687566 1677111 1785512 1769611 1719643 1686856 1802792 1605411 1788806 1829442 1878542 1722992 1826960 1784298 1705651 1755043 1631506 1661826 1742362 1932792 1720174 1685060 1687692 2034166 1688169 1580347 1703778 1835099 1803612 1533445 1774909 1788241 1739018 1891951 1655841 1749350 1676717 1716129 1807925 1762833 1576426 1806988 1685577 1771896 1876874 1785765 1624146 1868674 1758776 1755189 1661321 1743693 1789456 1845407 1890088 1915579 1580318 1772623 1868828 1720448 1672349 1658150 1894286 1840217 1671180 1712986 1754896 1810754 1822776 1817074 1681414 1722334 1673210 1669683 1815432 1938476 1960998 1767271 1698392 1783725 1736846 1709254 1629811 1494497 1816067 1738191 1709399 1850174 1853457 
1909317 1843810 1580211 1661511 1810925 1823176 1752323 1860364 1769837 1705648 1669634 1729462 1773980 1754878 1743854 1883058 1628046 1725098 1817974 1760367 1618873 1827340 1718997 1956540 1808250 1726516 1622238 1734133 1858945 1759585 1810635 1857657 1598325 1639060 1724884 1778108 1713875 1714254 1684430 1884342 1511193 1644794 1841694 1766000 1916504 1976320 1824072 1739162 1907935 1835983 1914513 1951477 1537506 1840239 1758646 1826158 1819613 1730025 1792844 1788711 1728135 1877796 1672393 1774173 1813303 1655356 1570028 1812266 1802419 1814524 1903414 1974137 1859780 1869031 1931821 1847914 1726596 1862095 1809526 1718475 1814837 1693714 1829414 1699180 1675816 1613181 1926012 1668823 1832475 1863947 1912245 1662075 1664127 1736703 1774416 1731879 1698560 1802763 1895847 1663481 1808425 1880035 1654593 1607522 1589267 1758878 1873064 1754131 1728575 1810084 1782924 1768193 1740164 1811861 1840660 1766810 1814542 1839346 1780764 1741626 1756645 1926917 1719064 1865888 1830860 1686209 1737787 1711324 1851834 1768147 1949409 1640997 1757348 1659212 2026192 1712405 1672169 1731134 1737635 1780695 1424347 1679647 1776511 1705315 1871205 1709318 1925232 1726619 1756360 1735770 1757364 1606348 1789501 1753350 1802771 1766282 1782868 1655708 1924334 1647005 1932293 1752418 1898739 1664320 1822617 1868610 1787021 1628926 1698107 1869778 1633824 1798228 1697563 1789486 1794312 1707406 1779605 1725356 1808642 1808279 1734928 1702223 1810412 1795703 1679805 1736083 2023195 2050767 1772419 1604485 1762403 1808328 1704595 1721691 1643789 1919675 1613900 1777591 1929972 1829586 
1956396 1861560 1605543 1738580 1942731 1890644 1869135 1891025 1880877 1873130 1725700 1902337 1829761 1782778 1811683 1968974 1685443 1934382 1928703 1931425 1800929 1909529 1811384 1987268 1852690 1763852 1787951 1827965 1886550 1984604 1957384 1794397 1669884 1807856 1769196 1918563 1878847 1782839 1773886 1985744 1617805 1813295 1977815 1869959 2070065 2147899 1796221 1763518 1964079 1934890 1942781 2058484 1672369 2005096 1764533 1978976 1894860 1769651 1933209 1941296 1819133 2045066 1796222 1860429 1926800 1737829 1554092 1872267 1894126 1850127 2141319 2116081 1952702 1932732 2021258 1861960 1881426 1831828 1959830 1894263 1915643 1809886 2042597 1708439 1771562 1775789 1884042 1744228 1912125 2006341 1974230 1690101 1797668 1737817 1854148 1717675 1862269 1857780 1956088 1755422 1774891 1955855 1793996 1654365 1647135 1836496 1863195 1888222 1925582 1933530 1792131 1851870 1859422 1892979 1878868 1878560 1772164 1939135 1824655 1944765 1777670 1996658 1806643 1984087 1816433 1825565 1810432 1801178 1978393 1910776 2128985 1830120 1820841 1792578 2092538 1880877 1693182 1921455 1893155 1949913 1664554 1840407 1991462 1813115 2093023 1667283 1943593 1725234 1772071 1939792 1795721 1673877 1826633 1865965 1912824 2004525 1875293 1712761 1907784 1737148 1971919 1742271 1940892 1828585 1962468 1926446 1928079 1677386 1840135 1931942 1748979 1894044 1649275 2015057 1910222 1778478 1909331 1815906 1856606 1963658 1884292 1828261 1840130 1835459 1891816 1838198 2137442 2099618 1957205 1783916 1846505 1896204 1853678 1708862 1693150 1835677 1817210 1896476 2017195 1989560 
2032468 1851020 1665704 1741278 1892345 1865286 1883928 1940104 1805358 1806758 1671698 1868582 1896653 1911748 1734143 1898858 1751773 1849828 1934013 1899159 1670040 1915287 1821970 2102121 1915961 1727301 1685284 1794825 1869709 1844554 1796479 1917432 1743894 1782582 1754247 1934591 1801510 1753436 1762680 1915119 1601833 1788344 1956469 1862667 2036700 2063544 1869553 1793202 1990218 1837115 1909470 1978521 1679219 1972898 1779051 1887944 1926824 1774261 1976387 1784537 1829522 1935625 1792991 1809750 1900992 1681665 1687383 1774356 1967508 1831107 2000157 2157407 1921903 2027760 1918893 1890860 1865424 1990628 1922271 1737110 1919555 1758259 1883201 1746820 1897726 1643745 1928132 1810970 1737217 2142800 1912058 1714079 1726188 1789974 1765748 1693671 1760208 1860301 1903795 1684199 1859092 1922065 1863069 1662902 1599154 1868836 1930907 1849241 1926217 1807212 1773186 1855882 1849210 1925328 1832091 1866032 1806842 1978322 1757380 1886483 1719144 1959417 1758084 1897639 1944731 1862802 1794307 1807365 1893733 1940079 2035219 1915768 1729501 1805341 2118220 1871299 1746689 1923620 1803290 1922397 1554824 1892662 1877678 1805782 2063639 1719092 1913199 1795131 1814753 1890406 1707121 1652302 1903808 1876536 1928561 1871888 1919992 1661034 2001176 1783028 1932874 1823651 1859511 1706428 1891312 1893532 1855636 1714425 1754402 1913359 1737649 1846183 1715990 1982882 1880955 1690651 1823628 1806614 1878501 1944459 1859205 1737929 1806711 1880817 1778653 1848576 2029130 2136504 1872248 1699190 1862996 1887084 1902273 1801202 1770905 1965025 1773594 1823775 2074113 1920604 
1991228 1807442 1641120 1619680 2007703 1975239 1825388 1900415 1835505 1646469 1801571 1851125 1931853 1795971 1825364 1917843 1743398 1869576 1919122 1887895 1725722 1931510 1716279 2166961 1904741 1842936 1803848 1821745 1839570 1893895 1823359 1968043 1661553 1866706 1767190 1942903 1974368 1774475 1743934 1866799 1549496 1855898 2043314 1936646 1991629 2109376 1858734 1829824 1958525 1997379 1912352 2022968 1583898 1945613 1763814 1924187 1904479 1765668 1986420 1917795 1779949 1934391 1745909 1702462 1934666 1641919 1666961 1787890 1815105 1805218 2061794 2047345 1983569 2044877 1921665 1884890 1785632 1849562 1939114 1859751 1837037 1856183 1962861 1737876 1905215 1679083 1971249 1771519 1907005 1922569 1873940 1696014 1822152 1805952 1823287 1739684 1799160 1847987 1990311 1780017 1830397 1998481 1836392 1680864 1627125 1855108 1824127 1860347 1912417 1957627 1754411 1841285 1856735 1944308 1905738 1904208 1817192 1922114 1852059 1877328 1861628 1864015 1760602 1901291 1855128 1903908 1763391 1813950 1898646 1912143 2050052 1815350 1744307 1784042 2183369 1848265 1669680 1814599 1909788 1929563 1565842 1840265 1933176 1831241 2059941 1716229 1975849 1797675 1809338 1916459 1847487 1676026 1883248 1905254 2047638 1845558 1907830 1710254 1901367 1812682 1949044 1757466 1864196 1865039 1896825 1953639 1922739 1706360 1916376 1937838 1743960 1862211 1795619 1996721 1879389 1663328 1868295 1832317 1951832 1945433 1950102 1790052 1823935 1839879 1788189 1831294 2038579 2031617 1834348 1777345 1903805 1905795 1820834 1681257 1612697 1902181 1763109 1806189 1960579 1904837 
1833611 1888599 1556062 1641222 1852180 1865469 1817313 1892795 1805754 1771391 1603400 1808340 1770646 1686050 1664112 1935951 1654524 1833295 1883982 1742343 1691117 1854972 1705560 1946703 1801598 1758887 1704817 1686765 1821858 1783206 1809734 1863891 1723505 1656876 1724514 1889021 1832375 1652744 1810407 1909617 1476944 1637058 1829975 1865048 1925209 2019854 1776784 1742239 1914952 1854993 1812131 1919721 1641872 1907014 1636439 1835312 1837366 1724783 1842937 1779316 1762633 1934761 1714117 1675020 1843382 1624644 1602470 1786193 1881683 1800419 1902619 2090096 1850337 1831977 1821039 1825611 1729491 1750896 1786737 1766557 1875249 1675738 1854308 1743673 1758652 1679220 1850280 1682072 1796796 1851054 1789068 1592820 1735451 1762179 1837492 1618151 1750003 1823561 1860202 1731827 1742078 1904232 1695210 1572857 1611617 1735689 1858608 1906297 1837623 1827860 1769085 1800550 1829844 1797258 1824473 1879969 1780292 1845307 1774272 1841207 1725360 1980129 1730610 1847222 1699333 1731807 1816292 1667636 1861499 1785269 1967612 1702509 1670137 1726216 2049082 1814943 1604115 1822871 1843833 1877828 1526249 1787953 1778568 1727516 1897588 1707823 1864177 1696967 1697678 1841838 1636061 1537040 1823682 1844851 1868530 1791859 1820682 1650243 1853999 1733665 1970032 1722835 1819160 1716351 1893422 1860317 1924743 1696416 1697123 1876529 1594501 1707178 1666219 1912576 1790250 1714632 1779214 1775396 1802146 1798655 1782252 1635634 1831114 1818316 1676742 1731962 2016589 1980130 1745834 1677030 1740650 1800229 1821766 1596061 1634825 1832141 1678438 1838005 1916627 1876642 
2057072 1963283 1782494 1751375 2096793 2117449 1922515 2134626 2038716 1960513 1894323 2030362 1953265 1947126 1962911 2086503 1859789 2050495 2059307 1951822 1975502 2000792 1942300 2271578 1996163 1958392 1912368 1914687 1972399 2063878 1929273 1973885 1751370 1875076 1925102 2109852 2078666 1812934 2028475 2111799 1677322 1963505 2195540 2040072 2114496 2286471 1982165 1863425 2099114 2155140 2113277 2209499 1766281 2103116 1885142 2136943 1934993 1857330 2069532 1982697 1976613 2147645 1913133 1940766 2038475 1767754 1659876 1974515 2048902 2124320 2139833 2288738 2112748 1990837 2141548 2098288 1781604 1991162 2083091 2034209 2037760 1904163 2084306 1910946 1884313 1812283 2174334 1904338 2074990 2101005 1988103 1914788 1943912 1928003 1953297 1864842 1847045 1981324 2122575 1785442 1834786 2126665 1898603 1853160 1815093 1976870 2073522 2021028 1992855 2062830 1987494 1970874 2078938 2011240 2069645 1980760 1984086 2077116 1890422 2046552 2029778 2196618 2082721 2089379 1972463 1954410 1917276 1921957 2090102 2107009 2180318 1919476 1968358 1868103 2216488 1970924 1852772 1944002 2053171 2003933 1714315 1932841 2001770 1921105 2103222 1869965 2103606 1892788 1923000 2029049 1975518 1766976 1985327 1936413 2066703 1987137 2060318 1840220 2061593 2074822 2139362 1878348 2080012 1934783 2145679 2172063 2092077 1810911 2016411 2069533 1878771 1844211 1795356 2144996 2036911 1915357 2045570 2004536 1991978 2089495 2059742 1935247 2056877 1973649 1914873 2010146 2228390 2242734 2011505 1921111 2041453 1954490 2061589 1953525 1802970 2098181 1888205 1909106 2139440 1998080 
1980525 1881268 1781928 1783461 2034226 2036284 1833071 1991356 1855878 1860953 1783075 2015877 1882899 1940518 1788288 1961370 1848755 1946860 1972305 1896258 1839101 1959985 1786665 2089814 1932734 1822722 1851862 1844793 2005352 2004320 1953900 1914146 1780469 1809748 1949021 2026375 1968618 1820467 1827173 1973732 1730158 1872205 2032235 1944248 2076815 2225721 1905928 1887372 2064058 2032036 1968432 2098637 1769855 1978931 1856728 2068428 1951420 1787488 2093188 1932930 1827301 2140562 1722942 1852403 1973351 1743123 1629956 1895463 2079043 1907458 2213000 2138949 2017016 2078222 2116666 1972387 1823971 1918587 1997774 1789788 1941118 1786375 2033561 1875936 1903635 1807912 1977904 1816621 1912666 2123357 1931730 1686949 1839284 1818482 2033941 1857067 1922525 1859956 1895782 1749856 1792028 2045466 1848154 1813333 1762350 1897284 1930349 1949540 1934892 2012911 1807023 1906757 1973212 1960966 1948018 1965466 1910005 1985882 1776335 2004744 1868339 2044644 1844135 1973405 1995732 1948108 1976048 1868413 1936141 2066048 2131303 1823285 1869447 1879185 2145421 1939517 1779188 1992911 2064054 2031023 1721103 1871464 1958547 1867823 2059511 1814866 2053126 1788251 1930457 1963145 1845698 1785794 1909799 1969076 1998182 1998345 1967801 1842942 2080077 1860030 2064685 1797846 2013602 1873313 1987338 2026281 1997130 1817709 1879085 1947571 1815478 1898834 1803440 2029305 1998321 1820126 1917871 1867745 1976693 2008239 2036485 1869460 1857026 1956378 1917803 1850009 2134594 2153491 1908223 1776469 1954000 1928536 1875303 1895485 1730194 1978130 1924386 1938475 2127694 2030982 
2025740 1885411 1648326 1791663 2016079 1956086 1873267 2008425 1888126 1738074 1806910 1956710 1981924 1915830 1878993 1969563 1790791 1839807 1849254 2011821 1765373 1995446 1877607 2122339 1994983 1842020 1794292 1863756 1852442 1857135 1923045 1941381 1733050 1836723 1797230 2027146 1866743 1709086 1793094 1967676 1649794 1814889 2039684 1990245 2147163 2169867 1903176 1774073 2048773 1909257 1883686 2104115 1661768 1947456 1871313 1945325 1988361 1734037 2089172 1929194 1906836 2045552 1760738 1773612 1891006 1889543 1645942 1876649 2070940 1862777 2068130 2245051 2042900 2131136 1976201 1911052 1769120 1952636 1948151 1857058 1975630 1898941 1973810 1833859 1942903 1879697 1962646 1837822 1929626 2086533 1862896 1786577 1737629 1842197 1912502 1793207 1836927 1984372 1981845 1837537 1795857 1981637 2000423 1731139 1681988 1929357 2045258 1894843 1948017 1797458 1813585 1867630 1902883 2001212 1854697 1851081 1888630 1953561 1847384 1960443 1921028 1983154 1917191 2026225 1846238 1795046 1861867 1900025 1830737 1991967 2118877 1948946 1876134 1869026 2143827 1909253 1782637 1882976 1915834 1960075 1604020 1856506 2062633 1837417 2094454 1754572 1901468 1772461 1844201 1901024 1814512 1691058 1931061 1942441 1997069 2024153 1886062 1803726 1956681 1898973 1954753 1774419 1921168 1829446 1888599 2023449 2011043 1859293 1849773 2017536 1768981 1874569 1798316 2004614 2015825 1738524 1883997 1808567 2056452 1980264 1961393 1718415 1877114 1909118 1881573 1786908 2142515 2119870 1935248 1791786 1866334 1920565 1774624 1777945 1730126 1939108 1779607 1926521 2053926 1931374 
1921164 1877436 1675801 1770076 1958541 1950157 1942949 1931887 1886278 1776919 1691348 1770169 1858482 1828934 1813719 1985470 1676000 1962520 1908265 1927180 1770667 1969876 1788734 2073147 1944366 1742774 1720963 1784796 1842147 1857428 1838497 1850633 1799963 1729939 1755746 2015001 1857350 1730484 1831250 2014244 1668032 1824428 1883629 1913103 1980232 2025365 1802649 1814889 2036946 1937675 2028557 2029753 1753756 1884479 1830272 1963839 1783119 1694693 1967514 1829792 1814924 2018671 1691748 1817573 1910963 1677752 1527593 1828679 1917181 1864396 2037634 2175645 2031016 1901364 1995905 1923952 1815418 1838819 1864137 1796737 1909067 1751405 2010244 1816470 1838964 1796700 2003879 1657906 1909058 2041876 1891607 1622230 1835396 1804070 1962194 1710502 1837106 1939502 1907059 1756368 1743440 1997185 1837307 1673185 1626782 1905889 1971685 1789466 1918071 1966655 1846530 1889025 1961138 1948912 2002353 1823028 1798087 1954940 1817821 1894830 1877340 1980258 1825790 1995421 1807303 1923426 1867529 1848394 1919430 1933898 2112152 1744946 1794784 1805070 2058321 1806266 1712793 1992805 1881914 1911000 1589277 1852552 1900192 1752470 1994703 1821686 1935037 1768632 1861763 1924891 1795300 1739253 1914428 1926716 1996472 1868471 1919595 1711241 2031080 1833976 1996396 1777995 1888665 1755422 1949109 1963472 2007172 1767888 1752528 1934023 1823707 1877519 1731246 2036768 2001137 1731816 1792294 1894889 1899270 1873206 1903540 1722250 1815006 1921760 1862737 1844470 2078539 2096421 1790510 1751053 1849823 1864926 1844798 1928356 1634828 1958698 1782000 1949196 1952019 2020362 
2018685 1987548 1709141 1732812 1992985 1989797 1919677 1990363 1853464 1796842 1771874 1830133 1848178 1867792 1850869 1953107 1746204 1900496 1852407 1931270 1701622 1977691 1826659 2106879 1910677 1819150 1773595 1770740 1850859 1840834 1873338 1950132 1806521 1783015 1793884 1988291 1891824 1853068 1789571 2006398 1568343 1798429 1995674 1807060 2056859 2216293 1839126 1860600 2069063 1926849 1971017 2023509 1692984 1936895 1746010 1930726 1910926 1674912 2017547 1941322 1834708 2065728 1793728 1815960 1852871 1788172 1722664 1847066 1963494 1845776 2071010 2146177 1910540 2015360 1998959 1855886 1764455 1954959 2047495 1774944 1932685 1903949 1961409 1913176 1909937 1772453 1950814 1834745 1933330 2048268 1839682 1711032 1794890 1838970 1829424 1739326 1783402 1936258 1975663 1781751 1905625 2075678 1795305 1701734 1636818 1848655 1913770 1811288 1905854 1918224 1842539 1821600 1855956 1813978 1871511 1855434 1880670 1976791 1729609 1900078 1924090 2000436 1799705 1968756 1908187 1839730 1830237 1776664 1919751 1972808 2054779 1844139 1801963 1892655 2179027 1891608 1762565 1949970 1909918 1974417 1588746 1873496 1945741 1827497 2018668 1901926 2034994 1773162 1931679 1892163 1780573 1709508 1974806 1950879 1891381 1915867 1872377 1717410 1969413 1804609 1976677 1757383 1903619 1769860 1940626 2000692 2003340 1757756 1874659 1959520 1753372 1835567 1741838 1962680 1829290 1801356 1875379 1841917 1951954 2027348 1890183 1816872 1915305 1836766 1860081 1793528 2105635 2136641 1934922 1836956 1858833 1934972 1911509 1856593 1655659 2029185 1753974 1857763 2038027 1950971 
2016318 1838007 1660220 1737576 1947389 1899777 1882444 1947758 1859970 1849120 1762062 1866886 1856506 1789718 1896249 1908537 1612599 1958345 1908858 1967586 1799869 2002829 1862235 2044910 1861378 1871266 1783127 1825879 1836553 1948250 1835771 1853730 1717491 1706137 1869375 2041184 1915163 1844253 1813889 1983996 1609882 1730493 2010437 1831966 1969183 2099616 1861544 1794498 1922613 1921770 1881574 2084896 1599175 1882207 1901038 1954165 1917246 1781796 1886627 1847899 1821770 2016084 1744258 1846087 1837077 1661692 1571853 1843050 1844190 1807008 2091903 2099397 2038120 1968257 2061094 1878339 1757621 1959025 1961930 1861131 1950836 1846938 2057120 1808451 1875827 1794777 1886578 1743346 1878928 1978317 1856546 1728139 1806959 1841410 1944776 1771933 1756807 1895761 2050999 1742736 1750593 2028696 1769268 1696769 1676980 1897568 2008855 1860969 1901804 1957014 1775454 1867763 1877953 1848769 2016802 1837363 1865050 2023143 1837049 1860423 1869272 1976892 1864985 1929371 1850176 1757174 1815012 1720404 1883161 1957965 2101320 1888739 1774239 1763777 2174030 1842353 1645733 1801813 1882591 1943579 1603997 1766823 2016596 1777345 2059424 1715718 1883731 1762581 1774170 1860695 1938275 1667037 1876539 1888032 1854721 1808588 1901472 1738169 1988205 1804308 1945831 1727884 1936381 1775638 1920185 1985523 1893014 1663358 1925055 1939081 1781208 1892508 1742401 1968973 1871843 1681695 1864430 1798717 1924816 1939458 1924297 1781825 1834020 1807043 1854879 1881373 2030164 2051820 1906488 1730417 1875896 1878074 1830444 1875777 1611547 1920291 1859335 1850017 1966357 1862282 
1863673 1727152 1577225 1621628 1815662 1886919 1753248 1879735 1761724 1586753 1678788 1802734 1802472 1724501 1702835 1777132 1622939 1708524 1788995 1801691 1644071 1765418 1614559 1940824 1770944 1704703 1746698 1716295 1767516 1755642 1613926 1843855 1603315 1722063 1726678 1900828 1762643 1702928 1685295 1769903 1466469 1683240 1888767 1847179 1844007 2017178 1700531 1700454 1817901 1844132 1830953 1886909 1629261 1778015 1613479 1758072 1772426 1625648 1779659 1724913 1710301 1867989 1671113 1713803 1798729 1573124 1557240 1651711 1850348 1783005 1774886 2012742 1820573 1818753 1902115 1790640 1594645 1670486 1805147 1775259 1748042 1613565 1878716 1709592 1775088 1548106 1933582 1658315 1801321 1867694 1731598 1653886 1664428 1681807 1758158 1718825 1638316 1768681 1792324 1584384 1635056 1852179 1753181 1575244 1588361 1773890 1754005 1764564 1741235 1851491 1580736 1757085 1762889 1669607 1762289 1608416 1768743 1852177 1638519 1822593 1736594 1805636 1731834 1768073 1734703 1603099 1713332 1592081 1774833 1881569 1908891 1717867 1665163 1708968 1984928 1769081 1593793 1781764 1809241 1840115 1443918 1672700 1770646 1671794 1868781 1727138 1759764 1631411 1641855 1717012 1744769 1540910 1719637 1808690 1874759 1721221 1795988 1578898 1877829 1750269 1779059 1604098 1752390 1597006 1813307 1788522 1809759 1662668 1774975 1784257 1620307 1590412 1621747 1868143 1825463 1641294 1774714 1743603 1700844 1742181 1785063 1651838 1651449 1782178 1779913 1775168 1912990 1910580 1674233 1561306 1758205 1682240 1739711 1755489 1673650 1784415 1709586 1739103 1955913 1748621 
2026531 1902431 1745865 1746407 1980157 1999405 1828827 1955509 1922923 1873385 1817907 1852399 1959467 1806119 1820315 1969040 1806367 1820094 1909019 1912626 1754568 1928723 1902304 2070755 1888464 1911659 1784075 1897929 1889507 2010880 1784514 1883347 1755642 1800031 1773918 1966355 1892788 1813559 1865644 1978011 1558438 1749729 1832217 1954753 2021098 2134197 1789127 1755694 2006724 1958524 1972208 2141630 1640272 1939909 1861521 2066490 1940876 1669379 1994904 1914999 1820292 1963437 1855289 1777587 1833243 1695412 1611588 1754948 1901528 1796986 2052682 2128510 1910277 1995494 2018365 1890976 1820969 1906865 1912667 1869235 1934516 1817641 1933544 1751265 1757011 1841407 1924825 1771941 1929150 2023354 2006254 1640940 1827713 1844104 1967310 1810323 1799145 1903256 2001888 1808120 1827097 1981039 1941693 1715290 1652803 1933609 1985201 1873097 1915579 1918147 1817955 1790751 1844231 1871735 1940628 1889944 1819477 1962252 1878276 1825138 1918295 1955736 1873367 1943020 1855266 1871979 1847800 1807845 1984106 1925787 2079898 1830144 1878093 1812295 2050531 1914027 1709375 1807207 1924444 1993490 1614430 1803859 1928876 1811995 2015520 1738749 1948216 1812343 1781550 1848582 1837236 1705624 1891076 1905219 1925574 1847500 1944390 1757507 1978500 1879236 1930238 1826636 1989632 1736877 1990458 1913413 2031864 1737364 1840116 2015269 1745779 1848859 1765289 1899153 1986885 1701748 1888425 1880534 1859293 2011597 1948281 1753021 1836253 1921641 1891990 1794457 2073180 2201710 1832965 1719611 1942855 1808998 1817344 1805389 1675096 1885340 1775712 1902887 2056205 1959055 
1920296 1741733 1580109 1669099 1776192 1811106 1855479 1843987 1735811 1649637 1706195 1710962 1721120 1864593 1794329 1827004 1615949 1779946 1854332 1786099 1630999 1835112 1735027 1990385 1856454 1667659 1697542 1683587 1771319 1826282 1725634 1805909 1627843 1729866 1659150 2001141 1754073 1738841 1661868 1873307 1559224 1593623 1888566 1781107 1879416 2059993 1748300 1754117 1915961 1823881 1795640 1888077 1658273 1750495 1629708 1832794 1819047 1721616 1863589 1765051 1670888 1971725 1644720 1600187 1712055 1625380 1554013 1642044 1816074 1688853 1944049 1996600 1924772 1898830 1829661 1796351 1736851 1806618 1824272 1742524 1805378 1761812 1910495 1700589 1763653 1686741 1862292 1652213 1731405 1862476 1705162 1650657 1723853 1687693 1840755 1654050 1690763 1801272 1876567 1772622 1693600 1860184 1823840 1651224 1501462 1763003 1856272 1722899 1749700 1729843 1652661 1849080 1828705 1859721 1765165 1782280 1782386 1735702 1707083 1841088 1706570 1852944 1753446 1866653 1815742 1683778 1849148 1673371 1726534 1878402 1920007 1723539 1713442 1731794 1978735 1686772 1557601 1825126 1828743 1872305 1515315 1757075 1862839 1809887 1905929 1722453 1798821 1622761 1720367 1823416 1716799 1660363 1757979 1789752 1807647 1798772 1747304 1676358 1844464 1774346 1868268 1758651 1845410 1687040 1828822 1831917 1974494 1745767 1770931 1857055 1643782 1715865 1700156 1841721 1878993 1590878 1835067 1785431 1814050 1795187 1773208 1608258 1707438 1720248 1792641 1743124 1970242 2035160 1766174 1702569 1775695 1897144 1726489 1641111 1614189 1893482 1718710 1825805 1894528 1795262 
1867479 1880652 1624024 1624945 1751877 1895613 1729890 1896166 1805260 1733797 1694516 1805614 1805309 1802024 1818502 1906019 1602064 1738901 1855555 1820178 1723105 1851910 1694237 1988472 1813503 1690120 1704575 1696866 1778679 1828076 1813533 1810356 1651795 1711051 1703806 1926869 1839109 1711596 1684221 1784290 1586267 1724455 1874998 1877161 1982152 2117643 1799592 1780433 1945680 1845383 1959492 1925665 1656042 1871833 1732368 1860220 1788824 1564154 1896288 1785299 1807420 1946337 1650181 1723518 1821678 1608225 1522738 1654677 1908954 1827782 1979537 2026340 1864847 1849239 1940754 1873582 1781503 1717323 1906657 1718435 1889257 1676455 1911589 1792437 1712070 1628142 1925811 1644392 1808877 1967520 1770063 1642577 1730564 1614892 1828528 1753280 1756628 1726898 1896411 1678496 1794805 1900714 1805201 1641518 1586483 1794254 1844916 1776594 1776008 1876776 1758602 1845167 1815339 1696500 1790083 1694861 1790515 1852352 1650960 1798027 1820989 2003750 1785773 1839619 1837645 1712729 1676203 1809251 1807007 1855492 1985493 1827189 1676940 1722750 2085138 1781630 1602677 1808923 1839897 1870086 1575501 1775583 1828263 1675149 1917922 1762074 1938767 1602931 1698160 1858723 1661729 1684775 1752574 1733026 1889299 1820050 1816152 1657514 1908610 1724909 1828567 1610968 1841382 1672004 1870198 1878960 1896281 1648422 1800956 1935124 1734119 1717769 1634624 1919953 1966084 1641156 1860149 1697851 1816428 1899640 1833721 1764464 1787546 1824338 1736475 1758750 2048583 2018453 1810317 1706309 1770163 1819824 1775592 1711040 1630000 1876599 1746883 1780608 1841209 1903639 
1946217 1807219 1675165 1793474 1929201 1931768 1889321 1976115 1892390 1710231 1714739 1911916 1847522 1839695 1791630 1909357 1752973 1876846 1886051 1800342 1698387 1842409 1842969 2047232 1853237 1854815 1860467 1714885 1903102 1913785 1854437 1857579 1681471 1730792 1788543 1990025 1844155 1816460 1839138 1977877 1680260 1735372 1913520 1924590 1999234 2149119 1851660 1777729 1991760 1981593 1913587 1960777 1691658 1841508 1798029 1986941 1860067 1719078 1961259 1954641 1809587 1945423 1779648 1760598 1821544 1618616 1609803 1779891 1897560 1822015 2033322 2170669 2002967 1912421 2049061 1851330 1822666 1781104 1898667 1834897 1917247 1763233 2002800 1722619 1758961 1707626 1862656 1740314 1950336 1978059 1940095 1737561 1819039 1886839 1920132 1811984 1771332 1921558 1930234 1765745 1790721 1969599 1881113 1646213 1726543 1846272 1938293 1808558 1885271 1940184 1878676 1752443 1891822 1857104 1950175 1868725 1765420 1965345 1790364 1935590 1888957 1923090 1890893 1930845 1857992 1878066 1783204 1766078 1867247 1894863 2058189 1738168 1819494 1809817 2110359 1961691 1734640 1775742 1903665 1995640 1522246 1839596 1891403 1817898 2068301 1755355 1973677 1801438 1759685 1847395 1861755 1608658 1841264 1809128 1937483 1885425 1781517 1637346 1975388 1917748 2023720 1750700 1958320 1818872 2009623 1958992 1925416 1725223 1841508 1963146 1742082 1841406 1709118 1881931 2001537 1744809 1884650 1828977 1868530 1976973 1949449 1791656 1789756 1925861 1828593 1861723 2156652 2137743 1853931 1702066 1956747 1920482 1788059 1746838 1643130 1932051 1775051 1826536 1971195 1854066 
1958692 1850459 1634965 1754627 1841632 2063513 1840895 1904656 1852790 1711503 1754855 1951991 1812090 1824326 1831737 1866642 1706151 1842160 1900957 1773360 1748624 1883652 1756137 1999394 1811233 1762643 1823765 1713835 1855887 1874299 1825534 1772707 1681910 1795429 1810341 1953187 1784686 1801957 1851944 1960724 1623294 1704825 1945647 1827520 1924808 2084172 1785010 1762482 2053253 1962469 1969637 2052622 1686931 1862700 1785638 1969561 1876464 1672384 1963694 1866134 1761898 1926608 1632779 1818891 1875172 1670988 1609249 1740897 1911608 1850664 2116612 2125411 1964953 1953735 1971034 1828305 1790240 1866637 1956446 1788576 1860213 1760699 2044390 1716515 1858883 1695574 1875330 1794794 1932357 1986512 1815310 1697623 1775460 1785982 1878080 1823539 1745136 1886720 1930263 1743417 1680910 1984588 1771148 1746050 1595773 1863789 1891616 1840277 1872882 1936038 1795158 1847096 1799646 1829190 1829144 1829270 1805260 1845837 1803181 1901967 1851486 2004605 1795222 1863070 1846634 1819222 1758667 1857072 1928569 1870472 2078641 1774163 1764935 1857764 2078883 1899049 1700469 1970927 1904492 1889705 1558373 1837249 1818395 1888008 2069076 1751831 1911429 1721684 1869306 1933686 1847349 1747005 1848072 1790736 1900462 1932581 1869329 1721998 1879341 1830898 1971000 1812364 1946712 1821857 1939287 1982904 1964161 1709811 1800051 1934573 1773558 1859622 1657029 1843002 1889856 1786605 1841897 1750986 1920282 1951420 1883808 1766855 1823481 1877247 1826674 1800089 2032939 2110486 1747646 1747454 1921982 1853476 1867438 1835697 1635341 1911521 1777003 1761742 2005669 1873209 
1915629 1790259 1728395 1822026 1943323 1997871 1823813 1971286 1849617 1707613 1773401 1852770 1910768 1864777 1789300 1902839 1656650 1877221 1817540 1773665 1794750 1925713 1768903 2066334 1877602 1847438 1733531 1707153 1858867 1835129 1760329 1846058 1697515 1701025 1842577 1966256 1836786 1845956 1868513 1984105 1606599 1684083 2017126 1846482 1958161 2115603 1780218 1772834 1965816 1947844 1992078 1995618 1638226 1836387 1793632 1939199 1791520 1783116 1883009 1848781 1828901 2008114 1642801 1736142 1939412 1617201 1586561 1796156 1848092 1869348 1996712 2119208 2009402 1952504 2001023 1820643 1781425 1823967 1910183 1839999 1959451 1759497 2034675 1801583 1874592 1703465 1881099 1738269 1848404 2004432 1808345 1671156 1820458 1796685 1840547 1745699 1770111 1961805 1879727 1788217 1759489 1985066 1802154 1594870 1660243 1819757 1957341 1798328 1895267 1886658 1856664 1834896 1868599 1766863 1928107 1855028 1888699 1872164 1754207 1889092 1905084 1997544 1760647 1873700 1811032 1802656 1832547 1812676 1819235 1937641 2013209 1756740 1719703 1787666 2167152 1822162 1701797 1770774 1885360 1930065 1543402 1885298 1893031 1833694 1918635 1831806 1919887 1744298 1801850 1917023 1791357 1593382 1950570 1740803 1882373 1818947 1919518 1668103 1992779 1860861 1948121 1741052 1936115 1750079 1998055 1913102 1945410 1681130 1807480 1872435 1726650 1847890 1719037 1976878 1869362 1735913 1838321 1836621 1894145 1870320 1863255 1769226 1823180 1820179 1818068 1871171 2108980 2079835 1787935 1714417 1864049 1957444 1764789 1742513 1562065 1946557 1742620 1763879 2012982 1858809 
1887619 1789810 1695216 1708578 1873833 1853204 1767625 1929798 1826446 1702756 1653151 1801821 1801764 1835666 1793426 1850916 1686317 1807102 1721218 1855373 1662031 1864093 1626150 1966709 1833542 1807240 1703793 1725338 1914964 1842309 1827969 1793590 1671171 1658417 1767860 1893607 1820014 1714599 1728282 1910401 1572730 1704713 1805280 1821871 1988688 2000727 1704172 1781663 1906185 1885796 1807198 1964620 1584348 1837387 1749577 1928104 1853107 1612210 1929954 1920627 1763544 1899405 1642071 1730735 1872154 1631084 1502233 1755369 1827625 1735955 1930751 2146560 1925547 1895521 2038182 1875774 1663069 1807191 1865991 1768931 1839063 1694641 1910744 1744671 1795449 1715680 1862151 1648511 1875025 1880606 1850321 1698852 1795213 1688362 1834983 1730503 1711799 1936317 1890344 1662323 1653629 1920400 1755471 1677187 1706464 1793596 1840424 1778133 1739500 1880196 1779461 1700393 1840123 1767682 1885895 1771260 1812819 1914201 1757899 1900578 1761975 1878351 1837311 1874388 1828166 1763137 1788061 1774326 1722149 1896367 1974115 1779637 1761974 1776901 2037904 1854989 1729474 1776120 1872422 1730513 1393346 1785276 1801271 1689310 1943819 1759677 1898070 1643646 1804073 1858808 1766267 1665804 1819967 1780414 1898350 1768568 1748830 1645390 1932861 1780218 1994441 1733555 1831581 1733622 1861230 1869786 1944867 1747875 1823571 1878546 1636092 1773923 1675328 1910449 1899629 1687450 1811076 1764863 1752861 1810990 1801210 1695729 1706629 1876911 1857194 1788342 1966592 1927620 1767060 1679214 1741902 1940289 1716442 1739146 1705168 1868153 1768096 1838871 2019472 1773253 
2051300 1784976 1698840 1745022 1933832 2063615 1818397 2001369 1865130 1766342 1744642 1913217 1892374 1831750 1782949 1901386 1805162 1885425 1908132 1861278 1786246 1956933 1892652 2156688 2007065 1828670 1870395 1770905 1931314 1984479 1901218 1851131 1827376 1857569 1934847 2119191 1830806 1777457 1919223 1981479 1626868 1811820 2033686 2011305 1996689 2111312 1913486 1831447 2028617 2000419 1932321 2052085 1752219 1935613 1826240 1957240 1876516 1780018 2074394 1853108 1793069 1946820 1744046 1833097 1913985 1663661 1654425 1888192 1876283 1798697 2099311 2175663 2065440 2057816 2117648 1909656 1765340 1992474 2003713 1854348 1925607 1848851 2051472 1772314 1912479 1763593 1907906 1787135 1922563 2020170 1872450 1668471 1855591 1784251 1964488 1849658 1894773 1943077 1943854 1786247 1833882 1987427 1835586 1734077 1774059 1981950 2024374 1908205 1994393 2016103 1895353 1829468 1842981 1876048 1994995 1962760 1911868 1985627 1783261 1938616 1850121 2045764 1913582 1961451 1908297 1835521 1902473 1864095 1863310 1998179 2116267 1775342 1821577 1862758 2230717 1883124 1699939 1896645 1924919 1950258 1700897 1791993 2012128 1915989 2108822 1824001 1973572 1876877 1887174 1823857 1898854 1674871 1846141 1881475 1920670 2012020 1935371 1862559 2048378 1903011 2013725 1785632 1992262 1854501 1946016 2059841 1955199 1728882 1821018 2006563 1882475 1920899 1749623 1980977 1985636 1794362 1838489 1875024 2008280 1911767 1979070 1881616 1867708 1908635 1875162 1959085 2169858 2108954 1888640 1841056 1985514 2004111 1878871 1832148 1654928 1988407 1800061 1890504 2038546 1965494 
1924503 1730375 1520473 1679331 1792279 1838416 1744590 1832675 1746451 1795564 1622535 1746180 1848101 1674059 1767775 1773612 1699195 1813660 1793983 1753877 1634643 1788987 1661424 1930826 1860256 1742511 1654249 1719744 1766683 1828702 1669278 1689699 1691061 1662047 1794018 1793557 1750255 1640221 1595716 1861396 1430225 1637865 1808931 1692528 1846542 1901768 1715274 1709170 1780445 1749003 1766907 1861848 1565222 1801366 1747256 1919825 1806182 1514742 1895295 1784017 1682844 1867799 1712299 1701483 1722800 1656923 1549174 1625811 1763596 1678676 1918298 2015350 1859406 1844173 1942326 1812834 1666398 1769134 1778032 1730825 1847558 1671813 1952765 1717466 1740777 1611365 1755621 1638648 1704876 1924448 1730976 1574971 1660052 1688151 1814491 1643593 1742603 1822677 1926425 1649921 1682164 1887798 1801666 1581779 1518844 1741494 1807677 1690829 1780332 1826634 1735732 1624440 1831076 1722551 1788484 1794343 1773320 1769827 1777950 1777007 1689694 1795803 1715288 1824493 1786200 1814205 1718179 1711769 1851066 1815949 1960075 1724458 1653243 1717202 1977199 1765268 1617110 1792505 1858219 1833351 1534430 1679375 1691780 1691507 1978198 1655614 1790166 1743694 1662598 1789511 1696628 1552296 1792154 1755417 1816017 1776421 1686797 1694641 1850861 1717299 1871282 1705133 1776392 1627772 1837741 1870752 1822518 1621497 1858031 1758051 1663514 1704200 1590839 1848998 1747800 1679550 1813203 1700313 1797723 1790060 1809817 1644407 1804911 1831271 1792846 1738937 1935265 1989109 1741611 1574535 1873245 1801188 1642677 1694854 1589542 1858679 1739526 1751827 1947132 1813157 
2001850 1817014 1635536 1722574 1907246 1906865 1833969 1898557 1812046 1716970 1728879 1805305 1796050 1775663 1772516 1937300 1779480 1793753 1815210 1863483 1734456 1887681 1765933 2059930 1922877 1788565 1779041 1794088 1804681 1803278 1731692 1821940 1720515 1811575 1721543 1937228 1805795 1730333 1790183 1884395 1587291 1742907 1907111 1865994 1873084 2035984 1751742 1758884 1949479 1971837 1982578 1997124 1675075 1909145 1789527 1961448 1873817 1726445 1970424 1804166 1721479 2002082 1691335 1804439 1888911 1610173 1633689 1700794 1867500 1862703 1960705 2041687 1931298 1946773 1952039 1886376 1717984 1806813 1885185 1790078 1815351 1699602 1918333 1784484 1810234 1641410 1876199 1741935 1865880 2012485 1865970 1579275 1887085 1764182 1930670 1752306 1856700 1850058 1928044 1725998 1810703 1929586 1849951 1626462 1609784 1918800 1809666 1802530 1829185 1869749 1808797 1731749 1843822 1882214 1821488 1852347 1880191 1926989 1791691 1881642 1936455 1951020 1713891 1819817 1880341 1801519 1769196 1786375 1838468 1911802 2035880 1853467 1740012 1806043 2050099 1789020 1642894 1818514 1872358 1844528 1504727 1728344 1835692 1785082 1991633 1708132 1920761 1718897 1781423 1857194 1767246 1748625 1821271 1841746 1928174 1875777 1861181 1694680 1918718 1756387 1870477 1707595 1787944 1714502 1886618 1922530 1902026 1729961 1766293 1942327 1724057 1760935 1718441 1856141 1844804 1722943 1808861 1799262 1907130 1906998 1818672 1701464 1818199 1852826 1834427 1834160 2084696 2025448 1823798 1777278 1835908 1886706 1776289 1780060 1680789 1879618 1751740 1900361 1946461 1881984 
1857526 1742229 1696427 1699882 1908318 1965529 1837903 1938583 1842829 1765492 1637243 1823294 1771261 1850936 1703780 1908024 1746989 1889746 1886830 1832189 1743085 1959687 1747223 2070556 1916349 1847475 1718949 1781665 1818422 1816926 1825851 1821172 1712006 1696309 1775303 1986158 1796533 1719255 1827406 1914598 1566885 1863817 1854441 1874307 2068754 1960080 1813764 1807627 1899095 2060541 1903012 2034841 1614684 1865827 1849908 1979627 1837247 1673835 1944527 1814448 1834122 1949118 1701358 1822040 1909648 1617182 1615156 1717866 1842055 1854929 2000223 2067886 1993437 1928665 2051997 1839694 1817968 1928112 1871075 1783413 1784252 1683088 1973726 1753513 1895999 1677963 1923177 1745758 1852148 1994729 1852958 1631697 1803943 1774067 1921096 1811655 1746508 1846255 1962040 1763837 1750136 1922071 1790187 1715031 1663098 1911227 1927890 1859547 1903395 1882648 1774075 1830563 1865374 1955075 1837648 1820377 1818246 1963640 1803637 1923807 1813960 1880990 1717121 1838256 1837846 1892542 1836080 1806290 1821783 1856737 1990094 1732786 1739753 1817005 2120018 1878953 1673858 1877274 1828128 1855919 1532133 1865067 1914350 1841502 2111757 1694222 1890369 1837474 1800090 1836001 1789217 1632821 1910424 1824790 1838117 1833633 1896532 1709108 1942036 1788738 1959869 1706752 1843437 1736530 1884202 1834858 1956285 1671350 1792004 1893318 1710497 1828609 1639720 1944325 1854128 1678877 1817994 1794584 1897306 1899593 1916434 1683887 1820868 1865113 1784324 1777629 2093945 2074592 1805279 1693819 1829190 1870892 1758983 1804512 1683821 1852941 1789266 1781666 1885441 1894322 
2100938 2027391 1809051 1789447 2156200 2080560 2012726 2092973 1982194 1865282 1926490 1914943 2038840 1948290 1979607 1978744 1832354 1889333 2016588 2030882 1930451 2103987 1858012 2106346 2079552 1926075 1840341 1806109 2009691 1956364 1915982 2057756 1826070 1941485 1916661 2149263 2002125 1952178 1888577 2093906 1718144 1914501 2081054 2016780 2201786 2195913 1959207 1944901 2147278 2112152 2060430 2167835 1803934 2001520 1938726 2058783 2082206 1864134 2076952 1994232 1970815 2036668 1824572 1864703 1992982 1871782 1727177 1860267 2051552 2048892 2135000 2287148 2079151 2091734 2138001 1978677 1869415 2037718 2038727 1864277 2051975 1905962 2071915 1932637 1900705 1859592 2120088 1861380 2075079 2137006 2017462 1843868 1972640 1950695 2024745 1890691 1910039 2008644 2122683 1854401 2006944 2202642 1963825 1831988 1753958 2014483 2081649 1882752 1963080 2042814 1942984 1951119 2044279 2029302 1960152 1929036 1993700 2096064 1901692 2011252 2157334 2078785 1968303 2004612 1934419 1976082 1905248 1879729 2028224 2095478 2097977 1936706 1880515 1981287 2258213 1978357 1855416 1964760 2022875 2028903 1616195 1962958 2011719 1919899 2025961 1899796 2117339 1827284 1930756 2084652 1889723 1881094 2027652 1958183 2137142 2028345 2025237 1805529 2045282 1974833 2110403 1938979 1987586 1870903 2053769 2030673 2108932 1897259 1940468 2094595 1813652 2001606 1844224 2034749 2030011 1794447 1993807 2010183 1924989 2101436 2024586 1863083 1975980 2047871 1993807 1921695 2202313 2239888 1951198 1845733 2027690 2089109 1948829 1862272 1853206 2046551 1927803 1938341 2113336 1988113 
1923954 1762697 1591436 1605382 1887968 1841387 1802846 1848829 1878494 1777691 1714258 1825904 1885193 1776367 1733910 1832259 1709924 1811688 1774349 1832173 1659369 1938237 1818651 2040648 1921161 1836095 1690677 1745135 1833579 1811228 1833784 1881165 1703043 1752774 1817469 1987784 1764509 1738120 1790731 1887853 1496469 1726339 1930916 1754174 2032976 2065210 1769012 1785987 1900323 1947218 1848825 1959527 1572257 1797625 1701343 1930334 1936624 1654495 1918907 1805493 1715746 1966245 1748775 1732530 1843598 1697904 1627817 1784052 1830366 1731118 1871597 2017118 1981088 1875880 1911174 1773082 1722635 1770246 1833672 1783773 1834892 1772168 1872227 1772090 1841272 1716840 1904399 1703998 1763275 1967953 1859721 1643539 1702567 1707176 1876672 1758637 1715411 1917143 1860068 1762335 1733034 1835063 1769117 1679958 1606383 1829424 1862467 1833641 1941976 1773309 1680795 1756384 1771489 1861177 1798068 1852735 1797539 1923094 1751554 1863880 1786625 1943432 1721599 1896848 1816832 1744395 1802176 1756338 1748679 1868376 2002104 1796637 1756398 1783871 2039202 1875653 1716574 1841290 1844381 1906030 1503457 1762108 1883000 1779161 1920719 1709259 1837385 1672409 1869447 1848757 1758999 1652198 1827484 1824877 1848216 1838300 1887524 1650089 1824866 1704076 1982552 1779803 1824521 1780430 1830038 1948375 1891760 1640674 1923229 1889704 1622320 1787832 1755900 1925248 1815687 1699065 1801286 1749812 1785854 1942808 1810062 1672839 1946833 1807456 1679379 1746022 1962037 2039131 1784192 1748755 1838845 1938632 1899875 1645834 1609498 1853778 1775034 1753672 2008311 1837196 
1938805 1912576 1611344 1729291 1936453 1884206 1843721 1957600 1828094 1758892 1703888 1855258 1813375 1871012 1816502 1970226 1648913 1837669 1871671 1846456 1738984 1912066 1690441 2064809 1851039 1828386 1692826 1686466 1880281 1798970 1833700 1918598 1711067 1698854 1806722 1896243 1779126 1731571 1662718 1857445 1609925 1724726 1985373 1854960 2083701 2146507 1794725 1785396 2042838 1991196 1934946 2020662 1663888 1837681 1825007 1967838 1874514 1686959 1890739 1910414 1827421 1922521 1663442 1709328 1785491 1670286 1589364 1768693 1963907 1860110 1998384 2053970 1895343 1919952 2011231 1919732 1900998 1879321 1935377 1732399 1907889 1860506 1964670 1799663 1896838 1699233 1877950 1608018 1845661 1937562 1904982 1675431 1722062 1754590 1869998 1689023 1756728 1842977 1879278 1759913 1789393 1905835 1805050 1707113 1676549 1872583 1936573 1766595 1707923 1884379 1721399 1827332 1852952 1856779 1941755 1782927 1774941 1951140 1798558 1799830 1815922 1861778 1801437 1885509 1862229 1902491 1772493 1803251 1977555 1853529 1967770 1791477 1776228 1725586 2023469 1799455 1686936 1859688 1867291 1820416 1543705 1827442 1876145 1716449 2055605 1736488 1938770 1702028 1740965 1880453 1722451 1750820 1851622 1859709 1979023 1843861 1772507 1688506 1925552 1798265 1893179 1735538 1908881 1738675 1832960 2010287 1912587 1764723 1780586 1867982 1762141 1817234 1732253 1953690 1885941 1697837 1904968 1778483 1827689 1915171 1887014 1762358 1809127 1806887 1768824 1895083 2081703 2034229 1876612 1730116 1851504 1842981 1775351 1796323 1646235 1950868 1771922 1881342 1971716 1869846 
1889647 1929544 1727126 1652801 2021835 1957741 1857825 1974013 1930596 1863879 1717934 1924332 1950441 1871997 1809340 1974063 1739797 1914213 1820180 1857462 1704568 2022089 1885132 2110576 1918565 1887281 1849271 1853049 1882286 1893543 1862140 1924086 1838712 1743203 1876019 2056751 1868245 1865813 1784272 1927714 1709112 1807720 1944530 1943346 2051783 2143000 1792104 1763848 2102416 2010646 1977450 2007796 1719583 1934399 1778509 1982777 2004816 1699732 1928678 1911443 1763892 2025914 1701847 1847221 2005482 1858326 1709914 1838568 1926102 1806179 2064625 2219201 2050312 2061652 1988239 1893389 1826647 1876556 1957281 1889211 1886182 1797718 2027835 1819055 1847096 1735596 2027304 1758690 1994945 2039475 1911459 1718143 1791916 1833562 1960080 1847568 1814122 1988830 1920963 1797903 1835089 1992133 1894683 1728123 1660383 1805395 1939824 1897071 1905523 1886006 1884765 1821573 1914737 1855530 1937158 1821983 1828654 1995750 1756895 1971311 1848621 1964961 1839995 1927428 1865152 1838688 1893807 1826922 1944362 2001106 2006372 1857234 1828543 1746797 2152066 1885444 1669788 1897052 2020883 1936412 1591661 1863356 1973240 1782743 1979979 1797448 1924038 1867303 1879724 1887157 1833282 1656525 1935026 1901027 1905879 1914966 1922342 1742883 1989280 1767137 1986653 1794078 1915614 1798492 1913104 1946100 1933920 1862621 1836377 1988997 1789444 1852977 1724685 1999905 1964441 1764687 1912254 1774491 1888839 2015729 1987542 1774363 1818276 1992535 1850684 1807731 2073154 2128026 1863652 1784892 1888273 1968850 1837278 1863991 1699924 2001074 1803162 1960293 2060189 2077936 
1926947 1845134 1656308 1742821 1894270 1938415 1868009 1892504 1771304 1774992 1699386 1972183 1918893 1851208 1847009 1923249 1685086 1871946 1876678 1854772 1701196 1980808 1857440 2091698 2018654 1868029 1769151 1787025 1895364 1789116 1856362 1949212 1759475 1780270 1831012 1928523 1864094 1740055 1637855 1892695 1695997 1741639 1944399 1996795 1953957 2137170 1838479 1774270 1972462 2000736 1962299 2042459 1692448 1842047 1837950 1902957 1951380 1702890 1964870 1899669 1840488 2056883 1842973 1796710 1853066 1702380 1600179 1773381 2043818 1842359 2004322 2135646 2062472 1963149 2007314 1923318 1823187 1877446 1936120 1829967 1894925 1929201 1964011 1792016 1871754 1820235 1885836 1743332 1863896 2073675 1858254 1652849 1722953 1809643 1880330 1697543 1847403 1921933 1859640 1801360 1768476 1979559 1887902 1585802 1715184 1836385 2000324 1803478 1926242 1861074 1860947 1796177 1915346 1889767 1895517 1851445 1712118 1972079 1739328 1993450 1830758 1923948 1736116 1969265 1850908 1850693 1861191 1883740 1907999 1982868 2056435 1803533 1794497 1738333 2125330 1839429 1664336 1874799 1932657 1927079 1618422 1837712 1995931 1772855 2058802 1823276 1968653 1740474 1794326 1883475 1802686 1683670 1960248 1893152 1988165 1975483 1901398 1713468 1949705 1795944 1985817 1666279 1942993 1899787 1881005 1955431 1914755 1811767 1766510 1953705 1788342 1905729 1722390 2065724 1898689 1689367 1811622 1846153 1843632 2030396 1935389 1768132 1890531 1898677 1828597 1804100 2056713 2045748 1843346 1715994 1864254 1880237 1808463 1797546 1654880 1980345 1791056 1898838 1970269 2012591 
1991403 1849408 1637347 1738108 1993193 2009786 1906249 2020868 1867604 1852578 1730865 1918326 1829111 1805523 1750332 1916885 1772993 1866902 1969038 1819541 1833719 1933047 1869483 2199969 1910179 1872755 1833927 1836557 1940874 1890463 1928461 1908857 1718100 1686515 1850430 2077661 1856071 1755816 1869633 2022849 1687778 1797755 1986147 1937720 2022179 2230963 1946362 1820612 2043567 1913719 1955069 2130751 1706905 1912561 1827304 2033041 1953074 1695663 2047228 1929234 1857845 1976723 1742330 1835379 1886850 1694897 1700954 1837215 1960897 1938712 2076074 2186215 2072389 1982256 2064081 1999733 1746685 1912575 2064201 1782606 1903863 1742665 1985292 1803183 1875596 1754718 1952010 1866964 1925683 2106794 1925919 1710872 1792856 1907446 1889783 1892705 1762440 1911773 2022060 1824698 1752041 2091686 1899901 1753259 1734841 2028349 1990960 1871014 1889877 1955733 1850795 1831945 1888666 1930694 1898179 1890845 1859314 1992232 1843063 1913520 1872330 2041393 1864526 1949195 1934429 1896918 1972978 1848050 1902719 1979323 2070641 1860116 1841291 1842519 2161461 1938036 1780301 1853774 1945438 1989224 1600316 1853929 1914720 1886476 2083622 1796050 2017465 1856040 1787238 1885444 1844641 1687008 1930602 1911315 1937046 1927158 1878546 1781878 1966350 1890106 1977984 1753070 1913934 1716125 1974865 1935713 1959777 1742099 1857412 1959405 1789430 1919019 1637164 2049785 2008415 1784242 1793375 1891785 1957642 1953588 2012838 1809807 1848034 1893690 1800465 1924934 2090057 2178840 1876511 1705991 2001260 1874506 1758672 1829741 1640154 1850092 1806912 1842128 2013910 1938155 
1880167 1782882 1617101 1653737 1955805 1868920 1821977 1877874 1826191 1631362 1737561 1825839 1796950 1885384 1732710 1842295 1664682 1752324 1854275 1741061 1736298 1879518 1744515 1998196 1876927 1688313 1703863 1720920 1830195 1824782 1763495 1799337 1676514 1659540 1749018 1862807 1834275 1729750 1713700 1853249 1589143 1708457 1934890 1874188 1882947 2103237 1814482 1734272 1997826 1953475 1836172 1903389 1625683 1804786 1684501 1916774 1885538 1669882 1850538 1874936 1771268 1959687 1626086 1675774 1844147 1622651 1542923 1753318 1902070 1843491 1981834 2026399 1941714 1997257 1955582 1841038 1754935 1840148 1914338 1839987 1891811 1830187 1952652 1755984 1818439 1721458 1804643 1729397 1936240 1897785 1799454 1623827 1769703 1739284 1818293 1731812 1856754 1819452 1884423 1749440 1761465 1947195 1778177 1669642 1682399 1835550 1870940 1750680 1733464 1864718 1683865 1750959 1820180 1847148 1813487 1776317 1819939 1895443 1745205 1857236 1778079 1897576 1794184 1863341 1805801 1817866 1805242 1733285 1851593 1882774 1908542 1735641 1778127 1760461 2068566 1837120 1601917 1686546 1882946 1779509 1509316 1888999 1840499 1716110 1996981 1790280 1921692 1801676 1716918 1779470 1740209 1684231 1799321 1894693 1903267 1884749 1873107 1652894 1858476 1793081 1900348 1674323 1866564 1768830 1803590 1833610 1947065 1688360 1788574 1919798 1707535 1739458 1637217 1945196 1853845 1622636 1846823 1826121 1785747 1835021 1891399 1699682 1778779 1801845 1797876 1800904 2053695 2013213 1766008 1632886 1836397 1771339 1682111 1662389 1619810 1914676 1671754 1820523 1928179 1932402 
1946725 1892901 1723614 1669997 1927510 2046108 1872206 1930314 1873305 1764996 1738637 1844462 1846528 1914098 1827617 1949052 1735989 1824095 2007227 1834130 1811232 1918470 1826180 2066989 1883662 1912552 1825514 1791241 1868959 1852837 1859830 1868217 1735660 1728243 1750239 2037227 1817517 1794426 1840111 1863021 1649856 1823497 1954425 1985384 2058562 2100690 1861467 1803554 1954853 1946488 1995503 2108465 1755055 1946750 1857126 2001249 1866981 1760032 1982130 1937436 1910561 2014706 1813739 1795373 1873360 1751539 1689996 1800097 1993869 1919204 1957553 2132310 2055537 2042311 2068844 1943153 1807849 1873227 2011761 1891016 1881640 1825988 2036149 1744457 1864576 1703398 2018070 1856984 1907651 2037902 1925041 1692762 1760617 1824828 1860693 1773728 1782922 1888562 2016265 1764996 1788451 1980127 1845765 1709453 1684660 1850238 2026566 1816206 1852644 1870330 1873317 1857855 1844250 1833474 1854640 1861785 1919794 1981574 1800443 1925668 1821748 2023846 1852699 1983283 1814644 1782309 1858418 1802213 1885810 1957536 2040599 1855712 1807569 1786484 2094579 1854443 1692685 1914482 1809634 1920736 1712330 1879855 1953016 1865857 2139222 1796139 1994756 1757842 1857531 1817873 1850619 1749674 1948724 1884161 2006231 1948329 1912000 1725988 1986995 1797159 1951097 1742661 1938019 1771617 1963764 1961501 1973589 1799559 1825963 1915283 1731645 1755352 1610847 1992218 1930960 1818248 1890715 1895296 1932114 1895755 1900982 1764934 1802020 1967910 1881346 1875926 2100474 2132891 1874013 1742130 1902309 1892554 1774006 1722062 1725230 1915906 1695692 1801601 2046931 1920484 
2056700 1890692 1608722 1702819 1928131 1975609 1872005 1932907 1836299 1828232 1813111 1898141 1923687 1809705 1851315 1946676 1744874 1906145 1912363 1845442 1807982 1844126 1838638 2103876 1925188 1735607 1810117 1743902 1896110 1947273 1789270 1883348 1727581 1772580 1834857 1980863 1897526 1838765 1797607 1902824 1628453 1773986 2033024 1885528 1987662 2174335 1825660 1748112 1965778 1998007 2021976 2039207 1691554 1875590 1774851 2011862 1854473 1774943 1945570 1885309 1761269 1964085 1713571 1748279 1893619 1728229 1658697 1832391 1931107 1822641 2090880 2140073 2009867 1939426 1986371 1887321 1804550 1904933 1938310 1867203 1930029 1773458 2017191 1752634 1824113 1798557 1883700 1723097 1850731 1994088 1813488 1621075 1707522 1783230 1838249 1741116 1783136 1914437 1942438 1715832 1728046 2075783 1808813 1694281 1633429 1953678 1902157 1775463 1831014 1891533 1842114 1880536 1827258 1969968 1817623 1802338 1906688 1953688 1745579 1953088 1837625 1901271 1806879 1903448 1847945 1829151 1871748 1832931 1873673 1926416 2184482 1795786 1821362 1746608 2082415 1885941 1693620 1862725 1926040 1924925 1660010 1891764 1917683 1838669 1996540 1812556 1939794 1776566 1816170 1892833 1877813 1667262 1852305 1866942 1957051 1933737 1915842 1775601 1925615 1801947 1941184 1761523 1948375 1846912 1893702 1961770 1917553 1674795 1864334 1934242 1775651 1832615 1751595 1974513 1942229 1662480 1861919 1856974 1923656 1914743 1903473 1806006 1827882 1888301 1759285 1858134 2105946 2088619 1803932 1802238 1853526 1896674 1849681 1834982 1649352 1911443 1838681 1839375 2041656 1990762 
1979692 1835408 1611453 1687523 1865977 1947925 1843190 1932575 1841483 1754356 1693226 1906472 1896034 1771812 1785619 1731064 1670046 1761876 1799413 1831771 1719250 1929395 1716905 1991853 1821885 1749453 1745851 1773248 1838619 1859528 1814114 1859701 1766023 1835740 1763164 2026359 1733879 1767048 1701621 1843814 1585070 1752547 1943008 1821291 1993296 2107621 1794403 1769334 1911665 1945030 1871701 2000937 1707861 1851799 1760252 1868470 1892272 1638602 1888573 1879821 1718444 2012524 1640578 1665754 1834862 1640871 1711212 1829129 1936982 1697011 1920554 2066026 1877037 1919227 1931137 1793564 1746381 1752140 1882731 1776532 1909767 1751325 1917516 1684071 1760225 1720193 1921963 1706164 1854692 1944703 1811280 1629792 1725204 1755775 1913562 1739455 1684863 1879325 1879718 1741148 1769428 1892207 1820376 1688119 1589000 1789457 1789414 1833486 1794946 1792678 1721468 1793477 1840480 1821709 1778500 1792292 1873032 1933781 1711275 1905530 1754306 1965228 1755233 1787000 1745813 1736804 1785118 1782585 1850606 1877180 2026025 1779191 1675469 1842645 2112490 1799464 1645887 1910012 1801437 1899037 1513035 1721338 1935920 1767001 1867493 1807296 1887216 1682776 1710723 1809599 1756775 1632594 1821962 1823994 1928022 1766656 1877409 1661322 1856814 1750450 1949488 1695466 1900619 1763802 1811301 1824038 1876386 1674213 1734337 1852096 1654134 1828578 1672823 1908319 1877816 1735155 1802497 1716581 1801061 1995057 1942185 1738322 1817100 1869882 1820956 1715831 1955640 2012297 1761832 1692734 1816099 1811737 1779037 1706878 1701048 1873847 1722272 1920014 2036612 1921993 
2010272 1836808 1669525 1697812 1880516 1906202 1869549 1930201 1777738 1810052 1721451 1865480 1836361 1824382 1790370 1947095 1704992 1831168 1756894 1927475 1745715 1976388 1756809 1982212 1926913 1724851 1705831 1780223 1797838 1857267 1802267 1874412 1747752 1754639 1812801 1871796 1834252 1640261 1805666 1915602 1627830 1782359 1910695 1774500 1985111 2056820 1866658 1761609 1932059 2030874 1851317 1964398 1545198 1947927 1847193 1942147 1906722 1657167 1949233 1803207 1734059 1996793 1769444 1820947 1943552 1689214 1652579 1688815 1946072 1854681 2009007 2114007 1891329 1990154 1932793 1798115 1763718 1922104 1933865 1831663 1856440 1833941 1927946 1782580 1934283 1776185 1888628 1719015 1795803 2022830 1829963 1709211 1737346 1761144 1811914 1778793 1787990 1844735 1962969 1789331 1951662 1973460 1806280 1717208 1509799 1806710 1910622 1914131 1863476 1828841 1819175 1842724 1836932 1889229 1790272 1828523 1844751 1909850 1755732 1858101 1849767 1949576 1789046 1962681 1822126 1775310 1819597 1771025 1806536 1888823 2055761 1815910 1811098 1840019 2132166 1860343 1740784 1871176 1900106 1856112 1600202 1788447 1906319 1840926 2010128 1755174 1938731 1746825 1809019 1836406 1848030 1672002 1884658 1850354 1851116 1794607 1857610 1780155 1974706 1751106 1976854 1704673 1861840 1762928 1953028 1994028 1839151 1782901 1926651 1923453 1844062 1758404 1773851 1978816 1868189 1739561 1895276 1806857 1908957 1971468 1908043 1752110 1909012 1863218 1789380 1768938 1967710 2128706 1828122 1768335 1800626 1822563 1834041 1673238 1673940 1928969 1810845 1884032 2001378 1905387 
1731096 1712405 1576003 1580836 1728303 1836637 1605262 1792413 1637986 1626187 1568879 1750895 1678189 1690975 1617245 1834584 1522473 1728873 1768258 1721197 1596418 1704258 1664897 1921143 1808700 1701372 1678804 1642222 1664234 1719639 1722651 1693577 1506479 1603856 1642384 1836369 1729538 1611967 1641745 1769774 1466505 1599256 1824865 1796770 1861107 1900849 1665131 1567600 1827175 1779249 1766940 1856176 1668987 1772956 1636425 1712190 1676099 1650277 1742748 1746092 1661222 1811028 1572776 1652559 1785310 1517891 1557221 1636689 1832462 1772376 1930492 1936724 1774069 1797687 1912383 1752792 1702844 1748632 1654412 1632729 1812696 1641689 1875793 1666644 1641381 1604421 1782884 1557737 1688262 1798027 1719107 1477577 1594042 1715789 1697334 1636796 1642509 1735856 1675882 1576659 1581444 1841608 1672623 1500825 1519523 1665157 1816489 1698370 1696536 1839560 1736637 1692045 1664865 1762608 1740943 1637028 1719108 1748196 1539519 1712037 1667800 1791043 1668241 1762886 1681857 1699272 1693506 1661683 1663767 1699032 1886153 1637429 1666952 1636061 1851692 1631833 1523822 1727854 1719577 1816180 1560107 1656365 1816138 1731225 1928102 1710579 1744384 1669687 1659289 1720980 1704184 1425749 1696830 1620930 1726069 1821474 1762047 1639787 1875224 1660173 1798389 1621232 1798274 1692810 1840550 1801813 1806659 1603292 1632509 1753014 1748190 1695371 1508246 1864959 1743055 1611784 1660807 1657204 1742685 1723075 1712700 1616820 1636582 1653263 1647417 1677769 1894126 1971046 1741858 1634716 1646327 1700221 1692032 1615703 1562592 1773365 1662204 1712863 1784734 1798871 
1919750 1884817 1702166 1763417 1907692 2030573 1769236 2002775 1880080 1822665 1754775 1847933 1927690 1853254 1856359 1928693 1732213 1809451 1968866 1871082 1773203 1856576 1852290 2048613 1949861 1759003 1801059 1808266 1992800 1902562 1754114 1875955 1775977 1758610 1856124 1926601 1913837 1768054 1777958 1899370 1651635 1755771 1915597 1974153 2004352 2142224 1815781 1797610 1986646 1869490 1956223 2011475 1740441 1931178 1787253 2012127 1946139 1658571 1975711 1887165 1794474 1985293 1753434 1731435 1850214 1722807 1662202 1754976 1964645 1800845 1981900 2159022 2053776 2002018 1940567 1929862 1789942 1881180 1926287 1800330 1970224 1781026 2010697 1826677 1821768 1679301 1934373 1782618 1890006 2025555 1879794 1631384 1803145 1794208 1923270 1859778 1820577 1908603 1898257 1778808 1715954 1978678 1918566 1665414 1683529 1875127 1965625 1872273 1871598 1900697 1858169 1811713 1886205 1942156 1920219 1833032 1848970 1970560 1797982 1968923 1761806 1998344 1808625 1994934 1960811 1880412 1849254 1833216 1926117 1960538 2119618 1873249 1737231 1789659 2112092 1885875 1751653 1907781 1943232 1915809 1640483 1831539 1870730 1803430 2050999 1764133 1865432 1879610 1767025 1954054 1725261 1626412 1800598 1837067 1959035 1925666 1917109 1735248 1937776 1934643 1914041 1799121 1959902 1748425 1908843 1967439 2013842 1770293 1844746 1968564 1780599 1867332 1592441 1976233 1977714 1765044 1912396 1960104 1948828 1867404 1923404 1711562 1839537 1929620 1850739 1863468 2025433 2163543 1822240 1715356 1947308 1895776 1850759 1766329 1684575 2023413 1841493 1900570 2036076 1977869 
2037935 1908622 1770882 1882946 2075094 1954078 1959143 2020173 1877472 1910440 1840526 1972713 1990380 1931027 1911865 2049114 1822434 1936681 1861166 1923466 1881246 1967976 2006149 2167144 1996452 1808821 1763492 1808554 1994754 2001474 1893997 1953013 1821018 1773979 1851483 2086891 1943154 1868791 1863227 2011929 1724975 1818665 2101547 1971391 2102457 2223055 1916060 1782367 2134104 2149664 1931570 2115264 1718349 2051897 1879607 2051584 2000500 1749827 2149178 2002323 1876054 2120423 1768943 1915304 1998087 1834870 1707378 1858812 2013821 1858313 2193389 2228484 2275629 2024959 2130839 1958118 1743274 2058380 2061000 1880896 2051819 1960094 2039298 1878767 1970823 1896787 1947785 1810692 1962374 2105143 1953021 1857229 1824954 1788247 1974873 1951803 1905631 2000422 2030851 1864370 1851501 2099339 1917873 1701768 1753276 1910783 2042717 1946381 1975531 2049265 1995586 1945129 1995506 1950278 2065136 1854985 1972925 2134292 1827187 1960895 1924292 2087654 1993751 2071185 1968556 1902178 1966387 1988960 1884209 1967854 2162334 1902195 1984301 1825768 2154611 1988141 1805950 1963135 2051201 2067767 1626499 1843589 2023837 1960711 2102274 1758327 2103821 1881675 1865667 1942207 1942990 1810770 1937866 2065083 2047806 2045505 1927761 1832516 2059828 1941719 2034789 1816870 1972257 1911019 1939543 2098152 2023110 1908971 1981100 2015641 1889729 1987613 1806952 2092959 2054684 1796789 2021185 1911241 1940997 2045952 1991237 1810962 1919356 1912875 1964571 1879626 2167221 2156623 1932253 1837459 1989440 1989957 1912306 1922970 1751934 2013784 1879648 2012711 2040707 2026448 
1970620 1834419 1571909 1739237 1892092 2002496 1817094 1886141 1877761 1641730 1723629 1892134 1847127 1795175 1743309 1943435 1682399 1814492 1875731 1837336 1731944 2006057 1790833 2113281 1944392 1760481 1685625 1742383 1814567 1755437 1791537 1922899 1772304 1670250 1807786 1908729 1831918 1758666 1794291 1993959 1572397 1737451 1956130 1877422 2050933 2196359 1857175 1844159 2012457 2025848 1978529 1986981 1688224 1778744 1774777 1914914 1971825 1758808 1958566 1946023 1774627 1959633 1689789 1821335 1830164 1670945 1600993 1716718 1887339 1910706 2049686 2066138 1858553 2026517 1970036 1905085 1806432 1851004 1949347 1823948 1851192 1872947 2025496 1715282 1829527 1711961 1878791 1760599 1854844 1982524 1939282 1689123 1803218 1839449 1815449 1729237 1730694 1871772 1842163 1767444 1810941 2028060 1839865 1653616 1617551 1858004 1997167 1792005 1848458 1854046 1765832 1858831 1823260 1897461 1845414 1900702 1884711 1855892 1839449 1884428 1796447 2018287 1744795 1860448 1866740 1839717 1817402 1794063 1901372 1908776 2092973 1830086 1815619 1828780 2169393 1850846 1756179 1916724 1826682 1871978 1563073 1867709 1851226 1784183 2080688 1836691 2069251 1786850 1716799 1908001 1835474 1702617 1923779 1916010 1963646 1794275 1813526 1726641 1914369 1767340 1858177 1717256 1861598 1782465 1911609 1947683 1951010 1772366 1796034 1867308 1734598 1828698 1714533 1979729 1885055 1766875 1838670 1750001 1887217 1966150 1923844 1858721 1808393 1819734 1796692 1853343 2075377 2055186 1823324 1809911 1802584 1944559 1817749 1826642 1689231 2017718 1689783 1812211 1898423 1951934 
2049500 1962619 1591576 1781706 1908324 1889194 1857299 1867998 1905108 1748572 1662721 1875804 1778539 1816323 1808796 1934827 1712174 1838423 1968356 1830006 1720718 1891851 1872461 2065608 1889626 1754935 1760484 1747269 1846370 1822639 1780095 1856683 1717289 1716588 1629162 1991164 1784469 1817476 1712972 1947758 1632534 1717254 1915437 1895165 2043215 2178760 1854249 1838793 2005610 1900940 1971830 1956065 1753905 1837364 1831261 1980626 1846664 1702698 1919515 1923203 1860795 2059728 1739027 1774706 1744058 1709181 1689718 1889401 1964301 1799759 1978737 2126881 2013669 1917172 2056707 1835462 1739061 1898701 1932346 1804375 1888423 1775150 1998268 1746952 1837054 1680954 1847956 1774034 1884010 2033786 1829406 1708767 1816254 1822846 1903611 1762768 1792307 1805733 1882706 1788164 1783947 2000882 1814609 1640158 1607088 1878865 1912520 1788889 1859718 1868904 1869301 1743246 1820691 1892646 1838554 1880753 1934195 1882085 1843419 1899406 1873910 1998383 1753334 1825504 1872453 1827113 1872022 1822771 1831723 1882228 2077587 1769821 1777944 1778201 2103765 1809410 1698365 1804603 1812641 1867548 1578317 1886245 1934365 1774507 2126518 1856875 1975595 1734828 1812455 1884161 1818114 1703141 1864319 1865441 2010081 1812732 1881829 1602881 1941659 1800043 1955640 1810318 1878052 1811901 1950574 1917391 1939640 1726481 1780184 1959984 1690305 1869905 1640292 1956832 1894376 1663134 1829514 1820048 1904056 2040378 1928834 1656413 1817170 1765206 1809137 1885861 2166455 2026670 1863642 1794795 1904687 1907415 1789230 1741301 1560593 1974054 1784089 1795707 1994838 2058688 
2095369 1932325 1711921 1798254 2067612 2034502 1958653 2027412 1989546 1899501 1853982 2010614 1883718 1926149 1914870 2132982 1805258 1977308 1986128 1942528 1888873 2056501 1984527 2197344 2027839 1904990 1852054 1913309 2044098 2060456 1940326 1974222 1798234 1816584 1865588 2128697 1887877 1801296 1936753 2087268 1661626 1866306 2067408 2038117 2118988 2225586 1876060 1939902 2149744 2005530 1997308 2201709 1768613 1961223 1873776 1978975 1980179 1736657 2102877 1961789 1951252 2084911 1797317 1870772 1914945 1845292 1743818 1934040 2028206 1969329 2110981 2232542 2107498 2059367 2128942 1957785 1915449 1933759 1992900 1906083 1975124 1888853 2050827 1845965 1915256 1916634 1984685 1791600 1993930 2139154 1890696 1790735 1790469 1904018 2009016 1867577 1864927 1946604 2049507 1811922 1911413 1940923 1996489 1783611 1622197 2101345 2063272 2013474 1986548 1922637 1912916 1926171 1971748 1985806 1966625 1903505 1915966 2091947 1911018 2004684 1925700 2029767 1918497 2050837 1926290 1882419 2030386 1910080 1912095 2004505 2141116 1909573 1990008 1879397 2238806 1923543 1841976 1956854 2023049 2058755 1711740 1863765 1974760 1911414 2091883 1745428 2055952 1873859 1851530 1979275 1976236 1795873 1922550 2095969 2026485 1943129 1999932 1731805 1999859 1959751 2072847 1811240 2007802 1879030 2061604 2083368 2062890 1892717 1993294 2137491 1860257 1986256 1817272 2062452 2100119 1831231 1919487 1926206 2053779 2082206 1992017 1867600 1871668 2042909 1925825 1840393 2220093 2159186 1924078 1773954 1962776 2019787 2041248 1835718 1871955 2006224 1919241 2029819 2110404 2000397 
2105830 1974509 1836643 1888623 2077748 2042670 2015865 1977421 2009040 1866810 1815658 2041382 2065476 2054775 1906326 2074211 1906637 1972076 2028135 2035182 1796404 2058939 1929859 2289042 2132867 1940072 1867400 1851431 2010255 1915441 1925887 2082038 1824907 1851299 1966035 2142098 1939739 1894247 1939248 2193771 1750432 1911385 2106254 2045276 2179364 2260293 2009477 1925678 2211456 2108065 2085844 2189740 1879520 2078042 2037317 2046535 2080881 1842670 2139086 2055932 1990006 2123377 1784603 1931845 2042328 1841829 1773606 1906349 2096098 2018113 2186106 2313414 2175240 2144755 2174712 2035281 1923096 1985155 2130820 1878618 2042078 1912654 2052058 1958612 2016221 1867701 2089342 1865736 2012167 2135852 2027174 1801614 2032356 1998925 2061901 1935564 1907234 2067347 2088256 1897457 1911436 2189533 1975013 1813764 1743391 2004448 2091991 1938990 2126254 2034659 2026715 2022271 2064146 2085798 2063839 1909740 1898463 2091272 1923604 1998981 2054934 2123339 1949121 2076688 2068989 2061989 2014802 2016975 1966713 2105798 2195078 1949216 1898056 2012712 2324838 2010316 1815650 2028746 2061008 2064348 1647026 1997422 2044743 1972953 2223886 1852476 2138204 1975381 1922010 2062297 1914387 1817373 2097606 2060409 2171784 2103032 1978579 1804418 2105810 1890192 2170697 1855651 2012584 1902196 2037206 2165662 2061496 2029952 1989517 2092539 1978139 2024026 1821672 2154475 2043396 1836409 2000424 2050030 1985961 2073025 2003699 1901323 2010426 2010568 1979254 1989640 2253359 2286177 1992859 1927996 2054203 2039488 2059207 2002873 1820614 2227670 2051594 1979842 2112141 2092513 
2001609 1787997 1742349 1862094 1928266 1921082 1914442 1982585 1991652 1783469 1782569 1900406 1823251 1908874 1828901 1933079 1774367 1929126 1859981 1816397 1837560 1910521 1937396 2123582 1951999 1801086 1901546 1886833 1884237 1955858 1810438 1862723 1786733 1830485 1910779 2020292 1885302 1853994 1792983 1930516 1667003 1730490 1986506 1969924 1987323 2112543 1805034 1804473 1984585 1944725 1919836 2064682 1738024 1911766 1797095 2046067 1910821 1818873 1920893 1883586 1771356 2035462 1761672 1778647 1880717 1706919 1702252 1812034 1931685 1858294 2055418 2109821 2017806 2026748 2026269 1772536 1882837 1833710 1920480 1903817 1966776 1744629 2042391 1820446 1817570 1749617 1896468 1825747 1899721 2005298 1927100 1735389 1793607 1889416 1940296 1823501 1766834 1946558 2002573 1765076 1788859 2040923 1885166 1633775 1779892 1850828 1960263 1858813 1930027 1935305 1845307 1764662 1823556 1986045 1871404 1862224 1898719 1934608 1810753 1877539 1832660 2022056 1771039 1983012 1983020 1781637 1903675 1768841 1872914 1922787 2153636 1862592 1959675 1819005 2080971 1850392 1755791 1883612 1892800 1989845 1629665 1835071 1998163 1890884 2078094 1799493 1989410 1785356 1839744 1896482 1914503 1727899 1873317 2005240 1948004 1896466 1916721 1779680 2025356 1844314 2004327 1832494 1939635 1831134 1946538 2009116 2017408 1773227 1844754 2033420 1779184 1973998 1730483 1930804 1949123 1781125 1859249 1877816 1934832 1945984 1902835 1731788 1880776 1878451 1879313 1823638 2099487 2139888 1854945 1804854 1858766 1940853 1878477 1763074 1724673 2031131 1763001 1847766 2059327 1952023 
1832004 1737290 1611644 1721675 1874406 1944622 1740662 1872103 1768642 1625162 1546256 1791284 1855257 1798496 1712120 1814641 1692096 1721623 1762165 1787841 1616448 1863269 1696656 1984212 1839987 1735708 1762143 1600967 1816563 1816862 1630593 1814331 1734804 1630697 1735239 1883595 1750669 1722314 1684712 1853711 1576266 1813715 1853731 1844773 1916924 2046881 1848504 1649025 1952912 1806022 1842052 1858216 1620566 1822433 1672781 1842772 1959480 1659166 1858824 1843778 1751538 1889965 1739970 1649269 1786118 1691863 1535181 1789169 1863415 1779190 1876094 2043105 1957648 1902485 1858363 1778197 1622827 1831849 1851191 1706487 1831293 1671587 1857984 1806517 1797289 1693837 1923643 1817472 1805512 1967397 1847725 1675119 1733385 1687836 1801708 1689510 1654790 1813547 1841411 1832579 1666285 1954892 1816384 1609386 1655434 1714315 1786877 1815037 1796383 1756403 1702934 1744689 1841396 1774064 1730342 1771304 1767734 1808311 1677357 1827587 1689790 1965199 1684948 1835900 1777520 1721119 1749512 1762720 1758614 1945285 1882882 1715320 1692403 1732986 1988696 1778354 1708309 1876246 1882024 1817033 1529569 1759399 1820178 1777881 1974104 1658375 1938676 1782689 1794133 1852290 1712999 1604675 1800697 1818742 1926161 1705912 1823052 1630820 1921571 1764389 1861923 1715973 1870225 1715545 1755415 1913956 1921206 1777054 1744613 1849025 1759018 1727768 1640987 1903459 1842221 1804361 1768146 1771158 1828666 1905154 1833215 1724935 1743182 1851811 1714649 1750645 1977432 1969561 1744411 1687032 1792806 1792770 1809981 1655577 1687192 1893919 1699766 1771017 1893097 1836217 
2059440 1905719 1704614 1795350 1992298 1983012 1907201 2032146 1964302 1879993 1760686 1885296 1840411 1903817 1939097 2006851 1853016 2002853 1959646 1841700 1787863 1983357 1999082 2150458 2033429 1890845 1816895 1876001 2033693 2014324 1912998 1881581 1787308 1801770 1845468 2095586 1922848 1811859 1828810 2022606 1638308 1728737 1988289 1878771 2113494 2178097 1935434 1874776 1994864 1939866 1938605 2057938 1746778 1933370 1841987 1988000 1971118 1817708 2065375 1832342 1925624 2002301 1816279 1874121 1946870 1768650 1706762 1881027 2002966 1997375 2120581 2200022 2017518 2042860 2125605 2010701 1910225 1962700 2016008 1828836 1970292 1889247 2007986 1797428 1829727 1786120 2004966 1750045 1947773 2154474 1918468 1787098 1790698 1885781 1935742 1884233 1877047 1924825 2043962 1824300 1821987 2119939 1943301 1784196 1743114 1975137 2051750 1853350 1816998 1969248 1918114 1905129 1875308 1992232 1998481 1911966 1859632 1936351 1833002 2010965 1946297 2108365 1928320 1985924 1909276 1893595 1980642 1921665 1998372 2015727 2133145 1984083 1868831 1918121 2197520 1861002 1777298 1866191 1959439 2011805 1671141 1903878 1994099 1835232 2094107 1886386 1941412 1782822 1878285 2007139 1877172 1821894 1916352 1936125 1948364 1933040 1941667 1725485 2096858 1897057 2074993 1871135 1933502 1821667 2052099 1967272 2023948 1737981 1887047 2086930 1828202 1868893 1787816 2075415 2022659 1770103 1960605 1854888 1918807 1940615 2064685 1778941 1985634 1955592 1849056 1834555 2072142 2136255 1955041 1809581 1973234 1963422 1796775 1914387 1722809 2008773 1912102 1880418 2126677 1903325 
1902133 1818020 1594900 1673188 1874643 1864815 1852816 1898067 1719290 1673930 1747693 1837827 1807628 1794090 1797495 1845918 1722905 1778987 1837465 1899678 1672570 1877122 1757468 2015316 1837081 1704015 1707523 1784326 1799946 1831885 1801576 1906975 1717251 1804299 1690817 1911933 1851447 1700704 1772701 1921108 1569930 1694077 1931556 1770438 2020797 2063180 1728261 1758822 1838046 1870150 1909515 1966027 1619909 1813250 1647230 1910433 1747173 1603522 1932654 1784130 1746498 1895723 1719402 1762227 1819770 1613778 1577720 1756675 1867497 1727542 2061696 2038821 1907919 2013894 1945673 1922603 1800061 1826218 1866362 1834306 1888907 1706246 1933031 1705892 1762851 1684309 1910547 1670307 1760003 2049306 1882398 1603493 1646935 1690093 1827748 1694003 1754101 1736443 1910881 1710891 1767473 1955060 1841413 1620160 1607665 1818004 1902698 1776945 1867264 1849669 1735425 1778825 1808366 1909557 1820576 1814834 1779409 1925232 1721258 1876778 1752089 1879315 1741800 1970182 1763335 1754615 1787833 1672911 1783550 1844529 2007984 1798540 1802236 1758534 2021067 1837763 1640627 1757763 1807887 1947617 1525282 1775869 1854756 1791695 1968951 1666111 1807907 1740435 1754137 1756348 1798820 1557895 1821792 1822623 1862167 1920885 1879049 1643817 1925829 1821016 1919128 1729296 1912444 1779203 1841482 1964721 1944119 1690503 1875452 1825951 1715839 1707629 1710507 1895520 1844996 1652431 1799465 1875270 1881343 1848303 1827711 1707108 1724878 1830889 1861503 1756820 1970570 2094205 1758935 1607099 1855986 1813562 1737711 1773934 1714431 1888208 1723025 1797621 1951490 1859368 
1884669 1897121 1619377 1793739 1900546 1932752 1883096 1927566 1894617 1711546 1764976 1974375 1906084 1869865 1850248 1907863 1782329 1880438 1892994 1837372 1711420 1911474 1821725 2099628 1951498 1817386 1776567 1790997 1872674 1959137 1668296 1943938 1685423 1811832 1862218 1968887 1872018 1761030 1820027 1957325 1670432 1772255 2030842 1977111 2019666 2102425 1873571 1705426 1970772 1900502 1857049 2043840 1668905 1864428 1751808 1950830 1960821 1752175 1986692 1862356 1757039 2005933 1705005 1762813 1890450 1722409 1721474 1792277 1911192 1828297 2023344 2133091 1985457 2089907 1947863 1821891 1792464 1850140 1904850 1863412 2002202 1746388 1828866 1785546 1844008 1750690 1914267 1883018 1839680 2095926 1822537 1733892 1722877 1835186 1868195 1810369 1787602 1819661 1930258 1821811 1773009 1980035 1857816 1623238 1637164 1830134 1899619 1797056 1795104 1961852 1758446 1855841 1871699 1940296 1897047 1880197 1926840 1942134 1815188 1946784 1888896 1982655 1855328 1970131 1870059 1824150 1896046 1798893 1848359 1935000 2008816 1826477 1805506 1783010 2089228 1884375 1737755 1919330 1960382 1985955 1595829 1833956 1943034 1868074 2052125 1729652 1884389 1805093 1831851 1861393 1773137 1663898 1896304 1860944 2017320 1927532 1964186 1646330 2000550 1912677 1943410 1782933 2008161 1800874 1919127 2015697 1918970 1831686 1948140 2057908 1774085 1900305 1698148 1864003 1887323 1707609 1856044 1901217 1903634 1886927 1941641 1787264 1782682 1947026 1788813 1867197 2048103 2067634 1814945 1782775 1927675 1928321 1949606 1777662 1748371 1940800 1783036 1884368 1981965 1931762 
1835883 1768462 1714092 1656430 1800612 1831904 1797575 1944782 1666444 1697247 1666994 1820251 1759075 1713072 1661455 1877964 1659541 1883016 1749838 1707010 1590769 1772949 1703608 1972116 1862839 1690822 1835488 1724497 1881642 1804387 1815858 1942682 1672038 1720299 1778876 1830491 1768764 1709257 1658376 1836102 1667066 1666406 1983921 1891121 1939098 2079865 1712934 1752644 1880905 1841791 1738461 1965252 1683906 1844448 1707367 1792719 1818027 1761235 1838092 1768674 1751457 1967436 1652876 1690897 1820753 1642690 1590924 1612239 1842659 1819735 1870717 2045937 1911717 1848970 1943769 1843146 1689303 1760433 1840012 1729739 1859318 1691164 1937103 1794449 1762603 1662416 1839205 1676938 1706689 1863479 1848438 1620134 1671037 1773686 1751783 1646504 1666258 1840803 1744849 1704156 1668758 1994690 1746735 1553919 1658854 1765466 1878663 1849605 1779611 1819243 1806184 1794838 1811345 1803412 1793642 1836717 1802166 1846977 1619031 1912499 1804200 1882117 1720174 1858411 1778594 1643635 1808270 1812542 1690367 1901500 2005049 1808992 1742699 1742909 2099037 1720861 1733288 1766484 1804728 1907853 1540158 1763105 1835647 1822304 1925640 1797839 1908737 1682488 1680118 1776603 1752634 1657107 1825402 1794802 1801062 1832133 1822313 1627941 1983995 1818285 1876109 1682070 1782872 1763863 1914734 1857262 1790783 1738860 1822728 1863357 1703239 1729893 1673345 1901810 1863200 1705514 1791044 1819763 1748522 1829113 1865871 1690757 1732799 1816872 1789647 1780925 2098692 1985812 1766286 1730105 1795002 1867648 1737369 1711239 1663188 1839482 1724827 1796080 1912552 1881934 
2032017 1904985 1634273 1750650 1857144 1949110 1794451 1933617 1934897 1913353 1743881 2000874 1878374 1832729 1783722 1966398 1675639 1873205 1945825 1888519 1779556 2034487 1897286 2149933 1869204 1857186 1856432 1825702 1881015 1898857 1852798 1950180 1667572 1721944 1760004 1892195 1805172 1731462 1795978 2000742 1669648 1771218 1951919 2093858 2083676 2171765 1827138 1832056 2111048 2037335 2053553 2106304 1648527 1848588 1760392 2002015 1983614 1847775 1961119 1952938 1785178 2015909 1751163 1882230 1856177 1723956 1586981 1767048 1916768 1878254 2011271 2139910 2025451 1992971 2061795 1967446 1859519 1933483 1912025 1932899 1853200 1853765 2080758 1750465 1831261 1792142 1981468 1738982 1858943 1971092 1960349 1628198 1726707 1730859 1929655 1787779 1815923 1946272 1935340 1879099 1716761 1878609 1865681 1757184 1644206 1873768 1971902 1975618 1937868 1891125 1820781 1814080 1861464 1973161 1915810 1940351 1830906 1892764 1784882 1958326 1799944 1961950 1842020 1919721 1827908 1870111 1903466 1754752 1934181 1913948 2097714 1821062 1775169 1738366 2111615 1953595 1723951 1947815 1843975 1897031 1609758 1860851 1962508 1912913 2073178 1801713 2018351 1839397 1790928 1850693 1797921 1716643 1819520 1889300 1995073 1882423 1883301 1738366 1889748 1859893 1942751 1757100 1878518 1850199 1929717 1902320 1871362 1745996 1852476 1925805 1750388 1806106 1780769 1985379 1882684 1756972 1888620 1824530 1963381 2047727 1901696 1765222 1869791 1870812 1882047 1899518 2073354 2087148 1896171 1693593 1978580 1845184 1903399 1748648 1652752 1856054 1835864 1928744 2034419 2063454 
2018054 1896972 1727205 1782995 1984971 1957326 1848062 2008090 1854387 1768202 1830936 1868752 1806746 1864755 1887959 1903944 1801494 1941211 1869794 1898590 1816800 1937811 1868530 2058662 1909398 1782172 1823635 1827520 1958859 1955339 1775334 1918116 1788191 1817941 1850536 2044991 1813710 1800349 1771477 1952821 1571378 1826134 1971098 1932196 2011119 2085357 1927688 1790126 2084427 1975837 1980841 2088933 1665841 1895721 1813388 1912529 1891504 1707438 1988559 1894007 1817910 1995841 1753514 1778606 1963118 1778244 1671633 1831252 1986063 1853429 2088316 2153252 2058345 2002031 2002406 1962027 1718323 1921794 1992063 1837451 1899245 1808246 1981405 1803358 1869939 1841667 1967081 1819787 1901789 1974115 1841761 1578095 1776555 1746382 1973542 1867787 1848357 1941696 2004015 1903186 1764391 2046557 1884961 1780822 1778472 1966421 2010901 1905831 1887424 1910082 1885490 1860556 1808471 1986457 1851460 1887422 1901564 1982953 1829994 1911324 1839907 2095527 1832948 2053776 1886207 1867932 1790688 1867748 1880398 1942817 2105243 1806568 1842950 1863211 2251562 1871060 1801224 1957196 1903968 1878104 1586012 1781564 1962949 1846223 2026802 1861196 2050265 1791994 1875852 1902991 1817226 1792538 1915797 1874199 1966385 1919312 1875687 1754077 1963613 1879841 1982086 1804829 1972885 1835798 1939115 2010650 2031781 1830734 1846314 1914564 1830216 1892514 1793446 2014422 2006004 1795730 1874194 1849663 2038176 1980172 2016330 1789782 1808962 1945040 1832940 1869578 2071503 2158627 1848033 1719627 1929580 1911660 1856309 1808682 1702765 1949352 1738580 1978008 2049914 1983691 
1976337 1820408 1773821 1771521 1975664 2048677 1905860 2016860 1905973 1838608 1734630 1932796 1908072 1901466 1849579 1955283 1802603 1972203 1917560 1944801 1764293 1958953 1831993 2154842 2019962 1859414 1884367 1838251 1961464 1977562 1818751 1920900 1762426 1827649 1906647 2054008 1808612 1875583 1868792 1987228 1672480 1769253 2059330 1892136 2012646 2147127 1780994 1798578 2076101 2037725 2053654 2060343 1712558 1967772 1856197 2029619 1919257 1819473 2006654 1924021 1766425 2063266 1740823 1826239 1950145 1704099 1665652 1846241 1968515 1855136 2115358 2165032 2052732 1977590 2024570 1910934 1829342 1926944 1955819 1883557 2050242 1805580 2028271 1756056 1867593 1780347 1937588 1756373 1951655 1999455 1882608 1750994 1905340 1780348 1948931 1866972 1838854 1895138 1961735 1834334 1856746 2036298 1827799 1743020 1741389 1942398 1953667 1893293 1909073 1994041 1840502 1916412 1893886 1949438 1900617 1881937 1936890 1950661 1791878 1917350 1892376 1994350 1858464 1962373 1833295 1921722 1903754 1757443 1907942 1995521 2091649 1783491 1874638 1845155 2044804 1946361 1801984 1921318 1990711 1969577 1618414 1881090 1948049 1933233 2079463 1818754 1931649 1821999 1983664 1884672 1947576 1717446 1900477 1854251 1972703 2017925 1901599 1806476 2034571 1881314 2070948 1795610 1919421 1978409 1951291 2041581 2001829 1789294 1876743 1878287 1889024 1872336 1838286 2028717 1913105 1842371 1893984 1862366 1972926 2052886 1979467 1861898 1819867 1927022 1832771 1908767 2152595 2139022 1945033 1809770 1908685 1857660 1878537 1855061 1644933 1909397 1892907 1968704 2030392 1951497 
1957338 1900112 1639723 1680808 1890982 1975746 1889585 1941615 1828127 1839435 1727124 1841720 1894786 1862804 1826828 1944817 1718109 1816857 1941009 1723775 1742374 1811140 1863332 2106378 1875710 1771334 1776895 1756745 1860612 1907828 1732338 1842002 1809428 1724129 1724659 1882169 1892640 1792986 1787941 1920941 1620189 1674425 1983296 1852162 2010542 2033920 1753096 1711708 1965339 1999914 1889780 1948324 1643841 1870052 1739244 2063451 1969044 1706769 1994430 1888628 1764638 2007559 1725893 1767311 1905278 1719633 1666566 1747731 1915719 1796713 1986502 2199950 1937176 1955313 1865503 1882379 1680377 1902312 1896567 1809313 1917497 1787876 1841920 1756719 1837125 1724265 1926080 1725000 1905251 2080383 1891750 1711346 1802597 1820700 1828264 1827138 1746610 1869422 1945405 1777022 1745221 1986859 1827123 1618127 1568085 1827239 1886482 1846090 1899328 1802130 1915676 1850235 1934205 1907243 1829322 1889387 1759897 1907066 1814144 1984661 1858959 1979890 1762455 1883417 1882966 1840412 1938692 1757821 1876779 1906597 2019632 1810399 1774812 1814301 2093493 1833185 1696965 1878571 1971310 1947062 1549585 1834266 1789683 1845502 2009091 1757970 1975264 1773917 1897594 1908183 1749759 1707080 1824060 1874862 1910855 1936370 1901836 1618408 1878270 1830708 2005747 1858246 1860983 1746695 1870278 1909851 1975348 1794362 1850721 1978422 1702605 1824615 1654649 1901743 1915556 1629705 1897869 1807765 1835451 1921268 1902923 1803917 1807970 1907887 1776811 1812562 2058953 2095418 1831285 1759342 1951438 1868501 1870419 1734100 1749192 1950040 1749381 1865597 2041412 1989700 
1919215 1828557 1547108 1743192 1926593 2026078 1873268 2003119 1859348 1759749 1751153 1937537 1926313 1775818 1727697 1908433 1729322 1857611 1943924 1857823 1716886 1894661 1789253 2095304 1899683 1744152 1821226 1796421 1877999 1862711 1839836 1949711 1729569 1793829 1762138 1997523 1881815 1746533 1788243 1913283 1610255 1821330 1958746 1896706 2019345 2129240 1872184 1786672 2040739 1968209 1913998 2034647 1672982 1948539 1769515 1996067 1843695 1801024 1922829 1844700 1788664 1986474 1730298 1819459 1854452 1724006 1679948 1770014 1966607 1748912 1953550 2067501 1924765 1981810 1968145 1907692 1835767 1892011 1939589 1829424 1934808 1769071 2029697 1724299 1845240 1671882 1980296 1745210 1854525 2057744 1747272 1719061 1814424 1818623 1815585 1687040 1840252 1807958 1882138 1636794 1858818 2021634 1850717 1672740 1601833 1917090 1902582 1816746 1863682 1896908 1811295 1784365 1827294 1880441 1789616 1890267 1882566 1839465 1692740 1930318 1768945 1966467 1811166 1872298 1889312 1782457 1858401 1780623 1888048 1994369 1995096 1930744 1801141 1854810 2095210 1875294 1721262 1931628 1957113 1932281 1547751 1859652 1899045 1818591 1983581 1844788 1926956 1712950 1775922 1906858 1767626 1585077 1822329 1823189 1913507 1953895 1836050 1804410 1998716 1818587 1920960 1800245 1873379 1753278 1939646 1843101 2002225 1773411 1839910 1907282 1730959 1715256 1698627 2004655 1939410 1729566 1810936 1798001 1893328 1935921 1954822 1651893 1822229 1805650 1797268 1795204 2054037 2118369 1860984 1738605 1867919 1849121 1795987 1698114 1611658 1906395 1771742 1863449 2000639 1910299 
2021923 1894451 1616687 1808935 1856636 1885402 1846966 1868369 1881840 1792153 1705406 1923783 1865486 1827729 1759980 1899559 1706462 1785572 1995369 1772993 1835010 1939241 1908763 2067292 1933877 1804382 1779186 1848973 1890051 1909972 1808988 1879868 1671593 1704545 1759487 2009030 1825440 1680055 1831114 1985457 1628487 1785316 1967330 1877350 1900140 2203651 1910798 1772256 2035234 1907689 2015683 2035312 1735061 1859378 1790826 1856732 1929675 1775662 1974786 1836043 1807804 1954484 1685209 1743260 1908270 1609423 1557808 1854640 1865990 1831973 2113528 2032601 2031146 1938781 2017907 1926140 1850949 1871383 1935197 1797530 1833958 1773297 2016493 1766693 1750219 1740093 1907483 1825042 1922149 1946658 1813236 1605941 1742111 1867843 1974556 1759982 1841159 1840977 1938771 1855722 1761466 1924588 1902815 1696195 1650412 1881282 1927087 1894255 1869954 1900108 1734400 1787015 1832350 1941400 1928605 1904299 1829207 1963362 1878105 1877581 1768611 2033861 1828588 1841636 1796243 1914838 1855656 1824879 1800206 1832510 2133684 1825030 1786987 1758131 2118727 1938212 1731355 1861348 1789769 1956615 1625974 1781888 1838960 1767292 2095598 1705275 1982809 1782774 1808341 1882520 1776885 1665890 1810410 1870881 1987571 1914054 1789818 1707249 1854554 1762244 1909165 1706980 1887528 1737322 1940874 1993587 2006320 1742380 1677338 1831661 1825221 1874455 1685281 2007203 1936266 1724249 1899135 1887267 1970281 1923287 1981194 1813202 1823341 1875320 1809396 1829926 2065485 2068061 1806068 1745731 1885504 1843753 1795735 1744536 1587950 1851600 1774855 1789918 1920852 1984359 
1787693 1838891 1655315 1677675 1911595 1903613 1788218 1844930 1757065 1776934 1682364 1881192 1831756 1773394 1770660 1864257 1638825 1807624 1937002 1904128 1675898 1988080 1744338 2098641 1927495 1745763 1786347 1761315 1848482 1848558 1730149 1870484 1677538 1767402 1767790 1990796 1847731 1701095 1782712 1907580 1565894 1716212 1926169 1927729 1987903 2104170 1764009 1755272 2006432 1940783 1882839 1999056 1623849 1894998 1705859 1827150 1965130 1726648 1915058 1789490 1711956 1962400 1687757 1748224 1903713 1644623 1677589 1774184 1894265 1767785 2015008 2167835 1926686 1845080 1931823 1919231 1674989 1779221 1841749 1783808 1846939 1750742 1896956 1748990 1847021 1724876 1930930 1716333 1832246 1951986 1754379 1703754 1786557 1805476 1818360 1709041 1808604 1800040 1896106 1730974 1877806 1865745 1796683 1603386 1624785 1844967 1970290 1838784 1844930 1806715 1759377 1843850 1947506 1922470 2002180 1777473 1798903 1907287 1718622 1917092 1813222 1955410 1802219 1879678 1748330 1837871 1873886 1705934 1816210 1934177 1982827 1799471 1738234 1777004 2136509 1822602 1659397 1839402 1840555 1912707 1547155 1781382 1922962 1841091 1909341 1724472 1872961 1776671 1706333 1851528 1748350 1607420 1874848 1771613 1883486 1899830 1822608 1671989 1883595 1774015 1941354 1588340 1816904 1825133 1948150 1933642 1990228 1731271 1693386 1872676 1734183 1792983 1707107 1930080 1889095 1639247 1806219 1833483 1748472 1930643 1932597 1773826 1761555 1833729 1723957 1870817 1967842 2027016 1778537 1739928 1795538 1863826 1878743 1697384 1696418 1904848 1773131 1864990 1842756 1895965 
1957398 1792636 1696650 1673307 1922765 1912425 1897457 1912651 1827241 1794094 1656403 1931488 1846112 1757239 1744984 1994655 1718593 1808398 1827089 1795041 1751808 1894043 1830824 2129354 1832825 1779883 1759903 1772583 1926467 1861656 1915032 1866246 1628457 1799668 1775413 1926573 1824991 1707403 1796903 1928643 1571837 1806641 1969046 1869835 1995499 2034535 1779427 1743952 2025412 1987420 1930653 2077804 1606678 1787123 1757573 2003421 1862190 1636680 1909038 1839299 1761538 1975642 1706653 1755306 1882249 1625493 1582562 1808210 1927290 1810141 2050148 2055348 1937318 1932131 2037808 1858522 1755521 1790687 1919104 1790580 1864029 1772936 1972449 1775916 1865010 1749217 1936864 1795131 1895343 1861733 1811660 1672020 1792402 1779049 1798770 1732683 1758613 1931661 1836721 1738678 1757263 1990813 1832945 1681859 1657607 1878798 1903546 1898687 1835775 1836066 1773945 1827744 1735457 1853482 1808231 1791163 1827698 1883444 1737789 1897030 1776553 1920080 1805747 1922105 1875987 1788578 1793682 1774543 1850329 1822012 2063380 1766293 1831560 1759218 2018376 1929818 1706405 1740290 1801198 1918242 1546178 1745694 1906378 1771140 2019127 1742151 1943496 1686886 1866548 1822168 1825521 1723234 1846176 1862690 1888066 1838437 1783989 1728315 1957155 1825919 1964723 1772490 1900742 1728816 1911494 1976313 1928408 1729726 1874834 1878842 1722670 1828004 1697116 1927140 1803291 1754592 1795111 1814683 1916172 1946873 1928965 1757874 1876887 1848046 1806517 1870998 2021447 2076943 1845829 1697565 1891103 1867617 1782130 1739562 1663915 1851211 1751395 1817200 2005461 1823867 
1870429 1882272 1602232 1748184 1865927 1972378 1890704 1968155 1841288 1723826 1734127 1850857 1918813 1843916 1802934 1941891 1660739 1999473 1887077 1868868 1670616 1804240 1734519 2057483 1926560 1826715 1743187 1745721 1922172 1870500 1864220 1866397 1680732 1777240 1816640 1867661 1857488 1687119 1772896 1906939 1581621 1758750 1938194 1942810 2103813 2070827 1783933 1761167 2004037 1917475 1915531 2024950 1682871 1831602 1860180 1976269 1861843 1666751 1874417 1915610 1894173 1970710 1656941 1757809 1883674 1639314 1652345 1746666 1884330 1827507 1984902 2134256 1942435 2046473 2021994 1947996 1890542 1850933 1938382 1840683 1961236 1767731 2087296 1810437 1868976 1750100 1795674 1743340 1828830 2037741 1863947 1620424 1811961 1757564 1824759 1807088 1706082 1961667 1909244 1740137 1822336 1948689 1843478 1707839 1601909 1824801 1830688 1738350 1795568 1913564 1848759 1900390 1823977 1872771 1882410 1884587 1827661 1956081 1783132 1970662 1848062 1969402 1830953 1967598 1784872 1860019 1817877 1894188 1865898 1863238 2099265 1776582 1705868 1766109 2146369 1951651 1688322 1894521 1911895 1862629 1482941 1852794 1895491 1844566 1947946 1807477 1918360 1763429 1776758 1916617 1738269 1696322 1858175 1845443 1985797 1875156 1857302 1656567 1919986 1900645 1964680 1812829 1902710 1851061 2015234 1876374 1964518 1739328 1786476 1892288 1697692 1877606 1696853 1982986 1914237 1705497 1944065 1830743 1834065 1855015 1904369 1806173 1891856 1832576 1824551 1788062 2031103 2100662 1912902 1790084 1908635 1900222 1780097 1855222 1645892 1954219 1814450 1915511 2015214 1867628 
1836652 1819522 1648124 1633509 1872053 1877798 1806283 1943828 1773087 1672094 1662556 1806666 1820644 1826732 1730220 1921689 1702615 1862697 1839845 1874205 1772489 1850904 1748799 1999538 1854555 1782592 1783074 1789585 1735551 1812877 1755012 1834894 1722147 1771076 1760370 1849636 1798112 1734496 1737785 1921302 1560962 1763107 1951257 2016222 1931567 1988002 1890390 1788973 1901627 1896497 1878626 2039664 1602589 1817610 1818941 1852699 1852654 1698613 1885694 1832936 1725469 1919807 1629494 1689030 1874726 1647227 1588578 1727102 1797608 1720244 2027019 2078891 1872623 1991031 1998737 1901239 1740204 1844396 1866848 1826261 1887638 1766460 1994117 1723994 1757663 1766208 1895485 1665416 1798547 1952431 1793047 1535176 1788489 1757129 1918644 1675663 1748715 1795219 1816902 1747304 1768123 1933237 1843451 1610761 1648511 1827085 1895374 1725084 1766329 1862970 1804284 1794949 1873275 1858992 1847252 1864406 1889000 1882317 1817265 1942326 1750273 1857087 1766241 1922427 1871030 1800593 1775055 1732756 1844803 1872783 1932245 1787031 1712942 1826618 2039941 1797004 1606953 1851686 1871248 1853432 1531984 1739186 1809398 1838219 2083004 1736287 1908658 1758466 1718009 1845672 1705896 1651146 1794708 1805067 1906392 1873692 1841282 1702758 1870682 1745111 1936996 1794168 1916457 1746665 1931640 1862386 1973039 1800064 1812343 1869140 1720398 1807475 1642404 1933751 1829697 1734437 1863697 1813712 1895345 1860900 1866703 1727821 1741989 1843016 1824639 1861150 1964905 2039741 1846155 1730703 1853194 1976848 1787061 1637134 1757444 1891281 1753207 1844907 1918964 1941382 
1916537 1712207 1637736 1607376 1820025 1788794 1806201 1787970 1764124 1678724 1654683 1724765 1721025 1775177 1655172 1789802 1586749 1813927 1806505 1783831 1654178 1820284 1723288 1938068 1814827 1723242 1659563 1617188 1797233 1852138 1651869 1781060 1621853 1680655 1713735 1872509 1739576 1716985 1615801 1836305 1479398 1710905 1793882 1805680 1843673 1945816 1781811 1725191 1942010 1785535 1776554 1897693 1546785 1801056 1711167 1855311 1820892 1609393 1884483 1723944 1732422 1882442 1604925 1659721 1768491 1603605 1528838 1736876 1732829 1701664 1964176 1973712 1849688 1840603 1852190 1724271 1668240 1816038 1770784 1720701 1828950 1664509 1837791 1757030 1745649 1697153 1801721 1683531 1813135 1893003 1746613 1530708 1740786 1744940 1781277 1706561 1671160 1751858 1854920 1682167 1702032 1882151 1709702 1585751 1537781 1909376 1887106 1789768 1839693 1772460 1754506 1690583 1749390 1853268 1723961 1801915 1738457 1811778 1804176 1788161 1750900 1811954 1724550 1855866 1753634 1728769 1736914 1679546 1703666 1822054 1926223 1706466 1562013 1706409 2034982 1801671 1641309 1731190 1771967 1819308 1451819 1676907 1716012 1724355 1912962 1686045 1866684 1669335 1721158 1835682 1665946 1594361 1808197 1794355 1904025 1802502 1898051 1617814 1848903 1742393 1818039 1739826 1684739 1725969 1813585 1803964 1822097 1587754 1766623 1788873 1605899 1819312 1632070 1879022 1846668 1509724 1710509 1744577 1778769 1850865 1866704 1651313 1685865 1709509 1839125 1722584 1947957 1962789 1790749 1597247 1809950 1843607 1742974 1660474 1530011 1824276 1764468 1704063 1880671 1776006 
1976668 1892977 1575998 1702741 1912831 1932703 1852212 1925881 1905427 1761363 1853654 1887665 1832082 1802245 1760455 1996317 1692834 1773330 1801952 1837658 1814628 1810961 1731150 2048238 1987081 1808416 1739624 1762397 1763244 1985320 1824911 1908220 1661291 1759709 1750864 1939899 1876069 1739158 1885575 2014250 1611749 1698654 1952636 1786199 2046725 2085377 1877516 1787788 1886779 1930616 1921684 2019079 1655114 1821817 1806432 1974992 1867050 1739191 1962821 1808834 1659188 1985800 1696147 1794215 1974282 1660778 1590668 1740374 1865808 1782951 2065892 2152622 1937474 1940484 1885508 1890723 1729523 1855108 1932338 1915431 1933962 1850912 1924841 1735285 1788960 1761646 1951415 1668572 1915330 1988233 1896424 1549001 1752201 1837623 1914602 1782846 1763820 1872802 1856901 1748085 1844087 1957139 1785576 1639952 1687854 1831636 1916549 1890694 1898576 1957622 1837655 1853093 1833743 1978141 1849609 1916361 1850937 1887412 1807123 1949536 1824898 1996118 1845702 1943712 1783404 1828973 1846525 1771272 1952221 1903644 1972788 1892591 1755959 1861100 2033964 1921729 1786329 1884952 1957023 1869664 1532616 1894663 1905771 1732803 2042571 1816421 1882795 1739808 1827835 1940558 1773260 1624721 1895851 1838009 1925520 1885061 1951731 1714706 1932110 1875789 1944113 1697474 1883857 1677186 1971753 1990636 1943436 1750807 1898601 1835588 1669526 1796575 1737425 1942832 1890555 1743665 1800426 1825122 1863806 1890518 1853528 1718524 1842686 1866349 1688810 1856065 2034521 2169798 1891305 1709357 1903828 1898569 1809427 1816314 1674578 1929440 1768797 1786193 2022326 1905592 
2007123 1769986 1649218 1673043 1864898 1981485 1806248 1926138 1873856 1789436 1737240 1840323 1802596 1797601 1765555 1914280 1725088 1832548 1784560 1840846 1693828 1865685 1835743 2057003 1928523 1784088 1677136 1745496 1920463 1860604 1773287 1856463 1635323 1786245 1751403 1892658 1735402 1689127 1724057 1890902 1636831 1790508 1902742 1961200 1936700 2053939 1934880 1822833 2002467 1953524 1991010 2011391 1666301 1777037 1746853 1977072 1820385 1719182 1928591 1834195 1761985 1948441 1736434 1752012 1841639 1590106 1639426 1735374 1843096 1849836 2051114 2038413 1969802 1884578 2054634 1796943 1821461 1815812 1941009 1802844 1810189 1831906 1925887 1731180 1828069 1774445 1951309 1813465 1867141 1936346 1853951 1637998 1760173 1745375 1850609 1786264 1715913 1900536 1879430 1669677 1786300 1884919 1865929 1682049 1708110 1811241 1909013 1829589 1845286 1868009 1820881 1818047 1754583 1832941 1879745 1841197 1825605 1987515 1768006 1908385 1797941 1996002 1778175 1956882 1782959 1864744 1841118 1794082 1916664 1913286 1982341 1709984 1813253 1860166 2032119 1829789 1769087 1794775 1882577 1804349 1556411 1808144 2000077 1770567 2014359 1744569 1933583 1744284 1781441 1858944 1757809 1667864 1775641 1857193 1920628 1881170 1921843 1663308 1882097 1802787 1969542 1714902 1966620 1740883 1938634 1891014 1848693 1748304 1757393 1870753 1733310 1873473 1740524 1938984 1847077 1661012 1830463 1767162 1803182 1882148 1880933 1771726 1829775 1824342 1802393 1844911 2058254 2141624 1881082 1699543 1881666 1877428 1808702 1756709 1636904 1892241 1650483 1799211 1991461 1910556 
2008448 1880793 1607865 1753921 1862240 1903204 1767404 1872200 1842074 1718187 1683954 1859051 1840216 1835723 1713970 1863764 1625985 1723832 1826637 1800772 1682563 1920782 1719177 2005077 1868370 1730677 1720797 1734430 1831884 1818975 1785054 1899640 1698747 1755680 1624370 1853324 1800592 1778471 1695549 1826318 1638838 1691402 1926249 1890110 1962315 2091624 1786597 1713293 1917028 1896265 1970771 1916563 1613951 1815557 1743107 1870611 1914843 1718228 1898030 1830910 1768507 1987221 1754791 1722024 1858103 1650623 1621125 1740379 1868831 1836096 1991188 2046805 1960375 1957348 1914742 1863150 1770977 1796453 1841967 1717961 1877662 1749090 1898650 1726364 1841172 1690497 1835077 1626869 1803077 1955525 1865350 1614284 1687532 1708634 1803476 1742452 1727858 1844671 1850362 1744691 1766171 1906303 1831819 1601471 1570087 1831265 1976657 1789988 1843209 1846831 1712602 1728339 1779116 1856006 1750895 1854030 1837860 1825699 1754104 1828515 1749208 1896530 1716597 1916033 1912595 1820969 1774048 1744974 1794112 1843713 1927420 1811172 1753247 1792451 2042701 1793556 1682230 1808604 1739674 1860437 1496803 1817006 1860147 1837021 1956891 1733330 1899906 1769253 1725195 1810499 1737229 1668840 1756181 1915697 1891176 1820638 1832467 1596515 1964201 1726049 1901787 1746263 1728457 1786455 1823087 1860492 1917370 1665713 1828845 1883410 1633249 1816117 1713191 1893202 1853561 1674192 1785716 1706504 1808147 1904650 1897059 1729833 1713167 1761266 1743498 1813329 1990814 2038827 1805912 1609799 1796393 1835482 1839447 1734522 1664996 1870772 1661544 1780964 1996327 1859561 
1928951 1933747 1631970 1715583 1919189 1894705 1806254 1959668 1827328 1813884 1759021 1911210 1899956 1865562 1760329 1964564 1782185 1821976 1838729 1815127 1740516 1914308 1881307 2109171 1885049 1838075 1741153 1692402 1889016 1906019 1821860 1815717 1644282 1796796 1785236 1959560 1863571 1695645 1810898 1906544 1636682 1765693 1955544 1872702 2003909 2026512 1815549 1815835 1938130 1972565 1979957 2030625 1647593 1823709 1718514 2018468 1884456 1735103 2031247 1857901 1800481 1956357 1704359 1819925 1891612 1696247 1626660 1834656 1916194 1769319 2088821 2093490 1950860 2048699 2150947 1913265 1846739 1898242 1913907 1779551 1934118 1675828 1953753 1856258 1841486 1692827 1926294 1792398 1922796 2062737 1829748 1590991 1743540 1754706 1982692 1733988 1797638 1824658 1950645 1757548 1772159 2015142 1891969 1698107 1714791 1869409 1913649 1860519 1869606 1961617 1762713 1749117 1820687 1916989 1912092 1883722 1875943 1949876 1777674 1926285 1735035 1967340 1759825 1962654 1893617 1848511 1880450 1764328 1903164 1929272 1988177 1784494 1806871 1773112 2056000 1870874 1734481 1853729 1927571 2008225 1635655 1754408 1823375 1763393 2000095 1703910 1950884 1777513 1829138 1950163 1784104 1671583 1825290 1806967 1933674 1944309 1847639 1771524 1983233 1886867 1965535 1724274 1866323 1782190 1873837 1987084 1947794 1728267 1806628 1936656 1721282 1884814 1783138 1940054 1896585 1769650 1924509 1852012 1922645 1880796 1955595 1686754 1847588 1886746 1789319 1841139 2103129 2122443 1876949 1749673 1865861 1863666 1789671 1798308 1688867 1866491 1774501 1870519 1986801 1960154 
2009577 1922810 1757779 1705862 1906059 1977499 1878862 1965276 1918973 1766786 1825468 1892256 1891500 1863441 1858852 1943090 1775368 1828172 1898904 1872548 1734485 1850608 1916023 2130526 1998091 1850977 1772578 1819011 1926619 1877878 1815014 1935038 1804715 1774555 1799992 1919216 1891067 1763908 1817144 1976531 1675885 1775706 2027193 1955339 2007633 2117593 1910612 1839518 1963922 1932340 1984621 1992075 1775132 1910632 1756870 1936018 1879021 1685179 1965062 1846270 1826609 2013913 1765349 1749903 1856063 1713379 1685851 1745146 1967648 1920230 2077710 2214701 1921613 1946688 1897098 1881844 1773639 1898803 1911998 1887959 2056446 1821111 2063484 1860912 1861925 1778335 1913577 1786409 1788291 2051822 1936620 1695204 1773685 1903579 1928991 1855176 1799788 1896724 1870941 1808517 1797828 1968117 1814179 1695604 1665745 1789199 1997275 1888918 1900821 1892712 1908686 1814129 1890024 1940262 1849062 1839182 1842390 1866271 1755470 1926027 1900727 2089023 1835993 2029694 1815713 1837217 1883302 1818099 1797983 1915133 2171853 1842657 1789116 1915761 2185518 1915219 1797370 1973190 1874455 1976415 1548007 1836282 1944585 1757292 1979629 1842937 1940582 1729220 1838884 1918016 1856079 1743963 1828416 1899675 1897149 1945158 1935654 1675132 2057345 1921057 1955350 1739073 1877667 1858153 1988072 1930172 1920774 1834268 1876545 1823786 1762941 1872750 1769492 1984445 1987737 1787539 1863846 1801776 1882776 1899092 1925524 1809972 1839362 1817573 1852692 1808141 2171181 2146971 1825278 1736880 1963567 1809899 1824678 1783010 1688810 1952001 1719007 1909280 2000416 1948202 
1881171 1723155 1498857 1622970 1808686 1782572 1743583 1817710 1746182 1677353 1561418 1731025 1722472 1771102 1605630 1785661 1652402 1805966 1752267 1698669 1620104 1775649 1699803 1887104 1797342 1721717 1593976 1655680 1774077 1708492 1736624 1767030 1606587 1649666 1658568 1780666 1754174 1626242 1636286 1900088 1540015 1638901 1847087 1844434 1802521 1972833 1782902 1638980 1861580 1815931 1798007 1907663 1606537 1775041 1642235 1816828 1800177 1671895 1738001 1741935 1701071 1866304 1694835 1648182 1779186 1528250 1503391 1607438 1739020 1782069 1922117 1942440 1775553 1819540 1865653 1865973 1651569 1813675 1753331 1685929 1709328 1599915 1874454 1643447 1721716 1662188 1759789 1676616 1763722 1878471 1808692 1540945 1668294 1716864 1819366 1661131 1526068 1739202 1830858 1694463 1660953 1944004 1769376 1645016 1486484 1724070 1814747 1814065 1754520 1835820 1637652 1667148 1781425 1796968 1811132 1754744 1747442 1818988 1698823 1780083 1710935 1848494 1616434 1833652 1804889 1701429 1716412 1759620 1728793 1811809 1961354 1625163 1737169 1689873 2065877 1672482 1614196 1707843 1670354 1744340 1491929 1701313 1765203 1705121 1857844 1712839 1836414 1657242 1657976 1735797 1699772 1666564 1709128 1783622 1777657 1800852 1783467 1607798 1844392 1709114 1827267 1692589 1842333 1756710 1845954 1782937 1794722 1564635 1645338 1823510 1586284 1781387 1678434 1818377 1798219 1562110 1809596 1704225 1784347 1725497 1832246 1712971 1714831 1715071 1703182 1688093 1988697 1976555 1810582 1636763 1712839 1812756 1706032 1756213 1519050 1808461 1648263 1722535 1829133 1866493 
1930840 1900957 1626452 1788159 1847494 1897869 1813399 1884438 1869009 1664989 1807027 1885668 1864710 1790092 1840298 1852601 1718946 1809098 1920884 1894530 1768155 1884372 1813214 2142225 1938546 1762075 1709229 1821538 1843041 1868886 1791992 1856088 1685877 1863330 1829841 1920500 1835902 1748778 1756852 1944669 1503339 1753372 1971539 1874551 1943289 2094801 1843538 1764059 1937923 1945204 1917950 1885063 1730494 1896337 1769819 1960990 1900691 1739593 1994043 1852242 1758889 1958197 1751357 1739738 1877989 1750870 1697449 1812311 1961744 1891733 2013845 2155013 1880145 2022489 1917365 1926660 1860903 1888304 1902102 1850653 1957607 1825709 1946222 1704065 1875889 1757138 1880090 1702501 1787891 2038524 1849401 1628889 1695902 1833957 1838358 1790470 1792302 1879918 1890611 1714151 1720254 1925045 1788435 1705481 1693636 1790479 1894344 1835545 1909002 1892088 1796123 1752791 1785494 1889636 1826546 1848099 1838438 1869489 1789944 1933726 1816622 1985313 1740910 1937902 1831165 1850272 1819657 1782559 1843146 1832416 2037916 1876964 1762792 1866611 2118880 1867132 1832263 1906721 1900804 1947496 1518817 1888898 1939796 1752927 2064090 1754506 1912465 1812791 1808939 1805542 1861664 1696157 1762500 1945682 1929202 1903116 1879652 1770237 1963365 1858879 1931498 1769372 1845986 1783249 2005921 1938650 1886616 1844430 1844039 1989365 1744712 1846100 1661552 2065037 1882023 1733274 1835735 1801515 1863756 1995061 1889155 1720311 1840337 1928460 1833417 1843416 2023871 2051988 1904967 1734499 1917125 1959769 1869952 1735787 1725565 1966957 1797758 1774109 1963709 1998305 
2018664 1925083 1800700 1765356 2014176 1988733 1891327 2066123 1920151 1877427 1739193 1886185 1905530 1902167 1859465 1987391 1755302 1938058 1931242 1854310 1782643 2017131 1976881 2202382 1955776 1936189 1924691 1837821 1950184 1945364 1876921 1908457 1725291 1755404 1898266 1999698 1854493 1839877 1918461 1993373 1678434 1830463 2124400 1918376 2004857 2090509 1930642 1931619 1999641 1959580 1980971 2125591 1774914 1960208 1822544 1964664 1983679 1765374 2074129 1940380 1844644 2143666 1852521 1867913 1912533 1770326 1772687 1868717 1982735 1914567 2021033 2171911 2111245 1945327 2110516 1819134 1730446 1930834 1951223 1932971 1914074 1952274 2065721 1832654 1933045 1756943 2013583 1803242 2014397 1977489 1885874 1805087 1819837 1878688 1875242 1810647 1901959 1951138 2111743 1823337 1887435 2026944 1904671 1771681 1735139 1938082 2007446 2027924 1977774 1951545 1887248 1828144 1960074 1958286 1962571 1934551 1891600 2073716 1769714 1993510 1842000 2055445 1929551 1996630 1880906 1928541 1877128 1822368 1987640 1984035 2087357 1813489 1877519 1861600 2236332 1886137 1812179 1909428 2009960 2032834 1694646 1927860 1955124 1831291 2070516 1826876 2060040 1882306 1872391 1923316 1897412 1722274 1938013 1979242 1962923 1905035 1900006 1763084 2074475 1874932 2057605 1757807 1922206 1796404 1957059 2063564 2010942 1775191 1866093 2009756 1860959 1915943 1780251 2077754 1929516 1873188 1892927 1944566 1943493 2004463 1971129 1832245 1935523 2027342 1784902 1936813 2162961 2222713 1912797 1763317 1961936 2005770 1953116 1781513 1733157 1984827 1796290 1928700 2077650 2022249 
1973280 1866835 1731302 1759297 2006586 2010128 1844407 1904069 1852391 1818354 1825153 1956752 1875628 1843913 1821523 2043907 1813656 1754487 1870663 1927578 1771551 2078535 1818006 2096395 1958477 1755676 1811925 1832105 1941856 1909265 1845915 2009005 1719422 1742520 1836376 2052425 1821555 1806413 1852922 2123551 1616382 1847546 1986988 1935858 2060752 2154179 1875841 1827594 2016437 1949642 2006082 2079859 1702847 1957716 1851387 1876139 1922727 1797840 1948737 1913267 1868558 2062692 1723566 1792799 1847777 1747517 1587894 1860432 1969833 1751740 2057823 2167153 2037298 2040964 1986701 2008538 1844775 1933116 1896321 1876949 1906673 1856259 2026844 1748941 1891148 1817864 1942508 1752191 1950098 1948679 1966552 1701976 1811149 1865211 2003576 1846731 1805467 1902966 2019122 1850545 1741118 2027315 1967089 1736677 1627690 1953923 1944456 1936466 1925489 1964594 1854029 1914251 1929653 1918879 1904848 1789706 1839740 1991623 1832057 1988298 1824647 2036184 1811458 1885838 1846713 1908496 1895117 1825784 1917698 1943806 2141457 1871120 1824534 1879844 2193402 1897566 1771912 1974103 1896397 1994455 1640383 1844067 1890826 1873148 2086987 1844309 2006686 1811943 1813571 1978332 1883401 1725510 1917347 1928059 1986880 1909205 1870880 1671976 1950851 1873238 1965866 1764653 1944336 1771553 1961623 1875851 1967293 1823703 1872170 1948716 1813020 1838255 1753013 2066447 2016802 1805473 1895465 1897355 1974532 1938305 1987501 1816825 1772232 1883844 1844633 1878971 2086507 2128397 1836430 1672092 1843478 1923257 1871990 1810188 1680130 1919324 1889541 1991487 2042829 2070815 
1982543 1884286 1660258 1742695 1945281 1978562 1890553 1976552 1871273 1817657 1730457 1942612 1908480 1834597 1825066 1973209 1790638 1823544 1976697 1927726 1803925 1965344 1808068 2178816 1926074 1761528 1825574 1893494 1918619 1834234 1894066 1885649 1807520 1876736 1859977 2089894 1925512 1833111 1785529 1962419 1613949 1769785 2016570 1915795 2005017 2236814 1888033 1823555 2133796 2020205 2002848 1976181 1817808 1883490 1712725 1900676 2065947 1758807 1932553 1927499 1852325 2124621 1801544 1814803 1972767 1664227 1669203 1819876 1931770 1914421 2047180 2163621 2007968 2057055 2018696 1947237 1898521 1874898 1807729 1858978 1986073 1803319 1991729 1836253 1835859 1734769 2005491 1752774 1956079 2066314 1902219 1750350 1882864 1800377 1916092 1766891 1785402 2016250 1988779 1820157 1933314 1951178 1975727 1690532 1733801 1795165 1969274 1941421 1964783 1877624 1890288 1868400 1986753 1937172 1908603 1935859 1885304 2032758 1793058 2027491 1853449 2008596 1826720 1950927 1878789 1917329 1860763 1890191 1961909 1949879 2099998 1829232 1824943 1860166 2183518 1887683 1728593 1901904 1930880 1967408 1657822 1814972 1950719 1821426 2117582 1855413 2036231 1892283 1757826 1992754 1790440 1634451 1902272 1892401 2012685 1898743 1999448 1713424 1941934 1927831 2006477 1810830 1996447 1899634 1966408 1984427 2010648 1784126 1817971 1895755 1711200 1868436 1817493 2089690 1906600 1717580 1962836 1750840 1955479 2056185 1915343 1787553 1870863 1870221 1851923 1878117 2143592 2157174 1854579 1708694 1955142 1953350 1835913 1813689 1744076 1997942 1766309 1877565 2029032 2032232 
1918344 1806565 1612686 1713207 1886939 1968544 1807296 1858620 1733304 1763966 1681916 1841553 1889730 1772654 1760999 1977602 1613110 1830576 1828482 1792474 1691172 1916174 1787380 1972070 1835612 1796641 1714315 1751494 1809026 1849479 1855677 1842612 1680801 1675564 1682099 1907656 1815183 1728771 1801772 1900540 1574291 1681045 1935582 1810853 1945383 2073329 1802188 1804014 1893097 1963753 1890775 2000232 1588892 1831282 1671922 1827041 1865063 1716065 1837260 1843588 1759850 1874870 1656131 1786809 1814481 1610506 1665714 1832420 1824863 1772001 1976635 1983686 1946181 1941906 1978073 1817676 1773862 1887734 1852771 1816672 1849649 1869631 1894736 1740763 1841163 1771593 1906005 1663284 1852215 1955987 1793144 1615126 1733446 1719648 1744099 1712886 1771170 1806387 1897063 1674333 1745861 1886749 1848677 1596030 1575018 1773321 1858413 1776171 1766074 1866706 1785588 1782846 1762490 1831880 1865696 1922427 1884576 1936780 1706560 1884859 1746230 1881220 1764522 1925411 1765426 1793046 1824619 1797847 1810255 1967534 1952029 1755820 1673528 1779767 2024628 1804565 1700748 1837755 1774515 1809590 1576016 1707657 1885104 1801175 1971910 1771855 1869499 1789374 1738853 1811408 1671528 1564962 1818764 1842804 1817778 1820483 1801574 1677255 1877150 1751800 1958563 1661827 1822550 1741859 1887809 1908975 1986827 1606538 1808877 1864650 1689138 1767970 1743115 1918279 1876747 1688412 1792425 1809608 1856880 1971195 1873919 1805645 1800922 1877251 1762468 1816517 1926323 2088823 1802496 1706817 1779224 1925471 1810704 1680355 1574893 1870025 1709505 1832143 1921313 1899499 
1815935 1736751 1520838 1604626 1907706 1765576 1734796 1793226 1726424 1612977 1559376 1722620 1804137 1739479 1662804 1848579 1643094 1773217 1836168 1706059 1710742 1864417 1670159 1942591 1850361 1595918 1691349 1683461 1802310 1755968 1746716 1786845 1560396 1676417 1748518 1825434 1844738 1691647 1711033 1922043 1490468 1674333 1828161 1823788 1818035 2001528 1812672 1697208 1980274 1843318 1733558 1967965 1455569 1853505 1639454 1799385 1839275 1672165 1879624 1769071 1672965 1903527 1646054 1731189 1836599 1536595 1464600 1702606 1797755 1656286 2065212 2014976 1957933 1901586 1893770 1705145 1635934 1752104 1781728 1775077 1859680 1718328 1908105 1668966 1815557 1684859 1747441 1637265 1773763 1855540 1836554 1659795 1697836 1621648 1721149 1602609 1698670 1696819 1857360 1633508 1728764 1848190 1703072 1485641 1580322 1795321 1751296 1736662 1817803 1733921 1696639 1670679 1819237 1752089 1862490 1738231 1712012 1784421 1764103 1846631 1708666 1953368 1696051 1802662 1727998 1718841 1698151 1714408 1821270 1819053 1879800 1725524 1681383 1683046 1964509 1786249 1551155 1676206 1825115 1811082 1479615 1666086 1860520 1698689 1978026 1603465 1866635 1650775 1656240 1774930 1711976 1718671 1788036 1782590 1880896 1743515 1776732 1647482 1843204 1615945 1802627 1666211 1811758 1678454 1758837 1927541 1875317 1584638 1687961 1760066 1658018 1772372 1660132 1857267 1693001 1569947 1720348 1635635 1748503 1863164 1741910 1682706 1788974 1717082 1727655 1750159 1926759 1879942 1773270 1624195 1834687 1779096 1712085 1644052 1568143 1811718 1714186 1740066 1900976 1818830 
2054484 1963517 1781056 1815352 2015003 2026558 1914939 2043828 1911745 1908619 1911032 2007168 1911059 2015810 1827297 1906149 1761999 1954673 1984151 1922528 1831385 1966295 1888769 2151568 2024003 1893176 1854973 1914715 1973536 1934950 1932584 1976608 1826870 1899811 1936530 2018994 1855829 1843424 1857773 2011006 1860350 1873370 2241643 1982429 2074685 2146893 1942746 1867531 2100298 2030419 1927261 2131988 1871551 1985620 1947558 1955862 1967557 1790981 2027231 1885204 1849285 2096105 1769937 1816200 1946854 1748307 1757373 1886499 2034094 1937622 2114383 2145083 2134912 1996147 2019080 2033996 1814949 2070777 2045508 1891418 2032591 1874088 1990180 1840484 1854644 1882211 2008759 1830988 2001917 2079161 1861053 1739684 1805770 1893965 1995671 1903364 1789312 2026895 2024761 1827666 1894724 2070382 1876752 1795377 1764048 1860679 1970931 1960746 1895950 2009240 1850630 1871413 1870210 1988282 1955781 2009990 1909731 2074347 1863516 1999469 1932709 2044226 1918982 2047245 1915704 1867645 1896961 1869163 1864281 1984849 2140159 1981738 1867159 1857460 2191975 1963738 1825266 1971723 1991362 1994407 1601213 1861255 1999146 1984721 2091256 1908299 2005058 1896744 1856584 1950917 1880116 1769731 1914214 1969595 2046678 2051667 1892631 1863192 2031942 2000242 2143030 1880179 1948855 1902152 1993521 1972905 2100847 1792256 1794129 2007711 1833019 1969996 1781227 2084321 2013229 1691537 1896823 1920390 1994688 2072507 1955207 1776624 1907522 2013217 1939737 1888969 2162000 2100576 2019776 1815182 1945123 2016827 1846525 1851924 1805311 2037830 1927298 2005032 2052139 2028496 
1855772 1786212 1647443 1697698 1935062 1915817 1803779 1984831 1721669 1780468 1727092 1773251 1811122 1719600 1747548 1853440 1732916 1803048 1787641 1856680 1675415 1900042 1808842 2080207 1861655 1727054 1706926 1613893 1841200 1817820 1752919 1778761 1667821 1722348 1729071 1928306 1822267 1726964 1769342 1848775 1502957 1717027 1860501 1806003 2039267 2065769 1781180 1820950 1908579 1886591 1796772 2021391 1610073 1946182 1683229 1888053 1788372 1746896 1900014 1789444 1732486 1911697 1682795 1790646 1907171 1736402 1578428 1702881 1819697 1869188 1918483 2078411 1891401 1908526 2011546 1782355 1677509 1855008 1909746 1812102 1898817 1718688 1975940 1673536 1774435 1764588 1903157 1672932 1741689 1948669 1783396 1647193 1787479 1752066 1847528 1683467 1705262 1800856 1895303 1704161 1721406 2087463 1844237 1693812 1637686 1816333 1953075 1857808 1864657 1902454 1908339 1800027 1761263 1839923 1900314 1764139 1827635 1878635 1668278 1847126 1806088 1899199 1721312 1862571 1770430 1805687 1692312 1738714 1877505 1844115 1984012 1788322 1725914 1754931 2062838 1783656 1687881 1788600 1990557 1863362 1557142 1863050 1866213 1783960 1969319 1730469 1913037 1801006 1621256 1788576 1821561 1630740 1905290 1802949 1852217 1867091 1782090 1716631 1963779 1850046 1915316 1754097 1917129 1717772 1851856 1969369 1884256 1635382 1851425 1910835 1650538 1726422 1790884 1990468 1897101 1748529 1745127 1743310 1776687 1877912 1833800 1641900 1733007 1672573 1763226 1806500 1973991 2030079 1830913 1740286 1830557 1803915 1744102 1738344 1651722 1993089 1721540 1785808 1938720 1812586 
1890063 1760982 1538464 1582200 1881496 1780700 1739784 1868750 1766190 1643694 1734035 1789100 1740748 1805103 1679124 1798548 1614449 1782549 1797840 1726522 1631600 1733871 1760571 1999758 1750712 1773965 1737170 1760990 1754294 1800287 1803378 1833060 1620025 1695860 1719674 1810100 1851306 1749368 1700252 1877623 1530796 1661442 1939601 1818956 1880691 1986064 1783613 1704843 1902107 1828463 1782789 1793605 1519654 1853311 1631685 1888600 1893664 1609472 1769186 1805492 1712044 1858722 1581798 1771999 1821683 1616265 1599796 1703613 1719048 1719616 1982512 2015255 1845490 1891345 1840727 1772599 1716241 1787715 1750659 1801654 1828637 1645223 1862732 1713863 1793191 1574578 1839913 1673252 1832000 1875047 1790012 1640128 1683594 1727364 1873846 1730135 1721464 1729808 1858811 1708851 1680609 1881269 1703946 1590305 1531296 1660747 1759846 1741091 1842401 1842903 1737879 1693709 1815052 1757212 1856223 1715413 1695747 1791903 1714060 1836401 1742630 1874623 1684586 1777295 1777481 1754782 1715169 1668694 1716280 1810166 1940705 1736388 1692983 1747185 2034926 1812320 1542586 1750473 1758106 1870997 1444154 1761870 1820290 1698836 1886448 1684763 1879181 1737642 1748713 1774121 1765984 1653620 1802699 1831975 1771640 1767574 1856720 1636187 1844189 1757461 1865322 1629183 1831666 1737072 1836571 1912310 1938429 1634209 1793446 1867331 1675338 1753990 1659465 1821493 1769595 1602115 1779329 1616570 1768623 1727011 1843382 1723209 1798021 1684485 1727232 1744491 1963262 2049292 1743015 1607467 1919350 1829879 1651918 1637258 1574779 1788333 1669747 1715437 1897661 1894252 
2061792 1856125 1638507 1714716 1980027 1944852 1874474 1992396 1929088 1826320 1812180 1824254 1858542 1772347 1866584 1811376 1731403 1872391 1944497 1966651 1832424 2013444 1781628 2027564 1905233 1864506 1742183 1833332 1851711 1985208 1838802 1842275 1752544 1840406 1904187 2000042 1889757 1759551 1824579 1937206 1576638 1812912 1965065 1847972 1960588 2051885 1843090 1804698 1939610 2004236 1881733 2035915 1682372 1915266 1897182 1977179 1940002 1821006 1921686 1916214 1827083 1961233 1812619 1757519 1848272 1713137 1650639 1794062 1907754 1876857 2016242 2095555 1969530 1974780 1957744 1944781 1744423 1944146 1922502 1832025 1925791 1754741 1939402 1705797 1795875 1800848 1926114 1880264 1854838 1979673 1899756 1704475 1867891 1872239 1876541 1785900 1809899 1794842 2008360 1733226 1824562 2062124 1842530 1663282 1610169 1899519 1879983 1824192 1831230 1923410 1804644 1840009 1894494 1892553 1900242 1849066 1925591 1957325 1885045 1895182 1909214 2002280 1804305 1891618 1896861 1939415 1809409 1837247 1910518 1986517 2036272 1835480 1776225 1882756 2085733 1885023 1746233 1881507 1874626 1915917 1531872 1809677 1935200 1820390 2050311 1747074 1962204 1775846 1770537 1920385 1780550 1691441 1796657 1914356 1922226 1839455 1926778 1759218 1960320 1808555 1989302 1830493 1917131 1737389 1948272 1989529 1963289 1708919 1907279 1992916 1735872 1809939 1726679 1957801 1852405 1751682 1896891 1808096 1907253 1919431 1946320 1751510 1868577 1885341 1801832 1834951 2009646 2053164 1896594 1806321 1875819 1930898 1836298 1686377 1679297 1861865 1773280 1816102 2024943 1883511 
