7447 8039 7418 7652 8279 7702 8531 7563 8323 8220 8591 7742 7942 7623 8151 8403 7965 8449 8165 8142 8059 8363 7940 7845 7857 8066 8001 7927 8126 8064 7725 7647 7819 8553 7978 8186 8604 8014 8169 7873 8575 8125 7779 7971 7551 8738 8736 7587 7599 8074 8250 8108 8123 7952 7814 7981 8103 8114 8110 8335 8288 8138 7939 8071 7916 8108 8507 7933 8309 8077 7882 7512 8015 7819 8052 8221 7687 7652 8156 8053 8334 7980 8115 8295 7491 7925 7801 8170 8123 8343 7481 7382 8042 8498 8374 7978 7491 8163 8184 7881 7607 8008 8151 8161 8020 7641 7761 7485 8009 8452 8053 7975 7960 7693 7814 8405 8062 7985 7893 7888 7949 8242 8407 8290 8182 7917 8649 8126 8027 8330 7899 8191 7489 7424 8230 8309 7838 8302 8304 8256 7909 7863 8505 8178 8047 8059 8192 8103 7457 7650 8175 8126 8011 7849 7604 8182 8461 8080 7322 8222 7930 8134 8100 8532 8252 7934 7225 7567 8205 7791 7543 7538 7563 8612 7775 8174 8566 7736 8046 8079 8060 7978 7824 7689 7335 8163 8189 8015 8084 8327 8162 8241 8099 8036 8468 7533 8165 7455 7373 7903 8128 7562 8149 7501 7779 7238 7507 7940 8004 8139 8082 8322 8442 7846 8592 8071 8305 8495 8330 8674 7342 7797 8265 8016 7923 8010 8190 8422 8312 7708 7726 8389 8486 8535 8113 7785 7999 8414 7727 8218 8557 7663 7630 8618 8608 7717 7447 7624 7667 8096 8060 8058 7862 7993 7927 7621 7737 7375 7964 8050 8414 8067 8191 7993 8589 8741 7849 7880 7917 7665 8085 8047 8136 8071 8028 8485 7547 7861 8233 7635 8263 7969 8519 8195 8140 7991 8408 7140 8191 8511 7780 7754 7565 8055 8178 7495 8273 8077 8171 7844 7482 7960 8290 8327 8221 7813 8085 8300 8171 8074 7753 8096 7846 8474 7870 8058 7874 7993 7969 8345 8448 8207 8177 8651 7887 8246 7853 7562 8357 8207 7650 8302 8299 8480 8095 8147 8299 8183 8186 8161 7819 7674 7853 8000 7790 8515 8163 8491 7492 8515 8390 7925 8114 8705 8061 7872 8210 7768 7893 8098 8563 8192 7918 8232 8450 7838 8503 8134 8010 8179 8012 7996 7894 7963 7625 7873 7737 8352 8271 7908 8320 8078 7984 7981 8845 7950 8158 7932 8343 7571 8523 8237 8188 8376 8175 8002 7874 7965 7648 8091 
7704 8063 7454 8061 8175 7824 8418 7475 7946 7524 8499 8026 7690 7577 7674 8003 7566 8519 7846 8107 7848 7660 7633 7673 8084 8108 7667 7315 7865 7913 7523 7658 7716 8341 7342 7941 8097 7769 8265 7576 8417 7989 8032 7872 7655 8391 8212 7456 7844 8260 7904 7912 8070 7666 7390 8086 7653 8244 7945 8243 7916 8349 7860 7867 7578 8240 8374 7603 7729 7796 7804 7605 7930 7670 7998 7639 7263 7582 8095 7797 8454 7628 8123 8035 7484 7723 7546 7888 8253 8462 7346 7395 7999 7940 8293 7737 7540 7843 8166 7726 7828 7958 8437 7995 7795 7828 7842 7548 7982 7893 8024 7781 8045 7425 7480 8284 7675 7808 8325 7611 7776 7934 8139 7869 7611 7457 8088 7681 7566 8296 7961 8353 7282 6882 8179 8180 8051 7859 7836 7833 7925 7688 7821 8101 8083 8087 8582 7555 7102 7566 7714 7850 7757 7540 7678 8018 8320 7910 6916 8152 7664 8116 8426 8357 8164 7825 7082 7205 7929 7468 7616 7738 7185 8065 7817 8389 8103 8066 7767 7773 7713 8118 7804 7466 7400 8106 8002 7692 7363 7973 8177 7985 7759 7850 8345 7594 7900 7510 7163 8308 7524 7365 7887 7384 7678 7347 7079 8171 8119 8194 7874 7997 8269 7607 8156 8087 8285 8277 8495 8101 7362 7652 8114 8175 7832 7739 8069 8428 8406 7406 7638 8491 8316 8014 7692 7596 8001 8076 7654 7747 7962 7548 7718 8030 8050 7784 7325 7702 7514 7822 7971 8084 7449 7706 7744 8050 7722 7609 7955 7606 8494 8021 7930 7951 8167 8617 7929 8240 7765 7540 7751 7443 7956 8256 7896 8348 7786 7696 7709 7393 7993 7865 8013 8264 8121 8160 8093 7211 8048 8101 7487 7588 7507 7790 8025 7849 7950 7644 8123 8188 7593 8008 8110 7901 8077 7775 8093 8363 8139 7736 7684 8024 7637 8265 7968 7603 7858 8113 8220 7962 7955 7790 8122 8378 8025 7797 7783 7436 7760 7834 7389 8111 7649 8008 7934 7778 8151 7674 7856 8178 7314 7701 7653 7928 8022 8345 8383 8372 7441 7974 8280 7645 7802 8370 8042 7633 7943 7622 7681 7840 8170 7952 7913 7961 8096 8116 8246 7871 7851 8039 7775 7646 7867 8157 7581 7680 7178 8063 8104 8059 8017 7757 8406 7771 8534 7676 8269 7719 8227 7680 7991 8028 8302 8168 7890 7861 7767 7877 7518 7902 
7866 7782 7770 7710 8416 7824 8372 7564 8322 7850 8136 7842 7899 7606 7647 8032 7576 8237 8263 8301 8052 8107 7879 8090 8019 8222 7913 8073 7888 8033 7732 8120 7546 8115 7590 8032 8206 8064 8553 7776 8327 8162 8064 7786 7797 8534 8512 7482 7665 8214 8066 7982 7996 7814 7941 8527 7594 8137 8148 8111 8364 8482 7780 7871 7685 8276 8211 7761 8270 8184 7833 7814 7829 7777 8099 7999 7298 8180 8328 8090 8564 8135 8370 8454 7670 7807 7930 7948 8464 8400 7385 7773 8130 8017 8463 7683 7664 8242 8404 8199 7706 8012 8508 8110 8036 8026 7869 7807 8150 7988 8077 8340 8035 8079 8084 8298 7761 7761 8484 7470 8061 8414 7793 8193 8084 7903 8736 8226 8072 8470 7956 8204 7420 7458 8322 7842 7238 8338 7886 8288 7874 7864 7907 8040 7942 7919 8376 8053 7581 7648 7961 7602 7891 7847 7848 8105 8117 8062 7343 8208 7970 7961 7954 8047 8190 7835 7127 7893 7973 8023 7691 7602 7451 8232 7953 8418 8351 8075 8115 8151 8119 8066 7560 7979 7408 7863 8026 7608 7630 8083 8207 8490 8066 7808 8265 7646 8320 7390 7329 8412 7842 7744 7794 7479 7884 7671 7439 8278 8192 7641 8306 7955 8035 7689 8289 8057 8065 8490 8280 8334 7521 7751 7692 7875 8260 7760 7918 8427 8167 7733 8011 8248 8007 7999 7961 8134 8420 8357 7976 7841 8105 7917 7915 8098 8383 8022 7485 7672 7607 8373 7970 7819 7446 7652 8309 7707 7812 7950 8049 7785 8361 8132 8210 7964 8487 9079 8006 7886 8022 8126 7979 7941 8120 8301 7903 8625 7776 7537 8001 7868 8170 8467 8042 8259 8308 8158 8142 7581 8322 8341 7698 7928 7675 7894 8171 7639 8259 8079 8201 8011 7548 7918 7657 7998 8299 7913 8047 8218 8251 8186 7952 8150 7797 8383 7960 7950 8019 8248 8012 8223 8463 8150 8387 8644 7992 7943 7814 7608 8002 8103 6972 8138 8413 8054 8108 8102 8357 8125 8256 8269 7822 7666 8014 8094 7743 8468 8138 8227 7654 8378 8444 7788 8143 8518 8092 8125 7937 7960 7838 8170 8148 8325 8269 8162 8198 7712 8468 7711 7915 8246 7990 7837 8037 7824 7528 7663 7375 8436 8215 7893 8011 7846 8568 8388 8460 8025 8275 7738 8213 8240 8232 8038 8002 8439 8315 7724 7638 7797 7910 8112 
8401 8312 7590 8161 8251 8626 8849 7720 8274 8234 8843 8544 8534 7667 7910 8377 8212 8958 8223 8361 8111 8338 8410 8026 8353 8537 7783 7709 8457 8190 7740 8320 8071 8862 8150 8383 8598 8519 8473 7783 8796 8600 8022 8416 8472 9294 8697 8056 8013 8744 8364 8500 8347 8359 8039 8731 8135 8423 8620 8327 8320 8422 8002 8302 8338 8211 8559 8080 8808 8673 7970 8055 8423 7875 8243 8250 7593 8212 8026 8362 8620 8301 8469 8812 8093 8483 8493 8502 8341 8631 7654 7551 8402 8440 8773 8155 7677 8594 8565 8292 8336 8235 8620 8619 8627 8321 8137 8046 8129 8468 8333 8458 8382 8056 7867 8686 7969 8374 8696 8052 8198 8503 8460 8473 8128 7953 8617 8433 8685 8668 8208 8427 7991 7659 8776 8683 8074 8352 8501 8432 8127 8285 8433 8517 8161 8074 8646 8029 8085 8003 8367 8120 8094 8372 7695 8137 8555 8406 7691 8493 8182 8503 8459 8572 8520 8377 7628 7816 8103 7719 7692 8383 7793 8763 8359 8916 8445 8812 8161 8041 8274 8079 8515 7924 7910 8060 8402 7899 8174 8416 8533 8554 8603 8230 9171 7761 8458 7912 7922 8532 8389 7728 8182 7966 8042 7386 8018 8373 8560 8233 8156 8384 8821 7921 8777 8338 8940 8403 8170 8692 8205 7841 8785 8316 8628 7969 8019 8525 8608 7854 7961 8753 8465 8860 8471 7787 8140 8387 8209 8491 8812 8096 8175 8520 8857 8149 7600 7992 8059 8556 7870 8056 7827 8177 7851 7887 7703 8132 8217 8174 8682 8580 8095 8360 8891 9086 8277 8381 8132 7950 8216 7910 8669 8469 8108 8960 8006 8034 8406 7845 8514 8297 8620 8628 8422 8216 8312 7548 8635 8441 7942 8079 8247 8239 8381 7954 8052 8118 8500 8480 7861 8212 8275 8422 8166 8290 8331 8728 8546 8403 8025 8326 7681 8910 8206 7934 8187 8164 8414 8384 8464 8397 8318 9360 8269 8137 7947 7938 8520 8272 8053 8468 8487 8159 8457 8288 8546 8049 8281 8579 8142 7398 8033 8451 8446 8794 8454 8636 7585 8712 8748 8053 8023 8789 8242 8047 8116 7922 8075 8365 8632 8423 8253 8460 8616 7996 8351 8220 8408 8456 8347 8404 8687 8207 7800 8009 7425 8313 8750 8517 8683 8105 8609 7980 9042 8502 8459 8180 8557 8213 8469 8570 8595 8694 8541 8180 8415 8163 8369 8501 
7418 7520 7311 7638 8012 7386 7921 7495 7701 7774 8188 7847 7942 7561 7864 7423 7497 8814 8096 7829 7468 7433 7564 7660 7762 7577 7724 7359 7754 7923 7510 7181 7477 8009 7683 8141 8228 7421 8173 7279 8344 8194 7648 7774 7707 8592 8391 8008 7618 8041 7950 7696 7928 7721 7424 7963 7456 7893 7887 7606 7875 8084 7625 7790 7269 8047 8401 7812 7857 7832 7595 7583 8100 7729 7939 7541 7401 7430 7518 7749 8171 7914 7885 8195 7151 7766 7669 7954 8040 8202 7260 7048 7826 7723 8148 7668 7106 8001 7800 7603 7489 8176 8489 7767 7917 7721 7626 7382 8060 7672 7863 8101 8131 7725 7558 8261 7594 7482 7941 7605 7626 8133 7658 7757 7861 7495 8325 7585 7925 8168 7869 8021 7190 7088 7672 7820 7562 8122 7966 8184 7671 7365 8093 8064 7564 7878 8001 7925 7315 7466 7586 7777 7596 7558 7636 7820 8319 7665 7227 8096 7632 7917 8194 8192 7775 7885 7106 7654 7726 7537 7210 7522 7217 7888 7663 8159 8189 7885 7336 7781 7793 7344 7658 7430 7341 8097 8411 7903 7443 7892 7959 7951 7898 7711 8098 7372 7856 7552 7423 7898 7901 7578 8027 7535 7645 6915 7585 8096 8036 7984 7804 8045 8164 7522 8077 7789 7813 7964 7917 8333 7465 8236 7713 7932 7888 7563 7968 8129 7836 7398 7183 7952 7587 7670 7668 7814 8207 8273 8032 7815 8015 7231 7658 7977 8165 7856 7506 7482 7267 8085 8150 7773 7568 7573 7612 7531 7347 7336 7787 7761 8075 7829 7945 7715 8077 8505 7803 7765 7783 7836 7743 7786 7742 7947 8121 8485 7776 7680 7654 7619 8020 8024 7867 7963 8061 7974 7773 7072 8230 7964 7564 7679 7443 7880 7813 7444 8056 7803 8229 7505 7458 8153 7719 7981 8040 7352 7977 8195 8177 7952 7692 7698 7538 8214 7796 7603 7797 7932 7876 8047 7831 7981 7606 8624 7516 7670 7512 7250 7653 7941 7717 7893 8080 7730 7412 8025 8102 7718 7739 8134 7714 7291 7987 7609 7530 7765 7799 7772 7399 8258 7665 7537 7657 8098 7895 7535 7980 7586 7626 7897 8157 8071 7730 7818 7937 7700 8218 7700 7881 8045 7892 7363 7992 7953 7488 7394 7086 7798 8061 8159 7721 7832 8175 7743 8512 7623 7718 7517 8151 7560 8200 7741 8024 7887 7632 7448 7512 7711 7544 7482 
8606 8595 8490 8201 8781 8732 9043 7909 8866 8805 9318 8798 8741 8317 8515 8571 8487 9679 9204 8521 8932 8561 8223 8607 8833 9042 8441 8589 8764 8938 8444 8678 8234 9223 8353 8949 9143 8785 9298 8542 9565 8895 8837 8441 8739 9429 9489 8209 8658 8790 8767 8794 8872 8829 8487 9055 8505 9070 8891 9117 8914 8988 8540 8834 8408 9052 9386 8462 9059 8819 8650 8422 9078 8528 8930 8420 8085 9008 8840 8553 9400 8813 9019 9087 8343 8690 8891 9078 9088 9453 8553 8246 9115 9008 9399 8547 8249 8900 9064 8701 8354 8807 9094 8896 9015 8460 8520 8539 9214 8962 8945 8914 9095 8283 8234 9242 8453 8345 8890 8561 8512 8648 8881 8596 8815 8255 9435 8574 8623 8991 8405 8856 8562 8230 9038 8968 8203 9154 8694 8923 8816 8484 9147 9090 8773 8508 9215 8609 8444 8426 8690 8655 8643 8387 8370 8860 9092 8934 7918 9119 8702 8839 9199 8974 8877 8914 7972 8431 8804 8339 8467 8728 8241 9018 8736 9161 9079 8876 8815 8675 8830 8726 8399 8486 8142 8748 8846 8486 8423 9026 9008 9045 8985 8752 9192 8387 8686 8134 7934 8761 8468 8511 9023 8208 8576 8025 8376 8681 8715 8676 8955 8719 9132 8287 9363 8746 8920 9116 9029 9312 8403 8798 8929 8848 8933 8459 8730 9432 8881 8528 8426 9225 8892 9380 8683 8762 8950 9034 8486 8776 9275 8603 8381 9450 9040 8869 8370 8334 8498 8974 9170 8859 8565 8559 8770 8211 8027 8491 8401 8418 9700 8876 8829 9094 9332 9624 8676 8637 8569 8681 8828 8856 9031 8949 9007 9345 8563 8367 8840 8502 9007 8923 8794 8868 8919 8697 8881 8120 8981 9053 8598 8649 8667 8489 8903 8462 8822 8573 9255 8844 8085 8743 8565 8925 8920 8594 9255 9047 9350 9055 8623 9042 8463 9098 8866 8681 8597 8740 8717 8879 9034 8812 9049 9478 8455 8686 8602 8267 8576 8527 8266 9138 9024 9147 8767 8677 8814 8758 9040 9135 8479 8184 8918 8519 8775 9304 8816 9107 8360 8944 9151 8266 8800 9620 8770 8559 9053 8514 8540 8654 9260 9319 8777 8797 9218 8462 9300 8669 8686 9021 8942 8438 9101 8957 8114 9066 8056 9127 8970 8900 8851 8395 9058 9051 9551 8841 8975 8559 9476 8599 9253 8981 8822 8926 8848 8585 8486 8728 8462 8653 
7842 8562 7731 8592 8767 8383 8734 7957 8756 8742 9279 8503 8369 8013 8468 8341 8159 8924 8574 8586 8526 8260 8235 8354 8557 8556 8217 8126 8479 8467 7755 8161 8335 9134 8217 8650 8915 8311 8479 8328 8611 8592 8098 8200 8060 9090 8912 7918 8046 8746 8562 8436 8727 8599 8078 8541 8367 8741 9040 8981 8748 8722 8184 8291 8189 8400 9115 8199 8500 8616 8232 8346 8816 8301 8512 8221 7783 8162 8724 8553 8996 8716 8325 9106 7824 8508 8465 8491 8786 8910 7561 8024 8675 8739 9132 8298 7923 8687 8710 8162 8260 8373 8859 8470 8527 8194 8063 8110 8565 8629 8626 8840 8398 7978 8263 8732 7928 8276 8606 7998 8715 8822 8397 8434 8530 7976 8855 8423 8617 8671 8070 8756 7861 8058 8709 8245 8261 8524 8395 8159 8468 8209 8489 8550 8459 8143 8641 8325 7958 8321 8538 8316 8304 8157 7834 8806 8884 8502 8103 8466 8329 8540 8606 8661 8302 8270 7911 7938 8358 8194 7989 8253 8047 8637 8276 8961 8798 8609 8321 8432 8329 8234 8603 8180 7878 8697 8810 7952 8011 8458 8561 8546 8600 8519 8968 7913 8517 8412 7890 8488 8427 8154 8328 7837 8179 7492 8128 8336 8416 8523 8478 8314 8862 8044 8983 8476 8706 8682 8720 8882 8103 8331 8687 8471 8679 8375 8677 8657 8766 8077 8280 8878 8888 8803 8441 8423 8579 8870 8145 8211 8718 8149 8303 8789 8630 8227 7987 7955 7733 8892 8595 8383 7967 8425 8450 8312 8073 8161 8308 8455 8816 8370 8488 8141 8903 9402 8466 8107 8517 8167 8491 8307 8573 8865 8713 9192 8584 7828 8463 7889 8529 8769 8894 8572 8697 8311 8761 7787 8828 8775 8216 8153 8525 8584 8331 8249 8568 8532 8559 8522 8067 8405 8340 8632 8178 8366 8793 8943 8796 8684 8289 8425 7946 8514 8474 8067 8489 8192 8324 8521 8544 8599 8133 9201 8200 8516 8037 7989 8462 8419 8131 8724 8668 8549 8463 8328 8755 8196 8965 8931 8033 7997 8406 8231 8205 8722 8374 8781 7980 8899 8647 8297 8276 9153 8730 7983 8586 8346 8177 8713 8968 8409 8611 8531 8930 8325 9182 8311 8607 8738 8129 7988 8405 8527 8298 8137 8209 8923 8853 8496 8508 8323 8803 8287 9391 8361 8612 8372 8907 8190 8918 8625 8876 8612 8353 7985 8336 8432 7929 8914 
7508 7942 7342 7475 8139 7930 8167 7341 7781 8166 8254 8028 7807 7318 7787 7516 7458 8405 7584 8051 8078 7790 7369 7607 7714 7974 7691 7328 7968 8163 7224 7763 7553 8225 7923 7965 8226 7703 7838 7605 8166 7877 7752 7853 7641 8580 7966 7659 7594 8113 8012 8082 7870 7664 7923 8198 7769 8472 8172 8379 8276 8166 7754 7773 7579 8065 8307 7433 8117 7897 7528 7844 7917 7815 8126 7758 7397 7704 7897 7867 8204 7892 7933 8294 7337 7938 7763 7850 8136 8656 7433 7145 8184 8079 8336 7739 7520 7906 8043 7949 7849 8022 8494 8260 7887 7685 7436 7801 7822 7907 8046 8178 7698 7789 7787 8155 7742 7710 8260 7474 8093 8043 8146 7919 8168 7369 8522 7608 7819 8048 7648 8149 7750 7125 7994 8249 7244 7897 7900 7951 7843 8017 8118 8371 8079 7896 8018 7711 7366 7421 7848 7895 7872 7586 7451 7690 8443 7762 6953 7917 7736 8175 8055 8033 7960 7765 7279 7580 7874 7738 7471 7606 7640 8239 7901 8327 8205 7642 7658 7596 7802 7733 7609 7384 7621 7930 7982 7797 7320 8145 8040 8267 8310 7995 8157 7786 7983 7233 7284 7689 7840 7303 7726 7330 7661 7539 7510 7877 8034 7933 8489 8260 8423 7747 8238 7964 7927 8475 8011 8361 7701 7597 7982 8105 7959 7613 8088 7904 8209 7527 7511 8114 7765 7974 7812 8174 8193 8167 7877 7889 8108 7604 7814 8508 8307 8023 7577 7858 7554 8225 8258 7797 7395 7681 8256 7306 7471 7747 7769 7918 8247 8083 8025 8087 8233 8806 7903 7708 7990 7851 7795 7817 7996 7951 7942 8775 7911 7709 7781 7487 7979 8060 8177 8106 7934 8077 7749 6919 8205 8231 7530 7737 7441 7871 8119 7486 7985 7962 7942 7695 7195 7572 8148 7966 8186 7829 8112 8034 8178 8189 7593 8097 7846 8357 7755 7451 7648 7733 7794 7978 8027 8007 7862 8667 7953 8136 7791 7117 7636 8054 7549 7990 7830 8403 7841 7854 7952 7837 8040 8042 7827 7679 7963 7752 7659 8428 7945 8040 7274 7973 8055 7905 7553 8599 7896 7928 7824 8093 8021 7701 7867 7999 7914 7838 8046 7721 8702 7657 7479 8390 7972 7611 7732 7994 7463 7735 7508 8150 8584 7956 7964 7580 8326 7663 8635 7745 7907 7732 8144 7993 7808 7954 7859 8405 7798 7718 7864 7774 7587 8247 
7677 7744 7360 7278 7669 7402 8215 7249 7913 7661 8389 7567 7917 7563 7407 7645 7422 8230 7923 7588 7779 7817 8065 7655 7936 8014 7764 7219 7458 7742 7659 7576 7430 8176 7564 7940 7828 7966 8027 7461 8415 8114 7744 7981 7787 8397 8349 7611 7700 8031 7527 7895 7868 7806 7445 8006 7127 7756 7690 7948 7962 7966 7633 7887 7362 7935 8238 7731 7982 7712 7191 7760 7529 7706 7786 7778 7264 7873 7998 7831 8437 7800 7717 8140 7351 7976 7986 8235 8102 8131 7387 7685 8088 7623 8156 7492 7171 7865 8165 7616 7748 8114 8190 7801 7581 7392 7447 7459 7908 8137 7888 8128 7736 7653 7418 8350 7562 7612 8195 7640 7778 8025 7704 7630 7867 7668 8264 7561 7756 8145 7596 8121 7481 7148 7952 7818 7301 7991 7763 7836 7551 7689 8017 7958 7860 7886 8074 7526 7009 7519 8016 7900 7292 7501 7477 7963 7780 7867 7101 8077 7742 7768 7938 8086 7916 7632 7274 7112 8028 7482 7494 7732 7250 8260 7703 8292 8350 8063 7727 7888 7499 7535 7515 7185 7085 7976 8003 7357 7559 8023 7776 7808 7721 7820 8289 7089 7733 7490 7261 7877 7597 7386 7790 7097 7651 7214 6951 7637 8121 7588 7782 7772 8439 7420 8189 8066 8126 7998 8155 8153 7150 7516 8148 7992 7937 7623 8165 7989 7908 7379 7319 7842 8146 8046 7530 7678 8066 8080 7552 7760 7883 7642 7892 7974 8252 7605 7667 7617 7619 8053 7998 7667 7319 7718 8012 7581 7428 7448 7943 7717 8315 8111 7949 7539 8093 8513 8078 7915 7579 7453 8097 7657 8078 7957 7910 8399 7563 7555 8053 7309 8281 7962 7758 7946 7714 7737 8164 7244 7953 8582 7654 7675 7294 7859 8006 7383 7847 7652 8158 7815 7657 7804 7689 7830 8199 7658 8106 8311 8374 7910 7618 8021 7414 8462 7942 7927 7333 7722 7692 8102 7738 8083 7808 8608 7874 7767 7551 7603 7889 7629 7712 7983 8106 7917 7968 8220 7671 7995 7798 8266 7329 7653 7757 7911 7623 8189 8002 8000 7523 8164 7922 7506 7606 8145 7747 7798 7684 7572 7773 8018 8426 8076 7744 7985 8086 7638 8151 7618 7953 7936 7624 7479 7619 8060 7653 7804 7567 7979 7721 8008 8031 7828 8285 7877 8640 7734 7787 7648 8009 7422 8173 7889 7907 8093 8090 7829 7481 7920 7608 8180 
7882 8235 7761 7958 8481 8368 8811 7417 8421 8193 9006 8562 8525 7979 8447 8430 8157 8882 8261 8325 8272 8194 7967 8052 8024 8346 8135 7912 8430 8575 7751 8151 8214 8595 8253 8284 8561 8332 8587 7979 8652 8359 8145 8440 7934 8986 8802 8094 8096 8492 8596 8307 8452 8414 7640 8500 8040 8609 8731 8547 8627 8442 8206 8417 8101 8508 8878 7997 8521 8658 8177 8089 8748 7870 8426 8360 8011 8027 8212 8371 8718 8448 8352 8955 7686 8236 8486 8686 8812 8785 7835 7580 8320 8252 8998 7874 7862 8641 8609 8176 8163 8424 8703 8607 8167 8460 8288 8102 8230 8540 8386 8516 8298 8138 8194 8743 8043 8153 8502 7978 8124 8384 8319 8083 8476 7734 8712 8344 8324 8630 8314 8748 8195 7628 8576 8549 7941 8849 8135 8153 8278 8270 8533 8844 8221 8548 8509 8167 7725 7967 8025 8307 8020 8055 7879 8543 8738 8133 7225 8358 8031 8501 8674 8484 8435 8158 7896 8251 8462 7808 7893 8078 7410 8551 8387 8546 8765 8493 8414 8290 8420 7927 8191 8252 7859 8366 8714 7815 7869 8432 8733 8484 8552 8350 8901 7966 8317 7963 7845 8416 7933 7962 8529 7810 8093 7660 7919 8344 8433 8239 8484 8668 8608 7887 8643 8282 8411 8611 8427 8811 7791 8227 8393 8377 8621 8113 8351 8692 8382 7904 7915 8655 8527 8837 8390 8377 8532 8701 7999 8351 8533 7865 7679 8618 8690 7908 8136 8062 8161 8543 8396 8274 8031 8208 8008 8119 8120 8134 8037 8135 8786 8395 8121 8405 8657 9511 8292 8181 8065 8373 8069 8022 8556 8576 8492 9072 8505 7965 8190 7878 8629 8614 8330 8409 8146 8347 8662 7491 8416 8567 8019 8288 8153 8300 8536 7901 8356 8407 8521 8150 7650 8191 8526 8378 8356 7947 8465 8566 8495 8573 8168 8655 7791 8476 8143 8124 8239 8126 8862 8720 8535 8628 8318 8998 8323 8283 8350 7845 7865 8364 8194 8392 8463 8283 8557 8568 8734 8654 8425 8860 8116 8012 8228 8242 8042 8516 8356 8167 7566 8321 8192 8335 7866 8628 8246 8441 8291 8135 8159 8706 8470 8483 8227 8398 8747 8336 8750 8060 8598 8771 8357 8104 8247 8511 8196 7955 7850 8359 8549 8246 8540 8307 8951 8587 9459 8280 8407 8298 8561 8362 8512 8306 8513 8590 8648 8231 8256 7898 8188 8424 
7430 7593 7445 7468 7986 7634 8151 7520 8052 8065 8384 7500 7614 7174 7682 7872 7688 8134 7782 7910 7866 7732 7727 7632 7667 8250 7592 7493 7893 7692 7483 7524 7633 8049 7496 7883 8153 7888 8103 7549 8242 8070 7667 7633 7790 8393 8499 7288 7442 8083 7558 7647 7374 7648 7499 7903 7520 7941 7640 7746 7894 7830 7645 7850 7177 7672 8313 7640 8086 7985 7523 7672 7895 7298 7642 7558 7305 7688 7730 8115 8313 7933 7795 8004 7275 7600 7555 7853 7638 8153 7057 7357 8008 7819 8099 7608 7215 7846 7969 7605 7680 7953 7994 7738 7799 7171 7788 7106 7831 7679 7641 7833 8087 7572 7426 7939 7401 7629 7830 7676 7837 8002 7467 7941 7777 7351 7977 7814 7916 8132 7501 7829 7453 6805 7827 7689 7383 8191 8012 7734 7565 6936 8175 7743 7663 7475 7973 7432 7371 7476 7851 7815 7407 7620 7397 7803 7978 7750 7144 7853 7477 7898 7904 8073 7991 7829 7243 7101 7592 7441 7338 7327 7127 8032 7654 8433 7991 7986 7774 7847 7831 7184 7486 7610 7248 8032 7883 7502 7804 7617 7941 7531 8147 7468 8137 7119 7944 7449 7086 7938 7769 7670 7808 7259 7541 6961 7094 7544 7552 7629 7645 7969 8320 7892 8075 8103 8274 7799 8039 8080 7229 7650 7933 7819 7502 7570 8088 8149 8106 7359 7372 7858 7772 8232 7995 7613 8008 7905 7657 7618 7892 7782 7700 8068 7913 7812 7337 7525 7594 8108 7481 7698 7478 7620 7751 7524 7103 7442 7377 7730 8265 7824 8127 7340 8414 8709 8091 7876 7722 7456 7968 7840 8418 8207 8014 8400 7624 7398 8010 7352 8053 8101 8048 7872 7783 7743 8007 6833 8053 8029 7602 7540 7601 7590 7877 7806 7960 7523 8114 7815 7442 7736 7618 7834 7838 7554 8201 8064 8192 7936 7743 7994 7502 8350 7543 7834 7844 7966 7638 7795 7889 8019 7819 8356 7472 7780 7725 7046 7592 7865 7309 7750 7905 8076 7721 7868 8023 7730 7627 7922 7939 7383 7670 7798 7563 8423 8234 7968 7612 7981 8023 7446 7997 8416 7584 7466 8023 7441 7700 7608 8286 7858 7832 7791 8176 7488 8395 7581 7702 8017 7489 7463 7483 7783 7676 7455 7653 8027 7552 7708 7805 7711 8123 7838 8475 7792 7612 7371 7995 7432 8338 7865 7990 8157 8010 7263 7367 7828 7324 7743 
7702 7673 7292 7839 8480 8061 8439 7425 8300 8007 8563 7909 7844 7553 8331 7913 8157 8679 8545 7991 8331 7961 7857 7820 8149 8120 7842 7733 7967 8057 7743 7727 7867 8427 7871 8300 8288 7828 8200 7690 8382 8228 7857 7694 8042 8945 8719 7652 7900 7954 8167 8056 8112 8144 7620 8174 8267 8211 8299 8514 8121 8123 7764 7981 7998 8254 8482 8014 8245 8537 7963 7891 8220 7780 7980 7923 7327 8072 8253 8003 8521 7988 7876 8465 7385 7994 8071 8126 7904 8749 7381 7519 8029 8318 8560 7875 7156 8301 8100 8059 8172 8148 8235 8255 8300 8030 7947 7596 8100 8078 8041 8128 8013 7813 7631 8188 7786 7762 8545 8057 7886 8233 7833 8184 8001 7680 8712 8217 8128 8355 8020 8358 7738 7282 8572 8114 7791 8064 8156 8155 8135 7648 8431 8098 8030 7976 8179 7842 7231 7395 7838 8031 7990 7803 7607 8044 8193 8073 7486 8268 7727 8295 8238 8249 7918 7989 7256 7859 8261 7671 7299 7923 7490 7883 8137 8699 8569 8006 7711 7895 8004 8008 8002 7590 7539 7988 8058 7703 7762 8024 8076 8398 7907 7974 8632 7665 7837 7969 7247 7799 8133 7695 7927 7609 7799 7356 7630 8053 8171 8037 7923 8312 8390 8101 8278 7928 7923 8286 8062 8400 7673 7792 8122 8220 8254 7881 8006 8471 8349 7997 8116 8494 7920 8025 8072 7941 8127 8122 8168 7816 8286 7878 7814 8092 8379 7825 7450 7924 7411 8274 8237 8094 7953 8091 7730 7657 7671 7486 7886 8076 8219 8102 7700 7923 8375 8794 8095 8091 7859 7653 8489 7881 8534 8377 8074 8775 7666 7810 7941 7606 8134 8478 8068 8448 8004 7970 7966 7093 8238 8189 7787 8053 8008 7925 8291 7858 8288 8191 8338 8111 7878 8048 8399 8189 7901 8016 8155 8227 8243 8385 7621 8062 7867 8254 8022 7703 8291 7656 8324 8339 8238 8053 8564 8820 8152 7877 7720 7638 8004 8255 7574 8055 8147 8001 8035 8315 8144 8202 8124 8152 8133 7661 8145 7926 8218 8282 8420 8271 7888 8035 8206 7568 8038 8462 7905 7984 8061 7884 7612 7982 8395 8316 8051 8206 8407 7760 8650 7558 7848 8191 7785 7941 7994 7681 7762 7881 7270 8390 8075 8087 7772 7907 8254 7973 8841 7937 8129 7822 8339 8166 8240 8192 8303 8325 7932 7784 7743 7866 7792 8267 
7779 7927 7538 8133 8004 7887 8639 7355 8389 7962 8304 8199 7829 7669 8049 7770 7687 8558 8250 8048 7691 7589 7811 7956 7922 8019 7771 7468 7876 8031 7331 7815 7768 8592 7882 8031 8371 8011 8225 7586 8777 7877 8185 8034 7675 8605 8624 7813 7739 8322 8019 8190 8054 8032 7675 7897 7764 8165 8205 8272 8068 8039 7962 7773 7599 8245 8600 7891 8335 8036 7891 7743 8375 7725 8143 8150 7334 7805 8069 8163 8385 7943 7912 8197 7750 8193 8056 8121 8301 8475 7657 7521 8191 8368 8861 7672 7508 7958 8361 7714 8022 8147 8285 8371 8289 7920 7722 7695 8267 7606 8026 8062 8245 7808 7828 7950 7386 7973 8144 7724 8075 8448 8088 7998 8062 7480 8409 8095 7945 7915 7934 7953 7704 7180 8330 8181 7796 8121 7895 8149 7901 7735 8170 8125 7709 7871 8175 7876 7510 7406 7809 7781 7506 7467 7409 7921 8153 7901 7297 8238 7865 8193 8026 7807 8090 7999 7259 7822 7735 7783 7460 8011 7693 8188 7824 8360 8418 8258 7820 7675 8185 7679 7871 7723 7549 7967 7968 7903 7822 7946 8120 8039 7784 8158 8392 7115 7987 7445 7290 8212 7819 7731 7857 7526 7560 7356 7327 8225 8169 7906 7821 8291 8107 7776 8412 7997 8322 8263 8210 8560 7946 7774 8255 8297 8106 7636 8126 8577 8098 7511 7708 8399 7973 8340 7648 7984 8119 8563 7762 7800 8092 7862 7775 8396 8076 8078 7844 7721 7283 8138 8327 8049 7475 7781 7796 7638 7358 7755 8113 7872 8582 8229 8148 7822 8526 8856 8109 7712 7966 7899 7815 7641 8112 8380 8151 8517 7834 7729 7914 7923 8204 8336 8033 7921 8156 7824 8075 7381 8062 8277 7835 8032 8028 8114 8475 8004 8385 8200 8270 7815 7696 8050 8137 7822 8022 7973 8139 8478 8329 8168 8280 8152 7629 8253 7848 7751 7887 8058 8003 8292 8288 8060 8137 8547 7659 7783 7808 7533 7906 7956 7877 8453 8155 7961 7708 8174 8373 8205 8185 8154 8125 7703 8082 7867 7870 8314 8095 8164 7446 8493 8105 7768 7822 8510 8106 7884 8181 8006 7690 8039 8380 7894 7900 8205 8205 7915 8846 7804 8171 8511 7723 7595 7990 8102 7707 7875 7213 8122 8327 8028 7827 7881 8674 7840 8853 7770 7848 7801 8329 7963 8222 8136 8268 8243 8316 7838 7831 8194 7966 7988 
7991 8202 7910 7822 8239 7750 8897 7584 8084 8457 8609 7990 7988 7844 7822 8190 8152 8843 8323 8082 8151 8232 8014 8123 8233 8215 7934 7624 8009 8268 7932 7924 8100 8525 8054 8028 8407 8247 8659 7928 8446 8272 8041 8077 7914 9021 8587 7855 7614 8433 8201 8309 8630 7572 8112 8349 7886 8263 8311 8049 8326 8620 8029 7642 7654 7945 8811 8065 8593 8433 7883 8035 8097 7911 8352 7999 7445 8032 8029 8290 8853 8312 8141 8746 7975 8011 8128 8295 8336 8509 7613 7677 8343 8303 8664 8205 7768 8423 8420 7956 7985 7938 8559 8250 7957 8201 7781 8083 8247 8110 7792 8472 8160 7928 7879 8447 7802 7936 8261 7873 8153 8479 8254 8158 8227 7821 8549 8057 8211 8741 8271 8387 8044 7479 8694 8087 7749 8318 8048 8096 8077 8022 8135 8353 8321 8124 8332 8093 7429 7980 8130 8029 8103 8043 7854 8356 8492 8377 7775 8499 7850 8104 8309 8362 8089 7918 7380 7979 8031 7883 7559 7941 7673 8381 8165 8602 8871 8254 8279 8215 8243 7850 8094 7783 7713 8238 8165 7799 8058 8216 8671 8123 8418 8000 8556 7445 8266 7445 7599 8417 8170 7715 7918 7519 8018 7781 8005 7783 8336 8221 8098 8456 8420 7941 8447 8044 8521 8384 8545 8728 7802 8025 8099 8405 8212 7820 8295 8742 8805 8245 7382 8222 8193 8318 8182 8091 8737 8251 7981 8324 8600 8051 8232 8684 8651 8047 7865 7756 7763 8453 8139 8345 8045 8306 8323 7775 7685 7913 8104 8331 8565 8411 8806 8390 8505 9110 8242 8051 8083 7680 8465 7853 8484 8358 8122 8810 7864 8112 8404 7582 8453 8408 8287 8217 8221 8062 8701 7947 8440 8476 7811 8026 8131 8043 8306 7887 8284 7980 8400 8244 7536 8130 8436 8279 8169 8095 8314 8725 8578 8434 7808 8361 7900 8183 8220 7995 7893 8250 8161 8245 8447 8506 8159 8825 8258 8263 8339 7687 8137 8061 7743 8287 8255 8093 8462 8024 8252 7939 8412 8670 8091 7677 8283 8367 8098 8655 8474 8343 8004 8438 8380 8090 7923 8693 8067 8413 8194 7705 7931 8032 8804 8386 8138 8151 8321 7868 8645 7848 8286 8472 8330 7843 8716 7853 7949 8026 7811 8522 8585 8222 8389 7891 8704 8072 8757 8279 8482 7895 8602 8080 8449 7995 8358 8509 8368 7902 7826 7978 7666 8412 
8052 8089 7961 8114 8190 8310 8661 7709 8700 8682 8827 8190 8218 7834 8358 8112 7895 8597 8515 8420 7988 8359 8125 8164 8366 8369 8313 8183 8117 8366 8170 7862 7909 8437 8329 8336 8541 8300 8663 7855 8714 8205 8201 8284 8323 9271 8931 7995 8125 8400 8248 8586 8388 8230 8092 8324 7829 8520 8385 8553 8425 8488 8344 8366 8011 8535 8718 8181 8421 8309 7840 8270 8250 7926 8482 7964 7571 8463 8673 8322 8953 8573 8142 8837 7956 8168 8392 8721 8306 8771 7945 7667 8449 8606 8809 8152 7904 8411 8677 8224 8028 8398 8917 8456 8399 8217 7979 7884 8422 8372 8681 8450 8554 7976 8081 8673 8199 8039 8607 8185 8447 8434 7878 8465 8374 8206 8953 8145 8344 8602 8267 8708 8056 7747 8567 8265 7978 8665 8395 8413 8157 7939 8453 8357 8142 8036 8358 8294 7846 7767 8201 8338 8020 8016 7840 8043 8510 8559 7850 8542 8432 8208 8416 8516 8586 8302 7651 7722 8275 8155 7996 7952 7830 8577 8014 8672 8711 8171 8729 8210 8330 8229 7995 8000 8091 8263 8430 7633 7947 8662 8366 8451 8512 8333 8787 8117 8497 7867 7786 8394 8165 8154 8212 7836 8077 7724 7653 8457 8612 8232 8231 8420 8754 8111 8809 8276 8810 8644 8100 9113 7857 8519 8695 8614 8143 7765 8167 8611 8534 7913 7953 8774 8652 8446 8201 8330 8620 8725 8107 8488 8669 8078 8310 8778 8716 8134 7946 8061 7963 8512 8696 8318 7848 8243 8200 8104 7805 7903 8325 8232 8678 8335 8707 8443 8659 9052 8153 8279 8127 8087 8640 8072 8360 8748 8499 8833 8154 7773 8212 8056 8644 8757 8413 8550 8227 8627 8660 7386 8481 8454 7836 8146 8023 8281 8653 7913 8424 8264 8764 8158 7757 8414 8459 8385 8208 8100 8379 8473 8676 8609 8181 8448 8185 8389 7963 8420 7867 8259 8538 8401 8862 8571 8552 9144 8322 8251 8020 7782 8389 8213 7808 8125 8568 8434 8223 8517 8110 8624 8228 8911 7864 8185 8487 8363 8104 8381 8064 8570 7617 8824 8462 8237 8296 8599 8073 8018 8453 8174 8031 8545 8633 8339 8592 8575 8462 7954 8706 8535 7941 8605 8263 8105 8490 8356 7993 8044 7716 8420 8272 8252 8298 8318 8681 8191 9187 8312 8263 8066 8889 8037 8596 8689 8600 8457 8467 8360 8097 8535 8346 8115 
8088 8353 7865 8264 8719 8548 8777 7846 8759 8391 8909 8557 8212 7894 8481 8581 8237 8914 8730 8442 8461 8173 8306 7909 8293 8548 8203 7983 8326 8127 8047 8345 8196 8768 8477 8611 8718 8626 8562 7894 8798 8852 8467 8576 8165 8936 9006 8069 8254 8803 8300 8353 8344 8415 8227 8675 8037 8805 8611 8783 8424 8625 8049 8298 8107 8581 8822 8456 8757 8846 8200 8116 8349 8083 8314 8126 7847 8273 8689 8598 8665 8442 8299 9025 7940 8357 8422 8583 8824 9034 7730 7742 8534 8187 9105 8324 7863 8815 8521 8216 8353 8988 8983 8390 8068 7996 8090 8156 8196 8405 8461 8602 8334 8442 8297 8792 8125 8371 8746 8053 8391 8672 8744 8594 8435 7888 9139 8354 8664 8650 8478 8674 8234 7577 8746 8687 7962 8400 8211 8610 8751 8029 8568 8403 8361 8108 8390 8314 7965 7913 8225 8551 7909 8169 7934 8575 8945 8483 7945 8841 8330 8662 8439 8521 8424 8331 7658 8161 8428 8382 7860 8331 8092 8642 8390 8620 8395 8592 8296 8246 8291 8128 8279 7915 7930 8344 8364 7780 8080 8522 8535 8599 8544 7988 9008 8113 8480 7843 7702 8225 8314 8214 8218 7824 8183 7765 7847 8280 8343 8311 8120 8490 9018 7991 8719 8540 8753 8532 8375 8803 8100 8110 8265 8585 8573 8378 8596 8594 8397 8281 8242 8552 8317 8904 8377 8209 8367 8848 8415 8438 8747 8295 8338 8784 8665 8350 8144 8255 7831 8971 8303 8071 8096 8303 8330 8277 7894 7945 8504 8572 8966 8698 8545 8070 8756 9310 8524 8507 8285 8540 8261 8358 8393 8688 8525 9038 8239 7977 8523 8059 8945 8408 8506 8364 8196 8574 8363 7628 9073 8645 8457 8265 8234 8503 8686 7940 8325 8329 8978 8315 8030 8302 8524 8322 8854 7963 8604 8399 8873 8514 8379 8372 8028 8506 8401 8002 8450 8486 8598 8623 8548 8381 8432 9313 8372 8691 7736 7821 8247 8414 8298 8527 8230 8634 8590 8689 8498 8531 8701 8804 8240 8350 8866 8147 8100 8856 8228 8912 7825 8793 8900 8011 8212 8951 7979 8613 8398 8222 7795 8709 8860 8566 8524 8192 8832 8091 9401 8312 8360 8726 8378 8022 8508 8500 8163 8198 8084 8512 8867 8418 8294 8174 8642 8368 9262 8325 8230 7985 8815 8798 8669 8410 8823 8870 8679 7963 7866 8224 8212 8761 
7948 7943 7616 7971 8166 8093 8268 7641 8513 8069 8472 8125 8202 8015 7762 8283 8079 8836 8338 8251 8344 8187 7889 7783 8295 8231 7953 7828 8349 8136 7925 7964 7897 8605 7989 8495 8497 8283 8732 7899 8360 8346 7941 8189 8140 8973 8792 7620 7910 8231 8121 7931 8026 7976 7755 8219 7893 8280 8250 8384 8178 8142 7971 7782 8025 8511 8551 7653 7955 8284 7760 7768 8134 7959 8167 7807 7259 8114 8381 8184 8716 8470 8451 8727 8042 8257 8158 8147 8379 8880 7725 7995 8341 8031 8603 7990 7656 8646 8608 8009 8354 8128 8409 8461 7838 7851 7927 7769 8170 8546 8136 8440 8357 7779 7794 8469 8201 7661 8476 7932 7975 8034 7891 8122 8132 8075 8680 8189 8563 8597 8130 8458 8256 7351 8496 8587 7853 8391 8108 8129 7926 7515 8097 8506 8132 7852 8616 7865 7447 7768 8068 8128 7858 7770 7950 8460 8531 8408 7411 8487 8222 8501 8462 8688 8297 7947 7462 7391 8299 7885 7692 7984 7440 8558 7963 8546 8451 8153 8103 7926 7805 8205 7963 7917 7623 8307 7871 7785 7391 8408 8250 8383 8649 8048 8650 7933 8146 7663 7613 8388 7950 7835 8090 7785 7787 7585 7723 8178 8209 8326 8027 8114 8693 7649 8535 8088 8932 8762 8299 8343 7785 7923 8107 8505 8198 7901 8083 8472 8672 7987 8000 8683 8441 8388 8154 8166 8373 8608 7919 8125 8627 7769 8061 8687 8435 7919 7682 7782 7790 8681 7990 7983 8148 7954 8182 7626 7894 7924 7996 8054 8649 8364 8294 8327 8638 8975 8489 8113 8071 7918 8134 7884 8434 8609 7988 8798 7799 7984 8380 7789 8884 8328 8235 8471 8433 8332 8058 7252 8456 8720 7859 7993 7795 8073 8329 7988 8266 8121 8512 8527 7871 7954 8299 8348 8300 7817 8237 8447 8297 8311 7997 8211 8073 8743 8048 8056 8136 8067 8420 7938 8397 8252 8202 8674 8353 8311 8158 7685 8208 7866 7738 8294 8360 8342 8163 8331 7994 8112 8249 8497 8206 8036 8508 8153 7889 8186 8399 8473 7587 8161 8460 8042 7801 9034 7801 8322 8224 7959 7922 8236 8301 8561 8283 8249 8296 7984 8687 7986 7793 8517 8399 7995 8374 8322 7783 7988 7642 8391 8550 8116 8557 8041 8485 8232 8602 8315 8384 7922 8444 8260 8727 8473 8321 8584 8388 7917 7930 8035 8167 8580 
7207 7376 6904 7135 7692 7223 7803 7131 7650 7518 7674 7249 7176 6986 7013 7453 7218 8095 7575 7461 7959 7457 7181 7280 7749 7623 7312 6863 7552 7678 6798 7366 7370 7634 6822 7207 8130 7344 7871 7208 7658 7626 7042 7255 6911 8160 8072 6848 7113 7646 7448 7641 7455 7301 7170 7470 7024 7665 7691 7647 7287 7734 6998 7138 7049 7263 8094 7213 7511 7383 7263 7320 7580 7134 7153 7281 6719 7569 7494 7323 8073 7524 7643 8105 6984 7547 7506 7567 7720 7828 6852 7197 7355 7504 7942 7532 6607 7549 7818 7471 7555 7419 7953 7541 7444 7383 7293 7068 7291 7670 7342 7768 7222 7146 7303 7689 6983 7163 7451 7344 7292 7701 7466 7313 7447 7033 7640 7317 7459 7666 7537 7661 6830 6641 7968 7694 7294 7394 7587 7342 7307 7123 7463 7654 7548 7182 7911 7253 6548 6848 7489 7586 7157 7001 6730 7430 7702 7492 6771 7531 7144 7547 7427 8017 7343 7148 6871 6895 7054 7131 6921 7088 6987 7777 7509 7813 7855 7230 7461 7520 7666 7131 7035 7188 7090 7631 7343 7083 7098 7800 7641 7644 7561 7399 7621 6915 7331 7283 6792 7565 7621 7032 7258 6845 7297 6705 6917 7322 7340 7188 7397 7608 7824 7361 7783 7285 7501 7121 7471 7984 6974 7334 7455 7595 7662 7433 7403 7602 7502 7269 7096 7606 7402 7655 7405 7112 7650 7756 7333 7261 7847 7271 7314 7648 7743 7345 7123 7139 7140 7497 7765 7290 7063 7304 7307 7308 7102 7135 7187 7554 8047 7386 7207 7171 8025 8159 7339 7185 7400 7295 7395 7655 7311 7687 7612 8179 7048 6904 7413 7078 7746 7617 7551 7519 7196 7398 7617 6718 8073 7688 7290 7482 7276 7505 7176 7027 7522 7404 7733 7478 7113 7358 7435 7129 7132 7172 7523 7814 7589 7662 7131 7326 7299 7512 7355 7249 7229 7315 7790 7682 7858 7228 7850 8102 7157 7397 7429 6759 7467 7247 7168 7450 7402 7279 7460 7366 7720 7304 7525 7658 7065 7012 7559 7112 6869 7592 7432 7787 6779 7565 7713 7165 7257 7835 7016 7280 7459 7263 7012 7229 7517 7487 7458 7579 7695 7234 7797 7189 7675 7761 7048 7374 7453 7104 6927 7347 7174 7928 7727 7379 7673 7273 7403 7520 8031 7476 7802 7057 7553 7175 7810 7630 7841 7514 8020 6721 7184 7447 7167 7439 
7620 7537 7408 7646 7747 7394 8223 7367 8022 7697 8243 8075 7599 7287 7741 7826 7802 8148 7911 7835 7555 7876 7478 7851 8076 7821 7663 7342 7863 7548 7570 7493 7420 8110 7576 8088 8005 7681 8270 7185 8029 8022 7999 7980 7973 8547 8130 7241 7541 7739 7825 7761 7911 7727 7521 7986 7287 7954 7801 8184 7725 7950 7762 7768 7364 8141 8150 7699 8072 8183 7755 7722 8158 7327 7923 7598 7216 7611 7959 7911 8366 7964 7734 7967 7319 7932 7622 7863 7925 8233 7282 7318 7909 7898 8759 7296 7050 7943 7959 7573 7693 7368 8134 8153 8072 7515 7404 7389 8041 7849 7955 7539 8023 7500 7561 7980 7502 7604 7984 7572 7924 8008 7729 7472 7874 7430 7915 7626 7752 7867 7812 8151 7208 7144 8070 7769 7258 8003 7764 8086 7681 7308 7809 7568 7644 7677 7941 7892 7469 7565 7427 8037 7353 7417 7459 7977 7967 7812 6856 7749 7687 7976 7767 8080 7937 7689 7292 7302 7564 7640 7225 7377 7197 7988 7941 8198 8388 8040 7817 7639 7896 7541 7766 7696 7431 7691 7623 7577 7507 7815 8076 7908 8088 8010 8058 7168 8052 7147 7347 8122 7789 7997 7582 7217 7826 6969 7301 7848 7867 8105 8240 7742 8326 7227 8366 8134 8054 7999 7959 8303 7530 7973 8074 8079 8107 7538 7601 8106 7749 7419 7661 8374 8147 7802 7959 7632 7899 8197 7890 7534 7924 7902 7720 8333 8460 7794 7556 7495 7309 7793 7976 7696 7141 7561 7754 7512 7497 7577 7796 7680 8231 8219 7831 8063 8129 8570 7826 7340 7566 7634 7854 7729 7789 8098 7863 8430 7326 7429 8040 7473 7960 7948 7899 8079 7980 7743 7765 7333 8157 8130 7515 7579 7632 7766 7746 7449 7776 7885 7964 7628 7054 7898 7912 7477 7781 7519 8047 8506 7770 7798 7849 7847 7539 8103 7694 7626 7621 8076 7918 7635 8172 7739 7874 8424 7798 7782 7662 7706 7753 7693 7350 7998 7908 7867 7716 8192 7769 7853 7775 7972 7612 7313 7787 8053 7402 8187 8000 8057 7571 8040 7715 7546 7659 8319 8081 7409 8004 7712 7661 7968 8250 7764 8249 7549 7925 7376 8181 8030 7930 7773 7641 7331 7639 7866 7695 7459 6993 7769 8024 7950 7977 7696 8035 7771 8656 7715 7898 7474 8018 7432 7991 7998 7898 7940 8054 7363 7353 7917 7490 8118 
7440 7676 7319 7288 7875 7448 8178 7545 7890 7851 8538 7876 8022 6950 7488 7500 7745 8348 8087 7706 8257 7840 7724 7601 7628 7801 7672 7753 7757 7922 7667 7601 7372 8148 7339 8388 7925 7786 7816 7454 8332 8109 7430 7764 7813 8473 8568 7249 7517 8258 7741 8224 8117 7529 7127 8118 7305 7961 8072 7785 7908 7998 7497 8109 7576 7757 7984 7481 8045 7991 7878 7924 8113 7528 7666 7661 7080 7690 8388 7987 8354 8203 7840 8328 7565 7819 7894 8252 7873 8104 7253 7297 7994 7815 8420 7464 7353 8293 8037 8046 7736 7595 7934 8290 7592 7592 7342 7457 7876 8138 7795 7928 7685 7995 7573 8173 7625 7607 8300 7867 7870 8141 7390 8099 7884 7465 8389 7761 7885 7964 7925 8090 7352 7024 7758 7943 7359 8181 7913 7940 7739 7457 8069 8124 7578 7726 7672 7999 7248 7789 7673 7908 7102 7332 7489 7732 8127 7892 7216 8056 7385 7720 8141 8200 7647 7976 6805 7596 7831 7346 7445 7452 6955 8453 7939 7795 8456 8131 7478 7685 7863 7441 7478 7456 7088 7847 7474 7434 7431 7507 7932 7814 8112 7636 8014 7272 7944 7372 7264 8039 7792 7379 7672 7466 7729 6966 6992 8170 8070 7669 7887 7957 8055 7489 8120 8053 8100 8260 7752 8106 7545 7861 7737 7948 7625 7388 7881 8236 8151 7788 7285 8333 8198 8002 7947 7766 8029 7985 7599 7747 8022 7941 7424 8192 8200 7960 7577 7586 7548 8080 7925 7662 7495 7820 7966 7591 7400 7256 7714 7867 8128 7879 8153 7845 8278 8517 7838 7688 7650 7886 7872 7819 8142 8065 7929 8751 7769 7496 7939 7566 8027 8121 7987 7775 8082 8104 8104 6884 8062 7950 7984 7533 7461 8054 7773 7503 7956 7881 7859 7780 7648 7649 8066 7838 7869 7674 7840 7835 8223 7929 7549 7824 7463 8140 8032 7758 7713 7802 7872 7932 8055 8012 7947 8535 7574 7724 7570 7483 7851 7647 7508 8157 8157 7670 7721 8086 8027 7804 7730 8076 7784 7417 7684 7840 7498 7790 7963 7910 7551 8179 7975 7547 7713 8189 7798 7990 7917 7570 7684 7876 8052 8221 7850 7994 8034 7632 8043 7777 7604 7923 7796 7735 7898 7696 7662 7667 7293 7825 7886 8157 7925 7837 8014 7808 8498 8058 8016 7715 8115 7678 8214 8054 8204 8146 7896 7594 7655 7712 7664 7888 
8385 8275 8133 8386 8354 8581 8821 7739 8363 8312 8586 8056 8388 7864 8125 8339 8217 8978 8260 8268 8481 8036 8288 7969 8464 8286 8163 7923 8366 8110 8031 7791 8108 8751 8085 8115 8620 8279 9043 7965 8781 8527 8199 8155 8277 9289 8897 7940 7969 8549 8514 8341 8280 8153 7888 8737 8149 8673 8574 8533 8407 8444 8198 8254 7976 8603 8950 8132 8501 8812 8090 8466 8631 8057 8465 8329 7673 8225 8468 8299 9020 8187 8274 8655 7888 8257 8181 8688 8329 8993 7820 7471 8299 8412 8841 8380 7519 8565 8570 7984 8178 8591 8593 8670 8305 8229 8040 8045 8650 8302 8473 8392 8514 8232 8294 8659 8097 8203 8323 8463 8244 8437 8252 8211 8327 7971 8832 8279 8622 8818 8465 8555 8079 7953 8680 8490 8158 8767 8325 8336 8399 8237 8286 8453 8313 8273 8466 8186 7851 7774 8167 8346 8103 8067 7963 8341 8726 8832 7643 8870 8257 8594 8726 8799 8449 8286 7596 7879 8483 8159 8072 8477 7737 8591 8183 8926 8386 8582 8280 8248 8135 8206 8342 7843 8015 8353 8586 8148 7870 8495 8666 8604 8435 8283 9097 7524 8271 7811 7624 8630 8325 8084 7908 7906 7797 7823 8036 8334 8501 8598 8250 8608 8604 8099 8839 8555 8887 8386 8424 8830 7825 8265 8578 8515 8618 7933 8353 8799 8500 8029 8012 8489 8612 8609 8342 8070 8878 8471 7895 8451 8506 7847 8147 8449 8798 8588 8139 7938 7977 8542 8553 8064 8057 8319 8036 8173 8115 7809 8673 8255 8870 8185 8593 8213 8770 8939 8327 8690 8232 8118 8398 8380 8614 8642 8330 9001 8137 8191 8261 8025 8628 8791 8577 8670 8308 8568 8702 7645 8594 8456 8173 8003 7924 8171 8416 7858 8579 8520 8637 8426 7815 8241 8739 8515 8277 8071 8377 8939 8722 8413 8246 8161 7865 8566 8528 8254 8313 8352 8650 8774 8494 8371 8426 9024 8485 8102 8196 8161 8034 8360 8151 8534 8537 8801 8326 8704 8482 8441 7998 8465 7874 8027 8420 8355 8247 9038 8428 8414 8220 9057 8795 8230 8128 9266 8155 8376 8207 7948 7977 8456 8704 8478 8258 8472 8819 8199 9279 8491 8366 8817 8487 8129 8595 8259 7847 8411 8267 8649 8462 8281 8719 8134 8859 8532 9394 8477 8357 8228 8573 8075 8911 8588 8314 8837 8543 8240 8214 8450 8052 8303 
8512 8204 8266 8549 8537 8609 9069 7995 8612 8457 8863 8639 8497 8170 8406 8542 8376 9272 8550 8724 8450 8214 7992 8133 8404 8734 8407 8171 8676 8339 8258 8494 8268 8755 8486 9042 8862 8635 8906 8179 8839 9066 8361 8429 8261 9225 8773 8140 8089 8572 8818 8350 8500 8251 8228 8578 8291 8882 8691 8793 8611 9172 8361 8491 8203 8320 9209 8481 8432 8629 8086 8251 8433 8197 8698 8353 7930 8606 8736 8550 9237 8446 8299 8960 8129 8681 8403 8699 8898 8967 7628 7951 8582 8953 8840 8044 7976 8692 8681 8414 8443 8658 9027 8472 8635 8320 8118 8140 8845 8621 8736 8620 8389 8265 8642 8722 8133 8588 8835 8468 8356 8826 8683 8435 8743 8255 8937 8286 8742 9068 8397 8816 8134 7659 8746 8405 8193 8438 8703 8815 8373 8439 8423 8752 8344 8268 8743 8441 8096 8010 8422 8490 8085 8532 8183 8307 8820 8778 7680 8877 8177 8783 8481 8770 8575 8448 7713 8146 8351 8471 8075 8405 7942 8781 8806 9252 8968 8791 8271 8527 8176 8557 8224 8502 8136 8550 8857 8047 7966 8726 8648 8593 8837 8806 8958 8305 8494 8323 8254 8519 8471 8368 8651 7827 8612 7459 7952 8477 8665 8359 8932 8382 8738 8346 8944 8422 8847 8942 8650 9079 7981 8524 8633 8848 8751 8553 8328 8912 8596 7693 8052 9109 8911 8938 8350 8558 8519 9076 8453 8503 8678 8559 8381 8810 8852 8330 7994 7967 7887 8641 8443 8547 7989 8158 8507 7873 8182 8183 8392 8458 8803 9094 8719 8309 8926 9142 8457 8311 8702 8482 8461 8321 8881 8566 8587 8980 8515 8386 8303 8237 8651 8723 8942 8389 8783 8621 8568 7699 9008 8788 8258 8326 8604 8412 8806 8295 8424 8634 8853 8258 7821 8263 8598 8591 8208 8140 8435 8823 8745 8591 8292 8915 7875 9152 8531 8269 8518 8536 8825 8399 8837 8671 8760 9117 8359 8574 8194 8108 8462 8371 8227 8714 8887 8455 8773 8614 8630 8767 8560 8850 8455 8058 8595 8643 8100 8894 8459 8857 8225 8815 8761 8168 8501 9258 8244 8419 8485 8299 8098 8825 8905 8743 8641 8662 8624 7999 9275 8513 8518 8859 8475 8081 8411 8719 8246 7913 7988 8683 8913 8693 8424 8536 8758 8468 9239 8516 8304 8457 8832 8266 8991 8890 8738 8992 8619 8334 8404 8627 7791 8416 
8536 8629 8112 8400 8819 8275 8710 8130 8682 8665 9025 8824 8552 8158 8490 8763 8202 9330 8681 8514 8616 8752 8448 7981 8604 8540 8250 7924 8560 8627 8406 8189 8259 9028 8426 8842 8799 8533 8763 8362 9275 9038 8241 8610 8366 9393 8951 8478 8716 8464 8973 8807 8868 8662 8377 8704 8053 8955 9102 9161 8676 8957 8163 8736 8236 8856 8982 8315 8839 8683 8510 8845 8930 8186 8419 8605 8177 8749 8593 8715 9266 8664 8790 9097 8369 8909 8490 8939 8534 9331 8088 8219 8560 8969 9014 8319 7868 9018 8952 8612 8967 8633 9472 8602 8574 8423 8278 8154 8691 8564 8786 8687 8402 8414 8459 9248 8571 8335 8727 8488 8530 8883 8573 8675 8692 8278 9289 8149 8377 9083 8674 9042 8245 8128 8744 8819 8398 8826 8493 8369 8594 8348 8711 8444 8401 8348 8917 8346 7825 8026 8759 8488 8274 8457 8285 8693 8911 8659 7970 8976 8713 8935 8872 8704 8635 8891 7843 8273 8833 8568 8023 8145 8224 9116 8864 9018 8985 8919 8416 8600 8832 8243 8458 8003 8302 8613 8914 8308 8182 9040 8397 8929 8838 8770 9348 8232 8616 8199 8016 8812 8379 7886 8562 7986 8257 7828 7811 8476 8894 8682 8691 8868 9095 8335 9224 8746 8868 9040 8454 9000 8413 8299 8858 8532 8980 8353 9105 8836 8984 8344 8359 8948 8507 9129 8406 8402 8691 9148 8706 8617 9140 8465 8343 9179 9182 8436 8145 8110 8324 8911 8693 8533 8042 8548 8730 8427 8099 8343 8808 8540 8810 8872 8513 8591 8749 9237 8734 8742 8212 8526 8624 8058 8616 8630 8757 9227 8368 8463 8528 8442 8815 8770 8838 8712 8893 8430 8492 7889 9230 9262 8274 8575 8553 8564 8590 8530 8606 8514 8787 8673 8185 8726 8474 8806 8852 8389 9043 8918 8962 8740 8726 8816 8411 8952 8750 8381 8607 8484 8727 9101 8888 9028 8822 9548 8472 8742 8509 8122 8740 8443 8267 8953 8836 8758 8582 9036 8833 8377 8598 8745 8460 8252 8893 8663 8388 8963 8752 9015 8201 9070 8744 8755 8507 9317 8528 8687 8488 8555 8210 8826 8936 8709 8762 8663 8842 8212 9153 8582 8352 8889 8566 8431 8898 8409 8123 8470 8043 8928 9336 8813 8959 8566 9234 8709 9463 8659 9047 8612 8855 8516 8847 8628 9038 8964 8651 8321 8721 8265 8381 8861 
7563 7931 7759 7911 7913 7890 8286 7287 7804 8263 8185 8202 7963 7618 7606 8036 7824 8553 8198 7981 8026 7908 7776 7668 7733 8059 7674 7448 8385 8140 7707 7847 8061 8528 7765 7949 8230 8370 8106 7789 8576 7984 7730 8140 7915 8615 8366 7529 7828 8134 8132 8200 8112 7928 7642 8057 7758 8456 8127 8407 8401 8089 7994 7821 7520 8240 8692 7819 8144 8110 7791 7877 8243 7764 7920 8030 7829 8016 8386 8066 8971 8061 7906 8421 7563 8146 8043 8200 8270 8429 7463 7526 7959 8036 8339 7790 7402 8200 8099 7791 8003 8125 8449 8037 8148 7952 7839 7891 8218 8298 8411 7783 7756 8171 7861 8503 7914 7837 8225 8152 7824 8309 8323 8216 8292 7746 8036 7825 8106 8275 8049 8538 7804 7388 7962 8096 7843 7963 7904 8129 8071 7796 7977 8142 7966 7869 8452 8060 7667 7795 8107 8115 7956 8004 7309 8174 8294 8414 7453 8441 7620 8369 8239 8443 8307 7811 7198 7907 8072 7568 7439 8078 7386 8195 7895 8466 8468 7968 7670 8052 7796 7718 7953 8069 7617 8190 7957 7747 7687 7899 8211 8087 8194 7893 8755 7808 8075 7605 7333 8274 8256 7646 7948 7459 8103 7057 7792 8285 8255 8154 7810 7820 8744 7755 8630 7770 8113 8233 7840 8839 7521 7933 8180 7986 7883 7942 8210 8466 8365 7765 7813 8613 8612 8062 7927 8065 8190 8204 7834 7834 8707 7611 7940 8272 8344 8010 7776 7753 7512 8333 8321 7784 7657 8066 7864 7749 7831 7499 7987 8171 8751 8079 8040 7926 8526 8633 8087 7930 7911 7637 8330 7958 8179 8183 7774 8817 7734 7742 7990 7604 8331 8220 8516 8112 8277 8219 8274 7098 8540 8332 7834 7948 7763 8106 7978 7557 8093 8168 7986 7966 7447 7902 8119 8219 8210 8038 7881 8456 8203 8020 7513 8029 7720 8683 8313 7492 7703 8008 8047 8370 8237 8288 8225 8911 8094 7806 7911 7395 7797 8183 7663 8528 8132 8138 8202 8224 8304 8004 8083 8618 7477 7711 8251 8119 7974 8556 7967 8224 7693 8191 8455 7907 7714 8504 8121 7862 7931 7569 7697 8408 8110 8175 8349 8042 8080 7665 8373 7842 8014 8235 8142 7849 8057 8040 7873 7615 7683 8121 8038 8109 8269 7620 8373 7914 8816 7974 8138 7949 8325 8021 8338 8114 7996 8294 7995 7585 7719 7872 7618 8390 
8094 8120 7477 8112 8158 8248 8546 7772 8228 8273 8843 8533 8009 7636 7778 8459 7872 8975 8386 8217 8369 7881 8162 7861 7965 8206 7902 8089 8192 8135 7923 7807 7791 8676 7986 8353 8599 8185 8580 7949 8426 8415 8141 8313 7869 9091 8898 7943 8003 8801 8274 8385 8606 8195 7749 8490 7968 8343 8475 8699 8512 8631 7891 8042 8010 8390 8678 8133 8395 8660 7973 7948 8296 8229 8068 8245 7479 8151 8739 7732 8767 8116 8486 8751 7731 8166 7865 8285 8745 8660 7322 7706 8664 8425 8752 8130 7690 8462 8718 8000 7943 8172 8599 8361 7989 8191 7857 8077 8444 8047 8271 8437 8158 7974 7908 8748 7877 7836 8390 8158 8099 8422 8378 8225 8388 7974 9086 8004 8366 8740 7980 8236 7737 7580 8392 8126 7851 8416 8205 8118 8407 8133 8447 8339 8162 7985 8376 8197 7839 7902 8138 8092 7879 7752 7968 8220 8569 8496 7653 8552 8029 8213 8521 8628 8364 8300 7191 7918 8331 7995 7771 7984 7569 8659 8478 8608 8584 8188 7987 7926 8077 7850 8249 7960 7519 8221 8476 7834 7903 8289 8382 8660 8458 8119 8858 7773 8259 8101 7422 8254 8506 7757 8122 7613 8115 7651 7759 8619 8085 8040 8234 8313 8419 7900 8836 8257 8556 8626 8571 8766 7695 8544 8203 8248 8216 7811 8327 8389 8554 7556 8029 8547 8363 8440 7966 8341 8404 8584 8065 8258 8520 8048 7850 8738 8507 8009 7917 8019 7997 8523 8481 8252 7884 8230 8036 7907 7647 7786 8087 8060 8638 8733 8371 8165 8421 9262 8427 8072 8499 8207 8101 8142 8281 8582 8629 8951 8229 7534 8213 7873 8679 8437 8442 8347 8441 8188 8683 7537 8536 8348 8188 7997 8218 8423 8189 7695 8090 8202 8653 8040 7707 8108 8284 8716 8411 7853 8559 8521 8693 8465 8228 8021 7871 8297 7987 7677 8194 8144 8369 8293 8794 8362 8518 8943 8454 8255 7837 7839 7979 8305 7673 8542 8304 8780 8006 8205 8338 7970 8284 8480 7993 7782 8312 8190 8026 8642 8125 8554 7716 8808 8657 8163 7995 8932 8372 8063 8757 7652 8217 8279 8802 8510 8196 8463 8581 8290 9003 8036 7916 8511 8000 7986 7931 7999 7911 7890 7909 8413 8509 8373 8144 7983 8611 8221 9205 8260 7980 8179 8570 8258 8232 8273 8425 8773 8194 8250 7789 8106 8109 8532 
7336 8042 7554 7928 8291 8069 8480 7800 8464 8352 8510 8156 7947 7948 7863 8078 7996 8528 8408 8286 8175 8104 7544 8042 8112 8057 8007 7827 7789 8122 7653 7464 7969 8250 7727 8307 8288 8174 8285 7972 8543 8505 7780 7932 8209 8687 8561 7733 7854 8384 8319 8363 8257 8130 7704 8347 8022 8094 8061 8352 8181 8305 8209 8254 7702 8597 8549 8083 8469 8302 8023 7792 8420 8076 8171 8152 7397 8143 7939 7855 8528 8177 8473 8563 7417 8049 8018 8074 8645 8798 7439 7656 8308 8282 8539 7808 7444 8187 8319 7811 7703 7856 8205 8282 8314 7907 7936 7473 7841 8500 8237 8469 8033 7668 8098 8366 8235 7917 8171 7780 8202 8544 8771 8174 8306 7867 8453 8304 8139 8397 7949 8418 7740 7425 8223 8289 7721 8347 8333 8133 8232 8193 8375 8482 7794 8003 8228 7895 7686 7850 8267 8227 7675 7768 7529 8113 8313 8261 7607 8295 7708 8260 8457 8522 8165 8019 7538 7930 8278 7635 7501 7730 7587 8232 8356 8282 8420 8271 8048 7965 8131 7688 7843 8144 7795 7808 8192 8079 7856 8297 8099 8491 8011 8019 8539 7702 8134 7436 7596 8187 8152 7713 8141 7289 7950 7506 7297 8457 7945 8144 8219 8275 8397 7903 8739 8022 8313 8244 8282 8356 7367 8063 8147 8243 8175 7811 8061 8530 8120 7692 8049 8561 8068 8395 7867 8177 8487 8534 7980 8104 8446 7898 7641 8548 8366 8130 7757 7939 7802 8247 8363 8204 7795 7833 7950 7591 7796 7571 8036 8703 8433 8392 8276 8068 8545 8900 8212 8044 7897 7950 8048 8420 8551 8292 8215 9022 7679 7909 8275 7752 8614 8284 8400 8011 8502 7898 7970 7271 8449 8306 7944 8175 7993 8210 7986 7675 8234 8262 8172 8003 7874 8156 8140 7997 8055 7803 8208 8307 8324 8561 8031 8485 7964 8764 8136 7803 7947 8078 8034 8337 8141 8542 8154 9112 8125 7889 7833 7757 8096 7878 7864 8600 8017 8286 8055 7992 8170 8405 7984 8360 7882 7601 8265 8153 7690 8255 7957 8358 7403 8407 8636 7629 7886 8646 7861 7805 8092 7633 8042 8150 8550 8288 8030 8287 8209 7952 8813 7948 8430 8295 8141 7807 8010 8271 7734 8050 7346 8180 8410 8084 8097 7971 8174 8322 8629 7940 7999 8098 8361 7962 8482 8005 8099 8441 8234 8008 7874 8110 7878 8245 
7501 7643 7410 7516 7757 7359 7808 7276 7865 7829 7993 7636 7545 7149 7385 7549 7496 7924 7796 7627 7619 7540 7258 7469 7697 7738 7415 7288 7972 7849 7347 7347 7169 8170 7912 7937 8143 7901 8027 7425 8178 8049 7916 7755 7340 8368 8333 7436 7301 8074 7779 7397 7901 7752 7262 8019 7549 7728 7769 7951 8134 8175 7360 7452 7402 7911 8042 7640 7856 8113 7464 7058 7672 7804 7679 7368 7434 7862 7999 7557 8199 7807 7899 7994 7230 7626 7276 7843 7822 7935 7494 7246 7745 7690 8499 7564 7365 8027 7940 7615 7719 7721 8211 7679 7909 7667 7660 7689 8018 7673 7796 7845 7551 7772 7425 8073 7514 7376 7775 7487 7622 8048 7724 7546 7828 7415 8234 7539 7799 8336 7436 7927 7540 7061 7980 7606 7271 7979 7642 7641 7479 7186 7855 7882 7574 7639 7998 7677 7342 7421 7673 7711 7482 7361 7668 7703 8068 7854 7222 7868 7568 7821 7857 8251 7891 7868 7034 7400 7700 7537 6823 7495 7517 7724 7715 8130 8162 7827 7501 7728 7484 7209 7556 7283 7214 8107 7716 7456 7364 7938 7915 7896 7957 7662 8189 7120 7893 7143 7113 7840 7444 7487 7773 7187 7441 7299 7131 7687 7637 7607 7679 7627 8120 7370 8266 7786 8226 7957 7826 8162 7179 7687 7778 7800 8062 7290 7918 7942 8096 7266 7131 7979 7815 8021 7881 7423 8135 7927 7617 7549 8403 7494 7618 8408 7779 7955 7237 7482 7350 7953 7571 7403 7306 7360 7615 7441 7001 7563 7569 7736 8055 7714 7860 7608 8248 8793 7741 7290 7688 7424 8011 8010 7602 7936 7796 8274 7424 7286 7872 7292 8248 8146 8003 7965 7800 7850 7737 7033 7990 7864 7348 7878 7434 7622 7876 7377 7762 7704 8121 7751 7163 7882 7977 7798 7836 7423 7699 8034 7852 7633 7557 7518 7574 7963 7719 7402 7573 7936 7631 7977 7854 7839 7758 8308 7765 7713 7789 7186 7638 7864 7350 8080 7817 7892 7381 7803 7751 7635 7895 8106 7510 7377 7662 7319 7276 8206 7815 7851 7395 8045 7969 7428 7204 8178 7743 7491 7934 7450 7569 7774 7918 7594 7639 7662 7949 7598 8254 7671 7744 7924 7733 7608 7618 7681 7511 7700 7155 7737 7994 7820 7676 7454 7689 7670 8552 7693 8122 7725 8006 7502 8040 7704 7893 7868 7584 7568 7327 7404 7634 7782 
8215 8351 7919 7931 8529 7820 8921 7783 8460 8435 8742 8476 8249 7882 7972 8351 8134 8781 8192 8288 8351 8207 8022 8292 8223 8509 8417 7891 8564 8554 8119 7830 7740 8725 7537 8546 8434 8272 8678 8148 8662 8548 8201 8518 8077 8970 9112 8112 7855 8420 8526 8068 8109 8262 7567 8315 8235 8108 8020 8243 8360 8668 8105 8484 8160 8594 8910 8015 8448 8352 8129 8283 8649 8165 8317 8451 7506 8299 8450 8240 9157 8499 8382 8634 8226 8464 7995 8389 8781 8875 7592 7610 8552 8693 8794 7826 7798 8683 8582 8368 8266 8420 8900 8511 8503 8096 8093 8138 8462 8346 8233 8584 8250 8102 8003 9143 8193 8378 8389 7900 8032 8462 8091 8369 8342 7715 8655 8407 8249 8624 8411 8383 7369 7831 8468 8466 8127 8658 8615 8433 8388 7925 8591 8429 8368 8119 8661 8026 7744 8113 8137 8190 8183 7915 7896 8203 8432 8314 7694 8378 8273 8420 8567 8504 8051 8104 7680 7777 8443 8216 7811 8001 7468 8427 8256 8504 8556 8624 8245 8370 8357 8198 8073 7973 7604 8573 8367 8005 8050 8354 8470 8134 8709 7998 8658 7764 8589 7859 7837 8261 8369 8290 8335 7685 7971 7125 7801 8589 8499 8348 8457 8389 8806 8184 8948 8386 8851 8541 8554 8910 7716 8159 7976 8285 8205 8387 8229 8814 8455 7983 8185 8564 8563 8682 8064 8123 8731 8909 8161 8491 8551 8392 8096 8495 8658 8324 8017 7935 7837 8676 8463 8206 7859 8372 8185 8073 7988 7950 7994 8254 8871 8459 8448 8021 8802 8993 8152 8297 8301 8203 8267 8533 8304 8464 8677 9110 7990 8190 8540 7779 8411 8279 8424 8571 8292 8313 8400 7489 8436 8609 7822 8021 8072 8538 8200 7818 8366 8289 8813 8612 7824 8080 8188 8559 8373 7910 8316 8810 8387 8387 8258 8449 8070 8722 8356 7985 8228 8527 8660 8447 8477 8178 8356 8871 8525 8097 8089 7713 8382 8343 7955 8589 8422 8274 8368 8546 8316 8208 8149 8733 7948 7743 8508 8301 8116 8358 8639 8458 7764 8555 8484 7997 8292 8658 8144 8091 8208 8099 8314 8345 8307 8762 8097 8326 8848 8207 8531 8216 8157 8502 8071 7900 8192 8595 7830 8217 7893 8496 8611 8312 8407 8304 8673 8333 8773 8426 8253 7940 8708 8022 8705 8441 8566 8633 8418 7892 8169 8341 7973 8377 
7473 7644 7357 7742 7894 7630 8093 7358 8087 7740 8357 7795 7730 7595 7577 7794 7453 8375 8314 7576 7967 7461 7558 7932 8034 7800 7827 7600 7834 7846 7324 7490 7625 8110 7822 7998 7953 7712 7721 7378 7982 8149 7696 7616 7780 8256 8134 7386 7619 7803 7622 7820 7939 8133 7416 8073 7524 8275 8079 8232 7896 7982 7521 7905 7733 8141 8385 7879 8155 7979 7628 7730 7733 7712 7987 7688 7149 7502 7844 7947 8460 8168 7621 8554 7284 7828 7947 7980 8038 8296 7398 7567 7644 7828 8429 7676 7165 8275 8038 7916 8093 8042 8482 8154 7706 7445 7615 7702 7909 7974 7750 7858 7933 7776 7498 8286 7398 7622 8236 7626 7703 8110 7857 7725 7856 7182 8353 7823 7941 8038 8116 8338 7431 7324 8095 7970 7527 8020 7849 7960 7653 7427 7896 7793 7791 7758 8025 7694 7225 7959 7795 7911 7678 7768 7446 7908 7926 7872 7146 7825 7838 7861 8267 7821 7991 7947 7171 7727 7782 7765 7284 7580 7554 7930 8145 8253 8328 8112 7673 7756 7423 7634 8003 7649 7212 7794 8031 7373 7292 7959 8089 7823 8271 7875 8103 7652 7710 7162 7179 7838 7773 7743 7756 6858 7585 7158 7454 7741 7987 8009 7682 7670 8270 7821 8065 7974 8070 8316 8008 8120 7640 7746 8004 7841 7952 7491 8120 8087 8128 8038 7448 8185 7997 8409 7915 7835 8065 8140 7987 7758 8221 7512 7643 8453 8068 7457 7798 7276 7701 8244 7692 7654 7821 8013 7628 7662 7664 7393 7343 7673 8197 7833 7715 8029 8216 8459 7958 7546 7501 7711 8036 7625 7692 7879 7941 8267 7722 7400 7968 7535 8159 7549 8342 7916 7870 7997 7706 7392 8302 8149 7657 7932 7587 7700 7739 7123 7693 7727 8422 8323 7261 7760 7922 8073 8023 7793 8072 7740 7972 7653 7593 7727 7566 8256 7779 7636 7541 7996 7797 7905 8063 8200 7767 8259 7699 8223 7659 7191 7835 7848 7789 7865 7939 8346 7850 7784 7702 7616 8107 8098 7652 7637 7771 7736 7563 8188 7864 8184 7673 8036 8135 7842 7297 8408 7746 7747 8170 7568 7539 8138 8246 8208 8302 7888 7949 7857 8336 7672 7636 8039 7900 7656 7886 8080 7767 7726 7356 7777 8422 8200 7892 7960 8167 8007 8611 7500 7772 7549 8130 8106 8109 7872 8109 8196 8072 7430 7534 7900 7560 8050 
7659 7710 7607 7534 8351 7631 8093 7714 8060 8165 8156 8131 7964 7709 7680 8159 7510 8776 8209 8110 7620 7817 7512 7864 8030 7893 7870 7244 7633 7869 7473 7711 7895 8528 7542 7951 8356 7987 8534 7451 8506 8171 7716 8081 7896 8825 8390 7941 7638 8245 8099 7918 8166 7674 7818 8234 7746 8070 8162 8126 8001 8195 7709 7899 7484 7913 8529 7824 8305 8082 7837 7720 8269 7986 8050 7969 7609 7923 8057 8209 8555 8036 8137 8595 7543 8102 7853 8014 8314 8389 7573 7325 8142 8171 8219 7861 7279 8094 8140 7911 8302 7893 8304 8263 7612 7776 7720 7599 7658 7898 7868 8047 7976 7815 7825 8194 7748 7972 8279 7594 7991 8232 8059 7952 8210 7891 8202 8273 8218 8259 8110 8108 7423 7235 8346 8181 7471 8098 8189 7994 7550 7839 8002 8168 7900 7922 8181 7862 7672 7698 8104 8148 7542 7718 7639 7980 8327 8145 7411 8166 7585 8283 8228 8144 8176 8047 7195 7719 7934 7704 7484 7808 7299 8499 7968 8355 8280 7791 7692 7678 8116 7942 7888 7670 7607 8224 7900 7721 7600 8514 7951 7873 8042 7901 8404 7616 7899 7490 7502 8341 8017 7508 7774 7462 7673 7084 7574 8049 8350 7900 8519 7963 8247 7829 8370 7963 8178 8630 7967 8138 7647 8113 8034 8049 8020 7339 8109 8359 8055 7625 7810 8047 7817 8198 7817 7523 8511 8688 7878 7985 8328 7749 7866 8435 8193 8016 7748 7540 7483 8403 7885 7876 7525 7842 7967 7606 7757 7557 7754 8117 8322 8307 8299 7911 8343 8683 7955 7480 7834 7761 7914 7790 8015 8190 8051 8466 7600 7874 8018 7911 8340 8202 8214 8142 7956 7816 8009 7281 8400 8216 7817 7557 7653 7967 7972 7435 7876 7560 8601 8108 7740 8189 8023 7816 8053 7920 8122 8548 8249 7907 8129 8182 7649 8555 7838 8026 7810 8035 8166 8179 8460 8184 8042 8611 7921 8013 8111 7559 8294 7937 7492 8409 8191 8086 7922 8082 7983 7952 7840 8277 7671 7737 8020 7821 7834 8385 8105 8255 7651 8365 8242 7634 7842 9142 7700 7803 7732 7875 7870 8046 8194 8206 7842 7981 8387 7716 8308 7804 8187 8245 8109 7947 8166 7982 7761 7996 7492 8200 8108 8005 7877 8085 8566 7663 8831 7612 8208 7500 8344 7654 8326 8125 8321 8304 8131 7792 7831 7968 7783 8020 
7950 8104 7621 7612 8313 8015 8573 7530 8460 8061 8839 8111 7883 7564 8184 8370 7837 8682 8196 8201 8152 8081 7878 7885 8392 8265 7949 7892 7996 8025 7718 7995 7555 8777 7820 8300 8643 8028 8510 7911 8587 8304 7976 8262 8123 8877 8911 7657 7982 8394 7977 7647 8175 8035 7929 8356 7842 8269 8089 8591 8211 8235 7915 7888 8009 8430 8388 7712 8348 8070 8120 7927 8270 7890 8206 7790 7317 8368 8403 8141 8710 8265 8280 8454 7706 8195 8116 8128 8427 8824 7571 7698 8439 8432 8387 8157 7687 8388 8469 8289 8160 8262 8770 8348 8225 8286 7891 7966 8319 8181 8028 8320 8090 7921 7864 8331 7856 7740 8358 7984 8234 8706 8009 8269 8312 7768 8349 8194 8241 8311 8055 8370 7599 7501 8691 8296 7712 8312 8209 8144 7552 7901 8100 8234 8125 8283 8420 7988 7526 7687 8357 8466 7790 8026 7787 8424 8248 8140 7563 8516 8021 8398 8498 8350 8185 8262 7523 7819 8124 7894 7626 7796 7547 8195 7964 8654 8357 8268 7967 7835 8066 8374 8101 7833 7699 8100 7898 8038 7881 8330 8040 8134 8268 8101 8606 7848 8445 7931 7577 8386 8100 7941 7671 7641 7952 7532 7423 8247 8270 8412 8136 8206 8488 7844 8323 8166 8584 8548 8414 8802 7427 8143 7916 8441 8286 7928 8371 8275 8189 7611 8043 8566 8218 8453 7969 7777 8377 8604 8015 8353 8146 8156 7877 8719 8614 8284 7643 7805 7675 8147 7998 8064 7927 7874 8019 8166 7703 7792 8262 8195 8436 8393 8217 8171 8796 9217 8129 7995 7938 7863 8143 8072 7900 8775 7966 8757 7864 7568 8027 8179 8461 8196 8220 8620 8524 8230 8285 7469 8356 8590 7962 7958 8030 8031 7987 8262 8085 8152 8695 8301 8069 8312 8220 8273 8389 7987 8302 8439 8327 7957 8109 8409 7986 8377 8146 7974 7885 8150 8179 8388 8597 8082 8267 8359 8004 8043 7926 7662 8326 8194 7624 8449 8187 8152 8020 8399 8094 8066 8264 8080 7873 7744 8070 8298 8029 8387 8316 8706 7787 8629 8617 8041 8055 8525 8106 8019 8492 7962 7727 8136 8459 8339 8364 8018 8667 7824 8749 7912 8346 8560 7878 7961 8414 8028 7705 8151 7571 8310 8457 7971 8024 8147 8479 8134 8804 8068 8067 7736 8499 7902 8456 8529 8578 8383 8195 7902 7607 8031 7732 7891 
7822 7650 7541 7693 7646 7796 8126 7428 7994 7756 7983 7580 7696 7241 7478 7656 7656 8499 7921 7856 8044 7419 7610 7599 7508 7822 7666 7430 7953 7901 7298 7606 7369 8312 7625 8184 8047 7478 8174 7463 8472 8202 7765 7760 7691 8259 8243 7457 8086 7848 7739 7863 7809 7397 7911 8003 7518 7856 7985 8034 8164 7883 7791 7651 7355 7897 8229 7826 7841 7833 7517 7380 7814 7580 8097 7571 7294 7444 8158 7699 8273 7985 7830 8049 7433 7860 7933 8377 8170 8041 7501 7544 7876 7741 8357 7368 7040 8078 7904 7845 7393 7958 7922 7872 7851 7519 7504 7678 8042 7851 7912 8268 7809 7719 7658 8283 7668 7671 8237 7842 7621 7980 8188 7889 7819 7670 8299 7975 7637 8104 7767 8099 7646 6911 8008 7935 7624 7806 7831 7903 7869 7574 7832 7757 7972 7749 7903 7648 7340 7724 7855 7547 7619 7452 7379 7937 7893 7855 6970 8136 7631 8136 7908 8175 7770 7509 7023 7567 7503 7671 7237 7422 7451 7852 7774 8359 8330 7591 7669 8049 7427 7806 7739 7595 7344 7753 8041 7681 7420 7693 8094 8437 7657 7965 8311 7335 7682 7503 7170 7859 7735 7601 7761 7531 7835 6908 7465 7660 8134 7798 7990 7755 8480 8011 8082 8016 8166 7867 7740 8626 7472 7949 8081 8051 7915 7442 8097 8030 7863 7533 7504 8117 7885 7840 7752 7635 7831 8082 7851 7549 7976 7792 7660 8023 8203 7923 7452 7384 7269 7996 7817 7857 7000 7442 7743 7590 7243 7683 7854 7493 8177 8314 8175 7302 8102 8309 7591 7828 7698 8029 7920 7651 8070 7938 8266 8485 7416 7796 7873 7973 8408 8266 8134 7820 7954 7874 8022 7237 8426 8324 7649 7769 7431 7684 8260 7697 7884 7896 8019 7888 7512 7660 8010 7928 7927 7780 7790 8292 8093 8027 7911 7696 7372 8224 8050 7199 7472 7890 8050 7663 7989 7923 7911 8710 7626 7824 7497 7567 8019 7661 7473 8029 8050 8066 8065 8095 8017 7871 7934 8120 7312 7517 7625 7639 7465 8631 7755 8033 7418 8287 8161 7508 7739 8457 7876 7551 7596 7771 7484 8005 7921 8042 7741 7788 8059 7534 8180 7605 8174 7965 7656 7286 7687 7911 7777 7505 6904 8363 8259 8065 7833 7646 7967 7651 8791 7664 7916 7726 8014 7844 8024 7927 8048 7792 8070 7468 7561 7703 7413 7852 
7445 7654 7605 7400 7810 7917 8210 7097 7796 7552 8148 7899 7752 7321 7721 7602 7634 8502 7787 7582 7622 7332 7804 7516 7886 7874 7595 7579 7918 7749 7165 7771 7604 8128 7634 8113 7854 7913 8051 7649 8285 7964 7845 7893 7707 8652 8213 7726 7324 7924 7526 7938 7774 7662 7531 8055 7408 7978 7832 8088 7947 8068 7718 7788 7527 7990 8216 7604 7859 7943 7461 7625 7909 7651 7847 7574 7241 7572 7800 7824 8346 7667 8071 8185 7212 7585 7853 7948 8104 7984 7390 7135 7867 7881 8240 7565 7086 7843 8088 7662 7709 8172 8204 7817 7834 7973 7743 7190 7505 7769 7811 8024 7897 7532 7615 8226 7430 7497 8060 7393 7615 8067 7592 7639 7576 7524 8172 7689 8006 8414 8104 7815 7674 7233 8115 7506 7363 8062 7737 7884 7680 7618 8111 8077 7918 7892 7962 7928 6986 7367 7779 7675 7640 7458 7616 7815 7989 8169 7228 7804 7796 7850 7946 8267 7928 7628 7265 7321 7712 7350 7209 7724 7251 8063 7712 8161 8009 7946 7640 7560 7562 7680 7732 7554 7541 7728 7892 7528 7457 7769 8145 7969 8268 7902 8280 7174 7746 7516 7617 8150 7803 7346 7368 7040 7691 7248 7562 7893 7927 7735 7806 7892 8140 7603 8062 7875 8004 8045 8171 8244 7478 7881 8021 8168 7635 7513 7701 8179 7746 7302 7494 8106 8073 8190 7565 7413 8246 8142 7997 7981 8037 7430 7703 8359 7789 7917 7565 7286 7558 8234 7847 8009 7564 7708 7724 7630 7437 7672 7526 7748 8229 8158 7670 7844 8126 8366 7521 7645 7464 7902 7842 7640 7762 7955 7796 8232 7729 7748 7486 7208 8285 8035 7870 8209 8003 7968 8046 6996 8013 8030 7783 7387 7649 7668 8113 7644 7902 7614 8221 8211 7660 7652 7937 7790 7804 7450 7992 8103 8046 7973 7696 8136 7310 8292 7856 7542 7786 7876 8294 7970 8150 7667 8120 8496 7988 7783 7728 7393 7816 7559 7392 7990 7956 7882 7818 7753 8092 7729 7536 8193 7601 7230 7685 7818 7772 8076 8011 8212 7060 8208 8052 7519 7377 8272 7588 7876 7902 7707 7507 7716 8015 7862 7597 7805 8434 7415 7980 7684 8127 8071 7941 7703 8119 7883 7651 7604 7114 7954 8049 7778 7793 7564 8323 7773 8562 7459 7761 7384 8119 7601 8098 8115 7959 8115 8188 7839 7491 7405 7652 7824 
8362 8251 8114 8405 8511 8349 8936 7915 8580 8667 8825 8648 8790 8171 8121 8526 8391 8960 8916 8476 8344 8411 8180 8302 8506 8765 8073 7998 8605 8671 8178 8249 8247 9038 8479 8708 9086 8510 8993 8389 8815 9000 8520 8535 8291 9426 9101 8188 8224 8583 8638 8432 8806 8146 8072 8908 8152 8489 8973 8525 8780 8699 8371 8309 8444 8625 9124 8378 8467 8884 8265 8280 8708 8159 8699 8100 7534 8480 8667 8750 9245 8730 8493 9074 8169 8376 8539 8488 8503 8853 7661 8135 8646 8686 9014 8185 8101 8876 8805 8482 8547 8703 8847 8673 8669 8407 8166 8049 8843 8546 8452 8519 8616 8343 8229 8494 8454 8626 8896 8349 8428 8487 8888 8638 8743 8000 8924 8473 8489 8882 8528 8788 8180 7914 8859 8612 8175 8844 8347 8415 8340 8061 8579 8692 8818 7997 8673 8388 8092 8231 8669 8366 8443 8334 8189 8480 8553 8540 7886 8689 8420 8452 8829 8755 8855 8539 7978 8468 8532 8409 7976 8215 7950 8704 8683 8976 9027 8575 8647 8442 8552 8523 8408 8306 8148 8788 8698 8127 8029 8501 8557 8547 8749 8244 8763 8009 8615 8117 7771 8939 8570 8280 8706 7785 8389 7609 7743 8665 8870 8750 8671 8307 8963 7998 9096 8603 8672 8800 8429 9235 8171 8657 8627 8560 8666 8565 8293 9114 9065 8381 8296 8915 8753 8830 8895 8083 8842 9200 8463 8505 8921 8328 8311 8946 8766 8507 8116 8340 8040 8879 8471 8426 7949 8535 8587 8410 7837 8647 8384 8233 8701 8826 8609 8533 8884 9238 8800 8354 8419 8072 8363 8509 8411 8814 8455 9079 8328 8441 8436 8214 9041 8448 8527 8829 8627 8714 8527 7809 8974 8895 8204 8525 8309 8489 8739 8527 8471 8299 8769 8578 8130 8749 8745 8576 8688 8373 8763 9008 8688 8567 8498 8587 8033 8890 8640 8686 8451 8571 8779 8619 8518 8480 8423 9508 8552 8650 8256 8105 8603 8468 7899 8556 9029 8427 8666 8631 8633 8483 8745 8926 8390 7895 8728 8254 8683 8606 8642 8807 8267 8656 8884 7963 8326 9008 8861 8548 8224 8475 8209 8837 8501 8695 8698 8733 8613 8506 9055 8187 8790 8826 8520 8487 8614 8744 8475 8324 7688 8818 8764 9094 8713 8238 8731 8481 9303 8675 8406 7947 8680 8484 8885 8664 8822 8662 8707 7890 8226 8298 8619 8119 
8264 8161 7967 8294 8385 8355 8761 7447 8405 8537 8761 8484 8428 7944 8029 8208 8072 8757 8333 8449 8394 8174 8365 8222 8487 8489 8167 7883 8329 8291 8300 8189 8018 8943 8155 8652 8679 8227 8647 8338 8817 8277 8188 8213 8250 9131 9208 7928 8059 8820 8651 8404 8966 8061 8013 8387 8050 8409 8617 8356 8343 8432 8152 8232 8120 8734 9050 7977 8402 8287 8004 8150 8625 8486 8434 8171 7690 8367 8485 8204 8893 8656 8715 8557 7928 8189 8295 8327 8485 8974 7972 7956 8516 8688 8698 8251 7256 8893 8868 8151 8421 8561 9108 8229 8842 8306 8035 8304 8367 8477 8653 8559 8676 7790 7914 8598 8334 8217 8812 8191 8624 8520 8144 8421 8291 7873 8825 8266 8519 8705 8119 8935 8122 7749 8421 8583 8003 8736 8650 8244 8206 8178 8843 8542 8261 8230 8774 8397 7628 8202 8243 8091 8243 8051 7628 8739 8524 8425 7860 8542 8109 8748 8263 8740 8263 8340 7638 7991 8247 7969 7484 8288 7758 8358 8487 8662 9012 8463 8208 8469 8154 8276 8240 8149 7925 8610 8287 8307 7929 8483 8527 8725 8403 8433 8984 7651 8701 8019 7544 8468 8287 8000 8566 7966 8009 7900 7836 8498 8402 8553 8052 8707 8798 8301 8875 8469 8773 8458 8794 8788 7713 8125 8522 8844 8474 8410 8355 8693 8939 8054 7767 8765 8501 8978 8462 8281 8595 8903 8348 8452 8164 8495 8368 8856 8820 8143 8056 7838 8122 8801 8469 8388 8109 8133 8334 8177 8035 8163 8508 8382 8834 8406 8338 8219 8844 9274 8650 8149 8242 8280 8399 8334 8198 8498 8326 9220 8150 8206 8340 7845 8639 8497 8446 8789 8143 8506 8640 7457 8454 8877 7828 8621 8040 8288 8472 7980 8455 8212 8563 8388 7923 8080 8654 8349 8405 8080 8451 8859 9030 8669 8162 8507 8078 8635 8430 8326 8459 8188 8615 8832 8718 8583 8369 9359 8572 8219 8507 7582 8173 8418 7838 8415 8705 8559 8196 8528 8580 8203 8520 8763 8190 7959 8543 8469 8183 8597 8653 8589 7802 9094 8780 8221 8323 8837 8210 8211 8620 8330 7724 8462 8560 8652 8474 8346 8972 8152 8727 8338 8262 8777 8328 8010 8375 8486 7855 7879 8123 8454 8638 8299 8515 8321 9059 8453 9234 8510 8353 7698 8682 8564 8960 8524 8625 8914 8845 8281 8193 8365 8380 8630 
7853 8167 7877 7585 8157 7771 8669 7701 8350 7979 8820 8231 7964 7664 7926 7966 7776 8215 8182 8186 8195 8216 8149 8174 8415 8446 8359 7981 8123 8123 7921 8304 7496 9035 8227 8369 8577 8136 8509 7660 8667 8439 8195 7933 8092 8796 8720 7802 8034 8391 7835 8376 8214 8099 8081 8449 7615 8168 8326 8170 8409 8578 7990 8315 8142 8392 8159 7578 8410 8277 7937 7962 8191 7952 8250 8157 7381 7826 8260 8183 8825 8247 8215 8518 7643 8114 8274 8382 8341 8809 7645 7451 8335 8710 8649 7735 7667 8400 8306 8076 8167 8178 8473 8176 8142 7736 8123 7677 8245 8188 8372 8159 7820 7766 7838 8389 7766 8248 8389 7949 8076 8600 8240 8079 8263 7399 8658 8057 8128 8380 8022 8615 7743 7699 8618 8361 7767 8464 8068 8130 7939 8017 8023 8328 8061 8333 8243 7726 7281 7762 8255 8375 7886 7761 7744 8130 8281 7936 7507 8624 8036 8561 8428 8476 8241 7983 7380 7645 8362 7871 7761 7867 7820 8605 8011 8716 8720 8080 8001 8231 7945 8186 8072 7942 7784 7949 7931 7691 7629 8372 7974 8309 8493 8246 8310 7992 8258 7493 7641 8448 8000 7877 7674 7528 7776 7569 7468 8505 8228 7974 8213 8323 8580 7873 8600 8584 8394 8615 8238 8710 7527 8081 8512 8134 8321 7820 8324 8629 8506 7997 7817 8578 8186 8307 8215 7898 8279 8737 8025 8039 8339 8260 8033 8638 8572 8039 7884 7898 7664 8738 8084 8176 7815 8014 8222 7620 7666 7618 8029 8113 8507 8299 8231 7958 8452 8651 8165 8089 7673 8091 8302 7898 8156 8239 8223 8900 7828 7838 8120 7977 8560 8346 8272 8542 8189 8454 8416 7513 8328 8064 8099 7566 7922 8173 8196 7622 8362 8214 8399 8187 7874 8242 8385 8431 8062 7985 8162 8498 8487 8212 8030 8319 7717 8501 8127 7952 8096 8313 8651 8164 8489 7957 8291 8963 8390 8032 7896 7591 8119 8109 7716 8468 8489 8355 8112 7982 8282 8163 8038 8139 7961 7699 8186 7838 7913 8206 8179 8440 7771 8097 8653 7814 8231 8745 8446 8095 8241 8238 7800 8139 8286 8290 8202 8556 8263 7879 8839 8052 7588 8538 8060 7919 8144 8638 7778 7800 7388 8113 8592 8112 8071 8006 8575 8400 8864 8125 8166 7741 8765 7933 8418 8229 8579 8313 8141 8246 7896 7896 7780 8145 
7572 7808 7370 7589 7769 7799 8067 7458 8189 8024 8162 8035 7781 7525 7925 7537 7318 8103 8103 7599 8227 7536 7541 7553 7827 7873 7399 7550 7875 7902 7346 7189 7742 8136 7588 8011 7988 7844 8163 7669 8158 8046 7577 7923 7875 8178 8133 7765 7419 7801 7737 7616 7723 8041 7603 8227 7316 8208 7992 7816 7706 8017 7757 7527 7854 7985 8214 7943 7858 8145 7565 7819 8134 7628 7816 7873 7515 7692 8155 7761 8625 7773 7637 8309 7580 7938 7642 8046 8152 8556 7240 7516 8029 8015 8285 7746 7141 7915 8117 7875 7747 7873 7938 7926 7925 7534 7634 7360 7813 8034 7882 8091 7978 7673 7504 8439 7564 7614 7626 7556 7986 8101 7880 7644 7937 7396 8430 8078 7661 8254 7446 8169 7204 7222 8021 8294 7441 7672 7870 7639 7994 7759 8200 7961 7805 7240 7864 7443 7476 7476 8013 7647 7455 7518 7458 7879 8354 7880 7752 8106 7728 8089 7856 7942 7892 8152 7283 7029 7924 7425 7356 7677 7440 8172 7937 8473 8435 8059 7816 7724 8024 7694 7636 7501 7405 7958 8129 7388 7247 7941 8123 7850 7724 7901 8414 7298 7887 7303 7232 7908 7773 7849 7498 7180 7592 7029 7771 8110 7762 7653 7617 7823 8002 7618 8409 8036 7990 8365 7882 8221 7459 7532 8159 7805 8049 7693 7476 8444 8255 7598 7764 8153 8031 8324 7710 7745 7731 8287 7380 7642 8072 7768 7672 8146 8107 7772 7510 7360 7582 8217 7929 7645 7835 7779 7339 7879 7489 7452 7938 8001 8040 7860 7832 7223 8711 8507 7774 7815 7768 7803 8009 7723 8112 8141 7598 8328 7733 7554 8179 7740 8296 7925 8128 7751 7970 7386 7890 7173 8158 8148 7824 7707 7680 8047 7799 7424 8039 7831 8191 8112 7504 7955 7708 8040 7710 7724 8225 8240 8167 7684 7961 7947 7626 8174 7644 7850 7612 8003 7843 7941 8021 8120 7967 8690 7706 8131 7446 6925 7653 7963 7742 8202 8039 7826 7774 7843 7921 7647 8083 8283 7449 7589 7939 7669 7476 8325 8104 8150 7507 8039 8221 7674 7794 8320 7787 7718 7992 7531 7751 7878 7858 8028 7974 8182 8002 7529 8193 7354 7820 8181 7742 7330 8071 7996 7475 7882 7463 8088 7934 7812 8066 7595 8232 8266 8338 7870 7820 7625 8117 7792 8426 7774 8327 8486 7732 7738 7593 8046 7634 8136 
6826 7503 7208 7505 7683 7306 7568 7465 7585 7509 7998 7643 7179 7050 7318 7805 7344 7877 7928 7473 7486 7431 7516 7791 7949 7849 7316 7112 7593 7438 7335 7682 7435 8096 7605 7650 7953 7621 7572 6892 8019 8357 7468 7772 7306 8524 7959 7106 7346 7781 7428 7516 7726 7753 7311 7780 7190 7623 7843 7926 7891 8025 7406 7587 7601 7527 8039 7430 7784 7502 7500 7375 7624 7266 7313 7334 7181 7630 7717 7575 8185 7661 7546 8193 7488 7618 7985 7721 7767 7931 6996 7148 7974 7770 8120 7163 6999 8139 7963 7602 7911 7490 8133 7915 7685 7299 7417 7292 7581 7734 7476 7377 7445 7583 7253 8002 7232 7505 7594 7556 7349 7470 7810 7607 7670 7255 8217 7399 7471 8037 7817 8168 7179 6936 7722 7587 7459 7779 7979 7721 7748 7393 7743 7801 7857 7523 7873 7522 6831 7251 7596 7619 7581 7349 7160 7499 7865 7672 7065 7772 7644 7707 7818 7868 7720 7521 7086 7265 7286 7257 6971 7472 6956 8055 7352 7852 8127 7696 7523 7812 7686 7500 7399 7130 7173 7533 7779 7302 7419 7579 7764 7569 7787 7329 8028 7182 7826 7397 7105 7818 8072 7171 7689 7013 7538 7125 7213 7471 7700 7577 7616 7798 7961 7497 7902 7468 7930 7622 7650 8052 7598 7399 7922 7686 7792 7667 7698 7710 7754 7331 7437 7838 7781 8005 7966 7416 7769 7935 7525 7703 8045 7562 7364 8123 8116 7580 7337 7175 7296 7835 7552 7714 7301 7650 7354 7812 7086 7232 7380 7568 8000 7876 7656 7443 7908 8361 7428 7636 7377 7390 7834 7309 7863 7757 7905 7720 7181 7344 7777 7155 8378 7701 7931 7720 7857 7641 8103 6965 7811 7909 7212 7228 7544 7600 7457 7136 7324 7512 8034 7949 7265 7632 7506 8004 7539 7572 7639 8313 7794 7792 7632 7436 7293 8065 7670 7297 7310 7613 7780 7576 7940 7606 8015 8267 7695 7862 7351 6855 7785 7853 7350 7823 7680 7396 7561 7686 7881 7332 7758 7975 7173 7162 7913 7480 7231 7887 7933 8114 7231 8009 7860 7273 7501 7925 7542 7564 7531 7500 7161 7920 8173 7879 7656 7916 7870 7379 7906 7594 7675 7518 7784 7596 7504 7849 7437 7453 7093 7798 7657 7829 7370 7451 7667 7776 8227 7547 8043 7320 7745 7424 7910 7925 7653 7849 7791 7287 7472 7137 7436 7937 
8296 7943 8522 8371 8413 8599 9009 7789 8488 8678 8948 8415 8236 7813 8186 8342 8085 9195 8532 8451 8142 8357 7692 8083 8338 8384 8131 8187 8659 8334 7965 8195 8323 8819 8107 8651 8671 8396 8534 8027 8729 8534 8118 8361 8118 9179 8923 7801 8270 8525 8387 8476 8704 8341 8109 8279 8221 8302 8501 8801 8407 8639 8238 8086 8237 8172 8814 8414 8476 8680 8332 8080 8539 8083 8549 8458 7706 8207 8567 8466 8983 8398 8415 8942 8266 8471 8499 8650 8883 8869 7800 7967 7996 8340 9084 8158 7754 8464 8556 8368 8260 8520 8972 8588 8373 8445 8270 8118 8198 8352 8544 8462 8480 8204 8205 8890 8367 8218 8602 8413 8140 8577 8215 8486 8279 8149 9156 8310 8434 8720 8286 8456 8129 7714 8793 8550 7884 8701 8621 8426 8571 8195 8443 8430 8640 8084 8765 8077 7973 8119 8288 8339 8104 8145 8366 8395 8591 8552 7733 8687 8335 8671 8328 8675 8572 8471 7811 7999 8295 8150 7631 8346 7987 8875 8167 8868 9127 8426 8152 8596 8199 8342 8240 8340 7984 8401 8323 7995 8314 8538 8957 8588 8336 8470 8888 8107 8179 7996 8137 8761 8373 8305 8499 7897 8286 7463 8044 8567 8294 8113 8568 8520 8951 8132 8837 8490 8831 9124 8712 8969 7882 8507 8516 8362 8430 8225 8613 8784 8623 8215 7952 8712 8520 8731 8415 8289 8772 9063 8084 8338 8719 8475 8013 8771 8724 8312 7933 8317 7971 8508 8451 8164 7846 8187 8426 8261 8141 8256 8336 8373 8695 8819 8691 8237 9356 9275 8251 8263 8133 8138 8185 8691 8461 8361 8600 9122 8488 8128 8401 7999 8640 8889 8609 8621 8171 8484 8405 7406 8671 8714 8463 8391 8339 8478 8404 7856 8521 8415 8654 8467 8022 8323 8458 8385 8662 8224 8439 8886 8619 8662 8410 8647 7759 8839 8218 8386 8893 8870 8720 8448 8871 8822 8496 9179 8512 8396 8241 8063 8332 8374 7881 8558 8409 8516 8149 8337 8292 8569 8240 8737 8075 7877 8324 8370 7977 8742 8384 8517 8211 8934 8693 8205 8344 9139 8460 8272 8063 7860 7876 8521 8822 8578 8382 8448 8600 8255 8875 8473 8038 8355 8427 8406 8334 8689 7879 7964 7903 8820 8439 8718 8409 8430 8515 8322 9056 8149 8663 8290 8952 8130 8699 8614 8649 8740 8362 8311 8507 8320 7906 8428 
7545 7774 7609 7808 8008 7757 8388 7377 8262 7836 8335 8325 7795 7594 8067 7862 7683 8637 8027 8169 8329 7859 7945 7970 7695 7866 7719 7587 7932 7864 7480 7867 7952 8282 7832 8133 8250 7847 8126 7587 8186 8235 8172 7971 7712 8690 8349 7430 7492 8266 7777 7728 7888 7753 7782 8120 7857 8173 8172 7987 7837 8281 7798 7597 7385 8282 8249 8025 7966 7841 7362 7807 8094 7919 8022 7472 7461 7779 7831 8087 8578 8004 7913 8312 7596 8197 8359 8184 8217 8453 7210 7533 7884 8052 8189 8093 7216 7932 8037 7799 8235 8039 8062 8459 8109 7989 7647 7926 8097 7817 7990 8132 8049 8231 7973 8332 7511 7602 8166 7725 8012 8339 8210 7819 8219 7602 8423 8164 7924 8404 7936 8287 7683 7368 8238 8072 7597 8277 8229 7879 7675 7729 7959 8104 7763 7928 8287 7334 7289 7374 8090 7983 7863 7757 7641 7729 8408 7944 7290 8569 7788 8195 7940 8346 7664 7868 7228 7513 7984 7697 7262 8016 7512 8435 8080 8399 8319 8210 7860 7910 8022 7389 7891 7909 7411 8166 7850 7703 7658 7809 8081 7999 8201 7680 8409 7504 7690 7819 7448 8124 8021 7734 7903 7488 7751 7207 7706 7994 7987 7980 7907 7941 8315 7460 8479 8245 8263 8081 8056 8418 7875 7695 8011 8146 7814 7882 8061 8325 8074 7683 7562 8373 8126 8117 8308 7790 8070 8354 7893 7937 7966 7800 7765 8111 8203 7728 7681 7592 7581 8264 7991 7861 7919 7818 7939 7693 7766 8025 7702 8033 8345 8191 8026 8254 8565 8715 7806 7944 8039 7595 7915 7867 8142 8422 7963 8454 7660 7902 8016 7802 8375 8124 8003 7805 7944 7802 8027 7139 8551 8489 7579 7810 7801 8000 8250 7936 8111 8189 8207 8098 7678 7861 7894 7944 7863 7810 8040 8520 8162 8172 7802 7992 7614 8309 8184 7436 8163 8053 8254 8320 8158 7818 7848 8528 7871 8042 7963 7438 8275 8092 7494 8182 8195 7759 7963 8089 8116 7986 7950 7980 8068 7685 8217 8237 7810 8353 8538 8017 7546 8186 8248 7885 7857 8558 8059 8092 7995 7752 7840 8119 8221 7841 8221 7702 8063 7612 8624 7695 7978 8165 8080 8077 7756 7713 7731 7772 7500 8133 8401 7808 8078 7697 8572 7834 8457 7807 7938 7604 8224 7802 8170 7942 8153 8060 7977 7849 7704 7856 7671 8143 
7628 8162 7537 7903 8318 8162 8340 7636 8382 8124 8251 8365 7951 7514 7725 8115 7362 8524 8200 8020 7871 8074 7652 7534 8107 8056 8087 7974 7760 8042 7735 7745 7698 8376 7655 8395 8262 7961 8446 7948 8556 8111 8149 8033 8061 8569 8434 7605 7547 8003 7974 7869 8085 8242 7540 8238 7956 8121 8226 8432 8051 7903 7886 7896 7849 8232 8499 7993 8310 8006 7407 7627 7927 7778 8009 8237 7094 7935 8359 7968 8526 8007 7967 8729 7286 7850 7804 8041 8443 8771 7126 7343 8299 7767 8609 7625 7611 8186 7920 7743 7798 8311 8568 8369 7994 7604 7989 7773 7944 8053 8163 8274 8070 7731 7746 8459 7524 7882 8354 7768 8090 7895 7998 7727 8162 7558 8655 8089 7933 8189 8045 8751 7631 6939 8546 8092 7823 8256 8002 8277 7935 7827 8125 8051 7594 7823 8021 7730 7385 7509 7935 8035 8064 7931 7639 8010 8202 8028 7549 7995 7694 8027 7971 8311 7960 7736 7379 7633 8020 7917 7540 8034 7368 7960 7939 8284 8462 8307 7982 8169 7614 7983 8175 7680 7323 8070 8003 7704 7875 8049 8293 8223 7885 7885 8446 7762 7843 7464 7445 8167 7851 8005 7880 7441 7827 7351 7786 8056 7732 7989 8224 8198 8263 7751 8355 7937 8199 8012 8285 8311 7480 8148 8007 7949 8120 7512 7954 8392 8034 7763 7641 8406 8113 8222 8001 7704 8094 8476 7848 7808 8328 7935 7769 8363 8199 7922 7843 7698 7280 8514 8069 7896 7764 8053 7923 7874 7706 7531 8094 8074 8796 8586 8005 7802 8290 8702 7970 7542 8222 7904 8018 7895 8219 8282 8165 8447 7599 7809 8077 7730 8234 8269 8099 8021 7942 7909 8339 7769 8052 8056 7774 7903 7637 7827 8358 7288 8253 7891 8304 8185 7475 7961 7980 8069 8356 7839 8011 8042 8347 8129 7998 8182 7725 8617 7883 7809 8471 7931 7991 7941 8239 8288 8133 8818 7844 7928 8049 7659 7666 8051 7779 7911 7974 8010 7974 7978 7764 8056 8080 8126 7881 7832 7969 7981 8019 8562 7642 8363 7670 8448 7980 7721 7733 8706 8021 8010 8012 7694 7810 8139 8477 8418 8015 8092 8182 7574 8813 7732 8255 8090 8011 7722 8099 8033 7949 7553 7627 7851 8233 8019 8281 8120 8406 8137 9155 7823 8064 7703 8394 8010 8405 8173 8072 8216 8057 7520 7670 7943 7909 8295 
8228 8132 7873 8064 8184 8022 8616 7193 8358 8101 8623 8363 8222 7800 8304 8347 8021 8712 8134 8278 8359 8106 7972 7930 8492 8338 7889 7932 8417 8213 8087 8375 7724 8517 7945 8505 8106 8068 8506 8047 8512 8376 8141 8284 8151 8624 9260 7552 8440 8452 8219 7814 8217 8103 7862 8207 7971 8669 8299 8705 8521 8477 8306 7854 8168 8471 8786 8318 8486 8517 8149 8182 8300 7501 8100 8082 7792 8299 8474 8212 8680 8663 8291 8769 7863 8034 8366 8570 8474 9044 7926 7833 8176 8274 8794 8082 7536 8472 8437 8251 8340 8404 8697 8210 8619 8141 7836 7807 8224 8416 8091 8263 8636 8131 8062 8706 8057 7894 8659 8192 8191 8372 7928 8362 8440 7993 8863 8135 8662 8782 8264 8630 7733 7452 8604 8561 7743 8292 8278 8498 8308 7888 8364 8159 8255 7913 8531 8170 7635 7800 8433 8058 7941 7927 8019 8163 8416 8205 7478 8254 8206 8660 8287 8302 8380 8188 7357 7606 8268 8130 7718 7781 7682 8317 8162 8620 8755 8324 8085 8225 8317 8015 7832 7969 7855 8461 8535 7993 7934 8300 8540 8408 8217 7994 8768 7377 8212 8072 7637 8524 8211 8208 8096 7629 8261 7260 7692 8452 8378 8012 8416 8308 8636 7963 8470 8735 8180 8571 8437 8582 7907 8007 8319 8413 8274 7950 8340 8581 8426 7662 7985 8487 8550 8575 7972 8405 8696 8475 8388 8081 8408 8009 8263 8401 8320 7947 7742 7956 7873 8508 8345 7979 8111 8164 8181 8020 7950 8273 7927 8422 8588 8597 8196 8260 8607 8955 8126 8429 7561 8121 8339 8465 8215 8426 7747 9064 7895 7710 8553 7571 8451 8650 8661 8483 8300 8167 8177 7469 8679 8765 8164 8006 8190 7878 8206 7966 8425 8066 8564 8529 7869 8383 8208 8231 8540 7889 8544 8707 8552 8234 8271 8329 7981 8527 8350 8024 8104 8237 8325 8711 8688 8081 8303 8991 8008 8137 7873 7749 8337 8135 7474 8555 8345 8193 8267 8337 8353 8200 7983 8387 8024 7830 8211 8177 7753 8593 8467 8827 7809 8793 8622 7876 8259 8683 8157 7960 8477 8316 7981 8327 8273 8155 7951 8398 8408 7946 8759 7995 8171 8579 8266 7752 8233 8217 7890 7988 7675 8472 8556 8284 8074 7918 8596 8283 8819 8059 8249 8093 8663 8122 8512 8281 8716 8488 8180 7904 7758 8177 7860 7997 
7801 8205 7708 8048 8055 8071 8669 7764 8390 7747 8378 8128 8147 7662 7843 7873 7900 8582 8424 8105 8123 8412 7890 7767 8066 8428 7848 7754 8181 8138 7689 7983 7658 8697 7894 7942 8352 8217 8487 7920 8665 8375 8344 8227 7898 8692 8538 7658 7752 8408 8222 8205 8218 8043 7959 8505 7764 8098 8079 8649 8197 8395 8028 8173 7916 8504 8564 8120 8230 8108 7716 7777 8255 8006 7814 7936 7494 8174 8628 8277 8672 7858 8123 8340 7703 8355 8029 8220 8649 8546 7654 7847 8404 8317 8636 8146 7538 8481 8068 7639 8187 8223 8657 8084 8392 7809 7889 7802 8299 8295 8199 8429 8252 7906 7883 8368 7894 7976 8251 7738 8069 8378 8013 7949 8239 7418 8555 7912 8132 8309 8166 8523 7848 7816 8388 8465 7897 8250 7915 7876 7944 7823 8247 8212 7880 8146 8714 7838 7686 7693 8229 8265 7889 8054 7575 8449 8209 7967 7946 8612 8066 8429 8463 8290 8500 7917 7462 7581 8082 7877 7630 8032 7641 8253 7875 8466 8529 8483 7916 7833 8264 7775 8085 7782 7760 8218 8053 8001 8056 8263 8427 8339 8379 8121 8839 7642 7720 7841 7494 8113 7854 7727 8035 7689 8174 7423 7912 7945 8123 8174 8022 8101 8421 7997 8506 7918 8603 8482 8266 8374 7608 8092 8335 8323 8109 8060 8003 8380 8146 7662 8073 8385 8337 8196 7756 8069 8117 8473 7885 7995 8466 8013 8351 8674 8444 8396 7691 7758 7560 8374 8039 7835 7945 8107 8045 7851 7885 8125 8144 8134 8866 8475 8264 8036 8716 9057 7972 7957 7731 8203 8147 8172 8320 8420 8263 8900 7978 7840 8251 7698 8154 8175 8371 8138 8287 8003 8281 7500 8370 8440 7914 8142 7879 8276 8317 7823 8268 8093 8327 8361 7616 8186 8123 8040 8209 7932 8121 8727 8220 8269 7912 8104 8071 8651 8095 7864 8247 7860 8165 8529 8500 7950 8427 8871 8067 8164 7653 7703 8006 8176 7483 8164 8283 8046 8198 8215 8271 8163 8221 8496 7792 7965 8373 7924 7772 8426 8098 8545 7610 8677 8401 8170 7939 8647 8236 7973 8555 7817 7991 8119 8665 8315 8363 8298 8588 8288 8795 8215 8246 8539 7764 7974 8060 8212 7887 7866 7263 8715 8347 8324 7947 8086 8550 8155 8608 7990 8251 7992 8626 8007 8346 7991 8276 8355 8212 7941 8272 8268 8017 8212 
7557 7834 7506 7617 8188 7958 8372 7465 7868 8143 8568 8119 8124 7647 7550 7799 7490 8534 7801 7908 8014 7880 7895 7851 7909 7841 7912 7679 8218 8161 7180 7914 7507 8448 7727 8400 8112 8055 8029 7610 8654 8244 8044 8003 8092 8474 8418 7613 7800 8129 8050 8028 8258 7887 7691 8333 7617 8133 8137 8002 8377 8284 7848 7955 7681 8227 8281 7739 7999 8358 7574 7786 8405 7740 8060 7783 7615 7811 8178 7825 8659 7974 8182 8364 7787 8104 8033 8169 8218 8634 7451 7452 8405 8238 8503 7800 7268 8461 8203 8038 7983 8364 8196 7820 7986 8055 7485 7500 7996 8168 7844 8072 7997 7759 7769 8498 7588 7840 8213 7701 7741 8239 8208 7775 8080 7499 8516 7795 8085 8276 7849 8108 7699 7440 8205 7954 7459 8032 8059 7855 8124 8134 8156 8255 7999 7768 8358 7833 7663 7614 7819 8157 7600 7780 7591 8033 8211 8170 7072 8257 7851 8221 8289 8200 8084 7938 7358 7587 7729 7669 7456 7978 7261 8203 7925 8527 8093 8482 7670 7817 8135 8033 7860 8033 7529 7769 8398 7417 7481 7869 7961 7989 8187 8137 8566 7367 7932 7582 7338 8145 7668 7645 7858 7208 7822 7360 7640 8061 8274 7734 7764 8062 8571 7799 8235 8285 8399 8618 8261 8411 7816 7807 8263 8152 8143 7946 8013 8178 7992 7384 7935 8213 8049 8094 7818 8032 8161 8213 7832 7892 8091 8101 7902 8131 7989 7769 7509 7855 7659 8289 7762 8104 7528 7954 8173 7638 7340 7889 7726 7599 8365 8252 8267 7833 8231 8639 8074 7893 7777 8242 7951 7678 8175 8403 7833 8596 7746 7735 8046 7837 8152 8117 8236 8120 8281 8220 8175 7402 8370 8372 7672 7938 7781 8323 8208 7931 7993 8044 8319 7841 7496 7747 7834 7978 8211 7950 8302 8204 8339 8309 8107 8149 7678 8450 7797 7617 7672 8064 8061 7907 8204 8069 7843 8620 7820 8037 7674 7884 7658 8129 7578 8324 7975 8124 8141 8017 8229 7772 8137 8212 7870 7532 7908 8087 7906 8326 8140 8282 7072 8152 8508 7858 7722 8661 7815 8117 7826 7724 7673 7984 7991 7979 7992 8386 8282 7948 8544 7861 7878 8195 7972 7507 7964 8279 7567 7837 7608 8359 8419 8267 8194 7962 8116 7868 8850 8115 8178 7955 8284 8247 8239 8171 8245 8466 8198 7781 7790 7843 7595 8070 
7979 7844 7409 8095 8030 7789 8444 7591 8365 8323 8496 8144 8147 7695 7824 7933 7658 8648 8070 7848 7878 7810 7688 7578 8080 7990 7850 7478 8164 8027 7657 7846 7926 8662 7835 8120 8661 8080 8633 7830 8460 8328 8018 8288 7674 8943 8652 8011 7814 8493 8461 7791 8186 7976 7853 8341 7897 7996 8287 8495 8067 8453 7985 7976 7818 8180 8584 7967 8350 8582 7804 7899 8519 8018 8343 8145 7713 8169 8123 8066 8719 8136 8156 8545 7547 8058 8010 8327 8516 8378 7410 7474 8098 8436 8683 7995 7424 8446 8478 8063 8306 8286 8780 8096 8143 7814 7811 7912 8438 7897 8237 8185 8069 8270 8063 8640 7811 7981 8166 7835 8349 8264 8426 8293 8337 7487 8653 7986 8000 8293 7974 8272 7835 7414 8369 8136 7720 8236 8233 8291 8069 7749 8325 8176 8191 7478 8521 8064 7835 7754 7984 7846 7728 7832 7828 8124 8297 8322 7919 8777 8183 7958 8578 8584 8476 8326 7590 7973 8019 7846 7635 8220 7351 8132 7915 8540 8427 8372 7880 7980 8385 7827 8005 7871 7760 7987 8179 7686 7680 8267 8254 8267 8269 7903 8684 7816 8312 7832 7861 8342 8081 7741 8032 7742 8242 7379 7751 8371 8217 7895 8012 7943 8482 8109 8324 8207 8146 8596 8175 8775 7864 8155 8230 8149 8113 7948 8282 8477 8450 8023 8188 8452 8121 8466 7929 7923 8144 8731 8171 8061 8372 8081 7732 8713 8240 8242 7602 7536 7880 8619 8197 8170 7823 7911 8027 7946 7792 7978 8141 7863 8623 8286 8310 7997 8482 8869 8240 8302 8143 8107 8130 8044 8111 8325 8231 8611 8012 7994 8104 7776 8859 8104 8201 8188 8304 8390 8286 7272 8630 8543 7981 7981 8133 8321 8141 7653 8358 7935 8563 8040 8024 7977 8140 8655 8455 7850 8092 8605 8339 8229 8259 8322 8012 8403 8159 8072 7785 8357 8261 8382 8582 8088 8257 8858 8146 8094 7999 7778 8083 8297 7864 8356 8492 8513 8388 8451 8521 7781 8370 8444 8027 7576 8416 8242 7952 8280 8033 8306 7634 8387 8288 7863 7948 8706 8024 8005 8275 8089 7956 8100 8185 8517 8110 8232 8207 8001 8724 8143 8280 8203 7944 8161 7999 8374 7752 8098 7867 8436 8465 8253 8362 7967 8565 8026 8885 8309 8250 8030 8300 8180 8295 8059 8607 8526 8254 7768 8116 8026 7765 8069 
7656 8094 7707 7961 8159 7922 8648 7777 8400 8109 8202 8157 7653 7687 7938 8258 7786 8881 8268 8064 8070 8089 8000 7731 8014 8267 7981 8180 8197 8206 7732 7709 7847 8414 7633 8131 8240 7877 8010 7812 8271 8411 8113 7965 7900 8964 8507 7790 7703 8133 8249 8193 8217 8057 7777 8238 7534 8336 8176 8215 8183 8520 8218 8323 7607 8169 8552 8284 8039 8006 8278 8002 8423 7818 8171 8142 7402 8161 8372 8209 8789 8162 8119 8508 7454 8219 7973 8455 8178 8738 7294 7856 8074 8222 8398 7762 7295 8083 8169 8166 7979 8360 8361 8390 7972 7777 7639 7742 7888 8177 7957 8261 8116 7789 7786 8065 7662 7529 8122 7739 8273 8440 8236 7903 8272 7788 8633 8094 8402 8062 7935 8155 7747 7329 8166 8118 7824 8337 8099 8395 7885 7745 7987 8242 8167 7898 8202 8090 7211 7879 8062 8294 7883 7869 7850 8087 8347 8039 7558 8502 7849 8182 8288 8280 8191 7819 7452 7854 8262 7745 7543 7589 7636 8489 7958 8369 8598 8330 7814 8103 8185 7964 8194 7916 7666 7951 8023 8006 7594 8025 8387 8179 7734 8087 8479 7746 7857 7558 7592 8226 8238 7761 7928 7546 8157 7288 7728 8267 8270 7863 8537 7840 8333 7480 8803 8003 8122 8366 8216 8476 7720 8189 8602 8044 8215 7792 8391 8249 8233 7946 7772 8536 8091 8051 8019 8166 8490 8382 8051 7666 8626 7850 7838 8411 8701 8081 7691 7561 7489 8491 8432 8072 7550 7939 8101 8094 7833 7692 7926 8197 8342 8426 8653 8011 8324 8913 7942 7986 7887 7906 8353 8036 8482 8210 8324 9108 7976 7634 7902 7310 8300 8615 8336 8083 8325 8067 8499 7278 8442 8162 8010 8160 7899 8070 8132 7592 8059 8029 8199 7892 7351 7953 8234 8128 8084 8115 7860 8648 8672 8185 8136 8053 7662 8311 8096 7725 7793 8174 8180 8419 8323 8247 8221 8877 8103 8028 7895 7663 7995 8043 7444 8236 8116 8413 8146 8296 8237 8249 7864 8328 7511 7597 8181 8190 8058 8499 8370 8400 7830 8125 8182 7887 7839 8589 8242 8047 7995 7857 7777 8217 8231 8316 8506 8334 7896 7655 8824 8074 7966 8503 8080 7881 7769 8177 7991 7902 7359 8605 8137 8389 8249 7758 8565 8184 8985 8057 8170 8230 8463 7697 8299 8200 7986 7811 8561 7726 7840 8027 7771 8152 
7876 8436 8008 8038 8528 8286 8506 7697 8464 8554 8662 8265 8167 7843 8325 8406 7926 8891 8351 8603 8046 8123 8031 8511 8225 8008 8187 7894 7992 8268 7804 8148 7942 8716 8034 8368 8527 8554 8570 8011 8892 8178 8036 8021 8402 8860 8692 7756 8041 8290 8193 7977 8546 7968 7854 8311 7839 8501 8735 8587 8684 8630 7762 8194 7828 8392 8804 8049 8359 8408 7795 8386 8549 8047 8257 8105 7554 8066 8257 8514 9053 8170 8224 8860 7758 8234 8415 8170 8660 8802 7673 7778 8201 8403 8681 7857 7649 8480 8582 8067 8265 8212 8591 8533 8508 7887 8290 8176 8417 8048 8281 8344 8395 7553 7704 8516 7598 8171 8458 7699 8022 8417 8403 8152 8397 7859 8788 8246 8058 9040 8076 8517 8139 7729 8698 8446 7858 8407 8302 8029 8200 7840 8469 8277 8302 8250 8513 7950 7558 8054 8274 8291 8330 7946 7978 8299 8462 8282 7575 8386 7956 8600 8453 8416 8206 8168 7823 7829 8056 7954 7809 8245 7573 8468 7981 8634 8504 8392 8244 8514 8181 8053 8353 7811 7789 8613 8572 7858 7996 8246 8435 8373 8564 8265 8713 7476 8360 7863 7686 8516 8333 8090 8233 7924 8024 7365 8054 7970 8436 8319 8642 8007 8713 7667 9150 8386 8624 8481 8550 8793 7726 8107 8512 8248 8361 7988 8236 8679 8493 8024 7929 8568 8094 8569 8166 8089 8479 8565 8226 8359 8753 7932 8199 8755 8317 8232 8060 7849 7794 8724 8599 8114 7997 8153 8198 8134 7815 7919 8043 7957 8746 8273 8591 8365 8797 9203 8160 7819 8313 7843 7899 7921 8329 8247 8543 8608 8201 8117 8340 8096 8107 8644 8684 8375 8341 8276 8473 7653 8513 8465 8013 8152 7974 8065 8438 8360 8314 8159 8658 8228 7616 8343 7959 8497 8090 8267 8509 8753 8648 8507 8237 8369 7936 8810 7961 7965 8025 8454 8426 8237 8112 8570 8235 9271 8077 8178 8153 7892 7936 8046 7875 8251 8424 8496 8272 8535 8360 8225 8322 8624 8199 7663 8304 8015 8408 8512 8100 8266 7541 8428 8481 7863 8117 8977 8286 8003 8290 7624 7895 8240 8605 8494 8269 8609 8640 8105 8721 8165 8573 8361 8146 7727 8332 8400 7951 8095 7502 8226 8561 8277 8431 8064 8689 8315 8928 7703 8359 7847 8625 7960 8549 8575 8440 8765 8312 7688 8119 8084 8126 8514 
7888 8489 7861 8133 8189 8287 8649 7731 8289 8241 8354 7996 7994 8122 8079 8243 8090 8982 8219 8251 8041 7955 8273 8249 8027 8191 8111 7935 8346 8458 7771 8165 7908 8727 8071 8339 8473 8313 8630 7912 8780 8502 8071 8533 7722 8850 8959 7908 7871 8053 8723 8031 8423 8192 8161 8435 8041 8441 8464 8616 8523 8720 8237 7954 7993 8321 8854 8141 8549 8259 8220 7978 8450 8227 8127 8242 7665 8015 8392 8347 8870 8390 8255 8786 7725 8427 8129 8452 8960 8883 7930 7884 8376 8351 8762 8168 7800 8326 8738 8255 8321 8260 8693 8366 8345 8373 7888 8267 8163 8185 8246 8557 8225 8210 8395 8664 7919 8377 8783 7977 8179 8520 8593 8078 8437 8025 8661 8254 8320 8890 8088 8583 7741 7626 8726 8583 7948 8452 8371 8745 8598 8270 8491 8516 8375 8078 8182 8121 7687 7877 8208 8144 8368 8055 7892 8562 9098 8453 7587 8464 8052 8402 8385 8657 8332 7991 7745 7966 8090 8211 7829 8322 7673 8654 8027 8606 9021 8738 8152 8217 8412 7957 7860 7792 7929 8422 8665 8024 7683 8198 8612 8596 8557 8312 8764 8079 8409 7853 7412 8421 8052 8001 8244 7769 8054 7446 7855 8384 8130 8048 8569 8517 8430 8096 8802 8118 8496 8572 8321 8984 7925 8268 8283 8204 8527 8318 8342 8499 8649 7946 8292 8702 8404 8369 8024 8387 8437 8501 8085 8431 8684 8199 8020 8635 8518 8313 7818 7567 7500 8394 8581 8150 7958 7938 8004 8102 7734 8225 8343 8355 8690 8498 8543 8322 8544 8981 8192 8208 8245 8369 8330 8243 8454 8443 8259 8738 7955 7937 8578 7778 8690 8193 8595 8335 8391 8160 8278 7544 8349 8478 7871 8016 8145 8165 8221 7918 8397 8306 8672 8308 7751 8186 8416 8404 8404 8125 8568 8603 8575 8728 8626 8430 7994 8734 8206 8128 7997 8338 8688 8388 8239 8226 8558 8913 8057 8578 7999 7519 8164 8165 7994 8596 8490 8045 8300 8315 8491 8453 8450 8735 8189 8088 8211 8572 8207 8349 8376 8788 7624 8751 8555 7904 8101 8608 8170 8247 8150 8240 7986 8593 8460 8356 8373 8597 8349 7839 8831 8094 8256 8698 8211 7806 8319 8268 7977 8023 7725 8672 8612 8522 8495 8256 8628 7993 9136 8471 8265 8271 8546 8288 8765 8346 8367 8426 8600 8062 7958 8462 8111 8574 
7660 7975 7453 7757 7842 7582 8108 7108 7801 7692 8350 7601 7675 7625 7572 7531 7401 8769 7999 7979 7522 7470 7736 7524 7626 7751 7733 7571 7711 7702 7696 7525 7845 8189 7101 7947 8203 7402 8046 7179 7952 7931 7859 7523 7628 8297 8402 7659 7780 7796 7828 7906 7678 7567 7454 7892 7225 7923 7893 8032 7820 7908 7606 7485 7598 8026 8443 7325 7829 7741 7699 7529 8141 7663 7440 7884 7011 7504 7852 7770 8352 7809 7777 8322 7404 7678 7938 7731 8385 8434 7186 7362 7952 7507 8158 7486 7202 8143 8053 7822 7722 7512 8047 7941 7870 7687 7610 7504 8006 7685 7867 8013 7819 7518 7537 7893 7533 7526 7972 7548 7757 7908 7638 7879 8001 7445 8240 7592 8004 8361 7966 8036 7335 7044 8021 7906 7223 8060 7922 7861 7761 7686 8105 7921 7827 7676 8222 7657 7184 7475 7830 7711 7588 7774 7407 7754 8346 7822 7261 8006 7668 8067 8112 7745 7377 7449 7004 7600 7656 7729 7410 7512 6649 8061 7618 8376 7759 7613 7683 7695 7958 7685 7623 7510 7461 7464 7833 7517 7421 8083 8102 8352 7919 7708 8159 7323 7743 7255 7146 7884 7932 7333 7536 7587 7664 7278 7559 7975 7964 7659 8081 7699 8147 7534 8061 7600 7886 8059 8094 8376 7405 7609 7805 7885 7952 7463 7915 8128 8047 7561 7727 8259 7840 8097 7635 8070 7968 8055 7716 7846 7872 7670 7628 7936 7990 7846 7371 7320 7173 8016 7827 7976 7406 8057 7854 7669 7571 7412 7772 7743 8288 8192 7672 7869 8089 8501 7859 7760 7951 7633 7736 7588 8157 8077 7935 8272 7530 7660 7925 7388 8291 7830 7668 8157 7873 7388 8215 7292 8136 7922 7353 7610 7551 8088 7926 7459 7764 7880 7930 7970 7507 7864 7849 8030 8114 7655 7941 8215 8046 8129 7748 8014 7416 8162 7718 7447 7797 7809 8023 7868 8077 7529 7883 8319 7641 7719 7478 7002 7842 7666 7205 8057 8070 7933 8036 7817 7779 7995 7608 7914 7627 7175 8138 7833 7591 8125 8078 8276 7131 8142 8155 7833 7930 8432 8123 7725 7713 7519 7568 7717 8123 8214 7921 7875 7944 7494 8136 7674 7795 8293 7738 7665 7850 7654 7523 7338 7306 7981 7957 7929 7825 7447 8297 7914 8447 7559 8000 7627 8180 7974 7989 7875 7728 8308 7606 7327 7650 7534 7459 7903 
7120 7293 7025 7107 7338 7163 7943 7062 7540 7126 7713 7688 7607 6761 6979 7531 7109 7823 7320 7340 7656 7363 7067 7023 7134 7739 7097 6915 7157 7530 6742 7273 6922 7708 7262 7660 7745 7055 7834 7114 7673 7465 7580 7152 7172 7784 7614 7150 7158 7478 7508 7152 7370 7200 7205 7677 6928 7647 7652 7301 7675 7591 7533 6947 7003 7465 7846 7087 7296 7284 7008 7207 7398 7078 7297 7302 6876 7282 7554 7392 7603 7384 7391 7805 6709 7204 7059 7670 7390 7804 6727 7002 7675 7632 7778 7237 6985 7481 7496 7444 7199 7535 7664 7573 7315 7271 6924 6898 7250 7118 7309 7809 7479 7304 7418 7625 7102 6995 7624 7123 7334 7855 7472 6981 7178 6841 7974 7235 7398 7468 7041 7573 7078 6503 7553 7454 6965 7542 7313 7146 7052 7054 7346 7397 7065 7310 7343 7336 6861 6848 7351 7478 7402 7024 6821 7274 7611 7437 6652 7614 7062 7783 7276 7418 7287 7469 6790 6887 7012 7289 6756 7228 6912 7835 7505 7615 7639 7407 7254 7211 7485 6936 7174 6673 6972 7286 7402 7289 6846 7270 7617 7497 7429 7353 7798 6926 7315 7020 6910 7406 7543 7035 7140 6934 7124 6538 6862 7590 7388 7113 7574 7515 7337 6968 7560 6981 7372 7706 7497 7754 7297 7135 7561 7456 7648 7046 7408 7560 7872 6617 7096 7490 7370 7393 7324 7389 7520 8016 6712 7016 7475 7304 7237 7544 7493 7710 7290 6914 7017 7708 7603 7527 6927 7306 7315 6772 7010 7076 7133 7323 7772 7728 7741 7102 8090 8221 7356 7170 7239 7479 7391 7165 7481 7583 7237 7947 7118 6894 7404 7219 7601 7572 7608 7316 7452 7092 7625 6616 7849 7605 7023 7277 7394 7184 7383 7234 7606 7454 7783 7302 6687 7194 7227 7516 7461 7067 7398 7921 7865 7253 7429 7070 7256 7690 7034 7305 7284 7406 7300 7296 7508 7353 7396 7998 7494 7562 7159 6762 7319 7479 6769 7794 7507 7004 7240 7529 7713 7482 7214 7774 7419 7009 7467 7305 6963 7939 7349 7588 6954 7493 7418 7158 7475 7727 7554 7364 7368 7493 7043 7251 7546 7355 7507 7750 7544 7204 7907 7200 7478 7733 7102 6733 7342 7102 7075 7203 6795 7763 7465 7373 7072 7207 8035 7293 8358 7602 7380 7226 7627 7036 7657 7413 7775 7768 7583 7130 7114 7761 7055 7099 
8159 8124 7925 7928 8410 8330 8564 7963 8463 8159 8566 8346 8559 7815 8301 8413 8293 8885 8705 8301 8357 8375 8175 8122 8489 8465 8271 8311 8630 8153 7920 8204 8028 9100 7926 8578 8882 8262 8821 8232 8748 8478 8381 8690 8207 8818 8990 8015 7890 8542 8332 8233 8650 8360 7935 8660 8078 8464 8483 8700 8514 8697 8170 8234 8216 8666 8814 8323 8472 8538 8159 8079 8619 8132 8496 8250 7710 8457 8393 8225 9164 8375 8381 8854 8125 8426 8317 8228 8317 8907 7733 7816 8788 8454 9008 8513 7786 8567 8708 8034 8744 8266 8808 8373 8360 8241 8386 8186 8360 8667 8684 8357 8293 8126 8197 8674 7945 8369 8637 8356 8382 8751 8219 8572 8418 8119 8868 8631 8654 8681 8326 8508 8095 7774 8529 8524 8012 8620 8453 8679 8139 7978 8692 8652 8258 8253 8485 8338 7828 8038 8468 8595 7888 8125 7663 8705 8698 8425 7624 8788 8351 8525 8431 8467 8558 8764 7668 8054 8207 7857 7752 8462 7512 8454 8149 9002 8872 8522 8242 8200 8390 8066 8264 8190 8007 8176 8197 8004 8239 8490 8651 8612 8644 8202 8910 7880 8645 7706 7789 8254 8462 8091 8211 7575 8117 7656 7732 7992 8466 8277 8229 8519 8781 8157 8895 8680 8440 8836 8900 8821 7603 8353 8550 8509 8555 8463 8442 8539 8665 7760 8183 8547 8611 8532 8066 8434 8634 8483 8202 8459 8531 8483 8409 8759 8580 8226 8057 8122 8049 8789 8511 8332 7910 8024 8317 8246 8094 8038 8093 8258 8846 8532 8761 8467 8959 9299 8294 8346 8262 8317 8418 8378 8607 9259 8386 8734 8096 8227 8223 8293 8540 8597 8141 8271 8493 8581 8286 7202 8574 8849 7954 8191 8041 7952 8531 7844 8346 8055 8688 8289 8324 8207 8262 8332 8605 8505 8551 8470 8706 8240 8382 8612 8222 8724 8262 8025 8238 8340 8665 8393 8559 8599 8536 9090 8263 8328 8294 7717 8499 8370 7677 8607 8615 8717 8252 8296 8494 8505 8361 8743 8273 8164 8573 8456 8343 8739 8557 8661 7856 8830 8775 8143 8226 9177 8241 8247 8600 8224 7935 8368 8310 8637 8718 8551 8934 8375 8748 8328 8367 8538 8257 8320 8582 8535 7809 8353 7699 8672 8794 8348 8666 8404 8822 8075 9307 8783 8277 8184 8645 8115 8718 8383 8670 8605 8535 8323 7845 8329 8239 8910 
7556 8021 7594 7608 7962 7920 8255 7273 8154 7948 8911 7827 7968 7740 7784 7717 7739 8314 8490 7888 7908 7688 7911 7771 8060 8084 7826 7584 8191 8015 7928 7519 7663 8248 7933 8042 8640 8056 8321 7844 8286 8326 7808 7906 7648 8738 8521 7782 7690 8092 7982 8332 8065 7881 7595 8056 7728 8036 8179 8133 8243 8120 7967 8000 7599 7922 8424 7708 8171 7991 7948 7631 8239 7653 7804 7793 7513 8000 8181 8065 8376 7992 8223 8326 7723 8204 7979 8014 8186 8709 7665 7554 8026 8150 8439 7869 7247 8402 8329 7889 7834 8097 8289 8128 8035 7842 7813 7630 8005 7951 8244 8478 8226 7909 7750 8568 7823 7815 8301 7698 7984 8221 7997 7956 8144 7641 8693 8297 8285 8446 7910 8079 7627 7204 8209 8072 7519 8103 8142 7899 8155 7938 8348 8358 8054 7705 8076 8063 7681 7518 7922 8263 8049 7758 7500 8180 8544 8092 7239 8324 8016 8067 8458 8474 8101 7760 7205 7889 8012 7576 7360 7569 7275 8617 7908 8212 8003 7965 8032 7827 8001 7985 7926 7847 7605 7752 7882 7512 7945 8317 7937 8424 8228 7489 8434 7713 8173 7685 7340 8284 8158 7432 7583 7648 7885 7442 7299 8259 8153 8097 7911 8225 8286 7833 8178 7956 8580 8521 8113 8465 7412 7849 8271 8219 7975 8058 7900 8529 8189 7570 7924 8269 8057 8168 8048 7668 8127 8411 7953 8104 8330 7757 7476 8569 8436 8265 7581 7929 7689 8338 8177 8197 7701 7861 7630 7655 7625 7584 8193 8002 8290 8294 8118 7877 8276 8997 7926 8070 7731 8149 7896 7963 8284 8223 8065 8678 7617 7899 7866 7766 8538 7918 8190 8056 8021 8036 8057 7260 8556 8349 7751 7571 7735 7963 8113 7545 8164 8119 8373 7946 7912 8074 8239 8183 7947 7413 8276 8002 8322 7838 8149 8076 7871 8316 7655 8036 8072 7877 8206 8303 8193 8206 8268 8749 8060 7774 7677 7225 7794 7934 7568 8005 8196 8072 7997 7885 7814 8112 7946 8405 7784 7523 8151 7885 7528 8459 8232 8447 7663 8250 8225 7635 7811 8627 7936 8314 8174 7865 7789 7979 8470 8185 7924 8300 8471 7950 8454 8015 8078 8350 8159 8094 8061 7854 7549 7855 7807 8255 8058 8143 7767 7789 8348 8194 8672 8146 7989 7871 8190 7846 8364 7968 8190 8468 8400 8074 7750 7789 7939 7926 
8310 8408 8408 8335 8434 8526 8896 8035 8779 8781 8739 8576 8524 8032 8400 8324 7998 9299 8448 8744 8261 8540 8323 8521 8270 8403 8480 8131 8651 8618 7999 8425 8305 9122 8322 9026 8824 8550 8898 8094 9074 8809 8191 8281 8284 9050 9442 8081 8297 8759 8476 8431 8651 8434 8191 8614 8110 8755 8854 8692 8304 8823 8267 8211 7826 8837 9060 8043 8594 8422 8167 8252 8643 8542 8857 8301 7653 8162 8385 8898 8787 8761 8920 8897 8086 8431 8224 8731 8951 8957 7702 8249 8509 8604 8896 8147 7715 8658 8805 8269 8213 8736 8977 8701 8567 8025 8414 8431 8439 8556 8221 8735 8217 8129 8328 8995 8382 8458 8601 8530 8266 8914 8488 8507 8446 8419 8518 8539 8798 9016 8582 8718 8090 7802 8826 8708 8251 8811 8623 8503 8493 8153 8689 8656 8326 8581 9108 8072 7991 8154 8442 8799 8348 8094 8359 8435 8883 8772 7745 8815 8373 8887 8862 8805 8426 7998 7871 8331 8317 8321 8091 8563 7870 8742 8542 8936 9067 8615 8284 8389 8463 8343 8509 8276 8031 8783 8491 8058 8219 8780 8762 8732 8764 8449 8787 8026 8634 8304 7863 8823 8088 8353 8282 8020 8086 7801 8300 8822 8255 8474 8580 8592 8888 7864 8949 8413 8910 8505 8542 9261 8308 8305 8685 8686 8608 8366 8820 8850 8617 8113 8177 8926 8538 8724 8318 8414 8606 9127 8133 8801 8928 8448 8164 8715 8746 8843 8171 7929 7788 8728 8454 8538 8170 8559 8453 8058 8346 8340 8480 8403 8920 8561 8699 8422 9202 9199 8565 8260 8401 8317 8597 8405 8418 8612 8804 9055 8250 8162 8788 8315 8922 8689 8632 8724 8505 8154 8842 7844 8844 8827 8076 8680 8227 8640 8651 8036 8555 8650 8882 8719 8075 8483 8530 8462 8472 8178 8666 8816 8655 8801 8478 8661 7933 8991 8366 8176 8690 8282 8844 8700 8506 8878 8587 9447 8557 8461 8320 7971 8403 8716 8178 8941 8379 8585 8338 8559 8775 8776 8530 8889 8559 8097 8309 8304 8467 8756 8383 8414 8099 8914 8747 8324 8485 8743 8405 8303 8434 8276 8163 8617 8846 8871 8508 8709 8887 8423 9171 8216 8433 8790 8286 8199 8730 8890 8170 8303 8267 8663 8939 8516 8800 8368 8654 8643 9411 8322 8594 8358 8830 8575 9117 8376 8873 8779 8861 8194 8263 8510 8435 8672 
7187 7677 7438 7643 7596 7512 8047 7110 7777 7316 8065 7668 7422 7296 7422 7422 7407 8011 7442 7422 7816 7642 7263 7443 7778 7639 7557 7279 7581 7829 7452 7490 6949 8033 7317 7593 8004 7640 8236 7276 8142 7866 7556 7723 7455 8188 8319 7169 7470 7773 7738 7409 7899 7652 7335 7907 7263 7510 7842 7979 7593 7904 7396 7376 7277 7763 8201 7448 7705 7932 7469 7485 7636 7321 7871 7515 6854 7696 7767 7714 8022 7656 7516 8315 7010 7516 7384 7740 7980 8040 7216 6871 7771 7477 8355 7657 7185 7875 7605 7506 7544 7587 8146 7586 7596 7250 7204 7059 7734 7751 7655 7840 7449 7566 7500 7964 7165 7446 7964 7258 7665 7773 7850 7645 7914 7371 8129 7639 7817 7844 7333 7790 7151 7004 7744 7665 7103 7807 7571 7670 7776 7527 7914 7826 7317 7313 7868 7683 7246 7332 7229 7868 7726 7393 7643 7879 7941 7648 6864 7788 7582 7749 7593 7816 8171 7415 6912 7192 7396 7433 7198 7586 7104 7707 7656 7854 8007 7962 7411 7478 7415 7072 7506 7267 7185 7392 7723 7261 7206 7769 8147 7984 7848 7515 7991 7420 7679 7141 7033 8071 7589 7538 7476 6694 7704 7120 7327 7745 7605 7461 7812 7630 8024 7216 7886 7853 7936 7997 7956 7773 7126 7612 7696 7583 7673 7879 7887 7926 8000 7233 7220 7780 7884 7627 7618 8069 7933 7846 7555 7587 7722 7693 7808 7778 7845 8059 7526 7303 7309 7934 7572 7317 7071 7733 7520 7335 7242 7429 7643 7774 8106 7889 7903 7696 7851 8228 7720 7587 7066 7775 7519 7734 8083 7771 7381 8070 7299 7358 7945 7311 8004 7616 7911 7887 7764 7554 7731 7322 7987 7866 7591 7480 7281 7524 7469 7149 7692 7711 8251 7489 7389 7563 8032 7655 7678 7264 7977 8074 7920 7760 7441 7146 7353 7631 7591 7601 7842 7405 7488 7843 7666 7618 7722 8145 7678 7589 7404 7337 7625 7596 7122 7598 7497 8133 7623 7648 7590 7671 7646 7891 7541 7278 7619 7748 7449 8113 7662 7887 7542 7904 8006 7260 7456 8091 7560 7334 7594 7408 7488 7701 8213 7968 7725 7952 8111 7761 8295 7742 7675 7891 7401 7129 7809 7829 7340 7664 7332 7830 8013 7965 7589 7594 7892 7613 8323 7568 7625 7705 7773 7779 8237 7881 7874 7761 8056 7404 7471 7728 7364 7734 
8015 8212 7888 8072 8549 8244 8797 7967 8826 8303 8981 8793 8316 7945 8327 8443 8187 9177 8517 8538 8477 8602 7989 8409 8533 8515 8206 7945 8353 8523 7954 8376 8111 8835 8256 8901 8584 8473 8755 7938 9077 8516 8342 8667 8161 9105 8735 7864 8300 8514 8653 8440 8771 8654 8187 8627 7933 8544 8604 9009 8466 8495 8044 8215 8104 8723 9335 8292 8817 8791 8319 8395 8935 7973 8605 8391 7811 8479 8625 8292 9367 8659 8606 8956 7703 8217 8436 8803 8603 8729 8093 8237 8619 8546 9161 8202 7622 8424 8574 8277 8441 8301 8979 8898 8489 8335 8478 8211 8433 8599 8546 8570 8518 8529 8498 9021 8251 8130 8953 8017 8409 8709 8963 8429 8687 8356 8857 8562 8322 8944 8523 8758 7955 7472 8800 8842 8361 8746 8665 8329 8580 7811 8639 8582 8413 8201 9028 8520 7933 7801 8260 8623 7988 8147 8100 8354 8729 8392 7831 8953 8481 8831 8607 8773 8716 8314 7769 7996 8413 8201 7917 8186 8183 8584 8548 8506 8907 8635 8319 8411 8379 8119 8021 8037 8255 8580 8643 8137 8056 8595 8565 8650 8575 8233 9028 8136 8365 7964 7476 8372 8356 8047 8120 7702 8176 7701 7779 8411 8751 8387 8661 8605 8748 8006 9353 8409 8874 8742 8463 8886 8084 8161 8694 8539 8393 8430 8306 8776 8804 7915 8446 8988 8317 8371 8382 8633 8609 8577 8342 8282 8898 8260 8258 8768 8747 8523 7960 8315 8125 8572 8493 8536 8149 8257 8369 8098 8271 8020 8483 8595 8902 8700 8548 8348 8898 8757 8425 8317 8094 8315 8383 8559 8654 8829 8509 9055 8184 7999 8800 8277 8923 8433 8647 8278 8476 8629 8643 7663 8853 8443 8089 8121 8210 8323 8297 8062 8338 8439 8797 8380 8164 8662 8665 8630 8352 8170 8568 8893 8714 8825 8442 8423 8234 8574 8364 8284 8472 8436 8695 8849 8592 8734 8586 9223 8493 8465 7951 8008 8690 8418 7860 8733 8735 8626 8496 8563 8591 8606 8305 8705 8174 8310 8512 8337 8586 8746 8695 8631 8398 8896 8494 8239 8343 9033 8531 8301 8270 8363 8058 8719 8897 8636 8647 8476 9091 8360 8814 8544 8609 8885 8088 8257 8348 8558 8067 8142 7778 8538 8694 8680 8350 8037 9099 8154 9372 8274 8242 8246 8850 8345 8641 8323 8931 8847 8853 8345 8200 8738 8118 8536 
7906 8116 7828 8030 8387 8321 8921 7318 8314 8371 8655 8515 8060 7714 8149 8068 8035 9015 8354 8324 8098 8209 8049 8293 8032 8060 8289 7961 8039 8737 7980 8086 8102 8795 7833 8615 8487 8457 8790 8251 8951 8235 8132 8220 7936 9059 9093 7890 8195 8612 8509 8605 8268 8119 8030 8496 7916 8766 8546 8633 8314 8501 8060 8438 7964 8599 8402 7859 8301 8483 8175 7755 8332 8185 8129 8317 7685 8102 8413 8053 8763 8305 8364 8698 7776 8202 8301 8717 8681 8758 7804 7715 8616 8408 8538 8119 7740 8442 8537 8121 8423 8457 8602 8170 8384 8153 8200 8085 8154 8275 8280 8403 8172 8262 7864 8588 7969 8092 8599 7722 8166 8365 8403 8603 8701 7864 9004 8355 8316 8371 7925 8473 7941 7639 8283 8681 8022 8646 8623 8363 8111 8166 8321 8508 8115 8257 8769 7849 7477 8076 8269 7994 7664 7878 8090 8271 8645 8539 7435 8329 8206 8299 8602 8361 8468 8321 7518 8033 8313 7909 7706 8227 7539 8495 8390 8795 8725 8442 8159 8316 8364 8078 8264 8150 7625 8665 8344 8039 7994 8538 8659 8423 8427 8182 8689 7793 8061 7371 7473 8780 8179 8162 8170 7769 8261 7527 7759 8573 8539 8143 8554 8042 8994 7998 8697 8555 8570 8775 8644 8462 7704 8113 8441 8302 8091 7943 8421 8432 8459 7777 8104 8358 8448 8436 7951 8336 8809 8846 8138 8181 8377 8269 7977 8444 8632 8286 8178 7988 7671 8874 8298 8585 8232 8366 8453 8036 8004 7995 8205 8365 8734 8719 8454 8381 8463 8753 7981 8241 8233 8064 8306 8118 8395 8542 8431 8717 8234 8060 8272 7588 8704 8562 8899 8563 8561 8362 8630 7530 8679 8595 8063 8158 8008 8304 8229 7619 8341 7998 8444 8476 7973 7947 8160 8126 8492 7653 8326 8442 8364 8265 8148 8414 8013 8976 8469 8043 8215 8073 8178 8536 8741 8336 8259 9011 8043 8199 8198 7892 8009 8412 7820 8611 8545 8352 8422 8255 8322 8310 8142 8502 7842 8190 8283 8514 8349 8473 8399 8537 8028 8852 8530 8055 8413 8622 8105 8373 8157 8422 8041 8261 8751 8563 8075 8321 8426 8211 8669 7937 8220 8679 8341 8071 8364 8361 8135 7874 7944 8860 8597 8265 8557 8138 8460 7932 8801 8243 8067 8162 8824 8137 8613 8104 8434 8766 8468 8104 7727 8177 7933 8716 
7705 7931 7273 7807 7972 7805 8208 7446 8051 8060 8349 8112 7788 7663 7775 7614 7685 8518 8182 8049 8347 7825 7940 8143 8064 7885 8020 7608 7869 7922 7743 8001 7734 8083 7693 8111 8194 8247 8269 7608 8061 8133 7796 8174 7764 8397 8507 7475 7686 8143 8029 8060 8189 7625 7646 8431 7741 8343 8405 8217 8186 8429 7546 7894 7822 8128 8510 7871 8084 8073 7673 8121 8184 7877 7889 8061 7161 7913 8111 8441 8666 7838 7677 8728 7440 8295 7777 7986 8149 8830 7373 7612 7998 8180 8185 7637 7562 7889 8205 7860 7903 8012 8430 8187 7952 7589 7853 7660 8017 8169 7951 8192 7857 7791 7872 8357 7646 7784 8213 7652 8228 8105 8149 7850 7920 7674 8534 8169 8047 8464 7954 7946 7617 7423 8387 8108 7669 8102 8123 8120 8114 7744 8183 8013 7642 7970 8194 7654 7352 7632 8261 8014 7800 7810 7552 7997 8367 8072 7320 8655 7615 8306 8158 8268 8183 8162 7402 7634 8059 7900 7540 8036 7439 8373 8056 8172 8471 8032 7946 7904 7764 8026 7601 7560 7254 8318 7996 7402 7811 7975 7786 8306 8122 7428 8356 7769 7990 8020 7458 7919 7913 7606 7870 7549 7654 7281 7683 7855 7817 7918 8057 8276 8205 7648 8285 8087 8143 8338 8088 8558 7863 7924 8111 8065 8105 7769 8059 8355 8264 7782 7948 8421 7900 8186 7938 7715 8313 7863 7843 7714 8333 7981 7787 8292 8219 7835 7608 7725 7719 8257 7826 7992 7745 8006 7670 7995 7813 7714 7659 8163 8212 8204 8013 7973 8521 8992 7943 8124 8094 7681 8109 8053 7886 8177 8210 8728 7815 8142 7982 7704 8467 8158 8043 7869 8133 7897 7903 6975 8377 8394 7750 7604 7386 8152 8038 7537 7804 7730 8078 8343 7689 7717 8014 8420 7980 7900 8451 8282 8409 8298 8056 8343 7582 8364 7872 7755 8123 8286 8162 8202 8039 7936 8364 8519 7767 8260 7621 7471 7906 7797 7316 8022 8335 7818 7873 8187 7929 7783 8164 8436 7873 7899 7956 7748 7935 8300 8083 8063 7778 8239 8163 7719 7667 8583 7945 7758 7948 7641 7630 7798 8117 8436 8226 8431 8252 7849 8527 7938 7933 8495 7684 8006 7865 8225 7425 7630 7307 8415 8307 7907 8108 7856 8622 8107 8340 7950 8198 7555 8367 7758 8080 8268 8228 8202 8121 7890 7762 7871 7785 8113 
7568 7899 7612 7920 8222 7964 8683 7245 8504 8370 8256 8140 7979 7475 7845 7964 7778 8703 8019 7980 8179 7697 7982 7757 7970 7890 8167 7876 8364 8126 7605 7658 7410 8563 7785 8525 8117 8243 8659 7612 8665 8053 8073 8183 7761 8763 8707 7525 7935 8423 8125 7793 8416 8034 7966 8332 8047 8188 8151 8217 8080 8020 7650 8165 7691 8264 8792 7670 8315 8230 7652 7716 8377 8009 8056 7883 7386 8032 8552 8272 8518 8070 7906 8493 7766 8167 8102 8435 8383 8530 7469 7752 8193 8019 8545 7872 7345 8063 8314 7942 8010 8172 8417 8216 7911 8436 7864 8062 8127 8127 7997 8465 8257 7770 7912 8463 7891 8010 8523 8177 8142 8243 7913 7771 8443 7739 8483 8325 8482 8064 8038 8567 7611 7260 8317 7894 7540 8443 8358 8052 8087 7768 8323 8173 7936 8039 8317 7774 7494 7590 7759 8090 7375 8053 7572 8146 8224 8248 7572 8407 7912 8217 8327 8150 8296 7894 7461 7706 7868 7840 7534 8138 7150 8185 7923 8435 8759 8469 7812 7974 7862 7840 8050 7999 7843 8308 7989 7798 7540 7945 8223 8177 8154 8119 8573 7611 8322 7576 7631 8547 7816 7871 7782 7608 8290 7234 7695 8509 8003 8174 7923 8370 8484 7726 8254 8554 8374 8323 8167 8306 7772 8077 8170 8106 8030 7940 8036 8370 8355 7827 7699 8447 8036 8085 7903 8209 8285 8580 7914 8278 8372 8189 7901 8347 8591 7984 7611 7726 7752 8699 8177 7773 7699 8059 8122 7814 7619 7970 8154 7705 8486 8292 8142 8139 8465 8712 7897 7699 8194 8007 8072 8053 8316 8397 8114 8845 8065 7720 8400 7838 8463 8307 8502 8318 8171 8184 8305 7241 8419 8065 7949 8040 7809 8148 8171 7767 8171 8017 8576 8074 7731 7726 8193 8056 8185 7673 8223 8454 8213 8271 8094 8003 7913 8266 8198 8005 8330 7974 7994 8212 8517 7886 8417 8898 8036 8252 7889 7540 7675 8469 7736 8312 8154 7849 8015 7956 8275 8124 8207 8668 7634 7995 8162 7959 8100 8297 8103 8384 8023 8653 8294 7984 7975 8716 8156 8191 8295 8055 7819 8033 8356 8332 8190 8057 8473 7973 8779 7961 8310 8470 7841 7745 7829 8315 7880 7961 7604 8442 8357 8114 8229 8286 8511 7939 8734 7922 8037 7565 8431 7893 8261 8226 8417 8332 8299 7663 7799 8010 7923 8127 
8204 8510 8335 8153 8798 8565 9197 7900 8760 8703 8985 8652 8413 8328 8588 8589 8700 9186 8724 8557 8953 8315 8538 8437 8510 8359 8413 8472 8666 8715 8266 8766 8561 8934 8191 8697 9255 8716 9391 8311 9259 8820 8588 8832 8625 9429 9334 8346 8416 8937 8683 8379 8585 8689 8437 8978 8217 8905 9002 8815 8711 8790 8330 8600 8636 8898 9003 8716 8500 9083 8411 8723 8970 8496 8759 8812 8244 8568 8928 8995 9309 8776 8595 8985 8110 8906 8336 9257 8974 9382 8111 8290 8830 8719 9117 8446 7961 8969 8850 8588 8762 8963 8800 8721 8885 8516 8505 8435 8970 8705 8753 8884 8714 8660 8371 8739 8212 8659 8553 8202 8463 8873 8641 8407 8903 8412 9193 8941 8833 8940 8631 8818 8041 7850 9137 8600 8290 8970 8732 8860 8637 8266 8728 8726 8413 8625 8899 8711 8045 8357 8560 8408 8310 8455 8148 8560 9001 8810 7928 8959 8380 8832 8951 8712 8630 8546 8180 8267 8788 8369 7869 8544 8013 8772 8830 8816 9182 8882 8677 8654 8681 8733 8647 8259 8294 8760 8909 8324 8252 8587 8888 8515 9062 8685 9293 8130 8698 8209 8098 8673 8480 8503 8462 8253 7886 7948 8056 8986 8714 8660 8751 8746 9168 8260 9249 8640 9129 9138 9015 9191 8068 8357 8805 8949 8921 8226 8834 9067 8910 7934 8777 8899 8669 8921 8739 8477 8839 9193 8628 8434 9107 8661 8436 9123 8777 8656 8182 8099 8343 9169 8436 8785 8514 9037 8502 8477 8312 8384 8682 8546 8913 8873 8652 8321 9136 9468 8766 8886 8383 8296 8843 8498 8921 8895 9027 9163 8472 8404 8791 8018 9019 8946 9145 8704 8786 8852 8871 7743 8826 9032 8488 8563 8733 8793 8649 8434 8771 8604 8879 8773 8156 8506 8747 8808 8840 8530 8683 9005 8820 9053 8719 8812 8165 9135 8489 8455 8652 8678 8713 9123 8888 8779 8451 9118 8624 8547 8552 8155 8593 8480 8425 8821 8985 8857 8781 8804 8988 8611 8384 8980 8323 8315 8560 8784 8344 8721 8800 8821 8397 8817 8869 8270 8436 8920 8580 8648 8783 8230 8520 8671 9112 8871 8497 8897 8919 8497 9170 8485 8368 8824 8598 8629 8655 8605 8196 8547 8195 8861 8600 8549 8496 8197 9304 8943 9587 8618 8580 8088 9045 8645 8837 8649 8853 9018 8974 8586 8349 8453 8291 8718 
8401 8342 8152 8381 8715 8346 8911 7866 8671 8719 8831 8562 8176 8258 8214 8609 8223 9061 8656 8680 8463 8421 8108 8407 8134 8354 8320 8195 8611 8893 8083 8123 8253 8806 8056 8189 8819 8604 8939 8539 8853 8739 8682 8435 8101 9120 9018 8400 8117 8468 8479 8460 8426 8398 8277 8659 8113 8799 8668 9020 8598 8956 8147 8600 7929 8649 8912 8506 8561 8723 8626 8006 8663 7937 8572 8530 8086 8472 8474 8555 8990 8660 8197 8980 8043 8402 8520 8741 8925 8839 7960 8094 8721 8816 9212 8102 7885 8863 8943 8259 8358 8412 9087 8503 8504 8253 8243 8281 8563 8506 8374 8840 8721 8606 8160 8879 8159 8039 8691 8193 8297 8875 8757 8796 8777 8241 8940 8325 8513 8851 8572 8582 8046 8210 8747 8646 8120 9030 8603 8526 8456 8137 8502 8530 8690 8336 8786 8378 7635 8090 8210 8209 8376 8055 7961 8710 9071 8643 7523 8656 8233 9003 8642 9165 8684 8498 7632 8358 8426 8708 8024 8433 7954 8700 8488 8959 9072 8604 8227 8665 8568 8293 8314 8056 7895 8868 8883 8153 8261 8426 9085 8998 8381 8365 9280 8043 8447 8256 8020 8570 8622 8280 8708 7962 8272 7527 7944 8414 8598 8332 8871 8412 8834 8024 8956 8282 8609 8794 8858 8881 8212 8455 8724 8504 8433 8377 8687 8797 8800 8011 8417 9050 8758 8882 8262 8565 8597 8971 8537 8301 8735 8394 8491 8627 8848 8368 8136 8018 8184 8918 8658 8572 8088 8663 8339 8155 8039 8064 8586 8483 9068 8491 8572 8348 9106 9003 8383 8558 8306 8513 8600 8586 8461 8498 8663 9038 8113 8033 8880 7938 8693 8705 8790 8600 8832 8397 8666 7806 9104 8735 8345 8384 8266 8675 8916 7924 8464 8743 8903 8386 7987 8264 8273 8451 8370 8092 8886 8827 8601 8564 8502 8643 8552 9045 8397 8045 8465 8524 8764 8557 8804 8661 8870 9274 8483 8560 8409 8126 8550 8543 8182 8901 8813 8627 8523 8467 9163 8672 8775 9076 7963 8119 8302 8691 8540 9329 8920 8665 7862 9007 8730 8233 8550 8954 8439 8330 8660 8291 8075 8659 8984 8552 8553 8741 8899 8126 9095 8180 8417 8646 8245 8196 8430 8441 8249 8385 7986 8841 8898 8439 8693 8243 8849 8509 9308 7971 8714 8154 8913 8542 8934 8542 8517 8919 8912 8325 8344 8410 8338 8759 
7787 7960 7651 7862 8167 7994 8531 7349 8426 8315 8359 8176 7898 7520 7747 7842 7832 8666 8278 7927 7799 7913 8135 7928 7800 8248 7919 7727 8112 7913 7648 8051 7751 8414 7541 8578 8147 7827 8254 7780 8384 8242 8202 8124 7933 8830 8555 8007 7954 8107 8097 8053 8278 8108 7716 7869 7525 8306 8212 8148 8274 8382 7997 7943 7643 8290 8225 7939 8335 8180 7611 8099 8422 8024 8027 8082 7292 7989 8193 8348 8633 8286 8240 8468 7924 8280 8137 8161 8546 8504 7570 7248 8148 8436 8633 7685 7147 8096 8325 8065 8011 8149 8651 8119 7874 7891 7746 7562 8037 8030 7666 7980 8138 7688 7613 8283 7794 7980 8328 7843 8312 8363 8246 8191 7961 7557 8565 8304 8219 8520 7935 8215 7565 7526 8227 8407 7637 8317 8173 8191 8082 7837 8547 8289 7955 7931 7793 8140 7792 7812 7661 8089 7989 7718 7307 8121 8609 7875 7603 8236 7836 8406 8767 8228 8004 8078 7296 7894 7836 7902 7494 7949 7450 8387 8098 9160 8391 8302 7780 8050 8164 8162 8142 8134 7975 8226 7920 8012 7659 7849 8344 8254 8038 8008 8679 7799 8187 7608 7518 8091 8016 7907 8112 7310 7611 7089 7544 7974 8441 8441 8147 8135 8813 7640 8464 8124 8304 8507 8035 8568 7661 7672 8113 8247 8030 8070 8265 8349 8497 7946 7850 8763 8300 8290 7829 7969 8131 8475 8130 8239 8421 8154 7969 8465 8483 7785 7665 7571 7607 8289 7887 8138 7635 8031 8118 7835 7835 7911 7961 8187 8544 8303 8030 8096 8702 8773 8211 8185 7795 7984 7985 7747 8200 8206 8051 8553 8073 8035 8259 7741 8463 7904 8092 8004 7989 8196 8211 7474 8235 8212 7617 7902 7733 8252 8417 7719 7681 7864 8429 8060 7806 7893 8219 8354 8262 7980 8167 8615 8605 8208 7978 8264 7634 8456 8156 7930 7909 8067 8184 8304 8571 8038 8258 8448 8161 8387 7973 7605 7989 8165 7769 8166 8392 8025 8319 8381 8461 8049 8183 8432 7860 7812 8315 8272 7955 8353 8483 8524 7776 8409 8420 7807 7624 8620 7987 7949 8247 7650 7721 8266 8043 8106 7977 8018 8293 7801 8300 8051 8272 8370 8038 7648 8109 7994 7576 7839 7522 8068 8609 8170 7891 7982 8468 7972 8726 8125 8158 7750 8324 8198 8231 8414 8356 8501 8556 7832 7939 7591 8123 8297 
7865 7962 7606 7806 7831 7832 8187 7159 8075 8179 8348 7881 7580 7749 7753 8008 7321 8998 8024 7790 7631 7476 7784 7758 8057 8200 7638 7835 7992 7926 7700 7775 7579 8128 7716 8040 8272 8124 8425 7579 8404 8114 7904 7983 8033 8720 8427 7543 7547 8085 8019 7915 7947 7918 7702 8152 7579 7924 8125 7895 8087 8034 7705 7842 7563 8161 8395 7929 8073 8192 7223 7828 7900 7658 8052 7899 7600 7846 7858 7864 8368 8049 8012 8274 7647 7627 7971 8258 7907 8359 7195 7582 7926 7961 8349 7822 6971 8237 8279 7860 7851 7985 8222 7976 7886 7629 7971 7992 8147 7845 7893 8364 8194 7597 7631 8560 7396 7783 8084 7738 7793 7806 8045 7643 8056 7296 8582 7879 8212 8007 7703 8097 7649 7265 8233 7969 7595 8139 7750 8034 8320 7677 7709 7933 7886 7662 8186 8106 7586 7735 7733 7921 7529 7710 7302 8034 8205 8188 7423 8060 7812 8346 8169 8194 8035 7856 7264 7282 7667 7566 7257 7689 7398 7911 7757 8351 8378 8122 7976 7774 7968 7794 7563 7707 7702 7595 8352 7586 7274 8187 8185 8285 8144 7822 8364 7296 7797 7320 7362 8147 7695 8053 7821 7397 7419 7127 7444 8044 8030 7749 8234 8036 8238 7778 8388 8003 8263 8054 8038 8131 7654 8053 8408 7894 8270 7912 8407 8247 8311 7807 7726 8183 8070 8222 7946 7750 8013 8593 7634 7984 7929 7381 7793 8303 8263 8013 7512 7379 7374 8011 8165 7755 7443 7979 7495 7594 7412 7750 8084 7648 8453 8091 8046 7863 8407 8748 7967 8103 7960 7656 7506 7554 8508 8468 8136 8498 7583 7630 8067 7590 7960 8036 8185 8132 7861 7920 8231 7240 8137 8039 8079 8011 7496 7907 7924 7590 8008 7495 8389 7803 7549 8041 7912 8124 8107 7987 8418 8291 8159 8452 7972 7588 7630 8541 7703 7776 7786 7832 8318 8076 8084 7812 8172 8684 7812 7973 7513 7274 7919 7897 7485 8123 8041 8025 7820 7779 8153 7702 7923 8089 7449 7424 7954 7954 7555 8141 8132 8320 7315 8228 8183 7650 7875 8525 7589 7853 8339 7773 7853 7894 8538 8060 7687 8054 8082 7487 8562 7775 8035 8300 8096 7291 8085 8032 7344 7684 7411 8077 7841 7867 7988 7853 8350 8034 8995 7971 8105 7541 8050 7735 8149 8342 8125 8592 8212 7806 7675 8072 7842 8146 
7819 7988 7658 8085 8020 7748 8112 7369 8310 7873 8426 8302 7937 7468 7907 7874 7717 8573 7849 8048 7909 7912 7940 7711 7910 7808 7915 7557 8189 7641 7532 7822 7701 8220 7762 8283 8437 8140 8127 7609 8439 8252 7705 7969 8029 8534 8462 7524 7723 8216 8005 7935 8148 7937 7421 8042 7566 8303 8095 8103 8123 8109 7524 8084 7745 8099 8356 8241 7997 8206 7798 7720 8405 7767 7912 7925 7480 7920 8057 8020 8750 7810 8285 8443 7519 8204 7921 8005 8175 8536 7382 8071 7930 7816 8358 8158 7278 8213 7989 7786 7811 8320 8525 8254 7861 7578 7659 7769 8177 8029 8102 8289 7941 7966 7902 8284 7399 7750 8154 7801 7876 8492 7884 8160 8175 7664 8441 8033 7964 8011 7751 8097 7728 6978 8128 8301 7711 8140 8137 8238 7842 7508 8278 8100 7843 7803 8056 7784 7261 7657 7899 8178 7547 7774 7350 8286 8285 7904 6915 8222 7490 8162 8076 8191 8271 7955 7111 7599 8067 7449 7401 7723 7433 8309 8052 8199 8245 8433 7788 8041 7892 7817 7678 7382 7467 7925 7770 7481 7828 7715 7945 8337 7735 7861 8619 7385 8175 7632 7166 8223 7958 7857 7927 7563 7584 7105 7443 7833 8095 7544 8035 7744 8566 7486 8604 8285 8176 8071 8188 8429 7658 7776 8031 8010 8168 7806 7900 8360 8052 7431 7569 8223 7828 8043 7724 8018 8177 8179 7817 7683 8100 7768 7937 8090 8017 7639 7794 7722 7600 8261 8015 7843 7551 7737 7738 7631 7680 7626 7733 8078 8412 8042 8066 7878 8468 8694 8183 7946 7770 7804 7919 7784 8214 8374 7869 8523 7849 7614 7969 7624 8291 8249 8143 7943 8182 8025 8119 7211 8627 8232 7716 7734 7547 7923 8334 7778 7795 8123 8411 7739 7522 7790 7759 8180 8304 7813 8325 8546 8185 8022 7901 8052 7576 8326 7824 7807 7692 8292 7929 8101 8286 8398 8058 8494 7747 7934 7549 7535 7870 7692 7413 7966 8166 8020 8098 8306 8372 7916 7996 8264 7750 7408 7868 7833 7788 7935 8121 8136 7406 8080 7963 7610 7715 8629 8071 7862 8022 7728 7671 8270 8024 8040 8133 8073 8117 7716 8136 8087 8253 8298 7641 7812 7919 8216 7643 7695 7448 7961 8217 8043 8253 7704 8520 7857 8627 8031 8163 7776 8209 7591 8134 8081 8567 8428 8239 7980 7591 7996 7882 8530 
8246 8155 8166 8236 8424 8322 8935 8125 8440 8243 8802 8459 8304 8214 7710 8099 7901 9286 8405 8352 8090 8145 7984 8323 8374 8475 8329 7988 8640 8538 7966 7988 8276 8819 8180 8614 8830 8674 8942 8016 9104 8909 8501 8525 8262 8975 9176 8161 8065 8644 8453 8607 8582 8235 7997 8287 7913 8303 8512 8866 8853 8825 8153 8400 8192 8680 9019 8317 8602 8416 8023 8500 8609 8129 8600 8468 7915 8280 8506 8313 9221 8341 8533 8891 7808 8684 8555 8650 9288 9071 7944 8071 8595 8934 8969 8212 7946 8131 8871 8002 8412 8565 8899 8276 8024 8190 8231 8422 8700 8344 8513 8855 8488 8051 7919 8511 8067 8310 8748 8162 8260 8538 8803 8252 8402 8143 8590 8353 8484 8893 8306 8678 8044 7773 8824 8356 7961 8621 8338 8765 8521 7945 8117 8605 8482 8272 8967 8522 7751 8172 8296 8295 8412 7940 7825 8365 8639 8518 7538 8922 8308 8633 8377 8727 8470 8362 7472 8096 8297 8700 7843 8248 7740 8424 8562 8653 8642 8545 8188 8242 8382 8546 8265 8322 7997 8712 8424 8123 8120 8540 8797 8769 8401 8425 8837 8067 8637 8097 7815 8665 8463 8068 8643 7982 8200 7713 7853 8513 8298 8448 8310 8201 8797 8050 9020 8408 8794 8894 8520 9178 8003 8196 8597 8643 8620 8141 8790 9081 8491 7805 8074 9044 8511 8408 7818 8454 8630 8863 8607 8349 9029 8214 8116 8701 8835 8398 8307 7993 7966 8893 8953 8299 8249 8328 8022 8126 8093 8041 8494 8246 9127 8701 8690 8342 8934 8814 8586 8320 8367 8411 8297 8279 8178 8597 8616 9383 8044 8162 8382 8126 8902 8439 8633 8287 8403 8379 8675 7631 9105 8763 8268 8407 8106 8528 8498 8073 8294 8307 8733 8288 8096 8369 8450 8635 8489 8145 8684 8707 8872 8760 8646 8465 8018 8847 7665 8038 8165 8407 8832 8480 8735 8748 8488 9175 8297 8277 8357 7988 8115 8150 8061 8657 8575 8680 8631 8368 8714 8422 8641 9104 8012 8090 8997 8337 8235 8835 8378 8613 7773 8910 8840 8187 7994 9116 8145 8375 8525 8068 8016 8613 8922 8697 8547 8588 8670 8293 8965 8525 8730 8929 8261 8185 8365 8582 8102 8147 7838 8709 8549 8601 8604 7937 8773 8269 9407 8007 8235 8018 9076 8511 8581 8586 8494 8720 8719 8163 8177 8533 7947 8631 
7817 8002 7542 7688 8037 7446 7870 7497 8016 7889 8283 7941 7828 7451 7594 7914 7442 8437 8077 8068 7946 7889 7888 7757 7842 8041 8131 7656 7760 7669 7868 7442 7784 8286 7562 8295 8214 8217 8292 7737 8335 8039 8051 7853 7823 8568 8352 7603 7471 7837 7952 8083 7843 7661 7471 7908 7348 8054 8058 8030 8190 8409 7556 7646 7682 8065 8166 7980 8320 8146 7953 7841 8061 7604 7695 7878 7745 7840 8111 7777 8410 7971 7934 8240 7550 7737 8135 8054 8098 8165 7205 7339 7899 8230 8193 7752 7244 8147 8260 7751 7969 8016 8076 7748 8079 7578 7803 7522 8347 8133 8159 7894 7767 7720 7878 8226 7568 7863 8089 7533 7689 8092 7412 8226 7985 7562 8578 8107 7584 8242 7979 7996 7623 7061 8087 8143 7684 8083 8042 7974 7829 7788 8129 7859 7715 7653 8374 7609 7400 7555 7889 8158 7654 7849 7379 8091 8336 8118 7017 8078 7831 7931 8110 8054 8139 8120 7065 7505 7863 7648 7729 7625 7448 8020 8076 8010 7978 8187 7993 7822 7932 7488 7590 7635 7597 7871 7751 7572 7879 7731 8377 7951 8122 7508 8639 7585 7854 7411 7274 8076 7810 7673 7823 7483 7766 7079 7063 7857 8135 7816 8041 7895 8362 7897 8245 7978 8120 8372 8150 8358 7394 7552 8003 8082 7825 7683 8304 8390 8212 7558 7716 8200 8260 8150 7808 7878 8017 8148 7568 7902 8171 7646 7934 8156 7804 7960 7421 7241 7681 8219 8135 7696 7390 8125 7832 7654 7360 7384 7738 7751 8480 8191 8130 7563 8388 8254 7903 7929 7999 7920 8031 7807 8191 8238 8112 8745 7591 7641 7953 7430 8320 7772 8287 7834 8243 7838 7927 7253 8036 8255 7489 7494 7450 7904 8004 7445 8060 7816 7932 8048 7609 8024 7815 7905 8309 7852 8006 8314 8272 7766 7802 8236 7688 8369 8189 7719 7866 7989 7951 7884 8222 7956 8141 8655 7699 8085 7755 7522 8372 7811 7265 8601 8160 8016 7995 7995 8210 8107 7706 8438 7731 7749 8150 8108 7600 8252 7851 8280 7318 8488 8386 7728 7632 8669 7546 7586 8106 7669 7650 8048 8277 8115 7998 7742 8152 7775 8042 7972 7798 8200 7938 7879 7855 7981 7479 7900 7547 8289 8225 8072 8278 7926 8168 7751 8743 7980 8012 7508 8175 7688 8155 8298 8006 8279 7821 7643 7598 7961 7704 8050 
8440 8369 8125 8399 8487 8561 9043 8019 8367 8302 8868 8717 8291 7922 8163 8533 8001 9192 8695 8725 8532 8361 8166 7906 8694 8591 8269 7553 8831 8418 7980 8095 8134 8866 7823 8513 8628 8126 8719 8430 9089 8912 8301 8632 8049 9097 9125 7957 8421 8919 8417 8389 8498 8316 8125 8656 8347 8611 8773 8662 8956 8894 8284 7956 8091 8637 8733 8438 8936 8945 8152 8285 8776 8169 8517 8281 7735 8261 8807 8515 8996 8629 8678 9315 7913 8456 8518 8563 8667 8981 7933 7971 8682 8480 9026 8451 7592 8705 8847 8029 8449 8558 8989 8416 8280 8366 8046 8381 8777 8557 8556 8669 8336 8222 8278 8868 8092 8270 8665 8232 8388 8660 8698 8397 8439 8243 8907 8467 8527 9064 8733 8874 8099 7692 8845 8677 8152 8620 8349 8556 8585 8137 8624 8808 8631 8366 8490 8606 7961 8220 8664 8646 8116 8164 8050 8519 8773 8659 7969 8688 8290 8629 9016 8862 8628 8792 7729 8121 8498 8017 8030 8407 7725 9100 8475 9140 8982 8866 8072 8281 8313 7983 8589 8381 8142 8683 8569 8238 8169 8411 8676 8958 8396 8507 9017 7808 8422 8075 7941 8770 8622 8150 8403 7837 8136 7715 7865 8546 8463 8709 8789 8619 8912 8089 9043 8686 8606 8677 8530 9120 8045 8572 8653 8606 8544 8254 8476 8730 8678 8167 8000 8971 8677 8521 8206 8558 8738 8718 8206 8471 8931 8618 8438 8887 8763 8553 8283 8462 8030 8585 8767 8221 8128 8412 8734 8141 7806 8398 8476 8589 8906 8537 8689 8618 8949 9459 8833 8276 8435 8194 8306 8295 8999 8729 8381 9524 8446 8136 8506 8084 8782 8711 8725 8381 8485 8917 8717 7480 8753 8455 8355 8607 8491 8390 8530 8268 8558 8331 8508 8423 8254 8651 8648 8916 8705 8507 8660 8705 8962 8417 8339 8502 8009 9104 8348 8024 8499 8197 8443 8833 8659 8692 8297 9335 8657 8406 8447 8244 8297 8585 8159 8898 8850 8572 8394 8679 8723 8597 8669 8885 8372 8103 8506 8198 8281 8631 8759 8658 7953 8912 9091 7990 8067 9186 8359 8082 8754 8092 8183 8462 8636 8824 8498 8387 8691 8404 8806 8502 8626 8655 8467 8147 8561 8446 8238 8709 8046 8943 8903 8460 8570 8335 8829 8494 9556 8346 8373 8384 9068 8327 8694 8674 8926 8787 8518 8297 8088 8512 8211 8872 
8310 8309 7926 8318 8466 7971 8748 7792 8469 8488 8898 8378 8343 8168 8501 8183 8109 8833 8697 8687 8025 8302 8053 8203 8146 8370 8479 7949 8122 8271 7933 8119 7745 9047 8206 8694 8802 8241 8564 8008 8665 8494 8419 7998 8418 8753 9043 7883 8121 8176 8281 8654 8371 8347 7767 8361 7954 8490 8452 8710 8409 8576 8211 8343 7948 8612 8784 8201 8640 8651 8325 8306 8324 8421 8519 8061 7511 8343 8617 8073 9004 8178 8378 8701 7939 8467 8172 8352 8702 8886 8032 7932 8815 8509 8654 8192 7599 8641 8413 7858 8268 8403 8581 8272 8321 8066 8087 7837 8622 8371 8443 8716 8279 7981 8175 8733 8092 8063 8413 8038 8409 8452 8154 8518 8633 8079 9025 8415 8240 8434 8085 8959 7975 7714 8442 8376 8082 8840 8223 8521 8294 7895 8469 8355 8058 8471 8452 8316 7524 7790 8411 8116 7831 7853 7891 8803 8392 8167 7877 8937 8088 8682 8744 8815 8462 8365 7516 7663 8534 8149 7932 7973 7931 8512 8483 8784 8714 8727 8645 8279 7906 8305 8226 8269 7791 8322 8599 8046 8150 8236 8408 8327 8412 8513 8778 7892 8395 7946 7984 8473 8275 8326 8395 7771 8325 7601 7775 8416 8347 8596 8287 8525 8814 8010 8851 8484 8650 8661 8738 8694 7933 8536 8434 8490 8625 7901 8806 8780 8653 8018 7926 8742 8612 8688 8272 8049 8534 8878 8438 8303 8574 8134 8349 8986 8755 8073 8286 7853 7883 8751 8516 8444 7946 8186 8172 7970 8043 7774 8636 8517 8845 8648 8586 8134 8761 8922 8093 8263 8376 8119 8253 8369 8313 8823 8327 9117 8210 7630 8557 8127 8620 8750 8821 8149 8627 8612 8554 7455 9089 8611 7986 8370 8073 8526 8445 7977 8438 8108 8696 8326 7989 8464 8333 8368 8674 7843 8470 8733 8860 8574 8424 8497 8105 8834 8188 7901 8368 8508 8531 8577 8536 8536 8678 9064 8647 8205 8309 7890 8212 8163 8082 8772 8865 8701 8023 8356 8356 8450 8293 8615 8264 8137 8690 8484 8308 8567 8522 8461 7864 8427 8468 8143 8204 9031 8325 7981 8368 8154 8150 8408 8818 8678 8077 8226 8389 7834 8772 8242 8609 8524 8503 8082 8228 8679 8262 8188 8057 8591 8566 8196 8470 8668 8417 8303 9162 8286 8506 8145 8630 8112 8732 8582 8660 8635 8534 8399 7847 8460 8197 8316 
8516 8969 8448 8570 8607 8734 8980 8067 9050 8529 9292 8843 8559 8484 8842 8730 8488 9513 8894 8804 8678 8888 8488 8498 9024 8609 8431 8241 8841 8841 8216 8379 8440 9061 8230 8684 8911 8699 8907 8009 9123 8676 8633 8693 8604 9496 9269 8415 8255 8609 8786 8537 8547 8667 8571 8864 8687 8818 8684 9073 8532 8913 8471 8890 8454 9009 9225 8492 9054 9074 8413 8423 8964 8668 8902 8489 8081 8652 8817 8732 9209 8670 8713 9183 8111 8463 8678 8923 9178 9210 8179 8065 8734 9022 9209 8320 8018 8948 8891 8602 8600 8876 9364 8764 8809 8635 8549 8339 8953 8725 8923 8934 8972 8426 8496 9102 8503 8415 8991 8331 8677 9060 8761 8571 8768 8113 8975 8659 8901 9020 8445 9019 8205 8120 9182 8919 8266 8741 8627 8809 8669 8454 8686 8784 8567 8580 9154 8706 8172 8393 8489 8764 8654 8577 8359 8591 8722 8511 8131 8735 8624 9114 8725 9031 8834 8444 7846 7963 8513 8337 8205 8467 8252 8558 8600 8982 8696 8619 8687 8596 8801 9067 8471 8499 8327 8701 8882 8540 8425 8849 8852 9036 8826 8615 9234 8460 8678 8182 8287 8862 8419 8398 8714 8232 8514 7932 8217 8797 9016 8634 9277 8452 9060 8522 9269 8723 9019 9152 9054 9053 8054 8439 8628 8803 8779 8301 8779 9287 8786 8361 8521 9078 8996 8862 8674 8547 8966 9031 8410 8643 8893 8633 8499 9311 8987 8422 8241 8123 8298 9159 8715 8686 8169 8611 8704 8316 8286 8665 8811 8549 9229 8983 8901 8563 9437 9476 8598 8270 8516 8457 8771 8428 8823 9001 8779 9616 8651 8371 8665 8210 8916 8684 8810 8739 8679 8664 8584 7999 8825 8837 8166 8440 8338 8498 8928 8542 8649 8460 9015 8980 8289 8695 8891 8952 8952 8542 8930 9129 8905 8915 8750 8891 8320 8985 8789 8347 8904 8544 8555 8989 8643 9023 8615 9352 8763 8516 8490 8230 8616 8730 7970 9010 8731 8946 9045 8598 8884 8823 8751 9171 8209 8273 8611 8668 8312 9147 9152 8965 8254 8975 9077 8381 8652 9473 8555 8509 8700 8603 8575 8901 8988 8697 8711 8713 9035 8411 9365 8605 9116 9383 8591 8707 8340 8774 8306 8446 7969 8965 9088 8659 8820 8814 9238 8890 9732 8388 8683 8131 9182 8548 8794 8964 8951 9215 9035 8588 8590 8415 8275 8523 
8285 8200 7869 8235 8612 8310 8961 8039 8368 8670 9025 8526 8666 7963 8213 8389 7947 8788 8594 8381 8392 8502 8099 8209 8541 8692 8430 7997 8560 8610 8189 8439 8023 8820 8383 8581 8841 8559 8708 8360 8644 8698 8378 8266 8159 9104 8951 8201 8407 8839 8366 8066 8629 8393 8000 8562 7984 8334 8700 8949 8854 8489 8426 8319 8243 8408 8584 8211 8730 8703 8099 8471 8571 8341 8543 8267 7962 8371 8573 8368 8933 8557 8667 9081 7930 8551 8267 8663 8983 8900 7992 7723 8512 8960 8890 8215 7890 8617 8638 8456 8327 8465 8889 8571 8235 8092 7927 8075 8431 8663 8704 8955 8238 8067 8357 8900 8015 8252 8918 8177 8556 8792 8414 8242 8425 8146 9066 7860 8511 8657 8211 8602 8218 7648 9002 8409 7912 8535 8261 8705 8502 8570 8460 8892 8611 8271 8797 8306 7839 8155 8302 8689 8267 8315 8132 8412 8508 8488 7706 8624 8135 8718 8482 8807 8623 8298 7696 8107 8426 8429 7928 8253 7942 9079 8259 9015 8980 8446 8171 8316 8400 8438 8301 8157 8072 8743 8592 8039 8240 8583 8491 8701 8473 8446 8856 8085 8732 8017 8001 8490 8467 7775 8133 7837 8133 8004 8129 8577 8442 8278 8694 8505 8867 7853 9305 8379 8749 9004 8861 9242 8084 7907 8313 8589 8670 8072 8483 8741 8788 7899 8127 8952 8687 9164 8384 8514 8706 8964 8374 8348 8747 8495 8242 8902 8902 8315 7911 8227 7991 8876 8595 8401 8093 8537 8246 8295 8223 7867 8470 8485 8950 8591 8758 8336 8712 9430 8581 8372 8212 8141 8288 8292 8734 8611 8416 9441 8271 8123 8350 8184 8929 8583 8586 8854 8170 8306 8706 7866 8757 8851 8539 8085 8189 8293 8760 8126 8579 8352 8638 8418 8107 8374 8759 8700 8590 8270 8314 8466 8901 8667 8381 8620 8277 8732 8386 8388 8573 8494 8447 8449 8457 8638 8657 9401 8581 8299 8304 8132 8541 8772 8465 8941 8651 8445 8386 8661 8755 8707 8642 8713 8288 8229 8700 8352 8327 8952 8329 9008 7818 8880 8585 8487 8333 9053 8199 8247 8419 8189 8459 8406 8648 8740 8613 8433 8640 8120 9212 8247 8428 8902 8249 8228 8570 8539 8078 8454 7984 8753 9053 8543 8521 8365 8978 8413 9220 8274 8480 8595 8908 8281 8930 8859 8627 8787 8673 8136 8161 8232 8073 8238 
7991 8033 7821 7996 8433 8272 8923 7631 8417 8288 8510 8479 8327 7874 8197 8556 7978 8901 8170 7926 8520 8053 8207 8121 8283 8321 8162 7682 8255 8431 8189 7962 8325 8671 7904 8401 8373 8289 8610 8078 8662 8359 8042 8154 7941 8936 8613 7666 8235 8587 8376 8159 8485 8254 8027 8593 7842 8499 8413 8820 8500 8712 7882 8075 8063 8591 9010 8094 8694 8647 8103 8222 8474 8121 8363 8540 7781 8145 8221 8774 8839 8589 8031 8778 8051 7978 7764 8317 8299 8731 7845 7570 8287 8596 8773 7691 7565 8674 8517 8152 8002 8091 8398 8443 8235 7914 7982 7726 8526 8451 8133 8142 8292 8069 8378 8745 8093 8010 8633 8182 8222 8582 8131 8725 8446 7747 8913 8331 8256 8406 8448 8720 7654 7706 8350 8373 7931 8474 8242 8318 8482 7803 8314 8763 8216 8051 8772 8184 7877 7691 8406 8263 7873 7940 7870 8100 8353 8445 7578 8698 8117 8594 8293 8395 8169 8153 7398 8078 8290 7986 7543 7925 7363 8734 8167 8523 8637 8784 8059 8527 8281 8073 8052 7937 7732 8464 8279 7979 8029 8709 8460 8420 8155 8215 8789 7423 8693 7653 7485 8461 8313 7928 8185 7644 8026 7462 7683 8375 8523 8026 8594 8690 8315 8070 8755 8430 8340 8383 8458 8955 7429 7930 8136 8287 8328 7912 8188 9011 8420 7967 7922 8800 8474 8778 8318 7984 8621 8629 8111 8218 8691 8295 7787 8442 8777 8176 7922 8168 7906 8323 8256 8409 8107 8167 8363 7897 7970 8063 8253 8424 8958 8179 8550 8515 8892 9139 8239 8313 8372 8040 8331 8339 8628 8468 8336 9016 7888 8206 8388 7751 8637 8295 8836 8213 8276 8253 8425 7569 8351 8477 8021 8174 8361 8028 8312 8091 8318 8324 8483 8047 7758 8242 8345 8438 8447 8160 8315 8741 8568 8551 8396 8394 7958 8853 8722 8045 8311 8439 8129 8473 8651 8300 8387 9249 8357 7909 8154 7835 8255 8461 8050 8560 8527 8337 8262 8377 8402 8226 8431 8626 8199 8199 8220 8354 8301 8594 8412 8360 8006 8713 8628 7816 8197 8840 8279 8214 8103 8128 7855 8611 8458 8510 8080 8278 8596 8000 8767 8457 8407 8560 8100 8141 8108 8297 7754 8243 7535 8196 8467 8089 8540 8024 8741 8427 8938 8429 7959 8119 8519 7876 8582 8393 8503 8810 8473 7920 8230 8322 8135 8444 
8254 8411 8174 8687 8604 8772 9282 8392 8783 8505 9159 8808 8027 8390 8664 8532 8371 9138 8706 8539 8481 8689 8417 8239 8730 8879 8579 8393 8833 8635 8265 8424 8176 9201 8238 8966 9016 8647 8782 8199 9293 9011 8169 8659 8555 9184 8953 8390 8516 8883 8394 8367 8677 8462 8460 9179 8035 8505 8618 9097 8763 8801 8363 8581 8198 8487 8919 8703 9230 9149 8581 8229 8875 8384 8614 8526 8202 8232 8599 9191 9248 8633 8385 9185 8045 8707 8374 8986 9117 8993 8246 8245 8556 9013 8950 8318 7863 8917 8865 8301 8418 8976 8959 8816 8450 8458 8235 8356 8885 8874 8538 8814 8674 8222 8480 9345 8282 8599 8638 8240 8225 8756 8809 8410 8637 8368 9274 8703 8462 8778 8756 8950 8142 7985 8849 8682 7946 8714 8543 8891 8807 8291 8715 8416 8905 8734 8580 8119 8244 8088 8492 8616 8411 8463 8475 8977 9034 8708 8370 8766 8664 8860 8761 9081 9178 8361 7920 8054 8896 8263 8333 8461 8026 8970 8639 8966 9046 9059 8595 8397 8442 8588 8568 8477 7984 8686 8982 8227 8535 8551 8714 8743 8685 8433 8960 8065 8676 8252 8097 8730 8242 8443 8143 7829 8659 7864 8058 8726 8836 8404 8875 8854 9169 8268 9178 8519 8924 8796 8714 9226 8107 8852 8935 8511 8963 8641 8633 8972 8531 8334 8393 8910 8733 8952 8540 8287 8779 8913 8588 8543 9296 8794 8601 9155 9121 8434 8450 8106 8044 9037 8917 8285 8450 8721 8471 8386 7852 7955 8918 8566 9170 8577 8583 8503 9004 9215 8489 8964 8390 8510 8425 8626 9004 8744 8742 9214 8057 8304 8579 8312 8804 8739 8840 8781 8434 8634 8902 7962 8878 8658 8581 8678 8353 8532 8984 8232 8819 8358 8914 8512 7880 8541 8770 8761 8803 8492 8783 8978 9121 8495 8214 8764 7905 9445 8418 8536 8504 8679 8248 8759 8712 8817 8629 9527 8725 8514 8277 8270 8579 8770 8238 8863 8856 8703 8629 8648 8665 8614 8544 8849 8405 8051 8544 8375 8509 9088 8733 8848 8571 8923 8828 7967 8460 9073 8686 8692 8850 8484 8336 8694 9032 8882 8403 8833 8708 8277 8961 8446 8765 8854 8764 8449 8629 8359 8596 8765 7855 8647 8474 8508 8684 8616 9068 8466 9058 8600 8377 8584 9031 8439 9021 8569 8978 8930 8585 8130 8425 8568 8604 8681 
8206 8400 8089 8262 8254 8354 8915 7893 8410 8369 8714 8343 8132 8129 8168 8567 8075 9152 8719 8390 8708 8525 7956 8236 8529 8097 8580 7881 8533 8280 8169 8214 7781 8539 8192 8448 8620 8426 8771 8051 8806 8689 8225 8465 8080 9051 8886 7916 8014 8463 8368 8537 8608 8241 8018 8523 8097 8499 8422 8699 8516 8674 8115 8406 8240 8619 8952 8196 8365 8580 8273 7897 8656 8224 8476 8271 7869 8530 8518 8467 8898 8261 8442 8988 8175 8417 8027 8740 8862 8714 7860 8082 8691 8425 8924 8134 7853 8366 8491 8425 8122 8273 8475 8603 8197 8169 8167 7938 8739 8727 8498 8435 8715 8173 8351 8591 8096 8346 8780 8189 8492 8083 8444 8229 8631 8272 9090 8457 8520 8468 8405 8414 8004 7581 8809 8847 8269 8666 8308 8330 8193 8104 8491 8565 8056 8522 8747 7945 7751 7925 8344 8294 7911 8039 8099 8530 8501 8626 7613 8888 8188 8398 8733 8868 8851 8303 7566 8208 8721 8045 7854 8157 7805 8692 8372 8514 8870 8602 8327 8236 8183 8110 7896 7971 7891 8213 8326 7691 7933 8559 8847 8467 8092 8197 8843 7891 8455 7956 7656 8869 8357 7958 8337 8077 8155 7625 7601 8616 8446 8093 8492 8309 8686 7864 8918 8529 8771 8643 8573 8803 8296 8138 8354 8526 8493 8072 8236 9176 8459 8079 8215 8878 8379 8614 8291 8307 8537 8490 8345 8414 8653 8484 8095 8688 8895 8094 8122 8115 8156 8513 8335 8464 7742 8396 8020 8084 7924 8126 8177 8424 9120 8747 8606 8473 8763 9158 8423 8241 8127 8199 8420 8030 8806 8474 8470 9345 7904 8169 8829 7623 8956 8669 8720 8465 8467 8548 8688 7682 8624 8746 8181 8158 7963 8307 8787 8148 8325 8180 8592 8517 8059 8247 8501 8433 8341 8005 8640 8979 8710 8701 8120 8416 8174 8781 8372 8078 8329 8349 8079 8608 8747 8435 8451 9210 8678 8113 8154 8054 8255 8602 8054 8610 8848 8813 8547 8579 8720 8119 8594 8713 8093 8385 8162 8207 8154 8913 8443 8642 8066 8849 8873 7459 8423 8928 8420 8430 8702 8025 7882 8489 8550 8629 8350 8538 8814 8108 9172 8073 8486 8613 8345 8406 7980 8478 8031 7777 7833 8747 8641 8420 8371 8538 8357 8517 9162 8279 8562 8078 8741 8171 8364 8555 8458 8968 8680 8232 8223 8351 8089 8347 
7775 7518 7409 7808 7961 7837 8557 7470 8167 7764 8083 7547 7959 7517 7768 7607 7573 8383 8215 7774 8027 7929 7656 7841 7862 7710 7939 7582 7767 7628 7478 7673 7899 8161 7707 8211 8394 7769 8122 7770 8116 7935 8193 7883 7682 8398 8828 7310 7553 7765 7830 7998 8038 7959 7531 8009 7417 8173 8148 8572 7944 8033 7996 7861 7559 8093 8463 7639 8144 8002 7612 7586 7846 7673 7951 8110 7166 7693 8068 7872 8315 8053 7434 8434 7548 7953 8069 7952 8352 8277 7248 7768 7765 8190 8423 7659 7140 8375 8084 7644 7840 7930 8237 7872 7858 7786 7905 7572 8016 8144 8135 7971 7834 8045 7964 8033 7917 7832 8111 7800 7708 8137 7986 7782 7845 7529 8458 7726 7699 7949 7671 8206 7491 7100 8097 8365 7712 8134 8231 7954 7841 7466 8088 8073 7491 7729 8443 7622 7237 7556 7799 8035 7551 7714 7392 7971 7929 7967 7340 8196 7723 7957 8104 8015 7748 7748 7226 7637 7772 7633 7200 7810 6892 8337 8034 8400 8231 7951 7704 7911 7797 7900 7788 7795 7631 8061 8087 7633 7344 8284 8017 7923 7968 8083 8281 7649 7798 7547 7148 8070 7833 7617 8039 7670 7459 6904 7466 7671 8063 7940 7903 8012 8057 7574 7997 7796 8301 8067 8408 8264 7182 7950 7878 7997 7909 7551 7900 8273 8139 7763 7744 8359 7775 8170 7951 7968 8181 8121 7778 7902 7938 7788 7735 8492 8196 7978 7584 7478 7730 8063 8145 8000 7931 7843 7738 7709 7663 7699 7604 7787 8541 7985 8058 7991 8214 8853 7889 7623 7764 7924 8067 7788 7594 8292 8056 8401 7738 7871 8163 7720 8290 7859 7985 7920 7859 7903 8056 7298 8211 8450 7670 8073 8087 7945 7880 7767 7920 7882 8159 7965 7701 7946 7471 7715 8394 7502 7810 8063 8243 8276 7600 8115 7466 8294 7803 7737 7919 8050 8227 7820 8258 7952 7870 8360 7764 7954 7950 7497 8034 7961 7592 8050 8140 7896 7940 8045 7566 7953 8052 7923 7680 7943 7990 7931 7579 8098 8098 8311 7488 8095 8105 8009 7741 8544 7769 7871 8065 7703 7355 8117 8135 8244 8180 8088 8120 7673 8161 7904 7766 8129 7554 7880 7886 8016 7355 7940 7431 7969 8315 8046 7883 7417 8325 7741 8400 8027 7870 7571 8324 7614 8165 7901 8252 8316 7963 7962 7649 7951 7405 7931 
7681 7707 7307 7718 8130 7723 8125 7278 8244 8025 8465 8202 7714 7351 8016 7999 7681 8404 8184 8251 7905 7678 7748 7717 7734 7870 7767 7223 8251 8150 7737 8035 7843 8516 7649 8413 8240 7946 8199 7566 8269 8348 7836 7774 8017 8509 8302 7675 8063 8471 8142 7651 8221 7818 7569 8292 7731 7867 8109 8250 8314 8278 7835 7569 7558 8260 8209 7935 7991 8195 7910 7705 8108 7806 7849 8029 7469 7815 8249 8302 8393 8111 7951 8259 7621 7898 7886 8461 8086 8575 7581 7438 8153 8328 8557 7730 7258 8078 8275 8406 7888 8229 8533 7809 8095 8032 7892 8021 7792 8043 8179 8099 8076 7940 7619 8421 7955 7997 8284 7537 7447 8132 8111 7859 8151 7718 8600 7530 8299 8693 7687 8624 7495 7297 8255 7963 7719 8093 8143 7938 8119 7771 8078 7981 8102 7853 8085 7725 7711 7575 7697 8129 7803 8016 7782 8077 8356 7910 7178 8327 7977 8199 8109 8289 8127 7972 7369 7579 8059 7824 7467 7581 7369 8121 7979 8394 8286 8094 7786 8075 7930 7994 7749 7625 7612 8182 8033 7518 7853 7845 8273 8164 8078 7583 8480 7259 7819 7766 7452 8297 8226 7723 7938 7569 7609 7168 7712 8255 8384 8046 8125 7993 8022 7533 8529 8145 8424 8342 7747 8423 7920 7901 8062 8043 8219 7743 7874 8232 8069 7484 7603 8134 8060 8105 7730 7897 8095 8118 7930 7883 8457 7900 7804 8506 8109 7704 7197 7707 7194 8310 8037 7979 7909 8153 7864 7976 7726 7807 7727 8001 8108 8053 8111 7975 8106 8980 7953 7955 7837 7678 8182 7781 8136 8071 7840 8539 7367 7504 8197 7892 8222 8124 8378 7963 7822 7884 7928 7077 8160 8062 7604 7849 8164 7891 8163 7802 8036 8102 8383 7875 7340 7842 7992 8176 8117 7761 7926 8604 8216 8034 7765 7909 7181 8329 8087 7562 7636 8066 8188 8273 8340 8078 7995 8771 7591 7881 7552 7426 7719 8192 7784 8181 7872 7818 7890 8154 8071 7857 8183 8367 7800 7464 8404 8163 7770 7936 8141 8244 7581 8224 8407 7789 7920 8302 8302 7852 7989 7792 7706 8324 7862 8118 7968 8071 8031 7879 8318 8025 7726 8089 7921 8102 7962 8065 8118 7758 7670 8345 8359 8395 7744 7531 8243 7903 8363 7705 7784 7794 8349 7794 8179 7930 8260 8314 7814 7892 7819 8139 7874 8106 
7743 7815 7489 7745 7992 8027 8111 7541 8112 7879 8217 7974 7782 7384 7715 7912 7566 8270 7987 7673 8158 7725 7750 8091 7943 8280 7689 7487 8084 7971 7481 7793 7970 8612 7422 7950 8414 7957 8170 7825 8470 7981 7891 7877 7658 8441 8688 7617 7747 8327 7728 7620 8144 7676 7512 8137 7635 8008 8051 8457 7980 8134 7810 7975 7832 8110 8463 7758 8133 8041 7669 7827 7771 7589 7790 7713 7547 7717 8054 8109 8536 8002 8197 8352 7713 7757 7963 8138 7900 8513 7367 7853 8070 8224 8421 7930 7315 8253 8217 7683 8299 7940 8238 8095 8229 7612 7738 7740 8133 7826 7947 8056 8135 7745 7681 8224 7683 7568 8028 7774 7939 8316 8061 8299 7740 7376 8481 8108 8005 8238 7837 8305 7754 7260 8169 8094 7574 8115 7781 8291 8182 7721 8284 8193 8085 7569 7940 8057 7181 7459 7715 7855 7496 7487 7033 7867 8366 8144 7278 8130 7898 7894 7964 7998 7669 8055 7210 7377 7592 7640 7507 7513 7409 8472 8156 8512 8366 8006 7525 8260 7818 7572 7586 7713 7780 8125 8188 7693 7987 8031 8031 7767 7857 7997 8420 7453 8033 7493 7388 7957 8127 7533 7916 7114 7940 7401 7408 7737 8006 8003 7924 8201 8219 8076 8451 8107 7984 8002 8097 8568 7535 7747 7962 8072 8106 7673 8067 8139 7926 7450 7483 8156 8009 8436 7864 7841 8334 8469 7778 7854 8236 7968 7676 8202 8376 7985 7581 7587 7661 8388 7879 7936 7516 7933 8196 7481 7473 7681 7493 7673 8154 8047 8067 7700 8358 8869 8097 7838 8027 7806 8206 7884 7847 8443 8290 8161 7919 7620 7943 7311 8256 7956 8076 7909 7958 7761 8308 7134 8263 8347 7672 7832 7584 7945 7732 7539 7883 7959 8303 7678 7725 7834 7756 8335 7754 7809 8084 8306 8229 8062 8125 7882 7359 8496 7842 7605 7742 8165 8111 7718 8113 8115 8067 8564 8104 8207 7910 7251 7881 8071 7615 8133 8314 7750 7689 7990 8152 8062 8003 8254 7943 7497 8206 7769 7631 8287 8387 7982 7414 8345 8506 7743 7852 8552 8068 7818 8091 7998 7735 7694 8050 8293 7935 7989 8623 7716 8265 7890 7735 7942 7678 7591 7855 7949 7439 7795 7549 8112 7852 7619 8016 7716 8267 7741 8730 8101 8020 7523 8341 8024 8188 8156 8128 8130 7942 7816 7912 7789 7731 8056 
8285 8435 7791 8363 8598 8359 8934 8020 8805 8467 8956 8655 8293 8156 8410 8549 8290 9123 8613 8599 8323 8222 8421 8396 8401 8667 8662 8180 8705 8200 8272 8361 8190 8644 8401 8706 8771 8785 8698 8049 8993 8828 8567 8946 8364 9444 9358 7972 8355 8793 8593 8651 8803 8041 8407 9030 8408 8899 8784 8988 8965 8749 8429 8498 8231 8705 8806 8397 8882 8767 8561 8683 8524 8289 8787 8495 7996 8495 8621 8877 8939 8562 8368 9068 8129 8757 8444 8705 8682 9123 8024 8308 8836 8654 8968 8560 7687 8891 8781 8364 8808 8702 9128 8618 8788 7986 8367 8308 8701 8540 8768 8526 8593 8671 8413 9119 8180 8322 8998 8222 8371 8867 8656 8526 8707 7930 9153 8893 8786 8802 8731 8724 7772 7784 8850 8842 8231 8778 8579 8877 8607 8186 8869 8757 8308 8210 8813 8545 8055 8159 8664 8350 8450 8365 8319 8728 9044 8793 7541 8581 8441 8576 8694 8998 8739 8603 7720 8567 8648 8408 8085 8250 7877 8717 8651 8741 8928 8806 8625 8408 8455 8347 8387 8349 7986 8539 8665 8506 8269 8646 8777 8775 8734 8213 9231 7949 8600 8337 7791 8890 8289 8600 8662 7945 8311 7922 7979 8453 8696 8523 8736 8504 9490 8368 8990 8599 8678 8724 8389 9135 8016 8349 8605 8730 8585 8013 8687 9073 8800 8192 8461 8953 8921 8977 8609 8167 8824 8932 8434 8383 8814 8494 8101 8845 8676 8639 8421 8081 8002 9110 8591 8530 8427 8461 8438 8403 8092 8285 8446 8398 8958 8638 8784 8320 8863 9716 8602 8505 8496 8411 8592 8408 8724 8950 8539 9249 8333 8241 8554 8242 8792 8680 8820 8683 8718 8747 8385 8018 8968 8819 8269 8496 8373 8679 8500 8053 8443 8424 8806 8515 8027 8403 8403 8718 8804 8309 9144 8624 8854 8628 8719 8772 8196 8965 8571 8334 8512 8630 8805 8539 9056 8701 9130 9169 8369 8626 8256 7640 8418 8262 8160 9026 8790 8903 8503 8479 8747 8554 8618 8873 8388 8560 8544 8308 8419 8812 8629 9141 8043 9168 8858 8365 8565 9210 8340 8388 8789 8370 8336 8859 8804 8785 8893 8649 8503 8399 8981 8462 8578 8875 8397 8447 8555 8733 8270 8290 7971 8997 8749 8531 8535 8590 8877 8558 9384 8746 8524 8121 9196 8603 8898 8738 8735 9043 8780 8200 7890 8465 8467 8637 
8119 8233 8042 7985 8387 8456 8559 8028 8566 8266 8797 8524 8114 8075 8383 8396 7966 8470 8148 8357 7911 8371 7971 7818 8462 8443 8049 8441 8314 8180 8150 8004 8100 8721 8245 8513 8607 8208 8527 8128 8983 8548 8018 8066 8337 8936 8812 7769 7877 8473 8458 8347 8572 8251 7690 8377 7854 8581 8690 8482 8816 8430 8258 8278 8272 8558 8662 8134 8872 8697 8289 8142 8710 8129 8272 8192 7795 8325 8682 8174 8818 8306 8452 8694 7795 8371 8349 8152 8541 9103 7868 7632 8505 8808 9004 7900 7758 8585 8548 8327 8338 8528 8905 8420 8449 8165 8254 7759 8478 8160 8515 8049 8512 8060 7914 8767 8331 8492 8727 7986 8223 8616 8148 8165 8465 7977 8795 8283 8442 8749 8237 8406 7944 7684 8600 8497 7765 8660 8233 8367 8293 8130 8598 8349 8048 8158 8394 8423 7705 7989 8191 8532 8371 7991 7954 8124 8570 8415 7910 8485 8115 8693 8659 8475 8290 8059 7968 8012 8210 7944 7793 8133 7501 8621 8111 8501 8558 8335 8221 8082 8160 8306 8400 8262 7834 7965 8186 8297 7782 8268 8801 8594 8354 8047 8841 7774 8639 7847 7419 8581 8153 8132 8341 7848 8214 7568 7817 8580 8470 8105 8139 8298 8917 7903 9030 8373 8593 8933 8273 8860 7480 7953 8357 8272 8785 8191 8257 8834 8577 8095 8260 8432 8425 8704 8161 8034 8443 8566 7906 8412 8667 8377 8095 8798 8825 8185 7776 7807 8125 8704 8437 8019 8147 8397 8265 7931 8013 7840 8491 8159 8824 7926 8683 8107 8942 9255 8268 8417 8236 8554 8103 8157 8405 8467 8000 8866 8076 7845 8500 7832 8612 8251 8490 8619 8333 8599 8105 7672 8272 8414 8201 8029 8057 8272 8249 7963 8229 8147 8643 8153 7772 8309 8293 8381 8368 8469 8509 8693 8780 8354 8406 8438 7917 8538 8040 8235 8434 8188 8478 8639 8811 8894 8600 8849 8239 8017 8132 7568 8359 8308 7994 8543 8498 8302 8226 8469 8664 8215 8159 8525 8133 7802 8469 8328 8162 8581 8162 8579 7835 8532 8491 8117 8418 9116 8488 8373 8489 7977 8126 8655 8586 8617 8548 8520 8545 8282 8954 8209 8229 8483 8298 7840 8313 8496 7908 8172 7912 8357 8638 8153 8433 8235 8472 8294 9111 8204 8426 7942 8777 8223 8768 8386 8557 8786 8321 8222 8250 7739 8009 8492 
6983 7351 7380 7430 7611 7556 8114 6940 7897 7528 7855 7513 7513 7281 7013 7593 7256 8105 7893 7551 8009 7711 7272 7351 7883 7680 7322 7355 8144 7581 7169 7129 7219 8009 7590 7824 8164 7814 8277 7294 8012 7914 7719 7480 7526 8398 8092 7539 7346 7878 7482 7684 7673 7394 7391 7884 7174 7735 7826 7894 7868 7991 7503 7437 7476 7694 7944 7702 7847 7836 7337 7215 7532 7417 7633 7269 7500 7742 7761 7511 8241 7694 7883 7932 7128 7642 7346 7893 7785 8132 7409 7361 7859 7462 8401 7091 6739 7987 8023 7548 7556 7889 7573 7583 7840 7385 7642 7068 7458 7505 7572 7859 7605 7531 7697 7852 7667 7174 7582 7539 7600 7915 7466 7751 7630 7360 8028 7537 7487 8305 7893 7970 7141 6886 8147 7613 7340 7964 7304 7721 7623 7267 7680 7902 7414 7578 7944 7398 6860 6916 7759 7685 7288 7649 7383 8330 8107 7921 7062 8099 7363 7712 7811 7924 7612 7629 6902 7147 7474 7127 7137 7348 6963 7847 7550 8122 7933 7923 7602 7304 7634 7261 7359 7483 7341 7614 7614 7441 7236 7737 8042 7888 7466 7721 8358 7284 7549 7332 7084 7974 7421 7279 7256 7123 7411 7228 7176 7847 7742 7688 7808 7930 8323 7189 7962 7616 8009 7822 7902 7791 7257 7434 7971 7600 7902 7372 7744 8102 7777 7026 7523 7925 7444 7932 7619 7316 7879 7924 7646 7664 7964 7716 7204 7832 7740 7625 7561 7408 7239 7779 7432 7579 7358 7491 7627 7232 7486 7423 7439 7690 8269 7974 8117 7626 8034 8213 7423 7413 7487 7370 7887 7447 7422 8019 7757 8379 7298 7316 7564 7172 7902 7827 7629 8035 8026 7513 7632 7238 7654 8221 7346 7277 7277 7440 7834 7313 7529 7607 7647 7666 7157 7857 7838 7527 7465 7262 7750 8255 7851 7837 7695 7555 7180 7870 7747 7498 7700 7853 7804 7696 7994 7503 7781 8302 7748 7687 7643 7164 7625 7734 7185 7564 7532 7555 7547 7615 7868 7781 7925 7927 7515 7482 7771 7444 7243 7759 7754 7843 7100 8128 7842 7470 7735 8243 7567 7485 8078 7512 7243 7642 8186 7811 7755 7737 7962 7223 8254 7480 7529 7792 7406 7406 7899 7658 7350 7530 7411 8042 8100 7441 7574 7383 8073 7620 8458 8187 7735 7562 8055 7384 7906 7595 7866 7782 7804 7543 7291 7543 7398 7772 
8075 8522 8133 8291 8327 8463 8660 7720 8494 8572 9272 8843 8388 8043 8424 8554 8285 9186 8751 8665 9024 8461 8361 8220 8727 8469 8483 8178 8531 8850 8288 8505 8318 9309 8277 8860 9236 8517 8932 8412 9015 9050 8686 8713 8335 9136 9174 7969 8007 8911 8647 8332 8973 8466 8317 9009 8024 8693 8846 8856 8741 8548 8536 8377 8394 8922 9134 8596 8894 8885 8214 8492 9087 8589 8652 8413 7857 8544 9018 8569 9447 8431 8376 9179 8302 8551 8713 8523 8870 9215 8140 7949 8590 8765 9438 8499 8065 8735 8709 8462 8514 8810 8926 8904 8889 8365 8347 8227 8823 8697 8708 8905 8474 8386 8322 9024 8222 8296 8765 8286 8460 8635 8461 8498 8844 7883 9028 8493 8442 8988 8600 8808 8097 7954 8507 8730 8076 8602 8502 8704 8336 8361 8735 8664 8454 8384 8924 8370 8149 8190 8512 8699 8556 8279 8115 8348 8983 8432 7981 9020 8406 8702 8926 8974 8933 8648 7489 8292 8584 8172 8209 8898 8004 8804 8566 8926 9372 8678 8576 8697 8444 8193 8290 8395 8349 8620 8635 7987 8239 8582 9338 8827 8653 8524 9215 7927 8639 8338 7636 9030 8736 8180 8542 8357 8605 7642 8110 8402 8654 8539 8447 8384 9191 8348 9308 8490 9138 8859 8896 9219 7952 8491 8713 8632 9006 8569 8568 8675 8809 8034 8230 8929 8531 8879 8594 8551 8990 8923 8342 8634 8536 8355 8599 8883 8873 8634 8382 8118 8315 8952 8972 8544 7956 8671 8545 8480 8281 8509 8519 8621 9089 8607 8926 8223 9097 9583 8849 8511 8258 8549 8728 8896 8782 9032 8681 9219 8568 8380 8905 8319 9194 8449 8620 8468 8625 8692 8818 7830 8917 8928 8262 8245 8145 8786 8860 8233 8643 8436 8867 8595 8226 8708 8655 8632 8462 8558 8823 8993 8925 8634 8169 8463 8320 8811 8506 8554 8521 8753 8920 9175 8769 8514 8873 9462 8336 8658 8474 7854 8541 8372 8265 8908 8965 8748 8217 8884 8934 8575 8477 9272 8353 8106 8835 8556 8288 8857 8775 8748 8337 8994 8760 8624 8528 9235 8497 8517 8667 8133 8431 8753 8801 8951 8868 8609 9079 8456 9358 8408 8823 8856 8398 8604 8138 8657 8177 8212 8235 8925 8687 8519 8725 8111 9024 8682 9336 8483 8796 8249 8954 8296 9037 8917 8793 8981 8878 8391 8440 8420 8284 8377 
7809 8019 7775 7991 8275 8517 8564 7393 8448 8009 8852 8076 7846 7429 7828 8219 7994 8786 8288 8079 8108 8059 8321 7827 8298 8416 8039 7771 8317 8307 7905 8117 7816 8593 7682 8304 8481 8012 8470 7688 8396 8436 8148 8206 7939 8776 8833 7647 7946 8345 7980 8504 8310 8229 7970 8262 7950 8300 8495 8282 8120 8360 8050 8108 7888 8007 8580 8015 8607 8184 8057 7650 8350 8149 8260 8065 7410 8030 8297 7825 8634 8361 8156 8423 7972 8278 8050 8157 8490 8595 7608 7558 7934 8421 8704 8143 7077 8312 8290 7750 7994 7975 8412 8038 8514 7993 7964 7969 8287 8345 8300 8185 8199 7928 7674 8384 7812 8287 8726 7931 8090 8300 7996 8416 8253 7859 8595 8178 8283 8366 7982 8456 7717 7505 8468 8280 7655 8164 8375 8277 8192 8100 8367 8451 8112 8006 8552 8152 7926 7915 8194 7934 7781 8262 7494 8040 8294 8135 7306 8459 8125 8512 8151 8433 8309 8335 7365 7926 7912 7699 7277 7885 7351 8437 7976 8562 9077 8116 8301 8200 7984 7773 7799 7883 7506 8130 8046 7871 7763 8224 8419 8533 7847 7902 8677 7680 7963 7742 7534 8293 8113 8081 8304 7479 8047 7389 7771 7899 7934 7902 8177 8503 8526 7989 8733 8404 8500 8207 8082 8394 7756 8042 8173 7881 8328 8278 7977 8715 8211 7645 7849 8388 8340 8241 8291 8078 8162 8328 8039 8432 8195 8264 7712 8182 8516 7825 7572 7793 7651 8488 7982 7953 7569 8172 7837 8178 7742 8024 8207 8198 8648 8338 8121 8346 8577 9019 8315 7976 7827 7983 7993 8317 8488 8444 8218 9021 7888 7842 8494 7510 8215 8230 8343 8120 8284 8216 8405 7404 8471 8564 7871 7792 8082 8151 8256 7667 7956 8241 8498 8019 7993 8021 8043 8448 8134 8119 8514 8303 8552 8191 8027 8145 7613 8940 7980 7823 8210 8071 8235 8488 8379 8059 8658 8821 8236 7897 7544 7674 8009 8424 7314 8641 8282 8243 8235 8172 8362 8369 8139 8388 7968 7994 8190 8212 8438 8253 8490 8635 7619 8631 8468 7859 8215 8718 8198 7775 8131 7854 7478 8335 8455 8595 8200 8099 8527 8095 8796 8105 8217 8394 7909 7844 7832 8164 7454 7737 7401 8499 8488 8041 8076 7923 8493 8179 8961 8232 7928 7827 8491 7772 8438 8570 8585 8283 8258 7917 7953 8198 7989 8259 
8013 8175 8621 8401 8277 8542 9208 7833 9080 8649 8850 8534 8453 8147 8383 8591 8131 9202 8658 8511 8376 8514 8495 8381 8807 8657 8505 8146 8451 8516 8200 8002 8229 9065 8419 8744 8898 8364 8779 8294 9030 8566 8386 8606 8349 9265 9261 8217 8370 8683 8577 8741 8501 8493 8520 8745 8605 8607 8458 8742 8474 8843 8255 8424 8204 8873 8811 8499 8816 8468 8268 7899 8364 8513 8952 8290 8034 8548 8802 8486 9022 8719 8204 8796 8037 8339 8416 8864 8921 9105 8196 8390 8930 8572 9118 8277 7842 8736 8767 8603 8332 8846 9102 8370 8613 8629 8657 8216 8694 8656 8636 8515 8617 8136 8172 9210 8543 8456 8861 8292 8317 8943 8467 8411 8828 8370 9162 8448 8651 9247 8560 8774 8341 7811 8995 8662 8376 8769 8788 8535 8479 7954 9160 8588 8559 8316 8869 8394 8042 8129 8708 8628 8193 8422 8305 8849 8787 8610 7827 8598 8624 8563 8728 9055 8689 8562 7908 8063 8736 8014 7969 8181 8128 8568 8442 9099 8894 8652 8546 8327 8294 8378 8319 8187 8016 8660 8897 8375 8235 8994 8863 8873 8574 8531 9353 8173 8696 8010 7898 8822 8542 8342 8254 7982 8328 8156 8183 8515 8481 8478 8423 8778 9499 8546 9299 8568 9026 9015 8807 9109 8416 8672 8523 8738 8708 8505 8420 9269 8880 8134 8296 9114 8702 8864 8529 8393 8656 9144 8365 8339 8940 8632 8577 9251 9126 8296 8187 8404 7997 8952 8480 8603 8258 8540 8191 8148 8138 8444 8384 8469 8977 8898 8738 8650 9103 9299 8402 8010 8241 8145 8784 8611 8836 8876 8464 9144 8398 8157 8728 8065 8856 8749 8869 8801 8623 8705 8723 7606 9212 8834 8141 8480 8555 8285 8681 8160 8931 8686 8945 8765 8100 8543 8780 8676 8512 8097 8764 8904 8722 8756 8403 8632 8227 9041 8926 8434 8730 8571 8524 8598 8759 8658 8482 9450 8950 8652 8392 7967 8336 8749 7816 8949 8784 8949 8655 8569 8532 8473 8595 8735 8423 8174 8626 8307 8525 8737 8787 8893 8129 8730 8973 8172 8706 9135 8682 8573 8611 8623 8266 8600 8884 8633 8763 8743 8937 8521 8949 8294 8453 8695 8483 8150 8692 8591 8066 8269 7900 8832 8908 8319 8670 8560 8869 8738 9386 8424 8744 8487 8724 8347 8803 8475 8983 8705 8714 8346 8079 8679 8169 8832 
7770 8025 7280 7955 8107 7811 8297 7442 7897 8062 8395 7730 7701 7523 7389 7993 7795 8591 8059 8096 8009 7739 7702 7895 8135 8237 7671 7690 7900 7697 7967 7571 7905 8763 7472 8142 8162 8178 8163 7921 8473 8336 7860 7661 7665 8381 8597 7584 7524 8215 8545 7931 7979 8324 7524 8062 8056 7944 7923 8495 7953 8156 7750 7901 7784 8041 8401 8149 7832 7930 7655 7740 8129 7868 7747 8074 7699 7962 8490 7814 8930 7999 8036 8436 7547 7885 8224 8058 8498 8537 7381 7545 7837 8334 8551 7721 7165 8225 8068 7782 7969 8265 8531 8072 7948 7726 7772 7606 7912 7757 7935 7819 7999 7687 7729 8010 7973 7959 8258 7430 8134 8085 8011 7967 8017 7535 8663 7623 7918 8818 8059 7974 7505 7407 8161 7788 7684 8327 8096 8093 7838 7492 8314 7993 7854 8059 8302 7702 7259 7944 8291 7677 7740 7614 7668 8022 8160 7976 7508 8047 7842 8461 8251 8438 7839 7937 7226 7377 8036 7821 7652 7693 7329 8392 7754 8329 8220 8162 7585 7848 8171 7655 7874 7839 7398 8140 8295 7537 7604 7839 8051 8123 8105 7909 8454 7204 8196 7477 7228 8235 8178 7813 8018 7364 7893 7295 7600 8224 8072 7851 7925 7825 8156 7728 8323 7985 8471 8454 8361 8435 7553 7877 7747 8154 8065 7862 8205 8073 8135 7850 7585 8228 8137 8342 7896 7844 8787 8257 7808 7856 8106 7829 7877 8217 8071 7816 7833 7857 7525 8293 7996 7770 7818 7854 7924 7726 7778 7565 7667 8153 8427 8301 8354 7735 8118 8588 7969 7817 7763 7755 8033 7899 7756 8025 8207 8798 7968 7425 8080 7037 8463 7908 8405 8072 7859 8053 8199 7318 8332 8495 7787 7699 8045 8418 7744 7630 7858 7807 8084 8010 7857 8072 7990 7829 8427 7825 8026 8417 8274 7948 8003 7969 7776 8196 7964 7731 7876 8298 8117 8552 8144 7973 8298 8623 8096 8101 7986 7571 7837 8118 7495 8203 8064 7825 8012 8379 8085 7979 8123 8454 7546 7755 7884 8167 7612 8297 8351 8306 7571 8368 8386 7950 8136 8483 7999 8082 8063 7752 7746 7630 8442 8210 7921 7920 8359 7676 8412 8368 7892 8122 7990 7576 7810 7933 7719 7683 7733 8168 7885 8201 7626 7978 8684 8078 8587 7840 8097 8016 8084 7787 8322 8058 8196 8413 8288 7592 7738 7987 7599 8233 
7608 7686 7441 7521 8026 7509 8279 7150 8097 7819 8333 7676 7849 7235 7790 7982 7418 8480 7856 7913 7877 7535 7841 7743 8124 7811 7732 7522 7991 7804 7221 7641 7777 8001 7478 7826 7946 7928 8331 7589 8486 7862 7741 7933 7522 8376 8445 7480 7678 8182 7709 7770 7776 7586 7556 7692 7393 8126 7943 8011 8277 8417 7618 7666 7566 7782 8237 7897 8144 7871 7652 7792 7976 7732 8219 7839 7556 7396 8214 7789 8377 7912 8053 8150 7601 7672 7598 7872 8369 8361 7381 7285 8046 7921 8143 7509 7249 7827 8320 7719 7995 8236 8145 7749 7826 7691 7648 7583 7836 7889 7851 7543 8165 7290 7735 8064 7742 7941 8108 7682 7619 8134 7962 7771 7838 7654 8277 7602 7559 8347 7601 8071 7485 6943 8085 8100 7624 7941 7674 7505 7852 7601 8031 7873 7740 7687 8065 7758 7365 7630 7947 7649 7415 7700 7524 7939 8399 8120 7008 7937 7685 7778 7850 7783 7965 7602 7030 7622 7661 7688 7305 7524 7262 8344 7628 8241 8102 7816 7926 7686 7668 7715 7840 7692 7487 7923 8052 7717 7411 7775 7956 7727 7993 7732 8368 7341 7789 7493 7025 8008 7876 7714 7819 7343 7735 7258 7272 7802 7986 8222 8046 7785 8720 7677 8206 8190 8365 8162 8084 8553 7438 7691 7757 8053 7924 7709 7816 8305 7961 7425 7623 7977 8254 8146 7794 7639 8131 8364 7890 7873 8091 7760 7534 8390 8007 7681 7055 7727 7605 8326 7927 8008 7691 7574 7689 7593 7627 7382 7668 7707 8273 7923 7977 7966 8247 8536 8025 7682 7788 7728 7950 7833 8001 8272 7742 8523 7807 7755 7937 7648 8130 8133 8074 8065 7818 8053 7982 7501 8227 8262 7666 7550 7416 7757 7887 7623 7708 7715 7939 7780 7213 7701 7720 7831 8004 7663 8115 8101 8114 7817 8147 8061 7289 8444 7938 7444 7596 8083 7926 7763 8129 7898 7724 8315 7754 8079 7694 7286 7975 7569 7429 7993 7843 7862 7823 8173 8177 7824 8060 8070 7749 7793 7983 7787 7551 8190 7803 8149 7514 8257 8140 7434 7939 8438 7723 7886 7773 7588 7582 8121 8087 7939 7875 7846 8177 7663 8287 7538 7924 8127 7633 7565 8020 7897 7527 7712 7417 8102 8204 7901 7794 7634 8161 7657 8703 7777 7853 7464 8003 7685 8123 7994 8059 8212 8114 7487 7577 7659 7376 8101 
7849 8314 7894 8336 8035 8531 8792 7864 8456 8214 8467 8395 8253 7624 8182 8501 8203 8851 8192 8324 8264 8269 8299 7879 8487 8250 8180 8199 8397 8231 7940 8237 8010 8305 8116 8483 8427 8538 8867 8043 8866 8476 8101 8367 7825 9238 8948 8127 8010 8445 8007 8045 8428 8019 7993 8594 7870 8520 8429 8727 8417 8518 8030 8004 8218 8230 8829 8334 8293 8391 8269 8018 8479 7955 8165 8084 7659 8207 8514 8091 8886 8356 8257 8965 7732 7905 8221 8392 8524 8849 7960 7914 8725 8377 9239 8176 7646 8719 8429 7959 8372 8582 8584 8497 8049 7904 7986 7887 8448 8183 8376 8470 8417 8516 8190 8384 8306 8120 8633 8237 8464 8545 8037 8283 8068 7957 8478 8240 8466 8758 8605 8324 7697 7667 8443 8207 7929 8234 8450 8490 8165 7923 8398 8362 8305 8380 8342 8214 7530 7850 8093 8436 7992 8236 7811 8369 8497 8522 8132 8689 8117 8289 8478 8635 8276 8073 7439 7777 8419 7982 7816 8147 7649 8333 8111 9016 8596 8418 8318 8254 8136 8265 8518 7947 7949 8562 8400 8030 8073 8427 8452 8400 8134 8248 8837 7816 8568 7652 7630 8569 8104 8060 8282 7431 8110 7503 8091 8220 8494 8347 8423 8454 8994 7807 8754 8314 8482 8452 8342 8612 7857 8211 8244 8712 8396 8090 8404 8783 8536 8031 8344 8494 8554 8208 8232 7963 8642 8547 8375 8433 8311 8247 8009 8707 8654 8262 7643 8007 7889 8569 8527 8249 7677 8310 8443 8024 8011 7888 8488 8234 8778 8481 8558 8140 8610 9142 8152 8364 8121 8211 8319 8006 8367 8835 7949 8718 7985 7728 8375 7783 8457 8474 8290 8303 8369 8441 8431 7783 8568 8312 8343 8007 7987 8050 8457 8169 8204 7793 8324 8610 8185 8432 8344 8154 8589 8180 8582 8553 8505 8490 8175 8456 7758 8680 8310 8054 8244 8596 8423 8256 8413 8427 8423 8873 8204 8419 8191 7807 8185 8225 7808 8604 8283 8364 8378 8342 8571 8136 8334 8327 7986 8229 8220 8343 8202 8568 8447 8914 7968 8703 8345 8104 8170 8761 8125 8419 8582 7973 8062 8503 8602 8704 8504 8158 8660 8064 8898 8244 8249 8647 8515 8023 8141 8218 8133 8098 7765 8474 8699 8450 8269 8121 8749 8214 9383 8317 8327 7907 8870 8301 8787 8390 8722 8586 8384 8128 7970 8081 8189 8274 
7533 7666 7353 7563 7756 7826 7872 7306 8238 7563 8108 7376 7816 7312 7552 7604 7427 8172 8049 7959 7933 7395 7693 7697 7891 7643 7832 7625 8058 7700 7339 7377 7716 8018 7415 7953 8036 8015 7970 7598 8470 8027 7647 7840 7762 8375 8578 7383 7387 7884 7756 7659 8038 7452 7675 7628 7300 7932 7816 7772 8163 7585 7630 7781 7623 7979 8111 7779 8001 7879 7368 7568 7735 7612 7893 7621 7142 7673 7997 7892 8109 7914 7704 8264 7420 7724 7910 8138 8137 8044 7399 7632 7785 7812 8059 7743 7030 8068 7995 7194 8032 7868 7974 7836 7840 7610 7777 7478 7832 8073 8077 8212 7850 7718 7682 8161 7731 7555 8079 7721 7724 8070 7627 8107 7633 7723 8128 7737 8073 8351 7252 7920 7622 7205 7842 7838 7049 7995 7696 7654 7742 7612 7881 7746 7618 7591 7877 7539 7317 7515 7811 7754 7608 7616 7155 7997 8303 7671 6984 7869 7375 7703 8022 7700 8019 7706 6791 7704 7729 7581 7352 7787 7065 7906 7930 8326 8178 8044 7797 7865 7442 7354 7485 7601 7356 8097 7707 7626 7527 7532 7817 7971 7928 7358 8128 7400 7901 7461 7051 8061 7635 7430 7622 7329 7548 6965 7234 7657 7883 7708 7615 8020 8343 7432 8132 8075 8155 7887 7927 8527 7195 7469 8048 7727 8314 7568 8074 7912 8193 7502 7883 8055 7788 8077 7657 7648 7778 8038 7878 8116 8028 7751 8049 8328 8096 7772 7176 7387 7528 8556 7906 7624 7545 7553 7878 7513 7547 7167 7780 7835 8125 7985 8071 7706 8175 8732 8073 7570 7598 7650 8008 7967 7944 7891 7869 8306 7737 7692 8018 7495 8099 8429 8115 7893 7990 7763 8082 7033 7979 7980 7409 7539 7442 7886 7890 7533 7999 7511 7979 7742 7336 7651 7544 7819 7653 7487 7863 7589 8049 7768 7828 7953 7683 7995 7657 7654 7766 7851 7933 8035 8067 7915 7987 8217 7802 7830 7799 7133 7484 7988 7356 7941 7777 8229 7689 7967 7640 7983 7967 8360 7609 7480 7829 7730 7213 8300 7830 7722 7436 8412 7858 7424 7672 8406 7928 7911 7776 7654 7809 7972 8153 7981 7814 7506 7903 7861 8498 7365 7441 7874 7665 7389 7721 8219 7511 7686 7335 7672 8164 7749 7818 7539 8102 7718 8469 7824 7658 7404 8200 7876 8278 7928 7844 7810 8096 7775 7552 7340 7533 8051 
7867 8231 7722 7803 7896 8150 8590 7461 7826 7878 8358 8389 7677 7752 7934 7909 7689 8640 8187 8088 7892 8023 7658 8023 8136 8036 8115 7677 8417 8064 7734 7528 7637 8510 7760 8465 8349 7765 8275 7475 8573 8133 7745 7904 7904 8689 8386 7671 7640 7699 7803 8035 8306 8256 7492 7969 7950 8063 8195 8414 8141 8455 7723 7744 7727 8279 8496 7925 8442 8336 7868 7634 8311 7790 8249 7935 7655 8375 7978 8106 8487 7904 8062 8142 7687 7786 7884 8200 8706 8373 7648 7566 8214 8109 8635 7679 7508 8008 8226 7832 7908 8099 8587 7863 7908 7660 7814 7839 8025 8100 8097 8345 8203 7840 7513 8808 7668 7913 8224 7824 7928 8185 8134 7804 8097 7380 8352 7963 8087 8010 8024 8295 7464 7221 8282 8341 7524 8583 8079 8098 8093 7793 8339 8067 7910 7921 8048 7699 7513 7354 7640 8050 8155 7872 7123 8249 8395 8246 7052 7877 7656 8593 7965 8213 8198 8168 7688 7487 7816 7849 7285 7984 7441 8408 7629 8652 8188 8115 7957 7862 8074 7619 8112 7878 7688 8169 8289 7505 7743 8218 8302 8326 8243 7829 8464 7529 8063 7692 7290 8146 7917 7740 7660 7136 7613 6887 7612 8070 7848 7939 8175 7946 8417 7845 8287 8129 8315 8268 8467 8428 7631 8187 8539 8186 8019 8070 7688 8444 8120 7731 7670 8174 8104 8479 7599 7999 8212 8272 7721 7886 8187 7971 7703 8470 8447 8115 7932 7803 7758 7985 8538 7746 7811 7799 7607 7855 7493 7589 7770 7884 8453 8176 7921 8094 8469 8684 7882 7959 7697 7910 7657 8201 8109 8047 8083 8567 7619 7820 8099 7507 8732 7874 8240 8222 7996 7791 8224 7744 8201 8036 7737 7883 7791 7875 8064 7594 7833 7911 8457 7787 7752 7897 8194 7915 8118 7863 8285 8520 8287 8306 7819 8195 7670 8465 7858 7694 7915 8079 8334 8240 8165 8293 7869 8777 7877 7797 7799 7522 7937 7945 8017 8143 8087 8165 8074 7950 8143 8044 7819 8070 7914 7646 8056 8184 7670 8583 8353 8284 7464 8296 8174 7448 8145 8417 7826 7830 8045 7485 7712 8110 8475 8029 7865 8125 8397 8103 8353 7824 7987 8311 8076 7545 8007 8168 7413 7872 7679 8205 8311 8062 7984 8072 8391 7813 8656 8030 7974 7699 8256 7816 8520 8376 8516 8486 8137 7870 7795 8099 7637 7796 
7810 7751 7355 7690 7948 7644 8483 7703 8168 7839 8470 8090 7950 7584 7814 7909 7940 8438 8209 8044 7943 7951 7828 7880 7764 8058 7537 7574 7857 7926 7772 7877 7867 8363 7771 7889 8458 8101 8151 7399 8428 8372 7787 8027 7771 8810 8417 7730 7706 7987 8206 8016 8254 8026 7606 8506 7341 8163 8420 8388 8168 8250 7811 8031 7568 8040 8466 7958 7928 7932 7980 7916 8314 7815 8187 7861 7334 7959 8085 8092 8641 8048 8056 8492 7498 8007 7802 7903 8632 8231 7242 7283 8240 8083 8583 7417 7419 8117 8280 7661 7979 7953 8014 8292 7835 7583 7657 7450 8109 8164 8050 8152 8084 7755 8111 8438 7729 7876 8092 7775 7874 8198 8023 8082 8096 7219 8175 7832 7999 8387 7999 8091 7698 7388 8174 8085 7626 8275 7736 8194 8026 7686 8274 8279 7813 7867 8388 8012 7448 7692 8019 7993 7859 7835 7359 8192 8409 8022 7504 8497 7761 8338 8245 8164 7883 7894 7397 7691 7666 7610 7517 7898 7439 8406 7889 8530 8535 8271 8010 7775 7981 7791 7940 7813 7519 7955 8066 7556 7739 8070 8092 8161 8401 7911 8719 7775 8082 7529 7307 8027 7890 7621 7919 7638 7657 7431 7395 7846 7847 8108 8010 7900 8522 7692 8562 7723 8528 8217 8242 8286 7337 8002 8253 8286 8019 7827 7977 8262 8354 7574 7994 8264 8034 8264 8111 7731 8176 8223 7927 7763 8578 7953 7762 8516 8181 8015 7790 7884 7809 8498 8161 7913 7687 7812 7746 7407 7663 7713 7879 7855 8467 8236 7894 7747 8552 8817 7849 7657 8029 7865 8035 7919 8066 8266 8100 8625 7833 7786 8133 7889 8232 8130 8466 7951 7899 8139 8107 7634 8401 8403 7768 7627 7665 7987 7900 7685 8001 7865 8189 8021 7604 8091 7875 8029 8231 7838 8145 8334 8128 8274 8079 8255 7709 8341 7952 7708 7945 8258 8109 8027 8454 7706 8386 8494 8299 8087 8098 7416 8046 7777 7458 7856 8131 8005 7854 8208 7887 7786 8065 8239 7679 7567 8182 7834 7599 8444 7966 8583 7649 8386 8069 7667 7823 8553 8155 7875 8034 7482 7896 8030 8347 8409 8111 8104 8170 7400 8398 7772 8234 8028 7639 7774 8035 8108 7796 7698 7325 8076 8145 8185 7927 7828 8616 8204 8355 8201 8017 7657 8097 7786 8225 7983 8143 8497 8078 7449 7919 8161 7758 8069 
7299 7771 7646 8130 7917 7902 8508 7255 8157 8038 8243 8064 8085 7450 7487 7965 7551 8624 8180 7857 8086 7972 7832 7748 8000 7679 7789 7435 7897 7993 7507 8099 7866 8223 7707 7877 8128 7938 8386 7786 8224 8357 8054 7845 7847 8821 8199 7684 7756 7866 8162 7823 7867 7780 7600 8338 7595 8058 7920 8178 8125 8348 7803 7578 7204 8177 8361 7616 8146 8127 8084 7383 7736 7940 7804 7713 7449 8112 7916 7703 8443 7955 7901 8456 7331 8011 8031 8236 8552 8242 7361 7407 8186 8090 8431 7579 7348 8154 8115 7887 7522 8108 8350 7996 8212 7951 7835 7572 8074 8032 7717 8097 7901 7729 8054 7997 7872 7482 7822 7813 7614 8204 7882 7853 8025 7470 8245 8034 7926 8073 7644 8122 7542 7273 8338 8296 7556 8476 7847 7911 7578 7815 8026 7828 7623 7667 8371 7714 7064 7453 8120 7876 7988 7763 7591 8178 8214 7849 7422 8386 7962 7930 7990 8266 7657 7748 7359 7775 7537 7627 7312 7950 7324 8497 7811 8087 8470 7962 7629 7633 8239 7596 7625 7704 7341 8050 7958 7723 7677 7963 8180 7985 8131 7652 8405 7565 7816 7580 7214 8045 8034 7940 7811 7151 7719 7146 7692 7750 7926 8134 8240 7722 8375 7494 8210 7761 8026 8004 7967 8612 7568 7613 7935 8172 7871 7736 7841 8436 7919 7744 7922 8277 8181 8288 7807 7775 8134 8419 7983 8081 8168 7887 7599 8367 7999 8140 7582 7596 7333 8026 7875 7989 7570 7916 7585 7697 7615 7593 7634 8059 8521 8266 8043 7809 8214 8751 8042 7717 7809 7891 7979 7725 7918 8029 7954 8217 7452 7419 7775 7715 8410 8323 8308 8246 8085 7964 8014 7668 8192 8268 7690 7832 7550 7959 7798 7672 8000 7890 8217 8170 7163 7615 7862 7991 7853 7582 7909 8208 8190 8033 8214 7999 7540 8207 8068 7762 8040 7915 8092 7709 8194 7781 8260 8345 8028 8045 7793 7242 7994 8018 7604 7818 8147 7855 7825 8140 7907 7918 7869 8096 7988 7802 8041 7947 7912 8355 8149 8237 7319 8559 8077 7576 8126 8384 7769 7672 8109 8113 7521 8097 8489 7845 7967 8131 8315 7489 8668 7788 7916 8223 7709 7730 7816 8000 7847 7871 7674 8271 8272 7977 8076 7700 8027 7879 8479 7616 8017 7194 8118 7859 8142 8324 8102 8171 8217 7797 7764 7840 7995 8161 
8049 8399 8022 8538 8205 8497 8929 7737 8456 8466 8319 8386 8305 7802 8203 8433 8304 9072 8537 8646 8346 7991 7697 8265 8412 8669 8247 7907 8658 8549 7769 8276 7870 8617 7923 8511 8716 8226 8712 8217 9027 8543 8176 8593 8283 8884 8808 7696 8065 8341 8500 8181 8530 8572 7917 8224 8180 8645 8281 8783 8211 8848 7868 7976 8136 8690 8705 8127 8584 8703 8181 8157 8529 8284 8497 8198 7383 8317 8383 8434 9151 8483 8155 8728 8283 8212 7777 8463 8624 8705 7716 8060 8814 8512 8840 7806 7659 8359 8729 8170 8470 8354 9074 8282 8398 7837 8258 7946 8336 8421 8517 8217 8466 8178 8263 8676 7981 8244 8656 8281 8665 8695 8636 8414 8184 7736 8974 8177 8309 8584 8372 8767 7757 7733 8723 8458 8099 8240 8122 8224 8610 8059 8598 8375 8523 8170 8729 8128 7781 7972 8176 7967 8362 7828 7864 8292 8618 8574 7555 8489 8044 8526 8249 8625 8659 8451 7742 7792 8035 8283 7384 8325 7595 8881 8091 8744 8833 8793 8168 8283 8026 7862 8109 8041 7509 8596 8452 8181 8151 8403 8898 8752 8434 8178 8812 7882 8068 7958 7770 8640 8702 8121 8454 7332 8111 7428 8090 8445 8288 8264 8249 8272 8842 7911 9188 8338 8531 8376 8586 8751 7896 8150 8309 8249 8218 8245 8367 8712 8811 7998 8103 8620 8587 8691 8411 8472 8483 8937 8346 8093 8422 8304 8177 8954 8874 8444 8348 7870 8054 8499 8619 8325 7933 8154 8493 8136 8081 8041 8461 8382 8750 8910 8749 8457 9017 9021 8034 8314 8221 8037 8427 8405 8714 8308 8613 8901 8185 8108 8362 8012 8830 8536 8474 8687 8390 8426 8634 7734 8620 8674 8348 8156 7953 8301 8761 8266 8553 8005 8677 8485 8037 8090 8377 8679 8549 8332 8725 9024 8646 8530 8494 8544 8014 9078 8039 8093 8667 8395 8427 8369 8878 8481 8507 9200 8412 8080 8065 7915 7951 8322 7880 8412 8261 8536 8084 8552 8649 8356 8696 8768 8248 8292 8328 8399 8425 8822 8706 8619 7960 8837 8694 8010 8273 8842 8673 7965 8752 8289 8034 8376 8366 8389 8422 8770 8550 8313 8704 8380 8387 8620 8221 8152 8559 8489 8232 8130 7818 8624 8457 8549 8402 8179 8604 8432 9014 8030 8481 8216 8750 8287 8528 8372 8509 8476 8250 8325 8061 8269 8023 8337 
7586 8080 7874 7615 8121 8054 8602 7153 8184 7949 8288 7974 8067 7550 7622 7937 7889 8945 7984 8164 8096 7900 7499 8017 7780 8355 7565 7459 8237 8019 7433 7986 7765 8637 7844 8087 8345 7860 8304 7633 8435 8208 8181 7743 7882 8809 8942 7541 7766 8233 8021 8128 7889 7980 7742 8085 7885 8179 8244 8106 7815 8436 7515 8045 7613 8290 8764 7672 7988 7904 7679 7833 8202 8016 8141 7609 7343 8034 8143 8116 8639 8070 7867 8192 7844 7888 7932 8317 8257 8677 7239 7586 8274 8277 8352 7762 7470 8204 8023 7670 8161 8039 8336 8051 8009 7764 7812 7687 8269 8076 8142 8073 7890 7956 7746 8028 7395 8048 8249 7562 7756 8333 8145 7952 8112 7694 8340 8193 7747 8293 7919 8539 7718 7315 8353 8172 7410 8267 7998 8053 8245 7923 8217 8352 8143 7845 8209 7818 7723 7611 7759 7849 7676 7851 7322 8144 8483 7757 7377 8372 7826 8462 8000 8170 8285 8099 7259 7680 7802 7576 7556 8051 7375 8193 7790 8610 8625 8050 7935 8309 7986 7727 8058 7616 7232 8228 8061 7693 7980 8049 8321 8107 7963 7785 8368 7448 7886 7906 7506 8249 8035 7705 7839 7270 7758 7497 7673 8004 8171 7764 8218 8047 8400 7602 8326 8054 8029 8412 8329 8547 7706 8094 8475 8028 8281 7840 7974 8590 7936 7897 7593 8051 7786 8284 7939 7789 8328 8443 7578 7778 8194 7882 7965 8436 8612 7988 7870 8082 7551 8444 8044 7925 7785 7687 7874 7744 7462 7556 8093 8041 8574 8359 8111 7984 8569 8838 7791 7757 7725 7669 7858 8203 8180 8153 8252 8647 7720 7712 7929 7725 8291 8114 8193 8090 7978 7751 8325 6980 8307 8248 7788 7908 7501 7953 8305 7529 7854 8013 8119 8031 7648 7951 8105 8261 8359 7856 8190 8485 8192 8176 7700 8029 7565 8413 7767 7759 8169 7933 8354 8168 8113 8164 8334 8651 7988 8086 7896 7452 7638 8197 7531 8214 8066 7892 8244 8098 8328 8212 8297 8610 7444 7639 8178 7621 7801 8256 8155 8142 7589 8438 8555 7813 7844 8478 7980 7858 7961 7858 7669 7889 8155 8265 7965 8325 8433 7825 8681 7875 7790 8108 7897 8019 8189 8274 7629 7947 7450 8050 8409 7941 7838 7888 8501 8260 8754 7874 7929 7711 8187 7947 8321 8179 8115 8141 8187 7692 7845 7987 7666 8389 
8550 8231 7882 8545 8465 8559 8995 7632 8736 8452 8688 8708 8480 7988 8636 8656 8383 9373 9078 8470 8430 8516 8296 8504 8282 8531 8418 8061 8631 8518 7936 8128 8298 8957 7999 8637 8819 8699 8451 8444 9187 8883 8386 8551 8251 9438 9125 8078 8290 8758 8818 8359 8249 8412 8173 8585 8147 8893 8669 8575 8829 8685 8597 8836 7947 8679 8985 8382 8679 8738 8214 8083 8976 7983 8701 8347 8212 8524 8710 8505 9119 8773 8837 8725 7929 8811 8201 8671 8692 8917 8143 8186 8490 8864 9023 8084 7754 8950 8768 8234 8679 8316 8804 8804 8799 8347 7999 8129 8626 8573 8824 8280 8602 8165 8327 8917 8160 8324 8221 8413 8570 8731 8666 8359 8542 7989 9007 8482 8502 8992 8420 8807 7993 8034 8988 8639 8061 8748 8757 8676 8519 8190 8791 8710 8555 7787 8940 8290 8213 8019 8346 8376 8468 8261 8217 8429 8877 8674 7736 9006 8291 8746 8811 8829 8445 8556 7740 7867 8320 8239 8134 8227 7909 8762 8360 9047 8736 8704 8410 8163 8607 8316 8555 8467 8035 8721 8696 8119 8406 8666 8598 8715 8930 8776 9296 8024 8565 7938 7902 8768 8613 8274 8614 7766 8166 8016 8141 8444 8505 8312 8292 8501 9133 8159 9459 8629 8624 8865 8459 9081 7891 8523 8615 8224 8643 8189 8541 8870 8501 8313 8330 9136 8518 9036 8736 8391 8329 9078 8219 8533 8944 8322 8350 8789 9018 8343 7934 8103 8240 8758 8673 8458 8325 8252 8245 8379 7971 8332 8518 8435 8978 8656 8782 8626 8909 9247 8888 8132 8414 8185 8573 8283 8481 8542 8789 9483 8187 8077 8587 8111 8647 8553 8775 8395 8339 8186 8407 7553 9175 8652 8397 8461 8351 8510 8652 8230 8818 8730 8872 8465 8115 8556 8668 8706 8396 8027 8712 8846 8792 8898 8404 8719 8540 8849 8317 8266 8592 8475 8631 8655 8533 8873 8666 9342 8720 8350 8357 8012 8383 8669 7954 8808 8597 8783 8387 8722 8385 8838 8603 9103 8322 7940 8751 8468 8403 9041 8481 8748 7987 8811 8982 8301 8535 9398 8411 8261 8900 8631 8617 8196 8590 8402 8783 8599 8658 8383 8982 8265 8429 8686 8412 8534 8490 8680 7955 8525 7829 8402 8631 8509 8656 8617 8724 8549 9237 8543 8444 8404 9020 8365 8862 8642 8840 9092 8338 8541 8307 8531 8476 8563 
7467 7704 7903 7655 8029 7963 8096 7134 7882 7903 8346 7844 8327 7445 7588 7798 7482 7928 8275 7881 7696 7740 7429 7909 7958 8038 7958 7504 7658 8170 7340 7507 7408 8198 7549 7535 7950 7828 8134 7739 8274 7993 7683 7802 7632 8496 8353 7616 7739 8024 7966 7744 8044 7667 7633 7717 7420 7731 8054 8363 8085 8388 7736 7890 7451 8281 8201 7520 8139 8384 7474 7659 8096 7638 7879 7719 7151 7813 7839 7824 8174 7799 8093 8111 7397 8006 7879 8032 8246 8666 7539 7217 7957 8154 8255 7728 7251 8081 7688 7808 7687 7994 8274 7862 7790 7583 7745 7737 7701 8080 8222 8152 8041 7623 7754 8465 7914 7530 8468 7516 7985 8059 8093 7849 7830 7594 8333 7983 7841 8164 7671 8171 7609 7395 7987 8105 7701 8235 7514 7983 7817 7952 7979 8063 7835 7687 8313 7772 7590 7301 7544 8109 7572 7542 7636 7995 8230 7997 7058 8111 7534 7906 8181 8082 7968 7891 6806 7612 7719 7448 7254 7573 7304 8134 7761 8260 8162 8123 7675 7571 7742 7773 7580 7785 7543 7807 8126 7603 7559 8303 7959 8299 7879 7976 8318 7658 7776 7511 7422 8143 7818 7605 7785 7086 7700 7187 7385 7872 7968 8257 7595 8072 7956 7567 8269 8211 8274 8437 8182 8274 7375 7795 7815 8219 8016 8074 7691 8117 8203 7397 7699 8418 8126 7966 7532 7938 8376 8285 7890 8015 7648 7957 7623 8038 8276 7661 7409 7682 7625 7859 8197 7825 7351 7996 7780 7636 7757 7430 8047 7979 8264 8020 7980 8136 8132 8627 7719 8049 7654 8084 7899 7712 8156 8051 8013 8625 7694 7765 7824 7700 8126 7948 8066 8174 7893 7939 7814 7423 7863 8262 7646 7695 7780 7589 8026 7408 8086 7919 8272 7963 7750 7824 8017 7847 8082 7437 7911 8385 8015 8145 7883 7752 7650 8249 7844 8080 7767 7820 8327 8121 7983 8022 8065 8502 7897 7818 7457 7467 7683 8268 7712 8338 8053 7976 7387 7725 8158 8367 7783 8241 8029 7627 7813 8303 7630 8085 7982 8012 7731 7959 8171 7474 7926 8387 7868 7604 8111 7795 7757 8056 7992 8158 8050 7808 8052 7984 8400 7719 7912 8319 7923 7842 7688 7845 7331 7636 7481 8312 8052 7621 8227 7758 8473 7836 8512 7846 8482 7911 8034 7446 8308 8001 8158 8160 8251 8149 7787 7452 7539 7772 
7687 7884 7356 8144 8022 7907 8847 7630 8206 7921 8526 8373 8331 7766 7674 8444 8264 8720 8211 8252 8134 8134 8168 8407 8410 8308 7863 7476 8163 8185 7479 7786 7901 8695 7842 8291 8430 8180 8520 7683 8652 8198 8222 8004 7568 8906 8745 7962 7737 8313 8039 8119 8399 7916 7751 8166 8044 8325 8195 8592 8365 8070 8018 8232 8050 8268 8449 7970 8423 8390 7682 7804 8221 8100 8490 7834 7499 8198 8653 8292 8688 7993 8093 8645 7657 7975 8182 8433 8448 8194 7428 8096 8560 8105 8645 7846 7683 8495 8018 7880 8211 7994 8632 8123 8325 8112 7742 7748 8030 8209 8397 8074 8230 8088 8135 8672 7952 8073 8435 8194 8041 8588 8232 8028 8226 7687 8731 8229 8278 8401 8172 8855 8057 7381 8417 8179 7828 8191 8250 8438 8256 8072 8372 8506 8275 7989 8890 8052 7633 7902 8068 8059 7553 8089 7728 8174 7995 7857 7650 8396 7750 8317 8444 8567 8236 8106 7191 8236 8051 8111 7771 7847 7346 8394 8160 8526 8559 8363 8110 8463 8357 8048 8205 8206 7456 8337 8504 7400 7868 8401 8032 8358 7914 8273 8314 7904 8256 7809 7567 8461 8032 7699 8123 7543 8496 7512 7842 8338 8322 7957 8186 8441 8779 7974 8637 8334 8117 8176 8553 8586 7717 8099 8169 8002 8151 8034 8070 8931 8176 7701 7768 8639 8288 8414 8434 7990 8423 8494 8036 8349 8459 8185 7908 8725 8422 8131 7967 7903 7829 8464 8275 8061 7740 7814 8234 7746 8083 7937 8231 8032 8835 8970 8231 8221 8577 9066 8132 7870 7799 7823 8353 7957 8124 8278 8344 8839 7781 7969 8318 7498 8745 8116 8456 8287 8155 8278 8322 7665 8613 8547 7760 8126 7811 7811 8289 7842 8192 8042 8853 8402 7876 8090 8394 8006 8347 7680 8313 8517 8520 8271 8206 8215 7886 8678 8272 7937 7931 8331 8405 8250 8475 8290 8345 9059 8273 7865 8074 7828 8150 8344 7565 8245 8340 8023 8276 8253 7923 8153 8351 8556 7748 7764 8167 8072 7838 8556 8316 8422 7588 8613 8362 7861 8121 8891 8379 8156 8402 8051 7827 8319 8446 8107 8105 8220 8229 8096 8808 7979 8640 8213 8111 8127 7951 8467 7933 7911 7729 8638 8739 8061 8237 8278 8557 8018 8756 8303 8369 7861 8494 8062 8396 8173 8402 8456 8192 8124 7829 8259 8001 8319 
7850 8375 7977 8180 8067 8200 8756 7635 8353 8201 8721 8514 8004 7720 7968 8376 7870 8491 8332 8229 8168 8098 8414 8043 8423 8342 8413 7801 8163 8085 8002 8021 7795 8469 8153 8581 8238 8158 8488 8004 8451 8410 7971 8234 8100 9013 8925 7937 7705 8237 8327 8003 8571 8244 7877 8292 7822 8551 8407 8454 8134 8485 8319 8087 7875 8439 8892 8202 8364 8343 7720 8055 8214 7832 8055 8046 7803 8050 8532 7998 8820 8235 8290 8649 7904 8334 8356 8338 8338 8611 7787 7526 8618 8172 8896 7966 7641 8475 8410 8066 8152 8348 8657 8083 8266 7862 7799 8010 8393 8374 8345 8539 8309 8228 7767 8554 7834 8140 8408 7960 8162 8322 8685 8013 8455 7907 8617 8091 8161 8200 8180 8334 7754 7406 8542 8432 7676 8126 8327 8601 8030 7809 8153 8298 8133 8078 8359 8031 7775 7999 8012 8202 7693 8167 7576 8147 8366 8183 7597 8737 8135 8377 8552 8418 8198 8546 7462 7717 8201 8214 7860 8102 7903 8453 8373 8684 8672 8368 8162 7849 8302 8023 8002 7967 7503 8342 8076 7943 7988 8242 8238 8323 8104 8323 8768 7535 8368 7439 7686 8244 8313 7878 8175 7624 8259 7215 7517 8058 8090 8284 8451 8304 8122 8055 8627 8139 8442 8391 8452 8472 7695 8176 8392 8005 8059 8119 7996 8552 8181 8043 7702 8612 8398 8588 8089 8382 8471 8347 7939 7901 8370 8045 7721 8399 8497 8582 7837 7744 7714 8369 8519 7897 8019 8172 8078 7898 7594 7916 8156 8195 8574 8681 8477 8145 8628 8973 8077 8185 8043 8141 7969 8242 8339 8183 7998 8657 7752 7678 8402 7674 8747 8345 8538 8394 8519 8334 8202 7517 8611 8505 8142 8259 8013 8103 8615 7776 8081 8366 8565 8207 7746 8031 8028 8430 8072 7840 8343 8675 8614 8037 8053 8261 7958 8441 8282 8189 7855 8492 8306 8614 8300 8287 8246 9054 7678 8162 8032 7764 7869 8096 7893 8441 8506 7932 8275 8304 8270 8143 8082 8502 8090 7713 8149 8201 8178 8422 8396 8339 7806 8668 8637 7863 8115 8633 8174 8164 8463 8010 7774 8492 8448 8621 8271 8453 8604 7996 8762 8118 8503 8495 8188 7711 8113 8022 8264 8267 7869 8390 8215 8264 8084 8121 8468 8256 9114 8161 8332 7985 8349 8042 8468 8263 8464 8552 8596 7836 8207 8349 7663 8436 
7874 8094 7494 7832 7960 7718 8460 7141 8042 7927 8594 7778 7900 7620 7561 8074 7722 8549 7764 7789 7858 7884 7979 8038 7914 7924 7964 7474 7904 7825 7794 7730 7935 8586 7551 8049 8083 7733 8080 7599 8282 8009 7916 8048 7863 8388 8454 7613 7857 8172 7786 7540 8100 7940 7440 8040 7656 8174 8034 8178 8337 7887 7866 7795 7540 8205 8415 7912 7954 7952 7660 7848 8015 7668 7940 7760 7576 7586 7819 8152 8410 7916 7884 8207 7151 7941 7826 8361 8286 8368 7143 7650 8111 8138 8235 8015 7185 8081 8102 7847 8065 8038 8319 7788 7846 7396 7661 7711 7929 8168 7973 8007 7934 7792 7740 8264 7802 7511 8065 7703 7521 8150 8432 8017 8197 7577 8471 7552 7898 8568 7774 8041 7603 7426 8162 8252 7565 7992 8153 8101 7706 7636 8018 7987 7917 7535 8196 7563 7436 7697 8159 7867 7993 7723 7501 7899 8467 7887 7076 8089 7977 8355 7984 7979 7430 7677 7034 7203 7912 8057 7199 7596 7456 8226 8016 8564 8274 8186 7655 8082 8016 7661 7902 7797 7187 8325 8136 7639 7552 8154 8026 8280 7966 7826 8526 7626 8001 7467 7312 8108 7972 7720 7981 7372 7696 7262 7365 7837 7879 7680 8154 7844 8615 7777 8472 7954 8377 8318 8004 8268 7539 7498 8199 8079 8151 7639 8045 8529 8045 7310 7621 8381 8073 8206 7786 7889 7970 8401 7837 7904 8374 7893 7311 7976 8357 7819 7615 7708 7624 8275 8057 8028 7878 8018 7959 7526 7736 7774 7684 7812 8446 8510 7990 7790 8491 8695 7861 8078 7837 7555 8252 7877 8264 7766 8217 8308 7511 7816 8029 7387 8243 8143 8070 7934 7726 7834 8343 7474 8303 8235 7851 7766 7684 7807 7938 7650 8245 8041 8261 7803 7452 7264 7970 8178 7983 7792 8086 8365 8335 7932 7763 8350 7359 8347 7997 7836 7979 8076 7759 8009 8037 8018 7614 8605 7763 7732 7324 7438 7859 7915 7466 8073 7868 7955 8019 8081 8054 8065 7963 8232 7910 7589 7833 7854 7802 8163 8272 8449 7677 8466 8068 7758 7821 8464 8276 8120 8278 7909 7907 7860 8361 8244 8045 7927 8152 8003 8499 7494 7716 8151 7855 7662 7692 8030 7677 7804 7398 7932 8186 7835 7918 7699 8537 7844 8627 8033 7602 7790 8516 7986 8127 8208 8307 8476 7953 7742 7732 7714 7701 7952 
8107 7953 7750 7832 8174 7918 8368 7530 8460 8113 8518 7924 8095 7718 7831 7899 7804 8750 8328 8188 8154 7906 8002 8067 8147 8134 7932 7731 8377 8127 7389 7786 8088 8253 7891 8062 8650 8237 8483 7919 8553 8088 8050 7919 7648 8667 8561 7756 7837 8463 7954 8307 7915 8036 8075 8313 7984 8022 8267 8389 8453 8450 8232 8024 8077 8273 8405 8204 8302 8300 7875 8056 7935 7778 8560 8143 7545 8018 8464 8008 8638 8020 8447 8713 7431 8015 8139 8325 8649 8489 7509 7790 8359 8343 8689 7949 7674 8199 8221 7941 8135 8208 8235 8306 7976 7751 8083 7765 8484 7987 8184 8549 8154 8182 7850 8636 7991 7823 8220 8008 8249 8405 8123 8172 7962 7903 8689 7999 8261 8484 8066 8289 7860 7432 8636 8419 7766 8537 8086 7990 7831 7782 8079 8468 8290 7784 8477 8304 7769 7721 8066 7937 7861 8042 7697 8363 8370 8338 7403 8611 7906 8282 8288 8372 8294 8366 7136 7827 8027 7837 7814 7723 7527 8254 7908 8767 8365 8131 7985 7796 8184 8006 7754 7748 7918 8374 8119 7685 7576 8158 8544 8565 8129 8209 8573 7418 7983 7492 7708 8262 8279 7787 7838 7924 7976 7747 7539 8115 8250 8050 8682 7761 8414 7643 8587 8195 8520 8363 8055 8738 7782 7937 8068 8127 7864 7875 8109 8627 8284 7819 7603 8463 8317 8188 8351 8180 8598 8541 8016 8089 8355 7964 7818 8139 8294 8217 7665 7978 7583 8245 8489 8043 8050 7739 7904 7649 7948 8024 7998 8277 8643 8333 8111 8129 8672 9011 8111 7935 7941 7709 8069 8018 8486 8525 8153 8700 7711 8026 7972 8109 8694 8367 8241 7963 8186 8299 8122 7512 8601 8577 7784 7941 7499 8022 8487 7838 8181 8124 8504 8220 7676 8024 8252 8332 8130 8156 8303 8662 8573 8240 8020 8245 8081 8540 7846 8000 8046 8135 8452 8286 8616 8248 8194 8900 8077 8012 8016 7966 8271 8235 7474 8174 8416 8324 8169 8257 8156 8129 8120 8747 7890 7791 8175 7992 8224 8447 8239 8162 7851 8365 8527 7684 7937 8964 8306 7953 8218 8124 7911 8324 8126 8249 7886 8030 8300 8264 8650 8078 8435 8411 8075 7961 8183 8197 7372 8285 7657 8779 8220 8035 7981 7901 8497 8240 8752 7988 8199 8033 8557 7631 8592 8512 8327 8563 8168 8137 7773 8346 8095 8150 
7634 7961 7166 7779 7862 7896 8088 7369 8228 7802 8195 7744 8031 7646 7892 8224 7841 8412 7996 7904 7780 7631 7461 7698 7678 7757 7482 7474 7800 7547 7508 7672 8017 8485 7748 8044 7913 7687 8484 7737 8453 8267 7806 8113 7601 8611 8310 7451 7477 7971 8162 7841 7802 7847 7819 8410 7771 8078 8046 8248 7658 8152 7736 7899 7530 8157 8337 7320 8182 8312 7851 7422 8130 8127 7655 7584 7212 7985 7837 7689 8119 8221 8109 8217 7592 7633 7757 8025 7941 8521 7315 7581 7884 8258 8364 7498 7481 8303 8000 7863 7869 8084 8201 8132 8105 7575 7735 7357 8186 7885 8283 7834 8160 7661 7772 8394 7527 8198 8248 7838 7986 7901 7978 8087 8054 7703 8267 8186 8183 7900 7897 8414 7501 7443 8219 8361 7581 8105 8221 8007 7918 7706 8276 8061 7691 7905 8265 7661 7672 7712 7817 8026 7730 7735 7531 7840 8194 8000 7331 8003 8047 7694 8175 8145 8274 7920 7244 7573 7909 7492 7504 7764 7159 8413 8126 8448 8376 8052 7724 7961 8017 7520 7701 7694 7554 7918 7959 7944 7504 8042 8112 8248 7976 7670 8189 7559 7812 7605 7508 8249 7780 7809 8160 7427 7842 7257 7722 8205 8160 7708 8345 7948 8241 7840 8444 7902 8213 8447 8183 8359 7654 7888 7814 7901 8015 8118 8261 8392 7903 7629 7670 8402 8145 8464 7996 8258 8019 8124 7700 8179 8175 7659 7734 8361 8394 7727 7460 7284 7884 7938 7990 8032 7477 8239 7925 7545 7654 7552 7695 7871 8492 8219 8275 7943 8577 9044 7750 7864 7933 7940 7901 7856 8346 8389 8125 8554 7656 7697 8050 7617 8297 7924 8363 8397 7826 8119 8074 7020 8320 8007 7604 7892 7786 8111 8139 7664 7921 7693 8436 8204 7456 7665 7719 8078 7992 7734 8022 8164 8091 7960 7762 8144 7683 9023 8009 7833 7989 8096 8214 7780 8070 7916 8251 8708 7561 7966 7901 7326 8121 8004 7362 8472 8436 7659 7970 7934 8155 7706 7898 8155 7661 7405 7941 7871 7790 8040 8335 8087 7530 8378 8165 7977 8071 8469 8035 7904 8239 7964 7611 8257 8187 8512 7955 8237 8328 7741 8429 7689 8008 8048 7924 7912 7935 7844 7590 7714 7208 8217 8131 7921 8237 7677 8303 7949 8422 7893 8214 7921 8174 8032 7988 8235 8017 8103 7801 7480 7585 7574 7907 8283 
7916 7980 7532 8142 8407 8039 8647 7433 8264 8549 8702 8175 7929 7762 8027 8134 8155 8922 8475 8025 8377 8039 7934 7783 8111 8081 7524 7900 8448 8130 7507 8016 7701 8681 7966 8233 8580 8011 8662 8013 8664 8411 8138 8098 7956 8814 8807 7850 7964 8464 8400 7761 8093 8255 7817 8178 8034 8469 8064 8327 8435 8157 8080 7999 7904 8129 8570 8048 8399 8362 8187 7999 8210 7775 8348 7912 7350 7903 8311 8125 8888 8461 7978 8535 7416 8207 8236 8241 8477 8684 7494 7623 8028 8179 8454 8069 7537 8419 8474 8183 7933 8401 8766 8638 8012 7926 7747 7761 7979 7967 8410 8364 8296 8013 7730 8436 7778 8085 8298 8030 8057 8192 8566 7920 8395 7778 8693 7801 8027 8628 7768 8465 7759 7522 8525 8115 7852 8120 8220 8542 7982 7958 7960 8465 8178 7724 8055 8417 7436 7833 8349 7974 7994 7798 7612 8019 8074 7953 7683 8304 7687 8205 8376 8619 8110 8004 7366 7675 8129 7949 7415 7784 7606 8409 7933 8320 8831 8222 7807 8293 8353 8203 7987 7888 7840 8167 8219 7887 7633 8124 7959 8228 8165 7866 8621 7586 8124 7773 7400 8161 7863 8068 8091 7587 7899 7063 7668 8442 8150 7923 8214 8263 8618 7821 8892 8088 8364 8613 8154 8645 7632 8033 8198 8289 8315 7982 8274 8372 8256 7909 8101 8836 8439 8248 8029 8221 8302 8560 8077 8018 8586 8030 7757 8393 8262 7882 7491 7586 7684 8540 8224 8199 7840 8041 8211 8076 8122 7895 8160 8116 8550 8374 8488 7907 8644 8728 7900 8277 7932 7954 8197 7725 8455 8520 8198 8778 7812 8071 8315 7994 8275 8291 8405 8150 7976 8288 8384 7566 8663 8359 8106 8073 7707 8069 7998 7904 8349 7819 8526 8236 7439 8097 8218 8494 8340 7816 8166 8567 8476 8258 8274 8412 7831 8483 8348 8021 8317 8398 8409 8288 8188 8310 8123 8757 8081 8192 8069 7662 8204 7960 7706 8449 8345 8189 8262 8069 8117 8286 8329 8475 7689 7658 8118 7770 7996 8423 8324 8393 7811 8576 8312 7947 7986 8722 8080 7920 8122 7864 7952 8436 8365 8215 8083 8290 8346 7660 8780 7867 8095 8560 7967 7962 8221 8008 7876 7793 7635 8493 8347 8507 8029 7931 8373 7762 8652 7710 8181 8348 8489 7655 8498 8212 8348 8608 8203 7919 7904 7849 8156 8224 
8034 8322 7733 8058 8544 8330 8854 8197 8702 8643 8967 8310 8269 7810 7955 8343 8294 9045 8394 8443 8526 8521 8300 8352 9017 8559 8038 8126 8450 8684 8090 8389 8167 9054 7933 8537 8844 8235 8792 8422 8799 8559 8246 8482 7907 8977 8971 8137 7963 8892 8475 8623 8494 8632 8271 8708 8338 8540 8265 8556 8288 9018 7915 8280 8194 8486 9085 8146 8497 8722 8469 8095 8507 8121 8347 8571 7987 8212 8550 8476 8880 8569 8598 8880 7965 8557 8091 8700 8699 8936 8024 8067 8941 8327 9041 8021 7859 8721 8844 8277 8258 8593 8995 8284 8447 8472 8404 8052 8660 8296 8529 8280 8429 8223 8277 8743 8242 8388 8986 8301 8662 8740 8595 8291 8411 8193 8783 7942 8290 8795 8249 8729 7703 7655 8721 8333 8180 8623 8503 8702 8581 7811 8429 8548 8711 8565 8933 8197 7995 8127 8460 8307 8334 8021 8239 8281 8443 8308 7772 8628 8268 8740 8608 8948 8618 8438 7766 7890 8572 7917 8024 8229 7719 8882 8350 8859 9123 8368 8303 8228 8454 8200 8321 7995 7874 8580 8431 8075 8253 8661 8570 8575 8411 8240 8662 7960 8653 7983 7628 8708 7999 8193 8373 7841 8020 7842 7972 8731 8598 8447 8528 8362 8836 8294 8976 8663 8708 8544 8665 8936 7672 8362 8340 8612 8527 8048 8409 8888 8640 8012 8124 8769 8227 8573 8516 8555 8712 8592 8426 8286 8620 8487 8431 8661 9038 8359 7697 7872 8129 8598 8496 8569 8216 8147 8476 8311 7953 8306 8519 8308 9099 8669 8558 8112 8939 9287 8356 8434 8392 8253 8433 8304 8594 8954 8860 9226 8196 8050 8393 8111 8519 8468 8604 8636 8605 8668 8655 7615 8713 8819 8384 8451 8204 8584 8418 8233 8438 8408 8802 8793 7935 8535 8164 8722 8342 8238 8707 8931 8999 8285 8313 8573 7754 8883 8159 8301 8227 8688 8453 8650 8776 8833 8695 9240 8395 8331 7948 7910 8429 8698 8103 8701 8519 8633 8328 8432 8792 8114 8773 8781 8185 7721 8288 8343 8380 8861 8463 8720 7869 8860 8801 8420 8370 8861 8390 8075 8603 8351 8027 8457 8691 8642 8311 8385 8852 8533 9082 8174 8389 8797 8197 8287 8418 8498 8014 8331 8135 8974 9047 8658 8588 8400 8635 8400 9120 8219 8593 8296 8822 8002 8712 8623 8644 8851 8652 8024 8342 8662 8085 8262 
7693 7985 7971 8263 8300 7946 8764 7913 8474 8218 8625 8001 8030 7504 8007 8309 7887 8778 8266 8087 8286 8119 7935 8088 8224 8289 8186 7798 8311 8315 7570 8055 7989 8451 8003 8522 8526 8235 8638 8039 8602 8618 8216 8157 7825 8734 8607 7876 7826 8894 8245 8252 8131 8350 7866 8306 7766 8180 8306 8502 8435 8747 8098 8212 7634 8402 8712 8065 8627 8486 8205 8292 8238 8034 8240 8084 7818 8289 8297 8047 8745 8274 8170 8436 7659 8149 8000 8322 8615 8777 7557 7647 8014 8510 8837 7885 7702 8418 8585 8049 7907 8135 8749 8347 8186 8013 7975 7502 8296 8410 8334 8499 8080 8024 8056 8431 7883 8284 8394 7995 8312 8586 7985 8421 8261 7616 8730 8123 7990 8311 8303 8402 7591 7653 8204 8307 7703 8397 8280 8291 8250 7999 8136 8288 8169 8268 8232 8123 7790 8002 7970 7935 7915 7909 7537 8528 8362 8418 7420 8507 7963 8269 8341 8093 8391 8239 7426 7818 8381 7856 7778 8026 7565 8214 7892 8595 8344 8414 8055 8346 8065 7869 8270 8068 7695 8294 8215 7910 7803 8071 8487 8416 8222 8127 8661 7709 8265 7750 7841 8321 8217 7763 8012 7241 7957 7435 7468 8300 8169 8009 8099 8258 8709 7905 8904 8283 8218 8567 8657 8867 7275 8128 8081 8449 8372 7652 8202 8778 7991 7547 7994 8460 8331 8264 7831 8000 8385 8795 8229 8309 8219 8113 8161 8585 8297 7945 7562 7964 7485 8568 8392 8429 7645 7994 8237 8104 7813 7604 8175 8091 8652 8279 8634 7849 8667 9018 8077 8144 8333 7823 8133 8383 8153 8543 8110 8957 7929 7664 8021 7852 8613 8265 8204 8246 8267 7998 8306 7538 8553 8369 8309 7934 7921 8311 8499 7685 8305 8110 8379 8324 7986 8084 8028 8243 8383 7984 8437 8511 8312 8073 8234 8540 7711 8456 8271 7956 8065 8092 8349 8115 8415 8590 8150 8963 8546 8064 7963 7612 8186 8238 7881 8609 8375 8246 8291 8196 8254 8262 8349 8366 7778 8156 8406 8150 7748 8696 8025 8700 7813 8426 8601 7958 7862 8866 8290 8068 8020 8086 8118 8363 8488 8327 8396 8034 8724 7842 8878 7887 8125 8614 7724 7999 8414 8172 7689 8007 7659 8228 8511 8378 8314 8111 8559 8313 9055 7945 8295 8274 8575 8128 8506 8506 8551 8449 8587 7866 7970 8191 7776 8255 
7849 8146 7735 8100 8118 8265 8335 7407 8417 8275 8284 8073 8161 7757 7783 8113 7744 8541 8223 8091 8104 7955 7624 7896 7975 8135 7794 7952 8047 8066 7676 7987 7888 8127 7886 8009 8322 8098 8252 8114 8496 8398 7796 8359 7926 8882 8497 7623 7683 8526 8308 7924 8069 7867 7757 8335 8043 8295 8027 8581 7996 8223 7895 7864 7795 8324 8433 8221 8189 8262 7829 7849 8313 7974 8058 8456 7574 8381 7996 8129 8535 8058 8015 8337 7580 7982 7781 8263 8259 8755 7758 7502 7891 8341 8593 7773 7282 8131 8429 8176 8071 8273 8542 8199 8226 7962 7859 7753 8256 8327 8240 8221 8190 7671 7953 8405 7853 7902 8272 7836 8283 8410 8310 8485 8488 7683 8608 7925 8130 8531 7908 8013 7507 7642 8130 8500 7683 8072 8288 8104 8092 7930 8244 8289 8152 7983 8249 7871 7782 7705 8043 7838 7955 8227 7521 8286 8243 7910 7553 8144 7911 8028 8147 8383 8269 7918 7408 7509 8118 7707 7538 8076 7782 8249 7999 8698 8336 8423 8302 8121 8085 7937 7863 7694 7494 8155 8117 8162 8065 8163 8362 8412 8125 7953 8781 7404 8414 7386 7524 8294 8079 7866 7903 7380 7748 7239 7391 8240 8283 7725 8305 8103 8561 7953 8637 7935 8256 8283 8167 8518 7612 8083 8293 8275 8068 7951 8039 8571 8328 7793 7888 8719 8352 8844 8088 7873 7949 8295 8036 7925 8363 7889 8039 8686 8613 8135 7583 7806 7561 8397 8114 8091 7637 7905 8025 8085 7600 8049 8339 8162 8287 8482 8089 7956 8774 9093 8247 7768 8204 7638 7924 8160 8658 8357 8017 8401 7881 7712 7834 7575 8237 8349 8180 8127 8179 8143 7990 7360 8095 7986 7912 8022 7843 7981 8101 7794 8286 8062 8311 7865 7303 8090 8210 8284 8186 8018 7974 8589 8226 8260 8221 8539 7604 8467 8094 7939 7825 8205 8179 8552 8315 7942 8278 8773 7994 8096 7757 7487 7861 7898 7730 8211 8144 8116 8350 8122 8317 8550 8254 8488 7776 7796 8080 8317 7685 8355 8187 8550 7519 8649 8502 7742 7949 8372 8364 7806 8157 7948 7804 8529 8092 8187 8083 8399 8241 7744 8558 7996 8165 8370 8189 7804 8171 8079 7783 7859 7471 8460 8394 8260 8307 7734 8461 8198 8949 8262 8196 7862 8482 7636 8252 8319 8010 8223 8180 7880 8029 8049 7800 8656 
7783 7975 7723 7664 7989 8036 8396 7371 7955 7785 8437 7865 7940 7934 7459 7884 7784 8807 8105 7817 8197 8126 7912 7820 8047 7961 7816 7908 7642 8349 7630 7802 7735 8495 7578 8052 8528 7842 8697 8115 8539 7968 8045 7834 7886 8549 8397 7538 7735 8246 8085 8314 8157 7993 7577 7669 7706 8100 8050 8311 7853 8148 8020 8379 7726 8321 8508 7966 7987 7638 7675 7851 8125 7751 7742 7621 7311 8009 8395 7960 8698 8015 8204 8231 7704 8243 7957 8358 8178 8541 7733 7484 8112 7911 8346 7680 7517 8021 8239 7853 7856 8051 8552 8071 8134 8150 8000 7699 7994 8100 8335 8221 7920 7809 7723 8604 7809 7662 8395 7756 7741 8329 7844 7950 8037 7678 8497 7684 7850 8113 7765 8381 7680 7331 8505 8428 7711 8363 8183 8044 7816 7844 7934 8463 7806 7863 8223 7864 7141 7587 8039 8022 7740 7969 7700 8116 8126 7960 7199 8304 8055 8159 8114 8128 8046 8114 7466 7652 7953 7683 7574 7920 7375 8287 7893 8572 8583 8112 7944 7951 8056 7939 8236 7579 7418 7830 8224 7834 7683 8184 8256 8235 8093 7908 8282 7702 7869 7276 7329 8228 7907 7616 7961 7304 7766 7323 7683 7872 8170 8089 8038 8367 8396 8119 8162 8223 8311 8494 8338 8500 7563 8125 8197 8121 8001 7706 7810 8414 8475 7781 7631 8214 7939 8293 7928 8110 8326 8141 7750 7950 8177 8006 7843 8158 8229 7936 7603 7781 7796 8233 8102 8059 7919 8034 7925 7884 7531 7809 8019 8172 8639 8498 8352 8062 8616 8715 7970 8186 7764 7863 8158 8050 8288 8161 8276 8429 7766 7825 7737 7860 8260 8257 8154 8345 8117 8055 8296 7478 8131 8486 7731 7740 7624 7776 8113 7879 8125 8045 8314 8145 7841 8197 8128 8072 7864 7931 8044 8209 8148 8036 8104 7888 7877 8242 7924 7849 7688 7810 7973 8064 8240 8126 7906 8551 7487 7852 7698 7662 7957 7790 7750 8097 8512 7483 7808 7964 8088 8102 8078 8335 7615 7705 8204 8402 7988 8509 7914 8446 7574 8410 8257 8108 8185 8349 8166 8027 8027 7850 7923 8364 8633 8086 8256 8077 8186 7907 8482 7780 7917 8001 8009 7889 8472 7975 7557 7726 7467 8447 8329 8151 8336 7471 8522 8215 8814 7960 8079 8142 8371 8105 8061 7997 8055 7928 8083 7700 8261 8012 7613 8225 
8132 8097 7859 8043 7977 8017 8217 7377 8020 8318 8701 8345 8263 7556 8342 8160 7697 8935 8504 8476 8104 7992 7864 8093 8090 8188 7988 7973 8009 8159 7968 7960 8027 8752 7999 8350 8551 8241 8492 7618 8926 8711 7997 8223 7977 9077 8724 7897 7998 8264 7922 8352 8435 7906 8028 8461 7311 8172 8559 8386 8512 8369 7768 8012 8164 8523 8527 7896 8303 8389 8091 7912 8138 8214 8440 7757 7535 7812 8365 8048 8694 8356 8499 8595 7877 8093 8241 8465 8357 8648 7920 7648 8543 8297 8428 7924 7807 8688 8536 7828 8414 8105 8355 8354 8310 7884 7797 8003 8345 8112 8109 8111 8358 8098 8164 8683 8021 7789 8271 8175 7963 8172 8048 8236 8387 7730 9059 7965 8112 8529 8288 8349 7935 7564 8249 8606 7598 8206 8158 8199 8245 8189 8223 8383 8257 8080 8478 8148 7703 7526 7997 8419 8288 7851 8088 7887 8390 8158 7598 8563 7869 8262 8516 8280 8364 8226 7283 7925 8141 7912 7679 8292 7748 8450 8449 8644 8417 8380 7983 8207 8123 7733 7975 8110 7615 8164 8356 7768 7824 8193 8502 8372 8195 8155 8608 7893 8141 7741 7633 8471 8196 7706 8359 7443 8290 7402 7952 8182 8065 8228 8227 8220 8641 7910 8797 8168 8472 8451 8341 8683 7838 8063 8360 8275 8346 8223 8290 8690 8597 8230 7944 8522 8461 8719 8304 8013 8270 8554 8106 7904 8401 8027 7988 8691 8505 8436 8116 7666 7926 8418 8239 8277 7830 8042 8094 7860 7577 7744 8277 7930 8535 8399 8229 8230 8604 9035 8137 7860 7894 8103 8144 8004 8477 8362 8637 8648 7934 8068 8039 7779 8656 8432 8186 8368 8300 8247 8479 7556 8429 8718 8227 8247 7583 8080 8383 7958 8417 8299 8591 8155 7819 8181 8424 8260 8279 7812 8400 8523 8652 8502 8084 8085 7874 8587 8227 7796 7744 8319 8241 8371 8419 8193 8193 9063 8185 8207 7994 7832 8064 8458 7852 8526 8355 8508 8391 8236 8498 8269 8247 8468 8129 7996 8392 8103 7891 8570 8365 8659 7559 8807 8665 7877 7940 8653 8153 8282 8312 8137 7689 8387 8570 8486 8232 8188 8469 7821 8715 8147 8431 8228 8062 7912 8379 8548 8183 8126 7701 8523 8388 7910 8202 8073 8307 8321 9058 8157 8010 7809 8616 8403 8417 8221 8111 8644 8298 7687 7983 7834 8522 8404 
7794 7964 7959 8329 8086 8646 8985 7549 8383 8290 8825 8405 7990 7809 7957 7957 8210 9110 8628 8041 8181 7906 8067 8077 8005 8129 7831 7941 8622 8407 7721 7956 7968 8613 8059 8511 8542 8411 8818 7990 8673 8410 7992 8256 8017 9071 8963 7813 8121 8568 8310 8400 8322 8009 7803 8353 8055 8506 8367 8604 8348 8434 7917 8093 7988 8166 8777 7661 8399 8541 8286 8029 8608 8186 8420 8253 7485 8048 8568 8406 8456 8318 8163 8969 7727 8123 8412 8355 8346 8716 7740 7793 8346 8321 8931 7917 7663 8618 8485 8087 8223 8131 8864 8464 8353 8081 8138 7732 8340 8120 8403 8480 8055 8122 7829 8955 8065 8065 8400 7999 7977 8490 8100 8290 8290 7888 8565 8424 8439 8684 7869 8664 7571 7518 8772 8436 8132 8453 8425 8151 8350 7885 8503 8641 7970 8013 8380 8381 7552 7800 8253 7793 8061 8001 7576 8251 8465 8322 7677 8536 8206 8642 8601 8496 8632 8341 7591 8082 7952 7576 7405 8133 7599 8325 7949 8777 8775 8250 7843 8216 8214 8202 7956 8007 7987 8489 8322 8216 7599 8415 8687 8371 8415 8170 8640 7671 8048 7974 7699 8539 8249 8004 8279 7558 8139 7456 7808 8135 8332 8240 8522 8356 8774 7956 8681 8273 8327 8007 8428 8752 7670 8301 8146 8118 8315 8083 8208 8791 8341 8147 8138 8634 8470 8578 8161 8109 8589 8451 8230 8637 8456 8051 7799 8561 8538 7982 8015 7916 7602 8593 8020 8461 8007 8161 8421 8140 7980 7942 8103 8231 8694 8351 8019 7950 8449 9167 8151 8094 7972 8324 8427 8024 8122 8534 8562 8836 8134 8105 8232 7606 8487 8336 8299 8148 8290 8308 7953 7579 8511 8654 7872 8136 8194 8027 8501 8012 8331 8122 8640 8283 8089 8060 8530 8407 8299 8163 8515 8547 8208 8677 8080 8326 7803 8755 8414 7863 7907 8214 8719 8318 8626 8596 8256 8761 8060 7882 8097 7551 8257 8377 7952 8542 8382 8172 7999 8356 8083 8310 8556 8584 8022 7966 8216 8190 7870 8277 8320 8522 7905 8437 8315 7893 8108 8594 8107 8247 8742 8296 7916 8448 8686 8369 8312 8043 8601 8242 8808 8201 8559 8430 8021 7961 8493 8132 7483 8251 7809 8546 8648 8269 8194 8021 8612 8357 8725 8194 8464 8162 8572 8156 8698 8385 8431 8316 8022 7796 7704 8130 8095 8519 
7746 8101 7540 7984 8106 8137 8505 7847 8392 8054 8461 8089 8015 7285 7826 7952 7705 8431 8361 8245 7920 8230 7965 8022 8399 8120 8093 7781 8034 8231 7592 8001 7508 8644 7642 8388 8386 8034 8470 7977 8693 8225 7758 8406 8011 8698 8645 7547 7757 8290 7788 8061 8225 8249 7736 8445 7929 8161 8521 8556 8326 8300 7899 7942 7523 7874 8726 7954 8189 8262 7839 7670 8420 7779 8295 7849 7125 8185 8346 8129 8496 8117 7980 8258 7810 8031 7547 8069 8525 8653 7716 7731 7964 8235 8564 7569 7376 8256 7954 7922 7838 8237 8487 8222 8296 7906 7799 7902 8235 8373 7978 8253 7891 7922 8083 8564 7749 7952 8387 7845 7853 8426 7936 8055 7955 7590 8634 8041 8200 8408 7996 8211 7533 7188 8206 8198 7838 8366 7836 8318 7995 7598 8324 8132 8073 7865 8411 7770 7483 7488 8112 7979 7978 7658 7710 8410 8250 8140 7595 8031 7626 8421 8046 8230 8289 7505 7268 7561 7745 7726 7771 7838 7429 8170 8108 8414 8849 8198 8077 8105 7831 7938 7647 7911 7315 8148 8043 7827 7850 8277 8502 8303 8128 7803 8661 7683 8267 7554 7556 8240 8162 7798 7782 7579 7958 7348 7726 8162 8227 8160 8101 8251 8616 7623 8403 8344 8672 8117 8497 8673 7862 7976 8085 8154 8328 7702 7899 8817 8436 7572 7720 8535 8133 8115 8290 7713 8426 8399 7964 8322 8404 7894 7996 8538 8872 8234 7518 7856 7733 8364 8258 7950 7701 7827 7967 7950 7879 7739 8453 8117 8700 8459 8055 8077 8559 8839 7888 7672 8020 7764 7910 7973 8146 8277 8114 8553 7952 7807 8235 7822 8267 8287 8354 8178 8314 8034 8283 7409 8563 8322 7876 7931 7742 7872 8165 7779 8125 8050 8542 8011 7477 8166 8002 8143 8255 7842 8440 8264 8352 8115 8256 8244 7644 8505 8168 7862 8208 8091 8168 8203 8107 8104 8285 8774 8152 8020 7558 7720 8016 8445 7553 8528 7927 8312 8024 8234 8023 7957 8312 8230 7804 7808 8165 8166 8207 8452 8092 8159 7517 8531 7965 7800 8118 8671 8254 7830 7914 7770 8051 8166 8413 8299 8150 8002 8193 8056 8537 7901 8230 8159 7869 7783 8028 8252 7885 7613 7479 8180 8284 8200 8162 7892 8709 8223 8777 8060 8181 7667 8193 7775 8551 8234 8431 8342 8476 7739 7835 7989 8021 8113 
7786 7724 7784 7887 7789 7922 8474 7695 8297 7935 8235 8018 7538 7545 7704 8125 7951 8143 8186 8179 8079 7861 7359 7773 8067 7862 7522 7128 7585 7896 7676 7576 7464 7805 7687 8035 8126 8061 8137 7880 8590 8326 7734 7904 7704 8545 8197 7659 7586 8032 7885 7937 7890 7748 7549 7974 8046 8453 8260 8313 8309 8192 7776 7718 7812 8184 8421 8034 8237 7933 7939 7912 7882 7913 8027 7979 7472 7986 8006 8083 8378 7680 7901 8229 7128 7777 7828 8167 8196 8566 7192 7585 7975 8280 8492 7634 7243 8096 8038 7933 7925 8020 8292 7819 8176 7868 7471 7300 8000 8012 8343 8120 7838 7858 7740 8835 7565 8075 8107 7415 7821 8131 7906 7903 7921 7766 8137 7981 8185 8316 8157 8044 7697 7291 8475 8112 7586 8103 8015 8029 8376 7551 8118 7893 7972 7958 8322 7933 7380 7638 7818 7754 7807 8010 7618 7901 8139 8031 7115 7819 7781 8523 7793 8256 8168 7730 7152 7596 7657 7532 7461 7532 7145 8166 7800 8009 8056 8129 7829 7853 7694 7664 7974 7647 7390 7859 8150 7885 7482 8092 8057 8250 8200 7604 8424 7401 7849 7377 7337 8106 8093 7905 7871 7435 7904 6998 7384 7853 8063 7918 8083 8135 8483 7906 8289 8005 8011 8140 7878 8281 7407 7657 7931 8286 8263 7827 7795 8421 8008 7686 7952 8745 8009 8189 7941 7665 8132 8095 7618 7802 8130 7996 7940 8538 8344 7852 7613 7221 7612 8375 8008 7856 7650 7843 7749 7994 7584 7683 7896 8044 8315 8324 8029 7915 8294 8630 8141 7777 7933 8031 7938 7800 8112 8063 8010 8578 7354 7556 7988 7328 8229 8002 8196 8056 7903 8039 7743 7081 8291 8097 7360 8076 7767 7877 7883 7956 7967 7970 8224 8057 7519 8115 8162 8175 7963 7724 8183 8011 8043 7916 7893 7769 7456 8555 7876 7687 8066 7844 7922 8085 7873 8096 8204 8666 8039 7693 8010 7292 7844 7899 7766 7865 7903 7815 8061 8077 7973 8010 8056 8491 7642 7631 8265 8024 7467 8440 8008 8129 7351 8250 8364 7468 7756 8500 7766 7607 8267 7529 7668 8255 8439 8270 8139 8174 8173 7987 8534 7844 7708 7949 7900 7577 8056 7897 7610 7826 7623 7979 8270 8088 8161 7892 8462 8141 8822 7631 8102 7581 8392 7862 8249 8215 7988 8058 8134 7663 7687 7839 7628 8332 
7319 7352 7502 7117 7731 7293 8015 7116 7689 7844 8021 7864 7721 7543 7450 7699 7324 8535 7720 7575 7715 7789 7840 7673 7827 7759 7638 7765 7558 7880 7232 7395 7557 8088 7364 7876 7820 7671 8094 7171 7920 7949 7681 7682 7507 8559 7870 7581 7626 8025 7435 7745 8039 7648 7415 7996 6937 7777 7839 7849 7809 7976 7557 7519 7463 7801 7771 7592 7879 7424 7422 7268 7726 7574 7803 7550 7432 7411 7859 7623 8252 7808 7697 8325 7341 7904 7586 7703 7874 8229 6987 7233 7738 7678 8129 7711 7166 7678 7866 7845 7535 7479 7892 7784 7590 7491 7385 7142 7351 7687 7272 7790 7526 7408 7287 8198 7464 7369 7913 7610 7442 7839 7817 7634 7836 7405 8264 7662 7716 8066 7523 7879 7094 7011 7778 7983 7408 7751 7534 7933 7951 7747 7677 7997 7731 7721 7906 7691 7474 7151 7665 7731 7486 7475 7571 7783 8004 7962 7098 7736 7524 7988 7891 8363 7755 7244 6823 7162 7684 7314 7321 7343 7108 8048 7464 8155 8098 8020 7753 8086 7606 7831 7403 7847 7179 7868 8055 7375 7467 7913 7699 8012 7857 7789 8388 7736 7550 7322 7000 7545 7480 7539 7624 7060 7490 7096 7180 7860 7770 7470 7982 7787 7963 7297 8241 7820 7974 8030 7735 8384 7423 7674 7732 7663 7953 7560 7481 7978 7892 7280 7782 7851 7879 7614 7718 7446 8041 8337 7599 7573 7966 7772 7233 7960 7997 7425 7744 7546 7534 7739 7698 7724 7536 7329 7646 7664 7412 7473 7709 7638 8184 8091 7909 7870 8155 8283 7583 7805 7105 7657 7501 7791 7621 7868 7858 8301 7053 7380 7368 7059 8291 7661 7822 7657 7458 7700 7705 6949 7720 8115 7502 7546 7197 7571 7670 7297 7517 7803 8198 7421 7527 7620 7866 7626 7861 7487 7695 8062 8114 7994 7655 7599 7476 7974 7574 7362 7469 7467 7784 7932 8052 7628 7810 8539 7772 7921 7421 7374 7457 7780 7215 7709 7847 7671 7396 7566 8073 7662 7849 8132 7133 7381 7572 7441 7808 7998 7754 7948 7284 7815 8065 7264 7537 7997 7871 7619 7701 7665 7554 7767 7992 7839 7719 7576 7658 7682 8027 7846 7729 7982 7609 7434 7517 7653 7353 7350 7216 7948 7921 7525 7422 7825 8071 7527 8412 7755 7651 7586 8004 7648 7786 7962 7799 8003 8108 7379 7450 7366 7876 7872 
7969 8155 7780 8026 8223 8139 8750 7835 8539 8060 8698 7854 8009 7584 7897 8017 7869 8680 8504 7982 8341 7831 8193 8096 8312 8246 8290 8131 8328 8127 8090 7757 7914 8617 7856 8173 8609 8146 8689 7969 8102 8460 7962 8088 8260 8603 9240 7894 8007 8254 7817 8060 8154 8106 8091 8448 7804 8525 8143 8638 8047 8545 8154 8303 7829 8456 8729 7945 8497 8178 8017 8200 8090 7882 8188 8270 7162 8390 8469 8294 8765 8072 8261 8690 8014 8350 8086 8509 8643 8863 7605 7693 8540 8654 8577 7801 7274 8505 8447 8083 8125 8143 8616 8147 7945 8201 8057 8012 8254 8443 8013 8437 8272 8166 7852 8452 8018 8050 8350 8147 8302 8730 8087 8233 8216 7962 8777 8216 8572 8408 8041 8410 7776 7676 8303 8341 7895 8317 8564 8113 8261 7935 8169 8244 8104 8125 8284 8174 7495 7910 8243 8168 7851 7968 7711 8164 8490 8337 7815 8457 8203 8749 8620 8546 7956 8096 7371 7599 8198 7898 7328 7971 7372 8490 8006 8638 8645 8265 8056 8083 8000 8185 7833 8009 7743 8406 8184 7989 7750 8458 8377 8445 8554 8230 8663 7802 8239 7705 7485 8287 8245 8163 7998 7623 8104 7309 7562 8456 8442 8478 8251 8305 8779 8328 8314 8068 8597 8401 8397 8609 7950 8269 8211 8354 8357 7963 7993 8570 8531 7716 8148 8491 8367 8685 8243 8434 8490 8923 8052 8335 8690 7923 7937 8718 8781 8474 8180 7862 7717 8824 8475 8210 7940 8546 8034 7942 7679 7909 8344 8001 8621 8494 8325 8267 8425 9136 8271 7824 7838 8202 8225 8378 8063 8280 8591 8835 8067 8276 8530 7873 8385 8234 8237 8305 8398 8253 8400 7302 8577 8738 7879 7888 8019 7952 8243 7922 8282 8339 8886 8107 7944 8372 8649 8273 8300 8068 8094 8578 8577 8656 8133 8522 8114 8390 8034 7995 8199 8482 8662 8625 8854 8281 8670 8985 8603 8268 7744 7773 8207 8243 7825 8435 8527 8440 8095 8171 8142 8306 8217 8412 8012 7831 8279 8224 7900 8323 8496 8523 8115 8677 8293 7940 8406 8908 8014 8288 8351 8088 7880 7842 8249 8416 8316 8371 8434 8008 8914 8359 8019 8619 8012 7920 8085 8556 7485 8001 7811 8694 8379 8327 8128 7976 8652 8195 9108 8538 8427 7775 8419 8198 8570 8390 8485 8466 8500 8232 7764 8147 8197 8194 
7635 8153 7523 7298 8062 7748 8134 7609 8202 7615 8438 7632 8023 7624 7526 7710 7879 8528 7899 7713 7925 7734 7589 8278 8071 7992 7836 7614 7846 7909 7447 7747 7828 8622 7701 7868 8080 7876 8134 7780 8359 8402 8088 7994 7451 8382 8641 7593 7796 8092 7719 8323 7818 7814 7664 8290 7795 7794 8137 8376 8142 8202 7463 7707 7828 7995 8263 7712 8152 8245 8010 7655 7861 7629 7915 7859 7102 7662 7950 7909 8262 8059 8027 8443 7576 8054 8053 8244 8092 8667 7227 7723 7885 8147 8290 7815 7384 8327 8313 7868 7739 8023 8207 8107 8477 7835 7966 7583 8206 8023 8017 7821 7982 7736 7542 8418 7733 7902 8166 7789 7944 8134 7917 8127 7877 7456 8778 7882 7958 8113 7762 8321 7633 7260 8107 8145 7754 8225 7980 7808 7836 7613 8281 8172 7833 7521 8216 7602 7280 7586 8322 8013 7760 7723 7887 7857 8424 8109 7355 8259 7894 8133 8126 8023 8034 8072 7243 7754 7934 7942 7503 7897 7308 8390 8043 8667 8357 8186 7601 7805 7827 7774 7684 7725 7698 7724 8043 7507 7535 8097 8207 8302 8229 7782 8125 7436 7696 7595 7270 8255 7823 7762 7548 7108 7771 7320 7383 7656 8242 8001 8142 7848 8240 7560 8093 8394 8254 8298 7963 8773 7800 7754 7990 8066 7815 7562 7823 8047 8358 7950 7793 8215 7917 8107 7964 7917 8132 7994 8026 8121 7870 8163 8036 8463 8298 7775 7477 7643 7539 8174 8035 7996 7818 7759 7724 7716 7630 7725 7938 7841 8477 8174 7823 7839 8367 8758 7834 8097 7905 8230 8112 7838 7984 8530 8255 8526 7547 7817 8014 7558 8364 7907 8167 8282 7975 8071 8000 7207 8181 8230 7620 7904 7376 8076 7879 7572 8186 7714 8205 8052 7571 7762 7994 8124 8000 7897 8097 8184 7962 8052 7852 7892 7693 8318 8026 7617 7862 8158 8405 7922 8191 7860 8066 8707 7984 8306 7750 7528 8214 7858 7577 8348 8423 8222 8007 8039 7913 7852 7986 8308 7671 7833 7561 7488 7912 8368 8106 8239 7666 8464 8271 7827 7669 8600 8127 7471 8324 7818 7594 7622 8511 8269 8178 7872 8604 8171 8265 7840 7685 8173 7682 7745 8046 7942 7470 7777 7285 8099 8490 8070 8141 7985 8358 8054 8287 8175 7985 7675 8319 7974 8260 8001 8194 8539 7866 7829 7549 7692 7615 8148 
8683 8399 8475 8377 8644 8392 8649 8133 8618 8848 9320 8684 8696 8020 8368 8674 8413 9391 8986 8456 8643 8610 8644 8306 8386 8867 8549 8410 8682 8638 8293 8694 8446 9015 8325 8830 8854 8837 9095 8342 9101 8789 8681 8537 8581 9530 9252 8569 8449 8917 8569 8419 8742 8366 8228 8913 8137 8707 9041 8838 8821 8856 8517 8820 8318 8645 9309 8309 8599 8751 8547 8447 8419 8313 8762 8240 8344 8834 9098 8531 9643 8665 8648 9324 8200 8537 8981 8904 8981 9065 8062 8095 8591 9090 9077 8581 8081 8967 9054 8636 8621 8790 8997 8509 8621 8814 8388 8190 8818 8590 8642 8759 8976 8553 8539 9174 8560 7988 8853 8582 8435 8678 8631 8868 8677 8146 8755 8523 8931 9026 8866 8733 8159 7993 8815 8563 8437 9196 8629 8756 8571 8382 8609 9038 8632 8517 9265 8533 7801 8040 8680 8678 8471 8274 8310 8659 8714 8932 8221 9001 8472 8757 8815 9158 8364 8389 7826 7924 8201 8276 8069 8367 8363 8962 8304 8951 8899 8659 8402 8606 8586 8769 8640 8361 8290 9086 8862 8394 8218 8288 8663 8710 9098 8761 9276 7835 8801 8333 8155 8845 8863 8325 8490 8135 8556 7837 7991 8805 8860 8496 8700 8521 9240 8309 9130 8862 9065 8949 8917 9216 8281 8543 8688 8960 8544 8266 8653 9257 8777 8313 8282 9224 8834 8820 8413 8572 9255 9219 8589 8619 9315 8164 8323 9186 8991 8570 8275 8466 8156 9014 8618 8621 8245 8605 8695 8295 8118 8426 8387 8522 9123 8707 8866 8534 9160 9372 8635 8195 8573 8626 8751 8399 8631 8769 9022 9537 8578 8641 8449 8310 8906 8756 8876 8563 8538 8725 8842 7951 9029 8858 8140 8343 8228 8455 8840 8484 8609 8354 8902 8968 8137 8623 8811 8745 8771 8183 8866 8925 8983 8979 8816 8582 8308 8849 8828 8503 8891 8736 8839 8864 8927 8618 8851 9392 8787 8631 8481 8117 8637 8709 8207 8824 8941 8669 8717 8835 8578 8589 8432 9248 8308 8452 8737 8430 8740 8853 8840 8781 8164 9066 8802 8314 8944 9415 8732 8282 8564 8427 8223 8728 8798 8643 8599 8766 8925 8280 9301 8661 8740 9103 8472 8393 8655 8836 8286 8275 8173 8914 8803 8865 8647 8178 9021 8328 9428 8849 9044 8376 8965 8576 8604 8775 9016 8992 8610 8529 8466 8699 8452 8593 
7977 8314 8151 7955 8200 8431 8341 7672 8362 8378 8822 8582 8028 8093 7921 8589 8176 9014 8342 8686 8515 8195 8053 8161 8404 8346 8437 8013 8597 8618 8037 7989 8427 8621 7792 8460 8708 8279 8468 8048 8638 8658 8176 7890 8156 9066 8910 8073 7989 8400 8716 8410 8296 8013 8090 8513 8077 8526 8619 8466 8431 8658 8155 8368 7826 8589 8827 8452 8522 8860 8378 8273 8737 8027 8480 8080 7923 8438 8461 8401 9226 8442 8076 8717 8026 8312 8188 8407 8607 8910 8085 7804 8259 8384 9073 7880 7692 8642 8679 8409 8306 8460 8669 8280 8331 8492 8362 8010 8602 8413 8324 8537 8395 8192 8347 8790 7992 8519 8474 8394 8311 8825 8514 8440 8561 7738 8695 8415 8171 8624 8194 8588 7820 7858 8575 8467 7834 8739 8332 8168 7909 8204 8252 8316 8325 8197 8583 8155 7704 8031 8384 8605 8049 8067 8156 8445 8689 8268 7402 8794 7858 8799 8353 8306 8385 8518 7589 7723 8450 8209 7665 7860 7614 8509 8495 8914 8665 8617 8242 8428 8556 8187 8185 8441 8036 8684 8632 8228 7757 8506 8627 8497 8238 8220 8791 8001 8570 7771 7713 8619 8168 8365 8075 7654 7836 7591 7765 8416 8667 8175 8340 8186 8657 8252 8930 8984 8715 8727 8436 9189 7955 8251 8334 8436 8770 8149 8612 8389 8641 7963 7854 8817 8290 8766 8456 8333 8669 8705 7877 8383 8549 8128 8271 8596 8781 7827 8124 7932 7647 8454 8623 8092 8014 8274 8135 8288 8143 7899 8241 8484 8923 8368 8383 8363 8875 9087 8160 8600 8114 8276 8426 8460 8570 8304 8725 9047 8096 7937 8444 8221 8621 8300 8841 8531 8432 8282 8408 7591 8806 8719 7958 8209 7839 8193 8373 8198 8344 8244 8621 8533 7876 8364 8688 8380 8453 8100 8490 8423 8474 8356 8233 8641 8064 8605 8136 8043 8217 8691 8460 8376 8667 8448 8651 8891 8342 8143 8154 7937 8294 8317 7981 8621 8318 8282 8504 8399 8607 8613 8198 8964 8124 7898 8197 8394 7929 8769 8552 8464 8092 8415 8572 8068 8068 8864 7971 7969 8351 8110 7855 8327 8336 8400 8407 8385 8287 8414 9068 8110 8440 8784 8297 7931 8368 8264 8125 8119 7868 8728 8730 8329 8288 8140 8780 8147 9099 8344 8858 8187 8660 8232 8530 8215 8421 8896 8476 8081 8303 8495 8177 8518 
7448 7764 7033 7414 7806 7704 7895 7351 7976 7464 8079 8013 7490 7129 7712 7404 7260 8179 7927 7772 7442 7477 7511 7395 7651 7698 7042 7185 7329 7634 7302 7405 7376 7984 7461 7427 7963 7561 7948 7459 7959 7814 7526 7778 7159 8339 7891 7402 6969 7855 7777 7649 7979 7789 7580 7794 7462 7775 7587 7729 7705 7928 7382 7655 7513 7740 8062 7656 8062 7709 7635 7090 7867 7309 7847 7334 7019 7345 7895 7610 8299 7435 7537 8003 7028 7745 7577 7822 7967 8149 7122 7438 7692 7608 7945 7469 7105 8016 8027 7432 7797 7611 7950 7974 7774 7432 7476 7206 7515 7657 7830 7742 7420 7589 7490 8036 7617 7667 7905 7113 7433 8154 7660 7545 7704 7426 8041 7546 7707 7701 7624 7913 7486 7065 7979 7914 7267 7827 7669 7622 7696 7672 7859 7833 7459 7366 7954 7419 7313 7376 7401 7491 7255 7344 7034 7537 7681 7726 7106 7835 7494 7830 7890 8004 7798 7613 6934 7451 7723 7098 7268 7477 7293 7578 7668 7788 8044 7877 7430 7461 7436 7674 7548 7461 7117 7831 7463 7632 7261 7884 7888 7863 7733 7772 8147 7206 7811 7361 6924 7623 7343 7298 7692 7005 7658 6797 7178 7686 7466 7636 7675 7533 7939 7372 7936 7534 8024 7986 7849 7671 7373 7692 7921 7648 7852 7309 7406 7781 8177 7153 7636 8155 7858 7998 7583 7580 7640 7757 7591 7480 7890 7506 7649 8195 8167 7389 7135 7382 7248 8087 7574 7636 7413 7590 7444 7293 7568 7126 7807 7581 7959 7827 7571 7717 8166 8237 7817 7296 7741 7416 7739 7595 7717 7885 7643 8098 7327 7106 7896 7202 7837 7856 8102 7852 7931 7735 7455 7005 8007 8019 7259 7478 7645 7540 7501 7181 7847 7673 7815 7649 7169 7760 7801 7720 7819 7571 7658 8028 7964 7546 7555 7713 7414 7798 7775 7346 7893 7901 7724 7814 7895 7917 7643 8225 7785 7458 7455 7005 7441 7523 7408 7624 7635 7714 7478 7624 7770 7728 7722 7878 7161 7307 7505 7731 7432 8022 7585 8013 7343 7948 7958 7520 7481 8557 7610 7764 7594 7277 7472 8015 7983 7892 8030 7665 7542 7500 8221 7597 7384 7855 7254 7499 7300 7698 7316 7483 7171 7811 7835 7451 7726 7522 8054 7696 8314 7528 7649 7463 7774 7668 7859 7461 7761 7879 8065 7563 7573 7778 7387 7803 
8010 8466 7945 8065 8600 8290 8510 7949 8556 8453 8403 8378 7905 7844 8237 8288 8546 8772 8256 8477 8509 8524 8180 8252 8163 8571 8064 8230 8293 8327 8099 7898 8077 9000 8021 8447 8531 8744 8543 8244 8923 8404 8128 8567 8178 8903 8783 7807 8148 8417 8307 8335 8444 8678 8082 8562 8362 8289 8353 8759 8531 8660 8297 8377 7984 8388 8829 8362 8661 8509 8346 7435 8707 8039 8723 8020 7736 8564 8538 8329 9186 8056 8310 8934 7792 8484 8369 8626 9027 9064 7922 7863 8398 8549 8997 7969 7750 8762 8732 8232 8208 8623 8839 8591 8478 8354 8109 8263 8419 8429 8311 8421 8510 8188 7978 9073 8265 8084 8836 8142 8104 8670 8560 8327 8435 8030 8784 8311 8021 8462 8065 8739 7988 7610 8803 8708 7757 8340 8511 8420 8372 7927 8483 8532 8385 8145 8672 8284 7848 7974 8075 8438 7945 8070 8154 8508 8444 8549 7760 8589 8095 8450 8583 8954 8634 7882 7760 7707 8302 7900 7839 8251 7893 8454 8253 8440 8754 8744 8039 8388 8372 8522 8100 8036 8161 8586 8481 8214 8268 8420 8468 8599 8579 8073 8995 7714 8611 8154 7602 8403 7981 8328 8301 7673 8388 7361 7568 8348 8441 8416 8790 8373 8935 8054 8898 8315 8773 8720 8444 9008 7749 8511 8687 8502 8241 8317 8233 8567 8462 7905 8237 8545 8604 8440 8209 8324 8689 8620 8186 8123 8901 8487 8114 8664 8769 8304 7964 7897 7968 8481 8772 8319 8046 8180 8310 8359 7758 8139 8575 8280 9002 8434 8708 7918 8587 9104 8412 8722 8155 8460 8214 8548 8149 8620 8605 9240 8076 8066 8395 8077 8973 8752 8599 8386 8595 8393 8124 7625 8760 8422 8033 8093 7934 8014 8313 7856 8470 8430 8746 8281 7862 8440 8561 8187 8400 8271 8380 8636 8781 8813 8437 8613 7971 8523 8572 8122 8426 8445 8366 8592 8551 8472 8503 9250 8381 8277 8037 7980 8410 8409 7951 8540 8241 8561 8421 8303 8493 8499 8285 8541 7830 8048 8425 8564 8265 8628 8348 8760 7982 8776 8487 7924 8141 8929 8187 8244 8501 8114 8081 8494 8607 8413 8496 8608 8825 8052 8776 8184 8410 8527 8118 7990 8256 8500 7988 8261 7800 8410 8597 8524 8422 8411 8690 8477 8781 8385 8626 8258 8582 8233 8751 8584 8226 8649 8524 8139 8215 8213 8287 8232 
7856 7500 7416 7943 8080 7752 8328 7609 8124 7988 8414 8082 7998 7539 7914 7706 7550 8194 8184 7935 7921 7741 7596 7876 7671 7840 7708 7725 7908 8105 7679 7670 7510 8373 7884 7877 8176 7484 8231 7693 8228 8372 7718 7739 7668 8381 8614 7512 7493 8137 7843 8165 7799 7721 7638 7950 7895 7957 8300 8106 8488 8069 7630 7842 7710 8213 8187 7765 7976 8059 7527 7745 7878 7655 7986 7669 7700 7763 8148 8114 8603 7739 8079 8157 7369 8190 7926 7993 8371 8817 7401 7389 7887 8120 8308 7879 7509 8045 8329 7775 7956 7921 8255 8220 7965 7446 7596 7416 7982 7997 8209 7972 7948 7587 7790 7822 7295 7722 8176 7730 8094 8346 8161 7887 8411 7812 8451 7843 8065 8261 7739 8050 7597 7257 8155 7752 7490 8133 8066 8032 7968 7585 7912 8027 7453 7810 7983 8156 7203 7564 7725 7648 7770 7400 7559 7789 8189 8039 7167 8408 7619 8241 7985 8307 7911 7967 7279 7661 8072 7775 7565 7782 7214 8098 8022 8476 8281 8094 7461 7942 7880 7822 7561 8078 7547 8097 8117 7412 7452 8012 8097 7910 8046 7983 8517 7535 8041 7545 7492 8041 7626 7529 8055 7235 7629 7023 7296 8062 7578 7810 8229 7902 8233 7651 8403 7881 8066 8389 8041 8260 7202 7832 7905 8051 8144 7661 8092 8239 8089 7509 7555 8408 8166 8138 7942 7708 8243 8398 7515 7763 8045 7947 7416 8195 8401 8044 7926 7486 7500 8288 8042 7894 7504 7897 7788 7693 7592 7493 7704 7774 8135 8173 8336 7543 8151 8713 7978 7886 7810 7848 7867 7510 7934 8080 8051 8423 7819 7764 7932 7451 8224 8369 7878 8110 8007 7935 8228 7211 8215 8116 7864 7840 7707 8103 8094 7597 7687 8030 8316 7876 7388 7773 8019 7757 7919 7672 7887 8362 8459 8181 7701 7876 7609 8439 7669 7838 8030 7932 8168 7980 8091 8105 8074 8506 7690 7839 7787 7811 7734 7630 7475 7883 8197 7927 7988 8397 8190 7956 8145 8397 7444 7477 7789 7776 7452 8344 7917 7883 7616 8529 8053 7718 7791 8487 7700 7864 8165 7484 7803 7884 8253 8236 7703 8145 8270 7780 8448 7758 7819 8200 8082 7463 7806 7885 7612 7434 7703 7980 8027 8020 7907 8004 8139 7801 8780 7819 7663 7697 8309 7893 8143 8131 7995 8365 7884 7929 7566 7735 7619 8255 
7689 7895 7650 7998 7959 8171 8178 7476 8194 7837 8425 8203 7718 7463 7909 7954 7916 8718 8045 7935 7799 7924 7730 7910 7964 8137 7595 7672 7965 7862 7691 7809 7764 8496 8070 8041 8400 8133 8609 7789 8530 8262 7946 7922 7797 8444 8514 7608 7734 8058 8103 7869 8030 7876 7631 8278 7862 8328 7986 8079 8163 8275 7834 7791 7644 8057 8318 8149 8325 8069 8129 7574 8323 7753 7869 7923 7548 7976 8084 7781 8715 7912 8080 8444 7295 7840 8110 7931 8397 8575 7417 7706 8078 7991 8363 7833 7155 8374 8396 7733 7817 8253 8183 8124 8098 7892 7735 7699 8008 7894 8100 8004 8032 7882 7488 8258 7668 7703 8128 7723 7790 8375 8025 7860 8277 7602 8143 7960 8274 8157 7840 8161 7679 7512 8250 8121 7540 8054 8034 7958 8053 7940 8027 7912 8011 7851 8032 7887 7353 7711 7662 8105 7579 7763 7362 8161 8280 7833 7131 8369 8056 8543 8036 8579 8237 7961 7174 7624 8167 7647 7436 7916 7472 8402 8095 8318 8151 8199 7984 8017 8034 7840 8004 7871 7791 7966 8131 7857 7608 8259 8394 8278 8052 7811 8155 7659 8159 7576 7285 8180 7766 7835 8111 7251 7643 7344 7405 8021 8089 7857 8174 8156 8659 7723 8445 7790 8271 7939 8064 8242 7346 7799 8020 8168 8113 7797 8098 8346 8182 8044 7869 8125 8388 8307 8076 7843 7974 8473 7530 7885 8169 7696 8064 8301 8164 7887 7637 7583 7508 8256 7769 8063 7395 7868 8030 7795 7525 7670 7921 7741 8375 7944 8247 7763 8606 9204 8230 8089 7946 7680 7797 7958 7914 8398 8121 8205 7676 7166 8061 7541 8501 8248 8500 8180 8271 7959 8223 7235 8460 8362 7691 7755 7744 7958 7881 8064 8023 8083 8492 8027 7264 7746 8150 8038 8329 7751 8216 8375 8447 8105 8065 7980 7540 8449 8051 7690 7912 8347 8198 7963 8217 8091 8203 8882 7795 8072 7788 7272 7728 7539 7247 8177 7943 7939 8118 8015 8418 8023 7958 8500 7815 7815 8064 7998 7513 8412 8021 8502 7790 8304 8228 7821 7652 8720 7978 8107 8253 7726 7563 8126 8320 8119 8266 8208 8255 7594 8493 8174 7953 8582 8109 7876 8201 8159 7369 7667 7346 8195 8060 8012 8129 7826 8101 8042 8668 8082 8009 7668 8653 8123 8135 8376 8029 8518 8342 7828 7956 7778 7916 8057 
7945 8097 7599 8031 8763 8226 8569 7590 8091 8414 8627 8342 8151 7888 8233 8011 7981 9006 8255 8152 8015 8162 7937 8370 8426 8385 8208 8088 8422 8611 7942 8002 7957 8597 7923 8776 8498 8084 8370 8064 8741 8630 8450 8322 8194 8794 8862 7867 8003 8532 8311 8260 8599 8065 8099 8383 7856 8480 8316 8368 8402 8672 7860 8340 7802 8331 8646 8348 8144 8613 8208 8170 8543 8344 8418 8028 7536 8061 8295 8666 8999 8121 8216 9002 7690 8237 8342 8534 8385 8900 7841 7676 8336 8443 8657 8035 7708 8822 8453 7789 8388 8407 8778 8454 8433 8027 8072 8026 8239 8307 8251 8248 8340 7925 7884 8830 8112 8307 8678 8097 8035 8566 8212 8284 8615 7837 8365 8044 8583 8530 8057 8627 7763 7958 8573 8448 8071 8645 8276 8536 8305 7962 8266 8365 7987 7921 8540 7944 7820 8266 8077 8145 8052 7953 7858 8175 8289 8203 7831 8291 8154 8527 8521 8482 8450 8375 7523 7859 8304 7792 7728 8355 7641 8654 8416 8695 8850 8604 7948 8139 8302 8113 8096 8008 8122 8552 8416 7929 8008 7927 8164 8213 8133 8119 8613 7749 8469 8046 7602 8690 8062 8226 8212 7642 7954 7325 7731 8563 8453 8150 8519 8500 8576 8145 8835 8606 8677 8489 8048 8857 7848 8338 8621 8379 8456 8284 8178 8617 8562 7937 8116 8503 8432 8471 7925 8107 8616 8532 8189 8223 8525 8239 8232 8684 8420 8219 8104 8268 7657 8688 8515 8416 7752 8130 8359 8125 8077 8019 8366 8239 8875 8227 8640 8080 8690 9044 7964 8290 7966 8027 8273 8198 8617 8518 8478 8874 8308 7916 8424 7860 8349 8406 8611 8320 8387 8449 8395 7505 8624 8277 7811 8251 8275 8324 8139 7799 8070 8420 8530 8126 7877 8189 8393 8200 8549 7869 8281 8873 8414 8456 7903 8530 7869 8615 8686 8004 8195 8626 8611 8599 8355 8515 8234 9210 8621 8101 7748 7680 8177 8493 7753 8745 8472 8492 8173 8521 8458 8162 8458 8646 7976 7868 8314 8042 8207 8424 8346 8351 7946 8706 8429 7771 8155 8698 8509 8124 8290 8150 7936 8277 8395 8467 8234 8162 8239 7893 8797 8165 8139 8282 8367 7933 8106 8774 7827 8061 7862 8572 8885 8198 8256 8219 8612 8339 8927 8493 8221 7893 8600 8041 8608 8673 8625 8597 8389 7996 7951 8123 8122 8171 
7962 8143 7588 7526 8278 7963 8272 7353 8118 7977 8219 8506 7924 7638 8021 8198 7947 8835 8439 8151 7941 7864 7910 7966 8138 8318 7767 7997 8018 8128 7573 7804 7982 8557 7753 8441 8518 8169 8469 7555 8659 8379 8064 7766 7704 9075 8670 7803 7969 8287 8111 8258 8449 8096 7891 8418 7595 8176 8170 8404 8370 8373 7955 7859 7787 8509 8451 8087 8088 8140 7836 7656 8133 7902 8200 7983 7312 8339 8643 8144 8770 8043 8186 8567 7824 8139 8066 8290 8486 8613 7600 7692 8034 8393 8366 8030 7408 8119 8403 7711 8200 8281 8524 8062 7977 7931 7935 7969 8123 8247 8061 8203 7917 7654 8065 8611 7795 8151 8388 7906 7998 8052 8252 8034 8123 7865 8685 7856 8157 8438 7999 8376 7592 7591 8358 8013 7716 8282 8006 8147 7977 8002 7817 8053 8170 7697 8354 7742 7280 7470 8215 8168 7902 7791 7882 8184 8397 8278 7558 8565 7572 8233 8211 8313 8315 7961 7338 7991 8078 7729 7684 7853 7412 8545 8121 8753 8482 8080 7874 8314 8221 8271 8086 7840 7966 8073 8158 7948 7546 8047 8341 8262 7964 7871 8227 7668 7821 7525 7525 8447 7644 7801 7662 7414 7974 7387 7495 8109 8368 7871 8058 7906 8614 7540 8758 8165 8450 8728 8494 8339 7671 8125 8094 8016 8284 8091 8066 8248 8325 7771 7849 8348 8118 7914 8184 7949 8627 8503 7956 8020 8297 8026 7741 8452 8305 7979 7397 7545 7572 8370 8175 7962 7646 7812 7930 7818 7759 7706 7882 7873 8704 8421 8168 7912 8299 8749 7994 8163 8141 7855 7744 7698 8253 8360 8150 8568 7847 7758 7767 8018 8347 7955 8453 8067 8112 8242 8216 7214 8201 8683 7784 7900 7719 8219 7997 7905 8081 8114 8409 8259 7945 8187 7823 7794 8279 7778 8201 8548 8440 8100 7940 8172 7620 8849 8072 8068 7940 8143 8265 7951 8291 7967 8560 8619 7922 8025 8015 7280 8001 8180 7631 8121 8131 8282 8052 8087 8268 7912 8220 8302 7947 7804 8316 7924 7908 8259 8008 8403 7755 8551 8273 7980 7850 8700 8027 8356 8051 7984 7413 8198 8364 8168 8119 8056 8023 7984 8758 7992 7945 8325 7921 7738 8037 8034 7679 7459 7481 8369 8379 8077 7909 7907 8305 7805 8597 7971 8429 7878 8539 7746 8305 8091 8260 8622 8159 7715 8278 8118 8065 8296 
8043 7967 8153 8243 8086 7803 8637 7564 8020 8183 8602 7839 7736 7830 7676 7847 7657 9031 8017 8065 8150 8157 7878 7854 8196 8339 8132 8001 8124 8088 7783 7737 7644 8160 8093 8162 8277 8378 8653 7830 8588 8456 8147 7897 7970 8868 8820 7595 7819 8520 8264 8123 7949 8067 8020 8112 7669 8468 8432 8742 8181 8550 7917 8082 7890 8056 8478 8061 8374 8140 7808 8046 8200 7778 8320 7823 7736 8026 8031 8207 8656 8006 7898 8554 7770 8019 8003 8255 8470 8744 7897 7635 8139 8384 8614 7961 7366 8223 8410 8059 8047 8163 8606 8414 8347 8155 7692 7944 8392 8117 8249 8128 8155 7873 7742 8694 7927 7754 8483 7776 7945 8263 8052 8028 8329 7995 8816 7833 7924 8355 7871 8056 7607 7431 8355 8132 7619 8275 8134 8265 8168 7515 8368 8331 7859 7692 8139 8209 7407 7928 8343 7817 7985 7633 7809 8112 8517 8227 7060 8152 8108 8495 8346 8116 8423 8144 7429 7789 8149 7730 7583 7824 7325 8163 8093 8497 8735 8291 7868 8235 7815 7993 7734 7867 7470 8220 8427 7888 7874 8086 8425 8323 8206 7923 8575 7475 8045 7878 7865 8460 8286 7987 8134 7350 7891 7416 7340 8092 8192 7987 8927 8170 8731 7717 8414 7954 8343 8376 8341 8603 7991 8095 8227 8225 8073 7787 8166 8822 8542 7817 7777 8433 8445 8423 8214 7926 8446 8454 7975 7798 8194 8034 7702 8600 8274 8459 7840 8084 7543 8468 8356 8113 7617 7865 7984 7747 7583 7808 8075 7901 8711 8613 8340 8176 8387 9019 8401 8075 7944 7815 7815 8069 8280 8264 8321 8729 8118 7928 8187 7568 8210 8261 7971 8301 8281 8408 8143 7048 8415 8326 7814 7844 7894 7984 7838 7841 8077 8238 8435 8041 7707 7857 8067 8214 8279 7816 8501 8302 8606 8371 8249 8208 7680 8714 8013 8222 8179 8242 8262 8165 8498 8217 8386 9114 7969 8019 7943 7602 7982 7887 7593 8411 8385 8496 7973 8142 8359 7935 8218 8585 7997 8014 8163 8121 7875 8360 7932 8529 7651 8629 8288 7720 8371 8807 8006 8123 8377 7856 7880 8284 8522 8412 8234 8499 8545 7997 8552 8154 7772 8253 7996 7738 8146 8114 7584 8009 7480 8591 8074 8180 8059 8039 8556 8185 9151 8113 7786 8060 8152 8400 8223 8495 8366 8327 8309 7469 7619 8343 7942 8069 
7722 7703 7679 7804 8136 7814 8481 7630 7971 8260 8600 7897 8211 7792 7684 7928 7849 8360 8379 7722 7879 7835 7879 7798 7946 8206 7957 7624 8420 8276 7436 7760 8197 8236 7575 8196 8339 8076 8478 7583 8468 8300 7952 7950 7843 8566 8596 7840 7629 8237 8435 8097 8136 7808 7698 8190 7753 7718 8212 8047 8229 7932 8057 8080 7963 7981 8385 7848 8035 8053 7990 7822 8052 7647 7999 7841 7559 8145 8006 7973 8642 8043 7898 8442 7552 7931 8008 8225 8109 8259 7353 7527 8186 8479 8620 7749 7012 8274 8351 8030 7941 7552 8262 7962 8242 8159 7568 7569 8245 8013 8083 8338 8197 7531 7569 8315 7915 7614 8180 7826 7875 8162 7937 8223 7883 7723 8589 7811 8257 8379 7995 8126 7479 7299 8181 7730 7389 8262 8163 8115 7811 7803 8091 8034 7844 7618 8061 8041 7573 7948 8178 7872 7626 7974 7606 8258 8100 8003 7392 8316 7891 7907 8262 8395 8048 7902 7276 7787 7687 7879 7328 7712 7488 8122 7883 8339 8505 8129 7804 7853 8092 7679 7745 7830 7319 8132 8210 7876 7671 7962 7878 8318 8184 8164 8115 7088 8172 7737 7473 7859 8017 7759 8132 7393 7672 7143 7300 7981 8092 7986 8122 7972 8597 7941 8560 8198 8257 8360 8487 8554 7448 7954 8024 8236 7805 7634 8324 8679 8527 7534 8068 8104 8115 8509 7960 8041 8272 8697 8254 8279 8296 8041 7633 8588 8105 7871 7461 7789 7509 8444 8079 7891 7321 8327 8094 7581 7212 7649 7895 7972 8152 8125 7912 7730 8430 8823 8095 7795 8014 7911 7974 7683 8296 8171 8076 8646 7732 7610 7958 7290 8221 8118 8291 7963 8225 7873 8183 7140 8416 8406 7650 7806 8001 7928 8221 7906 8514 7775 8101 7873 7741 8146 8100 8199 8042 7663 8210 7939 7935 8087 8302 7984 7865 8478 7893 7959 7736 8097 8230 8312 8280 8009 8125 8956 8096 8300 7980 7710 8037 7895 7639 7703 8304 8296 8172 8028 8254 7626 8154 8217 7925 7710 7904 8337 7840 8194 7964 8290 7324 8181 8141 7862 8243 8493 8155 8059 8018 7788 7721 7881 8446 8156 7795 8102 8351 7658 8576 7805 7956 7870 7555 7471 8149 8143 7872 7525 7163 8389 8644 8218 8187 8093 8091 7677 8656 8028 7785 7749 8544 8163 8210 8033 8535 8182 8139 7615 7969 7835 7773 8279 
7191 7102 7143 7466 7452 7771 7940 6774 7996 7693 7628 7469 7518 6943 7100 7417 7210 8135 7220 7457 7438 7337 7135 6980 7290 7578 7224 7103 7555 7300 6958 7528 7198 8041 7410 7513 7625 7361 7591 7198 7811 7580 7423 7569 7465 8152 7899 7435 7160 7641 7546 7178 7616 7361 7405 7626 6980 7609 7565 7776 7743 7274 7183 7305 7189 7462 7669 7357 7691 7747 7154 6980 7451 7123 7519 7415 7054 7533 7686 7526 7949 7306 7380 7920 6739 7513 7584 7503 7663 7745 6771 7119 7287 7783 7784 7363 6682 7903 7647 7328 7389 7605 7846 7698 7621 7169 7243 7154 7580 7196 7093 7131 7781 7464 7418 7401 7222 7167 7795 7377 7455 7882 7503 7350 7552 7130 8045 7634 7649 8177 7373 7736 7175 6746 7578 7646 6949 7449 7653 7528 7203 7191 8040 7233 7131 7331 7702 7541 7061 7225 7552 7507 7473 7116 6883 7343 8079 7567 7015 7663 7466 7282 7476 7499 7529 7382 6789 6858 7242 7202 6984 7223 6976 7837 7250 8050 7652 7563 7000 7198 7349 7437 7408 7238 7270 7625 7409 7078 7172 7391 7637 7576 7558 7324 7820 7021 7388 7273 6921 7622 7335 7351 7483 6951 7425 6639 7249 7580 7741 7432 7463 7281 7825 7039 7969 7375 7526 7660 7069 7964 7358 7404 7657 7414 7454 7325 7571 7611 7767 7046 7266 7901 7504 7838 7443 7272 7765 7961 7144 7263 7859 7535 7233 7896 7397 7269 7303 7078 6972 7670 7165 7376 6971 7419 7480 7211 7140 7119 7351 7374 7781 7524 7678 7398 7886 8288 7655 7327 7513 7330 7719 6986 7575 7519 7662 7739 7426 7352 7578 7166 7866 7640 7868 7583 7564 7236 7660 6862 7764 7818 6969 7348 7207 7487 7693 7125 7284 7287 7832 7334 6819 7247 7426 7673 7394 7653 7312 7678 7762 7872 7357 7361 7389 7701 7414 7327 7505 7561 7642 7479 7968 7750 7676 7850 7218 7750 7073 6931 7572 7577 7199 7444 7553 7575 7430 7475 7575 7444 7361 7836 7411 7163 7211 7688 7536 7807 8105 8042 7042 8016 7680 7291 7280 8268 7706 7239 7732 7306 7507 7811 8008 7442 7620 7374 7508 7234 7915 7354 7365 7893 7174 7095 7190 7415 7479 7559 6805 7572 7715 7300 7506 7423 7908 7274 8014 7324 7677 7164 7736 7419 7849 7853 7564 7796 7541 7343 7460 7237 7382 7482 
7779 8012 7686 7445 8003 7593 8115 7716 8193 7951 8180 7889 8016 7235 7560 7778 7910 8267 8255 7948 7964 8019 7668 8026 7978 7836 7609 7662 7903 7757 7451 7687 7248 7980 7520 8186 8044 7831 8115 7617 8116 7838 7650 8048 7781 8579 8411 7614 8007 8224 7872 8013 8279 7902 8083 8121 7657 8353 8151 8215 8155 8329 7891 7799 7678 7873 8275 7840 8351 7978 7580 7787 8219 7899 8335 7783 7378 7998 8280 8193 8538 7828 8114 8824 7620 7809 7964 8183 8430 8277 7003 7601 7831 8043 8384 8038 7215 8172 7973 7540 7813 8102 8359 8174 7759 8015 7554 7562 8084 8148 7916 8124 8065 7777 7650 8480 7800 7800 8385 7613 7774 8231 8133 8129 8057 7857 8637 8007 8175 8315 7748 8177 7740 7377 8179 8273 7195 8232 7866 7847 8228 7655 8037 8041 7812 7499 8129 7835 7332 7711 7922 8019 8018 7267 7668 7935 8103 8004 7528 7888 7711 8105 8022 7967 8284 7519 7195 7534 7968 7568 7411 7473 7160 8158 7542 8119 8331 7982 7901 7838 8188 7660 7669 7657 7582 8105 7941 7647 7423 7742 7988 8256 8234 7762 8325 7482 7762 7490 7604 8133 7555 8118 7883 7338 7941 7092 7419 7949 7999 7632 8340 8128 8113 7761 8190 8208 8112 8327 8148 8520 7423 8204 7782 8154 7752 8080 7904 8207 7829 7379 7595 8293 7955 7906 8144 8183 8112 8059 7809 8013 8177 7923 7937 8277 8360 8011 7683 7675 7631 8609 8225 7804 7652 7803 8151 7711 7724 7553 7812 7894 8219 8113 8230 8111 8328 8845 7850 8096 7859 7993 7843 7973 8038 8159 8008 8881 7655 7590 7973 7960 8182 8351 8031 7999 8142 8134 8178 7405 8273 8154 7757 7825 7543 7930 7872 7661 7889 7849 8410 7751 7884 7911 7804 7937 8106 7638 7841 8181 8370 8035 7946 7986 7908 8415 7809 7820 7926 8146 8228 7971 8161 8267 8313 8709 8094 7913 7888 7215 7712 8035 7247 8278 7831 8004 8152 7947 7999 7811 8136 8492 7544 7688 7842 7717 7791 8317 8189 8241 7765 8293 8198 7327 7670 8655 8063 7932 7789 7767 7714 7976 8015 8248 8149 7915 8297 7638 8690 7875 7868 8078 7875 7485 8002 8206 7504 7832 7497 8073 8269 8055 7883 8104 8421 7986 8377 7978 8043 7861 8414 7849 8361 8421 8166 8449 7871 8166 7671 7680 7888 8170 
7366 7652 7311 7645 7812 8008 8263 7297 7840 7950 8017 7857 8004 7567 7602 7830 7515 8338 8008 7430 8049 7508 7609 7517 7839 7913 7659 7265 7854 7956 7534 7384 7674 8155 7549 7812 8179 7809 8052 7375 8180 7825 7423 7854 7768 8415 8424 7408 7678 7980 7821 7716 7693 7752 7407 7996 7510 8044 7955 8103 7822 8244 7574 7360 7518 7925 8220 7790 7960 7793 7722 7591 7915 7588 7768 7719 7341 7617 7990 7971 8273 7836 7817 8507 7003 7442 7538 7974 8205 8496 7552 7387 8275 7739 8145 7497 7636 8059 7760 8064 7506 7715 8081 7601 7820 7480 7735 7349 7686 8171 7753 8105 7725 7567 7467 8090 7770 7542 8063 7406 7955 8151 7918 7649 7898 7377 8391 7617 7929 8290 7701 8192 7120 6919 8260 7830 7300 7823 8080 7858 7710 7647 8084 7893 7424 7567 7897 7651 7308 7709 7785 7539 7522 7509 7306 7962 7902 7864 7130 7966 7758 8174 8021 8181 7641 7834 7029 7106 7927 7589 7457 7383 7196 8220 7875 8325 8216 7673 7709 7526 7745 7998 7633 7366 7211 8083 7906 7502 7462 8143 7804 8179 7864 7771 8186 7213 7823 7400 6993 7960 8039 7327 7746 7434 7364 6990 7394 8066 7669 7752 7958 7973 7947 7542 8139 8014 7866 8077 7934 8482 7416 7733 7888 8057 8202 7566 7876 8129 8059 7733 7401 8182 8176 7992 7473 7832 7979 8378 7640 7597 7979 7712 7343 8232 8342 7728 7568 7468 7603 7867 7900 8018 7636 7673 7636 7747 7462 7442 7556 7959 8190 8036 7733 7947 8223 8793 7870 7684 7594 7791 7792 7790 7976 8039 7499 8425 7284 7109 7881 7523 8336 7905 8125 8139 7895 7715 8019 7144 7999 8207 7511 7540 7686 7644 7740 7620 7820 7889 8036 7758 7416 7711 7987 8007 7787 7654 8097 8527 8234 8056 7930 7665 7611 8319 7866 7929 7884 7727 8025 7962 7946 7855 7708 8415 7666 7810 7652 7100 7858 7595 7556 8064 7961 7640 7737 7946 7931 8073 7882 8113 7661 7667 7663 7643 7431 8286 7987 8102 7215 7855 7666 7432 8036 8280 7593 7662 8168 7556 7825 7550 7952 8157 7805 7663 8054 7741 8309 7760 7921 7809 7735 7531 7715 7835 7509 7619 7491 8213 7922 7645 7791 7725 8226 7767 8607 7757 8205 7628 8108 7421 8425 8076 7963 8129 7916 7696 7365 7770 7558 8301 
7283 7956 7801 7778 8147 7840 8400 7446 8200 8071 8464 7811 8190 7614 7945 7740 8051 8702 8188 7800 7878 8035 7840 7903 7945 8011 7751 7604 8142 8116 7580 7718 8146 8493 8207 8318 8512 8333 8387 8061 8550 8143 7674 7931 8161 8598 8544 7829 7881 8114 8193 8193 8276 8077 7558 8005 7932 8209 8098 8333 8400 8281 7905 8189 7638 7950 8578 7833 8316 7961 8028 7609 8265 7923 8442 7866 7509 8080 8063 8137 8677 8179 8142 8551 7638 8043 7845 8039 8291 8727 7601 7605 8202 8162 8449 7623 7374 8507 8310 8136 8218 8259 8175 8085 8250 7911 8009 7675 8185 7662 7869 8172 8412 7827 7711 8218 7942 8319 8474 7965 7898 8244 7997 8070 8080 7847 8123 7988 8415 8486 8090 8230 7950 7502 8475 8366 7608 8548 8120 7985 8115 7654 7922 8279 7976 7729 8049 8004 7432 7857 7858 8350 7721 7984 7199 8284 8417 8222 7373 8254 8086 8289 8192 8464 8354 8125 7552 7827 8083 7703 7494 8057 7588 8227 8049 8305 8569 8033 8110 7969 8147 7937 7707 7682 7751 7827 8226 7860 7494 8196 8376 8259 8478 7966 8494 7587 7861 7762 7631 8287 7890 7843 7909 7892 7839 7221 7570 8363 8231 8140 8605 8352 8497 7717 8571 8163 8526 8488 8129 8793 7641 8028 8031 8238 8064 7424 8433 8565 8454 8096 7913 8352 8074 8566 8019 7995 8369 8433 7896 8351 8415 7896 7640 8562 8671 8294 7762 7618 7558 8396 8140 8310 7640 8047 7713 7905 7905 8008 7908 8257 8394 8060 8422 8001 8374 9221 8052 8055 7761 8032 7675 7725 8094 8419 8072 8756 8032 7658 7973 7982 8507 8238 8282 8337 8318 8308 7967 7114 8379 8422 7773 8040 7961 7940 8113 7715 8177 7888 8552 7913 7416 7952 8489 7880 8147 7730 8304 8238 8522 8295 8103 8234 7878 8485 7956 7924 7978 8165 8435 8077 8463 8258 8166 9010 7802 7974 8080 7539 7997 7928 7571 8118 8342 8250 7998 8025 8265 8054 8107 8592 7660 8067 8476 8178 8080 8369 8195 8229 7682 8445 8292 7504 7942 8699 7792 8070 8590 8058 7657 8446 8433 8014 8069 8177 8392 7771 8696 7965 7933 8162 8130 7901 8233 8223 7733 7864 7749 8279 8207 8105 8017 7884 8421 7901 8824 8122 8101 7846 8238 7838 8347 8246 8023 8365 8297 7871 7616 8251 7890 8258 
8331 8268 7786 8291 8150 8344 8698 8026 8642 8474 9097 8458 8168 7984 8102 8652 7960 9171 8394 8097 8378 8198 8167 8395 8359 8371 8501 8143 8259 8300 7830 8326 8260 8787 8096 8533 8853 8476 8854 8083 8591 8870 8409 8410 8283 9079 8968 7958 7839 8745 8080 8577 8129 8249 8191 8995 8070 8335 8667 8471 8538 8744 8211 8210 8080 8455 8751 8326 8851 8366 7909 8443 8391 8127 8450 8160 7765 8082 8218 8457 8719 8633 8515 8857 7773 8567 8280 8463 8519 8908 7544 7887 8427 8604 8856 8223 7592 8295 8644 8148 8430 8388 8459 8555 8564 7732 8164 8215 8319 8532 8707 8731 8283 8130 8241 8753 7778 8164 8587 8079 8687 8553 8582 8618 8439 8130 9092 8474 8541 8682 8367 8376 7702 7458 8646 8495 7613 8517 8480 8709 8479 8098 8473 8576 8390 8339 8552 7901 7833 8417 8148 8404 8119 8509 7634 8590 8605 8322 7489 8669 8469 8703 8541 8709 8400 8241 7589 7812 8397 8237 7888 8237 7967 8674 8333 8950 8945 8714 8080 8057 8312 8240 8174 8465 7699 8417 8562 7980 8060 8691 8489 8480 8507 8765 8931 7939 8354 7717 8212 8504 8361 8088 8597 7738 8230 7775 8150 8292 8370 8132 8823 8485 9030 8267 8706 8648 8735 8459 8364 9071 8100 8616 8753 8351 8522 8002 8498 8999 8756 8212 7844 9209 8623 8870 8526 8488 8224 8848 8370 8244 8534 8381 8025 8879 8756 8239 7972 7814 7874 8924 8414 8692 7956 8399 8275 8096 7763 8060 8205 8262 9142 8736 8601 8160 9163 9001 8434 7862 8434 8434 8653 8296 8488 8534 8856 9074 8287 8308 8616 8013 8685 8342 8315 8679 8552 8484 8567 7486 8962 8546 8277 8336 8286 8068 9020 7864 8237 8050 8790 8204 8063 8516 8368 8520 8493 8144 8610 8742 8998 8694 8469 8625 8213 8646 8324 7990 8350 8654 8529 8311 8492 8480 8484 9456 8260 8695 8466 7820 8401 8400 8012 8644 8702 8623 8314 8592 8557 8332 8335 8873 8349 8295 8622 8213 8040 9135 8152 8688 7670 8418 8297 8255 8254 9405 8245 8200 8458 8259 8450 8603 9073 8542 8253 8399 8759 8023 9120 8042 8327 8615 8242 8061 8258 8372 7947 8289 7479 8667 8859 8385 8555 8096 9145 8554 9244 8548 8586 8151 8774 8475 8722 8438 8689 8901 8673 8184 8174 8550 7942 8635 
7705 8022 7471 7983 8063 8150 8392 7290 8266 8040 8373 7960 8137 7740 7717 8029 7964 8492 8245 8035 8028 8045 7768 7810 7892 8034 7940 7783 8014 8019 7554 7682 7775 8620 7805 8421 8391 7826 8465 7792 8490 8162 8115 7895 7788 8425 8474 7620 7359 8219 8348 7984 7829 7926 7698 7945 7436 8044 8061 8611 8067 8111 7979 8096 7648 8146 8513 7888 8223 8149 7752 7570 8347 7607 8107 8081 7264 7844 8016 8075 8659 8063 7925 8146 7691 7735 7670 7880 8121 8752 7271 7459 8328 8288 8245 7733 7330 8431 8150 7765 7826 8097 8257 8071 8127 7585 7631 7576 7915 7964 8184 8087 8185 7595 7839 8100 7619 7919 8191 7776 8118 8142 8096 8167 8265 7747 8454 8056 7881 8353 8034 8314 7501 7361 8302 8286 7647 8132 8047 7956 8211 7988 8062 7927 8071 7475 8275 7778 7596 7852 7855 7778 7615 7746 7253 7859 8519 8136 7196 8465 8020 8164 8340 8024 8288 7993 7361 7773 7920 7796 7548 7593 7428 7919 7900 8745 8369 8237 7922 7941 7965 7881 7767 7781 7443 7923 7775 7794 8088 8072 8096 8028 8030 7836 8263 7326 7780 7514 7225 8264 7739 8016 7911 7372 7710 7225 7612 7917 7930 8020 7881 8077 8311 7609 8531 8317 8132 8157 8211 8544 7271 7953 8109 7906 8174 7881 8068 8290 8050 7711 7764 8267 7891 8134 7870 7900 8111 8246 7817 7973 8318 8115 7880 8179 8423 8070 7712 7750 7561 8296 8139 7950 7753 7772 7826 7796 7643 7560 7807 8001 8291 8278 8118 7792 8728 8783 7965 8016 7888 7850 7787 7700 8288 8385 8118 8367 7798 7884 8158 7639 8316 8152 8117 8086 8104 7922 8385 7200 8260 8275 7837 7670 8054 8246 8376 7474 8134 8042 8352 8151 7207 7823 7812 8101 8057 7831 8304 8851 7967 7730 7801 8205 8025 8646 7620 7890 8110 7927 8113 8046 8300 8172 7821 8568 7703 7982 7787 7567 7956 7860 7317 8131 8176 8232 8318 7714 8171 7946 8154 8180 7811 7571 8077 7883 7955 8453 8092 8121 7589 8431 8281 7853 7895 8678 8248 7980 8172 7885 7876 8007 8382 8041 7964 8134 8266 7853 8512 7587 7773 8321 8044 7639 8187 8112 7801 7980 7061 8104 8237 7878 7956 7780 8445 8039 8685 7927 7902 7904 8153 7778 8446 8240 8125 8251 8202 7644 7664 7767 7758 8475 
8464 8797 8302 8747 8838 8918 9255 7818 8827 8699 9176 9139 8555 8307 8868 8900 8477 9427 9114 8616 8824 8450 8475 8584 8894 8724 8543 8455 8961 8713 8441 8383 8731 9177 8995 8674 9034 9031 9153 8323 9251 9145 8752 8959 8394 9310 9425 8477 8561 8731 8916 8840 9158 8602 8274 9355 8442 9094 8818 9024 9207 8929 8498 8644 8562 9195 9541 8595 9005 9024 8455 8413 8800 8355 8609 8794 8165 8938 9057 8764 9588 8676 9029 9313 8271 8965 8605 9045 9285 9454 8270 8179 8813 9024 9441 8481 8148 8792 9004 8652 8849 8660 9400 8859 8797 8440 8415 8445 9164 8777 8612 9004 8667 8360 8341 9104 8417 8558 8609 8383 8778 8881 8924 8892 8873 8263 9333 8695 8851 9394 8454 8935 8147 7848 9041 8949 8462 8824 8265 8891 8917 8397 8860 8702 8770 8335 8954 8345 8583 8265 8581 8792 8644 8479 8440 9132 8961 8707 8141 9084 8852 8843 8879 9133 8714 8686 7992 8070 8490 8404 8426 8721 8294 9083 8906 9037 9153 9141 8627 8381 8679 8204 8360 8411 8449 8841 8900 8297 8424 9086 9278 8960 9108 8913 9499 8286 8887 8320 8131 8744 8678 8525 8810 8301 8474 8220 8186 8745 8983 8764 8816 8495 9156 8605 9483 8919 9141 8916 8746 9583 8221 8795 8797 8717 8870 8333 8782 9293 9299 8503 8729 9269 8975 9256 8541 8862 8889 9256 8536 8819 9321 8324 8443 8853 8860 8534 8576 8464 8527 8935 8876 8628 8527 8771 8337 8582 8412 8357 8857 8930 9549 8945 8948 8832 9177 9475 8933 8858 8601 8772 8592 8828 8751 9040 9003 9489 8523 8202 8840 7990 9058 9055 9134 8981 8862 8632 8561 8190 9307 9100 8969 8365 8511 8752 8995 8504 8850 8657 9180 8741 8092 8710 8962 8783 8779 8614 8896 9258 9054 8910 8693 9080 8486 8889 8932 8493 8580 8815 8950 9082 9065 8867 8816 9570 8702 8673 8300 8358 8680 8672 8371 8974 8778 9068 8619 8915 8728 8400 8902 9185 8538 8780 8543 8797 8622 9044 8967 8957 8167 9217 8895 8376 8458 9244 8964 8562 9329 8376 8693 8786 9328 9195 8723 8886 9071 8591 9341 8802 8761 9259 8890 8316 8699 8477 8671 8485 8284 8682 9129 8805 8637 8815 9161 8856 9359 8561 8790 8377 9294 8505 9000 9051 9101 9106 8478 8702 8592 8508 8352 9086 
8226 8203 8325 8316 8114 8470 8623 7807 8602 8520 8764 8545 8063 8064 7937 8472 7968 9031 8448 8149 8426 8315 8032 8223 8176 8260 7856 7928 8433 8093 8058 7949 8218 8344 8087 8410 8462 8560 8533 8201 8695 8416 8248 8273 8010 9089 8871 8015 8052 8281 8357 8199 8269 8104 7804 8594 7998 8545 8740 8653 8471 8330 8366 8290 8006 8458 9006 8159 8516 8719 8041 7767 8249 8033 8109 8080 7725 8502 8602 8060 8864 8350 8541 8851 8112 8363 8369 8364 8555 8705 7770 7761 8402 8406 8826 8153 7865 8711 8618 7816 8377 8225 8539 8494 8868 7986 8092 7979 8857 8094 8522 8555 8555 8381 8219 8771 8243 8305 8186 8430 8161 8552 8486 8156 8384 7813 9010 8348 8318 8408 8251 8520 8184 7966 8581 8426 8058 8260 8208 8493 7948 7993 8338 8419 8128 8206 8817 8009 7738 7958 8347 7987 7832 8178 7839 8501 8626 8640 7912 8563 8176 8656 8337 8600 8527 8072 7373 7781 8626 7993 7860 8284 7637 8557 8546 8783 8530 8612 8353 8254 8099 8317 8223 8113 7790 8255 8526 7826 8006 8359 8584 8608 8270 8189 8703 8006 8327 7756 7661 8247 8357 7783 8070 7720 7958 7554 7827 8646 8362 8162 8613 8138 8641 7968 9018 7923 8582 8426 8499 8892 7770 8049 8521 8413 8585 7991 8187 8699 8333 7971 8346 8736 8682 8210 8181 8131 8685 8539 7987 8202 8731 8128 8446 8751 8562 8368 7819 7882 7983 8514 8413 8006 8089 8047 8168 8073 7926 7785 8295 8402 9023 8573 8556 8154 8705 8952 8485 8150 8149 8166 8113 8247 8350 8648 8246 8892 7879 8181 8346 7940 8579 8521 8685 8556 8722 8146 8528 7548 8605 8427 7859 8393 8078 7969 8358 8188 8366 8490 8485 8490 7825 8188 8393 8416 8384 8044 8623 8674 8840 8446 7906 8408 7842 8508 8597 7974 8330 8403 8309 8502 8387 8591 8485 8885 8639 8477 8178 7881 8333 8246 7787 8668 8631 8123 8416 8577 8468 8414 7858 8680 7964 8116 8496 8063 8182 8767 8381 8495 7859 8708 8623 8113 8277 8847 8278 8157 8350 7992 8078 8422 8470 8468 8430 8247 8733 8007 8816 8148 8127 8489 8150 8175 8297 8153 7810 8070 7682 8474 8174 8173 8443 8029 8715 8359 9026 8260 8315 8171 8939 8449 8577 8372 8360 8825 8555 8187 8065 8201 8387 8437 
7567 7726 7404 7801 7955 7862 8448 7034 7587 7839 8358 8210 8088 7591 7440 7604 7649 8381 7990 8076 7667 8020 7699 7883 7871 8048 7821 7910 7916 7801 7554 7326 7677 8075 7765 8056 8185 7976 8083 7717 8313 8170 7693 7764 7442 8675 8479 7394 7678 7890 7839 8017 8408 7903 7503 7808 7775 8054 8067 8141 7983 8176 8114 8007 7521 8032 8086 7760 7909 8027 7449 7497 8104 7250 7988 7760 7535 7631 8233 7629 8358 7993 7795 8423 7494 7968 7960 8091 7923 8278 7473 7413 7937 8032 8237 7870 7249 7981 7840 7649 8167 7786 8219 7983 8074 7817 7595 7382 8050 8030 7816 8105 8173 7641 7791 8307 7869 7421 8033 7947 7817 7980 7851 7981 7843 7452 8606 8008 8236 7976 7794 8109 7648 7157 8027 8034 7670 8195 7667 8136 7539 7750 8138 8137 7950 7539 8227 7918 7114 7625 7936 7905 7378 7825 7113 7944 8081 8315 7318 8242 7642 7692 8298 8138 7966 7983 7085 7777 7646 7785 7301 7657 7421 7949 7859 8500 8192 7930 7750 7810 7814 7965 7799 8009 7809 8028 7937 7306 7804 7881 7937 8125 7873 7977 8418 7398 7732 7403 7076 7819 7967 7465 8132 7271 7738 7291 7569 7764 7715 8108 7694 7944 8526 7478 8345 8087 8440 8326 8148 8466 7477 7821 8001 8165 7891 7470 7800 8195 8136 7877 7298 8312 8027 8447 7775 7866 8410 8114 7836 7655 8093 7915 7378 8277 8131 7793 7656 7754 7803 8202 8092 7857 7828 7488 7975 7632 7548 7732 7549 8069 8296 7880 7806 8008 8449 8852 7766 7716 7694 7905 8005 7751 8188 8140 7951 8286 8066 7408 7605 7547 8403 7928 8359 7559 8111 8062 8217 7358 8183 8401 7472 7865 7498 8060 7954 7437 7865 7824 8187 7672 7422 7753 8067 8121 8007 7680 8235 8155 8022 8098 7797 8005 7912 7981 8165 7621 8080 7926 7613 7994 8211 8055 7823 8669 7875 7810 7863 7400 7724 7969 7415 8033 8074 8232 7755 7966 7893 7936 7990 8069 7678 7536 8120 7918 7681 8054 7842 8236 7397 8278 8252 7659 8071 8606 7917 7772 7811 7758 7548 7841 8408 7794 8091 7655 8148 7567 8710 7652 8078 8298 7544 7484 7977 7864 7616 7598 7520 8109 8075 7711 7486 7680 8403 7796 8242 8168 7888 7761 8116 7842 8021 7960 7998 8370 8105 7805 7447 7889 7378 8049 
7612 7900 7854 7560 7996 8059 8189 7476 8094 7896 8386 8179 8100 7825 7870 7763 7679 8728 8126 7748 7696 7530 7668 7831 8055 8128 7777 7795 7981 7905 7538 7596 7891 8611 7820 8204 8486 7983 8491 7388 8388 8010 7723 8207 7785 8528 8651 7754 7667 8247 8078 8207 8386 7992 7621 8150 7899 8149 8107 8595 7901 8176 7870 7987 7760 8164 8528 7785 7920 7998 8080 7894 8335 7771 8073 7824 7289 7875 7962 8078 8295 7759 8030 8543 7529 8150 7839 8050 8369 8602 7444 7650 8150 7952 8531 7682 7460 8111 8202 7976 7924 7988 8396 8079 8369 8056 7842 7739 7868 7944 7988 8100 8192 7947 7905 8306 7559 7716 8019 7591 8093 8302 7651 8180 8315 7715 8679 8257 8030 8358 7665 8006 7661 7343 8230 7921 7773 8310 7832 8081 8064 7835 8199 8062 7810 7778 8212 7777 7486 7897 8186 7906 7445 7519 7664 8027 8092 8016 7287 8414 7923 8482 8430 8357 8296 7981 7314 8018 8048 7540 7628 7637 7153 8235 7876 7946 8418 7917 7889 7810 8119 7733 7562 7957 7457 8141 8180 7488 7651 8164 8462 8089 8503 7824 8378 7329 8090 7634 7494 8113 7864 7662 8105 7631 8000 6984 7746 8356 8266 7969 8113 7978 8400 7851 8474 7901 8219 8213 8356 8239 7406 7574 7769 8150 8054 7749 8104 8484 8019 7635 7580 8307 8107 8344 7676 7898 8237 8415 7988 8052 8376 7757 7642 8356 8162 8351 7783 7571 7607 8574 8064 7764 7866 8054 7967 7693 7666 7515 8011 7972 8335 8061 8051 8023 8605 8801 8103 7655 7900 8022 7943 7893 8058 8237 8372 8357 7786 7892 8269 7687 8436 7902 8231 7963 8180 8037 8197 7325 8394 8215 7842 7894 7661 8260 7794 7661 7961 7839 8381 7925 7468 7694 8087 8053 8053 7723 8213 8456 8175 8222 8128 8221 7775 8238 7776 7686 7758 7997 8312 8245 8283 8390 8453 8573 7637 8117 7682 7369 7723 7876 7719 8315 7984 8115 7912 8112 8075 8027 8228 8501 7727 7597 8263 8016 7805 8244 8119 8204 7655 8340 8088 7861 7768 8590 8313 7820 8136 7743 7715 8027 8279 8027 8134 8379 8498 7787 8429 7976 7782 8341 7965 7482 8347 8320 7809 7655 7297 8036 8261 8181 8046 7645 8436 8208 8587 7945 8014 7729 8248 7886 8381 7929 8427 8565 7829 8045 7706 7678 7795 8306 
7235 7397 7395 7949 8060 7639 8108 7393 7951 7851 8154 7950 7699 7389 7592 7752 7407 8455 7781 7793 7748 7652 7614 7475 7614 7858 7508 7274 7913 7702 7453 7673 7771 7933 7570 7969 7953 7754 8102 7625 8312 8134 7617 7596 7446 8302 8139 7557 7522 8031 7914 7684 8110 7691 7449 7705 7638 7811 8124 8096 7925 8228 7631 7770 7611 7931 8291 7449 8069 8183 7900 7469 7842 7745 7708 7754 7350 7902 7850 7598 8491 7546 7750 8187 7308 7867 8070 8190 8205 8149 7099 7179 7804 7948 8344 7445 7260 7951 7835 7724 7771 7888 7826 7880 7710 7597 7881 7211 7896 7704 7830 7720 7910 7441 7582 8223 7767 7798 8002 7550 7716 7936 7917 8070 7856 7753 8208 7736 7819 8140 7846 8142 7699 7168 7860 7996 7284 7900 8082 7585 7958 7384 8170 7884 7674 7401 7997 7776 7711 7242 7702 7693 7644 7425 7296 7928 8440 7839 7162 8052 7601 7720 7904 8093 7949 7868 7037 7638 7825 7218 7480 7790 7042 8114 7699 8147 8091 7731 7541 7960 7692 7663 7866 7308 7430 7950 7799 7500 7426 7750 7936 7781 7931 7770 8077 7364 7953 7498 7179 7984 7667 7415 7728 7296 7865 6951 7297 7890 7794 7934 7709 7818 8191 7501 8319 7620 8115 7946 7746 8307 7482 7933 7655 7719 7911 7572 7675 8373 7911 7285 7493 8160 7980 8204 7751 7867 8082 8185 7662 7867 8261 7782 7389 8105 7936 7948 7037 7178 7059 8035 7779 7929 7516 7645 7691 7480 7383 7489 7679 7749 8482 7666 8123 7877 8204 8381 7627 7765 7629 7685 7554 7613 7925 7981 7815 8287 7643 7556 8077 7523 8237 8004 7929 7935 7796 7862 8002 6953 8196 7802 7688 7478 7787 8030 7767 7342 7659 8071 7970 7709 7014 7674 7856 7992 7860 7685 8006 8209 8389 8186 7852 7765 7202 7915 7839 7618 7540 8119 7982 7907 8436 7895 8189 8611 7931 7840 7589 7493 7840 7859 7493 8000 7796 7801 7897 7823 8039 7694 7671 7951 7671 7667 7954 7788 7850 7750 7703 8305 7404 8103 7824 7570 7875 8606 7812 7547 7781 7571 7149 7740 8009 8066 7689 7759 7767 7326 8235 7522 7865 8145 7664 7523 7780 7568 7643 7647 7223 8112 7991 7790 7652 7447 8041 7477 8306 8079 7824 7702 8155 7361 8098 8072 7797 7910 8164 7295 7663 7617 7769 7871 
8196 8580 7985 8329 8530 8309 9192 7726 8587 8539 9176 8539 8423 8136 8389 8426 8098 9078 8762 8780 8721 8441 8480 8342 8408 8463 8315 8085 8800 8373 8206 8216 8349 8983 8592 8710 8805 8784 8842 8203 8984 9149 8439 8646 8171 9058 8995 8480 8256 8757 8561 8358 8850 8281 8135 8875 8390 8707 8754 8895 8725 8790 8323 8597 8153 8426 9096 8394 8549 8451 8464 8137 8694 8294 8957 8327 8155 8599 8687 8485 8996 8519 8530 9309 8054 8633 8485 8713 9051 8777 7839 8080 8684 8698 8910 8426 7779 8757 9055 8189 8461 8592 8864 8285 8605 8430 8371 8428 8993 8607 8582 8767 8823 8382 8615 9069 8243 8585 8924 8345 8280 8817 8947 8236 8414 8275 9120 8683 8918 9016 8406 8758 8080 7564 8782 8816 8388 8769 8559 8631 8646 8326 8735 8644 8520 8639 8789 8326 7790 8115 8540 8529 8121 8439 8182 9066 8677 8459 7876 9071 8578 8840 8577 8987 8625 8629 7837 7982 8492 8173 7975 8941 8076 9006 8519 8710 9006 8810 8189 8567 8541 8151 8418 7829 8329 8588 8970 8175 8152 8532 8789 8597 8534 8701 9215 7990 8548 8226 8078 8686 8400 8403 8635 8081 8358 7672 8167 8528 8627 8527 8624 8563 9075 8352 8989 8753 9054 8686 8809 9053 7717 8708 8682 8851 8481 8333 8591 8945 8746 8232 8149 8899 8635 8916 8363 8739 8555 8738 8710 8450 8782 8317 8552 8850 8905 8649 8199 7972 7958 8945 8858 8616 8132 8470 8467 8188 8167 8186 8255 8618 9127 8763 8459 8172 9136 9396 8679 8300 8503 8709 8313 8283 8739 8734 8583 9195 8255 8276 8771 8076 8655 8746 8837 8395 8482 8823 8659 7630 9026 8954 8497 8581 8228 8583 8639 8129 8437 8240 9073 8399 8014 8419 8455 8683 8641 8264 8657 8905 8819 8728 8527 8576 8179 9052 8574 8263 8572 8471 9045 8614 9140 8750 8683 9408 8628 8475 8451 7802 8648 8656 8025 8853 8829 8818 8697 8751 8801 8526 8776 8880 8154 8155 8685 8521 8442 8938 8657 8969 8304 8762 8844 8449 8376 8994 8489 8292 8845 8247 8040 8917 8992 8659 8718 8831 9188 8363 9305 8478 8657 8661 8163 8403 8716 8602 7950 8365 8121 8909 8984 8736 8590 8425 9034 8874 9214 8711 8550 8352 8861 8539 8899 8592 9049 9178 8680 8454 8066 8770 8110 8919 
8271 8004 7774 7999 8500 8315 8549 7752 8399 8608 8851 8493 8294 8230 8279 8435 8253 9129 8352 8396 8309 8078 8142 8392 8062 8218 7887 8094 8080 8431 8008 7563 8254 8996 8254 8368 8760 8535 8583 8322 8909 8751 8420 8427 8292 9196 8745 8156 8204 8565 8659 8448 8881 8158 8132 8488 8309 8685 8524 8664 8788 8469 8161 8148 7949 8505 8820 8178 8557 8342 8499 8204 8700 8240 8359 8213 7872 8100 8611 8246 8923 8320 8092 9027 7773 8630 8544 8641 8622 8801 7900 8053 8312 8725 8684 8188 7667 8768 8488 8003 8429 8387 9039 8817 8463 8460 8264 8237 8768 8303 8309 8842 8215 8184 8141 8742 8126 8104 8789 8040 8221 8578 8806 8433 8319 7843 8811 8163 8365 8534 8412 8729 8106 7773 8905 8544 8090 8884 8419 8708 8055 8357 8358 8518 8368 8241 8653 8211 7412 7964 8124 8457 8200 7849 8013 8352 8485 8461 7776 8446 8275 8702 8710 8795 8662 8482 7757 8133 8466 7862 7781 8099 7854 8591 8369 8407 8658 8623 8368 8545 8254 8419 8461 7989 8412 8443 8654 8188 7977 8571 8697 8720 8253 8303 8864 7798 8390 8206 7476 8375 8545 8068 8351 8135 8204 7695 8193 8560 8507 8346 8498 8546 8789 8403 8957 8429 8939 8512 8594 8966 7887 8354 8422 8766 8460 8029 8422 8596 8675 8147 8262 8534 8830 8609 8265 8305 8781 8697 8439 8290 8560 7912 8408 9006 8745 8412 7868 8179 7897 8276 8136 8260 8130 8437 8184 8156 8144 7971 8279 8521 8833 8644 8597 8320 8585 9006 8261 8497 8343 8425 8613 8418 8515 8832 8714 8883 8111 8216 8553 8475 8586 8524 8753 8448 8558 8629 8509 7691 8663 8540 7999 8241 7987 8398 8399 8073 8619 8442 8570 8273 7855 8353 8449 8731 8507 8189 8550 8951 8790 8456 8288 8757 8034 8923 8482 8218 8545 8399 8722 8296 8799 8737 8337 8944 8615 8039 8324 7985 8485 8357 8135 8387 8580 8673 8237 8348 8569 8565 8528 8752 8200 7863 8353 8263 7869 8740 8659 8615 8123 8437 8546 8042 7985 8885 8386 8246 8524 8185 8140 8429 8701 8445 8357 8556 8648 8032 8911 8271 8471 8811 8389 8334 8641 8334 8023 8180 7902 8522 8684 8414 8402 8153 8613 8381 9014 8284 8473 8196 8750 8379 8768 8398 8613 8725 8679 8672 8029 8085 8392 8440 
7851 8048 7638 7841 8169 7787 8300 7794 8261 8139 8574 8118 8109 7803 7768 7954 7570 8875 8087 8315 8450 7927 7771 8013 8215 8165 8207 7865 8519 8338 7875 7630 8106 8454 7746 8683 8382 8115 8427 7954 8474 8425 7916 8001 8040 8730 8749 7485 7680 8428 8020 8234 8133 7748 7783 7989 8014 8265 8198 8454 8281 8178 7827 7941 7841 8358 8317 8092 8198 8439 7984 7951 8529 8002 8256 8091 7922 8082 8443 7998 8494 8044 8113 8591 7674 7999 8175 8496 8495 8563 7508 7645 8160 8174 8642 7910 7316 8375 8333 7807 7797 8199 8389 8469 7945 7910 7873 7789 8085 8182 8338 8570 8327 7993 8030 8656 8022 7974 8424 8055 8065 8459 8128 8133 8093 7876 8617 7945 8167 8567 7871 8383 7487 7277 8035 8442 7685 8215 8241 8152 7857 8033 8501 8405 8044 7824 8031 8131 7749 7863 7895 7979 7817 7684 7516 8379 8530 8006 7292 8301 7968 8361 8375 8426 8171 8044 6970 7795 8037 8070 7600 8249 7343 8233 8090 8423 8496 8440 7790 8138 7971 8178 7963 7922 7746 8291 8216 7956 7652 7732 8275 8608 8121 7976 8408 7538 8339 7996 7324 8314 8177 8003 8083 7481 8150 7198 7796 8198 8405 8245 8287 7916 8544 7609 8485 8166 8410 8655 8293 8854 7985 8072 8222 8318 8223 7993 8252 8488 8354 7665 7813 8369 8367 8171 8025 8069 8204 8112 8064 8004 8055 8202 7933 8284 8599 7992 7871 7725 7545 8398 8592 8127 7762 8192 8091 7939 7568 7603 8133 8035 8812 8490 8238 7972 8492 8862 8245 8041 8018 8435 8021 7888 8401 8266 8283 9195 7888 7784 8255 7649 8437 8237 8390 8128 8159 7877 8330 7436 8706 8270 8135 8081 7636 8163 8106 8085 7850 8187 8412 7911 7675 8050 8219 8262 8355 7936 8249 8067 8315 8251 8168 8186 7714 8618 7968 7934 7920 8280 8265 8356 8464 8480 8189 9069 8333 8251 7771 7791 8103 8146 7694 8623 8373 8462 8145 8327 8412 8202 8384 8540 7775 7788 8104 8206 7901 8557 8125 8546 7677 8465 8182 7811 8105 8664 8142 7923 8091 7881 7682 8309 8523 8288 8318 8207 8497 7945 8334 8096 8055 8295 7868 7927 7813 8152 7900 7814 7727 8599 8483 8225 8302 7942 8593 8402 8957 8360 8183 8085 8283 8078 8373 8364 8270 8191 8609 7659 7781 8080 7704 8196 
8448 8518 8267 8531 8567 8478 8926 7870 8649 8571 8983 8428 8366 8180 8160 8359 8395 9332 8471 8450 8636 8379 8292 8294 8519 8431 8347 8129 8705 8716 8139 8011 8431 8757 8297 8396 8895 8468 8857 8315 9100 9054 8400 8242 8531 8993 9203 8196 7951 8774 8862 8496 8526 8224 8238 8551 8348 8409 8433 8636 8543 8852 8545 8434 8280 8434 9030 8439 8740 8453 8241 7946 8912 8275 8664 8326 7974 8663 8456 8363 9407 8234 8324 9125 8353 8509 8465 8721 8895 8990 7888 7934 8579 9091 9114 8070 8087 9049 8665 8148 8754 8678 8904 8857 8859 8471 8282 8102 8862 8643 8679 8928 8541 8275 8177 8545 8341 8035 8756 8228 8544 8489 8560 8514 8595 8122 9015 8367 8334 8763 8209 8926 7999 7913 9012 8648 8078 8635 8319 8231 8417 8057 8468 8501 8584 8212 8969 8198 7952 8119 8530 8444 8296 8118 7989 8634 8505 8840 7623 8763 8284 8771 8649 8785 8389 8110 8000 7975 8285 8141 7841 8297 8020 8517 8036 8883 8945 9111 8284 8383 8638 8781 8362 8167 8107 8774 8590 8488 8335 8423 8589 8445 8792 8567 9019 7878 8609 8288 8097 8654 8364 8438 8735 7734 8281 7679 8090 8235 8609 8571 8525 8451 8798 8072 8863 8748 8839 8789 8824 9303 7966 8458 8711 8433 8798 8297 8674 8958 8603 8245 8153 8687 8553 9063 8378 8334 8755 9052 8342 8557 8884 8440 8473 8990 8850 8403 8148 8193 8057 8518 8538 8678 8532 8414 8485 8334 8226 7984 8642 8613 9402 8451 8654 8382 9279 9397 8454 8277 8468 8284 8506 8013 8549 8549 8927 9404 8128 8366 8665 8076 8771 8705 8697 8666 8542 8329 8647 7992 8959 8862 8237 8157 8169 8558 8578 8196 8419 8557 9014 8478 8038 8370 8471 8742 8596 8263 8554 9057 8867 8820 8397 8909 8342 8889 8568 8313 8758 8667 8563 8626 8874 8735 8577 9470 8647 8497 8348 7830 8341 8432 8203 8321 8597 8727 8692 8459 8486 8391 8558 9003 8127 8098 8478 8785 8303 8695 8542 8660 8277 8668 8621 8212 8637 9293 8502 8513 8317 8308 8190 8392 8836 8490 8572 8498 8893 8384 9204 8618 8277 8931 8244 8085 8195 8541 8138 8234 8018 8545 8830 8560 8484 8545 8983 8458 9460 8478 8814 8099 8912 8480 9065 8697 8941 9162 8821 8458 8620 8397 8147 8476 
7799 7859 7670 7855 8153 7864 8196 7344 8296 7938 8514 7747 7896 7729 7769 7804 7799 8538 8152 7984 8147 7744 7760 7988 7895 7979 7673 7535 8051 7805 7592 7790 7609 8352 7797 8039 8111 7834 8452 7771 8240 7922 7548 8052 7958 8681 8585 7939 7785 7946 8096 8320 8169 7917 7852 8118 7794 8110 8118 7943 8212 8071 8091 7868 7486 7957 8402 7921 7994 8109 7899 7941 8066 7679 8336 7444 7438 7882 7949 7711 8567 8138 7859 8600 7420 7700 7880 8021 8196 8405 7436 7707 7848 8149 8196 7585 7136 8199 8235 7821 7945 8001 8176 7907 8044 8005 7784 7514 8276 8296 7933 8281 7835 7767 7846 8587 7752 7731 8104 7779 7774 8391 7719 8012 7909 7557 8497 7725 7975 8526 7829 8412 7632 7567 8217 8075 7567 8122 7864 8209 7966 7984 8113 7920 8018 7649 7960 7931 7165 7669 7893 8155 7833 8125 7116 7848 8331 8065 7318 8349 7789 7986 8273 8172 7924 7985 7499 7698 8040 7635 7373 7901 7362 8123 8141 8537 8448 8020 7907 7803 8030 7807 7664 7776 7459 7818 8007 7683 7665 8348 8019 8374 7936 7920 8268 7595 7925 7622 7430 7927 7924 7911 7754 7299 7715 7345 7556 7755 7961 7977 7622 8126 8368 7955 8471 8191 8000 8196 8239 8465 7593 7590 8293 7869 8041 7895 8000 8310 8333 7813 7572 8294 8041 8195 7832 8066 7903 8279 7914 7979 8245 7910 8061 8236 8107 7604 7708 7801 7593 8322 8184 7953 7823 8015 7845 7721 7794 7671 8062 7830 8279 8263 7808 7680 8488 8816 7986 8026 7692 7702 8043 7788 8240 8250 8187 8613 7644 7656 7934 7945 8304 8191 8398 8164 7860 7991 8122 7448 8452 8536 7718 7788 7759 7927 7974 7572 8308 7982 8396 8348 7773 7968 8208 8296 8051 7663 7982 8284 8241 7879 7856 8270 7856 8152 7995 7676 7639 8052 8421 8029 8324 8057 8148 9123 8212 8090 7737 7423 7982 7793 7355 8025 7996 7941 8014 7952 7991 8140 8003 8493 7704 7698 8102 7776 7827 8316 8080 8120 7311 8220 8106 7703 7873 8586 7937 7912 8058 7698 7554 8070 8419 8082 8321 7955 8158 7773 8527 7881 7926 8064 7703 7527 8073 8283 7618 8020 7274 8480 8521 7689 8153 7802 8256 8261 8899 8163 8150 7846 8243 7898 8361 8225 8040 8256 8241 7943 7709 8228 7809 8254 
7740 7826 7652 8107 7745 7848 8145 7212 7921 8088 8828 7950 7524 7555 7713 7666 7712 8516 8378 7855 8239 7994 7641 7936 8109 7844 8136 7745 7947 7922 7317 7915 7820 8425 7511 8021 8427 8050 8233 7824 8184 8122 7989 7641 7725 8719 8430 7420 7894 8283 7706 7715 7953 7876 7893 8018 7626 7689 8216 8094 7953 7917 7946 7852 7568 8066 8578 7819 8264 7940 7588 7704 8247 7673 8157 7674 7281 7657 7872 8210 8688 8056 8204 8445 7194 8117 7688 8225 8525 8431 7227 7753 8091 7977 8262 7747 7732 8002 8110 7742 7890 8483 8223 8038 8160 7595 7617 7743 8161 7948 7937 8125 7809 7925 7765 8274 7763 7607 7846 7789 7870 8152 8416 7963 8217 7640 8089 7727 7901 8236 7859 8229 7436 7573 8268 8077 7485 7928 7982 8353 7753 7614 7817 7868 7719 7790 8315 7516 7559 7795 8022 8085 7748 7801 7335 7737 8120 8244 7583 8245 8068 8094 8306 8309 8242 7775 7401 7590 7994 7791 7528 7980 7595 7882 7878 8471 8175 8033 7727 8027 7966 8004 7934 7585 7319 8197 8248 7640 7819 7739 8083 7843 8279 7721 8245 7460 8029 7718 7310 8078 7854 7771 7834 7427 7668 7595 7603 7927 7862 7951 8295 7873 8395 7643 8390 7773 8203 7795 8253 8602 7561 7811 8033 7915 7970 7752 8098 8285 7895 7656 7597 8441 7968 8034 7808 7813 8202 8210 7949 7597 8286 7874 7780 7952 8234 8105 7819 7468 7556 8199 7782 7944 7713 7870 8087 7950 7679 7536 7724 7811 8490 8136 8287 7591 8295 8375 8342 7701 7694 7935 7877 7616 7856 8030 8565 8668 7583 7868 8035 7654 8227 8131 7977 8058 7906 7730 8137 7418 8254 8148 7904 7922 7807 8164 8079 7859 8202 7774 8002 8181 7638 7736 7794 7934 7951 7495 7752 8386 8070 8118 7878 8313 7446 8721 7896 7630 7891 7972 7921 8136 7963 7740 7956 8618 7838 8052 7447 7444 8073 7759 7350 8450 8309 7946 8059 7932 8108 7967 7854 8379 7928 7552 7970 7639 8000 8208 7968 7962 7558 8177 8109 7581 7845 8492 7849 7721 8182 7800 7532 7983 8451 8469 7920 8070 8049 7949 8583 7693 7993 8074 7714 7748 7818 8035 7589 7692 7505 8129 8223 7895 7761 7762 8358 8452 8580 7723 8074 8032 8220 7876 8187 8029 8140 8021 8051 7539 7582 7898 7806 8062 
8037 8132 8294 8106 8251 8154 8874 7614 8185 8146 8682 8092 8289 7987 8068 8297 7763 8859 8406 8415 8087 8268 7979 8012 8491 8098 8181 7824 8436 8042 7993 8101 7979 8677 8225 8150 8566 8476 8684 7914 8709 8387 7938 8361 7985 8750 8808 8088 7771 8180 8322 7840 8543 8024 8134 8345 7547 8435 8242 8237 8232 8164 7945 8335 8014 8385 8599 8187 8528 8576 8158 7857 8417 7928 8274 8046 7583 8304 8220 8504 8780 8364 8221 8673 7773 8216 7934 8313 8424 8696 7912 7961 8457 8392 8666 7959 7597 8572 8313 8170 8330 8106 8686 8398 8313 8266 8209 7807 8525 8181 8390 8394 8218 7869 8357 8575 7546 8268 8677 8162 8116 8526 8219 8166 8351 7935 8959 8471 8616 8778 8474 8629 7793 7722 8444 8548 7833 8469 8339 8186 8127 8019 8325 8304 8120 8034 8503 8230 7963 7891 8008 8019 7876 8195 7917 8468 8649 8174 7423 8535 8203 8387 8497 8422 8433 8005 7572 7606 8187 8015 7463 8215 7687 8171 7996 8674 8635 8555 8278 8205 7753 8246 8056 8090 8178 8290 8496 7709 8126 8510 8488 8784 8409 8178 9036 8076 8528 7797 7539 8733 8010 8024 7809 7582 7816 7659 7982 8299 8417 8058 8107 8496 8734 7965 8877 8353 8378 8239 8337 8335 7749 7975 8415 8235 8685 8148 8111 9025 8843 7846 8091 8638 8237 8638 8125 8068 8644 8871 7919 8374 8510 8038 8236 8705 8657 7948 7880 7772 7678 8349 8146 8195 7585 8121 8176 8242 8040 8059 8407 8062 8598 8604 8288 8172 8593 9227 8058 8074 8183 8124 8387 8260 8375 8084 8050 8764 7886 7721 8444 7884 8272 8349 8606 8455 8378 8400 8242 7484 8658 8673 8046 8017 7712 8085 8301 8095 8467 8228 8654 8245 7961 8432 8432 8328 8159 7944 8195 8559 8339 8128 8164 8395 8010 8485 8142 8089 8406 8582 8343 8438 8503 8628 8331 9047 8148 8011 8176 7690 7734 8461 7702 8329 8481 8279 8283 8114 8435 8211 8226 8350 8083 7814 8105 8065 8095 8306 8334 8650 7703 8480 8455 7798 8251 9153 8259 8341 8409 8174 7930 8505 8596 8804 8552 8720 8426 8224 8866 7968 8300 8572 8298 7972 8347 8465 7913 7668 7790 8574 8582 8099 8505 8416 8781 8321 8998 8386 8349 7903 8196 8255 8679 8692 8518 8363 8241 8030 7974 8160 7973 8362 
8145 7822 8026 7833 7967 7956 8454 7523 8365 8367 9071 7920 8013 7840 7846 8142 7863 8890 8429 8312 8384 8168 8132 8041 8474 8318 7993 8049 8289 8113 7639 7972 7950 8442 8194 8367 8675 8362 8609 7943 8510 8385 8059 8135 8134 9136 8713 8032 8035 8529 8262 8332 8300 8103 7935 8279 8178 8315 8384 8508 8434 8691 7789 8029 7746 8346 8498 8155 8750 8502 8192 8357 8395 7744 8440 8182 7603 8258 8300 8228 8651 8091 8395 8772 7402 8054 8178 8442 8766 8955 7642 7537 8145 8204 8971 7863 7691 8385 8378 8304 8013 8247 8571 8244 7956 8264 8025 8098 8230 8450 8294 8519 8380 7929 7909 8614 7917 8129 8370 7840 8420 8505 8101 8094 8335 7744 8572 8109 8331 8670 8429 8248 8018 7620 8722 8192 7683 8312 8108 8526 8067 7878 8273 8359 8170 8212 8488 8260 7811 7836 8128 8164 7915 7813 7663 8381 8421 8172 7551 8345 7858 8611 8440 8548 8437 8191 7118 8168 8168 7818 7719 7955 7879 8462 7866 8476 8421 8203 8008 8143 8216 8541 8112 7823 7744 8333 8243 7913 7689 8267 8628 8467 8120 7917 8532 7699 8323 8143 7480 8352 8234 7641 7893 7738 7916 7492 7617 8449 8155 8118 8471 8293 8880 8312 8728 8330 8339 8620 8390 8714 7711 8081 8232 8480 8150 8194 8611 8790 8434 7848 7898 8649 8233 8086 8061 8497 8518 8404 8253 8087 8661 7741 7881 8706 8575 8089 7487 8151 7610 8520 8465 8115 7889 8142 8133 8103 8040 7687 8274 8408 8814 8492 8374 8195 8667 8981 8304 8154 7974 8043 8273 8260 8330 8194 8441 8946 7936 7969 8322 8017 8464 8434 8183 8449 8183 8359 8370 7572 8551 8325 8337 7959 7742 8067 8623 7881 8443 8318 8439 8564 8147 8236 8729 8349 8451 7945 8124 8631 8437 8168 7825 8735 7596 8488 8338 7862 8278 8395 8536 8520 8506 8073 8487 8822 8256 7923 8067 7744 8145 8121 7898 8235 8058 8321 8301 8292 8249 8228 8066 8385 7990 7819 8336 8248 7903 8388 8065 8273 8010 8357 8299 8022 7920 8921 8309 8444 8496 7991 7711 8336 8491 8480 8142 8191 8463 8020 8925 8012 8250 8491 7993 8020 8356 8365 7729 7727 7766 8391 8428 8196 8043 8255 8565 8615 9013 8048 8521 8208 8580 8151 8476 8449 8319 8427 8486 7926 7894 7998 8157 8084 
8247 8394 8375 8340 8509 8481 8737 7986 8666 8503 8963 8627 8492 8021 8180 8697 8340 8975 8346 8714 8480 8353 8168 8286 8489 8654 8377 8088 8356 8640 8658 8400 8123 8982 8502 8639 8926 8527 8672 8147 8987 8328 8125 8741 8390 9185 8972 8244 8487 8664 8627 8607 8975 8419 8246 8426 8105 8320 8332 8621 8868 8640 8522 8462 8116 8763 9122 8061 8566 8705 8368 8135 8896 8458 8614 8341 7945 8489 8638 8611 9288 8572 8790 8701 7857 8549 8570 8705 8899 8880 7876 8120 8821 8783 9115 8390 7732 8671 8929 8495 8503 8429 9120 8499 8734 8611 8606 7984 8779 8711 8829 9058 8382 8390 8328 8846 8482 8411 8555 8102 8411 8571 8825 8585 8739 8011 8929 8400 8333 8758 8279 8496 8110 7897 8433 8595 8072 8710 8734 8509 8713 8249 8716 8723 8758 8441 8912 8690 8117 8106 8183 8624 8391 8096 8139 8623 8620 8273 7853 8972 8245 8871 8883 9110 8696 8606 7694 8103 8600 8133 7787 8170 7932 8417 8572 9199 8754 8408 8482 8474 8482 8331 8056 8557 8335 8494 8636 8283 8082 8424 8432 8833 8772 8367 9022 8133 8606 8053 7938 8680 8401 8196 8392 8026 8347 7932 8060 8374 8688 8401 8640 8720 8885 8316 9368 8465 8743 9036 8532 9087 7751 8463 8637 8826 8486 8523 8582 8589 8613 8287 8377 8942 8989 8624 8360 8302 8658 8769 8301 8642 8989 8425 8392 8980 8941 8563 7978 8154 8205 8938 8652 8356 8114 8456 8309 7960 7870 8084 8621 8339 8905 8665 8700 8615 8881 9303 8384 8385 8293 8618 8408 8681 8931 8810 8800 9310 8292 8045 8555 8273 8958 8706 8880 8695 8708 8511 8788 7776 8697 8766 8375 8635 8424 8454 8691 8422 8646 8442 8794 8404 8123 8515 8890 8406 8564 8125 8756 9063 8912 8695 8315 8880 8159 8771 8625 8285 8123 8441 8585 8851 9007 8627 8788 9407 8687 8264 8121 7885 8288 8578 7969 8830 8547 8582 8875 8617 8707 8547 8444 8826 8001 8076 8705 8494 8133 8965 8805 8668 8166 8817 8786 8280 8318 9080 8661 8377 8554 8402 8367 8491 8717 8897 8500 8797 8943 8466 8799 8528 8804 8964 8478 8152 8257 8471 8120 8297 7991 8581 9015 8621 8696 8276 8895 8612 9113 8235 8806 8356 8938 8476 8765 8484 8670 8646 8765 8606 8400 8480 8344 8762 
7063 7285 6964 7241 7763 7241 7979 7114 7330 7457 7993 7412 7328 6969 7081 7399 7263 8153 7664 7208 7527 7177 7338 7335 7521 7569 7351 7340 7093 7516 6955 7408 7519 7848 7497 7437 7606 7785 7804 7232 8215 7659 7411 7769 7424 7941 7925 7239 6990 7877 7428 7386 7573 7433 7440 8054 6965 7759 7673 7789 7375 7811 7251 7427 7058 7789 7916 7504 7640 7447 7005 7391 7490 7203 7272 7627 6971 7320 7684 7559 7843 7247 7453 7890 6897 7130 7322 7942 7641 7823 6867 7232 7962 7715 7834 7122 6950 7584 7724 7556 7355 7356 7634 7386 7491 7342 7185 7187 7242 7604 7464 7727 7657 7230 7095 8125 7362 7389 7678 7180 7515 7882 7648 7539 7371 7234 7866 7222 7634 7833 7533 7402 7342 6932 7696 7633 7332 7770 7470 7431 7555 7170 7482 7304 7581 7364 7595 7503 7080 7365 7404 7288 7132 7619 6795 7593 7471 7656 7019 7542 7539 7713 7634 7551 7545 7358 6963 7220 7710 6965 7047 7041 7339 7637 7401 7884 8185 7572 7425 7285 7218 7251 7529 7014 6743 7465 7560 7460 7321 7666 7679 7460 7482 7508 7885 6982 7336 6886 7004 7666 7194 6919 7173 6916 7475 6896 7058 7425 7809 7490 7605 7973 7861 7652 7912 7207 8197 7980 7394 7902 7003 7516 7795 7427 7425 7072 7521 7737 7524 6911 7320 7616 7649 7524 7448 7368 7576 7726 7249 7485 7921 7075 7261 8091 7832 7678 7055 7258 7229 7983 7405 7599 7524 7360 7301 7124 7225 7261 7661 7410 7991 7437 7522 7460 8004 8297 7512 7358 7189 7028 7522 7433 7498 7378 7278 7809 7133 7400 7831 7104 7691 7648 8103 7591 7724 7304 7779 7038 7872 7757 7248 7561 7368 7140 7561 7064 7540 7601 7764 7500 6803 7219 7732 7674 7803 7560 7685 8106 7488 7990 7341 7539 7035 8030 7549 7183 7270 7494 7764 7663 7316 7418 7676 8272 7192 7353 7414 6900 7485 7659 7176 7649 7483 7652 7501 7686 7623 7260 7519 7765 7005 7281 7766 7441 7427 8031 7599 7724 7123 7804 7805 7285 7260 8128 7602 7688 7072 7314 7479 7196 7670 7546 7340 7268 7887 7249 7981 7288 7497 7763 7302 7359 8123 7488 6822 7445 6630 7741 7679 7620 7916 7396 7843 7267 8121 7263 7764 7226 7952 7506 7524 7504 7612 7923 7820 7444 7288 7631 7245 7733 
8142 8405 8121 8018 8564 8142 8452 7652 8294 8532 8803 8222 8532 7751 7835 8255 8006 9174 8485 8249 8111 8413 7916 8528 7929 8343 8083 8062 8421 8649 7970 8079 8206 8753 8184 8680 8756 8289 8521 8160 8858 8370 8495 8442 8181 9133 8813 8203 8080 8650 8597 8424 8475 8268 8336 8484 8303 8355 8368 8687 8424 8631 8322 8458 7947 8465 8945 8126 8427 8493 7971 8106 8413 8302 8305 8392 7750 7832 8269 8276 8870 8417 8642 8693 7866 8102 8487 8371 8965 8921 7888 8080 8389 8276 8786 8413 7617 8555 8708 8379 8203 8476 8928 8306 8514 8273 8023 8152 8180 8289 8304 8497 8387 8164 8325 8751 8387 8066 8211 8287 8279 8667 8607 8383 8468 8179 8663 8236 8664 8640 8420 8572 8226 7643 8508 8546 7852 8510 8362 8602 8198 8079 8313 8251 8581 8242 8781 8219 8037 7814 8164 8279 8057 8165 8017 8359 8580 8594 7608 8637 8027 8568 8393 8768 8771 8048 7326 8071 8101 8124 7956 8016 7728 8566 8091 8507 8918 8290 8228 8758 8455 8055 7900 8302 8110 8518 8630 8116 8056 8411 8410 8668 8633 8663 8785 7521 8332 7627 7715 8258 8441 8142 8322 7994 8209 7631 7772 8402 8510 8358 8614 8219 8790 8304 8716 8311 8701 8695 8716 9057 8061 8480 8187 8534 8309 7994 8484 8637 8358 7974 8003 8699 8174 8433 8370 8299 8716 8855 8174 8310 8377 8078 7980 8744 8903 8562 7869 7867 7920 8495 8510 8361 8082 8257 8055 8019 7703 8222 8219 8417 8799 8936 8485 8593 9160 8851 8486 7913 8111 8006 8553 8526 8318 8544 8456 9090 7988 8194 8188 8128 8717 8527 8647 8294 8725 8149 8967 7573 8861 8584 7998 8243 8151 8227 8679 8234 8567 8548 8923 8401 7648 8296 8163 8513 8782 7963 8729 8909 8479 8603 8489 8446 7883 8754 8292 7920 8276 8241 8400 8720 8598 8431 8402 9199 8298 8673 8141 7792 8332 8681 7861 8630 8395 8354 8508 8476 8637 8527 8252 9174 8266 7768 8581 8423 8518 8784 8335 8500 7801 8989 8852 8085 8113 8874 8522 8326 7942 8284 7999 8531 8565 8625 8375 8569 8574 8106 8846 8164 8258 8811 8067 8226 8293 8256 7869 8091 7670 8618 8583 8490 8529 8088 8646 8263 9081 8081 8562 8039 8758 8091 8647 8475 8542 8712 8405 8168 8114 8399 8090 8333 
7783 7814 7555 7621 8320 7819 8217 7324 8136 8137 8501 7934 8021 7481 7492 8003 7658 8538 7897 8118 8177 7908 8087 7779 7938 7969 7601 7659 7949 8070 7721 7914 7660 8159 7629 8561 8181 7944 8260 7570 8338 8118 7539 7870 7569 8404 8495 7643 7915 8732 7802 8093 8043 7663 7443 7894 7688 8042 8285 7882 8198 7959 7922 7883 7498 7968 8433 7839 7960 7918 7917 7613 8065 7459 7818 7919 7734 7844 8343 7694 8554 8208 8073 8650 7592 7988 7812 8281 8100 8482 7392 7534 7795 8202 8316 8011 7382 8491 8181 7799 8018 7697 8274 8075 7648 7866 7719 7688 8050 7700 7899 7917 7882 7928 7637 8146 7904 7764 8469 7787 8070 8135 8119 8049 8067 7523 8553 7868 7848 8311 7873 8293 7577 7052 8242 8240 7482 8132 8328 7870 7857 7473 7880 7785 7694 7953 8030 7767 7591 7699 7703 7950 7707 7756 7500 8351 8146 8146 7176 8107 7952 8161 8464 8160 8042 8031 7424 7361 7989 7609 7335 7398 7472 8213 8150 8082 7990 8257 7590 7963 7861 8112 7751 7776 7633 8332 7980 7579 7497 8297 8036 8008 8090 8014 8386 7639 8092 7506 7440 8091 7798 8021 7882 7409 7727 7437 7462 8054 8224 7897 7911 8080 8412 7808 8272 7853 8277 8166 8274 8416 7351 8085 8192 8005 8169 7882 8134 8287 8342 7740 7912 7796 7860 8080 8086 7828 8299 8350 7794 7782 8096 7599 7880 8248 8336 7842 7615 7775 7368 8314 7932 8032 7694 7832 8124 7874 7288 7408 7941 7802 8630 8201 8087 7827 8364 9012 8205 8131 7787 7939 7902 7578 8026 8168 8200 8614 7851 7481 8251 7635 8075 8148 8364 7965 8322 8060 8066 7269 8316 8193 7633 7789 8004 7962 7835 7749 8385 7838 8216 8097 7308 7945 7807 8071 7956 8029 7957 8151 8422 7906 7860 8056 7846 8404 7895 7791 7614 7951 7906 8250 8462 8222 7683 8524 7777 7865 7539 7461 8002 8119 7509 8007 8207 8042 8193 8080 8271 8027 7752 8494 8043 7785 8184 8239 7517 8062 7541 8256 7570 8226 8240 7914 7693 8488 7909 7965 7787 7852 7582 8020 8417 8187 8418 7772 7981 7929 8164 7837 7618 8381 7811 7785 8060 7647 7779 7734 7752 8414 8336 7989 8139 7664 8189 7742 8821 7879 8098 7868 8384 7888 8350 8124 8167 8194 8134 7637 7996 7928 7604 7807 
7976 8654 8155 8176 8394 8365 8934 7788 8783 8443 8330 8418 8182 7798 8026 8439 8168 8959 8273 8597 8307 8242 8294 8546 8276 8359 8439 8327 8198 8415 7831 8100 8232 8537 7852 8480 8570 8100 8498 8323 8611 8581 8163 7834 8044 9099 8701 7928 8156 8439 8628 8339 8366 7936 8198 8254 8004 8761 8432 8541 8536 8575 8123 8461 7883 8163 8764 8295 8655 8405 8274 8034 8557 8077 8590 7977 8033 8447 8587 8442 8947 8309 8229 8697 8052 8343 7913 8446 8735 8583 7484 7704 8426 8410 8633 8188 7817 8568 8443 8258 8177 8192 8672 8369 8393 8111 8152 8185 8420 8230 8377 8598 8314 8143 7831 8686 8160 8123 8727 8308 8567 8585 8756 8418 8564 7952 9081 8627 8475 8562 8176 8563 8059 7607 8401 8641 7747 8531 8426 8596 8574 8057 8616 8366 8302 8022 8483 8347 7939 8181 8172 8262 8132 8083 7698 8305 8920 8468 7527 8540 8153 8580 8671 8414 8539 8217 7661 7920 8307 8486 7804 7921 7836 8422 8514 9019 8562 8263 8124 8302 8459 8203 8080 8411 8032 8821 8239 8101 7960 8293 8383 8661 8592 8382 8779 7871 8430 7857 8052 8589 8111 8087 8319 7673 8225 7477 7967 8254 8375 8249 8673 8417 8826 7785 8718 8375 8749 8499 8575 8877 7859 8591 8582 8467 8325 8006 8017 8877 8363 8236 7912 8829 8459 8832 8291 8279 8467 8900 8263 8275 8753 8338 8027 8680 8850 8420 7951 8069 7598 8847 8591 8480 8038 8323 8339 8151 7854 7848 8406 8310 8764 8659 8393 8361 8913 9259 8163 8199 8578 8252 8287 8177 8477 8606 8341 8997 7985 7993 8387 8064 8391 8166 8823 8454 8482 8375 8460 7751 9034 8426 8053 8304 8429 8031 8512 7953 8108 8329 8639 8188 7812 8127 8228 8198 8384 7954 8736 8512 8365 8556 8503 8700 8149 8766 8393 8046 8437 8354 8380 8450 8806 8820 8497 9211 8349 8152 8243 7684 8020 8217 7929 8562 8609 8462 8533 8411 8182 8424 8478 8871 8003 7946 8491 8316 7922 8965 8354 8709 7881 8884 8558 8117 8330 8953 8098 8136 8453 8289 8126 8265 8562 8521 8397 8319 8614 8026 8999 8107 8554 8635 8303 7913 8506 8394 7765 8294 7835 8513 8826 8327 8385 8351 9014 8250 8951 8472 8394 8162 8807 8496 8799 8571 8769 8759 8595 8136 8006 8281 8309 8445 
7858 7703 7626 7968 8380 8108 8248 7974 8252 7913 8518 8168 8127 7796 7803 8199 7938 8480 8422 8012 8121 8033 8118 8078 8466 8456 8334 7710 8555 8118 7828 8000 8144 8316 7675 8391 8418 8070 8594 7597 8348 8652 7896 8017 7889 8700 8664 8042 7843 7967 8020 8442 7978 7921 7934 8506 7546 8486 8253 8054 8360 8426 8157 8301 8186 8449 8497 7941 8421 8511 8111 7907 8242 8004 8263 8169 7527 8099 8135 7633 8882 8184 8344 8816 7873 8270 8089 8241 8499 8633 7627 7498 8335 8610 8694 8125 7588 8554 8647 7892 8016 8280 8534 8112 8160 7949 7961 7495 8142 8188 8153 8371 8259 7922 7658 8768 8186 7942 8219 7809 8325 8529 7887 8115 8565 7928 9108 8087 8231 8439 7783 8114 7734 7593 8066 8503 7604 8548 8697 8127 8064 7803 8102 8085 7917 8023 8562 7474 7486 7956 8038 8355 8031 7881 7518 8289 8617 8027 7341 8450 8443 8529 8405 8308 8692 8081 7347 7865 8075 7801 7508 8033 7690 8760 8301 8740 8457 8338 7941 7906 8299 8012 8030 7882 7711 8163 8383 7858 7522 8308 8326 8283 8275 8491 8676 7662 8090 7436 7615 8125 8271 7859 8409 7706 7951 7540 7828 8026 8323 8309 8451 8060 8471 7874 8243 8190 8378 8438 8875 8677 7724 8320 8432 8344 8448 7809 8075 8591 8474 7737 8037 8066 8351 8128 8469 8334 8681 8663 8319 7970 8408 8008 7873 8513 8465 8286 7774 7789 7843 8610 8521 8379 8285 8095 8137 8027 7739 7739 7982 8095 8714 8602 8260 7885 8653 9025 8266 8202 7717 8437 8328 8158 8151 8119 8015 8772 7717 8034 8524 7764 8314 8524 8382 8357 8502 8240 8126 7530 8724 8742 8100 7964 8138 8330 8331 7731 8064 8052 8618 8133 7985 8123 7812 8001 7930 7975 8412 8326 8440 8090 8471 8508 8231 8667 8178 8133 7836 8151 8221 8205 8621 8324 8314 8894 8293 8048 7828 7495 8496 8334 7697 8341 8550 8204 7851 8198 8250 7898 8053 8534 8147 7815 8384 8114 8077 8488 8340 8587 7477 8371 8289 7804 8026 8840 7946 8050 8098 8021 7960 7971 8525 8423 8298 8554 8050 7995 8851 8095 8022 8314 7854 7959 7835 8237 7699 8153 7686 8556 8184 8200 8137 7969 8682 8107 8940 8431 8455 7869 8502 7867 8408 8288 8340 8419 8086 7952 8051 8043 8119 8378 
8327 7844 7723 8273 8605 8173 8609 7889 8638 8520 8839 8107 8166 7905 7731 8275 8026 8866 8686 8483 8475 7768 7916 8267 8488 8641 7919 7910 8133 8397 7843 8198 8184 8580 8062 8203 8714 8422 8593 7975 8745 8435 8028 8050 7850 8809 9005 8076 7825 8389 8469 7998 8527 8291 7949 8442 8184 8194 8569 8651 8160 8577 8368 8046 8111 8501 8960 8224 8552 8546 8102 8188 8346 7937 8246 8382 7531 8258 8446 7948 9046 8491 8275 8863 7887 8165 8422 8387 8602 9032 7768 7959 8381 8472 9516 8377 7539 8587 8811 8120 8155 8579 8726 8719 8321 8156 8181 7819 8469 8221 8456 8450 8478 7997 7711 8787 8066 8284 8701 7957 8192 8448 8390 8163 8263 7842 8758 8020 8160 8843 8131 8475 7874 7816 8736 8495 8111 8714 8267 8337 8539 8028 8385 8364 8343 8298 8523 8426 7541 8241 8455 8244 7752 7882 7849 8424 8552 8598 7734 8477 8246 8413 8490 8949 8480 8608 7852 7780 8369 8160 7983 7986 7863 8814 8369 8821 8613 8319 8496 8385 8250 8197 8231 8042 7797 8208 8352 7813 8104 8505 8426 8518 8280 8279 8931 7709 8225 8131 7477 8230 8624 8067 8150 7915 8113 7465 8064 8300 8367 8056 8461 8328 8419 8101 8873 8285 8593 8629 8459 8704 8185 8341 8286 8403 8508 7957 8199 8690 8516 7598 8214 8506 8533 8752 8172 8366 8920 8653 8273 8135 8428 8215 8247 8651 8493 8006 7831 8107 7857 8433 8579 8259 8213 8117 7969 8086 8110 7753 7948 8127 8732 8561 8192 8201 8890 9211 8227 8253 8294 7837 8302 8147 8447 8529 8270 9000 8054 7977 8183 8012 8691 8325 8401 8442 8419 8461 8639 7837 8475 8748 8121 8201 8145 8356 8283 7812 8354 8268 8714 8638 7751 8297 8379 8848 8176 8315 8264 8945 8714 8638 7960 8363 7819 8655 8262 8295 7985 8585 8770 8460 8711 8210 8510 9059 8142 8260 8100 7861 8369 8345 8292 8423 8396 8101 8231 8427 8626 8277 8351 8577 8174 7712 8356 8383 8051 8492 8296 8711 7851 8406 8509 7926 8360 9089 8146 8330 8455 8122 8204 8452 8615 8725 8328 8624 8563 8154 8947 8191 8308 8566 8186 8036 8269 8570 7934 8308 8083 8895 8377 8440 8256 8135 8710 8310 8977 8030 8386 8114 8649 7951 8668 8644 8810 8726 8439 7944 8355 8344 8011 8221 
8011 8203 7699 8373 8476 8403 8782 7769 8307 8270 8702 8202 8373 7903 7986 8212 8215 9255 8554 8126 8286 8251 7970 8139 8077 8318 8288 7993 8547 8439 7798 8216 8205 8666 8263 8847 8692 8496 8764 8032 8596 8664 8182 8352 8485 8861 8710 8243 8242 8350 8458 8313 8488 8393 8248 8329 7879 8170 8734 8722 8437 8657 8148 8088 8114 8435 9079 8293 8790 8733 7955 8042 8411 8259 8480 8271 7537 8376 8384 7951 8996 8207 8376 8792 8158 8727 8185 8367 8821 8910 8086 8090 8650 8458 8514 7772 7772 8748 8674 8682 8191 8637 8590 8390 8311 8272 8396 7883 8277 8457 8337 8520 8273 8465 8478 8747 8305 8139 8596 8031 7986 8538 8366 8534 8557 8352 8861 8195 8408 8655 7904 8310 7969 7503 8722 8395 7591 8569 8331 8393 8046 8297 8315 8592 8533 8199 8348 8179 7948 7918 8330 8348 7935 8241 7889 8495 8542 8384 7560 8762 8212 8557 8233 8526 8454 8404 7849 7938 8568 8059 7474 8121 7734 8602 8622 8706 8872 8686 8346 7982 8472 8081 8101 8165 7746 8127 8363 8208 8264 8603 8793 8358 8548 8157 8986 8161 8430 7705 7855 8579 8253 8108 8114 7824 8072 7528 7811 8470 8472 7989 8054 8440 8774 8194 8749 8375 8853 8581 8735 8938 7942 8063 8376 8471 8638 8039 8519 8656 8943 8033 8304 8515 8210 8616 8058 8125 8702 8453 8248 8317 8865 8286 8020 8961 8604 8352 7846 8221 8072 8768 8134 8552 7785 8126 8077 8118 7770 7897 8509 8231 8510 8519 8686 8295 8819 9367 8343 8283 8330 8335 8254 8656 8626 8718 8232 8592 8316 7766 8636 8029 8859 8703 8485 8674 8659 8293 8503 7468 8684 8666 8300 8084 7994 8345 8485 8093 8389 8409 8700 8315 8163 8005 8307 8496 8679 8255 8706 8649 8472 8119 8250 8606 8013 8486 8388 8237 8080 8459 8520 8261 8720 8501 8725 8792 8214 8298 7914 7786 8305 8532 8010 8806 8584 8092 8597 8436 8367 8424 8414 8929 8296 8333 8546 8219 7912 8438 8637 8610 8112 8461 8692 8090 8142 8955 8280 8540 8316 8319 7747 8633 8830 8602 8386 8654 8539 8339 8708 7936 8507 8597 8390 7822 8699 8289 7956 8146 7423 8767 8417 8424 8167 8394 8450 8416 8984 8290 8597 8101 8454 8347 8643 8636 8563 8697 8605 8316 7981 7818 8155 8691 
7966 8079 7905 8195 8657 8515 8495 7898 8810 8498 8762 8379 8242 7983 8034 8461 7891 8864 8105 8335 8389 8319 8282 8303 8351 8346 7940 8138 8356 8402 8033 8112 7909 9141 8319 8114 8671 8351 8538 8200 8833 8593 8204 8224 8209 9047 8782 8083 7808 8493 8319 8395 8663 8449 8139 8652 8097 8439 8576 8398 8584 8694 8139 8422 8043 8388 8657 8820 8495 8500 8170 7897 8515 8216 8262 7980 8046 8529 8724 8580 9187 8389 8245 8828 8045 8551 8239 8618 8581 8778 7633 7832 8469 8745 8765 8070 7804 8778 8703 8407 8433 8582 8646 8504 8400 7988 8187 8073 8433 8319 8289 8307 8659 8279 8187 8594 8173 8575 8939 8157 8250 8644 8556 8199 8534 7926 8901 8297 8327 8744 8461 8836 8197 8118 8433 8511 8040 8784 8359 8276 8409 8177 8574 8550 8464 8273 8871 8244 7815 8009 8272 8284 7799 8363 8053 8511 8720 8655 8044 8539 8157 8386 8745 8551 8438 8255 7916 7864 8578 8348 7882 8088 8066 8568 8313 8686 8641 8783 8087 8223 8320 8337 8427 8167 8063 8363 8670 7969 7945 8380 8637 8463 8380 8285 9045 8196 8373 7894 7676 8414 8293 8433 8130 8070 7981 7741 7797 8823 8594 8047 8186 8247 8538 8100 9004 8514 8966 8697 8288 8616 7957 8583 8484 8469 8575 8165 8385 8878 8516 8043 8134 8613 8428 8806 8338 8069 8725 8928 7928 8274 8845 8264 8332 8855 8640 8322 7990 8162 7991 8718 8279 8473 7819 8151 8166 8170 7987 8018 8385 8343 8638 8405 8703 8315 8811 9154 8354 8541 8298 8290 8271 8337 8403 8726 8272 8868 8127 7912 8517 8169 8596 8456 8870 8572 8629 8433 8452 7849 8484 8565 7998 8319 8155 8414 8489 8123 8265 8359 8798 8345 8100 8366 8120 8624 8235 8400 8632 8812 8639 8464 8405 8657 7937 8972 8523 8313 8409 8681 8500 8093 8575 8716 8524 9098 8432 8248 8218 7960 8216 8073 8150 8522 8390 8261 8374 8386 8481 8388 8228 8663 7880 8018 8448 8239 7924 8684 8431 8530 7901 8783 8430 8079 8123 9079 8391 8177 8315 7731 8160 8369 8748 8735 8450 8576 8550 8207 8989 8092 8377 8671 8415 8030 8581 8489 8156 7927 7969 8596 8392 8452 8520 8495 8565 8198 8975 8213 8534 8206 8911 8530 8643 8272 8604 8728 8728 8365 8271 8349 8294 8524 
7615 8289 7603 7953 8244 8059 8342 7639 8274 7867 8627 7978 7559 7836 8236 8184 7976 8503 8102 8224 8319 8135 7889 7927 7834 8033 7662 7774 8069 8049 7987 7566 7852 8622 7639 8344 8533 8076 8199 7872 8421 8117 7906 7911 7941 8713 8582 7571 8026 8383 8057 8073 8298 7946 8123 8228 7740 8570 8228 8371 8172 8209 7951 7914 7904 8429 8600 7747 8223 8284 7912 7744 8422 8049 8124 7789 7537 7944 8441 8376 8761 8250 8042 8470 7465 8194 8240 8495 8132 8568 7386 7852 8101 8275 8469 7756 7509 8115 8481 7884 7792 8091 8373 8028 7971 7774 7867 7709 8097 8221 8421 8060 8011 7676 8008 8629 7739 8125 8218 8069 7792 8201 8340 7744 8118 7719 8147 8191 7993 8541 7782 8709 7964 7624 8285 8212 7826 8100 8271 7758 7913 7822 8460 7966 7794 8122 8078 7955 7654 7955 7822 8181 8222 7948 7595 8294 8520 8056 7703 8180 8231 8268 8040 8368 8070 7972 7280 7535 8210 7976 7519 8061 7328 8166 8034 8419 8622 7870 8003 8040 8059 7781 7855 7714 7806 8176 8232 7793 7568 7864 8129 8225 8376 7998 8534 7633 7929 7560 7055 8308 7713 7814 8089 7369 8129 7385 7476 8200 7957 8084 8430 8193 8453 8191 8802 8193 8332 8759 8244 8632 7591 8347 8145 7992 8419 8181 8098 8446 8102 7698 7738 8342 8212 8368 8154 8193 8067 8467 7861 8030 8166 8101 7745 8415 8535 7570 7699 7403 7668 8194 8209 8145 7608 8089 8110 7675 7686 7688 7859 8109 8654 8570 8152 8159 8298 8816 8206 8345 8013 7918 8156 7820 8092 8355 8168 8762 7911 7738 8234 7901 8311 8304 8363 8371 8259 8176 8307 7151 8460 7974 7826 7927 7623 8162 8059 8075 8109 7771 8345 7960 7628 7879 8163 8075 8126 8174 8304 8544 8397 8304 7842 7738 7807 8332 8048 7776 8105 8002 7896 8280 8195 8286 8044 8802 8004 8046 8039 7319 8253 8150 7529 8585 8414 8227 8017 8198 7962 7934 8075 8184 7783 7639 7915 7965 7819 8386 8368 8197 7778 8538 8132 8190 7999 8623 7941 7948 8260 7923 7881 8369 8143 8225 8113 8453 8519 7772 8928 7900 8179 8648 7891 8070 8120 8010 7788 7874 7693 8328 8258 8328 8128 7909 8503 8125 8760 8347 8271 8186 8345 8257 8498 8188 8355 8469 8121 7843 7632 8021 8196 8189 
7988 8146 7849 7865 7932 7901 8590 7274 7818 8267 8474 8018 8091 7782 7583 8132 7884 8836 8018 8012 8122 8058 8111 7842 8156 8144 7905 7864 8371 7985 7895 8124 7761 8763 7916 8186 8475 8154 8619 7894 8549 8115 8029 8061 8034 8819 8797 7984 8100 8360 8040 8204 8297 8186 7672 8369 7790 8326 8376 8704 8277 8342 8114 7900 7724 8357 8670 8087 8194 8062 7724 8052 8080 7986 8166 8374 7530 8142 8380 8368 8581 8083 8139 8480 7775 7911 8089 8123 8320 8888 7503 7766 8405 8262 8648 7937 7670 8410 8327 8202 7923 8402 8398 8396 8056 7995 7949 7719 7901 8015 8151 8541 8028 8053 8137 8214 7721 7790 8225 8349 8064 8370 8098 8384 8166 7800 8511 8090 8248 8657 7981 8391 7477 7535 8384 8269 7705 8332 7977 8122 8132 7910 8070 8205 8187 7956 8346 7770 7760 7936 8219 7848 8103 8228 7774 8442 8520 8272 7516 8230 8207 8152 8371 8326 8276 7683 7344 7859 8380 7911 7503 7634 7645 8201 7871 8480 8621 8307 7788 8486 8230 8110 8117 8122 7768 7962 8199 7641 7926 8505 8243 8291 8205 8192 8832 7639 8283 7813 7641 8288 8172 7763 7775 7677 7975 7275 7588 8213 8396 8289 8427 8431 8677 7981 8552 8038 8391 8276 8210 8808 7723 7813 8509 7976 8272 7903 8375 8501 8736 7796 7556 8434 8539 8352 7916 7837 8590 8692 8132 8078 8774 7932 7842 8319 8617 7981 7619 7773 7652 8275 8183 8266 7736 7988 8150 7682 7788 8121 7874 8198 8737 8544 8425 8045 8639 8897 8127 8010 7796 8009 8392 8043 8431 8277 8275 8726 8001 7946 8171 7802 8311 8258 8029 8511 8169 8094 8324 7716 8512 8141 8133 7884 7851 8105 8177 7818 8396 8025 8467 8078 7493 7940 8340 8126 8127 8107 8224 8445 8487 8170 8120 8162 7749 8217 7943 7975 8072 8056 8448 8449 8728 8125 8413 8539 7986 8389 8078 7739 7874 8273 7817 8237 8256 8045 8246 7977 8213 7998 7938 8531 7810 7855 8219 8184 7882 8646 8060 8397 7797 8482 8354 7866 8168 8603 8296 8036 7911 7969 7919 8510 8817 8569 8187 8257 8684 7747 8825 7981 8024 8638 8070 7868 8195 8074 7815 8001 7633 8651 8272 8270 8258 7871 8713 8365 8884 8116 8255 7968 8600 7992 8615 8541 8005 8309 8390 7655 8023 7899 7953 8380 
7360 7229 7359 7534 7419 7643 8027 6636 7507 7698 7828 7563 7537 6891 7237 7422 7409 7995 7708 7578 7486 7068 7083 7257 7787 7912 7185 7082 7783 7264 7035 7346 7430 7926 7355 7602 7800 7797 7818 7048 8052 7682 7550 7393 7372 7996 7989 7560 7262 7853 7459 7548 7478 7593 7521 8069 7247 7867 7842 7754 7317 7834 7232 7616 7039 7783 8045 7534 7908 7790 7274 7329 7742 7517 7824 7212 6677 7600 7707 7490 8133 7735 7385 7943 7173 7312 7300 7481 7765 7963 6872 7096 7784 7665 8113 7255 6742 7884 7863 7192 7374 7728 7852 7521 7951 7339 7376 7524 7429 7576 7815 7793 7390 7390 7436 7744 7109 7447 7965 7214 7607 7902 7420 7482 7826 7333 7978 7504 7766 8094 7408 7872 7205 6839 7673 7503 6964 7570 7640 7380 7557 7372 7722 7669 7406 7465 7988 7830 7238 7625 7634 7062 7068 7474 7220 7622 7737 7430 6985 7561 7556 7758 7758 7719 7695 7829 6878 7186 7430 7115 6945 7430 6986 8103 7530 7948 7956 7408 7647 7344 7559 7395 7276 7236 7102 7304 7761 7088 7239 7748 7513 7785 7712 7426 8149 6989 7392 6897 7211 8037 7455 7168 7547 7113 7643 6740 7194 7479 7461 7446 7846 7549 7506 7412 7931 7423 7766 7434 7589 8337 6929 7552 7592 7424 7542 7132 7235 7797 8005 6870 7237 7694 7860 7901 7610 7345 8011 8203 7337 7436 7340 7722 7243 7947 7546 7878 7155 7372 7002 7722 7473 7546 6991 6989 7703 7125 7341 7355 7519 7331 7984 7713 7567 7178 7791 8117 7674 7290 7305 7322 7853 7685 7657 7391 7448 8238 7732 6939 7553 7201 7724 7550 7666 7580 7917 7759 7784 6906 7859 7733 7006 7399 7236 7534 7850 7076 7436 7362 8047 7189 7301 7438 7413 7783 7697 7506 7472 7921 7731 7902 7374 7691 7216 7890 7672 7191 7511 7690 7663 7582 7590 7741 7772 8429 7619 7525 7323 7038 7384 7825 7526 7836 7566 7388 7477 7529 7556 7505 7506 7618 7229 7413 7289 7477 7474 7935 7356 7857 7186 7802 7870 7058 7435 8118 7409 7141 7722 7520 7335 7565 7802 7946 7483 7380 7628 7178 7917 7432 7709 7668 7209 7217 7579 7784 7315 7443 7070 7916 7419 7409 7383 7732 8059 7518 8147 7608 7831 7467 7800 7500 7966 7589 7717 7868 7554 7200 7376 7499 7495 7706 
7820 7802 7729 7861 8236 7898 8447 7352 8115 8015 8272 8017 8020 7634 7791 8212 7866 8637 8155 7992 8232 7844 7851 7828 8177 8142 7921 7723 8073 8018 7443 7909 7693 8660 8096 8063 8626 8071 8424 8009 8637 8348 7933 8118 7715 8344 8641 7721 7662 8211 7888 8096 8141 8082 7662 8188 7835 8308 8208 8213 8333 8020 7796 7891 7775 8271 8652 7828 8495 8083 7955 7615 8220 7944 8085 8076 7634 8069 8169 7931 8464 8199 7820 8236 7215 8270 7870 8554 8244 8633 7276 7837 7920 8287 8852 7784 7679 8012 8188 7877 8040 7945 8282 8202 8164 8150 7889 7829 8113 8169 8365 8366 7787 7922 7909 8086 7749 7681 8161 7654 8012 8295 7998 8441 8099 7927 8567 7881 8283 8375 7918 8390 7976 7422 8174 8654 7674 8411 7959 8195 8096 7953 8396 8338 8049 7937 8644 7841 7547 7829 7893 8348 8011 7886 7418 8440 8300 8039 7289 7992 7764 8001 8184 8348 8165 7891 7502 7936 7960 7323 7465 7881 7526 8329 7660 8360 8700 8156 7888 8061 7721 7710 7996 7902 7605 8373 8121 7573 7827 8205 8293 8396 8006 8099 8421 7771 8287 7684 7280 8100 7868 7644 8177 7699 7718 7154 7764 7828 7995 7792 8054 8362 8380 7726 8527 7951 8060 8345 8471 8743 7204 8000 8179 8248 8113 8188 8013 8462 8244 7769 7622 8622 8321 8515 7853 7957 8060 8438 7876 8107 8385 8103 7878 8315 8391 7839 7784 7646 7694 8152 8248 8003 7669 7974 8046 7653 7736 7581 7936 7976 8859 8021 7954 7931 8766 9079 8396 7739 8099 7902 8068 7971 8075 8204 8026 8487 7703 7584 7995 7499 8402 8024 8421 7923 8065 8104 8235 7123 8368 8278 7922 7927 7738 8168 8076 7399 8178 8170 8251 7952 7497 8043 8353 7896 8048 7869 7978 8384 8434 8180 7756 8221 7831 8402 7778 7775 8122 7771 8172 8090 8263 8355 8069 8703 7954 8288 7937 7464 7778 8349 7926 8125 8330 8133 8021 8288 8266 7992 8155 8300 7764 8040 7994 8052 7619 8520 8041 8365 7761 8332 8422 7568 7974 8606 8116 7867 8401 7979 8010 8212 8411 8363 8362 8099 8505 7937 8832 7621 7834 8548 7883 7667 7809 8087 7812 7697 7849 8272 8196 8066 8206 7807 8568 8071 9131 8019 8412 8011 8334 8309 8478 8246 8143 7962 8301 8074 7824 8104 7691 8453 
7779 7932 7516 8225 7984 7945 8409 7211 7859 7913 8791 7943 7962 7475 7532 7749 7797 8495 8269 7631 7797 7705 7680 7679 7983 7934 7632 7740 8111 7820 7513 7572 7795 8318 7604 7896 8517 8087 8292 7759 8224 8168 8158 7933 8016 8655 8764 7647 7358 8058 8021 8011 7863 8301 7739 7776 8043 8220 8167 8341 7966 8162 7784 7804 7598 8132 8547 7911 7805 8073 7480 7654 8049 8285 7938 7665 7322 7927 8009 7974 8526 7866 8047 8524 7433 8043 7912 7815 8417 8216 7209 7475 8292 8230 8555 7804 7401 8183 8280 7599 8103 8125 8578 8132 7990 7818 7355 7527 8233 7989 8217 8027 7713 7766 7856 7995 7675 7704 8304 7678 8093 8188 8318 8050 7989 7646 8115 7731 8030 8423 7764 8195 7549 7681 8099 8175 7566 8306 7915 8055 8168 7638 8038 7946 7981 7861 8193 8117 7489 7970 8183 7968 7782 7774 7247 8045 8036 8226 7223 8203 7640 8121 8363 8057 8274 7669 7319 7864 7753 7727 7322 7813 7394 7966 7844 8413 8492 8390 7736 7832 8120 7710 7916 8006 7589 8046 8404 7751 7549 7777 7826 8007 8183 7870 8605 7634 8169 7654 7345 8350 8248 7602 8031 7666 7644 7071 7397 8009 7879 7747 8134 8002 8312 8089 8323 8021 8437 8156 8116 8168 7345 7892 7808 8229 7972 7879 8082 8568 8152 7385 7585 8356 8035 8360 7853 8231 8250 8402 7919 8280 8282 7883 7841 8509 8467 7838 7713 8048 7778 8180 8130 8074 7521 8048 7780 7674 7832 7949 8005 8237 8515 8215 8179 7686 8309 8786 8067 7859 7571 7699 7971 7771 7838 8092 8075 8529 8170 7590 8072 7707 8319 7983 7962 7829 7981 7925 8223 7405 8324 8192 7843 8260 7804 8191 8132 7637 7920 7956 8159 7671 8009 7613 7755 8308 8121 7369 8051 8287 8401 7836 7805 8347 7577 8459 8045 7676 8191 8105 8109 7957 8047 8024 7855 8575 8144 7852 8056 7370 7705 7932 7531 8333 8169 7964 7969 8387 8252 7892 8203 8534 7728 7473 8034 7882 7616 8215 7842 8006 7289 8472 8220 7850 7838 8399 7975 8217 8104 7862 7750 7986 8514 8279 7818 7985 8284 7888 8682 7808 8180 8314 7974 7323 7820 8035 7858 7700 7644 8011 8445 8248 8035 7975 8495 7928 8758 8085 7740 7750 8151 8246 8314 7878 8292 8517 8324 7795 8081 7982 7823 8341 
7774 7844 7555 7860 8197 7724 8632 7709 8249 8108 8387 8118 8174 7510 7509 8409 8225 8678 7958 8130 8252 7961 7961 7762 8175 8235 7633 7806 8057 8206 7789 7730 7954 8333 7737 8320 8309 8014 8330 7749 8372 8306 8318 8059 7741 8401 8472 7806 7739 8206 8017 7902 8269 7991 7686 8414 7804 8297 8065 8463 8315 8611 7916 8011 7601 8173 8487 8035 8399 8124 8046 7610 8026 7874 8216 8226 7825 7954 8315 8280 8317 8451 7729 8551 7448 8353 8032 8369 8492 8337 7310 7749 8164 8210 8625 7710 7346 8311 8277 7793 7954 8407 8398 8224 8242 8104 7786 7634 8435 8051 7955 8316 8171 7864 8132 8284 7941 8151 8246 8091 7896 8361 8056 8170 8070 7691 8794 8009 7951 8238 7786 8017 7614 7172 8644 8089 7244 8367 7990 8113 8256 7760 8226 8265 8046 7614 8457 7969 7407 7679 7987 8057 7831 7747 7898 8340 8099 7948 7240 8373 8060 8016 8382 8449 8156 8187 7281 7891 8059 7995 7540 7860 7641 8509 8167 7835 8318 8273 7904 7933 8247 7720 7755 8125 7463 8006 8149 7528 7798 8019 8135 8213 8079 8231 8678 7619 7998 7891 7662 8299 7774 8023 8284 7779 7875 7272 7453 8206 8131 8057 8202 8187 8321 7722 8476 8338 8273 8283 8523 8899 7891 7597 8202 8144 8180 7890 8259 8541 8412 7878 7889 8352 8134 8516 7931 7793 7986 8311 7949 7823 8735 7979 8180 8545 8280 7961 7721 8065 7773 8282 8068 7826 7743 8079 7942 7529 7586 7597 7922 8227 8674 8323 8464 8045 8813 8731 8105 7853 7706 7733 8351 8092 8006 8291 8204 8911 7866 7604 8297 7826 8140 8136 8119 7935 8351 8195 8001 7289 8446 8458 7706 8251 7856 7944 8172 7555 8095 7927 8533 7930 7643 7970 8053 8036 8423 7939 8336 8124 8584 8025 8312 8112 7724 8357 7995 7849 8277 8365 8175 8209 8291 7970 8160 8841 8188 8499 8081 7762 8147 7828 7696 8304 8205 7948 8129 8035 8316 8304 8196 8832 7881 8169 8192 8074 7910 8533 8488 8504 7717 8526 8555 7680 8167 8613 7802 7932 8182 7876 7638 8198 8363 8105 8295 8224 8350 7849 8473 7885 8141 8141 7603 7785 7901 8262 7994 7919 7704 8702 8358 8353 8003 8023 8472 8203 9162 8131 8097 7731 8651 8235 8211 7874 8457 8449 8374 7647 8087 8185 7711 8049 
7675 8337 7632 7757 8022 8132 8681 7474 8111 8191 8204 8072 7991 7487 7848 8014 8072 8675 8166 8263 8038 8179 8022 8007 8193 8443 8022 7778 7785 8261 7873 7818 7534 8755 7865 8191 8198 8206 8262 8182 8459 8461 8203 8237 7753 8432 8706 7682 7853 8176 8078 8083 8214 7743 7819 8146 7846 8458 8562 8508 8566 8593 7822 8030 7641 8209 8374 8010 8482 7997 8061 8126 8340 7899 7670 7985 7708 8376 8076 7941 8698 8155 8357 8470 7496 7939 8129 8285 8594 8768 7709 7779 8136 8419 8760 7612 7480 8396 8298 7968 8078 8151 8415 8067 8278 7751 8215 7865 8127 8036 8158 8315 7964 7776 8005 8465 7943 7888 8260 7782 8042 8301 7942 8428 8141 7797 8624 8106 8170 8600 7910 8384 7779 7287 8229 8140 7879 8158 8219 8046 8068 7804 8172 8109 8030 7860 8416 7930 7531 7589 7973 8177 8258 7612 8020 8004 8444 8124 7523 8202 7969 8389 8364 8150 8126 8150 7494 7684 7688 7976 7476 7818 7295 8357 7786 8624 8045 8099 7838 8163 7998 7717 7680 7861 7758 8151 8214 7662 7818 8046 8101 8195 8368 7844 8530 7455 8145 7485 7684 8471 8101 7944 8125 7486 7842 7310 7769 7977 8107 7943 8144 8358 8276 8022 8482 8155 8161 8237 8052 8454 7649 8201 7980 8315 8116 7754 7992 8370 8336 7926 7860 8495 8046 8374 7863 7954 8340 8416 8021 8125 8178 8207 7832 8467 8249 8082 7802 7751 7595 8561 8108 8122 7685 7983 7932 7819 7667 7938 8030 8384 8506 8593 8415 7961 8160 8929 8191 8032 8321 8093 8198 8255 8099 8302 8242 8591 8012 7506 8204 7562 8308 8215 8246 8056 8245 7976 7998 7313 8120 8269 8092 8070 8217 7997 8177 7510 8308 8100 8444 8261 7941 7957 8060 8032 8076 7747 8249 8655 8283 8344 8003 8076 7560 8497 8107 7578 8247 8035 8135 8045 7983 8232 8243 8787 7917 7802 7912 7585 8139 8299 7624 8312 8254 7905 8191 8358 7991 8155 8124 8583 8208 7843 8007 8317 7621 8474 8323 8234 7580 8380 8796 7785 7907 8604 7837 8078 8219 8309 7802 8159 8346 8574 8180 8135 8664 7855 8557 8114 8255 8128 8124 7858 7931 7806 7682 8004 7404 8185 8422 8212 8064 8109 8514 8086 9078 8100 8102 7695 8324 8302 8503 8129 8363 8366 8240 8038 7955 8134 7849 8278 
7725 7764 7489 7633 8049 7788 8395 7200 8140 8013 8439 7773 8032 7664 7686 8299 7737 8400 8064 8031 8332 7746 7760 8013 8111 8141 7949 7688 8148 8007 7458 7556 7823 8362 7890 8105 8255 7925 8273 7709 8618 8046 7993 8182 7401 8590 8409 7605 7794 8505 7930 7748 7965 7817 7860 8432 7905 8038 7922 8242 8527 8416 7857 7851 7773 8116 8577 7993 8205 8036 7803 7686 8124 7650 8300 8116 7300 7875 8214 8282 8394 8133 8107 8404 7377 8020 7667 8399 8020 8727 7426 7816 8197 8218 8320 7690 7084 8287 8072 7789 7984 8238 8274 7903 7962 8001 7971 7891 7998 8409 7948 7771 8267 7646 7776 8374 8031 7810 8065 7828 7756 8044 8069 7865 8227 7678 8542 7908 7809 8252 8049 8213 7634 7375 8388 8351 7748 8060 7821 7956 7925 7664 8082 8046 7755 8052 8139 7622 7616 7539 7932 8029 7836 7978 7749 8253 8219 7976 7293 8272 7738 8176 8274 8242 7912 7895 7129 7807 8165 7444 7504 7593 7419 8519 7751 8436 8253 7992 7667 7751 7953 7911 7875 7717 7536 8117 7930 7437 7371 8137 8259 7932 8013 7635 8427 7296 7981 7702 7276 8354 7622 7609 7826 7672 7819 7526 7154 8053 8049 8138 8270 7978 8327 7601 8486 8170 8235 8201 7990 8361 7449 7841 8190 7849 8037 7775 7816 8455 8220 7734 8161 8506 7992 8120 8163 7763 8186 8261 8067 7978 8350 7827 7798 8313 8133 7914 7319 7656 7724 8425 7520 8013 7746 7815 7989 7726 7706 7715 7766 7854 8560 8464 8102 8149 8139 8706 7949 7924 7478 7889 7934 8032 8169 8067 8179 8544 7596 8126 8082 7309 7959 8119 8312 8104 8297 8077 8041 7501 8230 8045 7584 7855 7657 7915 8186 8014 7893 7859 8107 8221 7604 7678 7921 7946 8065 8033 7905 8380 7747 8095 8191 8109 7692 8306 7923 7811 7910 8037 8142 8160 8328 7904 7928 8597 7944 7995 7754 7608 7976 8275 7568 8305 8078 8160 8226 8060 8071 7810 7944 8438 7782 8170 7812 7808 7673 8368 7761 8299 7626 8381 8288 7575 7586 8758 7879 8071 8066 7742 7817 8170 8410 8187 7584 7856 8303 7850 8612 7717 7918 8339 7989 7633 7962 8388 7512 8112 7448 8213 8442 8161 7744 7781 8028 8191 8613 7935 8155 7618 8434 7837 8236 8048 8064 8357 8010 7774 7624 7827 7929 8017 
7819 8209 7917 8064 8178 8239 8761 7967 8788 8473 8708 8529 8337 8095 8004 8268 8321 8564 8739 8181 8513 8292 7962 8453 8261 8553 8350 8364 8113 8339 8245 7805 8291 8707 7833 8335 8597 8296 8810 8144 8534 8705 8326 8212 8597 9108 8825 7886 8034 8607 8220 8580 8301 8477 7949 8311 7898 8619 8431 8702 8300 8699 8242 8237 7960 8461 8958 8298 8631 8412 8246 7980 8530 7827 8529 8373 7976 8614 8226 8292 8736 8686 8501 8999 7965 8319 8540 8533 8758 8838 8015 7822 8362 8266 8975 7913 7609 8754 8621 8301 8016 8449 8901 8564 8240 8158 8199 7827 8473 8714 8473 8461 8637 8160 8267 8616 8424 8170 8516 8072 8587 8658 8313 8099 8617 7997 8714 8458 8445 8571 8394 8602 7791 7591 8582 8346 8019 8650 8543 8504 8492 7858 8316 8633 8312 7894 8611 8101 7807 7970 8136 8658 8140 8247 7848 8139 8453 8470 7742 8736 8225 8620 8607 8702 8202 8306 7709 8343 8283 8146 7777 8082 7619 8495 8216 8800 8623 8437 8266 8330 8368 8271 8371 8154 7853 8418 8228 8151 7934 8414 8931 8263 8478 8470 8803 7957 8351 7692 7594 8555 8237 7947 8288 7509 8246 7775 7817 8279 8376 8370 8657 8203 8818 8086 8841 8274 8769 8929 8422 8780 7732 8194 8383 8740 8438 7996 8277 8710 8274 8102 8076 8702 8545 8783 8295 8437 8480 8596 8176 8261 8513 8101 8129 8738 8990 8407 8040 7877 8026 8642 8345 8253 7862 8500 8400 8031 8055 8145 8305 8394 8753 8605 8558 7972 8864 9095 8229 8383 7919 8518 8548 8343 8461 8527 8555 8800 8002 7983 8560 8220 8696 8433 8513 8585 8275 8355 8416 7888 8660 8760 8151 8087 8295 8198 8402 7801 8333 8434 8664 8541 7804 8162 8058 8028 8110 7980 8474 8755 8520 8400 8311 8786 8163 8831 8296 8085 8553 8484 8759 8284 8768 8522 8809 9224 8211 8229 8466 7597 8384 8321 7926 8723 8512 8545 8381 8548 8442 8570 8161 8777 7851 8083 8405 8389 8243 9034 8357 8334 8012 8659 8478 8238 8273 8977 8158 8372 8220 8087 7950 8474 8603 8466 8294 8461 8698 8198 9147 8401 8385 8615 8279 8296 8492 8384 7979 8324 7728 8394 8677 8271 8270 8270 8640 8604 9185 8521 8652 8149 8566 8081 8751 8280 8401 8819 8522 8096 8045 8559 8024 8571 
7731 7721 7663 8056 8216 7746 8401 7678 8094 7880 8302 7825 8112 7563 7763 7821 7632 8681 7983 8050 7837 7764 7603 7919 7895 7931 8197 8002 7984 7944 7582 7697 7762 8374 7053 8159 7999 8195 8335 7630 8336 8114 7707 7960 7771 8430 8642 7650 7646 8295 8112 7847 8078 7644 7653 7976 7945 7933 7921 8116 8117 8073 7721 8083 7467 8278 8229 7895 8178 8018 7959 7896 8117 7749 7823 7906 7560 7790 7954 8154 8523 7886 8184 8292 7567 8003 7710 8158 8078 8503 7349 7767 8123 7906 8353 7446 7415 8111 8123 7893 7825 8081 8468 8069 7947 7806 7827 7742 8157 8117 8128 7884 8068 7789 7968 8399 7217 7558 8163 7716 8174 8211 7901 8188 7954 7690 8429 7877 7811 7820 8092 7919 7336 7155 8182 8128 7456 8021 8114 8342 8256 7863 7955 8169 7921 7638 8521 7834 7384 7955 7525 8034 7724 7868 7339 8000 8191 7948 6885 8000 7650 8391 7944 8206 8024 7762 7060 7527 7846 7735 7696 7785 7164 8088 8014 8247 8373 8202 7758 7609 8154 7862 7700 7656 7298 7963 7839 7546 8003 8019 7909 8046 8238 7885 8389 7463 8113 7625 7513 8471 7842 7740 7990 7420 7709 7053 7460 8049 7841 8114 7997 7957 8434 7868 8252 8182 8306 8158 8114 8168 7555 7859 8304 7910 7967 7848 8189 8408 8224 7546 7757 8115 8064 8174 7655 7813 8286 8267 7827 7800 7925 8149 7674 8260 8243 7998 7889 7702 7507 8680 7931 8129 7313 7883 8007 7870 7411 7772 7912 7759 8428 8277 8341 7894 8072 8665 7817 7797 7921 7708 8109 7574 8029 8139 8375 8660 7780 7543 8004 7571 8050 8530 8078 7913 8047 7681 8120 7400 8500 8028 7452 7710 7694 8037 7873 7447 7882 8061 8228 7935 7417 7808 7895 8007 8299 7853 8281 8401 8204 8074 8226 7847 7634 8358 7629 7892 7861 8425 8247 7961 8193 8141 8050 8602 7793 7829 7821 7694 7700 8054 7506 8524 7941 8340 7729 8316 8183 7961 7976 8393 7563 7416 8038 8218 7910 8379 8112 8184 7355 8594 8206 7634 8121 8602 7990 7595 8090 7843 7879 7581 8308 8149 8151 8013 7939 7738 8270 8006 7810 7888 7921 7734 8164 8360 7813 7682 7319 8223 8295 8086 8140 7949 8375 8170 8636 8048 8208 7779 8152 7759 8364 7956 8326 8234 8028 7666 7743 7930 7735 8356 
7824 8063 7520 7543 7893 7925 8238 7474 8107 8161 8136 7928 8049 7937 7551 7832 7713 8654 7858 7594 7841 7736 8320 7550 8129 8118 7654 7601 8114 7883 7458 7431 7710 8371 8038 8177 8292 8101 8491 7894 8142 8209 7708 7746 7846 8636 8425 7468 7727 7964 8032 7939 8011 8068 7280 7974 7785 8102 8161 7958 8248 8174 7704 8061 7860 8148 8473 7977 8011 8030 7898 7598 8452 7509 7839 8040 7357 7876 7994 7609 8728 8238 7996 8221 7620 7865 7876 8043 8302 8421 7615 7773 8133 8040 8464 7740 7413 7917 8202 7703 7719 8083 8163 7811 7660 7945 7496 7741 8316 8119 7923 8270 8001 7790 7623 8468 7733 7812 7963 7718 7987 8274 8157 8147 8118 7844 8401 8188 8014 8009 8262 8130 7784 7396 8281 8051 7364 8179 7671 8180 7964 7855 8198 8051 7908 7733 8227 7855 7459 7707 8160 8130 7488 7514 7343 8108 8381 8101 7315 8358 7774 8344 8149 8275 7853 7864 6980 7578 8060 7280 7417 7796 7089 8416 7618 8622 8468 7967 7792 7706 7904 7940 7965 7737 7395 8022 8048 7938 7410 7961 8218 7888 8089 8024 8207 7443 7954 7525 7329 8176 7959 7595 7901 7542 7813 6908 7663 7841 8181 8060 7868 7680 8372 7435 8262 8517 8070 8416 8312 8588 7484 7956 7807 8147 8187 8018 8061 8266 7954 7793 7764 8281 7998 8437 7576 7935 8155 8276 7570 8143 8248 7625 7833 8176 8503 7757 7513 7960 7334 8228 8358 7951 7911 8208 7893 7845 7757 7418 8029 8085 8222 8204 7973 8172 8649 8948 7919 7870 7782 7722 8175 8195 8277 8239 8221 8587 7590 7803 8169 7595 8227 7939 8325 8112 8345 7937 8197 7178 8488 8662 7799 7724 7586 8227 7895 7587 7913 7939 8056 8083 7600 7904 7945 7918 8092 7842 8131 8407 8031 7592 8286 8107 7845 8321 7994 7814 7908 7929 7693 8227 7863 7908 8025 8615 8122 7913 7725 7720 8032 7917 7612 8131 8175 7976 7891 8192 8099 8004 8169 8198 7536 7606 8267 8249 7635 8118 8212 8159 7717 8474 8280 7558 7921 8681 7928 8008 7947 7710 7529 8124 8122 8205 8122 8065 8320 7966 8918 7596 7991 8267 7783 7339 7772 8212 7802 7809 7470 8224 8274 8219 8075 7615 8382 7926 8953 8197 8052 7724 8252 7536 8548 8233 7734 8185 8113 7696 7731 8007 7777 8117 
7635 7838 7315 7640 7972 7793 8440 7608 7950 7970 8558 7883 7720 7667 7813 8155 7603 8582 8201 7966 7866 7885 7643 7712 7761 7887 7741 7935 8091 7838 7540 7555 7980 8477 7696 8083 8643 8143 8107 7541 8296 8315 7594 7973 7569 8691 8216 7477 7759 8009 7930 8304 7991 8030 7848 8167 7762 8062 8405 8472 8088 8383 8190 7875 7546 8075 8639 7853 8260 8362 8012 7749 8271 7830 8102 7999 7569 8295 8208 7813 8271 8037 7751 8450 7664 7989 7997 7970 8534 8334 7415 7934 8143 8060 8330 7810 7227 8054 8358 7705 8105 7831 8350 7617 7985 7938 7740 7472 7872 7864 8050 8185 7689 7639 7798 8330 7884 7730 8192 7697 8065 8406 7864 7934 8234 7667 8075 7978 8318 8260 7968 8089 7881 7331 8314 8154 7543 8469 7995 8336 8146 7790 8143 8085 7834 7708 8597 7538 7403 7747 8022 8092 7776 7841 7211 8080 8418 8203 7247 8042 7848 8183 7952 8257 8089 7917 7481 8083 8038 7547 7464 7895 7098 8222 7600 8423 8130 7921 7768 7699 7906 7404 7970 7752 7407 7986 7751 7500 7597 8050 8129 8390 8048 7698 8456 7523 7986 7637 7349 8252 7908 7403 7744 7636 7666 7471 7419 8064 8008 7838 7882 7966 8617 8009 8326 7994 8160 8326 8523 8360 7443 7857 8111 8087 8016 7700 8143 8424 8111 7505 7787 8157 7964 8489 7904 7890 8031 8209 7937 8232 8103 7886 8010 8361 8488 7921 7501 7852 7605 8075 8350 7897 7823 8061 7726 7647 7386 7676 8047 8270 8404 8559 8038 7863 8208 8754 8289 7866 8009 7653 8039 7677 7898 8380 8027 8342 7692 7613 8080 7358 8337 7731 8290 8176 8309 7732 8236 7550 8165 8416 7628 7805 7785 7893 7794 7914 7852 7960 8199 7658 7659 7907 7708 7964 8206 8064 8249 8465 8228 8274 8200 8035 7758 8398 7979 7543 7768 7928 8001 8353 8219 8165 7841 8841 8286 8078 8130 7497 7896 8039 7687 8428 8191 8179 8166 8105 8222 8042 8224 8248 7696 7743 8108 7995 8116 8432 7999 8463 7468 8413 7863 7861 7891 8619 7873 8178 8128 7556 7562 8189 8372 8326 8201 8032 8262 7829 8439 7584 7897 8038 7927 7864 7820 8057 7513 8046 7307 8386 8186 8038 8053 7649 8629 7665 8723 7965 7859 7714 8419 7641 8494 8107 8049 8088 8126 7744 7662 7915 7837 8412 
7751 7966 7729 8206 8159 8350 8406 7538 8228 8133 8299 8151 7925 7746 7660 8353 7939 8206 8209 8186 8203 7937 8009 7748 8046 7951 8216 7759 8228 7851 8013 8105 7799 8527 7861 8370 8445 8148 8366 8041 8616 8553 8117 8083 8056 8820 8646 7663 7842 8463 7829 8077 8360 8014 7610 8204 7708 8337 8135 8404 8433 8292 8143 7967 7547 8030 8673 7673 8041 7929 7599 7748 8339 8077 8056 7868 7571 8074 8348 7922 8604 8093 8034 8594 7516 8124 7921 8013 8527 8445 7518 7779 8277 8416 8369 7922 7336 8344 8144 7891 7968 8296 8571 8092 8033 7859 7591 7499 8310 7816 8186 8365 8052 7847 7680 8275 7844 8072 8222 8052 8003 8397 8279 8011 8049 7652 8602 8099 8128 8449 7934 8441 7881 7405 8376 8250 7600 8245 8245 8051 8472 7583 8347 8251 8270 8032 8152 8013 7341 8077 7945 8085 8012 7785 7716 7987 8426 7984 7250 8313 7987 8114 8029 8277 8245 8079 7541 7712 7842 7602 7582 8004 7514 8531 7885 8364 8369 8000 7595 8141 8001 7959 8153 7689 7591 7982 8036 7785 7530 8074 8049 8155 7883 8236 8525 7692 8453 7528 7128 8138 8102 7826 7739 7410 7881 7554 7542 7822 8068 8073 8090 8147 8524 7426 8719 8093 8121 8462 8195 8770 7376 7776 8131 8074 8184 7996 7947 8380 8214 7586 7708 8377 8104 8249 7982 8023 8259 8438 7762 8185 8469 8092 8287 8378 8536 7983 7817 7894 7454 8208 8347 8062 7363 8022 7993 8116 7502 7818 8200 8012 8847 8140 8314 7571 8664 8759 8099 7773 7889 8011 7884 7746 8097 8106 8329 8498 7805 7753 7994 7806 8326 7920 8403 8108 7933 8101 8194 7543 8497 7963 8052 8079 7877 7983 8341 7633 7848 7989 8659 8169 7488 8023 8212 8490 8489 7972 8381 8129 8469 8017 7877 8352 7555 8131 7706 7576 7863 8085 8388 8217 8291 8368 8177 8840 8381 8029 7957 7556 7623 8088 7811 8347 8266 8037 8079 8205 7854 8014 8068 8510 7625 7656 8180 7763 7985 8327 8033 8349 7834 8072 8475 7690 7901 8684 8041 8130 8086 7654 7622 8405 8154 8319 8314 8198 8706 8219 8680 7813 7964 8354 7694 7560 8082 8384 7669 7911 7912 8411 8450 8129 8100 7995 8448 7998 8949 8171 8068 7561 8386 7980 8612 8181 8328 8141 8278 7800 7623 8016 8065 8118 
7690 7394 7458 7736 7837 7751 8150 7552 7914 7776 8379 7800 7740 7305 7558 7897 7553 8365 7832 8135 7887 7936 7694 7684 7864 8220 7877 7277 7877 7984 7497 7595 7587 8324 7325 7898 8094 7599 8550 7347 8179 7885 7788 7633 7536 8631 8184 7766 7695 8109 7608 7827 7907 7684 7550 7890 7571 7770 7835 7817 7926 8180 7624 7678 7707 8037 7865 7556 7824 7838 7771 7224 8011 7633 7686 7342 7579 7637 7818 7547 8465 7762 7866 8264 7502 7917 7683 8099 8280 8210 7130 7279 7835 8259 8195 7721 7422 7969 8296 7888 7700 7807 8309 7682 7669 7736 7643 7294 7639 7768 7767 7828 7755 7765 7856 8194 7644 7484 8336 7813 7816 8222 7842 8166 7851 7531 8272 7372 7828 8461 7651 7930 7432 7246 7856 8066 7391 7948 7973 7611 7696 7694 7776 7940 7842 7858 8051 7363 7503 7544 7864 7467 7601 7297 7784 8003 8176 7561 7089 8107 7877 7767 8145 8336 8020 7757 7011 7565 7657 7406 7191 7597 7470 8133 7992 8286 8239 7906 7626 7699 7649 7724 7438 7792 7358 7851 8077 7654 7689 8043 8047 8278 7787 7740 8405 7668 7922 7407 7668 7905 7884 7901 7749 7250 7512 7100 7215 8072 8135 7683 8046 7716 8036 7343 8559 7864 7860 8072 8202 8379 7315 7906 7929 8030 8077 7404 7944 8364 8100 7636 7793 8461 8066 7859 7720 7983 8004 8351 7612 7721 7939 7538 7370 8317 8161 7747 7323 7462 7543 7758 7941 7750 7202 7659 7549 7859 7191 7648 7785 7548 8044 7975 8276 7662 8393 8732 8088 7763 7607 7775 7800 7928 7819 7553 8295 8501 7444 7396 7854 7410 8168 7738 7662 7931 8091 7923 8053 6989 8157 8159 7720 7594 7867 7946 8054 7561 8103 7848 8182 8009 7622 7667 7880 7924 7654 7391 7942 8304 8073 8049 7577 8138 7505 7873 7849 7619 7755 8007 7865 8020 8111 7920 7900 8847 7904 7925 7678 7632 7720 8054 7378 7976 7686 8227 7846 7699 7937 7947 8062 7972 7942 7622 7761 7960 7493 8217 8177 8032 7484 7908 8268 7764 7796 8427 7979 7628 7890 7562 7365 7988 8085 7926 8034 8057 8175 7814 8405 7766 7346 8297 7354 7661 7846 7783 7321 7259 7236 7850 8401 7722 7827 7611 8301 7762 8479 7761 8187 7682 8196 7878 7787 8176 8011 7969 7867 7791 7766 7498 7555 7756 
8325 8275 7767 8210 8473 8262 8650 7913 8817 8243 8905 8546 8437 8019 8057 8626 7947 9171 8540 8652 8439 8117 8019 8161 8439 8463 8036 7839 8546 8379 8394 8174 7951 8737 7910 8667 8723 8354 8960 8215 8726 8533 8259 8286 8232 8981 9182 8175 8386 8475 8589 8183 8509 8495 8047 8582 8154 8398 8463 8666 8496 8886 8346 7893 7904 8667 8790 7995 8598 8328 8029 8038 8296 8100 8313 8351 7528 8339 8626 8316 8898 8718 8581 8763 7949 8541 8304 8490 8756 8952 7980 7888 8305 8701 8614 8285 7950 8711 9028 8274 8366 8448 8998 8659 8244 8293 7989 7898 8524 8560 8627 8822 8297 8109 7929 8464 8200 8023 8715 8120 8390 8543 8492 8162 8420 7839 9108 8418 8274 8834 8452 8950 7712 7691 8508 8494 7985 8565 8563 8625 7973 8365 8269 8510 8027 8212 8607 8301 7841 7839 8208 8584 8233 8231 7656 8405 8934 8581 7789 8693 8236 8331 8256 8561 8411 8178 7395 8060 8276 7974 7862 8037 7709 8752 8105 8637 8903 8331 8304 8164 8443 8045 8133 8253 8142 8390 8584 8308 7937 8561 8460 8611 8419 8364 8644 7845 8731 8039 8003 8261 8610 7911 8435 7693 8136 7721 7734 8454 8230 8220 8649 8354 8606 8116 8693 8284 8334 8797 8466 8879 7859 8192 8331 8505 8486 7976 8237 8677 8528 7974 8161 8564 8445 8554 8105 8721 8818 8872 8174 8518 8678 8234 8418 8595 8979 8194 8121 8258 7904 8843 8495 8394 8110 8445 8504 8098 8111 7930 8252 8604 8778 8696 8648 8175 8532 9223 8598 8502 7973 8276 8463 8263 8351 8520 8529 9242 8121 8125 8358 8143 8885 8948 8574 8439 8521 8039 8343 7783 8525 8650 7962 7909 8415 8574 8512 7921 8425 8476 8828 8382 8085 8433 8465 8557 8597 8018 8397 8641 8735 8147 8330 8419 7859 8662 8312 8232 8197 8610 8483 8278 8667 8437 8270 9233 8409 8653 8076 8030 8291 8384 7733 8528 8566 8122 8439 8608 8362 8274 8479 8914 8295 7991 8544 8183 7808 8337 8355 8735 7851 9001 8558 8222 8039 8932 8524 8278 8479 8212 7996 8719 8983 8421 8466 8384 8723 7956 9034 8704 8092 8940 8327 8024 8616 8186 8117 8273 7690 8427 8990 8285 8448 8126 8776 8436 8809 8303 8120 8183 8878 8297 8865 8509 8689 8850 8864 8360 8310 8210 8422 8408 
7307 8150 7641 7858 8415 7954 8429 7773 8427 8356 8341 7897 8105 7801 7813 7936 7864 8608 8123 8091 8010 7782 7927 8211 7947 8067 7703 7717 8113 8136 7597 7754 7494 8329 7869 7969 7972 7960 8176 7744 8285 7886 7738 7905 7604 8916 8434 7771 7715 8147 8072 8221 8309 8136 7935 8262 7973 8445 8161 8222 8220 8619 7892 8273 7998 8121 8589 7869 8611 8219 8222 7533 8056 7833 8330 7761 7627 8131 8114 8072 8181 8123 8255 8446 7746 8035 7657 8051 8308 8361 7364 7509 8164 8191 8568 7820 7881 8464 8301 7986 7909 8032 8575 7892 7999 7630 7807 7503 8128 7736 7997 8089 8403 7717 7960 8488 7872 8020 8317 7552 8118 8373 7842 8006 8012 7593 8679 8038 8166 8341 7927 8143 7723 7485 8035 8294 7464 8351 8309 8010 7925 8106 8404 8125 7886 8062 8018 8118 7320 7834 7881 8075 8014 7836 7501 8251 8237 7951 7549 8150 7635 8171 8375 8135 8298 8063 7358 7658 7906 7917 7676 7421 7591 8217 8021 8546 8208 8030 7852 7831 8227 7854 7713 7820 7638 8425 8307 7674 7571 8063 7813 8148 8305 8034 8414 7834 8073 7743 7299 7965 7819 7761 8115 7646 8091 7261 7619 8223 7845 7903 8283 8213 8381 7989 8432 7984 8188 8219 8215 8335 7633 7962 7988 8106 7917 7767 8287 8420 7989 7870 7647 8136 8006 8416 7975 8098 8303 8410 7957 8022 8371 7633 7498 8691 8402 8001 7642 7635 7796 8285 8267 7959 7608 7856 7811 7627 7533 7723 7805 7893 8321 8437 8081 7914 8406 9136 8115 7752 7844 7895 8189 7912 8131 7950 8150 9033 7883 7706 8107 7839 8086 8251 8422 8079 7910 8031 8217 7532 8235 8311 7929 7878 7520 8097 8166 7822 7877 7901 8616 8002 7649 7865 7855 8145 8051 7926 8258 8406 8424 8200 7933 8152 8198 8352 7794 7529 8137 8296 7769 8112 8298 8135 8168 8675 8088 8098 7935 7363 8097 8433 7467 8278 8378 8170 7833 8088 8055 8196 7755 8430 7540 7618 8350 8013 7705 8596 8263 8398 7534 8724 8155 7816 7967 8890 7873 7890 8141 7825 7929 8151 8293 8212 7894 8368 8134 7987 8857 7948 8081 8256 7716 7444 7901 8276 7556 7726 7389 8253 8388 8375 7829 7973 8460 7999 8594 8004 8358 7960 8508 8004 8368 8050 8206 8411 8129 8050 8191 7766 8000 8259 
7969 7901 7754 7634 7886 7848 8490 7298 8127 8218 8345 7859 8288 7593 7660 8154 7996 8634 8076 8032 7949 7643 8100 8093 8144 8057 7953 7676 8269 7773 7685 7731 7723 8398 7867 8309 8113 8168 8476 7540 8357 8397 7983 8055 8057 8682 9024 7914 7714 8263 7838 7817 8168 7823 7461 8426 7556 8084 8180 8286 7993 8411 7770 7993 7614 8312 8415 8052 8106 8386 7387 7892 8135 7736 7910 7753 7476 7910 8229 7950 8394 8316 8063 8340 7693 7949 7850 8174 8319 8288 7256 7575 8198 8138 8841 7886 7492 8447 8285 8117 7834 7967 8586 8122 8015 7706 7675 7922 8234 7953 7865 8117 8227 7785 7604 7993 7525 7822 8279 7671 7842 8217 8221 7869 7961 7870 8571 8129 7843 8575 8095 8132 7616 7339 8361 8339 7471 8182 8203 8121 7814 7674 8234 8191 7767 8099 8152 7759 7410 7743 8205 7739 7568 7551 7602 8202 8507 8089 7252 8246 8023 8398 8202 8204 8225 7924 7419 7552 7884 7919 7761 7863 7356 8165 8175 8759 8463 8202 8168 7700 8063 7683 7968 7652 7505 8296 8114 7365 7554 7866 8240 7910 8150 7990 8424 7415 8227 7625 7563 8150 7817 7492 8079 7254 7673 7022 7582 8048 8369 7736 8114 7927 8623 7527 8486 8071 8404 8182 7904 8599 7720 8008 8285 8141 8278 7729 7963 8438 8468 7468 7915 8507 8059 8406 7826 7888 8090 8452 7907 8125 8290 7833 8037 8459 7980 7993 7596 7767 7736 8270 7880 7973 7516 7786 7884 7915 7565 7696 7675 7966 8781 8395 8094 8040 8329 8912 7963 7808 7969 7961 7869 8000 8049 8038 8088 8678 7847 7957 8088 7718 8390 8241 8289 8230 7946 8064 8357 7332 8416 8098 7895 7831 7868 8060 8609 7831 7650 7895 8411 8197 7617 7970 7950 8257 7906 8150 8129 8483 8136 8006 7992 8349 7635 8229 7926 7763 8112 8221 8398 8344 8219 8067 7881 8699 7875 7958 7744 7629 7925 8297 7703 8260 8293 8274 7832 8160 8223 7834 8113 8345 8101 7655 7828 7875 8132 8090 7953 8116 7446 8400 8187 7902 7512 8597 8019 7746 8248 7869 7836 8073 8276 8148 8268 8319 8334 8001 8460 7889 7870 8358 7597 7742 7945 8244 7773 7634 7430 8104 8161 8072 8058 8032 8247 7916 8918 8164 8052 7710 8412 7856 8218 8264 8305 8675 8360 7629 7623 7717 7957 8062 
8154 8085 8147 8147 8549 8284 8762 7604 8757 8459 9074 8342 8342 7625 8239 8333 8009 8935 8537 8189 8471 8124 8179 8125 8326 8477 7949 7984 8294 8610 8096 7984 7725 8889 8211 8541 8722 8350 8657 8372 8870 8405 8357 8298 8277 8804 9086 7675 8392 8478 8166 8372 8510 8340 8334 8383 8166 8727 8603 8685 8495 8538 8161 8311 8194 8519 8941 8167 8680 8226 8080 8072 8561 8126 8324 8027 7923 8288 8460 8498 8929 8337 8102 8677 7785 8331 8232 8679 8477 8849 8062 8060 8242 8647 9042 8199 7442 8826 8724 8278 8235 8515 8990 8553 8720 8242 8066 8045 8626 8403 8521 8470 8487 7996 7830 8582 8159 7919 8459 8017 8262 8582 8362 8356 8496 8138 8735 8332 8070 8619 8210 8618 7856 7609 8582 8519 7968 8962 8137 8250 8519 7706 8498 8352 8206 8261 8856 8154 7696 7979 8280 8265 8138 7812 7974 8514 8329 8365 7612 8878 8469 8630 8680 8453 8679 8245 7952 7783 8291 8004 7901 8363 8023 8456 8098 8643 8773 8536 8444 8258 7853 7912 8070 8115 7821 8391 8206 8297 7885 8511 8471 8585 8415 8430 8867 7931 8258 7961 7614 8557 8322 8235 8267 7821 8497 7478 7973 8256 8329 8102 8703 8312 8886 7840 8826 8565 8491 8737 8286 9070 7933 8423 8439 8252 8275 8308 8597 8484 8529 7908 7886 8651 8515 8737 8113 8405 8303 8922 8074 8531 8902 8332 8136 9087 8664 8373 8341 8329 8023 8636 8616 8390 8038 8113 8209 8070 7767 8086 8392 8315 8880 8401 8526 8296 8924 8915 8394 8134 8290 8173 8516 8504 8280 8397 8368 8856 8467 8014 8230 7967 8800 8258 8421 8398 8688 8543 8672 7900 8582 8419 8261 7842 8222 8039 8336 7885 8334 8328 9026 8317 7896 8254 8239 8676 8592 8199 8534 8799 8686 8498 8256 8394 8004 8931 8398 8062 8444 8310 8179 8541 8748 8198 8182 9216 8320 7989 8170 7636 8116 8323 8124 8614 8636 8707 8067 8785 8500 8181 8256 8835 7836 8101 8395 8410 8087 8845 8516 8414 8127 8973 8580 8081 8073 8972 8690 8124 8835 8288 8546 8768 8872 8648 8532 8580 8736 8210 8900 8310 8140 8749 8237 8012 8442 8717 8138 8145 7807 8598 8561 8479 8337 8346 8709 8351 9261 8026 8233 8292 8730 8355 8616 8473 8866 8582 8527 8287 8444 8291 8213 8385 
7969 8110 7922 8001 8307 7966 8529 7705 8111 8231 8515 8225 8081 7863 7732 7947 7952 8938 8051 8106 7742 7788 7905 7870 8202 8083 8100 7481 7803 8217 7853 8022 7681 8527 8132 8077 8652 8002 8488 7678 8792 8275 8170 8119 8007 8788 8458 8127 8025 8343 8425 8178 8437 8011 7641 8096 7834 8275 8245 8451 8339 8319 8035 8101 7781 8393 8580 8203 8187 8193 7995 7829 8127 8238 8189 8036 7636 7931 8037 8390 8637 8060 8421 8576 7325 8088 7992 8489 8632 8397 7607 7755 8406 8262 8604 7942 7703 8205 8391 8238 8011 8116 8612 8130 8306 8229 7861 7678 8519 8422 8229 8233 8238 8066 7630 8585 7829 8149 8193 7833 7946 8234 8038 8387 8302 7836 8701 8103 8179 8369 8202 8263 7639 7374 8322 8545 7797 8385 8230 8543 8227 7936 8119 8238 8254 7916 8366 8353 7654 7886 8063 7819 8087 8354 7517 7925 8297 7975 7177 8369 8258 8250 8690 8260 8178 8097 7473 7587 7995 7885 7444 7928 7429 8033 7854 8551 8469 8205 7915 7872 8178 7834 7873 7947 7814 7929 8376 8148 7759 8172 8195 8423 8492 8052 8604 7878 8344 7874 7832 8335 8097 8099 8296 7587 8055 7337 7609 8170 8369 8141 8413 8255 8721 7995 8578 7834 8399 8682 8016 8586 7657 8104 8301 8625 8302 7763 8188 8801 8067 7805 7887 8688 8398 8472 7936 7971 8190 8575 7999 8066 8473 8027 7883 8475 8389 8242 7822 7605 7806 8634 8351 8183 7647 8122 8018 7746 7588 7849 8450 8065 8741 8361 8102 8051 8650 8971 7737 8218 7659 8139 7959 8218 8259 8129 8322 8675 7827 7686 8200 7670 8364 8517 8295 8342 7890 8305 8186 7424 8547 8246 8013 8331 8040 8129 8200 7896 8130 8182 8184 8214 7630 7947 8094 8214 8460 7839 8033 8672 8338 8125 8173 8148 7633 8643 7857 7987 8032 8269 8409 8232 8600 8235 8168 9058 8418 8008 7758 7585 7925 7906 7654 8343 8675 8258 8189 8366 8444 8246 8207 8331 7711 7855 8056 8041 8168 8335 8091 8508 7453 8660 8093 7846 7988 8693 8350 7707 7929 8045 7891 8019 8536 8350 7954 8083 8289 7966 8537 8162 8064 8074 8151 7783 7935 8210 8151 7829 7590 8194 8642 8296 8356 8008 8633 8171 9032 8014 8350 7826 8582 8234 8402 8572 8352 8103 8357 8056 8048 8250 7845 8167 
7131 7582 7038 7518 7905 7826 7907 7041 8118 8039 7977 7446 7740 7323 7501 7632 7912 8184 7879 7719 7955 7638 7315 7345 7625 7360 7263 7249 7650 7665 7069 7382 7721 8188 7619 7738 7849 7483 7945 7535 8168 7558 7657 7915 7418 8034 8013 7156 7592 7699 7752 7747 7924 7694 7338 7725 7358 7829 7746 8017 7886 7845 7513 7771 7693 7742 8281 7511 8064 7679 7605 7313 7837 7523 7699 7336 7155 7769 7797 7610 8094 7968 7743 8447 7445 7607 7931 7996 8050 8082 7231 7291 7968 7897 8289 7408 7475 7942 8153 7405 7868 7730 8073 7920 7756 7582 7242 7503 7940 7867 7682 7694 7883 7958 7285 8165 7643 7395 7981 7259 7730 7918 7627 7525 7766 7389 8110 7361 7677 8020 7072 8347 7549 7462 8041 8142 7269 7921 7909 7733 7697 7522 7690 7823 7523 7663 7773 7649 7219 7445 7573 7962 7410 7384 7098 8097 8302 7780 7183 7917 7651 7636 7778 7789 7755 7624 7013 7385 7739 7588 7094 7769 7329 7816 7651 8213 8107 8138 7437 7565 7916 7406 7631 7558 7240 7795 7779 7635 7458 7795 7968 7886 7658 7556 7988 7293 7892 7060 7170 7834 7375 7534 7610 7110 7529 6942 6822 7579 8121 7815 7774 7703 7885 7126 7791 7775 7768 8250 8031 8031 7238 7760 8169 7830 8013 7684 7985 8190 7880 7503 7515 8251 8094 7992 7601 7817 7835 7918 7906 7432 7950 7424 7481 8355 7961 7614 7444 7208 7315 7873 8031 7574 7533 7701 7701 7425 7049 7319 7750 7556 8321 7991 7852 8023 8198 8772 7696 7474 7445 7581 7606 7470 7824 8348 7601 8352 7355 7412 7791 7731 7857 8096 7755 7627 7892 7551 7711 6924 7949 8056 7344 7456 7599 7825 7771 7534 7799 7583 7909 7668 7114 7518 7501 7660 7922 7583 7970 7903 8064 7706 7590 7973 7618 7918 7634 7687 7762 7592 7705 7895 8122 8087 7623 8201 7427 7912 7599 7272 7660 7424 7460 8026 8021 7777 7721 7854 7634 7729 7910 8079 7761 7324 7685 8005 7555 7939 7783 8047 7509 8117 8173 7411 7687 8523 7593 7707 7827 7631 7456 7938 8141 7570 7716 7818 7682 7495 8106 7716 7863 7599 7567 7279 7654 7778 7488 7616 7324 7592 8188 7736 7913 7490 8092 7909 8631 8064 7694 7560 8137 7719 7986 8136 7904 8218 7915 7674 7574 7647 7349 7923 
8007 7789 7938 8148 8574 8142 9001 7596 8315 8150 8288 8193 8108 8046 7888 8199 7828 9009 8546 8118 8353 8082 8132 7815 8112 8153 8140 7986 8304 8376 7982 8141 8150 8721 7946 8390 8178 8200 8696 7879 8581 8478 8458 8128 8226 8797 8959 7861 7963 8585 8100 8177 8144 8116 8014 8654 7757 8501 8459 8896 8129 8530 8038 8241 7773 8348 8561 8156 8415 8567 8069 7944 8632 7820 8071 7967 7711 8262 8787 8516 8761 8047 8171 8761 7740 8112 8042 8416 8428 8781 7880 8036 8516 8291 8637 8006 7535 8586 8259 8068 8321 8056 8742 8382 8418 8421 8057 7789 7992 8115 8113 8179 8479 7982 8073 8575 8129 7920 8507 8111 8135 8517 8181 8205 8355 8068 8975 8379 8534 8802 8489 8573 8137 7346 8896 8167 8237 8835 8230 8165 8590 7910 8550 8509 8124 7884 8299 8187 7654 7467 8120 8023 7942 7902 7961 8429 8633 8390 7413 8539 8062 8916 8562 8526 8259 8271 7482 7825 8139 8088 7809 7937 7361 8610 8211 8580 8469 8566 7926 7914 8003 8207 8124 7723 7752 8307 8432 7922 7765 8173 8461 8393 8264 8036 8862 7849 8244 8069 7730 8516 8363 8032 7736 7499 8002 7677 7639 8421 8114 7915 8286 8226 8625 8052 8742 8066 8524 8346 8477 8368 7898 8165 8190 8355 8292 8027 8085 8732 8341 7963 8218 8356 8154 8450 8012 8415 8181 8516 7867 8344 8590 8249 8137 8631 8407 8480 7856 8090 7915 8480 8207 8431 7868 8296 8127 7977 7696 7874 8406 8323 8733 8244 8502 8367 8694 8985 7999 8249 7916 8160 8471 8566 8161 8420 8317 8949 7900 7872 8373 7900 8593 8198 8240 8166 8535 8060 8286 7617 8512 8396 7841 7936 7885 8151 8269 8108 8035 8289 8724 8376 7797 7942 8338 8318 8257 7856 8510 8623 8389 8626 8353 8381 8074 8823 8327 7753 8536 8297 8810 8430 8541 8298 8629 8886 8169 8286 8086 7485 8122 8384 7972 8250 8379 8113 8168 8236 8264 8412 8246 8637 8049 8117 8424 8190 8033 8622 8307 8352 7790 8646 8558 7968 8488 8961 8306 8494 8386 7958 8033 8279 8817 8470 8403 8260 8656 8007 8835 8198 7949 8664 7993 8039 8291 8376 7823 8102 7723 8611 8759 7952 8354 8228 8489 8101 8924 8034 8088 7884 8470 8372 8546 8485 8521 8555 8466 8350 8082 8163 8428 8189 
7818 7628 7522 7890 7938 7809 8428 7287 8085 8108 8393 8382 7924 7661 8013 8075 7670 8427 7942 8133 8254 7957 7829 7440 7962 7958 7650 7758 8097 7871 7656 7790 7851 8510 8125 8153 8289 8137 8646 7332 8477 8388 7828 7996 7730 8515 8341 7971 7975 8355 7860 8084 8135 7919 7573 7997 7746 8340 8072 8162 8062 8272 7962 7994 7776 8119 8194 7886 8340 8196 7652 7562 8020 7889 8322 7793 7398 8002 8172 7791 8520 7871 8333 8549 7715 8096 8147 8301 8476 8340 7390 7795 8183 8084 8249 8058 7709 8140 8520 8037 8013 8043 8313 8142 7950 7890 7607 7539 7889 7994 7814 8000 8290 7822 7775 8257 7924 7755 8382 8142 8112 8211 8171 7958 8144 7595 8614 8271 8622 8401 7851 8351 7725 7077 8308 8088 7273 7920 7921 7931 8088 7851 8304 8120 7871 7632 8255 7793 7693 7742 8347 7754 7642 7877 7798 7836 8527 8053 7503 8417 7804 7805 8351 8296 7903 7870 7143 7776 8485 7807 7315 7921 7467 8357 7918 8355 8304 7887 7679 7902 7859 7649 7805 7783 7455 8265 8071 7672 7690 7993 8049 8312 8733 7981 8539 7629 7825 7657 7606 7932 7692 7544 7699 7526 7828 7367 7451 8115 8252 7968 8066 8249 8452 7553 8542 8307 8099 8355 7922 8343 7717 7690 8366 8105 7973 7841 8112 8411 8291 7848 7666 8508 8224 8418 7982 7842 8285 8525 7954 7957 8503 8051 7831 8423 8472 7869 7701 7621 7922 8437 8049 8094 8059 7979 8195 7701 7721 7860 8058 8167 7810 8100 8144 8074 8417 8736 8193 7934 8061 7959 8074 7807 8126 8475 8226 8419 7878 7640 8298 7600 8514 8097 7961 8267 7967 8174 7993 7202 8521 8568 7728 7885 7921 8180 7973 7764 8066 8116 8524 8182 7367 7810 8201 8255 8108 7594 8123 8237 8300 8037 7884 8085 7633 8103 8070 8083 7859 8175 8262 8096 8400 8169 8197 8812 7993 7766 8029 7547 7905 7589 7538 7992 8209 8136 8205 8072 8302 8004 8008 8299 7878 7466 8345 8180 7902 8054 8124 8415 7573 8225 8300 7825 8216 8637 7970 7932 8149 7589 7733 8411 7934 8238 8148 8083 8363 7976 8364 7640 8067 8452 8157 7633 7950 8097 7946 7916 7640 7844 8365 8226 8104 7545 8379 7942 8571 7868 8094 7705 8607 7820 7996 8140 8162 8267 8191 7853 7768 7848 7791 7977 
8071 8010 7881 8125 8320 8227 8875 7972 8595 8445 8723 8496 8187 7835 7827 8132 7755 8822 8290 8079 8274 8251 8261 8158 8328 8520 8041 7693 8171 8306 8047 7965 8183 8638 7792 8321 8407 8302 8504 8021 8701 8375 8126 8056 7790 8652 9041 8023 8003 8777 8562 8136 8481 8294 7889 8600 7868 8373 8312 8825 8577 8758 8204 8169 8279 8106 8661 8249 8596 8222 8133 8153 8434 8000 8243 8162 7709 7823 8479 8246 8739 8425 8457 8533 7810 8234 8251 8807 8697 8934 7704 7908 8384 8577 9033 7917 7467 8400 8283 8232 7930 8174 8811 8605 8544 7836 8242 7764 8405 8483 8387 8365 8319 8163 8049 8905 8222 8155 8337 8072 8495 8686 8209 8489 8269 8130 8786 8225 8173 8543 8094 8788 7928 7437 8654 8367 7769 8589 8461 8254 8246 8057 8458 8264 7925 8100 8540 8291 7956 8017 8432 8221 7724 8067 8033 8342 8453 8285 7692 8684 8080 8438 8361 8363 8364 8122 7555 7942 8013 7896 7925 7623 7601 8685 8247 8843 8705 8679 7990 8018 8244 8328 8241 8009 8135 8595 8513 8208 8048 8396 8496 8087 8544 8245 9015 7700 8194 7746 7593 8240 8086 7931 8418 7716 8053 7636 7869 8551 8193 8358 8710 8505 8508 7882 8716 8266 8617 8399 8445 8595 7655 8433 8343 8312 8260 8145 8461 8613 8330 7961 8043 8550 8269 8617 8003 8086 8698 8780 8195 8540 8586 8275 7988 8858 8686 8470 7421 7985 8030 8731 8176 8644 7803 8305 8280 8234 8074 7888 8304 8146 8853 8570 8481 8104 8748 9156 8099 8275 8142 8317 8031 8237 8320 8428 8550 8951 7944 8186 8579 8008 8448 8535 8646 8286 8249 8501 8573 7704 8439 8458 8253 7736 7888 8399 8183 7807 8275 8306 8291 8522 7536 8374 8206 8366 8311 8078 8624 8772 8410 8278 8487 8407 7562 8936 8462 8083 8566 7939 8354 8627 8175 8002 8375 8804 8294 8005 8067 8015 8383 8272 7738 8562 8592 7990 7963 8511 8390 8080 8131 8625 7886 8198 8697 8294 8019 8438 8552 8495 8014 8800 8615 8312 8275 8946 8074 7926 8425 8240 8216 8317 8775 8581 7928 8423 8384 8158 8959 8244 8389 8721 8327 8235 8589 8281 7828 8038 7950 8492 8483 8306 8081 8110 8968 8500 8840 8181 8545 7891 8644 8054 8479 8556 8633 8784 8493 8091 7929 8200 7936 8541 
7681 7836 7576 7483 7972 7851 8498 7400 7911 8182 8248 7951 7822 7612 7511 7974 7718 8653 7744 7807 8029 7669 7958 7591 8113 8173 7566 7306 7751 8047 7571 7791 7436 8266 7650 7869 8126 7624 8406 7780 8309 8004 7791 7894 7380 8643 8282 7335 7654 8079 8107 7906 8056 7848 7535 8186 7855 7672 8145 8159 8047 8139 7488 7984 7530 8255 8309 7767 7928 7961 7938 7727 8156 7688 8058 7836 7315 7984 8026 7735 8325 7925 8090 8429 7286 7636 7711 8134 8489 8601 7302 7272 8020 7996 8376 7674 7271 7900 7937 7800 7829 7874 8098 7883 7948 7973 7942 7560 7870 8000 7949 7993 7848 7837 7849 8263 7741 7699 8295 7584 7800 7933 8382 8018 7888 7537 8381 7974 7809 8316 7911 8166 7457 7330 8280 8072 7404 7972 7842 8101 7850 7894 8146 8055 7837 8065 8337 7646 7625 7523 7768 7908 7689 7522 7426 7875 7923 7725 7199 8122 7928 8148 8232 8369 8087 7746 7078 7458 7558 7662 7411 7608 7435 8035 8100 8056 8275 7953 7828 7920 7974 7855 7602 7554 7446 7997 8095 7862 7364 7774 8157 8115 8062 7621 8165 7670 7862 7578 7538 7889 7922 7597 7882 7230 7526 7258 7530 8063 7725 7811 8034 7935 8157 7932 8489 7997 8247 8221 8198 8142 7305 7633 8036 7742 7754 7962 8158 8273 8147 7561 7381 8110 8048 7971 7438 7779 8314 8043 7855 8160 8104 7664 7662 7930 8186 7794 7463 7767 7661 8068 8070 7787 7540 8146 8045 7644 7588 7377 7645 8058 8494 8436 7926 8021 8012 8385 7847 7943 7711 7513 7957 7774 8414 8096 8050 8689 7703 7807 7924 7445 8243 7667 8083 8253 7919 8064 7944 7278 7925 8230 7686 7802 7852 8061 7976 7417 7930 7766 8437 8240 7468 7892 7883 8141 8199 7757 8019 8360 8347 7726 7646 7993 7662 8622 7828 7687 7884 7827 8037 8145 7944 7760 8108 8348 7916 7661 7607 7438 7697 8089 7619 8062 7736 8013 8121 7832 7939 7996 7513 8242 7737 7739 7983 8246 7890 8166 8257 8253 7363 8359 8391 7669 7691 8421 7660 7869 7944 7763 7481 7978 8167 8408 7927 7978 8095 7995 8398 7927 7906 8279 7650 7686 7815 7833 7644 7529 7460 8145 8163 7848 7879 7819 8243 7986 8467 7951 8090 7889 8337 7743 8236 7892 8192 8026 8356 7744 8059 7829 7749 7873 
7421 7618 7453 7565 7354 7602 8259 7187 7868 7831 8151 7741 7638 7389 7215 7593 7537 8220 7766 7408 7623 7533 7465 7436 7760 7812 7427 7567 7707 7701 7368 7304 7640 7866 7651 8041 7666 7437 7854 7339 7817 7773 7544 7818 7620 8267 8091 7422 7491 7827 7965 7712 7953 8024 7613 7945 7517 7611 7878 7844 7488 7463 7983 7969 7563 8062 7953 7540 7914 7757 7295 7456 7879 7558 7905 7541 7127 7567 7911 7806 8033 7745 7683 8111 7240 7992 7889 7946 8060 8070 6984 7221 7870 7847 8238 7369 7001 7739 7923 7848 7598 7512 8096 7640 8084 7674 7417 7384 7825 7677 7653 7942 7736 7376 7352 8236 7385 7368 7579 7822 7559 7821 7920 7887 7843 7279 7871 7656 7657 8182 7606 7956 7359 7101 8183 7739 6975 7882 7704 8008 7682 7459 7736 7751 7726 7442 8009 7592 7418 7540 7420 7601 7406 7424 7241 7707 7888 7612 6958 7774 7405 7961 7889 8277 8022 7312 7101 7427 7669 7476 7421 7277 6857 7664 7612 8039 8250 8010 7407 7750 7742 7728 7686 7667 7118 7625 7647 7207 7167 7697 7968 7703 7764 7546 8058 7153 7656 7189 7182 7897 7447 7245 7713 7052 7596 7147 7094 7639 7515 7680 7564 7780 8373 7892 8186 7637 8143 7931 8300 8003 7186 7761 7938 7722 7793 7533 7708 8009 7793 7102 7283 8021 7793 8067 7734 7721 7849 8280 7533 7647 7901 7920 7390 7823 7792 7615 7250 7216 7144 8112 7883 7520 7393 7883 7704 7473 7410 7615 7653 7733 8343 8130 7950 7673 8303 8458 7491 7516 7522 7653 7702 7642 8113 7933 7766 8273 7085 7453 7898 7653 7955 7690 7539 7634 7694 7774 7804 7128 7927 8088 7232 7944 7328 7518 7754 7130 7685 7632 8073 8108 7397 7595 7826 7669 7666 7460 7952 7947 7785 7620 7561 8013 7204 8128 7921 7527 7553 7597 7880 7794 7937 7941 7843 8712 7726 7539 7618 7103 7385 7451 7386 7738 7657 7540 7777 7722 7498 7529 7756 7837 7240 7152 7827 7864 7565 8087 7738 8040 7015 8104 7689 7472 7580 8163 7710 7734 7490 7451 7435 7813 7958 7779 7700 7781 7868 7239 8219 7289 8057 7704 7576 6935 7784 7464 7456 7305 7415 7849 8038 7515 7585 7677 8193 7642 8246 7705 7897 7707 7781 7473 8165 7626 7699 8013 7999 7355 7449 8038 7459 8157 
7612 7756 7256 7457 7788 7680 8223 7507 7835 7658 8258 7537 7581 7378 7384 7600 7864 8283 8074 7633 7932 7767 7633 7770 7642 7955 7443 7498 7683 7881 7343 7568 7365 8226 7517 7644 8157 7749 7698 7424 7934 7801 7857 7940 7670 8256 8136 7625 7342 8013 7702 7400 7926 7928 7813 7718 7689 7706 8015 8431 7823 8074 7663 7739 7707 8001 8167 7814 8116 8007 7699 7338 7632 7519 7647 7417 7295 7640 7705 7981 8344 7942 7966 8310 7202 7406 8020 8082 8328 8285 7027 7317 8182 7966 8144 7653 7268 8164 7867 7916 7905 8170 8136 8076 7929 7740 7411 7500 7923 7815 7792 7909 7942 7688 7596 8108 7484 7555 7910 7477 7953 8159 8043 7931 7854 7408 8319 7531 7934 8100 7617 7921 7716 7417 8154 8018 7335 7770 7571 8187 7714 7390 8085 7930 7766 7782 8020 7840 7329 7402 8022 7823 7704 7884 7187 7725 8072 7749 7014 7731 7936 7511 7693 8042 8067 7804 7062 7532 7779 7523 7050 7513 7438 7946 7758 8159 8093 8052 7296 7795 7749 7699 7762 7576 7353 7993 7843 7574 7642 7806 8043 7835 7529 7391 8371 7359 7918 7279 7081 8007 7730 7566 7837 7355 7589 7187 7241 8149 8185 7795 8084 7862 8158 7652 8249 7365 7979 7952 7724 8276 7446 7465 7699 8156 7940 7782 7670 8101 8001 7217 7440 8245 7956 7791 7646 8126 7883 7956 7714 7447 8063 7568 7649 8176 7991 7755 7534 7548 7272 7908 7678 7776 7173 7773 7786 7606 7075 7645 7391 7706 8155 8122 7953 7652 8323 8590 7925 7571 7466 7599 7915 7825 7834 7760 7835 8107 7362 7376 7698 7418 8102 7669 7895 8021 7717 8011 7812 6969 8106 8218 7515 7795 7531 7461 7795 7626 7976 7842 7887 8001 7317 7261 7738 8091 7645 7441 7897 8205 8059 7835 7413 7932 7459 8261 7900 7410 7933 7842 7565 7904 7925 7847 7764 8493 7759 7719 7630 6933 7814 8066 7267 7987 7927 7839 7967 7825 8089 7828 7858 8161 7612 7558 7549 7524 7575 7759 7845 7957 7448 8063 7971 7534 7575 8084 7998 7812 7918 7614 7302 7703 7905 7945 7627 8187 8114 7643 8415 7337 7919 8249 7533 7712 7772 7774 7145 7419 7178 8070 7896 7723 7790 7638 8304 8025 8460 7692 7810 7561 8421 7942 7650 8001 7897 7989 7946 7430 7422 7688 7590 7955 
7645 8094 7859 7898 8295 8453 8650 7413 8448 8391 8570 8212 8348 7505 7882 7977 7990 8574 8210 7869 8160 7989 7764 7849 8072 8425 7859 7625 8359 8364 7761 7957 7795 8437 7667 8307 8133 8201 8614 7820 8858 8195 7982 8017 7952 8790 8629 8107 7871 8432 8070 8113 8371 7811 7827 8533 8099 8203 8297 8197 7982 8382 8222 8261 7650 8088 8624 7980 8220 8456 7694 7799 8455 7745 8123 8153 7372 8185 8405 8002 8589 8206 8258 8378 8019 8159 8113 8381 8424 8599 7750 7630 8675 8273 8662 7998 7176 8373 8293 8019 8028 8564 8377 8191 8256 7986 7577 7841 8283 7939 8444 8069 8312 7993 7940 8309 8066 7879 8518 8188 8081 8486 8287 7909 8263 7688 8393 8238 8205 8720 8200 8419 7649 7208 8193 8229 7788 8465 8235 8164 8107 7756 8511 8625 7858 7853 8324 7933 7561 7551 8256 7924 7915 7757 8091 8103 8517 8165 7601 8380 7776 8177 8395 8223 8197 8022 7444 7929 7904 7491 7719 7958 7561 8397 8120 8409 8502 8065 8190 7916 8113 7975 7884 7795 7648 7866 8230 7817 7851 7879 8433 8231 8400 8360 8841 7618 8323 7644 7431 8445 8298 7820 8002 7540 8129 7731 7972 8282 8242 8208 8035 7965 8673 7890 8426 8170 8313 8118 8025 8550 7828 8001 7994 8206 7991 7752 8083 8559 8083 7431 7648 8290 8185 8643 8181 8314 8536 8388 7926 8274 8345 8266 7919 8482 8443 8069 7925 8025 7590 8624 8216 7989 7457 7938 8058 7727 7752 7985 8381 8146 8417 8411 8479 7784 8567 8826 8297 7866 7956 8183 8357 8182 8693 8472 8042 8756 8057 7819 7983 7713 8368 8399 8034 8149 8130 8485 8363 7724 8364 8267 8041 7927 7754 8121 8219 7759 8228 8059 8457 8013 7618 7635 8036 8413 8254 7788 8270 8666 8604 8256 8121 8500 7460 8236 8163 7844 8006 8207 7817 8452 8666 8056 8320 8968 8286 8098 8044 7627 7691 8179 7534 8516 8268 8007 8320 8229 8398 8164 8309 8497 7706 7982 8149 8356 8072 8324 8383 8434 7801 8404 8520 7877 8349 8795 8159 8130 8013 7979 7974 8332 8132 8575 8123 8327 8435 7773 8665 7998 8058 8321 7947 7845 8260 8107 7876 8042 7782 8663 8470 8212 8394 7981 8681 7960 8924 8226 7864 7650 8434 8125 8573 8087 8408 8293 8309 7753 7829 8144 7826 8264 
7940 8521 7888 8335 8580 8224 9044 7655 8387 8175 8700 8634 8149 7696 8339 8613 7846 8923 8435 8302 8276 7912 8206 8182 8177 8203 8249 7863 8113 8368 7959 8027 8411 8502 7819 8503 8602 8111 8926 7936 8798 8538 8182 8360 8263 8803 8577 8085 8044 8516 8126 8365 8662 8314 8084 8654 7883 8653 8435 8623 8254 8776 8062 8168 7885 8597 9037 7996 8595 8525 8270 7892 8456 8053 8130 8705 7777 8541 8470 8705 9135 8263 8230 8846 7949 8275 8176 8661 8443 8707 7783 7675 8692 8239 8714 8038 7637 8558 8421 8252 8158 8171 8917 8704 8054 8151 8119 8064 8327 8483 8220 8723 8333 8051 8231 8907 7595 7977 8362 7978 8320 8740 8187 8322 8486 8153 9117 8368 8558 8383 8404 8514 7916 7497 8418 8490 8057 8723 8111 8151 8231 8207 8503 8635 8507 8073 8160 8116 7572 7747 7877 8107 8081 8092 7964 8727 8441 8243 7649 8775 8120 8659 8578 8683 8406 8351 7697 7757 8266 8185 7776 8017 7523 8722 8117 8606 8672 8261 7942 8481 8146 8098 8100 7905 7872 8415 8464 7944 7955 8359 8601 8521 8874 8419 9110 7693 8311 7846 7683 8718 8277 7827 8069 7827 8237 7534 8014 8200 8226 8254 8450 8533 8589 7769 8765 8107 8353 8503 8756 8906 7885 7861 8485 8274 8299 7888 8058 8722 8660 7924 7805 8779 8367 8454 7986 8453 8432 8796 8198 8181 8367 8176 8088 8828 8636 8357 8316 8062 7889 8706 8454 8733 8179 8444 8377 8005 7851 7726 8717 8255 8777 8636 8521 8382 8894 8860 8306 8115 8266 8331 8186 7983 8527 8258 8435 8830 7674 8032 8421 7932 8598 8443 8427 8179 8482 8195 8561 7798 8791 8235 8264 7908 8339 8163 8323 7888 8173 8388 8603 8192 7891 8099 8383 8404 8604 8101 8451 8786 8654 8512 8377 8388 8012 8589 8442 8074 7976 8226 8306 8531 8547 8184 8390 9311 8372 8259 8148 7603 8203 8395 8156 8545 8917 8313 8049 8494 8654 8354 8139 8582 8102 8371 8568 8342 8550 8821 8480 8377 8014 8519 8214 8474 8332 8924 8312 8240 8005 8214 8144 8484 8539 8561 8460 8740 8671 8008 8845 8326 8472 9079 8024 7896 8191 8388 7867 8148 7752 8711 8646 8301 8499 8222 9124 8423 9190 8295 8379 7967 8516 8101 8603 8568 8579 8467 8690 7957 7849 8141 8432 8923 
8124 8349 7880 7965 8715 8198 8508 7536 8517 7996 8877 8675 8158 8010 7988 8384 8093 9273 8439 8284 8243 8228 8049 8087 8528 8232 8403 7896 8519 8484 7795 8205 7923 8982 8081 8831 8579 8179 8734 8155 8905 9031 8397 8321 8020 9185 8834 7993 8094 8715 8532 8208 8614 8188 7902 8637 7886 8389 8381 8201 8526 8176 8209 8173 8189 8514 8808 8420 8494 8336 8053 7997 8595 8085 8683 8037 7801 8528 8405 8365 9068 8327 8464 8867 8047 8343 8234 8679 8467 9021 7879 8110 8698 8652 8890 8280 7499 8661 8419 8230 8625 8562 8793 8395 8466 8232 7897 7998 8385 8630 8240 8623 8698 8168 8250 9033 8027 8276 8486 8105 8235 8793 8666 8299 8052 8104 8984 8257 8684 8748 8548 8674 8148 7506 8802 8346 8077 8529 8595 8568 8285 8046 8479 8508 8428 8389 8527 8060 7777 8163 8184 8545 8108 8136 8250 8481 8474 8652 7446 8642 8469 8622 8483 8754 8737 8532 7610 7874 8378 8133 7899 8170 7714 8377 8406 8622 8478 8619 8282 8159 8273 8232 8221 7899 7920 8197 8490 8186 8090 8280 8458 9027 8407 8397 8731 7671 8550 8171 7721 8574 8341 7960 8144 7792 8485 7810 7918 8228 8437 8442 8361 8519 8797 7981 9072 8316 8670 8656 8615 8662 7689 8423 8379 8355 8433 8256 8303 8746 8362 7634 7934 8883 8123 8602 8470 8340 8459 8794 8200 8570 8783 8129 8242 9118 8766 8366 7944 7907 7869 8573 8297 8116 8125 8584 8241 8030 8077 8145 8320 8418 8984 8634 8470 8279 9001 9012 8537 8157 8035 8209 8402 8138 8642 8608 8683 8941 7983 8305 8598 8261 8628 8714 8210 8221 8173 8398 8372 7740 9039 8485 8337 8340 8481 8542 8673 8150 8656 8550 8764 8627 7807 8325 8576 8439 8357 8063 8233 8768 8890 8365 8391 8343 7840 8718 8210 8040 8168 8377 8721 8606 8777 8489 8510 9058 8301 8071 8217 7855 8390 8373 8108 8532 8652 8305 8385 8533 8397 8277 8274 8879 8298 7702 8550 8198 8385 8410 8513 8904 7570 8683 8829 8127 8301 9256 8478 8095 8472 7955 8046 8721 8677 8571 8333 8667 8791 8131 8862 8279 8706 8645 8222 7926 8389 8308 8059 8329 7810 8494 8733 8429 8364 8240 8973 8755 9312 8232 8454 8250 8837 8236 9054 8466 8517 8784 8666 8225 8246 8361 7980 8468 
7998 8130 7994 8003 8187 8030 8829 7454 8395 8097 8471 8142 8106 7435 7929 8274 7987 8754 8201 8205 7916 7994 7976 8224 7844 8426 7975 7735 8398 7832 7663 7734 7768 8928 7687 8169 8285 8216 8291 8050 8600 8195 7800 7837 7840 9047 8902 7684 7850 8407 8198 8136 7930 7932 7597 8151 8304 7960 8121 8357 8336 8454 7857 8070 7663 8086 8651 8078 8224 8140 7874 7931 7822 7836 8308 7984 7579 8251 8024 7904 8740 8010 8248 8547 7695 7826 8176 8194 8445 8708 7369 7468 7773 8370 8568 8279 7521 8298 8388 7779 8069 8134 8701 8326 7989 7884 7993 7869 8042 8094 8300 8436 7863 8128 7774 8747 7812 8260 8485 7689 8069 8272 8082 8062 8026 7498 8438 7909 8075 8534 8136 8325 7977 7497 8517 8382 7901 8198 8000 7993 8033 7977 8283 8520 8104 7897 8293 7975 7518 7718 8102 8287 7818 8025 7887 8304 8287 8065 7752 8424 7695 8486 8114 7998 8013 7904 7217 7845 7899 7835 7339 7825 7479 8255 8119 8428 8282 8423 7763 8024 8133 7935 8085 7768 7589 8228 8267 7857 7771 8641 8285 8358 7983 8218 8367 7417 8111 7954 7655 8430 8089 7903 7849 7335 8034 7446 7780 8175 8320 7728 8391 8060 8614 8125 8497 8197 8478 8355 8326 8826 7685 8087 8079 8090 7944 8016 8242 8542 8372 7936 7884 8059 8188 8334 7981 7952 8392 8513 8115 7936 8259 7881 8048 8443 8533 7895 7787 7688 7478 8586 8476 8150 7834 7899 7768 7760 7696 7934 8046 8358 8530 8605 8122 7486 8600 8827 7965 7850 7983 7998 8051 8069 8154 8478 8137 8879 7840 8026 7743 7797 8111 8415 8384 8213 8308 8140 8267 7725 8457 8060 7790 7975 7747 8089 8073 7896 8214 8005 8458 8213 7713 7963 8295 8322 8024 7920 8073 8295 8023 8522 8039 8301 7900 8563 7835 7808 8015 8071 8736 8214 8426 8020 8351 8826 8096 7924 8142 7610 8058 8087 7299 8323 8224 8231 8046 8240 8511 8166 8049 8426 8009 7632 8022 8087 7708 8499 8275 8398 7626 8585 8520 7825 7866 8534 8131 7752 8247 8253 8045 8312 8342 8124 7898 8235 8280 8061 8680 7595 7829 8321 8194 8017 8198 8245 7768 7928 7351 8085 8538 8202 7990 8168 8611 8103 8893 8029 8151 7779 8517 7746 8026 8468 8306 8659 8363 7673 7923 8013 7976 8031 
7975 8169 7776 7919 8600 8011 8346 7889 8392 8553 8758 7981 8119 7858 8143 8128 7957 8801 8509 8231 8514 7799 8117 8564 8281 8442 8166 8180 8369 8289 7623 7926 8086 8622 7890 8146 8678 8581 8245 7923 8754 8600 8049 8223 7969 8835 8848 7899 7991 8159 8418 8312 8287 8225 8296 8531 7842 8370 8257 8127 8280 8605 8216 8304 7737 8512 8752 8015 8411 8203 8087 8118 8330 7857 8320 8279 7605 7902 8368 8349 8898 8430 8473 8716 7818 7949 8024 8604 8454 8785 7681 7945 8277 8591 8858 7882 7547 8676 8740 8269 8137 8418 8498 8291 8320 8188 8222 7844 8430 8221 8364 8294 8403 8028 7698 8589 8354 7890 8409 8237 8210 8472 7915 8398 8300 8035 8802 8279 8132 8844 8068 8618 7859 7558 8330 8435 7913 8426 8495 8269 8365 8015 8543 8570 8189 8037 8572 7955 7454 8040 8262 8119 8191 8179 8026 8173 8455 8033 7633 8421 8101 8462 8367 8520 8176 8329 7431 7848 8127 7695 7513 7865 7605 8542 8228 8604 8465 8006 8124 8159 8313 8252 7852 7938 7903 8309 8348 7625 7872 8391 8398 8195 8127 7940 8696 7831 8388 7788 7489 8434 8010 8187 8375 7989 8019 7596 7775 8501 8305 8325 8339 8439 8615 8192 8388 8303 8453 8561 8176 8796 7914 8240 8345 8120 8323 8072 8442 8389 8426 7905 7959 8306 8134 8270 8172 8452 8405 8675 8300 8164 8759 7701 7881 8782 8372 7870 7624 8307 7753 8776 8396 8236 7983 8171 7962 8111 7748 7943 8354 8174 8710 8305 8674 8127 8531 8950 8099 8250 8126 8307 8422 8033 8237 8441 8422 8932 8011 7804 8280 7766 8320 8501 8216 8408 8226 8278 8195 7578 8516 8398 7896 7854 7657 8325 8462 8062 8230 8118 8535 8245 7886 8055 8264 8092 8375 8427 8463 8525 8289 8657 8476 8323 7755 8553 8078 7707 8384 8088 8445 8580 8552 8407 8224 9195 8625 8432 7890 7808 8101 8324 7643 8521 8221 7887 8124 8209 8279 8208 8350 8653 7664 8102 8083 8204 7944 8479 8461 8441 7785 8414 8509 8234 7957 8930 8065 8251 8231 8051 7860 8363 8435 8585 8387 8435 8486 8101 8854 7938 8062 8478 8110 8018 8281 8524 7669 7887 7532 8735 8424 8306 8346 8241 8705 8231 8841 8107 8351 7948 8699 8365 8390 8453 8327 8548 8152 7974 7931 7850 8151 8557 
8548 8965 8484 8705 9176 8855 9059 8344 9016 8830 9152 8786 8761 8529 9151 9087 8483 9724 9125 9011 9009 8828 8502 8712 8871 8891 8644 8381 9067 8945 8243 8550 8834 9293 8484 8977 9293 8876 9374 8827 9184 9262 8936 8640 8556 9572 9495 8178 8510 9009 8823 8736 8919 8738 8523 9056 8601 9087 8993 9215 9283 9108 8525 8862 8710 9217 9368 8939 8979 9027 8805 8731 9094 8917 8428 8773 8043 8770 8980 8801 9647 9080 8945 9428 8580 8737 8621 8624 9373 9747 8330 8276 8958 8852 9446 8502 8400 9176 9139 8786 8723 8999 9315 9511 8749 8338 8696 8463 8775 8965 8920 9252 8706 8744 8594 9289 8513 8864 8792 8587 8725 9066 8964 8948 8892 8609 9545 9025 8767 9085 8834 9138 8554 8124 8974 8993 8424 9237 8790 8804 8828 8482 9180 9211 8824 8633 8804 8959 8304 8409 8831 9027 8490 8474 8384 9173 9199 8832 8002 9216 8425 8992 9141 9037 9027 9065 7993 8638 8862 8748 8512 8852 8267 9466 8728 9154 9234 9335 8880 8710 8892 8687 8770 8651 8407 8923 8978 8552 8587 9033 9047 8947 8724 8939 9401 8541 9099 8328 8034 9073 9112 8638 8739 8416 8720 7975 8480 8667 8914 8740 8751 8809 9304 8670 9440 9185 9178 9184 9040 9318 8544 8681 8939 8734 9082 8736 8863 9185 9048 8824 8813 9433 8906 9220 8694 8813 9330 9448 8808 9112 9281 8776 8610 9511 9041 8591 8412 8480 8582 9161 9093 9004 8713 8652 8481 8591 8749 8322 8678 9053 9350 9135 9184 9025 9469 9813 8636 8846 8820 8603 8920 9023 8935 8824 9038 9473 8610 8553 8989 8270 9361 9015 9145 9216 8821 8698 8961 8028 9479 9157 8678 8523 8694 8887 9061 8456 8908 8892 9144 9016 8266 8887 8747 8937 8987 8817 9035 8969 9226 8994 8973 8850 8558 9227 8673 8702 8900 9241 9030 8988 9033 8877 9106 9496 8845 8875 8915 8280 8911 9021 8439 9043 9201 9120 8665 9009 9002 8766 8767 9267 8527 8534 8896 8761 8509 9187 9006 9192 8203 8952 9221 8555 8566 9623 8648 8761 8973 8630 8643 8816 9441 9312 8920 8989 9313 8790 9696 8887 9114 9298 8821 8861 8706 9092 8212 8637 8348 9470 8828 8685 8946 8730 9014 9016 9563 8850 8917 8596 9267 8877 9327 9165 9231 9225 9235 8612 8730 8541 8734 9025 
8009 8330 7680 8009 8432 7980 8721 7880 8423 8074 8522 8113 7949 7571 8210 8612 8102 8702 8091 8408 8402 7922 8233 8013 8228 8371 8083 7963 8349 8143 7875 8056 8236 8547 7886 8702 8332 8285 8737 8290 8599 8468 8330 8269 8227 8848 8676 8081 7751 8410 8298 8151 8299 8326 7688 8292 7976 8375 8193 8579 8548 8528 8095 8325 7974 8283 9079 8089 8265 8256 8335 7984 8363 7863 8206 8404 7748 8071 8465 8147 8680 8119 8121 8351 8016 8248 8104 8293 8764 8606 7936 7669 8628 8492 8842 7604 7854 8251 8267 8128 7994 8154 8197 8421 8078 7873 8150 8077 8085 8423 8390 8561 8290 7981 7791 8820 8095 8079 8536 8033 8192 8182 8127 8019 8426 8369 8672 8139 8302 8924 8198 8839 7921 7422 8456 8273 7728 8487 8274 8206 8381 7899 8675 8405 8502 8179 8294 8318 7890 7947 8126 7779 7893 7835 7971 8240 9001 8084 7356 8572 8286 8090 8648 8576 8243 8204 7451 8015 8160 8019 7552 7679 7493 8800 8168 8526 8781 8564 8036 8204 8068 8186 7927 8220 8029 8372 8322 7855 7714 8586 8499 8481 8512 8388 8776 7691 8549 7457 7454 8416 7876 7839 7945 7885 7989 7303 7489 8357 8368 8631 8193 8463 8532 7735 8495 8655 8821 8904 8355 8998 7761 7951 8401 8427 8127 7910 8151 8648 8477 7973 8038 8845 8557 8599 8379 7967 8418 8661 8351 8399 8646 8270 8005 8446 8776 8012 7697 7933 8057 8561 8452 8622 7901 8172 8146 8126 7857 7880 8129 7925 8627 8596 8259 7946 8787 9103 8125 8198 8053 8152 8289 8351 8343 8259 8425 9137 7799 8018 8377 7687 8564 8662 8247 8452 8310 8419 8110 7875 8631 8646 8480 7732 7842 8129 8642 7836 8299 8205 8337 8175 7602 8248 8459 8327 8134 8114 8490 8837 8489 8117 8355 8434 8185 8474 8010 8217 8143 8432 8703 8360 8712 8286 8573 9089 8099 8492 8193 7835 8378 8152 7718 8390 8520 8388 8095 8294 8203 7894 8339 8503 8048 7647 8091 8367 7880 8938 8391 8788 8179 8549 8588 7890 8067 8819 8191 8471 8321 8247 8282 8394 8685 8373 8476 7894 8565 8004 8779 8206 8091 8611 8237 8101 8248 8426 8027 8033 7448 8584 8447 8482 7895 8152 8749 8218 9011 8322 8538 8132 8318 8021 8615 8861 8475 8478 8544 8217 8011 8046 8075 8236 
7512 7893 7558 7768 8056 7847 8378 7500 8078 7905 8200 7927 7647 7374 8117 8045 7638 8379 8181 8007 7648 8085 7501 7843 7882 7865 7690 7674 7915 7806 7767 7562 7452 8302 7569 7819 8039 7885 8111 7432 8470 8254 7691 7836 7588 8557 8182 7821 7670 8055 7739 8130 7752 7939 7511 8226 7744 8010 7907 8451 7982 8279 7778 7909 7489 7829 8322 7773 8280 8230 8064 7545 8154 7777 8006 7943 7531 7853 7982 7823 8244 8004 8030 8071 7508 7955 7558 8156 8131 8110 7473 7440 8059 8010 8513 7332 7383 8117 7775 8021 7862 7940 8426 8025 8034 7682 7991 7703 8080 8001 8069 7852 8133 7876 7625 8116 7732 7921 8200 7642 7694 8132 7979 7548 7898 7438 8594 7757 7972 8033 7848 8185 7459 7475 8280 8007 7610 8118 8017 8032 8008 7599 8123 7998 7872 7744 8091 7777 7420 7215 7723 8130 7953 7810 7649 7715 7912 7816 7187 8264 7841 8182 8196 8300 7959 8106 7418 7891 8162 7653 7435 7467 7111 7988 7787 8460 8245 8050 8092 8346 8041 7617 7604 7602 7446 7936 8232 7724 7880 7976 8029 8076 8226 7794 8118 7434 7768 7314 7696 8125 7999 7481 7885 7368 7468 7181 7357 7670 7898 7975 8293 8200 8335 7628 8566 7835 8204 7940 7910 8248 7637 7483 7902 7743 8073 7756 7773 8086 8205 7723 7598 8202 8007 8164 7955 7480 8026 8359 7896 7769 8374 7961 7638 8419 8574 8100 7368 7485 7470 8075 8084 8189 7800 7580 7871 7465 7842 7592 7984 7669 8202 8131 7998 7932 7991 8804 7537 7899 7813 7742 7778 7573 8325 8176 8156 8520 7671 7699 8007 7713 8105 7906 7932 8022 8024 8092 7962 7126 8036 7826 7181 7709 7924 7784 7978 7459 8046 7834 8300 7676 7278 8089 8123 8081 7826 7737 7952 8240 8218 8167 7896 8275 7731 8591 7578 7586 7886 8119 8512 8040 8438 7830 8361 8477 7986 7775 7709 7325 7751 8109 7634 8056 8132 8195 8078 8245 7977 7996 7837 8199 7940 7551 7857 7938 7759 8336 8140 8136 7645 8165 7828 7646 7592 8667 7950 7790 8262 8078 7691 7998 8136 8182 8089 7833 8086 7800 8256 7974 7838 8050 7938 8041 7962 8001 7751 7351 7509 8013 8067 7903 7773 7913 8218 8084 8795 7877 7936 7683 8156 7428 7940 7889 7846 8276 8135 7797 7724 7869 7574 7865 
7638 7572 7319 7245 8048 7966 7972 7189 8144 7726 8154 7724 7422 7497 7849 7882 7580 8108 8004 7770 7562 7920 7654 7625 7904 8005 7541 7397 7898 7931 7407 7767 7767 8018 7956 8252 7844 7960 8105 7374 8185 8154 7764 7588 7679 8600 8411 7618 7491 8106 7666 7693 7913 7973 7609 8047 7653 8113 7895 7853 7731 8038 7799 7674 7749 8184 8298 7901 7689 8077 7185 7366 8112 7543 7965 7725 7133 8129 8240 8161 8544 7797 7830 8235 7439 7933 7735 8092 7985 8081 7390 7143 7959 8054 8578 7551 7106 7896 8002 7542 7836 7910 8404 7890 7824 7602 7553 7393 7772 8217 8013 7735 7582 7511 7504 8093 7529 7782 7879 7886 7483 8083 7995 7641 7599 7704 7912 7699 7638 8440 7809 8046 7341 7183 8202 7572 7374 8249 7565 7907 7884 7326 8083 7547 7709 7806 7962 7781 7190 7408 7647 7538 7575 7437 7426 8005 8002 7936 7257 8109 7716 8213 7871 8212 7767 7863 7454 7492 7992 7669 7334 7496 7283 7997 7872 8282 8239 7864 7496 7615 7746 7652 7775 7532 7504 7851 8065 7275 7556 7915 8073 7958 7731 7815 8285 7481 7862 7111 7137 8123 7788 7697 7820 7064 7483 7333 7039 7823 7980 7611 7849 7695 8166 7560 8419 8100 8370 7778 7770 8207 7409 7954 7822 8019 7877 7701 7416 8314 7832 7305 7359 8212 8047 8128 7918 7799 8207 8502 7411 7718 8271 7836 7550 8203 8144 7936 7544 7736 7279 7838 8053 7585 7530 7421 7330 7415 7475 7494 7835 7962 8264 8082 7762 7419 8529 8622 7800 7811 7603 7829 8090 7707 7934 7683 8075 8263 7775 7486 7846 7313 8170 8121 7642 8000 7611 7969 7847 7226 8252 8025 7877 7856 7724 7866 7933 7640 7795 7868 8099 7778 7255 7505 7720 7707 7659 7559 8225 8129 7940 7981 7740 8126 7457 8083 7647 7715 7854 7852 8041 8026 8120 8241 8051 8469 8084 7546 7552 7139 7718 7991 7338 8329 7866 8059 7801 7896 7823 7796 8126 8037 7384 7730 7992 7326 7678 7904 7791 7977 7519 8181 7721 7570 7736 8141 7766 7601 7800 7412 7490 7878 7922 7769 7574 8107 8072 7397 8392 7758 7856 7855 7706 7426 7925 7744 7589 7685 7649 8201 7741 7921 7465 7634 8371 8061 8783 7848 8009 7382 7997 7969 8339 7757 8063 8214 7529 7487 7452 7901 7565 8053 
7893 8091 7772 7959 8643 7996 8278 7889 8277 8341 8771 8133 8445 7583 7797 8002 8131 8779 8514 8132 8230 8222 7858 8226 8420 8415 8237 7944 8536 8508 7506 8066 7995 8616 7811 8364 8508 8097 8444 7682 8755 8707 7895 8180 8237 8844 9033 8058 7679 8521 8333 8546 8420 8230 8133 8447 8071 8172 8336 8159 8440 8483 7869 8432 7932 8442 8906 8225 8448 8388 7850 8187 8635 8123 8333 8102 7733 8326 8197 8209 8801 8245 8290 8413 7982 8431 8530 8294 8552 8952 7708 7601 8317 8507 8852 8002 7380 8428 8215 8245 8089 8162 8554 8572 8346 8029 7698 7937 8255 8265 8322 8359 8450 8019 7890 8282 7950 7904 8520 8064 8088 8673 8130 8011 8395 7926 8777 8092 8294 8576 8246 8303 7978 7613 8376 8364 7974 8489 8411 8304 8495 8038 8470 8444 8064 8082 8501 8201 7652 7966 8102 8263 8350 7973 7962 8056 8553 8136 7378 8759 8043 8694 8163 8463 8307 8248 7451 8043 8098 7893 7765 8087 7561 8249 8197 8927 8424 8323 8187 8180 8288 7819 8109 8121 7659 8313 8395 7629 7841 8195 8311 8519 8298 8399 8759 7622 8213 7731 7469 8309 8245 7959 8282 7758 7857 7153 7931 8254 8406 8183 8336 8166 8721 7969 8209 8334 8601 8380 8394 8580 7860 8084 8373 8640 8391 7884 8284 8511 8546 7913 8026 8525 8216 8650 8503 8188 8363 8493 8203 8213 8309 8009 8266 8635 8615 8092 8050 8119 7710 8523 8163 8205 7697 8184 8074 7784 7471 8004 8201 8307 8441 8571 8397 8345 8830 9012 8523 7884 7830 7912 8262 8481 8355 8287 8540 9190 8024 8053 8340 7848 8680 8344 8347 8349 8221 7988 8141 7331 8768 8660 7965 7977 8045 8357 8042 8052 8196 8382 8556 8269 7924 8256 8458 7962 8115 7934 8364 8474 8697 8716 8119 8251 7850 8484 8198 7928 8187 8018 8562 8816 8502 8364 8188 9080 8084 8192 7808 7747 8378 8364 7842 8257 8376 8314 8044 8360 8439 8301 8205 8669 8215 7781 8074 8371 7720 8786 8395 8409 7774 8324 8430 7988 8364 8783 8178 8064 8276 8094 8005 8200 8518 8478 8109 8434 8848 7838 8563 8116 8297 8390 7907 7719 7952 8349 7714 7982 7490 8571 8503 8562 8203 8086 8698 8379 9264 8343 8416 7741 8652 8075 8402 8287 8431 8419 8269 7913 8083 8323 7816 8402 
7842 7856 7497 7690 8178 8140 8365 7067 7839 7737 8468 7658 7786 7294 7705 7962 7992 8481 7761 7555 7748 7739 7962 7897 7932 8138 7894 7687 7995 7803 7514 7375 7634 8291 7558 8279 7788 7714 8142 7738 8343 8227 7823 7763 7466 8550 8272 7546 7609 8051 8280 7808 7938 7822 7511 8176 7728 8231 8132 8207 7895 8178 7528 8197 7669 7726 8368 7742 7633 7986 7733 7722 7943 7443 7764 7880 7451 8033 8142 7983 8391 8059 8005 8546 7620 7905 8043 7862 8165 8345 7172 7261 7936 8254 8431 7715 7381 8182 7889 7370 7530 7985 8068 7923 8111 7970 7431 7894 7893 8100 8037 8043 7810 7593 7665 8401 7645 7708 8135 7935 7879 7868 7909 7953 7864 7715 8412 7943 7856 8295 7582 8250 7493 7234 8015 7709 7505 7990 7814 8219 8108 7585 7931 8193 7714 7674 8207 7457 7346 7707 7851 7848 7821 7397 7682 8113 8003 7859 7238 8236 7830 8267 8354 8142 8062 7804 7116 7718 7683 7866 7378 7905 7245 8234 7834 8296 8375 7984 7606 7608 8037 7514 8113 7427 7234 8049 7981 7424 7680 8024 7938 8177 7878 7916 8334 7320 8093 7402 7435 8065 7914 7527 8162 6981 7505 7154 7385 7996 7995 7742 7865 8083 8216 7913 8112 8138 8119 8106 8061 8566 7355 7867 7923 8095 7932 7697 7719 8511 8196 7521 7848 8204 8245 8488 7728 7969 8064 8178 7806 7854 8150 7894 7734 8142 8255 7723 7396 7273 7387 8159 7923 7898 7513 7860 8113 7984 7654 7473 7961 7991 8657 8158 8021 7535 8560 8577 8125 8006 7795 8088 7879 7703 8088 8191 8195 8624 7724 7801 7926 7402 8237 7962 8001 8034 8086 7932 8103 7218 8190 8144 7899 7652 7537 8078 8082 7479 7926 7749 8295 7820 7846 7914 7790 8194 8047 7560 7977 8116 8370 7881 7801 8156 7375 8344 8039 7880 8078 8028 8476 8103 8281 7944 8012 8585 7973 7909 7781 7331 7819 7951 7472 8112 8078 7889 7806 8062 7942 7705 7963 8303 7489 7843 7634 7942 7731 8327 7804 8075 7667 8235 8376 7925 8033 8391 7828 7900 7786 7857 7445 7859 8305 8191 7941 8177 8188 7802 8396 7817 7704 7999 7597 7626 8028 8033 7346 7628 7418 8238 8153 8038 7853 8055 8584 7924 8801 7934 7926 7536 8463 8022 8592 8152 8336 8180 7865 7540 7643 7707 7581 8089 
7192 7433 7189 7591 7842 7764 8120 7005 7978 7702 7782 7694 7698 7125 7467 7356 7455 8114 7675 7593 7599 7503 7271 7479 7298 7756 7231 7144 7662 7650 6994 7653 7302 7849 7454 7468 7785 7651 7845 7326 8089 7981 7670 7488 7587 8179 8014 7326 7386 7751 7528 7495 7691 7451 7441 7687 7554 7708 7766 7702 7402 8125 7502 7441 7329 7854 7868 7553 7745 7985 7128 7697 7515 7384 7582 7594 7232 7700 7607 7608 7885 7457 7336 8034 7085 7336 7919 7814 8207 8253 6999 6901 7709 7844 8211 7507 6920 7925 7864 7418 7510 7808 7933 7743 7575 7428 7441 7200 7674 7378 7874 7482 7749 7422 7225 7853 7441 7395 7766 7301 7681 8183 7858 7682 7532 7190 8101 7770 7668 7917 7608 7857 7422 6964 7844 7981 7268 8165 7398 7591 7831 7506 7833 7475 7500 7636 7966 7408 7023 7107 7511 7403 7602 7356 7229 7574 8099 7567 6960 7598 7374 7819 7692 7969 7711 7672 7086 7275 7499 7168 7029 7582 7146 8003 7723 7959 7650 8057 7342 7461 7471 7378 7521 7265 7190 7955 7550 7217 7221 7767 7794 7810 7773 7457 8086 7109 7567 7146 7047 7554 7366 7235 7335 7158 7675 6832 6708 7576 7760 7647 7914 7838 8084 7107 7874 7413 7816 7641 7545 8175 7335 7120 7798 7828 7601 7574 7876 7956 7781 7146 7131 8086 7827 8361 7766 7675 7684 7816 7118 7593 7801 7528 7416 7924 7871 7494 7059 7379 7013 7916 7629 7393 6992 7456 7815 7440 7069 7524 7691 7176 8004 7878 7797 7554 7849 8283 7505 7793 7593 7382 7369 7396 7998 7608 7483 7932 7602 7594 7579 7082 7836 7870 7665 7551 7679 7589 7673 7086 7985 7825 7155 7564 7345 7465 7811 7544 7587 7486 7741 7726 7184 7657 7852 7854 7891 7887 7567 7936 7731 7818 7745 7776 7302 8128 7765 7108 7742 7311 7817 7802 7713 7638 7708 8418 7747 7344 7639 7415 7474 7494 7419 7759 7603 7562 7481 7540 7543 7542 7822 7924 7331 7324 7527 7726 7600 8236 7590 7824 7187 7829 7875 7155 7321 8037 7410 7370 7694 7510 7290 7867 7912 7696 7308 7801 7815 7255 8067 7492 7658 7921 7598 7435 7787 7813 7080 7694 7242 8068 7813 7794 7939 7539 7956 7469 8396 7457 7753 7320 7959 7385 7941 7893 7599 7763 7713 7512 7535 7399 7333 7696 
7753 7913 7584 8132 8080 7977 8299 7427 7925 8069 8518 8011 7758 7491 7851 7759 7701 8560 8077 8093 7709 7866 7794 8104 8176 8212 8095 8079 8232 7765 7739 7609 7670 8279 7731 8355 8496 8205 8505 7901 8492 8095 7770 7891 7774 8280 8705 7912 7690 8190 7867 8100 8303 7810 7842 8104 7592 8242 8185 8095 8155 8269 8031 8005 7776 8251 8479 7949 8088 8048 7849 7771 8168 7631 8316 8018 7494 7684 8013 7927 8349 7961 8085 8490 7680 8104 8161 8360 8140 8666 7577 7676 8184 8311 8428 7881 7194 8596 8179 7496 7997 8156 8325 7967 7930 7725 7804 7412 8044 7997 8149 8386 8277 7823 7846 8496 7848 7927 8313 8042 8079 8028 7962 7850 8177 7603 8271 8063 8072 8230 7896 8218 7676 7350 8160 8189 7843 8208 8109 8084 7957 7847 8091 8244 7927 7746 8256 7634 7425 7592 7925 7742 7896 7562 7578 7923 8437 8670 7458 8019 7703 8155 8317 8256 8349 7995 7077 7879 8114 7649 7125 7961 7093 8290 7753 8685 8080 7682 7720 8168 7955 7890 7857 7703 7830 8159 8142 7433 7543 8033 8322 8212 7949 8075 8705 7151 7975 7439 7453 8344 7500 7889 8351 7551 7880 7013 7376 8282 8154 8001 7785 8076 8362 7719 8352 8309 8251 8331 7963 8657 7453 7941 8185 8144 8140 7901 7878 8672 8324 7314 7701 8231 8175 8220 8081 7863 8345 8429 7873 7905 8217 7865 7778 8175 8246 7983 7733 7544 7579 8568 8218 8362 7527 8078 7970 7619 7363 7730 7812 7844 8360 7946 8352 7891 8193 8620 7978 7962 7773 8311 7780 7720 8160 8562 7999 8630 7792 7811 8046 7724 8601 8016 8026 7970 8373 8268 8267 7339 8112 8421 7678 7955 7663 7930 8206 7704 7913 7845 8296 8098 7939 7887 8010 7950 8020 7807 8644 8746 8319 8233 7917 8329 7632 8324 7952 8022 7795 8165 8093 8238 8500 8522 7980 8913 8192 7862 7885 7583 7821 8191 7677 8566 8218 8209 8431 8082 8362 7828 8185 8305 7674 7818 8120 7839 7872 8169 7984 8036 7518 8619 8379 7695 7964 8590 7767 7717 7982 7944 7309 8030 8058 8454 8135 8093 8262 7578 8342 7774 8074 8372 7874 7350 7917 8326 7329 7708 7638 8380 8303 7958 8219 8000 8467 8202 8752 8160 7894 7897 8526 7888 8549 8370 8311 8391 8062 8087 7564 8073 7899 7924 
8013 7967 7977 7837 8136 8059 8314 7717 8141 8359 8396 8066 8192 7936 7889 7968 8114 8767 8132 7864 8214 8057 7735 8073 8132 7942 7740 7581 8003 8062 7686 7919 7553 8388 8165 8198 8457 8180 8592 7843 8242 8208 7989 8032 8079 8496 8417 7656 7607 7829 8122 7884 8155 8272 7603 8306 7757 8423 8651 8650 7946 8415 7817 8056 7728 8392 8887 8013 8389 8165 7816 8047 8187 8019 7915 7832 7539 7955 7786 8397 8588 8107 8032 8449 7351 7925 8088 8241 8382 8685 7464 7742 8272 8067 8625 7822 7674 8108 8597 8111 8207 8110 8286 8084 8450 8031 7984 7711 8601 8120 8331 8538 8194 7915 7487 8485 7951 7833 8220 7853 8042 7983 8185 8218 8303 7688 8547 8234 8061 8374 8177 8015 7533 7339 8607 8245 7805 8392 8008 8183 7836 7675 8214 8339 7743 7814 8381 7967 7413 7395 8171 8100 7966 7838 7729 7952 8155 8222 7313 8205 7889 8480 8203 8407 8022 8229 7416 7620 8109 7878 7399 8089 7435 8444 8037 8669 8470 8126 8203 7977 7992 7954 8130 7752 7676 8445 8073 7345 7645 8115 8313 8296 8498 7652 8488 7623 8327 7667 7669 7970 7857 7767 8029 7513 7509 7108 7650 8063 7980 7905 8066 7910 8293 7776 8562 8243 8321 8593 8355 8448 7680 7856 8027 8388 8306 7838 7940 8535 8240 7795 8250 8664 8193 8356 8024 7917 8150 8592 7952 8191 8315 7804 7935 8509 8049 7979 7538 7728 7406 8507 8231 7837 7495 8305 7830 7759 7843 7768 7786 8005 8483 8501 8265 8223 8487 8895 7764 7894 8057 7800 8106 8437 8179 8501 8139 8902 8023 7711 8078 7724 8397 8198 8255 8292 8068 8006 8185 7046 8431 8351 7800 7988 8019 7724 8236 8001 7690 7832 8671 8598 7741 7642 7997 8161 8375 7425 8506 8629 8249 8282 8001 8296 7329 8524 8249 7808 8013 8315 8084 8106 8157 8532 7940 8911 8249 7994 7632 7615 7993 8020 7600 8171 8371 8082 8209 8282 8563 7954 8235 8262 7676 7787 7944 7948 7889 8360 8246 8356 7333 8447 8078 7658 8200 8506 8499 7579 7933 7940 7807 8317 8147 8473 8269 8285 8424 7797 8493 7429 8146 8295 7832 7739 8047 8102 7624 7736 7567 8176 8725 8352 8411 7746 8238 8064 8930 8065 7952 7721 8387 8265 8206 8315 8533 8352 8287 8078 7686 8230 7638 8236 
7694 7702 7678 7701 8172 7639 8440 7562 8087 8155 8322 7847 8246 7645 7616 8224 7817 8593 8401 7918 8472 8128 8056 7943 7816 8213 8047 7799 8076 8183 7824 7910 8043 8105 7914 8356 8170 7979 8078 7816 8448 8122 7825 7861 7624 8913 8578 7362 7843 8235 8119 8291 8158 7723 7783 7886 7998 8093 7849 8314 8125 8356 7909 8085 7635 8154 8258 8023 8368 7931 7778 8066 7947 7838 8099 8069 7630 8222 8144 8143 8620 8043 7817 8393 7362 7732 8152 8554 8224 8426 7330 7533 8095 8132 8505 8037 7477 8530 7980 7991 8001 8364 8596 8325 7985 7854 8090 7681 8234 7898 7994 8123 8324 7804 7678 8736 8023 7706 8243 7872 8090 8580 7762 8293 7840 7934 8753 8146 7971 8414 8172 8171 7859 7355 8061 8239 7724 8314 8236 8110 8398 7589 8056 8260 7967 7915 8090 7755 7676 7697 8062 7914 8096 7758 7861 8191 8484 8210 7705 8234 7752 7899 8305 8330 7992 7961 7200 7590 8102 8014 7709 7886 7810 8070 8060 8300 8376 8166 8044 8085 7987 8010 7971 7694 7335 8385 8131 7658 7741 8064 8180 7847 8316 8027 8692 7649 8056 7625 7260 7791 7812 8008 7917 7310 8042 7473 7513 7957 8563 8324 8050 8225 8473 7800 8326 8033 8334 8145 8173 8524 7876 8246 7853 8097 8121 7592 8265 8875 8302 7507 7447 8469 8198 8243 8209 7917 8418 8228 7946 8155 8374 7989 7867 8470 8357 7628 7559 7728 7629 8464 8224 8175 7561 8028 8107 7703 7795 7715 7955 8234 8644 8299 8522 8003 8538 8618 8055 8165 7926 7970 8328 8091 8058 8233 8237 8747 7911 7721 8238 7398 8423 8232 7972 8094 7870 8100 7986 7249 8565 8077 7958 8081 7753 7989 7960 7817 8018 8198 8535 8086 7502 8136 7873 8185 8124 7700 8031 8202 8538 8208 8013 8152 7824 8145 8283 7835 7980 8323 8246 8511 8545 7928 8198 8882 8200 8259 8081 7446 7773 8206 7781 8267 8082 8174 8205 8258 8127 8044 8317 8339 7556 7786 8139 8275 7941 8584 8206 8179 7671 8344 8177 7824 8184 8738 7797 8206 8396 7660 7649 8056 8449 8468 8009 8226 8528 7818 8572 7830 7942 8607 7875 7760 7725 7872 8099 7817 7735 8550 8258 8125 7879 8065 8533 8166 8672 8222 8148 7520 8530 7921 8575 8309 8018 8320 8452 7633 7860 8102 7507 7795 
8045 8163 7718 7708 8253 8053 8526 8009 8229 8189 8471 8025 8045 7983 7610 8116 7923 8917 8114 8089 8252 8286 7780 8206 8178 8248 7802 8103 7909 8365 7694 8053 7838 8418 8127 8344 8406 7631 8434 7943 8714 8042 8135 8334 7883 9040 8303 7612 7883 8538 8674 8169 8118 8124 8238 8432 7898 8271 8011 8368 8223 8408 8078 8258 7432 8326 8741 8153 8276 8070 7874 8115 8287 8087 8013 8096 7494 8235 8350 8120 8868 8337 8159 8751 7851 8200 8066 8200 8777 8722 7391 7685 8446 8178 8717 7738 7448 8400 8249 8161 8022 8133 8674 8215 8183 7995 7960 7989 8517 8028 8246 8345 8330 7769 7910 8437 7778 8004 8621 8114 8002 8340 8515 7970 8240 7841 8156 7853 7883 8331 8131 8587 7703 7565 8489 8254 8138 8482 8099 8731 8180 8175 7946 8194 8308 7847 8225 8231 7688 7539 8076 7981 8233 7715 7519 8117 8344 8013 7411 8246 7963 8596 8369 8397 8153 8080 7665 8121 7825 7986 7784 7600 7582 8307 8068 8658 8851 8289 8103 8087 8295 8085 8225 7900 7784 8259 8315 8120 7794 8219 8298 8434 8255 8060 8746 7795 8191 7543 7439 7931 8055 7886 8066 7615 7365 7737 7614 8351 8110 8232 8295 8080 8618 8044 8655 8044 8403 8553 8372 8509 7993 7825 8114 8706 8456 8079 8102 8790 8458 7547 7868 8655 8132 8370 8209 8110 8372 8811 7703 8112 8568 8098 7953 8548 8614 7943 7685 7799 7842 8122 8148 8242 7771 8306 7942 7660 7810 7491 8119 8124 8928 8449 8345 8545 8557 8955 8345 8412 7903 7864 7987 8214 8378 8091 8230 8727 7908 7910 7987 7993 8465 8266 8377 8241 7927 8166 8304 7766 8275 8300 8182 8153 7984 7782 8185 7998 8511 8152 8230 8277 7970 8093 8410 8499 8212 8110 8178 8523 8682 8235 8166 8688 7774 8783 8086 8156 8152 8194 8143 8079 8377 8126 8530 8773 8249 8036 7982 7359 8253 8303 7933 8671 8766 8147 8155 7956 8580 8345 8054 8574 7986 8199 7764 8047 7934 8552 7966 8423 7736 8538 8092 8211 8282 8909 8030 8201 8402 8098 7902 8233 8466 8723 8602 8404 8262 7871 8838 8106 8213 8384 7950 7827 7984 8289 7618 7480 7792 8622 8401 7853 8099 7973 8791 8292 8780 8016 7996 7775 8651 8128 8676 8500 8356 8200 8335 7818 8256 8225 8137 8395 
8081 8358 7942 7908 8382 8090 8848 7696 8368 8582 8592 8192 8344 7774 8149 8393 8160 8656 8363 8613 8197 8175 8335 8235 8308 8147 7824 8088 8225 8286 7891 8127 8138 8893 8162 8650 8453 8362 8447 7977 8824 8461 8312 8405 8203 8736 9202 7985 8059 8635 8204 8401 8279 8158 7871 8254 8168 8706 8448 8759 8657 8384 7849 8146 8177 8162 8531 8092 8500 8382 8505 8080 8273 8081 8188 8311 7813 8312 8464 8172 8822 8365 8692 8669 7767 8193 8323 8574 8824 9102 7638 7796 8177 8432 8805 7774 7720 8659 8445 8252 8258 8246 8845 8640 8723 8310 7895 7939 8072 8088 8086 8318 8295 8155 7977 8274 8009 8487 8526 7877 8181 8472 8346 8371 8282 7804 8638 8275 8469 8805 8096 8730 7579 7334 8609 8569 7932 8334 8423 8292 8393 8412 8496 8400 8587 8115 8329 8138 7645 8120 8238 8142 8027 8186 7712 8133 8364 8201 7356 8127 8067 8564 8342 8446 8245 8046 7787 7875 8277 8235 7549 7947 7628 8704 8324 8545 8674 8315 8139 8401 8373 8494 7969 8143 8017 8502 8349 8092 7963 8447 8232 8570 8330 8188 8773 7779 8275 7818 7551 8544 8005 8108 8113 7625 7854 7671 7689 8476 8508 7974 8490 8235 8818 8127 8800 8454 8501 8503 8185 8737 7864 8247 8434 8563 8377 8171 8391 8302 8685 8016 8326 8409 8641 8422 8091 8212 8494 8661 8116 8278 8395 8145 8084 8719 8678 8124 7918 7997 7842 8214 8176 8402 7945 8331 8260 8072 7878 7976 8140 8351 8538 8871 8047 8253 8884 9037 8391 8279 8311 8003 8187 8333 8307 8489 8714 8867 8113 7907 8211 7640 8592 8332 8598 8386 8234 8246 8236 7441 8552 8632 8001 8163 7972 8311 8353 8117 8426 8599 8688 8637 7791 8217 8452 8386 8462 8142 8122 8708 8529 8146 7983 8625 7899 9104 8030 7869 8133 8248 8422 8707 8434 8863 8168 9075 8427 8233 8090 7753 8060 8441 8048 8637 8400 8202 8511 8329 8591 8607 8135 8754 7994 7790 8027 8166 7948 8563 8407 8498 7618 8518 8699 7962 7882 8564 8231 8350 8479 8250 7916 8285 8703 8263 8169 8159 8606 8272 8764 8261 8617 8700 8463 8054 8297 8360 8027 8130 7689 8343 8500 8372 8109 8129 8533 8564 9090 8176 8547 7868 8571 8263 8615 8801 8343 8729 8402 8261 8155 7805 8241 8256 
7950 8146 7643 7693 8147 8066 8520 7558 8384 8048 8456 8239 7980 7825 8220 8172 7747 8808 8107 8265 8382 8069 8069 7675 8269 8103 7792 7782 8204 8047 8033 7967 7902 8531 7904 8365 8635 8231 8572 7802 8682 8394 7919 8114 8043 9002 8643 7806 7842 8379 7951 8348 7948 8084 7963 8475 7793 8224 8437 8404 8248 8420 8067 7880 8050 8008 8564 8154 8314 8143 7860 8144 8267 8286 8425 8148 7623 8195 8543 8160 8828 8071 8105 8608 7678 8238 7936 8339 8375 8671 7423 7976 8035 8318 8543 8230 7536 8243 8022 8256 8038 8131 8206 8064 8353 8073 8258 7978 8433 8546 8535 8432 7891 7720 7655 8719 7773 8014 8434 7818 7948 8276 8179 8177 8254 7880 9012 8175 8330 8437 7829 8798 7704 7340 8621 8352 7830 8316 8205 8168 8423 7935 8196 8288 8127 8268 8344 8284 7630 8039 8273 7863 7887 7981 7678 8511 8554 8182 7321 8381 7942 8393 8291 8395 8182 7887 7386 7770 8053 7809 7682 7657 7541 8515 8198 8634 8677 8314 7896 8306 8112 8245 7829 7857 7662 8207 8092 7985 7717 8296 8388 8434 8315 8270 8610 7431 8104 7710 7526 8601 8168 7899 7591 7709 7926 7734 7781 7962 8428 7898 8454 8283 8451 7552 8742 8512 8368 8368 8301 8541 7936 8075 8362 8019 8398 8306 8171 8625 8455 7873 7896 8683 8553 8527 7877 8150 8327 8715 8057 7900 8557 8389 8007 8550 8511 8169 7821 7624 7686 8683 8254 8217 7941 8176 7951 7829 8202 7695 8360 8172 8643 8659 8153 8128 8537 8830 8316 8224 8398 8178 8030 7652 8917 8540 8294 8774 8006 7927 8314 7928 8655 8247 8791 8253 8302 8099 8310 7717 8701 8327 7726 7885 7905 8212 8016 7867 8005 8183 8412 8186 7617 8255 8357 8448 8330 7957 8137 8434 8391 8256 8354 7901 8016 8873 8091 7713 8026 8279 8415 8285 8560 8113 8501 9023 8005 8287 8034 7572 8075 8104 7749 8424 8342 8188 8324 8106 8093 7951 8257 8805 7932 7831 8283 8281 7947 8657 8474 8408 7904 8544 8604 8072 8287 8844 8259 8240 8394 7785 7912 8633 8486 8189 8361 8217 8153 8139 8768 8285 7987 8495 8193 7938 8052 8227 7977 8081 7755 8760 8614 8015 8488 7635 8809 8192 9101 8558 8170 7899 8510 7958 8416 8413 8518 8688 8197 8169 7946 8163 7922 8549 
7772 7721 7485 7727 7728 7914 8308 7667 8172 7816 8107 7959 8091 7478 7597 8157 7628 8692 7898 8156 8144 7803 7710 7861 7738 8077 7806 7495 8116 7921 7696 8027 7837 8100 7394 8142 8150 8088 8273 7838 8317 8282 7687 8017 7971 8653 8431 7873 8013 8224 7512 7778 7870 7890 7674 8423 7692 7994 8126 7972 8033 7767 7954 8092 7531 8140 8576 7732 8064 7909 7729 7469 7825 7609 7784 7629 7340 7764 7956 8003 8341 8173 8237 8502 7603 8154 7700 8006 8457 8359 7515 7735 8056 8114 8450 7603 7503 7958 8439 7703 7812 8220 8170 7998 7921 8091 7636 7774 8467 8018 8017 8262 8035 7771 7976 8017 7559 7866 8458 7577 8131 8033 8341 8059 8022 7400 8252 7921 7856 8366 8030 8126 7531 7431 7775 8085 7340 8211 7969 8040 7762 7692 7794 8107 8108 7881 8289 7883 7556 7690 7864 7964 7357 7614 7889 8180 8454 7843 7248 8121 7884 8148 8168 7917 8110 8054 7173 7420 7805 7439 7621 7697 7535 8497 8088 8321 8188 8184 7694 8027 7946 7806 7751 7769 7565 7899 7844 7660 7685 7956 7929 7996 7973 8051 8318 7388 8150 7392 7462 8189 8137 7675 8129 7438 7650 7432 7468 7753 8042 7955 7938 7620 8231 7767 8246 8026 8520 8045 7945 8532 7631 7665 8309 8172 8240 7476 7863 8295 8152 7770 7903 8353 7964 8313 7947 7797 8223 8388 7689 7933 8179 7942 7755 8431 8409 7997 7714 7697 7312 8380 7847 7935 7601 7875 7713 7690 7383 7677 7846 7886 8339 8331 7793 8079 8170 8926 8075 7627 7916 7941 7667 7794 8172 8180 8071 8709 7635 7517 7711 7620 8238 8365 8481 7947 8010 7542 7991 7289 8466 7917 7861 8159 7786 7709 8123 7644 8252 7941 8046 8197 7441 7815 8008 8039 7785 7729 8013 8272 8326 7828 8093 8001 7660 8324 7745 7444 7917 7996 7839 7973 8092 8087 8116 8744 7856 8088 7842 7719 7887 8040 7603 8132 8277 7763 8268 7955 8107 8064 7897 8271 7796 7199 8089 8073 7753 8714 8095 8388 7761 8211 8288 7486 7595 8552 8009 7966 7808 7988 7673 7871 8370 8182 8391 7489 8285 7711 8345 8091 8070 7999 7834 7585 8062 7888 7725 7797 7205 7869 8103 8086 8063 7504 8469 8109 8613 7857 7897 7636 8003 7852 7949 7934 8082 8116 8222 7493 7563 8116 7776 8432 
8241 8406 7879 8269 8650 7990 9018 8096 8868 8491 8880 8356 8451 8003 8227 8270 8370 9025 8533 8518 8391 8344 7981 8223 8581 8562 8030 8207 8196 8593 8093 8416 8197 9012 8228 8586 8709 8541 8900 8264 8974 8784 8471 8271 8270 9071 8881 8125 8342 8857 8667 8630 8447 8609 8291 8532 8147 8548 8445 8780 8555 8767 8259 8442 8308 8585 8692 8527 8705 8623 8674 8108 8518 8245 8482 8335 7502 8387 8507 8412 8925 8597 8826 9212 8039 8319 8426 8513 9066 9158 7967 7957 8531 8642 9045 8446 8025 8825 8716 8754 8110 8675 9171 8884 8559 8591 8168 7826 8338 8646 8513 8403 8515 8170 8515 8887 8095 8455 8902 7950 8355 8841 8413 8448 8665 8124 9271 8218 8382 8823 8196 8916 8097 7801 8532 8597 8302 8574 8881 8305 8321 8161 8601 8613 8532 8538 8728 8470 8093 8324 8465 8347 8243 8413 8426 8612 9132 8245 7772 8588 7994 8688 8708 8620 8742 8288 7744 8225 8347 8321 8226 8249 7840 8759 8677 9050 9135 8746 8380 8380 8468 8241 8594 8139 8155 8440 8358 8162 7914 8819 8722 8396 8665 8309 8800 8095 8539 7857 7797 8714 8546 8301 8316 7634 8396 7802 8075 8516 8757 8671 8849 8342 9061 8258 8909 8345 8757 9100 8671 8695 8163 8284 8308 8650 8783 8290 8383 8969 9035 8226 8210 9008 8546 8988 8216 8568 8824 9038 8335 8341 8408 8445 8415 9071 8725 8356 7795 7968 8059 8705 8301 8683 8215 8228 8374 8335 8065 8251 8605 8656 8862 8836 8787 8312 8854 9561 8669 8470 8250 8532 8390 8318 8794 8561 8424 8931 8358 8397 8501 8191 8925 8470 8830 8766 8611 8478 8695 8033 8895 8746 8366 8265 8030 8484 8527 8246 8627 8836 8738 8556 7825 8604 8591 8401 8307 8367 8410 8736 8685 8336 8282 8532 8071 9000 8637 8536 8472 8408 8473 8648 8699 8671 8704 9109 8362 8485 8550 7995 8395 8723 8294 8298 8631 8595 8387 8565 8944 8491 8630 8771 8289 8186 8430 8553 8174 8818 8575 9084 8350 8854 8907 8236 8586 8991 8609 8537 8491 8264 8297 8741 8995 8795 8607 8357 9011 8496 9278 8371 8244 8472 8249 8460 8438 8773 8368 8371 7948 8769 8874 8643 8567 8221 8826 8317 9022 8404 8576 8234 8610 8245 8766 8747 8681 8946 8676 7890 8241 8422 8293 8450 
7805 7870 7350 7628 8090 7940 8191 7412 8202 7931 8348 7740 7923 7386 7712 7757 7539 8375 8048 8122 8016 7809 7530 7824 7916 7862 7846 7709 7872 7998 7761 7486 7609 8304 7685 8146 8065 8218 8206 7601 8392 8227 7966 7987 8022 8524 8480 7717 7595 8111 7860 8072 8161 7915 7791 8030 7573 7597 8298 8073 7876 7848 7726 8042 7605 8068 8273 7852 8190 7976 7851 7797 7988 7427 7826 7966 7529 7788 8064 7556 8465 7990 8172 8488 7581 7822 7960 8400 7904 8400 7249 7400 8013 8259 8448 7866 7199 8420 8209 7669 8069 7795 8437 8088 7857 7742 7697 7419 7917 8119 8004 8121 8285 7523 7468 8317 7752 7470 8151 7386 7816 8054 8062 7951 8002 7456 8590 7978 8126 8386 7880 8018 7682 6986 8067 8289 7629 8183 7736 7970 7542 7611 8184 7943 7744 8044 8229 7814 7175 7530 7782 7756 7530 7981 7873 8134 8098 8224 7468 8131 8029 8037 7906 8272 7995 8057 6953 7396 7838 7632 7488 7725 7586 7905 8077 8217 8121 8449 7845 8019 8100 7656 7853 7905 7465 8161 8170 7759 7500 7857 7867 8032 7955 7721 8366 7338 7874 7479 7440 7924 7662 7714 8140 7551 7942 7121 7419 7707 7973 7889 7911 8100 8177 7623 8469 8092 8521 8002 7753 8202 7629 7777 7865 8136 7929 7712 7936 8015 8122 7882 7583 8322 7875 8174 7923 7677 8137 8156 7623 7672 8221 8008 7770 8261 8207 7943 7451 7789 7498 8460 7653 7877 7623 7785 7919 7842 7179 7588 7457 7824 8250 7862 8213 7884 8166 8750 7998 7661 7827 7838 8101 7752 8278 8167 7879 8400 7774 7564 7925 7432 8147 8106 8280 7905 8218 7798 7869 7362 7867 8374 7251 7992 7721 7835 8047 7749 7973 7544 8245 8018 7446 7851 7923 8205 7852 7765 8102 8313 7740 8279 7838 8009 7733 8283 7990 7765 7817 7858 7956 7995 7817 7895 8050 8461 7830 7859 7726 7288 7912 8017 7518 7940 8140 8085 7780 8048 7828 7998 7869 8174 8140 7536 7894 7981 7869 8117 8038 8087 7548 8191 8190 7560 8071 8303 7908 7675 7786 7909 7771 7687 8277 8313 8027 8076 8110 7423 8417 7562 8064 7966 7717 7453 7982 7841 7433 7590 7308 7881 8071 7912 7962 8163 8214 8105 8599 8101 8184 7957 8088 8036 8296 8011 8258 8400 8484 7789 7725 7707 7796 8089 
7703 8134 7838 8036 8013 7656 8582 7413 8179 8402 8346 7891 7912 7434 7672 8229 7570 8498 8191 8111 8012 8049 8106 7804 8136 8438 7836 8037 8005 8088 7943 7768 7901 8665 7771 8104 8328 8180 8482 7893 8154 8009 8159 7850 8120 8785 8673 7990 7703 8167 8230 7967 8071 8248 7425 8267 8134 8330 8320 8265 8270 8191 7882 7835 7551 8151 8713 7799 8124 7672 8074 7735 8146 7723 8195 7940 7806 8163 7666 8142 8828 7956 8209 8210 7786 7912 8153 8210 8269 8426 7199 7645 8110 8513 8496 7869 7722 8308 8161 7903 7970 8359 8606 7895 8032 7849 7659 8032 8010 8091 7738 8391 8304 7722 7821 8333 7760 7970 8117 7756 7772 8190 8226 8216 8329 7715 8313 7941 7996 8164 8157 8204 7736 7631 8240 8101 7930 8384 8185 8282 7933 7727 7957 8363 8203 7793 8338 7698 7644 7570 7996 8063 7901 7920 7499 8173 8097 8353 7608 8208 8022 8391 8206 8247 8009 8029 7468 7616 7752 8033 7189 8014 7667 8255 7737 8193 8371 8127 7804 8084 8202 7986 7693 7689 7567 8105 8084 7649 7847 8015 8189 8073 7983 8032 8633 7439 8108 7787 7666 8222 7936 7834 8499 7587 7854 7227 7649 7948 8076 8025 8204 8149 8666 8041 8336 7990 8284 8608 8223 8776 7603 8049 8174 8290 8097 8053 8178 8450 8270 7744 7745 8151 8316 8153 7888 7888 7956 8660 7704 8074 8579 7907 7596 8262 8570 8015 7946 7665 7444 8064 8353 7924 7678 8307 7855 7713 7767 7769 7812 7971 8511 8233 8233 7815 8566 8818 8212 8130 8180 7979 7936 7974 8236 8304 8130 8398 7500 7754 8114 7761 8332 8268 8090 8325 7989 7874 8114 7453 8166 8423 8045 8086 7534 8105 8138 7766 8228 8206 8318 7805 7617 7850 8027 8176 8005 7909 8035 8674 8460 7770 8142 8126 7539 8349 8072 7838 8084 8406 8106 8090 8342 8102 7954 8524 8034 7719 8186 7372 8102 8045 7662 8358 8224 8325 7992 8248 8414 8115 8186 8440 7999 7691 8216 8192 8100 8439 7984 8133 7395 8465 8297 7922 7880 8163 7906 7849 8034 7788 7873 8071 8246 8529 7978 8223 8488 7830 8777 7996 7884 8349 8013 7787 8060 8085 7557 7981 7530 7973 7978 8235 8249 7962 8464 7907 9036 8018 8226 7963 8446 8060 8625 8182 8207 8102 8561 7773 7876 8164 8257 8068 
7771 7492 7353 7454 7746 7612 8150 6910 7891 7932 7903 7752 7557 7373 7655 7572 7730 8597 8025 7884 8022 7864 8002 7863 7813 7827 7505 7501 7908 7702 7429 7572 7429 8136 7228 7899 7868 7828 7932 7580 8283 8234 7529 7481 8059 8037 8071 7618 7657 7642 7890 7792 7953 7954 7515 8044 7366 7976 7547 7935 7791 7960 7575 7617 7500 8050 7965 7645 7798 7879 7848 7546 7880 7719 7772 7848 7288 7923 8075 8042 8604 7756 7572 8273 7473 8026 7722 7984 8057 7863 7034 7261 7970 7971 8233 7544 6971 7687 8110 7497 7781 7614 8221 7907 7779 7591 7333 7038 7615 8025 7652 7717 7678 7457 7354 7906 7379 7649 8244 7625 7919 8131 7711 7715 7403 7451 7952 7656 7622 8150 7710 7995 7365 7272 8013 8085 6980 8195 7693 7867 7774 7533 7960 7587 7768 7693 8168 7626 7110 7168 7987 7685 7622 7719 7477 7954 8098 7927 7103 7882 7659 8269 8020 7884 7966 7875 7122 7263 7768 7445 7224 7511 7093 7981 7657 8567 8266 8116 7939 7586 8097 7414 7564 7535 7449 7869 7977 7360 7288 7787 8067 8136 8090 7729 8450 7397 7683 7367 7404 7777 7731 7331 7842 7177 7775 6999 7265 7899 8110 7546 8026 7895 8232 7552 8299 7837 8059 8034 7823 8076 7609 7406 8044 7855 7955 7624 7785 8009 8135 7357 7741 7868 8117 8176 7665 7936 7770 7991 7318 7747 8134 7897 7783 8151 8185 7696 7449 7671 7242 7811 7582 7568 7399 7727 7903 7563 7323 7658 7776 7727 8504 8102 7841 7777 8526 8216 7940 7922 7466 7394 7932 7453 7688 7912 7854 8544 7639 7692 7732 7461 7938 7896 8139 7666 7877 7600 7755 6880 8046 8107 7442 7735 7688 7895 7651 7856 7728 7570 7898 7808 7445 7540 7805 7801 7798 7915 8041 8266 7932 8035 7835 7976 7436 8272 7405 7565 7638 7468 7719 7928 7851 7852 7959 8377 7777 7779 7557 7452 7675 7541 7429 8053 8205 7790 7730 7863 8008 7965 7675 8349 7629 7431 7695 7646 7677 8044 8229 8191 7348 7983 7866 7418 7585 8165 7781 7330 7681 7717 7686 7846 8090 7798 7821 8016 8067 7711 8149 7519 7460 7989 8035 7486 7730 7775 7349 7552 7344 8195 7977 8257 7966 7863 7882 7960 8404 7595 8080 7641 8215 7788 8095 7883 7936 8024 7837 7700 7645 7690 7740 8029 
8228 8450 8150 8692 8764 8372 9199 7942 8748 8979 8908 8437 8527 8097 8525 8316 8420 9333 8693 8840 8451 8559 8671 8432 8296 8804 8491 8248 8871 8566 8139 8248 8566 9032 8754 8820 8754 8929 8759 8253 9142 8834 8373 8607 8241 9024 9008 8169 8374 9012 8850 8910 8963 8217 8356 8774 8504 8940 8777 8841 9174 9282 8559 8608 8414 8813 9092 8337 8902 9008 8826 8089 8791 8360 8736 8662 8368 8273 8685 8750 9251 8766 8393 9015 8179 8797 8554 9041 8920 8884 8151 8070 8858 8993 9133 8389 7746 8747 9133 8251 8603 8723 9038 8615 8436 8427 8813 8448 8782 8584 8729 8850 8579 8583 8625 9203 8572 8756 9049 8448 8643 9103 8832 8958 8513 8729 8823 8639 8741 9154 8613 8876 8213 7545 8902 9011 7885 8897 8868 8895 9055 8573 8712 8777 8681 8521 8821 8770 7926 8069 8316 8857 8304 8346 8220 8553 9126 8808 7919 9003 8442 8839 8814 9162 8916 8463 7801 8516 8494 8397 8043 8538 8061 8818 8796 9001 9028 8728 8633 8429 8539 8424 8196 8378 8306 8552 8937 8236 8363 8277 8607 9168 9048 8574 9115 8106 8653 8212 7811 9069 8739 8480 8678 8089 8712 8034 8241 8679 8814 8771 8713 8724 9020 8548 9039 9108 8597 8548 8600 9343 8202 8487 8855 8959 8651 8565 8963 9145 8964 8339 8181 9230 8930 8849 8424 8847 8811 8683 8916 8561 9169 8850 8472 8917 8961 8677 8285 8258 8156 9032 8860 8609 8354 8583 8600 8416 8158 8209 8684 8811 8919 8762 9067 8509 9064 9505 8599 8611 8532 8399 8988 8859 8837 8905 8670 9518 8405 8300 8533 8459 9021 8993 8603 8825 8772 8734 8696 7658 8897 9107 8518 8543 8340 8765 8671 8232 8620 8740 8938 8355 8252 8260 8673 8855 8845 8678 8782 8807 9147 8885 8781 8775 8115 8839 8685 8255 8454 8706 8665 8762 8886 8641 8689 9802 8811 8708 8230 8035 8652 8754 8153 9211 8945 8865 8636 8630 8975 8879 9309 9011 8415 8547 8705 8735 8404 9012 8882 8981 8106 9185 9114 8423 8807 9383 8608 8244 8831 8768 8223 8830 8881 8601 8742 8963 8689 8070 9512 8563 8773 8934 8653 8365 8709 8735 8647 8342 7970 9206 9141 8839 8522 8464 8990 8431 9433 8758 8558 8577 8967 8758 9276 8825 9034 8719 8884 8579 8437 8423 8403 9067 
7922 8068 7827 8297 8021 8246 8832 7569 8477 8285 8632 8495 8078 7946 8079 8413 8082 8994 8438 7997 8265 8158 8119 8097 8186 8174 7818 7955 8195 8421 7920 8096 7967 8773 7813 8469 8481 8442 8579 7921 9072 8411 8332 8190 8052 8929 8704 7936 8352 8574 8455 8339 8487 8071 7733 8755 8105 8111 8233 8644 8232 8579 8157 8455 7821 8226 8659 8471 8708 8362 8213 8018 8211 8179 8459 8031 8126 7994 8478 8375 8831 8343 8419 8830 7859 8339 7981 8583 8413 8724 7737 8045 8522 8194 8656 8037 7642 8518 8427 8319 8333 8391 8787 8157 8273 8094 8296 7665 8197 8542 8286 8431 8469 8166 8276 8923 8029 8054 8546 8241 8303 8778 8574 8166 8280 8028 8834 8339 8524 8556 8390 8774 7892 7521 8859 8346 8090 8465 8185 8411 8621 8182 8520 8206 8350 8164 8679 8255 7641 7926 8080 7878 8035 8090 7623 8528 8541 8335 7539 8514 8193 8613 8590 8916 8669 8308 7328 7968 8158 7826 7741 8190 7777 8427 8437 8704 8786 8239 8194 8331 8100 8103 7883 7967 7811 8255 8775 7997 7887 8151 8229 8564 8402 8377 8880 7934 8050 7928 7973 8499 8189 7912 8138 7681 8172 7598 7669 8167 8304 8249 8508 8431 8630 8255 8737 8286 8672 8688 8410 8612 8018 7935 8376 8106 8375 8000 8374 8564 8327 7927 7660 8986 8586 8539 7835 7839 8196 8592 8224 8286 8668 8250 8135 8366 8730 7964 8189 7798 8264 8685 7989 8412 8051 7989 8162 7889 7711 7992 8025 7955 8633 8433 8573 8327 8729 8818 8138 8163 7611 8311 8347 8325 8369 8662 8173 8852 7811 7887 8123 7791 8590 8418 8349 8360 8421 8362 8218 7835 8695 8441 8119 8216 7958 8211 8502 7874 8164 8119 8764 8264 7563 8160 8459 8346 8375 7990 8599 8919 8668 8436 8183 8320 7985 8636 8240 7787 8201 7980 8570 8281 8557 8292 8525 8915 8349 8371 8306 7750 8191 8029 8024 8538 8481 8300 8332 8448 8573 8362 8220 8511 7969 7869 8289 8233 8145 8922 8455 8471 7754 8520 8663 8014 8033 8791 8049 7971 8569 8070 7890 8651 8522 8562 8130 8404 8685 8131 8749 8424 8345 8318 8155 8340 8457 8432 8124 7994 8063 8688 8656 7951 8241 8172 8656 8198 8984 8360 8436 8384 8690 8171 8467 8315 8537 8557 8754 8301 7997 8329 8277 8588 
7416 8006 7801 7733 8138 8169 8490 7268 8249 8304 8443 8197 7707 7532 7668 8034 7753 8600 8119 8098 8027 7835 7805 7903 8161 8299 7472 7811 7906 8273 7357 7649 8093 8532 7778 8437 8149 8059 8404 7580 8361 8232 7877 8099 8106 8821 8604 7553 7417 8389 8199 7864 8208 7861 7585 8072 7796 8661 8173 8221 8250 8333 8023 7913 7788 8550 8453 7911 8063 7951 7717 7839 8282 7670 8185 7939 7818 8136 8143 8017 8313 7850 7951 8560 7499 7849 8129 8333 8395 8727 7282 7517 8035 8078 8570 7624 7422 8525 8337 7476 7845 8156 8305 8259 7924 7643 7970 7909 8350 8091 8194 8335 8185 7879 7555 8683 7936 7889 8101 7773 8083 8275 8029 7834 8365 7937 8482 8067 8091 8296 7619 8239 7440 7445 8513 8371 7992 8329 8439 8299 8209 7446 8035 8161 7809 7952 8300 7990 7344 7752 7951 8041 7743 7703 7630 7874 8291 8233 7498 8334 7890 8183 8507 8310 8326 8235 7355 7642 8022 7721 7148 7609 7210 8379 7820 8408 8420 8182 7723 8075 8174 8085 7550 7630 7644 8309 8093 7956 7436 8234 8421 7975 8226 7763 8451 7681 7830 7655 7383 8431 7678 7587 8117 7638 7894 7286 7287 8242 8346 7869 8460 8195 8434 8001 8694 8359 8192 8576 8034 8759 7445 8317 8214 8035 8343 8002 7905 8389 8235 7423 7974 8519 8234 8528 8082 8182 8207 8148 7540 7866 8129 7762 7713 8388 8377 7759 7740 7794 7536 8403 8307 7966 7903 8127 7747 7887 7936 7396 8082 8188 8569 8015 8125 7901 8622 8704 8059 8235 8053 7801 8175 7916 8427 8301 8319 8718 7957 7693 8170 7654 8532 8396 8407 8027 8167 8288 8333 7185 8183 8544 7648 7977 7643 7829 8272 7526 8064 7831 8190 8137 7760 7637 8102 8554 8035 7803 7886 8466 8153 8326 7895 8220 7531 8772 8115 7613 8023 8359 7906 8306 8313 8128 8066 8788 8036 7706 7970 7346 8096 8209 7821 8441 8252 8056 8004 8226 8070 8252 8021 8426 7919 7948 7918 8270 7745 8321 7914 7781 7567 8499 8607 7693 8080 8607 8279 7606 8233 7928 7972 8093 8132 8320 8046 8225 8103 7915 8765 8130 7999 8382 8099 7722 7799 8264 7660 8096 7549 8166 8211 7698 8263 8116 8456 8219 8961 8183 8254 7908 8724 7819 8457 8238 8028 8347 7913 7883 7898 7914 7666 7994 
7883 8192 7705 7925 8314 8231 8513 7820 8204 8424 8403 8399 8300 7895 8020 8159 7735 8742 8153 7989 8113 8108 8120 8168 8153 8354 8085 7900 8465 8275 7716 8065 7979 8673 8015 8248 8211 8128 8130 7738 8880 8244 8007 8258 8036 8738 8656 8080 7800 8538 8334 7950 8105 8248 8071 8346 8418 8016 8418 8454 8547 7875 8370 8093 7855 8643 8764 7994 8554 8200 7587 7893 8512 7997 8454 8038 7710 8495 8309 8518 8656 8220 8188 8467 7698 8246 7972 8409 8433 8739 7656 7657 8523 8620 8473 7846 7631 8126 8464 7938 7983 8131 8689 8108 8077 7918 7694 7789 8399 7898 7984 8110 8619 8018 7800 8351 7855 8231 8286 8245 8320 8506 8599 8080 8425 7646 8497 8066 8517 8533 8103 8577 7594 7648 8240 7939 7625 8388 8130 8532 8355 7916 8427 8371 8049 7798 8470 7955 7813 7781 8058 8514 8391 8075 7122 8012 8289 8110 7882 8533 7915 8279 8304 8584 8365 7835 7236 8090 8096 7830 7283 8124 7546 8199 7746 8448 8193 8523 7770 8032 8338 8219 8056 7806 7534 8155 8418 8029 7748 8084 8216 8175 8311 8246 8799 7856 8545 7829 7537 8163 7990 7841 7917 7366 7845 7416 7662 8192 8283 8025 8093 8143 8742 7968 8754 8095 8536 8345 8388 8884 7616 8125 8039 8147 8221 7861 8280 8805 8181 7710 7917 8182 8048 8499 8138 8036 8414 8490 7934 8255 8695 8276 7730 8408 8739 7820 8113 7929 7657 8614 8200 8025 7757 8305 8222 7679 7644 8119 8056 8040 8570 8329 8459 8220 8503 8866 8343 8125 7947 7929 7954 7855 8315 8572 8394 8916 7762 8074 8462 7775 8618 8006 8369 7995 7904 8025 8271 7612 8534 8341 8084 7900 7839 7898 8242 8043 8333 7719 8451 8185 7591 8082 8187 8212 8369 8162 8230 8744 8734 8233 8134 8542 8043 8579 8193 7895 7978 8119 8095 8484 8321 8265 8210 9001 8523 8129 8047 7670 7922 8339 7805 8507 8180 8394 8289 8448 8183 7877 8366 8405 7873 7995 8269 8376 8284 8667 8348 8460 7530 8491 8260 8031 7775 8816 8353 8117 8134 7633 7820 8406 8202 8412 8222 8227 8580 7751 8922 8173 8342 8543 8204 7897 8403 8025 7874 7709 7653 8259 8477 8177 8223 8338 8827 7949 8798 8314 8031 8297 8567 7917 8334 8225 8176 8658 8440 8041 8166 8337 8091 8290 
7816 7931 7715 8001 8294 7956 8453 7608 8695 8349 8431 8166 8085 7834 7968 8196 7757 8796 8091 8174 7970 7960 7855 7963 8026 8413 7761 8004 7982 7966 7601 7801 8166 8280 8204 8292 8238 8263 8596 7691 8693 8059 8153 8049 8133 9141 8620 8013 7856 8479 8094 8404 8156 7834 7883 8059 7776 8264 8258 8258 8229 8137 8050 8209 7957 8158 8540 7955 8522 8554 7927 7806 8258 7917 8227 7612 7573 8034 8160 8039 8551 8169 8484 8729 7790 8068 8313 8224 8700 8572 7430 7771 8077 8415 8688 7993 7817 8340 8494 8216 8459 8320 8323 8053 8227 8162 7847 7835 8260 8044 8155 8086 8246 8011 7857 8299 8060 7958 8629 7717 7956 8514 8385 8029 8202 7829 8655 8227 8091 8460 8019 8391 7617 7434 8476 8553 7434 8518 8331 8071 7962 8058 8291 8197 8116 7997 8466 7833 7826 7614 8102 8149 7647 7842 7762 7977 8206 8131 7474 8325 8099 8358 8508 8442 8260 8141 7466 7882 8325 7970 7802 7944 7432 8326 8364 8793 8432 8132 8201 8014 8291 8076 7912 8100 7833 8330 8169 7911 7669 8334 8412 8391 8054 8164 8689 7693 8072 7662 7830 8594 7925 7882 8175 7511 8181 7459 7637 8470 8491 7964 8306 7931 8556 7842 8751 8411 8379 8291 8246 8390 7510 8093 8438 8374 8235 7861 8256 8458 8389 8157 7768 8369 8131 8522 8114 7921 8194 8698 7989 8158 8213 7981 7653 8555 8158 8021 7671 7979 7858 8389 7905 7976 7944 7931 8473 8105 7446 7999 8183 7965 8592 8403 8236 8175 8562 9255 8222 7943 8312 7891 7583 7912 8479 8463 8138 8788 7638 7904 8098 7765 8541 8278 8286 8503 8484 8470 8277 7355 8242 8419 7964 8070 8041 8014 8241 7899 8252 7916 8190 8387 7519 8126 8115 8168 8213 7851 8400 8502 8215 8453 8092 8525 8074 8511 8318 8205 7838 8012 8548 8411 8538 8580 8167 8918 7968 8029 7849 7901 7948 8122 7691 8345 8229 8165 8236 8180 8369 8415 8217 8574 8005 7914 8080 8230 8038 8418 7933 8453 7463 8668 8320 7914 7952 8868 8257 7887 8285 8281 8026 8391 8560 8385 8082 8252 8225 7944 8362 8040 8547 8370 8322 7642 7904 8190 7896 8016 7780 8223 8449 8359 8134 7972 8508 8203 9039 8433 8102 7765 8691 7731 8227 8186 8211 8304 8420 7777 7881 7904 8075 8447 
7855 7932 7494 7648 8293 8121 8085 7520 8485 8005 8295 7982 7919 7712 7781 7954 7518 8548 7950 8086 7966 8150 7749 7989 7835 8241 8004 7841 8058 7888 7734 7934 7899 8509 7896 8341 8462 8169 8234 7571 8476 8268 7748 7891 7905 8587 8345 7952 7576 7882 7795 7760 7866 7933 7707 8199 7999 8000 7842 8224 8082 8098 7498 7700 7591 7962 8309 7887 8114 8199 7608 7626 8305 7754 7788 7892 7538 7995 8113 8119 8780 8052 8082 8635 7538 7987 7839 8064 8390 8577 7595 7398 8090 8340 8708 7947 7504 8196 8374 7637 7859 8171 8182 7992 8253 7628 8033 7721 8181 7872 8185 7917 8243 7793 7631 8302 7492 7913 8078 7756 7696 8243 8080 7733 8123 7606 8329 8048 8041 8340 8000 7930 7642 7307 8275 8536 7628 8253 8001 7988 7902 7591 8376 7955 7952 7755 8420 7860 7254 7621 7995 7626 7782 7541 7529 7968 8129 7825 7269 8128 8041 8479 8190 8163 8152 8207 7164 7456 8053 7543 7396 7691 7509 8174 8034 8486 7790 8043 7778 7552 7618 7692 7471 7735 7740 7927 8090 7407 7598 8185 8353 7902 7962 7835 8557 7643 8004 7328 7208 8342 7846 7963 7879 7757 7716 7120 7383 8272 8135 7911 8185 7953 8281 7749 8288 8283 8707 8097 7991 8290 7352 7910 7976 8230 7920 7725 8025 8327 8026 7804 7834 8152 8108 8312 7928 7924 8016 8215 7600 7938 8462 7625 7892 8158 8349 8195 7676 7858 7781 8349 7860 7899 7588 7625 7678 7714 7416 7669 8027 8029 8299 8313 7583 7730 8855 8658 7799 7877 7642 7673 7610 7985 8109 8161 8058 8361 7561 7588 7704 7626 7938 8129 8513 8324 8149 8336 8036 7422 8532 8234 7732 7965 7961 7864 8021 7776 7901 7836 8265 7995 7531 7734 7756 8042 7791 7910 8506 8319 7937 8014 7781 8156 7954 8615 7745 7849 7811 7842 8218 8275 8397 7998 7933 8620 7965 7881 7696 7619 7956 8247 7478 8432 8113 8220 8037 8030 8018 8200 8208 8431 7602 7784 8186 7728 7569 8600 8111 7983 7305 8282 8355 7575 7704 8507 7856 7758 7966 7479 7450 8025 8200 8295 7957 7745 8411 7746 8455 7956 8045 8188 7991 7762 8433 7998 7420 7897 7554 8038 8175 8098 7898 7601 8281 8076 8751 7878 7914 7598 8595 7742 8035 8336 8110 8025 8110 7641 7540 7960 8001 7986 
7893 8321 8155 7940 8134 8612 8384 7785 8604 8443 8867 8462 7951 7874 8164 8188 7697 8905 8320 8038 8272 8070 7830 7887 8005 8059 8065 8198 8497 8311 7792 8186 7933 8576 7892 8281 8845 8207 8519 7606 8816 8734 8038 7948 8198 8793 8675 7849 7916 8342 8258 8215 8424 8310 8002 8816 7932 8118 8527 8338 8394 8511 8375 8331 7903 8232 8969 8081 8378 8677 8060 7968 8464 7693 8440 7948 7937 8236 8408 8528 8936 8456 8377 8623 7699 8400 8120 8342 8421 8856 7769 7597 7989 8503 8695 8199 7821 8401 8550 8027 8104 8402 8518 8362 8585 7792 8085 7906 8402 8142 8653 8517 8345 7976 8067 8760 7854 8258 7992 8105 8448 8213 8386 7978 8591 7669 8738 8445 8001 8360 7921 8602 7730 7672 8645 8358 7725 8368 8271 8440 8286 7997 8423 8347 8186 7966 8831 8165 7670 8066 8403 8020 7989 7878 7980 8515 8518 8229 7574 8780 8099 8498 8233 8584 8633 8184 7662 7718 8191 7694 7713 7947 7823 8704 7950 8720 8643 8425 7970 8044 8320 8456 8022 8224 8111 8127 8256 7706 7826 8527 8581 8410 8319 8010 8937 7833 8338 7853 7625 8510 8007 7861 8172 7576 8007 7915 7520 8196 8190 8197 8282 8133 8450 7852 8724 8663 8537 8464 8532 9010 7668 8204 8476 8028 8331 7912 8384 8534 8206 8122 8069 8570 8483 8690 8132 8085 8430 8643 7946 8340 8546 8082 7885 8722 8613 7953 7620 7721 7906 8563 8356 7882 7978 8031 8016 8042 7721 7715 8128 8135 9063 8010 8463 7792 8755 8802 8255 8495 8164 8384 8274 8146 8364 8343 8366 8981 8019 7887 8261 7977 8415 8317 8659 8663 8314 8149 8439 7773 8553 8276 7942 7959 7707 8086 8620 7924 8313 7970 8261 8096 7711 8332 8383 8202 7918 8254 8563 8462 8393 8727 8332 8360 7997 8816 8060 8064 8225 8485 8127 8528 8621 8538 8277 8850 8300 8341 8077 7692 8151 8164 7877 8355 8210 8222 8349 8520 8188 8146 8215 8544 7763 7817 8137 8060 7812 9057 8104 8606 7823 8345 8522 7958 8180 8831 8390 8021 8380 7710 8043 8482 8587 8126 8266 8069 8470 7792 8845 7873 8224 8500 8026 8066 8383 8200 7593 8025 7759 8474 8291 8072 8630 7986 8844 8318 9038 8174 8577 8063 8659 7952 8400 8392 8337 8665 8307 8122 8085 8142 7919 8190 
8283 8109 7810 8105 8157 8206 8229 7529 8566 8163 8585 7910 7888 7802 7801 8218 7689 8663 8196 8039 7752 7853 8002 8092 8104 8132 7992 7885 7952 8275 7816 7884 8128 8438 7879 8428 7996 8203 8259 7663 8606 8275 7910 8111 8280 8900 8718 7725 8076 8492 8122 7915 8048 7624 7850 8083 7851 8228 8415 8332 8372 8363 8066 8289 7777 8274 8579 8234 8382 8191 7793 7929 8558 7814 8394 7708 7735 7977 8112 8172 8554 8523 8337 8673 7759 8422 8470 8355 8702 8509 7863 7597 8218 8222 8411 8214 7621 8287 8470 7928 8302 8361 8451 8223 8223 8081 7885 8193 8487 8194 8216 8304 8529 8012 7855 8680 8140 7988 8685 7807 8103 8364 8449 8202 8210 8039 8439 8012 8162 8554 8448 8125 7832 7508 8340 8122 8134 8405 8332 8300 8061 7842 8165 8148 7960 8399 8485 7979 7516 8023 8069 8079 8125 7555 7688 8030 8318 8308 7542 8659 7990 8806 8461 8542 8180 7880 7408 7802 8100 7962 7838 7793 7463 8293 7900 8657 8426 8255 8120 7934 8126 8171 8119 7883 7687 8148 8206 8025 7455 7990 8461 8052 8110 7981 8581 7763 8301 7613 7765 8653 8171 7852 8284 7608 7911 7216 7615 8199 8045 8251 8435 8421 8852 8004 8347 8190 8544 8455 8202 8605 7914 8184 8132 8632 8226 7976 8099 8549 8102 7714 7843 8429 8412 8200 8080 8090 8428 8271 8059 8138 8581 8048 8048 8474 8465 8112 7489 8119 8010 8593 8415 8116 7957 7984 7787 7981 7749 8054 7918 8081 8621 8196 8278 8072 8302 8550 8353 8206 7940 8017 8352 8187 8353 8119 8379 8901 7806 8027 8178 7769 8380 8393 8196 8464 8184 8222 8466 7730 8311 8600 7900 7818 7816 8214 8266 8023 8247 7956 8313 8189 7978 8234 8232 8406 8190 8052 8241 8531 8511 8250 8013 8578 7784 8629 8334 7992 7907 8713 8209 8358 8316 8320 8465 8973 7910 7875 8066 7482 8117 8177 7629 8295 8275 8035 8159 8352 8294 8002 8220 8615 7658 8273 8332 8067 8044 8466 8471 8365 7869 8767 8383 7797 8206 8653 8159 7952 8192 8015 8041 8216 8220 8640 7967 8227 8224 7944 8550 7930 8158 8478 8134 8099 8131 8292 7891 7811 7784 8042 8264 8131 8148 7992 8858 8029 8960 8087 8271 7468 8721 8053 8609 8502 8351 8524 8484 7960 7769 8253 7830 8290 
8135 8273 7837 8231 8651 8227 8779 8072 8361 8444 8864 8605 8381 7989 8247 8311 7994 8936 8613 8448 8200 8609 8413 8193 8313 8561 8269 8391 8407 8379 8157 7951 8102 8712 8145 8477 8509 8263 8494 8003 8718 8540 8459 8271 8026 8958 9149 8082 7964 8588 8792 8513 8708 8373 7851 8346 8227 8692 8782 8404 8913 8788 8405 8534 8117 8384 8878 8280 8587 8528 8491 8154 8536 7828 8259 8272 7920 8299 8485 7915 9081 8480 8291 8957 8123 8439 8332 8730 8706 8851 8017 7961 8748 8503 8730 8214 7801 8622 8477 8008 8303 8156 8854 8536 8354 7966 7997 7926 8201 8670 8418 8610 8469 8202 7783 8829 8266 8328 8547 8372 8246 8782 8617 8199 8399 8053 9217 8335 8503 8617 8388 8617 8040 7504 8441 8465 8099 8688 8644 8737 8387 8319 8663 8548 8592 8154 8731 8406 8028 8115 8421 8312 8169 8027 7901 8416 8768 8540 7621 8733 8221 8582 8525 8786 8651 8482 7721 8152 8457 8273 7498 8034 7972 8908 8299 8755 9049 8441 8423 8371 8369 8057 8168 8217 8091 8504 8579 8263 8160 8497 8783 8941 8463 8541 9193 7868 8470 8157 7598 8354 8463 7902 8277 7639 8278 7539 8145 8404 8492 8291 8581 8583 8625 8154 8921 8422 8685 8862 9012 8756 7851 8399 8865 8649 8302 8389 8396 8801 8892 7677 8311 8319 8637 8586 8183 8627 8535 8713 8248 8282 8664 8053 8397 8731 8881 8416 7690 8509 8010 8605 8765 8432 7791 8464 8367 8243 7896 7913 8453 8332 8778 8553 8658 8370 8797 9242 8274 8453 8272 8298 8344 8596 8667 8515 8496 8850 8008 8117 8614 7932 8574 8337 8695 8486 8473 8475 8770 7693 8534 8636 8462 8052 8456 8232 8338 7658 8825 8255 8413 8341 7914 8276 8495 8263 8471 8049 8636 8752 8721 8555 8194 8615 7955 8767 8304 8357 8493 8310 8685 8830 8547 8672 8504 9112 8408 8282 8150 7837 8279 8470 8008 8753 8511 8605 8215 8273 8548 8545 8379 8469 8053 8160 8448 8551 8335 8791 8290 8876 7878 8972 8580 8459 8457 8809 8387 8311 8471 8071 8321 8267 8884 8570 8343 8798 8579 8416 9002 8044 8184 8699 8286 8272 8531 8488 8085 8212 8048 8976 8647 8404 8390 8260 8646 8024 9131 8327 8156 8412 8882 8173 8816 8421 8847 8711 8646 8189 8288 8324 8105 8264 
8282 8122 8134 8423 8745 8458 9196 7801 8936 8687 8964 8610 8455 8117 8423 8496 8140 9094 8762 8474 8670 8302 8320 8481 8467 8992 8351 7998 8524 8481 8360 8268 8181 8806 8380 8784 8495 8589 8552 8374 8889 8944 8678 8678 8309 8972 8997 8078 8343 8975 8337 8473 8443 8327 8049 8600 8354 8774 8505 8677 8934 8601 8148 8555 8037 8610 8859 8410 8573 8604 8219 8091 8554 8278 8733 8198 7853 8435 8623 8615 8922 8679 8444 9005 8305 8821 8425 8719 8670 9223 8250 8039 8815 8546 9043 8271 7915 8896 8859 8192 8570 8722 8638 8656 8476 8323 8380 8160 8561 8535 8790 8661 8652 8443 8147 9013 8285 8277 8895 8270 8273 8644 8841 8418 8703 8325 9126 8607 8472 8854 8530 9079 8028 7651 8775 8866 8065 8976 8668 8438 8761 8117 8883 8645 8432 8463 9154 8208 8027 7995 8624 8452 8337 8228 8469 8508 8673 8668 7617 8867 8698 8760 8597 8777 8728 8551 7741 7852 8502 8159 7713 8404 8048 8917 8615 9082 8941 8671 8429 8467 8374 8359 8259 8385 8118 8600 8553 8274 8556 8659 8705 8587 8714 8360 9213 8337 8585 7959 7753 8813 8560 8477 8566 7906 8334 7862 7836 8689 8803 8585 8435 8646 8968 8191 8758 8686 9320 8788 8564 8788 8188 8710 8773 8505 8414 8385 8589 8913 9005 8248 8322 8945 8652 8905 8813 8277 8897 8954 8300 8538 8698 8602 8372 8850 9131 8450 8168 8468 8063 8944 8454 8740 8300 8565 8588 8357 8142 8567 8427 8280 9095 8877 8569 8494 8704 9268 8455 8642 8544 8387 8763 8650 8894 8777 8549 9212 8119 8100 8555 8147 9002 8575 8532 8856 8648 8517 8477 7839 9019 9071 8189 8438 8143 8522 8806 8164 8599 8387 8799 8628 7900 8466 8481 8769 8611 8217 8704 8894 8798 8738 8526 8861 8209 9019 8383 8580 8880 8519 8720 8720 8936 8534 8622 9164 8459 8364 8133 7887 8289 8627 8059 8661 8754 8594 8468 8566 8479 8645 8796 9153 8309 8187 8654 8804 8246 8835 8892 9100 8250 8932 9125 8391 8396 9056 8466 8188 8731 8408 8600 8531 8945 8834 8789 8699 8876 8236 8782 8405 8420 9007 8381 8575 8498 8677 8226 8401 8131 8839 8625 8660 8501 8544 8814 8573 9259 8362 8630 8210 8782 8335 8841 8525 8818 8915 9238 8371 8145 8726 8059 8495 
7896 8304 7751 7579 8028 8031 8577 7977 8337 8269 8653 7974 7877 7551 8315 8182 7982 8721 8228 8480 8054 7973 7898 7874 8452 8053 8137 7845 8066 7997 7559 7767 7767 8384 8123 8024 8270 8158 8242 7595 8548 8412 8054 7895 8053 8862 8815 7443 7842 8296 8161 8143 8029 8061 8122 8201 8068 8174 8488 8504 8611 8622 7852 8100 7904 8520 8458 7887 8459 8282 7923 8130 8324 7777 8232 7959 7441 7874 8090 8387 8605 8050 8285 8723 7790 7963 8152 8457 8197 8530 7868 7783 8401 8311 8430 7878 7237 8398 8301 7888 8383 8260 8487 8220 8135 7880 8046 7849 8397 8325 8270 8217 8210 7981 8022 8536 7963 8144 8201 7876 8342 8278 8471 8006 8170 7905 8683 8150 8252 8369 7940 8606 7847 7478 8486 8413 7706 8259 8139 8346 7839 7777 8229 8049 8114 8091 8440 7989 7671 7684 7978 8293 8012 7854 7508 7998 8309 8082 7606 8096 7726 8144 8345 8429 8149 8249 7470 7766 7926 7844 7730 7808 7382 8012 7872 8869 8243 8405 8000 8171 8146 8044 8158 7948 7469 8301 8406 7939 7685 8203 8126 8469 8412 7963 8314 7467 8255 7585 7534 8615 8093 7896 8041 7708 7651 7441 7562 8038 7820 8409 8304 8050 8123 7813 8684 8348 8153 8289 7980 8473 7999 7933 8320 8368 8491 8363 8262 8425 8376 7638 7668 8692 8232 8391 8142 7976 8082 8201 8168 7941 8357 8026 8029 8574 8497 7886 7292 7815 7767 8530 8456 7841 7920 7699 8325 7987 7827 7915 8094 7992 8590 8545 8532 8120 8316 9101 8040 7976 8023 7741 8326 7963 8267 8343 8164 8822 7916 8010 8498 8081 8507 8314 8179 8341 8305 8304 8093 7304 8338 8242 7766 8107 7836 8142 8011 7982 8029 8135 8351 7969 7808 8213 8113 8017 8041 7869 8434 8537 8518 8589 7911 8391 7547 8820 7898 8218 8006 8005 8406 7991 8011 8135 8274 8913 8060 8183 8189 7662 7923 8262 7946 8513 7995 8575 7854 7831 8341 8270 8242 8169 8146 7677 8061 8031 7731 8472 8586 8449 7691 8315 8400 7507 7942 8851 8169 8028 8260 8015 7828 8442 8244 8168 8047 8152 8359 8024 8865 7851 8232 8513 8076 7959 8157 8292 7772 7919 7648 8321 8628 8037 8515 8358 8441 8227 8983 8194 8429 7810 8449 8004 8790 8242 8301 8288 8399 7999 7720 8054 7990 8275 
7588 8012 7521 7950 8248 7672 8284 7618 8286 8292 8696 8152 7943 7559 7792 8053 7859 8594 8403 8023 7974 7585 7920 7721 8104 8024 7905 7677 7919 8003 7532 7710 7935 8728 7518 8006 8261 8278 8166 7613 8296 8245 8422 8058 7808 8547 8495 7656 7487 8010 7967 8174 8044 7702 7646 8082 7750 8135 8087 8307 8005 8175 8185 7906 7655 8392 8406 7897 8289 7953 7822 7855 8180 7608 8136 7622 7408 8050 8168 8228 8506 7736 7730 8555 7629 7756 8153 8053 8159 8673 7268 7559 8481 8139 8657 7844 7643 8388 8259 7669 7865 8206 8213 8241 8318 7809 7683 7776 8578 7948 8161 8277 8146 8001 7544 8237 7711 7688 8156 8044 7959 8277 8098 8015 7921 7436 8505 8067 8071 8110 8109 8518 7754 7061 8318 8010 7662 8359 8055 8195 7845 7731 8305 8337 7988 7845 8270 7550 7579 7700 7921 7937 7733 7924 7672 8218 8090 8189 7548 8607 7894 8145 8205 8309 8090 7949 7176 7734 7955 7680 7662 7833 7410 8196 7884 8123 8180 8282 8048 7930 7802 7989 7899 7539 7568 7813 7965 7352 7968 7780 8408 8252 7899 7998 8425 7477 8047 7423 7438 8125 7976 7778 8139 7777 8061 7295 7357 7834 8108 8103 7869 8037 8310 7662 8107 8181 8377 8199 8197 8658 7407 7922 8014 7860 7845 7749 8359 8723 8208 7685 7670 8198 7878 8170 8211 7821 8103 8454 7877 8058 8147 7740 7681 8267 8066 8158 7597 7821 7618 8219 8170 7972 7684 7866 7823 8029 7233 7844 7990 8083 8564 8166 8121 7950 8301 8526 8143 8014 7843 7725 8085 7886 8250 8553 8065 9035 7788 7634 7918 7702 8430 8071 7914 7799 8331 8331 8271 7529 8314 8221 7635 7785 7650 8115 8570 7824 8177 8118 8391 8155 7731 7949 7897 8230 8213 7993 8509 8428 8282 8083 7873 7987 7774 8420 7766 7898 7899 7838 8007 8063 8229 8031 8014 8867 7968 7852 7680 7513 7791 8098 7758 8187 8254 7894 8165 8041 8228 7770 8321 8343 7754 7691 8127 7846 8042 8248 8314 8226 7567 8153 8408 7740 7911 8417 8063 7806 8312 7684 7992 8158 8172 8393 8142 7799 8328 7627 8669 7610 8315 8149 7929 7882 7985 8060 7791 8183 7441 8351 8348 8094 8185 8040 8524 8241 9049 7840 8095 7628 8416 8074 8352 8343 8029 8235 8213 7894 7880 8071 7556 7980 
8031 8228 7762 8106 8270 8155 8719 7725 8352 8206 8819 8310 8344 7814 8236 8263 7907 8932 8549 8271 8303 8155 8126 7831 8343 8420 7876 7839 8338 8091 7791 8519 7986 8330 7985 8221 8436 8237 8756 7806 8658 8746 8296 8087 8132 8920 9001 7930 7938 8108 8443 8175 8209 8089 7997 8538 7952 8482 8566 8104 8150 8742 7703 8159 7947 8540 8621 8217 8431 8281 8299 8185 8098 7845 8328 7867 7498 8499 8204 8284 8678 8296 8230 8963 7956 8323 8265 8507 8809 8541 7745 7712 8398 8228 8616 7888 7625 8493 8484 8108 8142 8199 8632 8379 8149 8116 7861 8022 8454 8294 8191 8217 8535 8044 8164 8452 7736 8047 8631 7951 8213 8473 8236 8351 8221 7887 8581 8112 8374 8528 8336 8435 7721 7296 8480 8460 7907 8862 8077 8430 8280 8123 8549 8236 8352 8310 8395 8079 7329 7800 8239 8329 8334 8233 7658 8512 8752 7847 7619 8593 7976 8718 8145 8293 8353 7922 7565 8029 8362 7967 7791 8090 7676 8247 8001 8623 8530 8427 8379 8200 8330 8065 8026 7814 7576 8265 8332 7812 7669 8255 8559 8486 8450 8228 8650 8017 8300 7736 7856 7973 7992 7949 8081 7761 7949 7464 7738 8241 8360 8269 8593 8401 8651 7902 8540 8108 8273 8448 8394 8999 8010 8133 8665 8663 8295 8258 8700 8718 8471 7891 8167 8762 8423 8488 8269 8470 8151 8741 8241 8067 8596 8158 8222 8708 8470 8008 7971 8182 7607 8442 8321 8041 7682 8275 8172 7897 7647 7781 8234 8380 8695 8609 8288 8437 8534 8876 8012 8216 7862 8142 8360 8258 8313 8078 8161 8870 7945 8009 8137 7837 8472 8614 8312 8681 8205 8312 8390 7575 8552 8540 7747 7995 8032 8232 8370 8019 8357 8161 8611 8552 7815 8177 8384 8276 8569 8031 8257 8286 8674 8317 8201 8454 8068 8632 8260 8042 8307 7965 8127 8283 8599 8168 8606 8822 8314 8126 8399 7621 8282 8538 7674 8360 8255 8239 8245 8393 8503 8262 8151 8389 8140 7955 8296 8619 7933 8737 8327 8703 7635 8387 8278 8027 7974 8892 8258 8403 8199 8201 7883 8655 8764 8449 8350 8426 8398 7710 8830 8062 8307 8426 7986 7751 8425 8269 8057 8059 7366 8354 8743 8485 8335 7899 8530 8180 9059 8251 8296 7840 8416 8211 8452 8312 8479 8462 8762 7992 8023 8105 8105 8363 
7669 8051 7586 7752 8141 7849 8550 7526 8353 7793 8194 7990 7672 7519 8032 7639 8036 8161 7989 7930 7789 7788 7920 7896 8013 8017 7795 7780 7864 8010 7649 7752 7628 8192 7770 7947 7870 8024 8025 7788 8208 8163 8116 7992 8004 8647 8568 7627 7422 7915 8421 8067 7724 8145 7755 8070 7675 8227 8023 8162 8218 8253 7788 8083 7807 8310 8327 8151 8040 8123 7803 7746 8048 7618 8163 7595 7850 7960 8005 7980 8609 7940 7882 8213 7495 7791 8097 8197 8167 7941 7685 7698 8309 8258 8479 7718 7200 8054 8223 7617 7973 8138 8264 7791 8178 7914 7809 7837 8108 7737 8013 8184 8037 8023 7865 8337 7619 7840 8342 7606 8105 8288 7890 7874 8266 7605 8497 8021 7884 8395 7929 8174 7728 7579 8324 7994 7820 8252 8063 7834 7829 7587 8435 8108 8149 7970 8408 7903 7479 7611 7939 7912 7694 7806 7428 7848 8273 7895 7312 8440 7718 8565 7919 7869 8168 8173 7700 7873 7908 7883 7471 7402 7349 7858 7970 8525 8278 7979 7674 7780 8058 7669 7979 7645 7626 8183 7856 7572 7433 7868 7966 8098 7869 8136 8468 7587 8143 7448 7055 7782 7692 7846 7925 7372 7843 7393 7599 8078 8170 8423 7989 8159 8430 7720 8095 7977 8282 8415 8146 8395 7531 7849 8210 8386 8231 8025 8228 8456 8245 7909 7679 8063 8165 8194 7883 7764 8277 8273 7825 7586 8066 7835 7833 8476 8435 7879 7620 7599 7625 8598 8191 7858 7590 7969 7942 7953 7686 7553 7799 7747 8261 8303 7844 7850 8574 8823 7828 8278 7904 7980 8223 7672 8246 8458 7960 8842 7919 7848 8055 7420 8524 8396 8239 8122 7907 7871 7786 7295 8440 8327 7748 7866 7612 7770 7929 7597 8104 8020 7967 8085 7660 7824 8111 8077 8218 7931 8078 8474 8326 7820 7884 8152 7796 8529 8310 7888 7892 8221 8207 8429 8185 7996 8192 8500 8142 7740 8077 7449 7956 8043 7681 8618 8305 8050 7983 8184 8359 7986 8040 8366 7728 7740 7917 8219 7641 8627 8509 8270 7383 8275 8492 7702 7466 8498 7850 8014 8224 7911 7847 7989 8053 8202 8241 7765 8318 7648 8581 7845 7978 8454 7699 7548 8038 7812 7783 7737 7437 8047 8055 7884 7974 7575 8381 7957 8703 8144 7869 7742 8096 7896 8064 8022 8196 8294 8206 7690 7725 7797 7664 8080 
8362 8428 7972 8144 8776 8233 8530 8087 8340 8405 8836 8378 8656 7839 8325 8567 8026 9150 8427 8234 8577 8326 8529 8276 8562 8605 8320 8234 8767 8291 8214 8317 8244 9022 8086 8709 8665 8773 8597 8040 8671 8690 8551 8277 8124 9112 9197 8070 8264 8517 8658 8680 8550 8510 8450 8892 8211 8830 8843 8746 8636 8951 8375 8689 8452 8658 9156 8134 8628 8478 8529 8411 8768 7901 8427 8503 8021 8339 8908 8574 9026 8806 8471 8749 8178 8412 8579 8591 8893 9273 7815 7945 8666 8624 9218 7806 7826 9127 8614 8572 8219 8737 9055 8488 8609 8285 8374 8377 8743 7927 8617 8520 8687 8091 8013 8745 8458 8445 8619 8661 8475 8668 8540 8525 8425 7927 9295 8140 8300 8676 8346 9009 7919 7718 8471 8609 8068 8721 8640 8595 8099 8487 8620 8852 8514 8379 8585 8360 7744 8141 8427 8663 8442 8207 8213 8398 8676 8535 7669 8693 8308 8859 8838 8676 8694 8099 7787 8449 8548 8336 8078 8380 8109 8696 8321 8927 8732 8547 8349 8595 8390 8513 8415 7920 8174 8678 8513 8016 8027 8183 8620 8839 8465 8675 9063 8112 8506 7863 7751 8348 8490 8157 8207 8176 8179 7633 8119 8627 8780 8432 8643 8334 8854 8338 8660 8531 8760 8585 8691 8883 7930 8462 8270 8678 8617 8301 8427 8873 8532 8428 8157 8445 8452 8827 8302 8617 8768 8845 8311 8578 8650 8462 8073 8588 8608 8368 8156 8253 7781 8599 8501 8554 7785 8205 8253 8233 7947 8373 8362 8379 8858 8892 8597 8438 8661 9243 8522 8412 8399 8698 8730 8649 8749 8421 8529 9182 8501 8273 8338 8206 8690 8341 8821 8556 8644 8610 8689 7725 8643 8880 8371 8181 8042 8444 8565 7992 8697 8641 8581 8498 8194 8547 8562 8491 8482 8304 8561 8897 8945 8739 8457 8935 7986 8702 8745 8031 8524 8460 8420 8787 8744 8881 8436 9177 8565 8470 8188 8215 8265 8655 8059 8695 8821 8628 8437 8790 8581 8525 8467 9066 8023 8289 8473 8521 8200 8882 8644 8953 7912 8847 8693 8335 8369 9108 8711 8342 8436 8514 8315 8659 8832 9061 8576 8590 9075 8007 8984 8134 8545 9046 8236 7947 8650 8530 8029 8304 8009 9069 8833 8840 8128 8442 8914 8600 9059 8596 8555 8143 8622 8414 8914 8715 8636 8628 8446 8292 8361 8394 8147 8442 
7366 7854 7587 7708 8105 7879 8079 7597 8103 7768 8455 7944 7830 7821 7793 7915 7745 8290 7990 7705 7589 8208 7639 8432 8002 7628 7798 7386 7754 7930 7485 7656 7681 8296 7780 7777 8205 7712 7998 7510 8727 8496 7859 7974 7641 8851 8487 7840 7664 8382 8298 8110 8176 7609 7518 8048 7589 8018 7833 8147 8192 8176 7493 8025 7534 8064 8474 7837 8116 8062 7832 7534 8360 7876 7699 7905 7522 7604 8215 8175 8209 7902 8123 8558 7294 8193 8059 8279 7985 8110 7369 7437 8071 7911 8492 7667 7685 8188 8279 7628 8066 7748 7954 8120 7916 7423 7472 7443 8212 8060 7879 7785 8070 7537 7748 8170 7687 7626 8282 7919 7830 8492 8265 7969 8072 7704 8506 8081 8309 8106 8002 8035 7719 7340 8089 8170 7820 8079 7839 7970 7858 7822 7819 7964 7962 7626 8120 7814 7455 7689 8180 7888 7695 7612 7697 7866 8106 7796 7081 8249 7950 7833 8255 8184 8044 7908 7395 7866 7946 7619 7725 7463 7544 8319 7932 8071 8581 8064 7824 7744 8058 7514 7959 7457 7343 7962 8308 7895 7652 7829 7982 8077 7895 7802 8159 7168 8125 7473 7383 7920 7646 7635 8092 7165 7733 7411 7424 7924 7898 8114 8237 7960 8126 7573 8358 7909 8374 8193 8254 8281 7620 7990 8126 8385 7874 7644 8111 8459 7958 7671 7515 8269 7763 8061 7922 7991 8103 8126 7935 8139 8290 7777 7977 8647 8345 7730 7481 7605 7652 8228 7970 7746 7605 7858 7978 7637 7374 7558 8046 8047 8429 8003 8260 7882 8303 8933 8291 7977 7746 7797 7670 7872 8123 8110 8155 8487 7210 7818 7941 7659 8352 8005 8479 7994 7891 7998 8084 7162 8203 8100 7911 8054 7879 8103 7971 7471 7928 7936 8054 7856 7650 7958 8050 7893 8304 7805 7901 8277 8396 8171 8060 8065 7588 8323 7697 7773 7640 7879 8103 7943 8009 8380 7938 8732 7729 7861 7586 7575 7899 7707 7870 8298 8018 8026 7365 7969 8050 7990 7851 8528 7374 7650 7706 7723 8046 8444 7848 8050 7739 8428 8208 7775 7636 8733 8115 7630 8120 7711 7616 7908 8374 8178 7993 8221 8038 7774 8841 8033 8011 8094 8077 7992 7981 8128 7702 7639 7440 8234 8174 7909 8126 8103 8053 8063 8454 7978 8134 7661 8193 7959 8196 8104 8034 8201 8008 7837 7693 7780 7621 8350 
7554 8020 7948 8130 8468 8005 8462 7668 7995 8056 8621 8158 8166 7771 8049 8193 7945 8682 8411 7998 8027 7919 7834 7792 7959 8416 7762 7684 8037 8188 7670 7750 7697 8458 8213 8220 8420 7996 8329 7931 8483 8260 8245 8351 7881 8829 8393 7896 7747 8195 8042 8137 8202 8017 7770 8310 7933 8276 8262 8169 8257 8150 8001 8027 8016 8465 8272 8037 8299 8370 8048 8067 7943 7770 8161 7994 7487 7705 7851 8040 8540 8283 7869 8493 7616 8047 8149 8083 8364 8622 7545 7755 8192 8330 8762 7791 7624 8439 8558 8177 7924 8102 8776 8483 7998 7837 7913 7693 8091 8266 8038 8114 8143 8015 7625 8596 7988 7772 8379 7831 7954 8294 8064 8459 8233 7787 8731 8130 8369 8427 7944 8315 7825 6942 8053 8437 7800 8244 8162 8196 8224 7486 7999 8344 7934 7697 8085 7916 7850 7913 8040 8239 7959 8036 8186 7728 8441 8122 7313 8232 8138 8210 8280 8492 8059 8067 7471 7718 8008 7820 7441 7849 7708 8443 8325 8470 8523 8398 7979 8116 7859 7711 8143 7965 7521 8051 8098 7714 7721 8078 8212 8382 8190 7959 8671 7423 8275 7556 7366 8188 8150 7988 8126 7634 7723 7099 7414 8025 8170 8531 8309 8208 8714 7690 8506 8156 8371 8438 8365 8278 7754 7943 8368 8126 8025 7901 8014 8358 8757 7877 7811 8579 8314 8265 8345 7790 8384 8776 8265 7993 8624 8095 7675 8776 8221 8028 8061 8147 7667 8506 8108 7993 7992 8040 7753 7811 7683 7675 7949 8389 8385 8549 8363 8255 8754 8879 8006 7899 7829 7914 8065 8113 8475 8191 8104 8684 7848 8167 8345 7541 8364 8159 8334 8176 7826 8149 8048 7670 8276 8276 7849 8082 8063 8025 7915 7748 8288 8129 8441 8282 7671 8130 8360 8115 8481 7784 8224 8314 8516 8109 8165 8151 7667 8158 7826 7896 8042 8156 8299 8210 8124 8230 8020 8962 8306 8208 7646 7327 8062 8348 7922 8280 8092 8125 7931 8324 8006 8458 8221 8357 8125 7955 8082 8097 8029 8143 8395 8396 7901 8312 8025 7704 8092 8887 8203 8208 8299 7815 7804 8242 8218 8288 8417 8392 8066 8081 8823 7835 8252 8160 8176 7765 8248 8073 7967 7702 7660 8261 8478 8217 8010 7757 8325 8123 8907 7956 7979 8060 8317 8154 8445 8036 8585 8525 8110 7843 7640 7963 7852 7956 
7945 8182 7930 7975 8314 8377 8785 7800 8451 8510 8611 8152 8209 7933 8100 8323 8054 8974 8470 8058 8291 8281 8173 7745 8265 8434 7942 8070 8241 8370 7790 8149 7744 8724 8315 8284 8497 8370 8672 8010 8652 8724 8236 8139 8481 8921 8621 7856 8181 8574 8493 8413 8405 8087 7793 8566 7831 8520 8661 8286 8396 8387 8183 8340 7930 8539 8497 8111 8404 8381 7994 8219 8507 8158 8282 8342 7506 8354 8465 8354 9077 8382 8298 8745 8029 8384 8083 8329 8715 8878 7682 7686 8318 8257 8674 8006 7830 8455 8225 8277 8124 8181 8423 8696 8188 8142 8084 8053 8477 8304 8249 8277 8220 8012 8074 8691 7775 8269 8443 8272 8333 8256 8712 8332 8436 7690 8832 8361 8361 8490 8044 8512 7964 7506 8747 8253 7924 8365 8019 8331 8527 8127 8376 8455 8401 7861 8310 8120 8118 7988 8159 8192 8132 7939 7920 8377 8508 8156 7691 8778 7896 8283 8763 8557 8191 8091 7763 8081 8359 8199 7707 7768 7790 8610 8187 8650 8627 8492 8249 8031 7969 8249 8370 8155 7967 7990 8575 7761 7867 8232 8697 8734 8391 8115 8686 8026 8245 7641 7949 8255 8468 7859 7958 7466 7795 7705 7637 8514 8560 8416 8382 8457 8768 7857 9130 8225 8577 8735 8140 8888 7964 8234 8306 8253 8591 8160 8434 8906 8755 7918 8233 8592 8379 8625 8197 8032 8481 8898 8025 8379 8883 8034 8084 8757 8736 8092 7736 7945 7989 8589 8242 8239 7758 8397 8393 8173 7959 8038 8390 8476 8850 8881 8236 8390 8755 9256 8224 8593 8351 8027 8105 8152 8705 8553 8594 8597 8177 8308 8490 8265 8810 8107 8486 8600 8526 8278 8203 7663 8621 8822 7979 8127 7687 8132 8071 8091 8241 8257 8603 8218 7847 8319 8409 8616 8316 8125 8304 8352 8558 8520 8309 8554 7899 8617 8364 8111 8024 8354 8508 8370 8539 8299 8380 9090 8328 8420 7927 7610 8136 8481 8070 8520 8199 8383 8148 8098 8338 8173 8499 8655 7879 7904 8522 8193 8143 8644 8224 8286 7948 8378 8654 7970 8165 8713 8669 8235 8159 7929 8010 8453 8370 8770 8414 8323 8686 8138 8798 7929 8437 8605 8164 8232 8551 8390 8023 8073 7483 8764 8493 8461 8303 8023 8539 8301 9162 7944 8541 7963 8743 8230 8415 8433 8525 8203 8338 8064 8202 7898 8191 8504 
7689 7836 7390 7598 7847 7739 8221 7460 7754 7884 8382 7965 7917 7123 7927 7774 7467 8197 8296 7741 7856 7668 7662 7645 7953 8109 7536 7715 7910 7834 7708 7545 7418 8300 7640 7893 8087 7581 8211 7682 8130 8094 7598 7963 7581 8382 8488 7461 7554 7886 7965 7956 7679 7686 7232 7830 7588 8189 8040 8116 8071 8157 7485 7467 7643 7880 8360 7641 7881 7887 7876 7642 8021 7635 7871 7837 7123 7603 8018 7738 8398 7993 7775 7936 7250 7902 7565 7872 8456 8265 7184 7248 8053 8051 8221 7489 7142 8278 8108 7726 7700 8050 7929 8184 7707 7843 7703 7560 7960 8103 8010 8231 8148 7584 7433 8367 7420 7915 8437 7507 7977 7757 7918 7615 7638 7578 8374 7856 7938 7988 7896 8143 7311 7225 8072 8090 7878 8093 8199 7723 7843 7671 7981 7935 8001 7906 8309 7437 7454 7235 7773 8056 7941 7613 7273 7790 8136 7956 7535 8060 7781 8014 7930 8140 7693 7636 7412 7301 7719 7566 7116 7482 7326 8037 7685 8028 8065 7758 7952 7609 7764 7898 7861 7979 7217 7824 7800 7603 7360 7909 8203 7838 7953 7696 8226 7417 7729 7456 7170 8005 7800 7593 7593 7201 7565 7253 7807 7878 7745 7937 8080 8258 8079 7706 8141 7941 8181 8160 7862 8292 7485 7754 7767 8322 7775 7782 8096 7923 8050 7575 7804 7963 8223 8149 7820 7600 8191 8114 7770 7719 8063 7680 7691 8006 8327 7906 7598 7837 7392 8104 7860 7788 7331 7809 7670 7599 7770 7471 7667 7682 8356 8128 7793 7647 8301 8647 7714 7594 7760 7973 7778 7624 8185 8187 8037 8509 7679 7643 7806 7596 8020 8104 7724 7873 7896 7804 8022 7237 7994 7891 7697 7500 7671 8051 7910 7505 8117 7661 8056 8217 7535 7764 8042 7908 7926 7626 8037 8233 8047 7953 7806 8045 7635 8488 7751 7738 8249 7751 8302 7875 8280 7554 7940 8730 7820 8003 7503 7334 7905 7805 7292 7989 8007 7840 8008 7785 7988 7899 7773 8288 7669 7475 7659 7649 7192 8092 8203 8135 7628 8184 8101 7516 7723 8422 7753 7642 8151 7673 7629 8074 8147 8194 7836 8003 8411 7764 8571 7752 7898 8309 7676 7593 7900 7853 7664 7389 7375 8338 8213 8094 7704 7936 7926 8035 8651 7559 7977 7576 8215 7733 8300 7789 8049 8505 7937 7493 7920 7505 7597 8073 
7446 7620 7710 7701 7603 7467 7778 7476 7876 7353 8014 7730 7678 7369 7460 7596 7315 8385 7604 7843 7884 7239 7585 7389 7772 7670 7526 7435 7939 7701 7133 7162 7664 7997 7582 7732 7664 7822 8087 7380 8228 7991 7587 7582 7623 8333 8303 7282 7469 7844 7780 7973 7720 7880 7437 7750 7662 8075 7740 7890 8018 7904 7388 7721 7726 7691 8090 7488 8007 7948 7682 7667 7727 7434 8009 7727 7048 7675 7813 7479 8497 7839 7697 8100 7800 7706 7678 7849 7774 7942 7471 7218 7868 7549 8207 7748 7202 8097 8010 7388 7876 7741 8041 7482 7899 7895 7567 7267 7801 8064 7539 8046 7489 7293 7596 8368 7465 7607 7804 7483 7509 7973 7511 7783 7822 7335 8092 7390 7541 8073 7582 7965 7613 7067 7754 7713 7310 8055 7713 7648 7799 7449 7655 7804 7508 7748 7769 7576 6851 7404 7955 7558 7324 7301 7324 7942 8032 7931 6765 8019 7443 7835 7690 7870 7711 7923 6694 7469 7851 7483 6981 7092 7014 7671 7809 8317 7926 8161 7522 7862 7412 7650 7459 7727 7166 7734 7978 7502 7277 7816 7747 7794 7814 7584 8509 7242 7430 7195 7062 8063 7480 7421 7488 7158 7477 6823 7147 8275 7752 7553 7613 7946 8088 7705 7924 8092 7990 7842 7763 8015 7521 7885 8006 7666 7876 7204 7973 7820 7927 7448 7572 8005 7965 7860 7718 7884 8036 8149 7580 7908 8026 7704 7462 8278 8029 7722 7305 7849 7252 8144 7870 7632 7490 7720 7463 7261 7254 7266 7699 7696 8092 8158 7814 7674 8166 8463 7790 7403 7420 7721 7856 7734 8053 7959 8034 8506 7748 7394 7716 7445 7741 7892 7807 7704 7876 7971 7747 6700 7898 7827 7610 7485 7516 7918 7783 7665 7737 7521 8035 7764 7307 7718 7848 7744 7714 7288 7957 7933 7966 7799 7627 7756 7507 7938 7451 7416 7755 7804 7836 7921 8086 7686 8010 8438 7571 7324 7633 7280 7481 7556 7180 7906 7776 7454 7391 7515 7649 7676 7736 8295 7406 7558 7590 7655 7228 7897 7773 7993 7154 8190 8081 7213 7495 8197 7676 7717 7872 7534 7419 7866 7918 7851 7615 7941 8159 7579 8351 7906 7651 8032 7614 7061 7688 7950 7280 7669 7085 8013 7979 8036 7559 7490 7833 7561 8405 7752 7803 7257 8308 7844 8184 7661 8197 8068 7689 7503 7547 7602 7621 7861 
7707 7854 7638 7791 8254 8134 8254 7717 8151 8156 8115 8070 8196 7444 7674 8111 8072 8382 7933 8175 8184 8015 7750 7849 8036 8237 7825 7596 7967 8423 7717 7958 7661 8260 7872 8114 8245 7938 8528 7832 8558 8275 7772 8016 7769 8606 8215 7669 7785 8197 7910 7959 8211 8142 7631 7986 7764 8590 8380 8199 8448 8630 7860 7948 7694 8128 8696 8033 8537 7832 8141 8131 8263 7921 7977 7976 7833 8153 8111 7784 8703 7899 8289 8481 7508 8129 7856 8253 8382 8467 7736 7737 8227 8444 8450 7516 7762 8392 8588 7962 8252 7967 8341 8333 8325 7993 7915 7606 8286 8118 7989 8448 8047 8047 7781 8535 7908 7735 8432 7530 8092 8371 7785 7793 8044 7732 8441 8053 8010 8095 7846 8354 7537 7273 8389 8052 7557 8299 8043 8046 8188 7782 8057 8150 7802 8002 8244 7798 7613 7531 8134 7885 7891 7754 7922 8073 8140 8206 7636 8208 7926 8147 8325 8333 8316 8414 7469 7551 7828 7898 7478 7787 7570 8434 7835 8512 8422 7881 7848 7943 8150 7948 7725 7837 7622 8165 7916 7512 7607 8228 7951 8314 8345 8103 8327 7443 8091 7599 7397 8230 7905 7875 7874 7310 7761 7259 7534 8001 8221 8081 8289 8156 8183 7841 8640 8412 8266 8445 8203 8545 7484 7972 8172 8225 8278 7549 7947 8330 8206 7716 8043 8313 8027 8155 7866 7795 8337 8496 8001 8323 8354 7860 7738 8182 8415 8141 8009 7696 7759 8485 8438 7992 8318 8068 8069 7603 7772 7602 8019 8201 8373 8320 8318 8131 8589 9127 7840 7922 8092 8020 7977 8068 8117 8295 8089 8878 7513 7476 8234 7776 8165 8475 8332 8038 7851 7855 7780 7606 8457 8286 7706 7882 7837 7822 8139 7664 8144 8264 8557 8286 7586 8153 7979 8308 7930 7958 8026 8366 8440 8344 8230 8157 7859 8592 7985 7856 7955 7877 8296 8167 8294 8245 8423 8702 7968 7808 7896 7391 8237 8275 7967 8014 8168 8146 8060 8246 8166 7934 8040 8291 7739 7537 8318 8450 7911 8568 7838 8395 7560 8649 8236 7829 7907 8826 7794 8143 8090 7695 7515 7917 8250 8160 8181 8123 8359 7685 8500 8100 8436 7960 7798 7754 8161 8076 7702 7971 7839 8143 8607 8145 7961 7797 8501 8087 8808 7964 8192 8175 8171 7935 8194 8082 8268 8713 8084 7931 7911 8069 7755 8391 
7689 8225 7815 7794 8203 7955 8612 7748 8308 8082 8638 8094 8161 7912 7896 7981 7760 8523 8079 8250 7988 7945 7910 8228 8243 8229 8161 7986 7922 8202 7838 7700 8123 8353 7998 8413 8364 8381 8552 8087 8602 8342 8138 8215 7901 8559 8733 7733 7904 8424 8065 8384 8271 8112 7835 8302 7531 8607 8180 8137 8413 8410 8022 8336 7829 8446 8524 7769 8495 8329 7852 8027 8368 7860 8219 8243 7390 8200 8473 8108 8969 8419 8159 8646 7496 8075 8118 8237 8660 8605 7478 7602 8257 8292 8908 7656 7493 8272 8501 7785 7867 8178 8435 8060 8119 7950 7923 7793 8008 8347 8211 8139 8176 7752 7922 8759 7689 8078 8184 7857 8089 8582 8213 8068 8363 7850 8714 8406 8025 8426 8164 8357 7968 7591 8288 8599 7766 8377 8134 7933 8161 7871 8238 8367 8081 8112 8522 7967 7730 8004 7843 8287 7855 7950 7934 8285 8405 8363 7686 8523 7957 8569 8770 8374 8025 8115 7201 7578 8093 7879 7818 7685 7633 8311 8234 8262 8443 8317 8068 8397 8216 7598 8100 8199 7471 8392 8461 7783 7590 8359 8240 8391 8065 7995 8641 7633 7920 7371 7621 8446 7876 7818 8133 7690 8210 7207 7937 8450 8155 8167 8102 8199 8514 7872 8574 8190 8343 8479 8530 8742 7478 8237 8211 7935 7919 7844 8177 8632 8687 7898 7798 8684 8132 8405 8343 8510 8187 8538 7951 7706 8580 7954 8259 8235 8490 8366 7909 7702 7581 8751 8219 8151 7911 8211 8076 7827 7787 7837 8102 8380 8665 8111 8302 8027 8715 8845 8356 8373 8059 7927 8305 8234 8252 8222 8368 8932 8135 7848 8252 7662 8496 8337 8316 8333 8387 8370 8208 7313 8389 8460 7882 7985 7855 8070 8261 7477 8201 8119 8595 8217 7818 8343 8286 8362 8491 8069 8314 8511 8460 8473 8326 8151 8027 8568 7973 7875 8108 8279 8470 8484 8279 8059 8215 8952 8159 7966 7674 7520 8237 8401 7799 8349 8317 8051 7973 8190 8048 8109 8359 8657 7808 7996 8008 8190 8127 8364 8328 8168 7798 8584 8673 7745 8090 8929 8279 8019 8519 7821 8012 8210 8616 8317 8480 8209 8218 8103 8765 7753 8055 8492 7951 7481 8339 8589 7939 7856 7487 8478 8329 8126 8146 8360 8660 8501 8917 8209 8345 7768 8612 8093 8686 8465 8222 8402 8170 7880 7867 8011 7845 8260 
7805 8039 7774 7960 8744 7977 8480 7511 8368 8093 8824 8318 8303 7523 8202 8196 7952 9139 8307 8254 8164 8371 8312 8137 7894 7707 8082 7892 8328 8096 7808 8356 8138 8841 7827 8407 8486 8512 8835 7824 8617 8577 8193 8194 8173 9090 8975 8111 8111 8697 7971 7729 8558 7957 8065 8354 7993 8343 8526 8393 8228 8268 7952 8012 7980 8349 8421 8112 8344 8450 8116 8239 8246 8251 8119 8018 7839 8272 8659 8258 8570 8064 8100 8899 7737 8294 8773 8634 8602 8811 7703 7638 8209 8542 8975 8081 7881 8450 8470 8187 8291 7996 8710 8332 8354 8297 7924 7903 8464 8475 8432 8145 8261 8185 7792 8695 8122 7959 8524 7939 8166 8688 8113 8416 8224 7826 8718 8153 8794 8697 8064 8491 8114 7490 8472 8536 7569 8171 8319 8222 8405 8169 8557 8195 8264 8118 8319 8192 7836 7789 7947 8344 8064 8182 7850 8175 8616 8503 7599 8417 7998 8079 8372 8699 8129 8144 7502 8174 8101 7903 7775 8445 7275 8561 8166 9093 8437 8495 7933 8483 8145 8079 8000 8038 7904 8623 8219 7802 8209 8312 8160 8467 8537 7981 8846 7468 8538 8085 7651 8047 8442 8023 8228 7847 8202 7460 7518 8180 8620 8105 8490 8124 8990 7751 8705 8250 8550 8400 8657 8839 7991 8228 8254 8155 8434 8230 8228 8820 8277 7766 8379 8630 8278 8721 8182 8330 8385 8670 8104 8200 8601 8178 8345 8867 8587 7955 7633 8113 7830 8618 8393 8008 7901 8159 8134 8064 7788 8139 8246 8068 8515 8373 8561 8219 8767 9499 8481 7835 7867 7811 8306 8157 8347 8643 8336 9032 7997 8064 8323 7836 8491 8459 8282 8154 8326 8304 8338 7187 8656 8454 7782 8301 8331 8635 8528 8067 8470 8354 8723 8266 7792 8306 8264 8396 8274 8108 8463 8657 8672 8589 7924 8081 8017 8626 8017 7990 8276 8313 8565 8398 8336 8301 8421 8965 8093 8179 8081 7660 8382 8222 7921 8417 8594 8123 8113 8591 8335 8337 8194 8786 8235 7552 8450 8203 8293 8450 8220 8375 7592 8777 8734 8007 8167 9053 8108 8435 8253 8006 8093 8232 8434 8322 8367 8395 8353 8279 8891 8178 8325 8531 7931 8149 8068 8280 8094 8081 7641 8239 8540 8267 8355 8157 8568 8247 8954 8398 8289 7856 8590 8337 8573 8487 8518 8965 8490 8132 7994 8177 8009 8105 
7581 7499 7554 7462 7880 7629 8048 7522 7773 7846 7878 7781 7881 7468 7736 7798 7426 8063 7823 7902 7885 7892 7541 7752 7957 7975 7594 7758 7711 8040 7595 7564 7530 8002 7638 8073 8063 7805 7993 7253 8052 7814 7160 7760 7449 8713 8238 7647 7477 7881 7755 7816 7908 7993 7568 7934 7637 7922 8118 7886 7955 7945 7657 7667 7637 8098 8513 7601 7673 7854 7741 7508 8028 7750 8108 7623 7430 7585 7950 7820 8316 7917 7855 8178 7563 7747 7568 7860 8346 8461 7152 7442 7907 7804 8110 7460 7316 7880 8086 7829 7475 7881 8135 7885 7810 7939 7632 7200 7713 8023 7602 7816 7989 7528 7583 8207 7550 7880 8085 7517 7608 8037 7760 7680 8027 7600 8297 7947 7895 8215 7540 7861 7281 7161 8065 7876 7330 7869 7845 8119 7648 7661 8263 8099 7593 7785 7951 7712 7101 7499 7699 7684 7334 7444 7264 7786 8060 7920 7296 7863 7996 8121 8135 7890 8111 7836 7265 7714 8019 7523 7637 7526 7411 7920 7848 8269 8043 7850 7773 7830 7701 7823 7585 7458 7410 7801 7751 7449 7248 7502 7506 8114 7938 8060 8224 7404 7942 7458 7357 8005 7721 7701 7554 7624 7549 7073 7333 7901 7737 7754 7801 8040 8195 7476 8272 7967 8432 8118 7976 8181 7518 7582 7993 8116 8187 7579 7593 8039 8068 7737 7547 7825 8143 7951 7839 7454 8233 8135 7577 7712 7939 7849 7564 7948 8283 7632 7549 7560 7638 8070 7758 7773 7310 7695 7907 7411 7396 7207 7650 7785 7827 8080 7482 7872 8311 8821 7818 7697 7659 7721 7961 7570 8000 7908 7797 8374 7347 7698 7784 7163 8092 7924 7937 8106 8095 7809 8120 7351 7927 8249 7615 7706 7351 7837 7741 7464 7932 7679 7988 7648 7192 7523 7802 7854 7522 7475 8036 8372 8232 7535 7615 7662 7710 8230 8017 8011 7342 7922 7842 8240 8063 7796 7924 8462 7811 7925 7533 7214 7704 7946 7246 8216 7729 8122 7814 7628 7954 7832 8146 8132 7436 7397 7924 7988 7638 8171 7785 8165 7386 8122 7914 7377 7832 8077 7969 8063 7745 7707 7535 7662 8075 8112 8027 7755 8219 7615 8618 7529 7887 7910 7459 7538 7932 8004 7684 7613 7349 7772 7975 7720 7772 7611 8219 7854 8426 8047 7763 7772 8272 7540 7995 8122 7724 8297 8181 7168 7536 7659 7707 7976 
8023 8113 7682 7755 8121 7693 8406 7255 8428 8066 8313 8292 8183 7849 7913 8129 7948 8636 8060 8137 8120 8148 7683 8026 8180 8103 8013 7945 8334 7635 7281 7811 7643 8417 7737 8250 8124 8198 8777 7601 8437 7982 7813 8085 7689 8676 8700 7894 7825 8371 8034 7823 7990 7870 7827 7928 7659 7911 7883 8214 8155 8669 7731 7831 7793 8190 8380 7747 8361 8552 7828 7817 8254 7690 8094 7914 7649 7892 8185 7773 8253 8336 8050 8259 7709 8141 7823 7969 8285 8619 7376 7615 7779 8313 8640 8039 7550 8417 8187 8348 7926 8125 8458 8179 8218 7873 8063 7795 8255 8095 7967 8039 8133 7994 7852 8258 7929 7831 8071 8180 7918 8258 8330 8175 8095 7887 8549 8223 7849 8263 7930 8181 7575 7265 8419 8463 7611 8206 8392 8121 7646 7811 8294 7974 7769 7900 8486 7787 7596 7672 8050 7847 8004 7798 7377 7917 8382 7812 7149 8366 7806 8265 8159 7982 8163 8160 7247 7897 7982 7841 7578 7844 7382 7843 8223 8570 8528 7845 8125 7876 8018 7958 7570 7785 7927 8065 7810 7906 7800 8180 8363 8268 8177 7649 8444 7540 8212 7888 7459 8127 7839 7877 7708 7484 7962 7310 7641 8382 8327 8505 8103 7947 8487 7779 8484 8055 8356 8525 8423 8582 7821 7734 8104 8196 8122 8609 8301 8204 8326 7579 7829 8131 8103 8418 7808 7889 8379 8194 7996 8087 8228 8242 7755 8245 8337 7778 7425 7694 7791 8457 8030 8070 7770 7916 8314 7647 7819 7989 7959 8067 8483 8025 8203 7880 8521 8953 8015 8172 7956 8077 7936 8220 8622 8291 8016 8530 7911 8114 8270 7810 8468 8059 8523 8267 8269 8411 7910 7202 8434 8462 7504 7863 7796 8355 8182 7305 8002 7782 8391 8008 7570 7911 8115 7951 8147 7993 8243 8496 7803 7992 8007 7934 8010 8547 7692 7891 7782 8000 8236 7964 8437 8524 8209 8505 7795 7990 7639 7778 8263 8057 7307 8442 8279 8251 7939 7899 8213 7763 8169 8203 7766 7832 7862 8123 7565 8274 8409 8313 7521 8649 8809 7776 7895 8366 7822 7962 8203 7929 7411 8315 8303 8121 8098 8176 8698 7854 8423 7631 7764 8432 7976 8078 8129 7791 7632 8030 7699 8302 8457 8094 7954 7717 8041 7865 8577 7890 8409 7902 8233 7575 7915 8120 8403 8338 8230 7710 7816 7988 7726 8307 
7567 7847 7294 7875 7976 7813 8069 7300 8064 8070 8500 7747 7894 7231 7761 7626 7585 8172 7808 7702 8195 7475 7737 7592 7953 7661 7690 7700 7944 7793 7577 7598 7631 8189 7615 8249 7840 7910 8144 7454 8284 8032 8025 7911 7511 8335 8186 7366 7308 7844 7942 7945 7919 7741 7713 8127 7602 8136 8045 8147 7982 8433 7846 7890 7411 8066 8389 7991 8330 8317 7565 7651 7981 7813 7723 7886 7359 7716 8278 7797 8459 7959 7611 8126 7357 8053 7773 8274 7916 8328 7196 7552 7728 8166 8518 7852 7391 8307 8052 7875 7974 8030 8281 7989 8102 7646 7446 7662 8300 7850 7669 7776 7873 7574 7697 8041 7677 7970 8140 8032 7614 8063 7875 8178 7886 7567 8396 7913 7919 8033 8144 8054 7316 7149 7960 8197 7439 8182 8088 8014 8055 7548 8052 7543 7839 7651 8053 7417 7513 7800 7941 7753 7735 7809 7194 7829 8021 8206 7407 8188 7652 7982 8153 8036 7983 7715 7086 7480 7983 7639 7360 7754 7485 8169 7946 8331 8347 7914 7637 7306 7899 7617 7633 7655 7459 7973 7575 7631 7483 7643 7964 8055 7950 7995 8325 7452 7904 7546 7278 7996 7926 7892 7634 7300 7626 7105 7406 8103 7747 7871 8110 7849 8254 7600 8378 8240 8014 8024 8039 8309 7278 8231 7874 8049 7940 7551 7942 8044 8032 7457 7518 8135 7826 8073 7578 7606 8148 8207 7737 7741 8181 8012 7586 8135 8038 7531 7446 7843 7388 7991 7990 7937 7557 7670 7632 7797 7589 7707 7509 7974 8214 7911 8166 7822 8211 8576 8106 7957 7969 7719 7891 7854 8027 8107 7686 8367 7679 7441 8034 7327 8192 8070 8233 7853 8115 7979 7978 7191 8106 8177 7639 7507 7691 8118 7956 7396 8028 7887 8254 7903 7392 7997 7640 8218 7913 7999 7919 8108 7876 7889 7811 8155 7422 8397 7808 7626 7983 8134 7757 7945 7914 7721 7854 8520 7997 7885 7949 7429 7717 7742 7226 8005 7924 7995 7649 8123 7485 7996 7819 8256 7672 7731 7969 7994 7554 8120 7911 8130 7279 8561 8242 7655 7532 8563 7978 7593 7973 7567 7496 8145 8126 8144 7871 8221 8032 7735 8494 7638 7766 8237 7570 7735 7635 7558 7585 7729 7235 8098 7938 7986 7854 7799 8125 7479 8693 7777 7841 7414 8222 7634 8154 7913 8295 8255 8157 7629 7432 8058 7655 8097 
7917 7951 7901 8092 8385 8164 8564 7511 8132 8060 8377 8300 8066 7951 7882 7907 7635 8764 8307 7860 8069 7858 8239 8158 8172 8262 8116 7848 8228 7992 7766 8093 8116 8474 7883 8540 8589 8090 8598 8328 8487 8576 8256 8162 7953 8870 8736 7864 7689 8481 8423 8142 8278 8029 7959 8478 7852 8428 8364 8670 7846 8274 8136 8411 8110 8577 8689 8072 8194 8366 7863 8142 8311 8233 8332 8087 7580 7983 8439 8729 8580 8378 7892 8629 7710 8452 8205 8062 8719 8664 7597 7600 8552 8223 8551 7917 7668 8413 8125 7951 8313 8448 8543 8178 8436 8029 8038 7884 8106 7904 8359 8157 8428 8027 7826 8614 7757 8199 8768 8116 8356 8380 8401 8452 8187 7768 8828 8322 8197 8540 7984 8409 7906 7691 8462 8391 7668 8333 8537 8375 7965 8009 8503 8304 8337 7947 8633 7916 7582 8170 8391 8116 7961 7745 7791 8296 8451 8083 7451 8529 7832 8279 8700 8502 8585 7871 7569 7820 8428 7722 7846 7929 7485 8425 8253 8718 8557 8114 8099 8090 8355 8412 8462 7801 7604 8496 8404 7907 7546 8208 8341 8186 8091 8171 8673 7836 8221 7428 7837 8507 8184 7944 8021 7605 8210 7180 7686 8238 8231 8335 8354 8503 8901 7956 8547 8369 8561 8700 8620 8728 7489 7978 8042 8028 8422 8175 8197 8957 8387 7900 7736 8619 8326 8607 8354 8063 8449 9039 8318 8336 8381 8265 7616 8617 8268 8162 7691 8111 7770 8508 8263 8053 8061 8062 8333 7925 7854 7885 8224 8018 8985 8322 8327 8121 9244 8654 8308 7972 8129 8004 8019 8159 8090 8339 8230 9206 8075 8058 8158 7801 8729 7990 8389 8114 8131 8011 8183 7496 8492 8244 8279 8146 7838 8182 8092 7565 8274 7981 8499 8381 8186 8234 8135 8137 8393 8118 8509 8301 8594 8212 8370 8410 7941 8559 8462 7993 8060 7951 8172 8716 8523 8499 8207 9072 7952 8193 8123 7326 7772 8032 8181 8387 8630 8085 8337 8021 8114 8286 8363 8332 7945 7709 8333 8052 7929 8454 8517 8491 8045 8424 8271 7947 8044 8972 8422 8074 7964 7956 7907 8369 8274 8555 8580 8102 8633 7650 8731 8013 8297 8787 7937 7867 8369 8386 7909 7824 7898 8324 8439 8476 8174 7863 8610 8359 8887 8060 7990 7803 8496 8010 8888 8199 8376 8609 8266 8018 8074 7762 8046 8318 
7854 7934 7708 7755 8188 7853 8378 7559 7980 8131 8354 7992 8022 7522 7642 7978 7742 8705 8053 8155 8162 7875 7527 8012 7914 8318 7954 7827 8252 8145 7535 7846 7654 8723 7686 8291 8222 7957 8245 7897 8594 8609 7997 7814 7914 8450 8505 7621 7945 8428 7947 7916 8149 7840 7669 8139 7718 8283 8290 8408 8271 8131 7943 8009 7638 8168 8393 7876 8186 8107 7567 7879 8112 7898 8145 7821 7691 8003 8336 7859 8981 8055 8102 8523 7729 7779 7855 8543 8516 8700 7808 7464 7985 8444 8386 7738 7408 8479 8088 8324 8185 8050 8185 8108 8207 7931 7786 7803 7906 8099 8066 8128 8226 7697 7677 8437 7744 8013 8348 7710 8005 7969 8161 7939 8035 7608 8475 7968 7944 8504 8165 8405 7868 7257 8264 8192 7642 8409 7955 8007 8039 7687 8229 8293 8280 8046 8250 7736 7587 7658 8073 7920 7760 7822 7869 8229 8545 7928 7270 7927 7801 8141 8451 8569 8158 8133 7210 7617 8075 7496 7465 7750 7291 8285 7944 8407 8286 8265 7938 7771 7739 8167 7903 7989 7744 8148 8134 7662 7715 8115 8361 8309 8296 7950 8523 7468 8134 7666 7787 8354 8142 7311 7820 7676 7810 7612 7438 7983 8121 8017 8219 7911 8541 7730 8582 8116 8533 8162 8162 8332 7836 7737 8355 7824 8090 7701 8078 8305 8295 7760 7727 8460 8191 8504 8062 7915 8387 8280 7781 7686 8291 7736 7908 8508 8336 8101 7666 7614 7515 8283 7993 8198 7686 7798 7634 7857 7831 7669 8255 7865 8462 8112 8344 8109 8074 8536 7881 8169 7748 7773 7985 8026 7925 7985 8288 8685 7590 7713 8322 7544 8124 8345 8200 8292 8075 8201 8024 7413 8530 8170 7626 8020 7825 8110 8383 7772 8019 7843 8532 8396 7361 7688 8372 8238 7992 7783 8153 8366 8262 8602 8028 7859 7823 8431 7892 7522 7823 8042 8466 8085 8347 8077 8316 8887 7882 7680 8050 7855 8091 8251 7661 8354 8146 8307 8038 8053 7994 8052 7838 8400 7905 7675 7773 8312 7777 8342 8161 8629 7267 8487 8517 7902 7719 8861 8089 7738 7999 7957 7693 8300 8126 8185 8115 7971 8523 8057 8343 7878 7899 8287 8172 7654 8405 8265 7816 8004 7341 8218 8518 7945 7934 7938 8343 7857 8855 7905 8214 7730 8224 7972 8339 8317 8062 8512 8251 7632 7963 7858 7880 8197 
8417 8377 8296 8476 8450 8588 9071 8160 8967 8625 9322 8791 8539 8199 7989 8641 7780 9094 8614 8591 8566 8581 8146 8511 8738 8884 8313 8477 8535 8395 8483 8159 8185 9090 8368 8671 8551 8545 8924 8308 8927 8679 8350 8548 8458 9301 8987 8409 8273 8996 8596 8607 8834 8525 8421 8677 8418 8489 8573 8645 9026 8668 8358 8521 8248 8908 8944 8122 8683 8620 8363 8089 8898 8290 8703 8439 8401 8566 8628 8826 8978 8835 8748 8867 7914 8687 8538 8753 8900 9285 8086 8041 8171 8694 9212 8223 7904 8816 8904 8454 8432 8480 9177 8524 8358 8410 8372 8233 8609 8412 8769 8961 8693 8357 8629 8831 8189 8347 8989 8083 8543 8627 8664 8523 8931 8249 9173 8100 8615 8784 8443 8691 8231 7839 8833 8766 7618 9198 8676 8469 8182 8604 8284 8640 8676 8554 8729 8287 7948 8140 8320 8697 8569 8017 8155 8167 8720 8332 7754 8700 8301 9019 8789 8558 8681 8577 7812 8152 8575 8279 7924 8304 7849 8867 8705 8966 8902 8643 8475 8659 8399 8522 8128 8238 8140 8605 8516 7979 8101 8526 8585 9068 8512 8620 8921 8390 8446 7950 7841 8822 8949 8467 8376 8218 8216 7882 8122 8817 8499 8344 8874 8493 8767 8087 9276 8744 8957 8547 8947 9112 8008 8369 8439 8625 8540 8158 8515 8958 8536 8220 8149 8962 8528 9002 8290 8453 8786 8982 8266 8728 8961 8478 8450 8826 9352 8444 8245 8467 8164 8902 8735 8247 8157 8154 8580 8240 8175 8425 8432 8414 8850 8838 8913 8539 9053 9792 8558 8123 8391 8550 8410 8706 8706 8406 8607 9392 8274 8319 8667 8055 8968 8716 8767 8463 8487 8744 8789 7813 8834 8846 8540 8656 8667 8550 8856 8099 8938 8621 8931 8203 7992 8526 8557 8398 8724 8431 8639 9140 8842 8562 8638 8621 8319 8682 8205 8815 8475 8452 8686 8562 8874 8685 8403 9277 8538 8549 8413 7996 8445 8963 8101 9071 8586 8558 8552 8657 8447 8708 8538 9111 8348 8066 8511 8705 8262 9069 8830 8673 8112 8943 8683 8258 8494 9105 8816 8622 8604 8447 8518 8838 9084 8884 8814 8676 8911 8312 9447 8403 8722 8880 8432 8152 8509 8588 8613 8426 8033 8911 8714 8703 8306 8192 9341 8699 9461 8504 8695 8607 8834 8282 9059 8746 8373 8671 8985 8785 8189 8525 8113 9041 
7758 7416 7092 7449 7253 7648 8090 7054 7678 7735 8388 8009 7864 7108 7416 7507 7273 7929 7690 7845 7636 7442 7469 7342 7552 7531 7544 7255 7572 7636 7329 7305 7497 7921 7467 7767 7736 7502 7843 7648 8066 7938 7515 7735 7720 8328 8207 7329 7517 7828 7707 7677 7975 7494 7488 7826 7323 7905 7503 7756 7866 7688 7378 7378 7478 7580 7735 7345 7869 7834 7681 7375 7967 7207 7393 7373 7027 7810 7697 7948 8275 7576 7470 7826 6966 7569 7625 7880 7774 8392 7290 6953 7682 7825 7968 7521 7022 7873 7874 7509 7627 7725 8086 7954 7620 7397 7393 7105 7597 7961 7814 7655 7598 7518 7486 8245 7534 7470 7927 7389 7633 7658 7505 7612 7776 7164 7839 7363 7609 8026 7695 8169 7276 7174 7521 7806 7225 7786 7763 7660 7603 7300 7493 7686 7548 7543 7470 7529 6860 7591 7604 7333 7483 7273 7434 7837 7920 7534 7254 8121 7497 7955 7659 7727 7476 7727 7020 7030 7785 7513 7171 7717 7209 7499 7900 8207 7820 7934 7432 7659 7686 7619 7279 7450 7315 7703 7958 7536 6907 7729 7749 7704 7737 7452 8066 7092 7837 7121 6832 7737 7384 7487 7614 6920 7494 6770 7271 7428 7944 7689 7558 7549 8167 7459 8081 7424 7821 8036 7473 8103 7479 7590 7764 7777 7553 7462 7750 7728 7719 7258 7445 8106 7828 8021 7496 7760 7497 7961 7703 7433 7952 7771 7429 7996 7987 7470 7490 7393 7170 7908 7642 7493 6924 7777 7593 7189 7143 7409 7543 7535 7920 7790 7911 7421 7999 8069 7604 7722 7671 7545 7895 7644 7870 7631 7590 8182 7545 7190 7853 7356 7705 7803 7688 7590 7643 7826 7514 7066 7872 7821 7432 7628 7488 7720 7529 7427 7836 7494 7677 7795 7323 7451 7917 7475 7591 7209 7584 7982 7853 7894 7465 8051 7034 8006 7641 7497 7472 7689 7582 7579 7674 7807 7690 8392 7487 7636 7252 6965 7737 7396 7278 7758 7707 7493 7575 7771 7834 7745 7563 8067 7576 7279 7706 7680 7347 7982 7875 7546 7472 8110 8052 7419 7404 8402 7544 7634 7681 7566 7471 7837 7939 7756 7758 7806 7690 7368 7902 7743 7740 7950 7548 7332 7441 7492 7327 7545 7186 7624 7958 7823 7915 7695 7923 7563 8561 7788 7645 7310 7799 7731 7894 7712 7909 7617 7762 7505 7250 7927 7555 7924 
8157 8055 7386 8142 8402 8208 8748 7415 8062 8210 8768 8079 8099 7646 7952 8358 8302 8693 8153 8606 8205 8065 7863 7760 8051 8369 8052 7796 8403 8026 7826 8006 7921 8652 7779 8489 8557 8028 8370 8085 8601 8591 7916 8164 8287 9124 8573 7665 8299 8131 8175 8200 8119 7652 8029 8233 8093 8550 8498 8360 8492 8082 7940 7826 7568 8270 8686 7647 8199 8385 7841 7826 8173 7884 8059 8098 7453 8186 7843 8160 8964 8425 8191 8524 7846 8075 8200 8099 8353 8457 7999 7870 8263 8312 8430 7893 7499 8689 8519 8083 8131 8411 8439 8095 8212 8106 7914 7809 8359 8270 8346 8199 8384 7824 7720 8258 7835 8184 8664 7935 7930 8412 8063 8008 8409 7677 8094 8138 8156 8591 8113 8439 7777 7478 8505 8235 7918 8346 7978 8233 7840 8069 8240 8550 8101 8334 8353 7803 7551 7778 8063 8347 7940 8034 7955 8186 8428 8104 7566 8179 8240 8310 7979 8739 8110 7963 7556 7616 8141 8276 7744 7910 7647 8191 8159 8627 8378 8318 8163 7915 8118 7705 8000 7976 7659 8404 8462 7907 7790 8279 8517 8458 8521 8193 8655 7645 8307 8051 7740 8697 8099 7964 8130 7619 7994 7655 7915 8184 8133 7879 8119 8069 8740 7966 8560 8400 8473 8372 8011 8730 7680 7801 8318 8419 8328 7918 8356 8406 8517 7980 7693 8600 8426 8296 8020 8240 8561 8421 7837 8474 8252 7796 8069 8676 8872 8172 8005 7908 7773 8510 8219 7883 7878 8212 8369 7740 7818 8045 8213 8427 8530 8571 8109 8160 8440 9095 8254 8261 8033 7786 8246 7969 8336 8408 8261 8927 8069 7740 8148 7855 8324 8427 8592 8763 8297 8322 8461 7625 8430 8307 7736 8025 8057 8435 8296 8139 8056 8022 8397 8272 7551 7935 8159 8242 8210 8012 8207 8569 8757 8068 7726 8413 7878 8977 8078 8080 8095 8102 8272 8078 8630 7957 8226 8957 7806 7987 7742 7850 8111 8071 7635 8665 8294 8215 8108 8407 8205 8364 8166 8548 8183 7594 7961 8280 8128 8469 8453 8458 7568 8618 8378 8189 7987 8820 8140 8073 8122 8141 8040 8330 8655 8371 8048 8414 8429 8101 8808 8204 8279 8650 8408 7903 8236 8011 8103 7863 7466 8406 8334 8172 8039 8230 8533 7720 8919 7882 8286 7979 8480 8177 8772 8519 8209 8548 8277 7961 7907 8067 8203 8370 
7862 7779 7731 7718 8099 8010 8412 7260 7990 7835 8083 7848 8468 7477 7800 7959 7922 8485 7987 7848 7907 7823 7757 7837 8032 8424 7632 7779 7944 7600 7963 7881 7495 8548 7813 8017 8045 8126 8190 7763 8277 8074 7803 7771 7751 8849 8657 7535 7535 8066 7955 8175 7947 7827 7739 8477 7698 8146 8217 8264 8105 8030 7543 7864 7887 7984 8539 7797 8005 8270 7438 7700 8071 7700 7941 7937 7140 8275 8224 8075 8497 7965 7916 8346 7475 7697 7945 8196 8309 8564 7492 7628 8125 8253 8852 7612 7523 8351 7923 7527 7911 8043 8522 7875 8031 7977 7603 7702 7993 8157 8318 8052 7828 7637 7753 8387 7664 7761 8297 7925 8105 8094 7694 7988 8122 7531 8727 8163 8089 8326 7884 8183 7568 7345 8116 8169 7551 8197 8015 8039 8031 7620 7959 8072 7768 7866 8798 7798 7683 7709 8420 7990 7972 7904 8219 7957 8205 8278 7589 7950 7748 8160 8117 8290 8101 7708 7104 7651 8007 7468 7556 7702 7438 8480 7858 8216 8322 8199 7954 7825 8029 7768 7759 7674 7444 8216 7886 7476 7780 8143 8181 8232 8113 8063 8581 7514 8067 7684 7583 8566 7830 7782 7857 7475 7713 7227 7967 8414 8128 7789 7988 8117 8314 7943 8520 8239 8366 8298 8121 8688 7333 8237 8091 8146 8309 7810 7879 8468 8176 7582 7788 8004 8061 8184 7912 7844 8443 8429 7681 8001 8184 7967 8157 8522 8581 7861 7894 7890 7570 8237 7799 7918 7453 7840 7831 7949 7728 7909 7841 8139 8794 8333 8251 7765 8185 8941 7949 7963 7704 7793 8056 7754 8105 8246 8005 8577 7945 7800 7838 7631 8030 8260 8328 8089 8288 7922 8177 7295 8360 7991 7948 7945 7855 7826 7946 7376 7762 7825 8338 7966 7584 7992 8070 8083 8225 7740 8159 8418 8422 8139 7979 8030 7630 8491 8100 7894 8201 8068 8323 8109 8380 8350 8483 8586 8164 7998 7747 7732 7597 8307 7447 8288 8246 8242 8080 8175 7986 7907 8462 8443 7468 7655 7948 7948 7754 8399 8222 8249 7639 8446 8347 7678 8072 8549 8029 7724 8183 7797 7736 7813 8509 8297 8136 7741 8273 7920 8511 7924 7814 8161 7938 8064 8090 8071 7588 7758 7298 8042 8119 8045 8231 7968 8350 8109 8578 8129 8159 7408 8787 7675 8483 8118 8365 8230 7865 8045 7454 7759 7674 8009 
7603 7696 7747 7833 8049 8053 8150 7323 7724 8019 8255 7977 7801 7724 7678 7663 7587 8397 8196 7825 7997 7803 7754 7952 8209 7947 7840 7567 7927 8188 7431 7502 7728 7945 7916 8029 7980 7794 8177 7691 8376 7977 7985 7872 7785 8696 8522 7561 7349 7990 7831 7832 7908 7846 7717 7962 7797 8140 8296 8261 7876 8217 7652 7650 7606 8017 8266 8091 8290 8154 7444 7563 8439 7588 7967 7821 7017 7969 8519 8044 8446 7719 7789 8263 7585 7807 7965 8176 8175 8501 7356 7282 8315 8218 8305 7545 7745 7800 7938 7856 8039 7984 8172 8358 7971 7714 7680 7593 7984 8015 8081 8201 7854 7848 7421 8291 7720 7508 8199 7810 7970 8350 7954 7911 8218 7455 8443 7937 7920 8175 7780 8181 7455 7281 8245 7968 7499 8077 8177 7932 7543 7603 8226 8077 7438 7495 7823 7888 7380 7196 7924 7591 7756 7328 7556 7904 8093 8207 7300 8061 7482 8111 8054 8000 8128 7900 7013 7912 7898 7845 7365 7714 7409 8054 7936 8662 8363 7836 7818 7841 8071 7981 7766 7630 7572 8065 7768 7515 7612 8026 8298 8310 7933 7857 8262 7263 7805 7509 7407 8049 8086 7782 7844 7309 7662 6980 7478 7828 7981 7660 8248 8306 8507 7767 8253 7607 8128 8465 8236 8673 7893 7843 8301 8234 7839 7678 7711 8365 8113 7634 7770 7978 8293 7962 7689 7719 8287 8167 7906 7954 8087 7823 7840 8347 8267 7860 7396 8064 7433 8013 8159 7826 7401 7882 8050 7653 7506 7745 7970 7827 8501 8171 8171 8135 8449 8867 7889 7732 7903 7896 8005 7913 8385 8010 8025 8418 7590 7633 7822 7545 8212 8172 7799 8157 7897 7780 7945 7291 8005 8162 7451 7523 7506 7971 8242 7755 8338 8171 8222 7887 7680 7796 8297 7970 7932 7780 7942 8338 7996 8130 7767 7902 7674 8334 7905 7915 7825 8107 7856 8196 8298 7868 8110 8403 7868 7790 7943 7594 7693 8114 7720 8013 7968 7911 7801 7940 8271 7857 7843 8322 7868 7792 7834 7924 7691 8372 7970 7971 7604 8422 8207 7590 7995 8454 7853 7754 7955 7461 7771 7748 7982 8093 8018 7773 8199 7609 8424 7673 8039 8196 7828 7812 7716 7682 7438 7471 7570 8209 8025 8243 8182 8019 8059 7847 8743 7964 7954 7714 8409 7858 7896 8032 8186 8149 7877 7657 7587 7784 7584 7987 
7832 8276 7874 8181 8734 8387 8714 8008 8431 8391 8824 8311 8425 7945 8148 8681 8124 8657 8364 8299 8382 8240 8151 8021 8466 8461 8171 7925 8471 8620 7872 8330 7960 9060 7909 8651 9043 8339 8408 8242 9173 8539 8294 8566 8676 8889 8932 8206 8277 8551 8145 8184 8443 8414 7765 8486 8196 8124 8522 8613 8427 8728 8166 8239 7971 8659 8698 8112 8473 8531 8033 8332 8546 8272 8428 8198 7754 8425 8626 8384 8938 8467 8532 8444 7950 8461 7962 8680 8555 8551 7820 7911 8888 8360 8682 8015 7973 8605 8270 8308 8485 8366 8767 8487 8278 8442 8181 8243 8543 8628 8422 8882 8549 8195 7974 8675 8011 7991 8484 8021 8387 8268 8368 8468 8201 7783 9161 8324 8659 8750 8325 8962 7858 7384 8800 8346 7853 8696 8128 8551 8273 8175 8562 8763 8623 8168 8745 8344 7516 7967 8129 8258 8238 8187 7790 8634 8558 8285 7638 8714 7768 8364 8273 8523 8384 8475 7477 8015 8219 7886 7681 8175 7700 8591 8193 8907 8674 8547 8121 8440 8214 8386 8125 7923 7511 8377 8349 8002 7876 8256 8489 8421 8395 8477 8900 7739 8432 7983 7906 8581 8371 8071 8470 7793 7924 7790 7679 8377 8426 8389 8289 8534 8733 8045 8646 8735 8550 8887 8576 8673 7949 8135 8605 8222 8660 8105 8581 8533 8716 8102 7837 8629 8574 8578 8259 8236 8499 8445 7991 8281 8610 8273 8167 8794 8672 8089 8155 8098 7849 8874 8607 8133 8110 8419 8466 8099 7958 8157 8386 8325 8646 8520 8671 8218 8897 9216 8074 8364 8087 8020 8309 7972 8600 8791 8618 9148 7940 8003 8589 8031 8892 8634 8623 8381 8543 8289 8746 7565 8790 9002 8236 8258 7886 8315 8614 8131 8453 8133 8871 8424 8236 8637 8492 8497 8698 8277 8661 9015 8927 8059 8490 8399 8094 8617 8095 8023 8199 8452 8493 8474 8634 8689 8458 9238 8396 8437 8146 8081 8136 8599 7820 8731 8605 8589 8297 8478 8551 8075 8234 8801 8279 7858 8479 8349 8330 8727 8534 8758 7777 8397 8507 8149 8330 9063 8594 8166 8510 8266 8296 8208 8504 8731 8223 8103 8646 8494 8699 8165 8665 8514 8519 8025 8264 8507 8425 8178 7930 8776 8881 8582 8629 8363 8772 8391 9157 8447 8893 7973 8597 7916 8660 8411 8588 8705 8542 8222 8037 8774 7903 8726 
7990 8145 7932 8009 8020 8366 8578 7205 8511 8378 8526 8187 8207 7590 8128 8683 7937 8813 8263 7876 7986 8081 7879 8004 8180 8257 8250 7867 8200 8068 7956 8163 7912 8722 7942 8371 8286 8024 8207 7900 8476 8483 8025 8129 8136 8760 8719 7515 7864 8221 8269 7918 8449 7933 7886 8453 7873 8002 8325 8627 8231 8293 7769 7690 7930 8326 8651 7615 8189 8176 7965 7755 8126 8016 8263 7957 7800 8393 8249 8490 8673 8584 8023 8869 7726 7965 7871 8332 8263 8549 7636 7755 8178 8381 8838 7963 7437 8711 8367 8169 8146 8282 8333 8397 8313 8028 7737 7756 8366 8315 7814 8178 8623 7860 8183 8369 7876 8152 8114 8113 8106 8379 8144 8110 8120 7653 8611 7934 8669 8307 8170 8454 7727 7613 8528 7845 7612 8307 8003 8355 8026 7365 8319 8453 8177 7829 8375 7739 7826 7771 7940 8164 7715 7704 8042 8446 8138 8248 7600 8331 8315 8187 8497 8423 8463 8045 7392 7474 8017 7855 7637 8155 7754 8181 8342 8485 8408 8582 8050 7868 7982 7970 7929 7860 7546 7935 8097 7709 7731 8299 8418 8206 8135 8149 8605 7831 8616 7502 7781 8481 8292 7839 8258 7311 8039 7387 7898 8159 8246 8079 8342 8144 8432 7954 8300 7946 8471 8549 8298 8570 7926 7824 8234 7999 8427 8318 8261 8537 8167 7822 7716 8517 8503 8531 8025 7972 8157 8556 7983 8297 8626 8241 7860 8618 8697 8102 8010 7544 7630 8231 8358 7636 7674 8098 8074 7756 7757 7965 8083 7853 8492 8308 8341 8061 8537 8908 8311 7866 8065 7861 8077 8320 8142 8281 8367 8759 7650 7728 8271 7893 8416 8397 8350 8188 8156 8232 8184 7468 8227 8365 8291 8406 8118 8105 8162 7895 8161 8023 8627 8107 7522 8005 8152 8287 8157 7869 8183 8368 8513 8261 8208 7990 7526 8599 7751 8177 7968 7935 8302 8254 8254 8092 8247 8843 7996 8138 7873 7684 7871 8203 7821 8241 8328 8281 8030 8280 8240 8093 8335 8549 7995 7910 8098 8139 7989 8437 8007 8326 7730 8811 8421 7844 8189 8622 8123 8021 8296 7875 8042 8552 8387 8491 8290 8480 8803 8022 8781 7952 7882 8453 8117 8104 8197 8390 8215 8130 7818 8479 8577 8280 8455 8146 8678 8338 9150 7899 7920 7880 8327 8134 8470 8455 8543 8575 8412 7501 8092 8282 8136 8213 
7864 8344 8000 7997 8026 8265 8338 7832 8118 8228 8503 8300 8177 7699 7858 8067 7864 8846 8063 8280 7919 8166 8137 7868 7988 8325 8108 7792 8210 8104 7605 8005 7936 8441 7989 8312 8148 8259 8657 7936 8337 8724 8324 7689 7619 9128 8996 7790 7697 8461 8463 8100 8196 7813 8046 8276 8057 8223 8485 8419 8142 8587 7872 7760 7613 8376 8519 8187 8125 8247 7752 8103 8431 8012 8020 7869 7572 7924 8140 8012 8850 8077 8304 8483 7539 7925 7988 8415 8769 8578 7376 7540 7994 8480 8600 7889 7718 8285 8214 7863 7998 8159 8392 8339 8039 8023 7803 7842 8047 8020 8120 8514 8437 7976 8124 8411 7841 8150 8184 7861 8173 8323 8628 8005 8046 7742 8683 8178 8168 8546 8000 8234 7685 7509 8511 8279 7688 8105 8284 8129 7992 8166 8100 8018 7985 8046 8508 7749 7632 7923 7879 8001 8063 7764 7664 7925 8765 8098 7509 8312 8007 8180 8448 8706 8434 8171 7180 7874 7990 7958 7693 7899 7494 8420 8230 8572 8347 8065 8058 8029 8065 8064 7863 7942 7797 8351 8482 7542 7550 8292 8348 8400 8406 8177 8303 7676 8198 7824 7756 8214 8045 7933 7878 7399 8173 7377 7861 8117 8302 8194 8602 8035 8324 7682 8781 8237 8550 8322 8277 8734 7390 8171 8050 8231 8216 8180 8453 8731 8332 7679 7818 8637 8217 8253 8090 7944 8535 8634 8179 8139 8064 8359 7928 8263 8382 8476 7697 7788 7882 8582 8383 7848 7483 8064 8139 8004 7740 7911 7861 8047 8605 8378 8350 8081 8493 8851 7904 8198 8020 8271 7881 8088 8240 8374 8081 8461 7995 8074 8457 7758 8561 8462 8269 8283 8177 8138 8248 7674 8807 8509 8005 7830 8134 8193 8322 8005 8109 7979 8188 8549 7634 8111 7851 8296 8004 8187 8164 8630 8370 8258 8283 8376 7799 8599 8130 8105 8201 8109 8370 8384 8351 8166 8293 8668 8105 8043 7964 7790 8206 8287 7338 8522 8494 8349 8278 8239 8139 8249 8295 8312 8018 7862 8152 8068 8189 8717 8263 8723 7697 8668 8730 7919 7773 8920 8027 8175 8213 7632 7716 8029 8353 8267 8367 8405 8481 7780 8868 7949 8119 8222 7908 8120 8221 8032 8225 7915 7583 8393 8432 8084 8178 7985 8986 8098 8782 7943 8235 7918 8457 7786 8622 8490 8148 8539 8205 7888 7866 7739 8072 8151 
7930 8026 7327 7716 7965 8072 8426 7626 8073 7776 8017 7913 7961 7203 7866 7767 7912 8603 8058 8043 7985 7762 7874 7709 7818 8019 7908 7636 7558 8130 7435 7861 7542 8234 7724 7870 8229 7730 8133 7875 8425 8352 7682 7720 7750 8797 8648 7467 7754 8238 8003 7574 8193 7976 7632 8132 7975 8096 8098 8200 8067 8211 7621 7679 7588 8313 8585 7948 8363 8172 7830 7927 7910 7734 7738 7958 7171 7733 7898 7821 8544 8001 8280 8497 7477 7839 7962 8170 8242 8420 7119 7640 8121 8042 8619 7690 7159 7883 7886 7742 7908 8207 8241 7980 7558 7461 7445 7713 8096 7904 8135 8084 7855 8026 7675 8082 7566 7835 8338 7763 8078 8177 8166 7933 8045 7529 8008 7874 7874 8402 7884 7979 7689 7552 8179 7788 7767 7822 8128 8187 8012 7946 8116 8289 7998 7812 8050 8231 7164 7664 7946 7954 7681 7745 7557 7868 8067 8109 7723 8091 7427 7766 7869 8091 7986 7737 7183 7714 7934 7925 7548 7677 7230 8185 7813 8542 8583 7958 7727 7994 8002 7958 8080 7826 7285 8217 7730 7704 7699 8040 8217 8070 7823 7645 8118 7351 8074 7689 7335 7886 7621 7709 8087 7202 7866 7404 7394 7823 8042 7784 7959 8056 8327 7799 8535 8046 8278 8196 7976 8460 7706 8208 7726 8352 8044 7529 7917 8561 8081 7759 7511 8300 8095 8088 7643 8080 8514 8376 7680 7819 7804 8067 7327 8061 8298 7502 7758 7748 7354 8468 7961 7708 7693 7806 8082 7722 7745 7588 7945 7818 8345 8207 8269 7867 8171 8706 8164 8079 7886 7865 7862 7713 8298 8159 8158 8621 7523 7590 8155 7569 8233 8345 8119 8262 8123 8176 8047 7307 8251 8030 7954 7930 7449 7736 7886 7617 8105 8009 7812 8127 7604 7867 8067 7847 7946 7819 7899 8188 8358 8284 7751 8357 7471 8399 7959 7867 7818 8027 7818 8064 7775 8084 8106 8539 7777 7485 7721 7597 7849 7580 7885 8306 7974 8286 8168 8087 8179 8103 7951 7981 8073 7587 7858 8048 7718 8123 7932 8169 7735 8576 8130 7784 7677 8817 7734 7917 7958 7715 7442 7671 7973 8493 7757 8026 7841 7697 8554 7651 8094 8174 7848 7615 7909 7921 7625 7332 7356 7873 7919 8130 8155 7657 8441 7536 8653 7891 7769 7733 8254 8187 8285 8189 7637 8240 8163 7805 7479 7695 7753 8121 
7903 7770 7618 7876 7866 8018 8233 7369 8139 8023 8225 7844 8051 7466 7603 8131 7582 8781 8311 8067 8130 7910 7925 7885 7897 7792 7956 7582 8038 8269 7533 7787 7946 8339 7650 8290 8291 7884 8600 7833 8260 7995 7883 7970 7720 8609 8486 7560 7819 8267 8153 7969 8095 7676 7683 8270 7646 8231 8069 8307 8035 8317 7770 7824 7819 8114 8545 7498 8316 7956 7413 7865 7907 7959 8220 8123 7176 7942 8378 8341 8208 7877 7777 8606 7677 8107 8046 8133 8221 8595 7344 7763 8436 8223 8547 8039 7566 8059 8091 7904 8124 8038 8336 7939 8016 7906 7884 7905 7851 8367 8334 8564 8138 7788 7418 8143 7686 7707 8295 7864 8152 8498 8130 8000 8149 7884 8441 8314 8324 8448 7906 8128 7652 7357 8189 8218 7724 8180 8091 7978 8166 7365 8073 8295 7821 7863 8247 7673 7348 7794 7911 7577 7710 7511 7184 8447 8525 8251 7362 8349 7946 8313 8134 8649 8217 8071 7236 7664 7716 7709 7693 8052 7536 8322 7862 8443 8450 7933 7797 7944 7787 7910 7814 7638 7391 7920 7746 7556 7565 8161 8261 8184 7918 7650 8579 7618 8046 7506 7280 8244 8488 7373 8126 7447 7713 7238 7358 7980 8109 8006 8224 8232 8409 7635 8404 8009 8083 8318 8292 8414 7655 7874 8090 7858 8293 7648 7975 8456 8161 7251 7809 8530 8225 8289 7928 7856 8247 8348 7936 8143 8348 7912 7976 8124 8329 7938 7621 7741 7727 8604 7877 8223 7950 7773 7973 7752 7926 7694 7762 8114 8791 8324 8204 7960 8471 8569 7804 8147 8045 7950 8185 7637 8070 8339 8146 8659 7766 8020 8439 7367 8506 8130 7904 8211 8289 7885 8072 7475 8264 8231 7761 7700 7880 7860 8243 7705 7830 7780 8614 8131 7867 8008 7874 8000 7929 7936 8391 8397 8399 8426 8081 7916 7493 8565 8010 7708 8209 8047 8319 8136 8096 8294 8026 8808 8058 7911 7785 7313 7950 8024 7765 7943 8070 7945 7993 8064 7891 7806 8113 8082 7861 7902 8270 8245 7861 8498 8126 8135 7623 8350 8370 7612 8042 8763 8073 8060 8189 7735 7822 8170 8225 8336 8184 8152 8419 7934 8409 7647 7865 8369 7945 8166 8013 8175 7351 7597 7567 8149 8622 8017 8025 7744 8813 8025 8493 7878 7707 7561 8634 7946 8615 8066 8412 8118 8137 8145 7657 7869 7591 7972 
7716 8187 8032 7648 7908 8233 8366 7661 8019 8323 8507 8089 8019 7569 7975 7924 7941 8500 7945 7922 8490 7880 7750 8372 8099 8265 7983 8060 8268 8078 7815 8010 7937 8370 7775 8329 8330 8284 8522 8044 8695 8176 8028 8080 8189 8836 8795 7624 7815 8321 8382 8103 8024 7972 7719 8511 8090 8446 8276 8499 8162 8596 7927 8025 7880 8103 8664 7902 7989 7998 7827 8097 8442 8007 8645 7934 7588 8193 8082 8085 8957 7766 8241 8740 7835 8235 8018 8111 8587 8745 7462 7786 8278 8498 8578 7832 7568 8559 8496 8094 8307 8225 8489 8212 7762 7838 7814 7788 8325 7959 8336 8280 8076 7946 7968 8655 7779 8075 8030 7870 8135 8328 8305 7950 8027 7783 8384 8086 8082 8397 8007 8090 7604 7543 8530 8013 7826 8358 8176 8316 8202 8050 8270 8523 7815 8098 8224 8028 7443 7722 8411 8298 7949 7899 7788 8164 8434 8429 7708 8522 8040 8359 8264 8536 8027 7897 7307 7529 7958 7654 7298 7883 7512 8585 8054 8255 8201 8437 8139 8289 8145 8100 7998 7881 7792 8163 8503 7970 7703 8271 8262 8384 8406 8146 8715 7847 8329 7372 7683 8143 8100 7904 7776 7340 7907 7537 7705 8159 8041 7729 8436 8280 8261 7688 8536 8268 8580 8606 8031 8834 7722 7831 7947 8158 7929 8076 8142 8378 8269 7543 7952 8376 8203 8568 8267 7952 8233 8572 7732 7941 8523 8130 7818 8528 8432 8244 7965 7886 7936 8721 8134 8210 7761 8206 7959 7896 7641 7941 8012 8267 8471 8183 8388 7709 8631 8781 8021 8355 7944 8244 8170 8076 8253 8567 8541 8593 8247 8035 8061 7962 8488 8445 8126 8134 8263 8165 8118 7373 8456 8482 8161 7811 7828 8229 8134 8126 8069 7998 8222 8156 7835 7702 8110 8467 8018 7887 8472 8442 8228 8492 8116 8359 7931 8660 8042 7625 8142 8331 8375 8361 8472 8075 8330 8989 8013 8065 7618 7374 8199 8172 7588 8550 8260 8102 8089 8182 8165 7981 8276 8623 7930 7928 7978 8150 7842 8652 8489 8225 7547 8621 8754 7704 8143 8599 8125 7839 8172 7797 7957 8276 8271 8630 8336 8466 8646 7728 8556 7999 7894 8308 8014 7537 8304 8036 7415 8074 7701 8503 8463 8200 8052 7873 8838 8405 8622 7995 8416 7791 8599 8025 8136 8014 8334 8660 8334 8088 7984 7888 7793 8398 
7605 7553 7543 7470 7693 7688 8359 7486 8062 7939 8409 7659 7697 7522 7562 7477 7285 8590 7930 7609 7803 7694 7637 7744 7722 7957 7416 7732 8062 8072 7638 7499 7431 7957 7668 8070 8086 7839 8087 7636 8030 8049 7693 7742 7704 8447 8365 7665 7678 7751 7632 7810 7634 7525 7552 7812 7421 8066 8095 8026 8193 7784 7617 7622 7121 8190 8211 7335 7749 7852 7642 7647 7812 7823 8190 7812 6841 7786 7770 8016 8398 7797 8059 8043 7448 7704 7508 7915 8140 8317 7254 7136 7651 7668 7971 7390 7152 8148 8228 7719 7644 7969 8164 7641 7788 7699 7819 7607 7495 7928 7829 8122 7613 7377 7286 8134 7422 7904 8015 7482 7882 8253 7822 7929 7907 7133 8056 7875 7984 7947 7904 7738 7648 7332 8185 7966 7265 7949 7743 7761 7766 7641 7731 7817 7496 7472 8126 7809 7466 7474 7885 7749 7541 7706 7385 8044 7738 7998 7481 8227 7592 8255 7824 7739 7784 7646 7125 7426 7559 7547 7302 7540 7144 7863 7547 8149 8241 7717 7738 7559 7707 7846 7644 7556 7439 8024 7878 7511 7390 7682 7599 8091 8107 7841 8053 7139 7906 7313 7175 8050 7625 7458 7730 7134 7480 6883 7610 7863 7697 7547 8021 7916 8524 7757 8145 7676 8024 8017 7715 8454 7502 7528 7891 7955 7920 7659 7886 8385 7973 7620 7553 8053 7941 8157 7721 7814 8245 7709 7515 7655 8208 7624 7590 8234 8326 7876 7542 7339 7129 8162 7779 7525 7501 7616 7810 7400 7530 7693 7603 7751 8144 7889 7880 7906 8166 8767 7729 7913 7607 7354 8083 7611 7938 8123 7576 8640 7320 7510 7849 7599 7823 7950 8023 7919 7817 7649 8178 7212 8183 7897 7393 8115 7346 7576 7960 7444 7954 7908 7969 7615 7274 7638 7894 8032 7825 7814 7815 7816 7916 8050 7998 7749 7559 8139 7884 7621 7839 8110 7688 7970 7715 7825 7739 8412 7846 7770 7574 7438 7872 7790 7271 7947 8098 8084 8006 8148 7742 7819 7719 8057 7423 7156 7786 7824 7895 8027 7631 8108 7031 8170 7792 7516 7684 8301 8063 7533 7798 7588 7563 7535 7850 8083 7930 8011 8101 7531 8417 7482 7794 8265 7824 7308 8056 8044 7386 7597 7096 8168 8061 7977 8061 7764 7961 7731 8433 8157 7484 7805 8049 7716 8244 7551 8205 8266 7992 7484 7689 7709 7756 7896 
7969 8051 8062 8235 8602 8038 8674 7818 8283 8345 8717 8438 8228 7758 7996 8198 7808 8719 8501 8113 8086 7910 7862 8058 7986 8180 7749 7856 8354 8486 7879 7794 8056 8725 7898 8521 8732 8004 8477 8138 8860 8217 8323 7941 8249 8719 8747 7598 8053 8450 8358 8460 8561 8377 7970 8393 8014 8546 8345 8704 8251 8557 8260 8039 8239 8373 8695 8258 8291 8248 8335 7902 8404 8231 8041 8018 7619 8089 8367 8488 8805 8323 8227 8805 7934 8217 8039 8111 8537 8656 7808 7572 8510 8411 8439 8228 7396 8370 8349 8103 8433 8527 8633 8682 8496 7983 8028 7703 8346 8315 8281 8495 8102 8003 8222 8696 7950 8185 8746 8153 8163 8656 8377 8586 8209 7957 8784 8127 8017 8848 8181 8703 8072 7461 8525 8416 7714 8388 8115 8244 8267 7913 8651 8372 8266 8067 8465 8216 7838 7999 8274 8229 7776 7927 7785 8773 8762 8212 7513 8619 8200 8269 8621 8502 8625 8256 7578 8153 8304 7888 7868 7901 7661 8512 8264 8654 8744 8570 8254 8096 8008 7811 8381 8282 7724 8564 8285 8180 7881 8326 8499 8676 8258 8250 8678 7962 8003 7779 7473 8396 8500 7879 8432 7790 8410 7541 7765 8332 8172 8401 8135 8327 8437 8578 8651 8219 8208 8804 8263 8705 7805 8336 8153 8453 8082 8288 8344 8565 8567 8012 7867 8496 8483 8567 8144 8082 8659 8619 8502 8390 8397 8298 8028 8765 8468 8509 7920 7949 7872 8464 8431 8314 7952 8404 8295 7951 7874 7654 7991 8530 8816 8281 8621 8201 8807 9031 8437 8140 7965 8043 8457 8437 8348 8432 8361 8746 8020 7963 8057 8363 8692 8042 8527 8483 8475 8344 8372 7721 8399 8684 7936 7968 7869 8260 8209 7850 8398 8218 8666 8328 8160 8288 8475 8596 8501 8168 8281 8549 8611 8446 8134 8509 7860 8649 8203 8012 7952 8481 8358 8176 8598 8246 8666 9035 7997 8303 8036 7841 7986 8135 8100 8323 8326 8364 7856 8523 8878 8532 8104 8548 8152 7888 8300 8394 8107 8595 8236 8772 7727 8795 8728 7920 7984 8937 8175 8151 8229 8316 8026 8121 8508 8534 8359 8572 8591 8344 8819 7824 8449 8493 8432 8140 8457 8646 8209 8009 7984 8998 8534 8573 8183 8229 8325 8427 9194 8118 8175 8142 8569 8538 8549 8301 8608 8493 8262 7929 8162 8215 8202 8506 
7854 7942 7903 8185 8079 8129 8371 7596 8172 8131 8521 7907 8088 7819 7905 8020 7601 8801 8435 8001 7979 8307 7895 8040 8270 7961 7704 7606 8253 7903 7977 8110 7858 8410 7943 8288 8550 8252 8658 7824 8726 8126 7876 8076 7934 8893 8674 7852 7807 8259 8138 8186 8326 8061 7672 8192 7759 8309 8297 8481 7973 8459 8123 7970 7772 8197 8773 8136 8319 8413 7978 8045 8306 7835 8268 8014 7468 8277 8294 8266 8763 8153 7979 8579 7489 8093 7981 8222 8324 8596 7629 7658 8334 8646 8709 7656 7635 8558 8406 7738 8039 8108 8207 8296 8193 7865 8019 7729 8317 8333 8191 8059 8273 7811 7869 8687 8018 7944 8511 8053 7971 8466 8181 8305 8092 7815 8819 7991 8446 8544 8149 8140 7883 7778 8485 8531 7797 8244 8022 8216 7945 7527 8188 8076 7951 8155 8292 7794 7703 7759 8216 8053 7794 7767 7635 8102 8493 8485 7599 8480 8197 8308 8493 8425 8464 7822 7341 7820 8088 7820 7456 7892 7419 8509 8317 8412 8452 8226 7749 8022 8120 7788 7938 7969 7635 8209 8177 7631 7916 8466 8511 8312 8101 8014 8566 7824 7986 7591 7370 8355 8121 8127 7856 7618 8052 7364 7612 8362 8379 8066 8357 8368 8670 7885 8686 8179 8296 8339 8381 8560 7769 8036 8109 8225 7998 7878 8114 8777 8515 7772 7709 8244 8225 8427 8052 7960 8368 8329 8014 8122 8645 7958 8071 8435 8473 7773 7828 7990 7716 8306 8128 8256 7724 8028 8230 7725 8027 7848 7998 8361 8753 8530 8230 8092 8753 9077 8112 8111 8054 7871 7804 7829 8406 8574 8086 8470 7938 8095 8591 7607 8382 8223 8269 8087 8077 8280 8285 7471 8475 8233 7980 7899 7909 7979 8340 7934 8440 7834 8312 8109 7778 8447 8355 8246 8302 8096 8232 8704 8510 7942 8042 8423 7853 8533 8177 7678 7870 8165 8405 8273 8228 8082 7901 8761 8329 7946 7964 7557 8233 8108 7328 8417 8524 8036 8238 8171 8104 7886 8044 8565 7990 7887 8283 8206 8027 8338 8292 8264 7897 8453 7977 8024 8169 8741 8380 8315 8379 7816 7889 8545 8724 8663 8134 8273 8754 7787 8589 7863 8322 8166 8168 7925 8193 8225 7936 7701 7491 8725 8242 8237 8361 7932 8530 8021 8826 8161 8089 7921 8646 7866 8643 8276 8466 8337 8259 7930 7803 8124 8011 8117 
7527 7497 7426 7190 7501 7556 7994 7044 7594 7290 8035 7426 7593 7372 7458 7691 7345 8075 7766 7532 7368 7434 7492 7461 7667 7485 7551 7416 7579 7329 7141 7494 7365 7930 7465 7597 7847 7620 8224 7076 8055 7707 7619 7883 7895 8209 7766 7551 7390 7827 7667 7607 7534 7419 7447 7817 7094 8165 7401 7661 7863 7831 7390 7453 7357 7523 7925 7605 7760 7649 7674 7470 7775 7137 7935 7573 6731 7243 7752 7942 8254 7741 7525 8017 7128 7637 7497 7608 7752 8061 7205 7479 7879 7775 7946 7573 7016 7682 7773 7274 7593 7922 8047 7920 7331 7440 7417 7271 7556 7715 7638 7658 8007 7538 7383 7917 7344 7404 8131 7535 7791 7654 7723 7561 7742 7330 8159 7902 7735 8200 7640 8053 7300 7043 7910 7694 7618 7340 7580 7757 7671 7313 7872 7882 7761 7554 7976 7481 7224 7518 7837 7660 7680 7305 7217 8033 7930 7837 7121 7816 7553 7676 7901 7805 7706 7598 7179 6999 7526 7335 6926 7526 7473 7951 7289 8055 7863 8066 7366 7442 7460 7723 7451 7405 7226 7470 7859 7550 6943 7680 7912 7837 7847 7271 8250 7154 7721 7350 7133 7993 7356 7522 7816 7079 7339 6754 7365 7642 7521 7718 7616 7636 7840 7522 8066 7748 7701 8301 7766 8018 7363 7731 7548 8011 7768 7611 7504 7979 7882 7568 7328 8044 7533 7537 7402 7649 7862 7983 7570 7638 8040 7373 7172 8096 7930 7299 7161 7392 7358 7869 7673 7622 7354 7799 7663 7460 7644 7418 7274 7410 7988 7865 7930 7374 8188 8345 7511 7689 7507 7452 7538 7359 8058 7793 7738 8254 7402 7860 7668 7458 7965 7608 7929 7548 7734 7835 7750 7132 7912 7946 7639 7115 6946 7502 7817 7314 7744 7260 7910 7806 7371 7788 7793 7310 7620 7463 7794 8082 7921 7516 7570 8243 7344 8123 7690 7435 7508 7938 7989 7895 8033 7988 7681 8360 7407 7923 7182 7105 7697 7489 7169 7490 7615 7894 7797 7597 7623 7566 7736 7966 7269 7381 7735 7761 7592 7914 7809 8045 7414 7960 8149 7352 7407 7967 7758 7696 8027 7363 7175 8086 7809 8156 7868 7582 7642 7543 7955 7581 7723 7969 7938 7387 7525 7881 7306 7345 7342 7802 7916 7726 7577 7680 8520 7737 8186 7391 7960 7457 7717 7772 8125 7925 8008 7901 7729 7569 7343 7586 7589 7750 
7621 7681 7575 7831 7907 7873 8038 7158 7912 7924 7985 7733 7919 7422 7514 7730 7806 8544 7796 7883 7651 7530 7544 7519 7736 8135 7673 7488 7882 7935 7608 7311 7523 8050 7450 7937 7932 7667 8021 7584 8144 8194 7702 7905 7557 8355 8294 7184 7705 7785 7794 8114 7962 7690 7322 7491 7626 7823 7791 7691 7643 7931 7498 7742 7243 7905 8213 7804 7870 7577 7666 7591 8051 7200 7744 7593 6902 7912 7765 7751 8647 7992 7687 8206 7575 7619 7823 7811 8053 8553 7546 7092 7908 7677 8316 7701 7140 8072 7921 7437 7672 7946 8173 8181 7783 7673 7247 7564 7874 7878 7953 7980 7791 7593 7746 7876 7582 7664 8233 7593 7677 7840 7948 7924 7774 7623 8240 7829 7596 8144 7667 8039 7179 7111 7999 8027 7411 7950 7674 8118 7949 7646 7984 7932 7969 7719 8111 7463 7110 7363 7321 7705 7840 7180 7648 7730 8109 7927 7080 8070 7795 8235 7960 8290 8053 7804 6920 7401 7433 7578 7173 7415 7332 7875 7919 8152 8081 7821 7726 8023 7815 7711 7725 7581 7549 7859 7887 7349 7629 7817 7870 7950 7773 8006 8150 7678 7632 6871 7276 8070 7745 7595 7853 7261 7164 6783 7424 8069 7976 8032 7869 7621 8238 7630 8038 7840 8130 8098 7857 8503 7253 7794 7861 8208 7879 7667 7900 8062 8054 7618 7488 8289 8228 8036 7662 7590 7927 8035 7620 7784 7933 7594 7443 8185 8016 8036 7557 7803 7365 7895 7978 7724 7278 7590 7798 7668 7396 7440 7658 7888 8109 8190 7865 7839 8206 8311 7814 7740 7633 7582 7979 7750 8075 7905 7873 8172 7644 7779 7727 7280 8046 7914 7851 7892 7973 7871 8085 6915 8463 8354 7656 7665 7663 7814 8030 7521 7707 7792 8007 7393 7423 7729 7967 7863 8216 7615 8182 8264 7998 8076 7719 8055 7741 7912 7704 7482 8035 7638 7998 7980 8119 7788 7864 8427 7716 7749 7600 7508 7442 7796 7187 8075 7673 8047 7639 7968 8006 7777 8144 7902 7576 7275 7576 7983 7697 8405 7862 8170 7433 8184 8076 7611 7769 8146 7839 7667 7871 7694 7777 7749 7922 8111 7944 7682 8141 7671 7985 7906 7534 8164 7737 7427 7749 7797 7658 7362 7147 8273 8210 8150 7670 7838 8134 7549 8609 8044 8086 7550 8498 7840 8291 8137 8078 7934 7706 7164 7424 7586 7518 7849 
7562 7935 7437 7829 7738 7731 8217 7657 8265 8126 8384 7864 7835 7474 7698 7954 7782 8798 7755 8220 8039 7854 7927 7556 8120 7882 7585 7666 7848 7980 7683 7699 7949 8449 7814 8460 8338 7990 8164 7519 8221 8155 7795 7739 7775 8469 8570 7514 7508 8155 7995 8016 8323 8094 7512 8141 7615 8142 8157 8055 8315 8435 7419 7979 7897 7718 8419 8120 7905 7863 7765 7629 8062 7765 7993 7827 7466 7909 8235 7844 8437 7826 8020 8601 7714 7697 8096 8401 8108 8284 7080 7407 8252 7968 8574 7921 7608 8011 8053 8039 8044 8101 8150 8004 8116 7747 7897 7538 7918 8273 8097 8175 8115 7796 7885 8247 8058 7776 8558 7668 7720 8368 7852 8155 8007 7457 8482 7517 7955 8161 7619 8357 7498 7468 8229 7935 7327 8249 7946 7952 7884 7971 8205 8077 7908 7821 8109 7916 7397 7808 8171 7631 7400 7697 7388 8108 8348 8161 7105 8309 7828 8466 8117 8150 7934 8176 7347 7664 8022 7752 7613 7603 7587 7891 8031 8540 8621 8082 8016 7979 8191 7785 7564 7767 7382 8085 8112 7682 7579 7950 8043 8325 8050 7824 8158 7614 7824 7482 7724 8097 8135 7567 8016 7367 7671 7124 7451 8169 8126 7617 8227 7943 8241 7430 8194 8220 8274 8252 7884 8392 7692 7890 8279 8318 8181 7804 7916 8395 8500 7773 7556 8368 8018 8009 7712 7975 8180 8392 7640 7915 8271 8057 7828 8198 8076 7856 7339 7765 7788 8332 8409 8154 7778 7928 7814 7794 7738 7673 7658 7798 8368 8344 8132 7858 8467 8800 8232 7927 7991 7776 7835 8008 7929 8152 7858 8647 7750 7756 8119 7530 8265 7990 8297 8234 8020 7908 7971 7380 8403 8378 7569 7934 7872 8198 8027 7849 7834 8031 8252 7619 7512 7810 7851 7992 7834 7858 8110 8387 8347 8226 7772 8146 7669 8262 7871 7856 8047 8007 8119 8235 8209 7997 8299 8659 7694 7904 8045 7506 7954 7985 7667 8103 7923 7803 8015 7789 8309 7919 7977 8575 7741 7652 8253 7907 7541 8253 8123 8421 7423 8212 8153 7683 8119 8434 8066 7809 8172 7799 7982 8048 8247 8089 7999 7781 8103 7973 8626 7965 7809 8218 7833 7647 7843 8271 7360 7689 7297 7671 8355 8439 7811 7755 8216 7798 8833 8262 7842 7560 8446 7903 7998 8172 8376 8283 8468 7725 7745 7875 7735 7957 
8184 8496 8247 8362 8321 8235 8996 7944 8570 8297 8810 8269 7965 8149 8113 8385 8018 9179 8468 8251 8207 8207 8335 7996 8654 8448 8115 8335 8362 8438 7879 7933 8112 8810 8204 8699 8627 8455 8502 8084 8876 8343 8084 8521 8283 9059 9043 7994 8200 8578 8619 8330 8392 8225 8172 8319 8226 8398 8317 8687 8490 8795 8239 8222 7998 8737 8552 8537 8549 8562 8289 8107 8417 8261 8628 8169 8006 8325 8711 8446 8852 8309 8643 8723 7930 8418 8176 8616 8792 8646 7941 7870 8662 8311 9033 8369 7776 8635 8717 8280 8343 8615 8755 8094 8582 8640 7965 8017 8500 8636 8317 8406 8535 8079 8208 9080 8308 8287 8747 8080 8220 8761 8658 8450 8443 8122 8872 8090 8354 8530 8133 8660 8057 7920 8485 8497 7737 8767 8344 8763 8356 8165 8600 8474 8395 8268 8703 8348 7631 7879 8311 8639 8059 7877 7781 8621 8450 8278 7677 8706 8260 8845 8599 8966 8751 8248 7537 7839 8216 7816 7932 7961 7858 8541 8287 8840 8766 8491 8174 8375 8219 8426 8140 8196 7799 8601 8709 8266 8129 8286 8560 8625 8140 8309 8975 7998 8240 7976 7901 8557 8397 8261 8054 7659 8247 7719 7823 8559 8450 8305 8491 8435 8852 8161 8863 8682 8432 8745 8857 8695 8046 8245 8597 8466 8526 8258 8300 8943 8561 7954 8073 8814 8545 8306 8066 8365 8709 8857 8413 8166 8684 8479 8443 8719 8794 8348 8066 8217 8000 8849 8662 8483 8227 8125 8309 8231 7962 8130 8652 8680 8844 8731 8682 8371 8660 8815 8359 8266 7977 8506 8530 8219 8515 8440 8522 9122 7954 8208 8242 7903 8576 8654 8415 8605 8516 8458 8506 7630 8716 8926 8126 8089 8330 8485 8263 7989 8706 8285 8664 8427 8186 8284 8554 8598 8545 8192 8592 8780 8722 8164 8418 8381 8153 8929 8606 8491 8466 8382 8413 8680 8535 8338 8649 9175 8570 7989 8298 7784 8180 8482 7747 8619 8519 8431 8519 8638 8357 8308 8263 8618 7891 8119 8337 8578 8402 8607 8826 8698 7797 8933 8427 8048 8385 8712 8341 8157 8459 8401 8235 8383 8799 8366 8450 8620 8623 8270 8913 8090 8283 8596 8576 8084 8521 8523 8141 8069 7871 8709 8612 8251 8508 8301 8901 8562 9203 8207 8709 8472 8797 8084 8525 8690 8760 8513 8467 8298 8263 8520 8180 8666 
8008 7949 7866 7945 8148 8081 8457 7499 8125 8125 8480 8100 8266 7935 8043 8091 8057 8735 8188 8184 8151 7898 8239 8171 8137 8239 7849 8060 8605 8170 7752 7866 8214 8441 8307 8519 8508 8337 8507 7919 8535 8290 7926 8100 8102 8977 8864 7705 7773 8290 8316 8542 8206 8162 7832 8496 7978 8466 8312 8292 8323 8281 7875 8108 7922 8336 8652 7974 8216 8508 8074 7635 8318 7921 8265 7964 7683 8134 8382 7937 8863 8383 8186 8676 7737 8025 8014 8077 8457 8776 7563 7887 8348 8190 8794 7757 7241 8201 8627 7853 8292 8393 8820 8291 7975 8477 8348 8085 8451 7998 8195 8087 8040 8139 8126 8367 7999 8201 8570 8317 8229 8602 8277 8468 8399 7725 8601 7975 8502 8857 8003 8527 7963 7556 8360 8175 7681 8476 8287 8282 8347 7881 8426 8325 8221 8402 8410 8324 7453 7773 8097 8252 7887 7680 7647 8264 8390 8289 7385 8276 7771 8536 8445 8613 8276 8310 7232 7979 8075 8007 7652 8011 7320 8249 8524 8570 8553 8193 7784 7953 8187 8264 8146 8061 7842 8095 8253 7850 7749 8260 8093 8443 8497 8238 8749 7935 8265 7769 7470 8226 8279 7989 8070 7609 8070 7655 7741 8483 8278 7939 8153 8293 8702 8189 8785 8348 8345 8427 8353 8666 7540 8253 8301 8257 8472 8153 8341 8745 8475 7870 7689 8368 8592 8463 8006 8056 8494 8436 7952 8251 8169 7850 8069 8616 8500 8173 7910 8053 7684 8407 8139 8122 7719 7965 7941 7949 8195 7774 8259 8049 8808 8419 8397 8098 8710 8880 7894 8090 7898 7855 8146 8241 8210 8419 8478 8917 8319 7743 7994 7709 8568 8435 8479 8488 8435 8289 8275 7577 8784 8737 8279 8245 7643 7992 7955 8156 8230 8156 8477 8455 7709 8041 8397 8254 8472 7855 8239 8483 8574 8415 8365 8545 7933 8859 8267 7815 8094 8522 8538 8424 8420 8375 8416 8884 8433 8101 8003 7755 8011 8322 7590 8521 8446 8304 7912 8076 8450 8633 8154 8474 7930 7843 8413 8400 7843 8375 8547 8286 7618 8686 8487 8079 8284 8543 8390 8032 8159 8409 7913 8463 8288 8138 8379 8203 8341 8034 8817 7845 8270 8818 8031 7847 8086 8309 8091 7602 7582 8335 8659 8284 8354 7998 8435 8249 9029 8220 8399 8001 8435 8042 8426 8243 8264 8651 8146 7982 7984 8091 8072 8462 
7863 7649 7371 7349 8087 7614 8064 7167 7844 7966 8404 7785 7882 7457 7614 7776 7613 8502 8228 7818 7798 8232 8046 7722 7912 7577 7758 7499 7949 7864 7469 7572 7845 8422 7563 7954 8196 7878 7970 7546 8377 7941 7766 7903 7595 8730 8005 7665 7457 7940 7933 7885 7900 7558 7740 7752 7499 7646 7831 7848 7878 8086 7883 7683 7537 7757 8252 7581 8006 7661 7800 7677 8001 7602 8264 7620 6842 7960 7638 7862 8218 7690 7870 8193 7328 7820 7705 7961 8255 8162 7078 7376 8302 7899 8207 7606 7376 7901 8056 7644 7946 7947 8279 7886 7913 7694 7448 7504 7890 8276 7941 7810 7762 7723 7481 8007 7511 7657 7753 7516 7768 8319 7878 7582 7857 7662 8306 7692 8208 8059 8059 7800 7591 7220 8131 7854 7459 7835 7786 7887 8031 7497 7928 7877 7916 7450 7555 7749 7451 7555 7833 7861 7722 7801 7456 7988 8092 7618 7123 8250 7893 7989 8017 8088 8048 7754 7279 7294 7718 7375 7071 7903 7159 8133 7535 8355 8002 8229 7741 7761 7563 7521 7694 7432 7536 7646 7922 7564 7469 7812 7886 8063 8081 8051 8468 7443 7566 7223 7096 8075 7631 7600 7793 7322 7751 7022 7492 7404 8023 7882 7833 7934 8274 7222 7876 8015 8132 8021 7982 8423 7342 7902 7945 7756 7730 7661 7623 7859 7962 7438 7403 8208 7667 7924 8095 7715 7833 8046 7852 7892 8176 7723 8006 8437 8045 7868 7392 7598 7448 8295 7854 7964 7408 7539 7776 7497 7240 7735 7747 7881 8117 8303 8082 7710 8434 8446 7742 7522 7440 7579 8029 7775 7854 8392 8073 8398 7567 7378 7986 7456 7931 8067 7782 7596 7684 7917 7715 7179 8261 8061 7712 7550 7666 7880 8072 7585 7903 7832 8157 7788 7566 7723 7766 7900 7924 7757 8045 8091 8258 7865 7487 7899 7393 8043 7853 7593 7875 7817 7979 7835 7955 8076 7973 8783 8217 7496 7449 7466 8085 7728 7487 7737 8125 8055 7762 7817 7902 7491 7847 8204 7707 7415 8069 7755 8039 8313 7834 8179 7498 8075 8139 7582 7660 8296 7681 7817 8044 7634 7460 7935 8276 8333 7736 7944 8259 7995 8171 7333 7766 8017 7800 7701 7859 7885 7358 7693 7189 7836 8026 8154 7851 7923 8110 8159 8671 8043 7885 7555 8351 7844 8074 7999 8023 8273 7925 7518 7593 7746 7459 7674 
7675 8097 7887 7968 8132 8307 8577 7605 8414 8123 8367 8079 8304 7611 7993 8458 7797 8583 8425 8132 8239 7918 8059 7935 8027 8223 7747 7822 7989 7952 7690 8027 8060 8539 7858 8212 8460 8027 8511 7754 8608 8357 7795 8146 7858 8880 8410 7750 7824 8400 8115 8040 8331 7944 7884 8130 7870 8189 8231 8211 8241 8131 7949 7939 8039 8337 8623 8052 8202 8259 8221 7681 8347 7977 8276 8010 7330 8126 8133 8225 8525 8171 8380 8792 7630 7790 7857 8518 8214 8327 7369 7616 8070 8309 8403 7889 7550 8325 8171 8087 8180 8255 8456 8004 8262 7884 8035 7856 8066 8141 7962 8398 8242 7733 7903 8544 7765 8114 8229 7746 7936 8445 8444 8073 7974 7732 8779 8426 8516 8447 8292 8109 7694 7374 8767 8379 7761 8149 8237 8115 8242 7995 8347 8275 8132 8033 8120 7782 7613 7533 8060 8276 8225 8179 7787 8320 8455 8394 8031 8367 7732 8020 8155 8583 8261 8182 7644 7581 8177 7984 7745 8057 7701 8355 7822 8621 8445 8020 8280 8001 8128 7809 7987 7805 7652 8351 8454 7606 7588 8061 8573 8384 7862 8045 8422 7658 8174 7785 7409 8345 7856 7839 7959 7457 8015 7252 7903 8399 8362 8115 8548 8459 8428 8034 8800 8051 8352 8425 8337 8808 7767 8165 7926 8371 8409 8194 8363 8452 8339 7821 7820 8491 8408 8369 8449 7968 8287 8468 7890 8093 8476 7646 7804 8509 8233 7948 7698 7875 7675 8501 8040 7926 7647 7930 8182 8111 7650 7816 7740 8281 8524 8784 8296 7860 8859 9045 7756 7860 8294 7856 8215 8148 8357 8355 8278 8735 7623 7898 8347 7703 8335 8272 8111 8216 8185 8145 8508 7294 8363 8340 7652 7847 7921 8154 8128 8007 8250 7823 8452 8222 7763 8317 8180 8259 7893 8378 8290 8526 8088 8358 8187 7969 8064 8565 8015 8216 8047 8248 8392 8436 8108 7914 8244 8938 7961 8087 8105 7455 7867 8238 7906 8350 8031 8174 8080 8269 8490 8239 8091 8188 8141 7555 8250 8033 8032 8815 8182 8404 7480 8432 8430 7965 8156 8710 8159 8025 8516 7734 7836 8017 8410 8819 7860 8497 8321 7942 9074 8098 8331 8133 8234 7642 8388 8076 7734 7637 7678 8539 8423 8318 8192 8003 8348 8174 8941 8397 8336 7860 8466 8190 8577 8172 8309 8882 8131 7768 8036 7823 8025 8286 
8089 8343 7857 7977 8195 8352 8464 7742 8678 8447 8664 7791 8114 7877 7839 8159 8016 8983 8217 8440 8289 8304 8091 7678 8158 8150 7746 7830 8274 8268 7690 8149 7635 8666 7975 8122 8593 8433 8608 7999 8576 8121 8238 8188 8003 8864 8672 7998 8282 8427 8331 8093 7972 8457 7933 8253 8107 8552 8454 8252 8068 8267 8037 8401 7984 8423 8719 7789 8792 8528 7972 7899 8587 8019 8414 7981 7385 8327 8033 8193 8645 8406 8512 8457 7668 8204 8037 8562 8582 8512 7744 8082 8350 8273 8775 8013 7844 8585 8427 8306 7972 8426 8740 8472 8556 8301 8120 7974 8778 8321 8567 8545 8022 8308 7887 8735 8078 7900 8370 7876 8171 8546 8096 8172 8248 7925 8846 8332 8131 8470 8140 8271 7945 7664 8470 8454 7632 8578 8419 8410 8192 8299 8606 8571 8091 8170 8456 8199 7657 7715 8085 8303 8046 8129 7738 7957 8518 8358 7714 8808 8133 8521 8316 8471 8228 8253 7606 7578 8370 7978 7797 8179 7538 8403 7932 8707 8538 8412 8315 8306 8161 7827 7966 7736 7709 8067 8417 7718 7966 8437 8432 8398 8339 8086 8892 7814 8253 7909 7719 8430 8024 7978 8112 7770 7736 7573 7791 8333 8191 7857 8318 8422 8500 8025 8360 8362 8452 8588 8253 8757 7781 8093 8564 8396 8738 7683 8380 8306 8123 7873 8074 8554 8196 8583 8032 7901 8205 8369 7873 8341 8538 8178 8145 8639 8343 8265 7758 8166 7875 8712 8542 8006 8151 8095 8051 8103 8044 7836 8190 8408 8636 8375 8346 7963 8798 9238 8095 8166 8182 8073 8496 8275 8517 8740 8201 9147 8245 7652 8433 7897 8504 8687 8422 8642 8162 8269 8280 6994 8525 8337 7687 8134 8004 8319 8416 7822 8215 8181 8761 8123 7914 8196 7965 8015 8686 8133 8493 8171 8629 8461 8278 8366 8115 8602 8069 7892 8387 8089 8245 8479 8337 8223 8394 9046 8390 8069 7924 7556 8366 8344 7601 8806 8559 8282 8182 8285 8625 8413 8341 8643 7960 7716 8308 8316 8117 8741 8389 8415 7644 8493 8598 8102 8217 9016 8199 7961 8530 8208 8074 8122 8498 8644 8298 8323 8275 8088 8917 8180 8215 8342 8018 8152 8355 8095 7462 8384 7584 8347 8694 8197 8737 8275 8694 8343 9103 8284 8446 8205 8549 8102 8527 8314 8375 8535 8494 8103 7867 8188 7923 8284 
7857 7956 7924 7862 8289 7786 8533 7606 8002 8002 8393 8280 7811 7460 7966 8106 7751 8509 8373 8085 8197 8091 7620 7495 8313 8109 7958 7621 8188 7771 7783 7795 7766 8506 7846 8684 8264 7749 8485 7768 8431 8291 8016 8163 8002 8452 8532 7460 8008 8058 8052 8024 8376 8267 7519 8315 7979 8283 7999 8479 8124 8198 7951 8191 7991 8331 8361 8077 8155 8340 7820 7748 8461 7792 7990 7903 7211 7990 8556 8097 8691 8120 7987 8435 7665 8146 8011 8361 8476 8891 7480 7591 8195 8290 8651 7771 7405 8176 8221 8151 7748 7972 8714 8137 8172 7843 7604 7739 8033 8165 8404 8316 8053 7584 7321 8698 7658 7993 8338 7694 8102 8101 8092 8117 8045 7696 8757 7883 8003 8540 7926 8170 7651 7494 8251 8260 7739 8239 8110 8049 8252 7578 7956 8346 7819 7778 8140 8090 7473 7808 7946 7781 7810 7794 7753 8440 8324 7938 7304 8362 7719 8568 8275 8706 8210 8024 7375 7855 8282 7749 7539 7734 7416 8545 7992 8642 8817 8247 7957 8115 7687 7988 7945 7968 7470 7991 8154 7922 7769 8078 8392 8282 8163 7491 8648 7642 7973 7847 7658 8328 8000 7813 8045 7416 8003 7273 7519 8217 8026 7828 8347 8267 8408 7844 8599 8032 8282 8383 8160 8725 7765 8105 8242 7900 8101 7808 7951 8628 8207 7541 7928 8430 8224 8394 7882 7946 8322 8351 7833 8011 8348 8079 7802 8116 8411 8072 7711 8016 7808 8705 8120 8104 7689 7795 7848 7789 7869 7452 8166 8149 8619 8190 8476 7628 8827 8699 7904 8325 7905 7999 8205 8277 8021 7945 7903 8671 7957 7661 8452 7573 8540 8345 8007 8147 8208 8222 8025 7510 8424 8232 7948 7766 8002 8194 8158 7255 8069 8050 8097 8132 7691 7700 8304 8092 8113 7918 8267 8707 8449 8155 8037 8247 7372 8518 7936 8098 8252 8316 8160 8283 8115 8095 8431 8718 7953 7754 7667 7591 7896 8199 7491 8271 7915 7929 7926 8246 7972 8100 8181 8133 7696 7825 8252 7893 7846 8704 8018 8150 7651 8625 8660 7869 8001 8795 8132 7961 8154 7645 7916 8200 8373 8109 8381 8168 8324 7660 8422 7994 7755 8183 7912 7739 8319 8168 7840 7687 7566 7978 8447 8114 7953 8097 8410 8228 8589 7758 8103 7937 8261 7946 8314 8211 8287 8397 7869 7814 8091 7943 7659 7883 
7987 8091 7967 8046 8394 8222 8500 7775 8721 8100 8403 8232 7930 7798 7929 8368 7959 8936 8241 8302 8335 8107 7941 8137 8149 8015 8038 7919 8041 8152 7766 8135 8038 8800 7915 8367 8567 8235 8331 7889 8945 8677 8084 8288 8153 8818 8991 7917 7842 8471 8399 8228 8273 8054 7810 8325 8059 8294 8388 8484 8586 8488 8070 8042 7905 8315 9023 8239 8398 8409 8274 8095 8327 7635 8138 8377 7740 8175 8376 8417 9104 8233 8338 8474 7816 8129 8438 8459 8290 8977 7767 8137 8354 8478 8826 7979 7408 8612 8759 8192 8450 8387 8550 8598 8313 8078 8073 7751 8421 8456 8458 8243 8028 7767 8122 8568 7750 8063 8324 7878 8094 8400 8342 8311 8313 7980 8565 8087 8241 8528 8089 8251 7847 7611 8413 8692 7949 8368 7994 8159 8282 8237 8338 8454 8335 8095 8462 8088 7729 7832 8339 8133 8069 8273 7799 8132 8527 8229 7641 8675 8244 8356 8227 8682 8237 8100 7682 7909 8313 7750 7939 7931 7855 8615 8144 8758 8786 8544 7927 8369 7997 8141 8247 8186 7942 8175 8467 8328 7708 8373 8448 8337 8479 8303 8611 7753 8483 7904 7630 8523 7842 8015 7961 7455 8065 7524 7883 8252 8569 8224 8358 8220 8710 7779 8913 8402 8189 8649 8058 8687 7880 7957 8505 8315 8295 8222 8439 8306 8334 7909 7981 8776 8229 8519 8054 8397 8071 8833 8026 8407 8551 8101 8258 9038 8654 7891 7956 7858 7994 8513 8492 8412 7762 7959 8124 8184 7896 7941 8193 8165 8535 8477 8290 8101 8751 9117 8334 8251 8177 8271 8195 7893 8535 8614 8348 8482 8209 7985 8002 7959 8734 8213 8455 8221 8190 8201 8212 7419 8620 8521 8137 8116 7928 8356 8069 8015 8430 8013 8482 8304 7870 8095 8263 8627 8544 8237 8234 8509 8776 8309 8043 8271 7773 9022 8334 7870 7956 8598 8463 8226 8861 8316 8209 9088 8149 8446 8290 7536 8198 8170 7973 8463 8646 8316 8361 8528 8503 8323 8416 8817 7701 8199 7955 8222 8139 8618 8274 8451 8037 8455 8619 8101 7925 8711 8126 8114 8364 7997 8017 8435 8383 8259 8306 8315 8409 8068 8673 8251 8100 8854 8296 8164 8175 8459 7928 8212 7522 8605 8764 8420 8587 8037 8558 8265 8952 8063 8092 7955 8940 8232 8528 8478 8671 8605 8478 8015 8429 8443 8336 8400 
7934 8097 7760 7736 8263 7935 8517 7425 8244 8243 8637 8215 8110 7911 7958 8281 8033 9027 8485 8086 8351 8149 7889 8192 8294 8455 8162 7845 8484 8243 7618 7917 8067 8609 8061 8437 8687 8062 8372 7923 8655 8343 8510 8008 7923 8814 8717 7933 8117 8293 8201 8037 8294 8341 7707 8407 7878 8494 8155 8521 8322 8364 8154 8111 8113 8418 8455 8347 8371 8219 8110 8159 8396 8011 8312 7957 7493 8124 8477 8340 8946 8182 8245 8571 7831 8155 7785 8162 8427 8756 7323 7871 8662 8312 8798 8140 7464 8314 8036 7939 8293 8221 8430 8255 8362 7776 8082 7887 8075 7961 8144 8078 8241 8218 7987 8567 7786 7950 8343 7997 8045 8527 8089 8286 8331 7905 8471 8008 8225 8539 8011 8624 7991 7872 8385 8198 7815 8356 8169 8299 8272 8034 8331 8518 8092 7938 8600 7933 7628 7873 8481 8038 7743 7934 7745 8343 8634 7989 7496 8441 8076 8557 8351 8265 8549 8366 7250 7943 8058 8083 7546 8259 7857 8768 8165 8759 8573 8690 8111 8204 8488 8061 8062 8196 7901 8249 8535 7644 7876 8292 8268 8074 8227 8230 8770 8024 8288 7885 7525 8385 8252 8000 8212 7606 8020 7461 7550 8420 8477 8082 8325 8320 8804 8070 8626 8129 8605 8299 8431 8566 7859 8113 8412 8133 8071 8037 8253 8593 8377 7816 8051 8829 8304 8164 8217 8240 8486 8872 8229 8061 8569 8276 7696 8746 8300 8279 7676 7904 7945 8743 8354 8546 7889 8088 8337 7854 8035 7878 8024 8254 8911 8229 8244 7938 8793 8890 8147 7957 8038 8054 8572 7914 8223 8414 8531 8744 8017 8073 8241 7951 8655 8258 8273 8031 8185 8367 8389 7697 8735 8379 8058 8081 7935 8160 8446 7842 8242 8492 8391 8261 7358 8079 8466 8357 8335 7817 8284 8655 8459 8341 8032 8142 7861 8810 8210 7879 8250 8566 8747 8457 8240 8063 8514 8754 8353 8285 8160 7665 8249 8084 8035 8613 8460 8149 8276 8396 8289 7978 8131 8437 8181 7920 8362 8257 8192 8640 8198 8675 7865 8400 8429 7981 8265 8709 8053 7855 8464 8006 7955 8135 8473 8501 8355 8147 8468 7894 8910 8119 8144 8492 8301 8086 8359 8703 7795 7944 8003 8676 8347 8265 7989 8184 8889 8536 8698 8383 8266 7874 8806 8094 8401 8366 8407 8340 8442 7900 7872 8147 8089 8134 
8543 8445 8240 8413 8421 8296 9035 7825 8176 8652 9282 8167 8480 7980 8490 8603 8154 9195 8688 8667 8634 8452 8278 8120 8828 8664 8432 8313 8699 8309 8328 8537 8078 8900 8462 8767 8850 8708 9252 8443 8992 8661 8451 8324 8454 9023 9572 7815 8622 8807 8486 8796 8823 8614 8270 8879 8314 8762 8715 8945 8461 8500 8324 8431 8240 8682 9162 8377 8821 8657 8419 8105 8654 8294 8517 8201 7884 8191 8731 8509 8879 8875 8849 9177 8110 8354 8504 8912 8827 9365 7986 8236 9020 8559 9181 8443 7947 8531 8935 8394 8474 8565 8989 8767 8653 8313 8379 8331 8680 8534 8806 9003 8557 8323 8180 8774 8517 8208 8792 8536 8514 8565 8703 8475 8737 8337 9170 8462 8702 9140 8164 8987 8354 7619 8880 8753 7992 8482 8666 8639 8561 8214 8407 9046 8281 8633 8825 8505 7739 8133 8658 8435 8166 8403 8359 8669 8666 8515 7858 8704 8616 8886 8873 8896 8684 8407 7645 8465 8760 8377 8142 8449 8022 8959 8665 8771 9383 8388 8159 8496 8480 8379 8280 8339 8063 8558 8641 8180 7885 8702 8890 8652 8607 8549 8918 8092 8536 8113 8070 8920 8655 8575 8499 8235 8360 7903 8105 8632 8570 8197 9134 8791 8731 8390 9042 8787 8774 9006 8865 9108 8032 8443 8762 8223 8952 8363 8956 8843 8952 7896 7750 8885 8749 8905 8309 8421 8669 8785 8559 8610 8581 8488 8333 8736 8965 8742 8278 8165 7958 8951 8534 8627 8575 8503 8688 8171 8290 8333 8577 8682 9301 8796 8794 8315 8969 9314 8484 8413 8031 8498 8565 8685 8755 8728 8572 9161 8222 8147 8561 8134 8887 8570 8345 8826 8890 8713 8695 8202 9088 9017 8637 8250 8195 8159 8443 8195 8498 8528 8899 8481 8201 8372 8793 8591 8542 8488 8793 8695 8905 8782 8645 8885 8131 8826 8413 8206 8356 8444 8817 8774 8792 8817 8607 9235 8122 8729 8080 7887 8260 8608 8167 8924 8903 8662 8231 8678 8487 8585 8568 8704 8393 8542 8452 8485 8358 9069 8536 8835 8195 8854 8984 8247 8670 9003 8440 8545 8586 8891 8413 8725 8916 8859 8557 8908 9090 8272 9117 8782 8482 8911 8418 8400 8903 8666 8129 8297 8448 8909 8663 8906 8613 8281 9058 8530 9394 8497 8760 8517 9195 8352 8908 8550 8724 8955 8737 8431 8187 8804 8058 8732 
7399 7737 7266 7601 7963 7736 8101 7654 8162 7667 8346 7984 7806 7454 7477 7788 7587 8406 7769 7761 7619 7663 7528 7555 8002 7785 7557 7430 7829 7867 7332 7838 7310 7969 7639 8003 8356 7954 8143 7294 8071 8272 7710 7940 7393 8490 8113 7646 7266 8085 7723 8063 7883 8101 7435 7947 7791 7708 7681 8095 7844 8027 7817 7950 7614 7928 8243 8038 7855 7864 7556 7394 8047 7619 7936 7473 7458 7679 8029 7637 8241 7650 8040 8235 7377 8008 7611 8056 8573 8213 7160 7478 8165 7946 8309 7361 7247 7888 8196 7539 7639 8176 8049 7697 7591 7455 7661 7476 7941 7672 7834 8151 8064 7496 7563 8119 7857 7580 8135 7947 7524 7957 8056 7613 7807 7595 8192 7656 7932 7840 7700 7925 7215 7100 7726 7734 7591 8095 7860 7669 7760 7519 7916 8014 7925 7809 7929 7709 7300 7468 7977 7772 7591 7584 7362 7793 7824 7556 6971 8194 7570 8134 8081 8183 7932 7650 7201 7212 8043 8015 7076 7587 7250 7930 7548 8265 8322 7775 7516 7899 8030 7694 7708 7658 7478 7911 7981 7487 7372 7551 7793 7802 7982 7756 8253 7370 8113 7367 7267 7764 7740 7591 7677 7194 7586 7151 7196 7633 7855 7884 7989 7455 8341 7537 8161 8065 8220 7870 7990 8128 7329 7618 7680 8165 7794 7246 7664 8217 7941 7417 7541 8209 7718 8233 7994 7691 8048 8471 7658 7672 7998 7749 7544 8012 7943 7756 7373 7284 7419 8291 8072 8009 7546 7585 7464 7760 7425 7637 7652 7758 8125 8074 7717 7440 8267 8362 7780 7656 7678 7875 7658 7675 7918 8049 8154 8577 7763 7462 7760 7431 8318 7701 7651 7921 7667 8138 7770 7005 8292 8177 7633 7536 7433 7987 8151 7385 7682 7475 8174 7961 7254 7869 7926 7970 7935 7532 8039 7921 8175 7927 7952 8153 7540 7937 7470 7614 7956 8152 8089 7893 8240 8056 7941 8693 7993 7796 7554 7252 7855 7946 7610 7879 8099 7703 8157 7646 7980 7924 7819 8558 7633 7477 8079 7715 7621 7944 7783 8340 7544 8159 7737 7522 7778 8339 7623 7809 7962 7919 7290 8038 8223 7997 7740 7827 8325 7637 8488 7639 7980 8344 7708 7313 7559 7768 7720 7770 7274 8183 8017 7780 7809 7749 8043 7943 8433 7715 7579 7425 7995 7861 8134 7903 7839 8412 8157 7711 7564 7784 7325 7574 
7772 8218 8372 8327 8453 8218 8852 7751 8325 8370 8866 8175 8307 7861 8188 8407 8089 8884 8425 8194 8445 8095 8281 8301 8845 8286 8240 8219 8414 7917 7947 8003 8043 8706 8034 8655 8740 8175 8645 7818 8799 8516 8605 8587 8297 8879 8895 8090 8069 8529 8274 8221 8742 8142 8050 8728 7921 8541 8554 9090 8578 8602 8129 8513 7946 8418 8806 8480 8598 8517 8303 8327 8597 8111 8477 8420 7811 8135 8605 8542 8989 8459 8213 9372 8027 8334 8559 8425 8794 8929 7534 7763 8539 8376 9129 8255 7489 8793 8300 8229 8259 8417 8639 8338 8276 8461 7903 8222 8351 8246 8431 8471 8398 8114 8127 8674 8161 8029 8488 7972 8176 8531 8326 8302 8464 7860 8901 8482 8475 8877 8692 8790 7794 7719 8775 8583 7969 8255 8581 8630 8546 8174 8166 8469 8257 8120 8502 8203 7733 7865 8525 8286 8257 8279 7610 8640 8608 8390 7615 8622 7991 8850 8674 8879 8416 8343 7598 7953 8191 7959 7874 8189 7720 8555 8012 8689 8524 8671 7985 8417 8453 8264 8188 8202 7723 8651 8601 8096 8006 8275 8486 8619 8264 8267 8825 7683 8189 7870 7508 8414 8115 8327 8199 8017 7891 7508 7662 8204 8262 8365 8536 8078 8839 8364 8839 8519 8246 8479 9035 8767 8034 8367 8433 8537 8566 8038 8263 8966 8637 8079 8229 8869 8544 8768 8113 7988 8566 8736 8341 8191 8704 7853 8220 8671 8521 8411 7898 8268 7670 8371 8250 8083 8142 8384 8528 8135 8197 7951 8320 8184 8796 8833 8540 8496 8656 9090 8327 8331 8345 7851 8353 8201 8433 8534 8415 8954 8059 7786 8382 7983 8364 8322 8624 8579 8397 8558 8509 7584 8632 8901 8048 8022 8097 8112 8396 7965 8654 8408 8993 8454 8367 8608 8398 8549 8815 8243 8252 8473 8484 8346 8496 8669 7806 8964 8440 8032 8398 8379 8671 8517 8611 8418 8299 9142 8416 8382 8206 7900 8156 8278 8124 8150 8584 8627 8276 8297 8522 8284 8087 8400 8191 8275 8295 8460 8285 8596 8521 8674 7582 8582 8733 8119 7930 9302 8152 8393 8391 8096 8037 8339 8575 8505 8378 8402 8326 8305 8712 8378 8412 8528 8439 8004 8380 8529 7881 8208 7927 8643 8681 8275 8535 8285 8540 8229 9351 8458 8895 8185 8766 8295 8646 8461 9190 8600 8480 8251 8183 8398 8333 8584 
7616 7585 7408 7396 7677 7405 8049 7256 7856 7606 8211 7759 7446 7295 7599 7795 7555 8106 7692 7583 7831 7141 7332 7357 7869 7369 7419 7490 7892 7492 7170 7387 7383 7898 7419 7826 7930 7759 7998 7158 7932 8039 7765 7528 7645 8170 8174 7482 7406 7933 7616 7160 7599 7603 7229 7982 7026 7721 8191 8056 7999 7674 7503 7455 7490 7938 8195 7648 7820 8122 7534 7566 7703 7583 7565 7369 6785 7599 8127 7778 8266 7475 7672 8107 7355 7425 7558 7905 8086 7991 7019 7220 7896 7839 8491 7423 6971 7884 8082 7635 7506 7729 8231 7627 7456 7587 7209 7713 7975 7518 7692 8076 7511 7460 7615 7815 7154 7572 7838 7349 7676 7765 7716 7539 7793 7399 8260 7649 7837 7984 7355 7938 7185 7222 7855 7758 7115 7943 7519 7702 7739 7499 7743 7536 7953 7551 7801 7573 6946 7208 7429 7638 7252 7544 7219 7821 7993 7843 7199 7717 7587 7872 7720 7893 7638 7327 7037 7438 7573 7526 7235 7597 6922 7971 7592 7800 8021 7972 7738 7544 7789 7373 7466 7309 7461 7689 7752 7341 7456 7486 8001 7710 7765 7455 7741 7435 7610 7140 7255 7627 7443 7603 7391 7115 7494 6933 7173 7766 7885 7254 7961 7486 8098 7469 8147 7373 7987 7942 7689 8297 7321 7403 7751 7800 8068 7457 7699 8020 7826 7239 7863 7740 8062 7866 7535 7836 7728 8160 7584 7489 8037 7641 7663 7990 7666 7775 7421 7190 7200 8162 7845 7666 7259 7943 7746 7368 7203 7075 7464 7546 8280 7779 7787 7783 7742 8360 8024 7586 7407 7551 7864 7545 7944 8103 7678 8053 7413 7546 7710 7618 7948 7890 7542 8012 7891 7863 8078 6785 7919 7748 7669 7451 7349 7328 8029 7400 7701 7535 7879 7624 7233 7367 7709 7817 7991 7552 8256 7994 8095 7769 7780 7638 7193 8041 7588 7657 7754 7518 7810 7571 7688 7529 7696 8133 7841 7521 7271 7190 7673 7507 7390 7948 7756 7851 7686 8155 7773 7853 7842 7925 7603 7308 7758 7634 7548 7812 7600 8069 7214 7942 7708 7318 7358 8162 7658 7597 7904 7569 7480 7651 7937 7782 7748 7940 7611 7291 8524 7366 7892 7798 7433 7397 7637 7657 7600 7807 6915 8081 7921 7548 7777 7643 8015 7532 8280 7538 7661 7350 8181 7974 8233 7931 7863 8011 7907 7304 7418 7502 7805 7827 
7952 7912 7214 7708 8322 8235 8109 7583 8112 8078 8466 7993 8023 7478 7913 8183 7777 8534 8185 7904 7924 7978 7745 7587 7793 8033 7874 7659 7948 7767 7837 7902 7778 8355 7748 8279 8411 8370 8425 7889 8375 8405 7894 8290 7931 8498 8729 7588 7612 8145 7865 7723 7876 7892 7737 8265 8002 8141 8315 8228 8264 8367 7954 7919 8036 8309 8406 8028 8129 8107 7657 7627 8161 7585 7908 7761 7495 7936 7991 8044 8506 8014 7909 8629 7608 7911 7998 8274 8511 8392 7463 7575 7999 8347 8270 7758 7460 8349 8404 7758 8088 8086 8067 8078 8136 7640 7953 7773 8165 8099 8321 8240 7871 7729 7955 8484 7692 7756 7998 8007 8110 8355 7987 7857 8118 7625 8326 7804 8112 8687 7994 8181 7670 7243 8341 7923 7640 8447 8130 7826 7724 7740 8045 8200 7993 7869 8492 8026 7573 7555 8186 7881 7562 7651 7747 7979 8209 8165 7742 8370 7980 8046 8358 8404 7990 8155 7313 7640 8077 7710 7247 8025 7333 8258 7817 8178 8363 7974 7941 7959 7764 7674 7679 7562 7704 8137 7963 7497 7424 8270 8210 8355 8212 8021 8667 7359 7825 7352 7406 8113 8030 7810 7984 7716 7982 7013 7510 8070 7987 7895 8033 7968 8444 7607 8195 8281 8262 8159 8007 8724 7354 7913 8012 8104 7981 7872 8222 8235 8090 7519 8056 8272 8043 7890 8213 7814 8427 8544 7937 7955 8491 7647 7692 8281 8040 7990 7869 7499 7672 8436 8321 7940 7808 7917 7615 7822 7484 7696 7970 7939 8258 8006 7947 7917 8411 8621 8096 7961 7811 7775 7843 8241 8019 8492 8218 8617 7605 7998 8269 7761 8409 8233 8280 7933 8232 7761 8149 7151 8418 8197 7889 8066 7912 7959 8082 7779 8188 8119 8419 8076 7849 8137 8099 8057 8316 8035 8186 8095 8195 8243 8149 8172 7647 8470 7884 7909 8223 8194 8148 8328 8283 7858 7850 8730 8027 7915 7667 7712 8251 8081 7476 8536 8394 7906 8117 8397 8312 8197 8010 8378 7830 7929 8268 7952 7668 8236 8256 8381 7543 8403 8413 7785 8008 8581 8050 7875 8018 7791 7710 7993 8262 8402 7949 8033 8107 7585 8419 7600 8348 8495 7745 7764 8324 8059 7559 8050 7404 8216 8359 8095 8206 7649 8373 8009 8709 8114 8098 7839 8450 7733 8444 8374 8128 8090 7990 7657 7784 7779 7648 8083 
7757 7850 7635 7956 8168 7981 8551 7544 7904 8058 8578 8430 7638 7797 7939 7961 8004 8306 8152 8323 8037 7966 7833 8194 8212 8174 8153 7738 8239 7953 7598 7918 7757 8558 7846 8216 8564 8362 8498 7641 8713 8508 7770 8414 7907 8884 8560 7947 7786 8532 8019 8024 8130 7901 7487 8508 7802 8090 8238 8321 8002 8285 7792 8050 7785 8461 8617 8136 8333 8559 7964 7575 8221 8025 8266 7894 7602 8073 8361 7927 8547 8126 8339 8489 7671 8173 7984 8186 8225 8677 7556 7452 8527 8115 8709 8124 7563 8446 8598 7863 8374 7858 8493 7829 8215 7974 7963 7764 7969 8068 8018 8155 8298 7900 7783 8591 7905 8078 8478 8105 8120 8180 8187 8345 8322 7899 8636 8032 8282 8539 7935 8339 7649 7496 8291 7749 7704 8435 8264 8156 8066 7744 8331 8132 8023 7751 8348 8063 7504 7854 7957 8029 7575 8015 7722 8228 8556 8422 7507 8492 7811 8355 8277 8441 8097 7957 7468 7971 8024 7952 7328 7819 7610 8353 8478 8623 8359 8313 7830 8082 8115 8118 8037 8001 7624 8112 8288 7792 8021 8052 7820 8296 8224 7872 8562 7677 8038 7485 7408 8346 8036 7839 7940 7455 8193 7675 7721 8360 8287 7976 7972 8419 8645 7974 8377 8427 8736 8623 8137 8352 7724 8009 8205 8001 8301 7912 7874 8284 8311 7768 7970 8492 8018 8107 8006 7955 8432 8593 7896 7992 8390 8063 7771 8631 8638 8232 7677 7715 7703 8355 8271 8046 7950 7992 8154 7807 7587 8096 7898 7964 8306 8263 8344 7746 8586 9014 8169 8228 8219 8134 8027 7795 8383 8584 8384 8435 7731 7883 8189 7858 8641 8188 8035 8126 8028 8274 8278 7432 8265 8451 7999 8029 7747 8406 8089 7820 7996 8098 8559 8055 7663 7804 8298 8005 7953 7932 8062 8656 8144 7913 8214 7994 7779 8572 8140 7850 8026 8101 8250 8362 8485 8231 8151 8762 7908 7998 7904 7467 8021 8307 7529 8274 8147 8044 8120 8449 8503 7910 8204 8540 7940 7740 8264 7819 8021 8339 8050 8061 7576 8517 8250 7854 8111 8539 7917 7947 8457 7889 7871 8055 8335 8228 8068 8095 8419 8061 8682 7920 7945 8602 8167 7987 8177 7878 7953 7777 7655 8353 8061 8134 8031 8135 8538 8078 8749 8204 8160 7870 8325 8143 8209 7890 8384 8689 8268 7886 7926 7992 7880 8514 
7585 7650 7355 7622 7923 7526 8355 7560 7929 7806 8055 7777 8016 7577 7689 7903 7467 8348 8275 7421 7937 7753 7711 7622 7713 7511 7681 7597 8017 8125 7285 7501 7360 7857 7528 7873 8038 7812 8235 7413 7898 8149 7749 7897 7847 8429 8090 7455 7712 7952 7520 7729 7923 7844 7452 8059 7779 7972 7961 7871 7921 7824 7530 7890 7563 8226 8466 7798 8093 7886 7592 7770 7997 7711 8013 7796 7144 7840 7960 8022 8298 7774 7847 8249 7360 7893 7531 7943 8222 8293 7538 7205 7966 7739 8459 7777 7658 7672 7882 7953 7944 7743 8301 7479 7711 7860 7531 7663 8074 8108 7816 8306 8036 7487 7385 8332 7490 7754 8232 7711 8009 8012 7803 7809 7862 7730 7995 7871 8126 8135 7956 7784 7154 7276 8125 7991 7229 8013 7709 7872 7812 7222 7868 7970 7796 7522 8062 7793 7245 7331 7528 7773 7527 7612 7366 8008 7769 7899 7565 8223 7671 7995 8271 8169 8017 7671 7369 7323 7682 7373 7105 7674 7351 7931 7624 8186 8310 7975 7777 7816 7621 7700 7513 7571 7592 8014 8052 7383 7540 7880 7864 8142 8078 7633 8430 7603 8018 7240 7400 8075 8087 6951 7750 7525 7810 7231 7402 7800 7887 7758 7871 8019 8498 7805 8378 8169 8049 8146 7708 8383 7601 7517 7923 8070 7942 7531 7542 8168 8030 7560 7555 8258 8145 7681 7574 7830 8058 7956 7909 8153 8065 7687 7364 7954 8110 7566 7274 7716 7563 8375 7907 8003 7589 7839 7826 7710 7587 7750 7778 7745 8172 8085 8106 7648 8051 8269 7938 7776 7754 7952 7985 7928 7914 8001 7867 8228 7474 7555 7927 7316 8262 7830 7761 7661 7926 8151 7746 7027 8231 7969 7652 7987 7444 7578 7948 7192 7524 7853 8268 7726 7679 7710 8017 8083 7811 7553 8134 8246 8030 7920 7849 8151 7687 8106 7764 7360 7909 8062 7990 7863 7785 7878 8009 8738 8043 7676 7660 7431 7502 8014 7275 7875 8010 8100 7751 8011 8107 7720 8009 8000 7335 7220 7990 7752 7811 8249 8084 8108 7343 8243 8124 7625 7691 8302 8090 7882 7960 7687 7495 8059 7896 8370 8044 8091 8173 8034 8401 7706 7849 8050 7845 7964 7853 8083 7433 7628 7309 8136 8419 8007 7948 7751 8128 7783 8335 7588 8048 7832 7910 7917 7882 7875 8159 7924 7975 7572 7666 7556 7569 7708 
7462 7825 7228 7745 7862 7710 8150 7482 7987 7391 8042 7727 7682 7254 7587 7737 7544 8151 7737 7535 7601 7600 7530 7436 7797 7861 7556 7330 7677 7414 7392 7833 7495 7994 7560 7797 7981 7585 7899 7255 8293 8188 7697 7522 7419 8366 8375 7323 7241 7881 7759 7716 7686 7702 7514 8215 7509 8024 7972 8042 7996 7963 7485 7570 7662 7851 8427 7887 8093 7605 7424 7594 8048 7326 7550 7632 7258 7799 8036 7502 8381 7670 7744 8181 7341 7632 7986 7752 8165 8238 6934 7460 7650 8175 8104 7567 7355 8206 7614 7581 7624 7919 8315 8001 7871 7548 7271 7612 7804 7760 7801 7907 7816 7593 7599 8017 7481 7615 7954 7567 7605 7848 7679 7657 8077 7678 8080 7700 7712 7921 7530 8029 7437 6948 7967 7871 7555 7753 7961 7491 7833 7441 7800 7930 7461 7440 7978 7604 7248 7875 8101 7382 7245 7538 7083 7689 7983 7893 7268 7868 7548 7802 7965 7957 7864 7630 7236 7486 7796 7593 7228 7148 7432 8176 7795 8171 8142 7743 7486 7706 7924 7885 7648 7441 7403 7878 7820 7659 7547 7957 7950 7602 7799 7383 8270 7329 7570 7670 6940 7964 7527 7565 7715 7348 7763 6936 7182 7962 7828 7766 8014 7633 8162 7583 8069 7662 8024 7812 7760 8372 7608 7698 7945 8080 8099 7604 7509 7909 7758 7494 7797 8044 7916 7708 7640 7523 7983 7903 7616 7737 7963 7599 7774 8509 7940 7544 7256 7259 7413 7676 7824 7877 7413 7585 7613 7588 7340 7493 7669 7823 8230 8152 7724 7356 8075 8647 7719 7656 7676 7638 7532 7603 7934 7709 8236 8237 7309 7584 8046 7477 8070 7866 8238 7996 7824 7870 8133 7335 8429 8048 7606 7591 7652 7711 7709 7332 7424 8079 8134 7907 7360 7909 7602 7935 7717 7698 7505 8331 8138 8057 7647 7863 7420 8123 7667 7333 7731 7895 8005 8059 8002 7911 7862 8357 7658 7984 7306 7172 7755 7945 7340 8010 8021 7858 8095 7678 8006 7659 7781 7878 7363 7600 7973 7398 7368 8106 7923 8038 7618 7924 8003 7540 7633 8446 7514 7985 7819 7478 7372 7888 8160 7870 7683 7629 7748 7675 8352 7511 7857 8334 7633 7540 7585 7663 7134 7751 6856 8019 7763 7849 7262 7514 8188 7960 8394 7795 7886 7502 8035 7752 7975 8399 7848 8049 7759 7229 7355 7399 7367 7695 
8099 8000 7568 8022 8268 7761 8365 7789 8358 8181 8557 8079 8085 7628 8003 8405 7987 8972 8240 7932 8610 7902 7899 8042 8145 8301 8046 7858 8388 8338 7865 7993 8186 8550 8053 8208 8749 8379 8588 7701 8609 8310 8084 8072 8103 8528 8745 8076 7840 8410 8205 8259 8115 8389 7884 8284 8251 8361 8243 8365 8389 8442 7982 8134 7978 8271 8939 8300 8502 8095 8001 7844 8077 8389 8664 8023 7746 7933 7920 8244 8679 8338 8410 8552 7636 8165 8141 8478 8499 8285 7449 7810 8178 8408 8727 8121 7589 8474 8452 8292 8236 8322 8508 8382 8148 7923 7939 7776 8233 8021 8238 8555 8092 7934 8037 8374 8001 8064 8213 7597 8339 8335 7932 8284 8454 7611 8559 8328 8179 8384 8128 8266 7917 7546 8558 8399 7977 8479 8374 7980 8247 7957 8454 8441 8081 8037 8492 7905 7527 7941 8164 8165 7618 8183 7351 8145 8441 8091 7659 8575 8156 8140 8522 8511 8362 8016 7481 7973 8212 7951 7662 7826 7638 8373 8139 8440 8757 8269 8152 7963 8186 7955 7926 7936 7940 8041 8495 8030 7943 8244 8288 7916 8633 8158 8734 7853 8245 7597 7504 8178 8108 7964 8252 7912 8024 7301 7732 8138 8258 7960 8470 8454 8474 8186 8527 8400 8332 8535 8076 8899 7731 8073 8367 8275 8200 7956 8569 8966 8602 7991 7844 8512 8318 8751 8233 8239 8422 8675 8161 8347 8691 7989 7730 8548 8971 8144 7623 7768 7806 8596 8387 8400 8079 8262 8139 7666 7911 7743 7918 8234 8681 8347 8149 8241 8479 8947 8360 8065 8109 8100 8233 7997 8394 8235 8264 8812 8122 7772 8537 7783 8561 8681 8580 8522 8241 8029 8179 7410 8847 8539 8063 8231 7943 8271 8295 7940 8620 8200 8496 7823 7972 8331 8201 8296 8226 8215 8437 8279 8264 8428 8382 8420 8152 8541 8457 7986 8266 8263 8231 8193 8306 8316 8453 9106 8117 8099 8135 7609 8454 8349 7981 8127 8376 8354 8327 8345 8018 8145 8233 8654 8095 8120 8545 8242 8153 8030 8211 8627 7634 8334 8556 8043 7679 8955 8192 8380 7781 7954 7822 8302 8601 8520 8214 8299 8500 8063 8842 7972 8183 8565 8044 7841 8194 8515 8048 8066 7691 8202 8484 8147 8361 8328 8821 8273 9169 8251 8435 8218 8585 7913 8617 8343 8513 8446 8561 8114 8033 8173 7930 7904 
7832 7867 7824 7673 8391 8406 8230 7586 8160 7981 8284 8070 8147 7714 7965 7925 7663 8791 8044 7997 8013 7913 7751 7985 7938 7839 7819 7565 7935 8310 7604 7778 7807 8210 7823 8292 8357 7916 8596 7860 8559 8207 8102 8167 7934 8664 8455 7657 7861 8218 7978 8186 8361 7709 7782 8191 7795 8391 8271 8158 8332 8435 7858 8266 7806 8482 8330 7891 8208 7757 7881 7902 8062 7712 8072 7857 7211 8033 7893 8164 8688 8223 8054 8492 7942 7736 7806 8231 8515 8476 7671 7849 8024 8295 8218 7690 7411 8042 8356 7588 7937 8132 8734 7886 7976 7932 7859 7589 7895 8516 8023 8303 7921 7881 8019 8451 7654 7697 8215 7601 8015 8126 8038 8026 8189 7675 8252 7865 7723 8492 8012 8470 7558 7400 8225 8160 7704 8184 8068 8066 8006 8150 7840 8236 8024 7764 8288 7634 7261 7537 7803 7794 7647 7594 7506 8009 8245 8001 7321 8383 7592 8152 8132 8121 8443 7831 7230 7869 7985 7609 7445 7747 7436 8233 8007 8359 8395 7915 7974 8094 7912 7866 7863 7766 7662 8254 8257 7810 7418 7963 8109 8370 7952 7900 8445 7295 7968 7375 7285 8330 7957 7880 7847 7255 7706 7192 7237 8230 8163 8080 7964 7952 8757 7678 8406 8422 8089 8243 8250 8375 7487 7796 8296 7950 8177 7750 8206 8358 8079 7602 7570 8212 8229 8323 7889 7666 8162 8251 8041 8034 7960 7777 7783 8291 8268 7731 8061 7797 7570 8642 8140 8160 7820 7859 8030 7894 7647 7631 8026 8055 8359 8526 8037 7934 8449 8759 8363 7988 7701 7795 8116 7850 8326 8189 8386 8454 7889 8013 7889 7877 8413 8069 8033 8065 8009 7975 8165 7524 8385 8149 7712 7745 7609 7707 7851 8025 8036 8086 8407 8062 7847 7834 7741 8075 8493 7577 8425 8335 8231 8211 8144 8195 7643 8558 7811 7923 8014 8134 7987 8132 8160 8288 7975 8795 8269 7719 8014 7165 7747 8095 7927 8334 8298 8335 8040 8080 8141 8294 8017 8215 7742 7584 8243 8022 7354 8370 8212 8106 7694 8517 8411 7671 7846 8535 7914 8017 7989 7753 7778 7942 8048 8359 7991 8145 8169 7604 8446 7946 7748 8425 7810 7755 8309 8465 7500 7454 7411 8138 8435 8121 8298 7381 8247 8365 8577 8270 7677 7617 8344 7969 8629 8261 8554 8350 8102 8064 7772 7649 8132 8151 
8132 8315 8027 8222 8209 8479 8982 7995 8424 8448 8865 8647 8562 7900 8067 8250 8307 8643 8181 8483 8272 8122 8490 8121 8287 8587 8208 8074 8219 8276 7906 8254 8004 8538 8305 8489 8636 8313 8361 7905 8556 8718 8004 8196 8146 9213 8665 8230 8300 8715 8031 8554 8466 8202 8110 8623 8014 8521 8616 8372 8474 8500 8290 8324 7993 8750 8961 8036 8610 8543 8162 8087 8458 7975 8342 8199 7969 8156 8463 8420 8839 8566 8311 8909 7675 8284 8278 8629 8871 8800 7659 7848 8724 8488 8971 8133 7833 8657 8584 8332 8294 8661 8562 8307 8138 8419 8009 8064 8577 8257 8252 8533 8379 8210 8107 8499 8190 8022 8621 7849 8449 8584 8642 8160 8574 8175 8673 8415 8638 8589 8315 8548 7920 7593 8544 8619 8014 8523 8321 8504 8309 8232 8349 8579 8254 8302 8414 8295 7795 8155 8503 8235 8073 8085 7945 8162 8707 8310 7776 8357 8117 8311 8779 8845 8379 8073 7843 7615 8171 7891 7744 8260 7737 8862 8303 8631 8496 8570 8201 8231 8119 8218 8232 8029 8009 8441 8607 7964 7543 8337 8367 8269 8528 8396 8670 7727 8471 7949 7510 8503 8176 8128 8290 7835 7895 7501 7843 8480 8255 8325 8364 8251 9065 8008 8706 8461 8931 8526 8208 8799 7628 8099 8316 8905 8494 8033 8316 8610 8489 8008 8006 8347 8526 8845 8197 8167 8653 8687 8124 8019 8492 8335 8133 8379 8422 8077 8064 8015 7853 8621 8339 8494 7874 8189 8410 8110 7643 8084 8468 8766 8877 8674 8226 8107 8746 9139 8196 8219 8175 8312 8110 8066 8594 8521 8111 8702 8214 7958 8424 7974 8783 8547 8680 8441 8626 8566 8773 7928 8723 8442 8202 8240 8158 8034 8425 7833 8005 8384 8444 8136 8079 8109 8556 8339 8428 8437 8538 9092 8751 8447 8177 8374 7721 8699 8474 7988 8358 8037 8199 8651 8609 8400 7929 9485 8310 8366 7899 8118 8258 8250 8262 8634 8498 8421 8419 8236 8628 8218 7976 8544 8046 7935 8339 8215 8210 8816 8330 8705 8123 8691 8570 8006 8150 8837 8501 8275 8158 8294 7896 8652 8865 8539 8453 8455 8384 8221 8994 8257 8433 8768 8007 7701 8420 8367 8308 7968 7840 8439 8676 8461 8069 8211 9019 7939 9221 8557 8546 8304 8681 8158 8673 8490 8436 8578 8815 8146 8307 8144 8162 8638 
7792 8244 7863 8215 8337 8404 8684 7780 8333 8329 8546 8240 8072 7632 8412 8037 8061 8776 8376 8132 8037 8088 7932 8173 8087 8233 7889 7730 7965 7889 8095 8192 7893 8351 8250 8307 8338 8539 8654 7942 8554 8680 7897 8079 8179 9058 8840 7906 7927 8547 8490 8325 8371 8073 8140 8727 8177 8502 8773 8752 8439 8534 7834 8088 8010 8608 8676 8270 8409 8543 8130 8082 8315 8105 8280 8291 7559 8261 8168 8558 8637 8009 8425 8938 7778 8398 8324 8856 8718 8720 7809 7854 8338 8510 8933 8005 7598 8213 8490 7954 8169 8431 8682 8553 8192 8065 7929 8009 8421 8460 8521 8433 8111 7919 7784 8754 8058 8057 8475 7807 8036 8437 8597 8545 8309 8031 8789 8478 8517 8522 8266 8386 7854 7660 8624 8389 7786 8567 8237 8249 8460 7838 8339 8356 8066 8073 8591 8231 7991 7702 8365 8420 8316 8032 8243 7923 8296 8331 7605 8427 7845 8471 8379 8679 8511 8069 7506 8484 8506 7878 7744 8170 7590 8534 8280 8418 8704 8305 8245 8169 8378 8082 8265 7963 7791 8477 8341 7738 8030 8020 8407 8749 8795 8061 8690 7671 8460 7930 7842 8662 8115 8256 7876 7574 8098 7616 8003 8161 8246 8153 8461 8424 8858 8076 8839 8314 8643 8334 8271 8933 7816 8242 8403 8392 8208 8049 8312 8794 8310 7962 8260 8309 8593 8560 8283 7971 8435 8463 8066 8285 8705 8196 8178 8860 8484 8227 8143 8239 7762 8763 8198 8103 8047 8317 8093 8162 7869 7873 8353 8158 8706 8400 8452 8257 8496 9207 8338 8095 8019 8045 8054 8431 8294 8472 8424 8818 8066 8152 8309 7644 8525 8785 8437 8561 8607 8209 8357 7862 8441 8184 8056 8231 8112 8346 8010 7926 8404 8344 8568 8099 7966 8101 8582 8520 8316 7988 8503 8319 8512 8516 8265 8387 7734 8618 8186 8019 7936 8429 8412 8439 8567 8506 8480 9305 8488 8206 7721 7796 8040 8207 7840 8592 8098 8523 8406 8527 8283 8376 8411 8848 7809 8002 8131 7976 8133 8520 8270 8580 8082 8652 8463 7883 8173 8870 8312 8171 8287 7916 8159 8078 8606 8431 8104 8469 8324 8057 8832 8147 8428 8344 8462 8115 8480 8133 7985 7802 7673 8265 8753 8712 8439 8312 8540 8409 8629 8182 8105 7905 8503 8275 8628 8317 8559 8585 8543 8125 7787 8126 8111 8240 
7966 7766 7681 7963 8331 8274 8240 7640 8187 8125 8545 8104 8171 7767 8039 8482 7907 8709 8188 8415 8113 8102 7543 8178 8217 7830 7884 7957 8020 8382 7538 7772 7910 8339 7985 8440 8141 7916 8546 7795 8515 8297 8035 7865 8085 8598 8457 7780 7763 8092 8221 8080 8054 8238 7720 8471 8022 8393 8359 8942 8266 8304 8007 7983 7806 8507 8303 8018 8452 8640 8012 7804 8335 7917 8381 8042 7757 8210 8275 8160 8847 8527 8092 8681 7575 8014 7902 8248 8259 8756 7599 7671 8113 8515 8669 7693 7724 8324 8603 8085 7874 8206 8597 8105 8392 8094 8228 7696 8192 8295 8129 8264 8261 7730 8112 8724 8020 7957 8658 7902 8156 8271 8300 8032 8000 7483 8545 8034 7988 8858 7811 8430 7525 7379 8461 8313 7427 8431 7879 8118 8246 8074 7957 8379 8318 7857 8516 7958 7853 7823 8012 8535 7924 7781 8216 8173 8331 8458 7336 8218 8317 8330 8108 8295 8365 7989 7728 7943 8143 8208 7651 8019 7942 8679 8438 8544 8461 8334 7950 7754 8291 8038 8030 8015 7810 8222 8312 7719 7869 8592 8329 8537 8054 7907 8639 7668 8084 7653 7650 8128 8231 7990 8430 7097 7618 7563 7642 8340 8265 7951 8236 8038 8451 8005 9137 8374 8344 8636 8460 8848 7677 8069 8251 8302 8665 8043 8329 8878 8288 8156 8150 8336 8585 8696 7911 8074 8726 8643 7768 7954 8529 7878 7987 8703 8243 7920 8017 7888 7885 8200 8462 8177 7934 8045 7941 8159 7889 7694 7862 8243 8721 8309 8355 8180 8953 8866 8390 8028 8001 8072 8015 7923 8263 8374 8320 8698 7796 7848 7973 7827 8499 8352 8414 8145 8115 8272 8305 7502 8100 8386 7969 8141 7822 8058 8119 7649 8238 8188 8660 8447 7445 8102 8275 8352 8227 7877 8633 8426 8363 8255 8363 8341 8050 8664 7852 8287 7869 8394 8181 8087 8464 8444 8091 8855 8118 8128 7769 7832 7783 8296 7681 8296 8090 8165 8133 8107 8238 8490 8262 8553 7746 8122 8255 8170 7861 8614 8216 8072 7811 8642 8442 7940 7986 8746 7851 8108 8382 7999 7883 8466 8666 8086 8631 8235 8189 7936 8671 8233 8367 8393 8297 8007 8237 8339 7999 8030 7832 8263 8554 8290 8280 7897 8487 8225 9061 7743 8235 8028 8542 8189 8431 8333 8273 8817 8489 7980 8179 7961 8079 8550 
7871 8231 7972 8147 8257 7909 8757 7792 8709 8585 8794 8347 8202 7767 8049 8275 8075 9067 8651 8450 8241 8288 7917 8115 8275 8237 8288 7904 8602 8086 7965 8129 8285 8873 7442 8507 8568 8040 8764 8144 8781 8541 8192 8008 8199 8934 8913 7969 7919 8506 8312 8306 8530 8085 8013 8504 8407 8228 8499 8403 8561 8709 7926 8080 7953 8334 8906 8035 8437 8470 8263 7780 8467 8340 8284 8384 7645 8504 8415 8305 9086 8122 8465 8610 7915 8292 8256 8304 8738 9070 7564 7766 8374 8584 8616 8300 7599 8513 8639 8333 8442 8396 8987 8835 8246 8219 8172 7927 8582 8239 8301 8320 8319 7901 7898 8757 7896 8001 8267 8096 8291 8729 7959 8403 8441 8040 8738 8432 8568 8432 8497 8625 8218 7847 8508 8460 7838 8539 8665 8554 8305 7989 8260 8516 8260 8239 8865 8039 7596 8120 8077 8599 8094 8312 7819 8675 8570 8265 8073 8912 8119 8620 8431 8475 8518 8088 7539 7740 8328 8031 7627 8273 7482 8692 8151 8646 8702 8452 8005 8113 8490 8352 8268 8509 7775 8342 7887 8077 7926 8534 8416 8130 8569 8272 8851 7790 8348 7945 7805 8347 8233 8053 8459 7679 8224 7631 7808 8275 8374 8055 8373 8249 8846 8103 8531 8145 8540 8671 8478 8776 7834 8088 8364 8383 8377 8063 8609 8785 8541 7918 8062 8834 8258 8651 8058 8042 8562 8502 8078 8369 8697 8301 8314 8711 8505 8037 7828 8020 7535 8789 8307 8504 8077 8528 8556 7942 8138 7811 8304 8361 8991 8224 8749 8023 9054 9249 8324 8338 8090 8093 8646 8182 8252 8720 8406 9108 8063 8249 8321 7994 8461 8404 8115 8271 8562 8224 8414 7712 9007 8389 7811 7987 8129 8328 8390 7950 8259 8356 8923 8341 7992 7914 8440 8558 8454 8282 8308 8675 8472 8455 8377 8362 7870 8544 8435 7851 8195 8561 8497 8580 8710 8273 8462 8879 8449 8363 8200 7970 8430 8297 8063 8517 8389 8168 8159 8454 8366 8132 8198 8943 7979 7850 8717 8380 8043 8488 8628 8709 7864 8771 8502 8019 8121 9062 7990 8064 8478 7945 8145 8510 8758 8555 8471 8357 8701 8016 9194 8513 8424 8553 8098 8324 8456 8467 7927 8228 7801 8682 8587 8429 8252 8016 8561 8575 8792 8325 8546 7925 8749 8121 8354 8370 8577 9029 8312 8162 8388 8065 8136 8754 
7711 7775 7797 7449 7877 7663 8185 7400 8164 8095 8481 7795 7678 7581 7553 7956 7674 8461 7962 7869 7835 7851 7875 7461 8035 8104 7775 7650 7792 7571 7559 7681 7524 8492 7465 8130 8050 7934 8352 7536 8146 7727 7771 8022 7922 8333 8449 7244 7527 8030 7743 7909 8019 7779 7695 8141 7485 7788 8063 8281 8021 8086 7387 7648 7751 7735 8199 7903 8370 8047 7609 7510 7902 7548 7832 7887 7275 7593 7799 8129 8233 7761 7705 8293 7696 7523 8032 8226 8009 8357 7183 7261 8056 8130 8371 7769 7032 8230 8204 7874 7748 8053 8033 7741 7858 7625 7860 7938 7967 7867 8121 7942 8047 7681 7562 8315 7465 7887 8215 7605 7416 8215 7840 7603 7917 7297 8486 7695 7791 8302 7863 7986 7589 7312 8211 8299 7270 7856 8170 7801 8168 7761 7819 7988 8121 7507 8244 7509 7588 7419 7926 7888 7750 7734 7322 8022 8127 7981 7467 7988 7845 8185 7855 8154 7943 7690 7231 7569 7718 7635 7200 8013 7211 8027 7686 8121 8350 8163 7772 7809 7802 7850 7550 7496 7427 7770 7880 7656 7647 7837 8072 8250 8051 7501 8419 7136 7892 7520 7192 8039 7732 7851 7846 7517 7539 6993 7454 7579 8061 7397 8070 8231 8194 8084 7923 8138 8196 8260 8290 8387 7318 7865 7927 7808 8040 7549 7765 8581 8045 7413 7657 8440 8107 8122 7759 7689 7744 8222 7389 7905 8022 7764 7669 8468 8135 7891 7426 7501 7344 8259 7955 7940 7633 7773 7754 7692 7191 7694 7613 7664 8605 7895 8074 7813 8403 8677 7676 7949 7640 7617 7964 7963 8205 8128 7990 8509 7670 7716 7818 7683 7979 7930 7808 8361 7745 7711 8029 7195 8004 7893 7762 7655 8094 7734 8237 7587 8169 7944 8025 7552 7559 7617 7745 7878 7865 7875 8157 8124 7831 7981 7855 8087 7797 8402 7755 7646 7948 7939 8005 8189 8260 7841 8215 8740 7746 7753 7870 7292 7830 8000 7466 8333 7832 7769 7966 8110 8013 7997 7773 8276 7766 7410 7906 7610 7555 8346 7688 8011 6926 8112 8144 7544 8007 8425 7684 8042 8191 7644 7466 7950 8101 8131 7748 8010 8198 7636 8256 7883 7872 8155 7616 7695 7960 7971 7499 7762 7015 7989 8187 7738 8093 7763 8262 8019 8412 7992 8090 7692 8355 7786 8140 7683 8112 8268 8249 7573 8080 7742 7611 7945 
8309 8273 8002 8291 8341 8246 8845 7986 8623 8489 9164 8485 8172 8165 8019 8555 8299 9372 8329 8324 8686 8534 8237 8565 8561 8490 7951 8168 8677 8624 8227 8478 8261 9151 8313 8579 8872 8663 8679 8384 9040 8879 8416 8410 8070 9229 9198 8151 8242 8745 8454 8524 8310 8050 8284 8696 8338 8728 8390 8789 8662 8446 8144 8285 8180 8296 9104 8159 8549 8553 8406 8273 8887 8232 8475 8245 8064 8424 8535 8731 9179 8288 8658 9026 7662 8580 8411 8676 9046 8897 7897 8337 8471 8599 9183 8030 7824 8817 8988 8451 8438 8678 8820 8909 8839 8453 8421 8158 8466 8303 8348 8521 8703 8401 8263 8924 8298 8328 8772 8358 8397 8718 8520 8533 8922 8209 8953 8523 8457 9273 8209 8763 8043 7612 8764 8832 8383 8646 8940 8153 8500 8091 8501 8719 8551 8450 8845 8321 7886 8107 8753 8520 8312 8462 8111 8470 8932 8454 7978 8551 8356 8767 8884 9005 8571 8225 7813 8242 8279 7943 8016 8386 7649 8681 8757 8724 8695 8933 8238 8713 8229 8249 8195 8091 8240 8572 8497 8396 7884 8680 8947 8553 8562 8359 8926 7919 8777 8255 7832 8644 8557 8240 8231 8203 8366 7693 8185 8800 8508 8450 8649 8406 9413 8262 8917 8622 8903 8762 8427 8900 8208 8592 8663 8518 8554 8254 8653 8920 9059 8263 8363 9070 8385 8856 8535 8418 8540 8983 8551 8646 8986 8421 8242 8894 8904 8517 7846 8103 8002 8958 8314 8538 8202 8504 8432 8227 8131 8504 8581 8372 9177 8931 8705 8215 9019 9381 8668 8370 8494 8440 8497 8260 8628 8875 8798 9157 8317 8259 8750 8047 8792 8316 8855 8804 8641 8316 8593 7770 8994 8859 8458 8268 8248 8504 8511 8518 8358 8511 8992 8575 8154 8744 8508 8308 8529 8417 8946 9079 8830 8424 8401 8693 8130 9029 8477 7999 8444 8475 8721 8352 8818 8669 8714 9280 8489 8639 8171 7674 8582 8205 7852 8605 8858 8733 8364 8566 8650 8339 8718 8729 8064 8074 8487 8562 8118 8942 8828 8956 7910 8978 8756 8517 8189 9067 8535 8666 8756 8501 8012 8805 9029 8814 8617 8810 8763 8327 8882 8232 8379 8742 8552 8091 8583 8540 8290 8188 7854 8856 8506 8669 8405 8122 9170 8384 9175 8500 8457 8222 8964 8434 8765 8715 8679 8903 8486 8315 8034 8428 8287 8652 
7728 7659 7585 7503 8159 7886 8551 7498 8311 8226 8332 8002 8020 7685 7857 7992 7949 8719 7982 8118 8164 7868 7888 7810 7943 8178 7689 7507 7684 7833 7752 7659 7729 8160 7835 8246 8322 7886 8281 7806 8499 7962 7627 8103 7830 8667 8330 7735 8028 8092 7828 7961 8338 8023 7578 8181 7791 8396 8218 7977 8000 8274 7511 7909 8030 7975 8449 7550 8071 8022 7712 7709 7912 7739 8303 7926 7464 7946 7968 7842 8461 8127 8084 8662 7515 8079 8043 8325 8397 8260 7659 7655 8074 8012 8539 7773 7560 8082 8043 7995 8118 8149 8426 8118 7663 8196 7652 7440 8344 8140 7829 7972 8017 7602 7388 8441 7713 7795 8156 7831 7711 7943 7879 8269 8189 7849 8380 8001 7985 8726 7931 8242 7645 7102 8300 8261 7629 8418 8202 7775 8023 7576 8230 8288 8166 8115 8200 7987 7560 7393 8181 8100 7894 7754 7744 8062 8187 7836 7521 8035 7536 7868 8522 8321 8150 8132 7293 7440 7894 7582 7599 7928 7410 8237 7939 8356 8424 8192 7819 8098 7724 7919 7590 7768 7543 8251 8047 7707 7538 8106 8209 8180 8179 8003 8694 7574 8058 7794 7279 7838 7923 7764 7968 7508 7726 7508 7545 8131 8052 7912 8192 8180 8649 7465 8748 8118 8412 8530 8217 8664 7825 8076 8089 7915 8140 7565 7976 8504 7973 7728 7622 8304 8135 8311 7903 8400 8160 8339 8026 7922 8389 7674 7835 8360 8243 7694 7945 7898 7524 8463 8052 7505 7428 7885 7974 7983 7925 7848 7921 7940 8711 8369 8275 7774 8423 8892 7976 7865 7665 8092 7885 7742 8183 8388 8158 8422 8098 7600 7945 7787 8300 8578 7799 8312 7706 8318 7940 6985 8281 8418 7962 7737 7528 8109 8255 7723 7994 8005 8543 7960 7432 7836 7976 8065 8212 7717 8046 8358 8604 8243 7816 8369 7524 8258 7985 8013 7946 8228 8193 7992 8460 7800 8064 8800 8156 7948 8176 7763 7790 7572 7400 8085 8030 8419 7938 8064 7930 8152 8194 8182 7635 7546 7884 7724 7976 8120 8271 8147 7276 8379 8098 7833 7745 8670 7641 7866 8206 7294 7578 8065 8418 8165 7928 8157 8247 8053 8399 7904 8114 8420 7858 7849 8262 8135 7947 7479 7650 8275 8499 7983 7921 8057 8530 8063 8405 7720 8055 7484 8231 7951 8307 8313 7976 8156 8066 7524 7635 7787 7741 8098 
8016 8033 8238 8085 8019 8250 8469 7412 8102 8232 8330 8711 8195 7718 7917 8063 8133 8810 8361 7958 8058 8142 8039 7961 8161 8129 8233 7874 8257 8169 7615 8138 7951 8767 7945 8522 8303 8090 8521 8134 8730 8521 8317 8321 7787 8918 9031 7769 7805 8315 8226 8220 8565 8267 7924 8210 7836 8471 8444 8580 8396 8308 8200 8440 7936 8485 8526 7862 8385 8310 8180 7687 8562 8137 8377 8140 7523 8469 8307 8168 8770 8290 8094 8573 7793 8332 8516 8139 8209 8674 7685 7809 8515 8403 8681 8037 7635 8289 8282 7846 8323 8131 8787 8403 8383 7942 7804 7997 8253 8252 8720 8273 8075 8356 8039 8677 7955 7819 8561 8054 8206 8673 8419 8002 8556 7580 8865 8003 8507 8354 8210 8440 8260 7799 8456 8513 7524 8438 8503 8544 8267 7784 8277 8364 8124 8156 8588 8054 7704 7925 8407 8300 7716 7775 7828 8409 8484 8190 7647 8593 8403 8591 8297 8741 8396 8290 7307 7810 8164 7660 7811 8156 7647 8395 8117 8666 8783 8514 8080 8331 8107 7940 8131 7840 7919 8060 8156 7860 7850 8510 8591 8492 8051 8268 8796 7928 8391 7466 7566 8293 8233 8220 8129 7436 8280 7416 7461 8314 8282 7894 8477 8284 8777 7590 9082 8097 8119 8637 8409 8870 7601 8231 8238 8364 8582 7914 8268 8683 8455 7771 8165 8501 8203 8369 8151 8446 8833 8604 8145 8137 8599 7930 8111 8420 8808 8228 7940 8021 7750 8581 8602 8026 7483 8109 8359 7667 7969 7920 8213 8122 8695 8702 8624 8200 8658 8785 7949 8185 7855 7997 8225 8146 8324 8603 8222 9129 7901 7753 8507 7580 8451 8452 8192 8215 8510 8452 8148 7359 8665 8597 7968 7899 8059 8507 8301 7625 8603 8026 8488 8267 7851 8117 8018 8097 8425 7924 8216 8711 8351 8329 8061 8172 8077 8663 8198 8306 8225 7963 8365 8525 8523 8472 8559 8890 7892 7925 8132 7706 8058 8097 7342 8302 8471 8050 8151 8279 8038 8429 7921 8638 7895 7681 8379 8283 7904 8604 8129 8582 7640 8544 8944 7856 8052 9017 8206 8243 8328 7970 8008 8486 8486 8487 8420 8290 8358 7744 8624 8040 8074 8281 8280 8042 8156 8253 7676 7999 7621 8386 8417 8275 8410 7998 8590 8406 9012 8248 8178 7916 8755 8073 8416 7939 8469 8722 8234 8327 7946 7868 8093 8541 
7948 8198 7693 8190 8300 8452 8795 7824 8332 8091 8954 8055 8387 7793 8115 8377 8130 8955 8299 8566 8623 8102 8110 8068 8533 8126 7976 7688 8372 8188 7809 7929 8011 8434 7941 8117 8775 8297 8676 7785 8377 8495 7906 8130 7780 8831 8452 8077 8027 8548 8046 8286 8177 7823 8004 8754 7976 8634 8451 8710 8240 8585 7815 7961 8016 8322 8763 8208 8362 8548 8134 8212 8449 8090 8330 8083 7803 8022 8549 8599 8771 8107 8185 8868 7564 8024 7989 8498 8586 8857 7543 7965 8347 8278 8752 7830 7814 8269 8330 8247 7976 8265 8350 8347 8467 7815 8243 8074 8624 8365 8177 8589 8333 7839 7875 8734 8033 8255 8462 7844 8420 8523 7982 8254 8490 7889 8786 8184 8190 8703 8135 8381 7695 7435 8529 8408 7902 8305 8262 7847 8632 7885 8406 8398 8362 8374 8376 8187 7638 7988 8288 8330 8146 8286 8039 8307 8497 8308 7752 8336 7938 8521 8466 8600 8425 8057 7549 8026 8258 8097 7753 7921 7617 8921 7984 8939 8469 7970 8087 8092 8041 8173 8057 7780 7945 8252 8333 8026 7931 8459 8370 8437 8458 8185 8705 7891 8326 7984 7639 8442 8488 8180 8243 7773 7894 7402 7962 8305 8674 8498 8499 8347 8957 7999 8710 8464 8556 8506 8309 8774 7552 8433 8528 8259 8293 8208 8148 8859 8584 7763 8043 8737 8406 8680 8417 8239 8629 8596 8430 8407 8411 8261 7963 8736 8570 8238 7849 7887 8116 8598 8312 8473 8006 8100 8075 8416 7903 7779 8058 8417 8843 8542 8247 8473 8748 9307 8253 8085 8251 8290 8045 8169 8336 8555 8320 8908 8231 8186 8373 7722 8415 8221 8710 8626 8355 8418 8188 7587 8601 8523 8119 8030 7736 8265 8372 7772 7894 8285 8361 8058 7755 8656 8510 8532 8216 8155 8483 8766 8616 8670 8001 8097 7912 8618 8131 8225 8379 8653 8606 8334 8227 8055 8333 8832 8063 8194 7947 7629 8232 8400 7831 8207 8469 8236 8103 8523 8262 8384 8484 8730 7933 8164 8257 8251 8111 8706 8517 8603 8216 8645 8505 8111 8186 9039 8445 8023 8556 8150 7914 8387 8600 8386 8640 8194 8676 8351 8993 8456 8573 8558 7940 8132 8207 8371 7904 7961 7717 8583 8607 8206 8290 8002 8884 8436 8810 8170 8202 7878 8832 7914 8599 8600 8481 8740 8341 8206 8018 8028 7840 7941 
7942 8251 7838 8433 8521 8393 9119 7807 8668 8785 8601 8243 8432 8198 7957 8409 8226 9079 8275 8437 8579 8316 8356 8138 8315 8431 8317 8240 8640 8216 7857 8018 8374 8890 8202 8707 8875 8261 8842 8208 9237 8386 8369 8429 8387 9324 9030 8066 8160 8641 8591 8272 8545 8329 8250 8514 8199 8348 8375 8616 8453 8546 8097 8385 8131 8608 8917 8169 8377 8322 8114 8112 8499 8279 8406 8218 7703 8379 8411 8282 9305 8496 8392 8586 8051 8136 8268 8545 8733 9079 7547 7933 8581 8749 8628 8152 7642 8547 8449 8356 8288 8565 8865 8579 8413 8374 8191 8010 8520 8460 8551 8587 8308 8069 8241 8587 8146 8312 8039 7849 8333 8603 8265 8095 8561 8348 8628 8384 8452 8532 8281 8824 7822 7516 8883 8371 7941 8906 8430 8569 8374 8330 8565 8467 8163 8091 8408 8225 7691 8106 8616 8361 8038 8288 7802 8578 8644 8355 7765 8607 8017 8603 8724 8678 8610 7989 8000 7861 8214 8060 7717 8323 7600 8644 8158 8776 8753 8937 8061 8377 8399 8333 8160 8119 8134 8586 8537 8170 7815 8332 8325 8384 8213 8429 8909 8015 8289 7880 7762 8550 8026 8536 8072 7804 8112 7732 7965 8484 8762 8144 8527 8346 8859 7504 8626 8394 8610 8381 8619 8988 7687 8159 8611 8406 8459 8251 8622 8659 8624 8126 8398 8939 8601 8719 8429 8294 8295 8990 8259 8517 8671 8249 8129 8893 8419 8429 8234 7923 7819 8757 8466 8692 8224 8370 8429 8095 8008 7915 8228 8423 8886 8780 8574 8241 8903 9123 8322 8205 8344 8069 8499 8439 8562 8718 8634 9029 7971 8094 8416 8099 8701 8385 8630 8473 8475 8239 8720 7586 8546 8427 8093 8258 8124 8371 8496 8099 8484 8305 8523 8401 7789 8327 8373 8728 8277 8058 8293 8893 8492 8607 8585 8444 8327 8840 8261 8314 8577 8028 8593 8665 8577 8297 8416 9168 8327 8239 8149 7786 8503 8698 8198 8692 8716 8458 8286 8318 8501 8370 8211 8558 8302 8080 8553 8436 8159 8869 8411 8434 8009 9007 8599 8223 8366 9178 8237 8273 8374 8382 8456 8346 8753 8543 8481 8514 8839 8074 9296 8347 8289 8649 7929 8143 8290 8648 7951 8153 7889 8612 8528 8302 8274 8215 8657 8429 9367 8464 8401 8396 8735 8258 8762 8594 8500 8526 8558 7997 7961 8128 8303 8678 
8375 8622 8411 8560 8545 8496 8974 8248 8908 8481 9166 8745 8532 8210 8751 8539 8116 9082 8884 8894 8399 8570 8428 8341 8598 8553 8355 8465 8190 8680 8187 8278 8533 8870 8216 8862 8875 8620 9051 8234 9078 8835 8445 8428 8596 9270 9119 8462 8181 9035 8556 8521 9051 8475 8461 8856 8259 8775 9042 8820 8617 8811 8457 8722 8493 9034 9033 8337 8666 8753 8383 8223 8771 8294 8665 8492 8021 8506 9005 8600 9330 8477 8881 9111 8466 8496 8495 8921 9002 9379 8248 8109 8590 8472 9135 8328 7905 8874 8896 8571 8745 8670 8941 8645 8749 8341 8793 8100 8655 8764 8207 8658 8924 7882 8389 9184 8567 8518 8688 8350 8354 8946 8524 8665 8771 8163 9292 8696 8686 8926 8402 8836 8041 7807 9012 8666 8204 8755 8312 8689 8587 8381 8656 8448 8488 8557 8779 8306 8056 8310 8365 8740 8325 8510 8087 8586 9022 8980 7889 8925 8415 8937 9076 9204 8822 8333 8168 8318 8723 8485 8126 8360 7872 9107 8627 8946 8920 8807 8409 8526 8548 8615 8376 8599 8254 8677 8858 8440 8095 8838 8772 9022 8936 8674 9214 8177 8722 8050 8180 8867 8549 8354 8584 7863 8612 7766 7948 8805 8739 8485 9008 8662 9002 8278 9315 8876 8748 9192 8702 8909 7897 8625 8791 8585 8849 8459 8469 9125 9143 8482 8602 8919 8786 8965 8571 8606 9105 9172 8160 8314 8768 8671 8362 9059 8979 8673 8006 8133 8495 8928 8758 8536 8594 8362 8718 8431 8348 8392 8605 8548 8986 8563 8456 8766 9274 9642 8653 8574 8569 8781 8492 8433 8596 8705 8754 8930 8413 8654 8431 8335 9042 8480 8779 8709 8903 8873 8594 8009 8627 8929 8315 8708 8286 8350 8547 8085 8646 8410 8856 8665 8214 8753 8841 8913 8566 8442 8784 9326 8895 9022 8622 8629 8183 8765 8728 8488 8549 8698 9017 8847 8840 8557 8752 9323 8437 8476 8371 8181 8549 8585 8123 8713 8927 8673 8384 8807 8691 8752 8301 9083 8280 8436 8491 8626 8435 8851 8459 8690 8161 8714 8900 8230 8619 9313 8685 8362 8711 8490 8325 8775 8778 8571 8762 8703 8954 8699 9258 8738 8735 8961 8638 8347 8687 9022 8253 8426 7955 8832 8844 8576 8618 8371 8914 8573 9510 8507 8876 8184 8939 8403 9031 8556 9051 9221 8684 8674 8693 8422 8611 8870 
7852 7971 7947 8141 8566 8238 8697 7902 8540 8328 8545 8173 8297 7908 8052 8248 7929 8755 8197 8379 8435 7882 8050 7788 8151 8536 8177 7858 8243 8259 7985 8161 7994 8737 8418 8335 8454 8161 8520 7721 8570 8492 8112 8238 8333 8979 9059 8058 8197 8948 8222 8241 8213 8176 8025 8421 8149 8165 8229 8636 8171 8285 8190 8197 7875 8406 8647 8065 8708 8298 8079 8206 8440 8231 8455 7994 7700 8324 8039 8160 8687 8337 8494 8714 7788 8108 8136 8608 8722 8638 7425 7551 8440 8448 8778 7942 7695 8544 8283 8395 8271 8268 8749 8091 8169 8229 7691 7921 8498 8472 7991 8495 8390 7957 7912 8233 7941 7988 8590 7888 8214 8427 8278 8610 8393 7785 8726 8418 8561 8573 8233 8375 7858 7412 8654 8584 7845 8486 8127 8287 8385 8036 8265 8338 7908 8399 8510 8270 8149 7876 7964 8122 7734 8010 8136 8237 8552 8122 7824 8550 8460 8204 8531 8512 8012 8128 7593 8188 7927 8046 7646 7867 7715 8488 8007 8511 8476 8436 7926 7930 8387 7923 7832 7975 7505 8383 7957 8039 7951 8218 8447 8514 8606 8307 8556 7541 8161 8122 7873 8208 7728 7896 8305 8030 8159 7435 7754 8539 8260 8052 8290 8502 8476 8018 8712 8277 8622 8599 8450 8722 8276 8288 7979 8398 8473 7906 8800 8588 7930 8264 7917 8815 8465 8869 8321 8470 8483 9355 8225 8118 8871 7948 7691 8718 8769 8361 8171 7850 7847 8649 8334 7917 7983 8317 8206 7895 7956 7795 8319 8356 8702 8769 8464 8429 8570 9305 8395 8195 8160 8434 8144 8190 8623 8583 8630 8729 7937 7937 8378 7983 8642 8506 8291 8411 8156 8108 8387 7504 8483 8445 8034 8209 8044 8259 8479 7914 8213 8300 8619 8470 7665 8084 8573 8341 8454 8061 8091 8579 8714 8565 8085 8487 7864 8648 8097 8121 8241 8171 8240 8446 8847 8083 8389 9110 8289 8350 7901 7897 8236 8215 8117 8343 8319 8629 8324 8404 8510 8480 8570 8432 8220 7985 8339 8417 8011 8630 8494 8424 7666 8761 8106 8358 8114 8744 7988 8275 8720 7935 8152 8101 8524 8560 7840 8171 8355 7858 9003 8289 8239 8403 8039 7731 8282 8315 8099 7989 7721 8170 8672 8310 8129 8115 9043 8040 9093 8273 8463 8013 8696 8525 8480 8577 8234 8585 8485 7928 7885 8236 8342 8480 
7961 8550 8095 7768 8643 8493 8808 7798 8497 8210 9091 8324 8259 8141 7994 8644 7858 8906 8680 8518 8250 8220 8207 8153 8616 8650 8163 7924 8803 8323 7887 8299 8454 8749 8477 8544 8818 8436 8848 7916 8936 8444 8379 8532 8279 9268 8860 8538 8075 8829 8151 8491 8503 8201 8151 8604 8300 8275 8521 8879 8411 8566 7995 8249 8320 8513 8605 8259 8476 8478 7945 8136 8787 8066 8646 7954 7856 8362 8337 8464 8818 8446 8546 8793 7825 8281 8172 8686 8860 8931 7640 7637 8532 8542 8948 8374 7771 8448 8467 8570 8441 8377 8851 8404 8577 8366 8240 8219 8305 8466 8298 8662 8485 8155 8172 8908 8079 8245 8511 7751 8384 8556 8439 8447 8466 8090 8879 8441 8615 8824 8351 8766 7866 7361 8732 8605 7806 8533 8237 8288 8275 8029 8415 8543 8556 8320 8555 8279 7881 8089 8389 8370 8305 8428 8083 8525 8431 8130 7706 8531 8115 8427 8789 8397 8523 8334 7853 8033 8176 8408 7825 8128 7943 8534 8299 8830 8662 8283 8124 8252 8514 8463 8066 7682 7867 8668 8745 8299 8079 8732 8507 8849 8486 8219 9079 7931 8418 8127 7534 8469 8428 7915 8180 7759 7807 8018 7902 8467 8803 8292 8614 8228 8845 8029 8853 8491 8540 8744 8544 8664 8075 8461 8597 8669 8434 8345 8379 8736 8973 7693 8249 8662 8684 8708 8457 8177 8499 8661 8656 8480 8745 8308 7986 8907 8588 8422 7559 7924 8088 8738 8328 8336 8062 8220 8348 8353 7910 8351 8286 8500 9060 8662 8456 8224 9176 9176 8557 8266 8299 8437 7985 8107 8412 8484 8737 8651 7939 8440 8443 8058 8837 8372 8681 8617 8688 8604 8460 7678 8576 8787 8328 8336 7940 8276 8549 8169 8316 8434 8801 8323 8099 8382 8571 8570 8692 8274 8275 8829 8353 8238 8349 8484 8014 8628 8345 8124 8188 8376 9082 8597 8610 8422 8505 9012 8232 8625 8212 7743 8257 8700 7882 8753 8548 8495 8255 8398 8604 8288 8184 8736 8266 8033 8441 8169 8375 8746 8580 8759 7858 8744 8959 8228 8417 8812 8517 8354 8706 8347 8075 8615 8875 8430 8275 8636 8792 8469 8655 8165 8610 8736 8367 8186 8505 8164 8112 7990 7826 8790 8961 8358 8155 8161 8955 8482 9032 8594 8944 8227 8671 8049 8349 8486 8694 8603 8500 8348 8335 8320 8075 8452 
7717 8085 7896 7666 7918 7842 8813 7493 8228 8249 8607 8337 7950 7424 7980 8089 8161 8772 8266 8157 8373 8031 7756 7981 8054 8393 7986 7710 8086 8442 7632 8090 7664 8358 7896 8439 8109 8167 8494 7578 8547 8228 7999 8135 7839 8766 8709 7545 7760 8094 8243 8462 8121 8070 8088 8253 7737 8413 8293 8476 8031 8557 8166 8128 7577 8533 8464 7743 8364 8427 8031 8000 8260 7896 8169 7848 7642 8089 8396 8120 8580 8081 8138 8344 7926 7846 7815 8178 8333 8594 7902 7607 8345 7930 8245 7907 7571 8182 8550 8279 8084 8128 8427 8439 8589 7928 7789 7654 8290 8114 8044 8497 8132 8232 7601 8737 7848 7810 8342 7679 8278 8436 8081 7984 8338 7540 8819 8425 8058 8320 7991 8376 7649 7262 8256 8555 7989 8651 8361 7986 7894 7837 8283 8363 8077 8207 8212 7884 7337 7446 7855 7758 7800 7803 7614 8130 8347 8131 7130 8249 7991 8613 8464 8152 8542 8394 7481 7698 8368 7667 7514 7902 7714 7997 8389 8604 8707 8236 8167 7858 8072 7729 7743 7810 7355 8055 8003 7769 8019 8144 8547 8131 8401 8098 8653 7785 7706 7641 7835 8188 7859 7950 7925 7512 7845 7300 7638 7990 8321 7981 8069 8042 8137 7798 8512 8442 8332 8524 8272 8509 7809 8188 8278 8240 8074 7729 8345 8337 8498 7743 7698 8312 8132 8351 8130 8226 8257 8228 8107 7960 8402 8074 8003 8629 8453 8082 7556 7770 7776 8266 8321 8040 7899 7959 7827 7556 7822 7758 7987 8140 8323 8338 8005 8383 8234 8824 7962 8096 7834 8051 8563 8305 8366 8524 7698 8850 8118 7536 8448 7720 8579 8284 8233 8151 8446 8294 8211 7249 8310 8586 7669 8085 7739 8149 8329 7832 7987 7948 8500 8545 7612 7544 7919 8378 8320 7520 8465 8722 8298 8132 7846 8156 7957 8444 8346 7937 8078 7964 8038 8080 8421 8249 8112 8595 8204 8262 8064 7467 8006 8241 7906 8290 8252 8313 8303 8241 8377 7947 7998 8334 8108 8053 7706 8104 7875 8865 8274 8282 7767 8401 8415 7750 7906 8676 7971 8089 8153 8079 8219 8116 8267 8287 8099 8213 8384 7904 8524 7613 8021 8247 7939 7711 8026 8137 7836 8191 7495 8518 8559 7979 8470 8387 8481 7946 8850 8252 7947 7746 8523 7691 8172 8131 8375 8438 8285 7956 8060 8418 7637 8108 
7867 8245 7583 7534 8211 8079 8691 7721 8432 8476 8461 8209 8118 7754 8113 8123 8053 8865 8312 8197 7928 8021 7819 8048 8063 7871 8093 8045 7948 8525 7735 7969 7860 8378 7759 8245 7930 7986 8426 8034 8617 8373 8127 7830 7491 8812 8877 8013 7948 8151 8507 8072 8475 8147 7404 8411 7842 8296 8369 8505 8338 8336 8040 7880 7689 7834 8371 7959 8710 8284 8138 7564 8275 7841 8394 8236 7195 8145 8215 8120 8525 8187 8064 8670 7637 8259 7915 8278 8310 8633 7318 7634 8272 8509 8657 7591 7367 8155 8166 8152 8070 8114 8505 8325 8300 7860 8092 7767 8330 8130 8025 7829 8329 7989 8068 8274 7935 7814 8574 8457 8017 8502 8143 8122 8175 7520 8640 8372 8337 8516 8203 8252 7612 7780 8198 8025 8002 8292 8019 8304 8078 7957 8225 8230 7891 8128 8613 7807 7538 7874 7946 8147 7902 7748 7848 8119 8105 8303 7712 8245 8338 8663 8608 8745 7899 7986 7644 8278 8247 8119 7792 7722 7307 8120 8326 8340 8845 8074 8043 8036 8197 8102 8052 8073 7571 8091 8259 7932 8091 8192 8374 8377 8288 7713 8535 7731 8170 7998 7586 8131 8108 8263 8233 7652 7881 7263 7749 8320 8172 8210 8224 7865 8494 7866 8699 7789 8469 8272 8257 8755 7836 8089 7992 8140 8317 7751 8510 8845 8447 7838 7821 8520 8240 8148 8180 7849 8373 8603 7940 8065 8715 8210 7662 8569 8538 8230 7901 7673 7776 8596 8428 8478 8108 8169 8104 7854 8058 7901 8194 8006 8703 8346 8253 8140 8475 8989 8094 8257 8091 7812 8085 7883 8218 8505 8317 8675 7912 8087 8403 7945 8410 8296 8243 8194 8469 8229 8230 7670 8375 8381 7872 8209 7900 8158 8243 7823 8375 8190 8336 8185 7425 8178 8164 8110 8173 8084 8557 8732 8696 8082 8389 8278 7938 8720 7887 7986 8597 8295 8343 8250 8576 8343 8772 8463 8295 8424 7719 7495 8188 8045 7974 8233 8412 8175 8138 8318 8267 8317 8238 8450 7943 7964 8255 8255 8167 8493 8082 8279 7684 8656 8159 7901 7873 8614 8111 7895 8463 7864 8146 8085 8186 8342 8057 7931 8125 7864 8802 8230 8040 8371 8211 7998 7810 8224 7993 7662 7801 8336 8546 8344 8075 8078 8687 8198 8874 7981 8271 7649 8516 7948 8634 8241 8333 8568 8238 7932 8006 8354 8015 8367 
7978 8130 8043 8350 8979 8512 8654 7745 8410 8265 8815 8478 8297 7993 8104 8320 7994 9048 8369 8392 8328 8252 8034 8212 8232 8503 7785 7856 8695 8460 7986 7941 7962 8524 8435 8545 8818 8434 8688 7933 8925 8683 8188 8716 7982 8740 8892 8121 8109 8737 8552 8451 8573 8262 7900 8794 8329 8486 8565 8658 8410 8603 8287 8535 8175 8644 8695 8275 8593 8837 8153 7926 8707 7805 8614 8448 7863 8214 8769 8242 9112 8310 8193 9026 8005 8278 8504 8490 8583 9172 7867 7924 8681 8667 8842 8056 7759 8667 8656 8381 8163 8589 8765 8466 8479 8185 8356 7877 8372 8647 8524 8796 8611 8163 7905 8769 8262 8022 8644 8154 8171 8501 8386 8500 8495 8095 8857 8450 8440 8990 8247 8844 8097 7684 8801 8354 7933 8409 8350 8752 8252 8393 8684 8517 8033 8330 8631 8310 7931 8166 8123 8087 8029 8181 7757 8625 8763 8385 7644 8327 8093 8597 8703 9061 8552 8110 7558 7856 8440 7828 7652 8286 7824 8375 8471 8618 8778 8362 8282 8208 8345 8237 8014 7976 7949 8073 8403 7865 8334 8275 8525 9105 8634 8359 8638 7820 8661 8091 7599 8676 8415 8048 8443 7890 8303 7790 7940 8468 8489 8146 8449 8590 8731 8427 8847 8526 8426 8708 8464 8724 8189 8419 8351 8371 8563 8261 8438 8767 8826 7727 8318 8691 8670 8687 8155 8047 8416 8676 8222 8433 8654 8316 8261 8651 8336 8372 8166 8284 7914 8456 8509 8450 8313 8044 8132 8427 8400 8105 8500 8516 8626 8745 8552 8297 8591 9230 8395 8613 8353 8454 8508 8426 8468 8678 8350 8829 8364 7993 8683 7839 9118 8706 8665 8444 8423 8421 8486 7765 8711 8474 8175 8064 7894 8460 8372 7993 8290 8262 8788 8468 8208 8261 8696 8570 8838 8350 8374 8932 8707 8705 8380 8431 7933 8621 8478 8104 8511 8532 8572 8382 8768 8572 8605 9306 8314 8467 8083 7745 8217 8580 7900 8504 8429 8513 8526 8336 8623 8370 8385 8742 8197 8175 8333 8364 8192 8380 8533 8797 8120 8857 8608 8018 8168 9074 8744 8251 8718 8086 8317 8241 8450 8369 8350 8653 8576 8215 8916 8075 8076 8364 8446 8489 8073 8648 8352 8021 7985 8751 8806 8399 8504 8151 8733 8172 9053 8124 8514 8243 8355 8288 8964 8512 8477 8847 8590 8648 7941 8356 7987 8569 
7807 8314 7453 7696 8478 7770 8824 7564 8394 8173 8652 8110 7783 7827 8159 7861 7977 8564 7989 8200 8073 8009 8147 8143 8268 8117 8231 7703 8289 8117 7657 7658 7902 8672 7911 8051 8258 8417 8520 7916 8683 8380 8065 8087 8123 8598 8666 7594 7879 8288 8383 8048 8023 7895 7931 8267 8127 8367 8293 8650 8333 8443 7904 8180 7853 8410 8719 8098 8557 8204 8015 8160 8667 7928 8343 8148 7849 8145 8196 8082 8793 7949 8619 8256 7501 8023 8117 8568 8326 8469 7521 7677 8291 8435 8419 7804 7339 8454 8373 7750 8643 8178 8438 8294 8288 8145 7846 8099 8019 8065 8254 8494 7948 8164 7561 8419 7969 7973 8391 7903 8008 8365 8314 7816 8136 7872 8492 8159 7946 8376 8285 8456 7871 7428 8672 8231 8030 8445 8351 8211 8047 7947 8351 8359 8058 8126 8191 7942 7424 7680 8045 8327 7994 8002 7722 8330 8246 8291 7546 8689 7795 8400 8261 8541 8318 7768 7697 7777 8284 7929 7387 7811 7463 8212 7950 8601 8788 8121 7854 8028 8388 8086 8139 8009 7726 8261 8023 7917 7925 8075 8154 8352 8739 8108 8498 7602 8240 7915 7771 8465 7804 7672 8233 7160 8111 7677 7793 7972 8383 8142 8438 8302 8579 8005 8202 8251 8456 8480 8322 8576 7769 8195 8230 8423 8313 7905 8163 8485 8443 8065 8102 8496 8430 8386 7884 7947 8506 8462 8143 8199 8189 8360 8005 8588 8402 8022 7719 7830 7701 8632 8292 8025 8076 7946 8090 7780 7664 7919 8266 8159 8393 8294 8213 7997 8555 9026 8025 8054 8071 8065 8431 8076 8373 8352 8336 8933 7894 7676 8184 7546 8368 8137 8432 8069 8232 8186 8112 7317 8430 8259 7803 7711 8002 8173 7981 7831 8436 8394 8549 8170 7830 7940 8170 8188 8188 7835 8386 8188 8131 8585 8250 8288 8085 8533 8196 7963 8057 8396 8277 8741 8347 8207 8342 9012 8122 7973 8146 7751 7923 8011 7914 8212 8503 8526 8295 8137 8484 8127 8340 8371 7968 7940 8032 8486 8091 8399 8333 8607 7801 8438 8464 8023 7932 8622 7978 8215 8223 8221 7793 8181 8367 8173 8051 8222 8375 7879 8821 8142 7992 8426 7995 8074 7976 7933 7587 8244 7525 8257 8251 8231 8337 8047 8568 8084 9214 8141 8080 7965 8254 8423 8553 8348 8344 8792 8454 7928 8009 7836 7876 8070 
8316 8253 7865 7984 8353 8315 8670 7868 8461 8213 8725 8354 8221 7752 8381 8310 7820 9058 8216 8291 8226 8227 8091 7650 8267 8124 8010 7907 8347 8120 8170 8160 8341 8667 8214 8446 8543 8422 8663 7791 8360 8574 8392 8150 7810 9185 8800 8126 8200 8399 8295 8102 8420 8471 8120 8549 7731 8273 8441 8368 8244 8734 8474 8272 8285 8314 8671 8118 8704 8393 7884 7825 8412 7979 8212 8244 7538 7933 8376 8497 8419 8458 8396 8885 7970 8479 8317 8391 9024 8686 7305 7765 8369 8517 8827 8093 7684 8529 8157 8067 7946 7954 8688 8353 8467 8092 8052 8040 8352 8310 8231 8325 8551 7951 7989 8449 8124 8258 8423 8202 8275 8421 8726 8065 8694 7916 8877 8391 8391 8670 8117 8414 7996 7640 8581 8285 8038 8188 8420 8149 8253 7906 8410 8567 8101 8176 8572 7980 7742 7920 8373 8155 8071 7950 8086 8346 8553 7837 7706 8791 8203 8406 8619 8504 8124 8212 7451 7950 8418 8209 7860 7961 7560 8626 8182 8745 8781 8415 8175 7998 8524 7850 8520 8253 7944 8225 8420 7839 7660 8485 8645 8512 8604 8201 8647 7640 8469 7585 7781 8632 8172 7947 8195 8043 8121 7426 7948 8351 7945 8464 8532 8010 8615 8088 8605 8490 8526 8618 8310 9046 7800 8097 8284 8284 8524 8138 8268 8361 8342 7791 7957 8768 8446 8656 8165 8120 8223 8556 8395 8272 8566 8421 8017 8581 8427 8135 7664 8085 8088 8534 7854 8252 7911 8154 8064 7626 7807 8053 8067 8428 8778 8388 8495 8414 8816 9027 8422 8464 8140 7960 8026 7913 8401 8223 8306 8840 8135 7904 8782 7822 8759 8279 8632 8332 8415 8082 8300 7875 8646 8654 8021 8188 8058 8311 8528 8061 8139 8347 8543 8089 8071 8258 8316 8242 8574 8305 8447 8357 8420 8421 8357 8454 7858 8595 8080 7751 8440 8207 8307 8304 8566 8355 8335 9011 8601 8309 8144 7430 8354 8446 8142 8414 8616 8451 8176 8202 8534 7892 8290 8165 8220 7816 8235 8404 8020 8803 8027 8853 8082 8531 8562 8190 8345 8886 8252 8205 8500 7936 8065 8199 8635 8637 8240 8206 8640 7877 8691 8079 8380 8741 7982 8192 8297 8445 7938 7926 7976 8555 8483 7980 8255 7945 8582 8264 8642 8183 8325 7975 8613 8466 8412 8418 8523 8778 8389 7757 8143 7904 8147 8312 
7906 7826 7821 7610 8065 7864 8365 7493 8311 8135 8206 7876 7924 7511 7876 8081 7824 8892 8312 8001 8298 7968 7898 7647 8214 8056 8110 7696 8086 8170 8023 7712 7958 8297 7796 8292 8339 8204 8560 7881 8387 8408 7811 8177 7814 8633 8757 7927 7993 8230 7949 7836 8394 7934 7764 8257 7852 8080 8040 8092 8295 8110 7848 8166 7852 8567 8725 7753 8454 7932 8201 7908 8323 7752 8163 7981 7436 8102 7960 7948 8610 8206 8006 8592 7847 8184 8009 8290 8472 8681 7724 7605 8039 8170 8734 7708 7637 8276 8533 7801 7895 8168 8627 8001 8223 8088 7828 7615 7847 8418 8007 8260 7961 8297 8283 8656 7973 7919 8041 7689 8035 8187 7825 8098 8154 7708 8515 8167 7877 8143 8133 8420 7438 7647 8179 8303 7992 8270 8116 8508 7903 7981 7881 8335 7969 8147 8490 7802 7221 7690 8151 8159 7505 7531 7733 8285 8377 8220 7406 8630 7692 8233 8108 8318 8079 8015 7350 7544 7925 7765 7612 8106 7516 8392 7794 8367 8600 8354 8258 8030 8281 7922 7726 7792 7834 7864 8334 8025 7589 8244 8334 7952 7883 7921 8409 7729 8285 7947 7560 8424 8048 7989 8097 7635 7881 7038 7452 8144 8122 8001 8110 8490 8359 7807 8427 8200 8057 8576 8248 8759 7616 7881 8002 8082 8458 7728 7957 8292 8326 7806 7865 7995 8407 8567 7777 8208 8454 8294 7819 8364 8422 8003 7619 8363 8495 8195 7797 7752 7984 8258 8390 7900 8034 8020 7915 7945 7604 7732 8191 8264 8894 8582 7951 7951 8526 8953 7914 8009 7996 8172 8343 8030 8392 8266 8208 8720 7563 7908 8184 7821 8529 8023 8194 8004 8104 7843 8314 7583 8325 8555 7949 7894 7477 7970 8271 7753 8202 7754 8061 7891 8024 8162 8127 7945 8232 7732 8124 8500 8356 8147 7943 8729 7676 8226 8574 7908 8164 8031 8007 8336 8277 8121 8128 8780 7987 7890 7936 7549 8286 8103 8144 8437 8263 8172 7963 8262 8183 8127 8072 8224 7802 7830 8391 8135 7853 8496 8191 8303 7829 8506 8447 7649 7947 8290 7949 8088 7964 7999 7640 8249 8561 8472 8083 8293 8178 7758 8521 8094 8121 8304 7892 7839 8075 8029 7512 7787 7651 8123 8272 8009 8099 8096 8385 8359 9035 8408 8310 7811 8311 8020 8422 8554 8305 8224 8253 8104 7815 7957 7926 7961 
7617 7969 7979 7978 8207 8147 8525 7638 8274 8127 8360 8155 7818 7550 7828 8400 8009 8673 8402 8289 8357 8120 8007 8211 8258 8019 7970 7600 8150 7975 7938 7938 7784 8179 8139 8356 8410 8096 8423 7824 8595 8572 8053 8332 7992 9023 8647 7716 8000 8416 8280 8062 8094 7939 7922 8259 8057 8504 8239 8433 8445 8378 7954 8136 7375 8522 8743 7780 8012 8259 7783 8176 8295 8113 8327 8163 7535 8281 8285 8264 8856 8188 8448 8716 7357 8030 7865 8506 8336 8774 7372 7590 8059 8500 8794 7986 7725 7977 8068 8103 7956 8307 8685 8227 8000 8078 7704 7742 8247 8307 8178 8278 8066 7964 8065 8338 7898 8190 8329 7818 8172 7877 8534 8224 8426 7949 8325 8127 8315 8528 8260 8737 7630 7470 8263 8252 7774 8514 8222 8473 8261 7838 8299 8424 8103 7792 8261 8096 7742 7807 8149 8047 7893 7934 7867 8089 8533 8232 7480 8259 7802 8049 8323 8296 8113 8261 7205 7883 7876 7897 7442 8131 7671 8343 8216 8334 8640 7936 7816 8093 8219 7867 7933 7592 7651 8155 8087 7775 7716 8299 8136 8192 8250 8203 8131 7861 8312 7337 7336 8171 8253 7866 8332 7589 7995 7536 7406 8045 8457 7973 8398 8251 8813 7679 8457 8220 8703 8412 7935 8608 7805 8259 8237 8091 8217 8104 8256 8706 8212 7763 7790 8427 8258 8277 8209 8183 8339 8443 7737 8205 8690 8060 7710 8236 8629 8092 8047 8131 7672 8205 8401 7866 7669 7801 8009 7633 7743 7917 8105 8388 8564 8174 8228 8158 8528 8742 8291 8101 8206 8020 8137 8009 8099 8518 8265 8779 7933 7736 8351 7630 8738 8474 8641 8177 8244 8264 8121 7477 8705 8208 7836 8075 7937 7971 8277 7821 8275 8170 8475 8224 7390 7823 8305 8372 8183 7940 8386 8370 8152 8250 8073 8111 7969 8401 8047 7664 7880 7810 8378 8655 8241 8388 7845 8916 8083 8194 8218 7660 7852 7994 7788 8531 8295 8357 7730 8132 8091 8180 8430 8418 8028 7793 8156 8171 8229 8526 8212 8059 8006 8501 8493 7623 7754 8557 7840 7833 8158 8095 8184 8369 8434 8335 8467 8154 8273 7768 8695 8109 7846 8388 8266 7906 8029 8066 7992 8014 7588 7965 8331 8312 8359 7810 8276 7924 8834 7855 8267 7915 8316 7889 8226 8126 8213 8410 8237 7894 7735 8156 7801 8535 
7513 7605 7673 7706 8293 7981 8853 7412 8432 8189 8457 8077 8073 7570 7891 8060 7798 8539 7975 8147 8422 8322 7964 7773 8007 8006 7767 7981 7995 7983 7675 7510 7842 8626 7793 8241 8455 8197 8316 7841 8455 8479 7709 7661 8172 8574 8494 7683 7664 8422 7862 7921 8252 7923 7825 8175 7786 8196 7984 8226 8155 8562 7839 7974 7884 8279 8624 7614 8062 8006 7844 7503 8202 7717 8210 7909 7425 8046 8130 8313 8425 8532 7808 8468 7799 8065 7653 8016 8391 8590 7461 7681 7825 8615 8280 7888 7204 8039 8215 8018 7854 8178 8281 8090 7829 7920 7693 7582 7863 8358 7789 8185 8190 7748 7872 7929 7955 8139 7997 7967 8104 8215 8037 7923 7855 7377 8335 8053 7906 8289 7767 8375 7682 7558 8474 8254 7418 8126 8276 8043 7803 7742 8221 8219 8042 7977 8158 7762 7174 7589 7902 8378 7761 7913 7520 8207 8127 8041 7657 8179 7636 8132 8192 8196 8040 7964 7630 7420 7797 7886 7287 7795 7573 8162 7690 8358 8211 8198 7782 7872 8259 7928 7794 7813 7666 8100 8057 7909 7774 8113 8128 8205 7917 7967 8535 7423 8029 7569 7357 8095 8118 7952 8041 7514 7914 7370 7401 7880 8038 7724 7765 8300 8286 7821 8315 7934 8198 8626 8200 8443 7608 7759 8181 8011 8004 8178 7981 8188 8324 7932 7619 8205 8299 8353 7736 8026 8022 8349 7952 7867 8157 7983 7737 8450 8522 7602 7553 7988 7437 8196 7708 7814 7801 7976 7984 7678 7797 7875 8183 8115 8267 8242 8104 7844 8770 8688 8018 8316 7678 7861 8094 8061 8185 8018 8306 8847 7832 7751 7971 7811 8427 7918 8434 8211 8133 7944 8035 7439 7952 8379 8003 7925 7874 7887 7931 7801 8084 7802 8225 8229 7757 7880 8239 7975 8132 8008 8222 8359 8105 8209 8147 8259 7740 8492 7828 7934 7696 8321 8072 8134 8380 8148 7637 8878 7976 7990 7762 7699 7859 8036 8083 8319 7862 8123 8032 7813 8071 8313 8121 8283 7954 7938 7892 8374 7591 8412 8051 7996 7506 8599 8420 7912 7920 8432 7663 7606 7871 7597 7856 8183 8422 8056 8250 8205 8042 8147 8486 8062 7846 8777 7693 7657 8194 8045 7793 7788 7675 8307 8354 8229 7875 7656 8125 8013 8737 8144 8060 7771 8325 7917 8477 8049 8173 8517 8390 7753 8059 7967 8026 7988 
7769 8078 7813 8034 8010 7758 8392 7286 8071 8125 8390 8037 7935 7650 7889 7879 7688 8458 8278 7973 7996 8090 8120 7668 7951 8083 7631 7733 8118 7913 7747 7973 7658 8052 8076 8339 8177 7926 8213 7494 8409 8327 7865 7696 7964 8790 8598 7778 7847 8356 8327 8157 8066 7864 7677 8256 8002 8167 8228 8225 8074 8034 7858 7938 7871 8224 8665 7883 8434 7887 7679 7916 8248 7811 7991 8104 7437 8001 8192 7859 8734 7867 8278 8324 7652 8008 7793 8606 8303 8375 7436 7569 8104 7957 8570 8022 7480 8341 8011 7885 7888 8239 8514 8064 7918 7925 7758 7688 8008 7957 7869 8234 8095 7453 7678 8437 8247 7848 8140 7871 8007 7866 8146 7808 8018 7635 8529 7992 8195 8263 8028 8014 7629 7305 8234 8171 7773 8206 7958 7924 7908 7829 8111 8134 7653 7886 8009 7757 7753 7522 7936 7799 8006 8010 7582 8035 8019 7893 7340 8147 7781 8394 8049 8204 7967 7964 7202 7755 8114 7860 7460 7760 7677 8438 8089 8072 8294 8087 7908 7813 8155 7720 7390 7579 7589 7953 8437 7725 7521 7987 8422 7999 8221 8144 8608 7198 8001 7799 7403 8223 7755 7865 8093 7511 7670 7248 7661 8074 7793 7899 8352 8308 8351 7872 8451 7926 8528 8184 7952 8535 7918 8032 7852 8152 8315 7544 7989 8600 8352 7602 7709 7957 8249 8005 7997 8131 8257 8284 7875 7954 8149 7942 7712 8222 8240 7981 7597 7896 7574 8304 8133 7988 7777 7821 7862 7505 7925 7792 7900 8037 8636 8376 8049 7823 8413 8581 8081 7742 7639 8115 7819 7745 8479 7996 7772 8592 7996 7644 8061 7583 8358 8401 8191 8311 8029 8041 8147 7429 8580 7914 7852 7757 8035 8011 8067 7784 8250 8256 8473 7992 7668 7970 8156 8156 8139 7918 8364 8534 8344 8280 8027 8156 7696 7927 8069 7845 7871 8151 8215 8505 8627 8084 8253 8834 8068 7943 7740 7371 7902 8131 7583 8272 8499 8235 8188 8199 8204 7780 8075 8538 7883 7692 8208 7882 7835 8311 8046 8070 7839 8217 8256 7965 7774 8230 8002 7925 8185 7754 7649 8090 8355 8145 7871 7997 8245 7710 8692 7842 8014 8530 7764 7665 8286 7829 7658 7968 7485 8311 8020 8036 7897 8140 8564 8256 8789 8038 8017 7803 8271 8038 8379 7973 8220 8318 8409 7840 7620 8036 8161 7925 
7675 8165 7868 7775 8088 8271 8678 7699 8281 8465 8837 8241 8387 7823 7767 8306 7944 8910 8439 8367 8128 8186 8062 8191 8351 8144 8021 8246 8269 8075 7914 7687 7870 8667 7932 8509 8413 8405 8383 7925 8851 8311 7997 8436 8484 9288 8776 7932 8035 8267 8451 7948 8451 8106 7932 8214 8002 8034 8516 8468 8451 8513 8210 8220 7822 8468 8584 8208 8482 8631 7960 7957 8570 7828 8048 8122 7915 8342 8466 8314 8876 8443 8343 8922 7597 8172 8174 8449 8555 8610 7643 7484 8215 8344 8692 8048 7340 8350 8287 8131 8295 8391 8536 8452 8093 8049 8094 7781 8267 8423 8077 8391 8247 7805 7871 8736 8266 8051 8482 8231 8132 8184 8345 8297 8336 8191 8893 8237 8363 8811 8246 8493 7668 7804 8301 8173 7974 8920 8439 8341 8028 7565 8311 8361 8149 8050 8379 8445 7736 7844 8310 8275 7962 7785 7736 8505 8668 8417 7859 8458 7867 8662 8704 8371 8406 7989 7484 7669 8215 7827 7356 7974 7591 8650 8077 8633 8822 8595 8082 8265 8230 7981 7946 8304 7915 8501 8581 8044 7848 8203 8414 8117 8557 8274 8798 7992 8053 7799 7854 8543 8310 8128 8252 7556 7991 7484 7797 8148 8531 8346 8447 8085 8937 8014 8390 8298 8786 8339 8328 8655 7920 8409 8201 8166 8138 7836 8232 8424 8464 7757 8106 8352 8308 8552 8197 8162 8753 8487 8033 7988 8470 7971 7931 8527 8469 8408 8008 7903 7884 8827 8157 8272 7931 8132 7950 8016 7824 7645 7894 8187 8458 8300 8317 8063 8453 8809 8594 7909 7991 8258 8421 8447 8588 8361 8342 8804 8027 8203 8198 7871 8558 8533 8623 8296 8455 8344 8430 7749 8571 8337 8210 8076 7935 8029 8254 7875 8201 7957 8674 8091 8067 8134 8185 8524 8358 7927 8305 8620 8254 8608 8299 8110 7796 8620 8245 7984 8197 8407 8389 8420 8634 8236 8387 9179 8233 8416 8013 7700 8105 8590 7839 8596 8359 8451 8260 8329 8277 8205 8345 8890 8160 7867 8286 8238 8081 8449 8356 8440 7896 8688 8274 7786 8257 8866 8271 8038 8462 7912 8241 8375 8577 8365 8203 8201 8681 7874 9088 8275 8242 8328 8235 7869 8324 8258 8063 8348 7721 8659 8334 8294 8493 8317 8184 8456 9092 8310 8304 7901 8665 8138 8609 8672 8531 8524 8347 7909 7782 8161 8263 8169 
7777 8086 7619 7698 8239 8014 8478 7469 8223 8333 8364 8160 7970 7336 7771 8025 7708 8434 8267 8201 7937 7756 7835 8268 8104 8031 7743 7802 8089 8174 7861 7755 7501 8411 7810 8185 8368 8324 8433 7818 8229 8399 8148 8160 8059 8822 8805 7851 7654 8399 8051 8273 8239 8248 7946 8367 8051 8078 8362 8489 8537 8452 7913 7637 7959 8414 8560 8082 8374 8306 7892 7907 7920 7944 8021 7959 7385 8275 8167 8116 8443 8337 8130 8803 7501 8060 8102 8448 8449 8883 7488 7382 8450 8119 8231 7735 7623 8458 8364 7833 8085 8054 8342 8481 8330 7942 7611 7901 8211 8148 8209 8448 8233 8072 7812 8307 7887 7790 8476 7593 8167 8095 8084 8058 8292 7454 8768 7878 7819 8500 7859 8357 7845 7534 8307 7807 7478 7920 8108 8342 8099 7905 8368 8321 8258 7889 8306 8048 7847 7702 8118 7918 7799 8011 7845 8196 8186 8050 7801 8223 7544 8041 8108 8246 8396 8119 7469 8038 8215 7907 7661 7826 7359 8177 7925 8600 8297 8271 8154 8149 8306 8072 7760 7798 7726 8322 7950 7559 7651 8217 8066 8249 8200 7949 8350 7415 8074 7690 7341 8117 8084 7842 7775 7323 7748 7479 7841 8138 8066 8072 8434 8088 8517 7957 8747 8086 8202 8376 8146 8605 7565 8094 8196 8416 8247 7964 8196 8372 8279 7597 8176 8374 8314 8316 7975 7797 8631 8179 8045 8236 8309 8192 8057 8657 8427 8140 7890 8016 7597 8796 8282 8172 7803 7822 8244 7767 7752 7719 7810 8063 8603 8467 8327 8202 8326 9251 8083 7701 8288 7478 8080 7948 8311 8451 8234 8732 7814 8026 7953 7588 8786 8357 8225 8218 8342 7940 8168 7367 8161 8084 7938 7885 7844 7906 8174 7527 8181 8182 8541 8141 7675 8202 8355 7930 8336 7827 8159 8551 8503 8216 7736 8295 7667 8592 8272 7932 7731 8219 8331 8482 8299 8157 8101 8836 8246 8301 7984 7378 7842 8500 7895 8132 8065 8298 8492 8181 7959 8151 8047 8396 7752 7435 8272 8133 7605 8767 8058 8447 7583 8307 8564 7579 7486 8620 8082 8323 8097 7871 7977 8074 8166 8353 8078 7838 8452 7593 8570 8015 8113 8391 8081 7839 8210 7964 7819 8100 7608 8192 8269 8154 8131 7720 8380 8340 8681 8260 7933 8268 8467 7954 8329 8293 8260 8642 8389 7861 7728 7792 8040 7992 
7934 7744 7560 7729 7787 8012 8216 7348 8213 7785 8282 8105 7771 7398 7773 7857 7915 8651 8168 8000 7801 7814 7879 7654 8035 8099 7555 7742 7875 7723 7471 7613 7570 8151 7515 7723 8130 7715 8313 7551 8113 8217 7790 7662 7576 8536 8426 7739 7325 8033 7925 7911 7720 7801 7807 8329 7737 8048 8154 7935 8012 7969 7829 7446 7905 7914 8354 7660 8111 7882 7920 7593 7782 7665 8011 7716 7184 7873 7943 7782 8612 7891 7914 8422 7220 7721 8098 7828 8112 8398 7231 7559 7658 8018 8732 7440 7241 7904 8185 7553 8162 8097 8425 8299 7937 7679 7494 7395 7803 7964 8332 8174 7734 7690 7404 8027 7475 7640 8148 7521 8031 8117 7775 7787 7991 7571 8363 7854 7953 7968 7781 8104 7469 7236 8282 7964 7313 7706 8035 8168 7629 7490 7920 8359 8028 7623 8490 7611 7381 7461 8017 7899 7678 7596 7496 8048 7745 7792 7103 7979 7808 8284 7822 7914 8098 7819 7375 7416 7784 7489 7458 7697 7550 8230 7776 8437 8253 8232 7846 7776 7934 7655 7652 7878 7657 7928 7951 7569 7732 8010 8052 8142 8188 7933 8362 7319 7908 7455 7756 7958 7866 7929 7872 7156 7579 7109 7456 8120 8069 7782 8038 7644 8212 7634 8359 8086 8168 7885 8159 8388 7164 7777 8174 8096 8031 7910 7675 8105 7790 7717 7853 8435 8077 8293 7843 7453 8112 8415 7578 7879 7813 7830 7778 8503 8087 8005 7584 7443 7267 8393 7834 7792 7579 7536 7927 8097 7753 7338 7642 7749 8340 8068 7853 7758 8189 8890 7881 7484 8042 7809 7769 7508 8010 8341 7948 8235 7671 7543 7548 7575 8321 7957 7996 8366 8156 7913 7792 7237 8442 8309 7616 7729 7839 7749 7981 7749 8009 7847 8262 7765 7568 8127 7580 7769 8019 7471 7990 7991 8126 7944 8109 7894 7604 8292 7782 8022 7887 7916 8388 8042 7966 7941 8221 8406 7793 7728 7767 7070 8079 7961 7325 8032 8205 8277 8045 8281 7867 7880 8066 8250 7730 7683 8059 7810 7748 8061 8367 8399 7318 8265 8367 7622 7841 8380 7883 7757 7988 7948 7785 8018 8083 8305 8219 8001 8179 7466 8315 7651 7933 8229 7789 7534 7972 7801 7565 7785 7278 8006 7964 7972 8073 7929 8605 8158 8757 7799 7753 7908 8348 7882 8097 8219 8180 8138 8229 7765 7456 7610 7927 8145 
8550 8555 8195 8353 8956 8321 8775 8246 8609 8759 8821 8405 8219 8076 8395 8507 8484 9111 8473 8449 8545 8188 8557 8474 8571 8726 8295 8216 8334 8271 8239 8216 8373 8858 8072 8416 8816 8594 8909 8168 9118 8751 8574 8477 8371 9267 8977 8359 8304 8648 8532 8462 8732 8306 8094 8306 8134 8925 9041 8779 9075 8954 8138 8614 8370 8380 9001 8386 8502 8567 8613 8582 8361 8177 8510 8550 7995 8210 8499 8511 8872 8668 8586 9029 7919 8696 8613 8787 8936 8941 7668 8142 8748 8750 8961 8046 8083 8754 8986 8171 8503 8342 8832 8784 8662 8039 8403 8168 8819 8597 8572 8610 8641 8269 8457 8812 8127 8350 8598 8225 8258 8621 8452 8473 8315 8292 9216 8518 8635 8789 8530 8583 8121 8068 8859 8605 8079 8713 8445 8916 8520 8160 8639 8509 8563 8432 8577 8314 7782 8463 8605 8224 8154 7985 8225 8659 8925 8638 7885 8608 8469 8572 8929 8781 8759 8323 7930 8397 8864 8587 8032 8357 8046 8853 8354 8704 9197 8670 8462 8498 8482 8323 8500 8140 8035 8487 8731 8302 8229 8134 8453 8745 8748 8574 9291 8060 8639 8089 8043 8680 8299 8460 8476 7975 8271 7540 8031 8761 8504 8517 8706 8635 8916 8139 8888 8843 8529 8852 8476 8855 7691 8246 8834 8818 8852 8661 8775 8630 8711 8588 8211 8845 9059 8683 8412 8165 8483 8912 8358 8334 8767 8150 8401 8891 8837 8512 7970 7883 8040 8772 8788 8363 8435 8406 8370 8340 7872 7927 8479 8604 8857 8709 8335 8529 8714 9300 8591 8634 8416 8058 8500 8505 8385 8541 8835 9374 8037 8255 8546 7987 8536 8666 8683 8609 8530 8391 8836 7747 8779 8833 8880 8527 8476 8408 8424 8196 8829 8477 8620 8348 8086 8451 8684 8713 8604 8265 8719 8907 9083 8667 8493 8796 8113 8949 8245 8352 8500 8509 8658 8715 8347 8794 8565 8952 8756 8587 8145 7985 8428 8340 8272 8858 8933 8653 8357 8769 8890 8527 8636 9002 8117 8135 8722 8586 8247 8967 8676 8815 8225 9079 8848 8123 8207 8998 8431 8103 8635 8358 8514 8565 8955 8952 8543 8590 8830 8257 9000 8632 8358 8808 8450 7944 8397 8813 7859 8153 8081 8551 8877 8962 8932 8187 8671 8462 9471 8514 8662 8278 9144 8419 9059 8733 8630 8741 8907 8412 8431 8387 8397 8726 
7867 8026 7699 7855 7920 7972 8462 7360 8213 8001 8622 8103 8051 7679 7751 8292 7841 8737 8128 8291 8028 8007 8250 7649 8034 8247 7979 7863 7817 8131 7700 7884 8143 8662 7877 8102 8476 8268 8447 7988 8433 8043 8114 7870 7775 8537 8357 7655 7717 8162 8175 7968 8123 8151 8099 8255 7755 8197 8302 8410 7951 8422 7915 8122 7859 8303 8546 7870 8277 8160 7867 7703 8213 7780 7718 8017 7533 8021 8371 8174 8716 7904 8137 8427 7665 8308 8180 8565 8427 8366 7465 7800 8329 8227 8584 7718 7578 7928 8243 8054 8185 8548 8566 8049 8152 8071 8007 7883 8377 8092 7928 8419 7977 7841 7613 8640 8044 7942 8073 7771 7990 8212 8081 8178 8032 7786 8633 8316 8139 8269 7893 8438 7739 7324 8279 8388 7606 8369 8045 8110 7778 7928 8071 8150 8126 7990 8389 7833 7556 7622 8281 8146 7708 7818 7703 8198 8375 8151 7420 8241 8107 8069 8280 8321 8261 8135 7424 7913 7929 7805 7910 8081 7568 8675 7801 8568 8476 8303 8161 7753 8197 7750 7830 7732 7816 7924 8286 7597 7653 8060 8436 8396 8465 7902 8155 7607 8378 7704 7535 8500 8149 8008 7897 7755 8017 7676 7421 8198 8324 8078 8050 7892 8162 8069 8489 8520 8368 8261 8282 8624 7838 8037 7838 7913 8136 7837 8184 8327 8414 7765 8063 8298 8045 8536 7850 8028 8364 8431 7963 8299 8254 8069 7940 8496 8181 8320 7751 7754 7704 8453 7885 7873 7776 7915 8103 8056 7706 7572 8166 8261 8728 8469 8085 8049 8570 8760 8310 8130 8095 8172 7843 8040 8217 8376 8378 8700 7932 7647 7970 7666 8434 8375 8511 8275 8460 8054 8211 7456 8490 8433 7871 7864 7858 8150 8279 7779 8020 8011 8228 8021 7833 7870 8134 8243 8273 8257 8375 8201 8171 8194 8192 8195 7729 8497 8041 8117 7834 8247 8082 8234 8256 8158 8285 8787 7870 8078 7892 7702 8174 7755 7794 8539 8307 8247 7851 8283 8183 8141 8007 8492 8152 8226 8279 8129 7959 8552 8081 8227 7910 8277 8389 7759 8061 8567 8140 8056 8377 8175 7607 7898 8725 8013 7912 8209 8101 8133 8537 7859 8313 8340 8015 7947 8105 7740 7806 7700 7726 8361 8141 8178 8093 8182 8601 8089 8815 8121 8420 7629 8481 7798 8304 8204 8117 8400 8390 8097 7794 8020 7952 8519 
8096 8186 7668 8356 8807 8152 8546 8002 8542 8699 8878 7784 8059 7785 7945 8350 7932 8755 8574 8420 8268 8084 8102 8186 8509 8325 8257 8208 8443 8239 7814 7887 8198 8664 7903 8235 8734 8614 8663 8138 8818 8643 8555 8112 7984 8758 8971 8190 8056 8720 8019 8306 8293 8556 8233 8331 8373 8234 8553 8778 8515 8605 8308 8138 7886 8330 8764 8377 8600 8658 8111 8360 8229 8284 8363 8204 7651 8348 8462 8433 8679 8491 8704 9052 7657 8636 8289 8661 8635 8710 7658 7938 8617 8671 8769 8105 7606 8596 8476 8147 8405 8586 9054 8541 8311 7988 8046 8067 8390 8288 8366 8370 8072 8170 8063 8620 7924 8277 8763 7898 8431 8776 8343 8099 8304 7947 9053 8245 8479 8908 8376 8694 8117 7536 8817 8472 8153 8728 8342 8545 8315 7939 8533 8390 8441 8165 8357 8375 7541 8073 8385 8353 8216 8143 7802 8245 8358 8359 7527 8428 8080 8382 8806 8610 8367 8516 7580 8156 8240 8255 7947 8054 7778 8365 8330 8919 8529 8418 8204 8493 8392 8124 8156 8125 8259 8561 8872 8153 7960 8451 8307 8841 8294 8221 8672 7916 8417 7960 7699 8667 8484 8456 8244 7955 8010 7575 7913 8286 8269 8342 8470 8605 8979 8137 8516 8432 8578 8582 8350 8866 7943 8106 8074 8500 8249 8050 8310 8686 8782 8150 7949 8715 8369 8463 8258 8485 8816 8643 8460 8549 8782 8413 8216 8972 8563 8300 7751 8187 8033 8727 8478 8358 7808 8123 8259 7937 7708 8342 8127 8236 8921 8495 8486 8138 8726 9196 8734 8297 8091 8153 8496 8270 8438 8491 8645 9279 8177 7877 8513 7878 8730 8511 8460 8218 8129 8206 8088 7767 8377 8428 7865 8271 8014 8595 8477 7794 8483 8353 8565 8001 8029 8528 8325 8581 8365 8467 8292 8634 8768 8685 8108 8734 8231 8766 8413 7770 8139 8197 8667 8159 8286 8555 8548 9120 8327 8168 8353 7903 8386 8483 8051 8587 8481 8730 8151 8546 8296 8335 8575 8750 8316 7965 8438 8194 8182 8843 8252 8759 7670 8527 8577 8079 7910 8999 8120 8102 8419 8147 8238 8290 8824 8644 8319 8189 8507 8273 8672 7934 8359 8652 8243 8022 8355 8184 7975 8015 7949 8752 8644 8449 8509 8430 8665 8594 9037 8267 8539 8126 8648 8597 8575 8380 8959 8387 8572 8118 8053 8162 8324 8447 
7358 8154 7502 7713 8257 7614 8083 7537 8098 7743 8152 7773 7795 7483 7624 7852 7892 8372 7952 8113 7698 7618 7768 7641 8070 7706 7665 7567 7683 8043 7449 7488 7705 8032 7716 7680 8130 8127 8253 7498 8343 7956 7531 7809 7607 8516 8302 7602 7795 7951 8251 7830 8097 8093 7531 7856 7883 7879 7913 8133 7849 8340 7788 7597 7580 7769 8703 7676 8207 8183 7715 7476 7916 7609 7882 7884 7014 7912 8103 7563 8311 7805 8165 8651 7438 7752 7597 7920 8129 8432 7105 7017 8182 7983 8676 7711 7156 8121 7812 7711 7782 7950 8429 7936 7705 7776 7550 7682 7958 7784 7970 8010 7897 7527 7431 8187 7763 7638 7971 7289 7792 8283 8164 7797 7961 7300 8155 7321 8025 8131 7470 8165 7466 7646 8215 8072 7441 7880 7845 7916 7822 7731 7666 7960 7702 7677 7775 7818 6955 7351 7637 8114 7611 7621 7321 8172 8084 7977 7476 8309 7564 7979 7884 8436 8134 7509 7143 7524 7750 7737 7540 7484 7205 7980 7891 8165 8208 8034 8013 7975 7946 7833 7703 7536 7450 7736 7907 7648 7515 8149 7880 8096 8117 7746 8069 7622 7708 7253 7076 7919 7573 7586 7840 7113 7768 7441 7478 7672 8091 7647 8192 8167 8048 7646 8343 7588 8172 8478 7816 8434 7407 7609 7737 7983 7924 7608 8087 8255 8238 7875 7497 8124 8206 8077 8021 8028 8067 8275 7724 8037 8214 7633 7745 7946 8067 7821 7155 7349 7364 8331 7797 7736 7487 7832 7766 7590 7613 7428 7978 7905 8501 7797 8322 7893 8363 8781 7854 7890 7587 7599 7973 7501 8039 8148 7912 8349 7458 7298 7903 8042 7991 7989 8332 7664 7913 7871 8015 7268 8227 7966 7596 7758 7461 7750 8102 7578 7982 7916 8286 7958 7514 7833 8019 8096 8211 7841 7953 8582 8181 7865 7757 8255 7690 8227 7876 7636 7601 8052 7745 8175 8116 7845 8077 8872 8030 7662 7674 7120 7836 7755 7503 8053 8095 7931 7742 7982 8013 7814 7867 8263 8043 7651 7899 7707 7704 8208 7738 8185 7545 7962 8214 7709 7716 8627 7828 7869 8055 7728 7630 7877 7970 8088 7802 8149 8095 7302 8728 7853 7976 8477 7693 7392 7914 7850 7528 7465 7395 7799 8321 7897 7871 7726 8066 7816 8417 7767 8268 7922 8170 7635 8251 8133 7666 8337 8310 7658 7994 7805 7691 7923 
8062 7724 7380 8176 8013 7673 8966 7644 8180 8241 8180 8034 7647 7683 7947 8007 7548 8480 7881 8154 8110 7847 8183 7689 8147 8502 7685 7768 7961 7785 7598 7478 7981 8159 7711 8030 8382 8095 8145 7617 8403 7929 7927 8032 8018 8211 8283 7636 7605 8114 7870 7834 7920 7974 7747 8170 7653 8180 7873 8255 8019 8133 7709 8239 7794 8250 8097 8034 8035 8290 7827 7692 7959 7782 7779 8095 7490 7740 8244 7951 8661 7712 7944 8318 7322 8091 8125 8412 8293 8182 7295 7550 8069 8261 8378 7677 7053 8119 8283 7689 7774 7996 8132 8427 7884 7778 7910 7308 8285 7953 8007 7982 7644 7502 7630 8244 7833 7198 7880 7676 7678 8171 7852 7684 7827 7470 8135 7828 7663 8088 7787 8309 7721 7134 8217 7943 7513 8318 7886 7886 7956 7566 8026 8086 7761 8041 8043 7665 7600 7410 8057 7860 7485 7588 7542 8030 7764 7983 7672 8013 7933 8171 8473 8032 7848 7733 7430 7485 7886 7628 7265 7675 7438 8128 8132 8335 8387 8454 7747 7707 7846 7904 7960 7487 7587 8022 7852 7947 7679 7747 8104 8070 8197 7950 8555 7340 8235 7468 7295 8244 8023 7998 7682 7502 7555 7284 7689 8118 8082 7659 7782 7771 8397 7489 8496 8059 8242 7885 8025 8203 7492 7856 8038 8068 7907 7623 7898 8332 8240 7797 7841 8297 8049 8117 7969 7809 8047 8461 7609 7763 8425 7800 7772 7972 8309 7985 7653 7528 7563 8314 8024 8128 7693 7904 7783 7821 7320 7490 8109 7950 8566 7967 8046 7683 8358 8616 8184 7999 7741 7811 7841 7909 7973 8181 7987 8581 7726 7537 7843 7523 8044 8186 8082 7660 7977 7767 8197 7094 8444 8117 7810 7550 7770 8019 7928 7675 8156 8076 8042 7865 7440 7754 8092 8194 7708 8176 8255 8402 8155 7965 7788 7955 7506 8483 7998 7852 8112 8054 7985 7887 7998 7764 7967 8697 7606 7764 7733 7602 8032 7995 7657 8245 8042 8048 8114 8188 8116 7812 7875 8462 7604 7780 7762 7889 7748 8133 8259 8005 7713 8032 8210 7930 7823 8394 7993 7730 7975 7815 7803 7841 8127 7975 7992 8145 8190 7917 8425 8293 8085 8246 7788 7853 7884 8034 7657 7770 7428 8105 7888 7928 8006 7913 8456 7976 8687 7652 8070 7846 8387 7673 8050 8103 8058 8021 8202 7722 7708 8236 7925 8275 
8049 7787 7878 8108 8173 7863 8436 7606 8138 8250 8630 8146 8126 7707 7874 8312 7919 8694 8494 8248 8162 8280 7959 8012 8265 8377 7944 7865 8187 8103 7828 8269 7911 8536 8076 8432 8429 8247 8802 8180 8640 8289 7856 8251 8134 8555 8816 8141 7821 8477 8027 8173 8209 8314 7727 8107 8040 8526 8307 8477 8245 8364 7966 8307 7668 8167 8481 8452 8191 8388 8205 7970 8437 8009 8276 8319 7748 7797 8111 8118 8760 8106 8361 8647 7705 8302 8066 8360 8409 8987 7855 7992 8357 8427 8578 7951 7244 8577 8500 8070 8448 8208 8643 8364 8218 7718 7929 7668 8379 8326 8080 8237 8295 7886 7755 8618 7708 8018 8283 7994 8149 8276 8108 8485 8163 8058 8666 8320 8442 8273 8144 8399 7969 7497 8446 8358 7735 8457 8140 8245 8257 7964 8445 8340 8285 8095 8208 8470 7760 7896 7931 8219 8004 8031 7960 8233 8412 8229 7451 8136 7961 8389 8459 8528 8537 8335 7484 7943 8039 8201 7547 7855 7529 8502 8357 8590 8752 8478 7956 8256 7902 8252 8205 7833 7831 8270 8605 7959 8315 8081 8142 8262 8427 8291 8675 7706 8445 7723 7672 8343 8257 8012 8100 7538 7900 7412 7822 7924 8148 7935 8266 8507 8594 7977 8743 8357 8244 8604 8289 8345 7860 7839 8078 8169 8255 8216 8134 8840 8539 7804 7730 8732 8374 8230 8335 8206 8522 8793 8163 8255 8579 8296 7917 8642 8598 8157 7444 7941 7904 8727 8502 8254 8132 8294 8141 7856 8303 7850 8062 8205 8504 8286 8382 8138 8782 9119 8498 8301 8148 8135 8290 8045 8181 8518 8142 8622 8038 7918 8265 7791 8737 8369 8404 7854 8027 8266 8107 7450 8493 8841 7908 7992 7879 8165 8263 7718 8329 8277 8708 8162 7531 7982 8142 8375 8180 7895 8564 8639 8488 8031 8290 8600 7852 8789 8141 8157 7840 8218 8319 8083 8052 8278 8388 8902 7954 8158 7974 7644 7979 8198 7704 8301 8139 8317 7971 8357 8363 8319 8315 8543 8075 7907 8550 8230 8445 8331 8231 8390 7516 8553 8066 8076 8134 8651 7852 8076 8546 7853 7942 8541 8464 8483 8395 8426 8326 8226 8456 8086 8488 8359 8325 8159 8304 8185 7932 7600 7761 8417 8389 8224 8567 8072 8472 8140 8824 7985 8434 8235 8441 8067 8494 8461 8561 8439 8485 8214 8138 8295 8125 8548 
7788 8153 7724 8019 8263 8015 8609 7670 8446 8245 8892 8372 7959 7458 8049 8087 7563 8894 8311 8319 7972 8183 8260 7943 8386 8495 7800 7971 8261 8371 7846 7372 7688 8465 7955 8395 8252 8088 8298 8024 8677 8573 8305 8030 7980 8861 8770 7724 7642 8229 8160 8095 8430 8001 7827 8272 7795 8254 8298 8113 8230 8353 8021 8206 7934 8241 8298 8177 8272 8310 7761 7920 8303 7969 8414 7962 7540 7908 8548 8169 8671 8262 8314 8404 7613 8205 8339 8179 8477 8846 7482 7505 8154 8402 8575 8126 7720 8142 8105 7957 8234 8131 8547 8488 8309 8054 7852 8101 8259 8396 8181 8386 8193 7580 7994 8777 7990 7884 8380 7825 8298 8286 8373 8278 8346 7621 9024 8251 8058 8438 7863 8486 7626 7299 8340 8366 7957 8445 8304 8105 8337 7992 8179 8215 8085 7985 8626 8137 7518 7909 8198 8131 7975 7850 7729 8068 8535 8143 7441 8288 7846 8395 8507 8370 8225 8006 7476 8004 7987 7949 7385 8021 7473 8337 7962 8301 8645 8593 8222 8111 8049 7957 7888 8068 7516 8320 8146 8042 7865 8196 8438 8211 8389 8014 8403 7851 8079 7640 7594 8286 8127 7635 8233 7690 8118 7427 7744 8172 7896 8210 8124 8446 8753 7852 8776 8198 8623 8150 8392 8633 7764 8054 8240 8169 8150 8304 7994 8558 8685 7793 7866 8707 8148 8574 8059 8022 8138 8744 7861 8267 8556 8153 7923 8468 8538 8250 7590 8111 7823 8619 8234 7716 7961 7924 7882 8127 7859 7811 8145 8290 8799 8164 8411 8060 8668 8637 8295 8064 8156 7993 8181 8305 8430 8364 8275 8614 8012 8490 8447 7795 8456 8181 8370 8107 8606 8181 8280 7418 8326 8522 7764 7791 7722 7944 8463 7673 8230 8417 8495 8003 7903 8189 8375 8367 7993 7954 8256 8323 8528 8227 8418 8171 7693 8694 7958 7511 8024 8245 8349 8312 8015 8316 8495 9033 8056 8237 7841 7709 8066 8378 7517 8349 8107 8045 7587 8429 8206 8178 8439 8570 8181 7894 8425 8506 8354 8650 8522 8403 7454 8664 8522 7825 8044 8920 8036 7866 8440 8388 7942 8351 8459 8384 8379 8528 8174 8101 8712 8267 8121 8131 8201 8017 7786 8549 8066 8013 8005 8499 8188 8104 8475 8223 8543 8223 8996 8170 8262 7807 8474 8170 8523 8158 8372 8642 8044 7919 7748 8217 7898 8159 
7729 7865 7515 7733 7838 7901 8459 7176 8008 7882 8258 7892 7808 7533 8033 7695 7589 8261 8030 8197 7896 8111 7903 7913 8143 7817 8025 7395 8012 7778 7536 7703 7505 8358 7569 7925 8461 7894 8122 7773 8409 8158 7667 7783 7848 8412 8251 7371 7520 7954 7738 7993 8052 7897 7542 8029 7534 8026 8335 8021 8036 8172 7635 8024 7476 8146 8697 7609 7972 7923 7893 7542 7921 7696 7991 7676 7518 7869 7943 8041 8195 8131 7897 8108 7197 7759 7966 7899 8338 8210 7512 7666 8238 8047 8373 7903 7166 8060 8184 7378 7844 8143 8189 7945 7829 7889 7962 7315 8160 7707 7953 8174 7966 7280 7543 8320 7815 7533 8182 7393 7650 7946 7813 7695 8101 7623 7830 7788 8009 8407 7853 8297 7506 7367 8175 7958 7411 8334 7976 7892 7857 7549 8124 8230 7480 7838 8334 7611 7202 7272 7803 7919 8007 7843 7667 7943 8062 7745 7383 7895 8009 8145 8377 8002 8099 7977 7593 7471 7683 7568 7357 8107 7611 8028 7856 8149 8050 7772 7929 7674 7819 7545 7645 7652 7628 7814 7880 7465 7623 8066 7956 8304 8342 7732 8176 7591 8352 7497 7053 8466 7830 7960 7672 7281 7553 7588 7772 7904 7865 7636 7799 7977 8332 7587 8226 8104 8194 8247 7891 8270 7637 7786 7923 8115 7928 7748 7808 8192 8061 7740 7495 8029 7900 7969 7574 7618 8077 8258 7803 7927 7982 7860 7961 7953 8264 7782 7733 7760 7321 8237 8273 7728 7800 7790 7736 7407 7715 7822 7763 7728 8343 7902 8132 7831 8187 8473 7902 7652 7887 7926 7784 7700 7914 8289 7475 8332 7897 7464 7831 7458 8194 7812 7958 7790 7734 7883 7948 7350 8464 7965 7765 7880 7863 7647 7813 7530 8011 7816 8080 7985 7531 7590 7851 7936 8054 7755 8140 8440 8115 7952 7721 7952 7450 8350 7875 7664 7848 7885 8083 7995 8133 8109 7696 8666 8202 7879 7825 7632 7855 7869 7265 8185 8196 8087 8109 8019 8020 7544 8037 8282 7761 7684 7830 7997 7683 8173 8109 8241 7491 7911 8409 7681 7945 8366 8043 7614 8138 7691 7689 8001 8159 8199 8075 8119 8428 7946 7964 7706 7884 7980 7805 7807 7916 8105 7448 7661 7577 8009 8379 8003 7916 7892 8277 7891 8527 7787 7684 7847 7852 7692 8148 8030 8284 8178 8481 7631 7646 8297 7885 7980 
7556 7918 7403 8063 7826 7537 8255 7291 7993 8062 8318 7960 7808 7614 7673 7988 7892 8593 8110 7623 8126 8010 7991 7830 8167 8220 7784 7553 7803 7957 7550 7669 7788 8140 7603 8301 8225 7672 8100 7563 8321 8327 7949 7932 7743 8321 8264 7408 7539 7760 8000 8016 8288 7904 7670 8349 7617 8100 8010 8117 8023 8257 7847 8279 7703 8173 8526 8212 8181 8158 8001 7822 8043 7609 7675 8042 7809 7666 8027 8012 8427 8313 8063 8620 7324 8107 7786 8283 8529 8323 7287 7427 8114 7775 8426 7509 7195 8020 8046 8045 7989 8082 8179 7847 8100 7745 7647 7675 7938 8090 7893 8406 8271 7651 7846 8597 7853 7791 8061 7877 7768 8029 7999 7989 7950 7713 8511 7793 7886 8129 7738 8273 7544 7298 8228 7862 7718 8038 8120 7967 8011 7608 7790 7737 8229 7554 8059 7885 7583 7866 7738 7901 7656 7950 7349 8233 8303 8175 7263 8307 7799 8499 8012 8096 8156 7733 7292 7336 8142 8113 7400 7683 7392 8392 7946 8659 8349 8381 7949 7838 8228 7783 7794 8078 7394 8187 7980 7621 7656 8003 8298 7932 8025 7866 8588 7624 7703 7326 7363 8047 7898 7638 8160 7283 7635 6958 7443 8148 8006 7892 8113 8123 8366 8050 8281 8103 8551 8299 7954 8396 7554 7886 8035 8152 8089 7546 8102 8157 8221 7573 7648 8447 8320 8226 7943 7854 7884 8362 8022 7639 8182 7759 7523 8316 8077 7959 7260 7683 7529 8094 7898 7766 7686 7803 7866 7521 7552 7518 7814 7893 8611 8470 7946 7935 8368 8332 8115 7998 7868 8030 7846 8048 8018 8014 8117 8516 7463 7596 7979 7811 8402 8025 8186 8215 7838 7833 8080 7317 8259 8239 7910 7861 7878 7946 8051 7618 7834 7848 8445 8001 7341 7746 8038 7819 7957 7484 8071 8585 8301 8023 7984 8218 7412 8332 8183 7859 8000 8126 7914 8157 8347 7948 8089 8526 7815 8016 7660 7643 7984 7884 7541 7971 7937 8040 7994 8242 8220 7866 8026 8236 7736 7651 7954 7840 7429 8613 7939 8109 7685 8259 8008 7623 8063 8728 7855 7792 8048 7850 7744 7950 8419 8120 7856 8021 8170 7804 8610 7908 7856 8030 7752 7713 7981 8050 7500 7789 7555 8348 7970 8078 7876 7979 7999 8061 8963 8028 7792 7605 8389 7998 8130 8202 8201 8353 8100 7797 7597 7994 7640 8062 
7787 7640 7575 7695 8125 7826 8523 7487 8277 8303 8590 8035 7932 7478 7685 7946 7558 8480 8409 7802 7929 7773 8031 7826 7984 8253 8046 7969 8199 7949 7593 7594 7841 8281 7958 8430 8268 7831 8599 7544 8506 7886 7913 7762 7794 8473 8788 7749 7687 8413 8026 8102 7762 7924 7766 8175 7921 7991 8307 7923 8136 8102 8250 7964 7539 7998 8183 7921 8240 8535 7605 7677 8142 7683 7960 7771 7488 7992 8308 7809 8588 8154 7823 8619 7562 7933 8226 8139 8211 8563 7357 7418 8061 8248 8779 8054 7332 8215 8261 7976 7786 8256 8202 8203 8128 7674 7739 7687 7967 8151 7919 8137 8135 7852 7878 8124 7874 7802 8401 7744 7707 8408 7845 8192 8138 8100 8496 8423 8379 8362 8125 8202 7787 7384 8364 8277 7488 8130 7956 8363 8281 7606 7982 7949 7973 7893 8524 7689 7658 7772 8056 8031 7440 7687 7351 8105 8299 8489 7376 8172 8106 8325 8433 8307 7874 8271 7479 7715 7725 7503 7562 7953 7552 8366 7970 8471 7968 7918 7789 7715 7931 7987 8136 7898 7374 7688 7657 7584 7744 8255 8073 8198 8060 8068 8401 7574 7878 7620 7535 8285 7896 7749 7894 7560 7947 7163 7785 8297 8236 7986 8127 8076 8376 7738 8296 8101 8348 8472 8199 8336 7623 8104 8290 8047 7845 7434 8220 8367 8356 7598 7769 8513 8349 8476 8188 7915 8391 8568 7808 8157 8664 7824 7944 8300 8023 8322 7401 7608 7621 8314 8155 7784 7815 7966 7947 7550 7681 7539 7857 8019 8511 8072 8326 8008 8759 8593 8188 7632 8075 7679 8014 7741 7986 8461 8034 8568 7747 7863 7774 7666 8504 8173 8160 8342 8289 8118 8067 7443 8018 8346 7946 7964 7813 8008 8239 7636 8223 7841 8476 8070 7664 7997 7948 8269 8054 8158 8218 8545 8364 8034 7910 8205 7612 8270 8109 7642 8050 8023 8404 8226 8331 7957 8133 8689 7944 8086 8052 7494 8218 7840 7357 8149 8085 7889 7905 8092 8147 8149 8111 8282 7902 7847 8382 8044 8075 8350 8085 8344 7497 8146 8444 7790 7808 8760 7687 7973 8038 8017 7572 8104 8242 7942 8068 8110 8073 7896 8457 7698 7762 8226 8101 7445 7901 8160 7646 8085 7304 8353 8035 7886 7894 8115 8629 7754 8862 7912 8168 7781 8521 7870 8295 8345 8272 8150 8113 7698 7671 8191 7541 8264 
7764 8050 8069 8030 8428 8059 8210 7908 8333 8088 8567 8543 8057 7689 7962 8162 7992 8633 8439 8101 8087 8175 7883 8247 8266 8573 8136 7765 8305 8161 7670 8065 8268 8701 8141 8178 8607 8315 8638 7887 8836 8706 8172 8150 8109 8927 8829 7949 7684 8419 8122 8445 8508 8357 7682 8685 7816 8480 8406 8735 8368 8318 8091 8059 7899 8290 8680 8113 8451 8309 8029 7827 8027 7824 8504 8222 7989 7795 8310 8342 8746 8390 8360 8473 7621 8415 8273 8234 8503 8746 7819 7886 8573 8305 8746 8112 7647 8605 8695 7957 8307 8577 8314 8562 8286 8075 8107 8006 8147 8448 8321 8571 8405 8373 7928 8831 7822 8138 8601 8066 8163 8510 8311 8262 8287 7868 8667 8341 8286 8249 7857 8548 7962 7226 8488 8202 7818 8316 8074 8289 8291 7705 8398 8489 8356 8020 8220 8253 7612 8003 8198 8476 7649 8272 8252 8438 8911 8307 7612 8544 8213 8260 8406 8641 8291 8330 7473 7785 8415 7989 7811 7873 7394 8888 8511 8476 8564 8378 8130 7809 8260 8081 8156 8061 7915 8111 8485 7998 7862 8275 8667 8382 8583 7891 8577 7949 8396 7661 7538 8346 8247 7863 8113 7552 8399 7727 7897 8155 8538 8563 8681 8570 8662 7844 8859 8271 8482 8621 8190 8849 7768 7837 8254 8326 8261 7917 8216 8598 8667 7924 7880 8561 8543 8637 8374 8132 8410 8531 8086 8373 8425 8384 8100 8794 8365 8507 8048 7734 7892 8716 8270 8171 7994 8410 8365 8083 7767 7840 8288 8147 8930 8498 8470 7744 8751 9218 8412 7958 8030 8110 8290 8045 8508 8841 8521 8904 7771 8187 8223 7840 8754 8244 8731 8590 8386 8340 8259 7601 8556 8609 8046 7933 8063 8126 8431 7890 8159 7925 8692 8463 7815 8171 8650 8051 8295 8061 8647 8473 8692 8149 8334 8466 7729 8726 8322 7928 8097 8289 8454 8226 8494 8300 8323 8968 8104 8438 7789 7596 8403 8019 7825 8511 8441 8054 8321 8048 8346 8547 8129 8540 8063 8030 8232 8236 8164 8739 8502 8331 7960 8772 8616 7740 7981 9091 8222 8371 8386 8187 7886 8733 8527 8294 8457 8391 8835 8050 8719 8135 8502 8717 8443 8099 8350 8302 7980 8411 7629 8558 8437 8513 8341 8077 8717 8183 9091 8092 8315 8027 8525 8403 8451 8364 8572 8630 8206 8180 8242 7910 7999 8582 
7400 7697 7223 7587 7546 7971 8345 7534 8089 7882 8192 8047 7691 7123 7522 7312 7361 8404 7959 8045 8216 7806 7595 7688 7798 7974 7579 7436 7627 7853 7230 7809 7327 8171 7194 7973 8042 7754 8259 7634 8201 8001 7386 8185 7458 8211 8362 7456 7311 7913 7750 7654 7692 7849 7492 8178 7415 7760 7847 8280 7670 8077 7950 7816 7274 8047 7767 7686 8034 7939 7514 7215 7815 7648 8153 7598 6919 7853 8162 7657 8231 7771 7643 8141 7432 7644 7815 7567 8398 7973 7389 7344 7918 8032 8309 7606 7130 7817 7907 7761 7775 7871 8080 7938 7759 7725 7533 7399 7805 7988 8076 7985 7880 7727 7730 8171 7332 7789 8432 7431 7835 8013 7916 7685 7843 7036 8123 7884 7697 8316 7680 8360 7710 6989 8008 8246 7308 8307 7967 7751 7817 7599 8086 8173 7858 7537 8126 7707 7204 7503 7710 7753 7467 7396 7504 7823 8154 7832 7224 8086 7493 8063 7877 7892 8121 7581 7142 7415 7900 7524 7376 7736 6979 8006 7939 8344 8169 7961 7715 7882 7813 7815 7573 7846 7511 7673 7777 7313 7461 8146 8209 7931 8067 7707 8416 7559 7729 7243 6928 8037 7996 7605 7820 7164 7722 7211 7425 7900 7823 8063 7951 7669 8167 7739 8100 7740 8038 8028 7933 8723 7447 7624 7694 7762 7713 7715 7508 7958 7810 7152 7673 8212 7901 8283 7621 7883 8157 7997 7430 7792 8049 7844 7727 8562 8156 8083 7414 7652 7096 8096 8116 7772 7828 7485 7535 7797 7639 7478 7629 8011 8337 8001 8307 7651 8219 8524 7726 7778 7421 7887 7682 8048 7955 8109 7937 8462 7834 7811 8364 7374 8424 8012 8048 7974 7839 7579 8149 7176 8129 8072 7182 7933 7604 7759 7889 7568 8080 7741 8082 7932 7389 7420 8227 7523 7845 7549 7510 8000 7951 8092 7691 7819 7445 8293 7801 7613 7614 8047 7960 7835 8207 7793 7827 8623 7881 7767 7904 7601 7737 7958 7358 8206 7909 7808 7915 8061 8005 7835 7531 8037 8141 7416 7806 7958 7413 8039 7975 7928 7291 7970 8012 7647 7748 8554 7801 7752 7670 7571 7577 8249 7806 7972 8312 7592 8098 7868 8373 7698 7623 8013 7548 7584 7562 7858 7206 7229 7352 8196 8384 7715 8158 7265 8009 7827 8295 7697 7507 7788 7917 7627 7931 7789 7840 8434 8156 7634 7638 7814 7564 8146 
8292 8439 8104 8589 8981 8707 9049 8247 9027 8678 9279 8860 8723 8169 8335 8751 8329 9376 8734 8535 8850 8345 8151 8384 8862 8601 8516 8300 8942 8702 8084 8589 8409 9029 8410 8964 9085 8566 9042 8449 9250 9010 8440 8771 8469 9354 8954 8400 8342 8792 8646 8635 8734 8783 8466 8882 8587 8922 8670 8858 8699 8753 8635 8495 8604 8719 9240 8814 9282 9098 8432 8434 9035 8602 8643 8443 8196 8713 8705 8571 9278 8776 8463 9240 8280 8686 8144 8769 9164 9655 8048 7955 8808 9165 9214 8270 8336 8626 9025 8596 8524 8915 9171 8856 8797 8340 8446 8112 8717 8816 8799 8818 8731 8517 8098 9176 8574 8354 8978 8485 8662 8717 8625 8591 8527 8418 9201 8552 8842 9174 8640 8990 8205 7897 8739 8947 8414 8884 8763 8859 8784 8652 8987 8901 8510 8856 9188 8495 8234 8198 8735 8648 8545 8429 8355 8653 9218 8840 7922 8901 8383 8781 9135 9089 8987 8364 7885 8319 8685 8506 8246 8511 8128 9143 8452 9015 9155 9078 8174 8447 8408 8745 8588 8511 8208 8845 8592 8328 8254 8662 8727 9002 8534 8220 9043 7998 8807 8134 8003 8891 8710 8495 8928 8171 8463 7783 8332 8875 8901 8607 8571 8711 9195 8411 9169 9047 9067 8918 9226 8878 8356 8386 8560 8651 9018 8463 8614 9199 8778 8463 8369 9046 8599 9116 8700 8778 8983 8903 8600 8764 8831 8325 8639 8781 9077 8372 8399 8614 8319 9120 8629 8476 8199 8619 8390 8739 8405 8251 8566 8597 9196 8805 8732 8610 9187 9640 8630 8875 8392 8586 8539 8504 8886 8566 8850 9638 8186 8385 8792 8011 8908 8882 8912 8694 8610 8835 8878 7967 8964 8974 8369 8380 8428 8485 8827 8416 8609 8496 9399 8969 8379 8516 8556 8856 8761 8540 8986 8928 8919 8905 8842 8915 8205 9287 8734 8222 8470 8783 8735 9085 8808 8946 8603 9600 8687 8850 8250 8329 8373 8760 8400 8701 8763 8808 8850 8835 8439 8759 8722 9128 8553 8238 8722 8573 8630 9138 8700 8986 8093 9071 8880 8186 8458 9361 8561 8589 8872 8488 8130 8727 9273 8974 8570 8535 8973 8642 9160 8877 8784 8811 8735 8316 8811 8904 8319 8576 8127 9066 9272 8662 8886 8681 9095 8760 9259 8813 8688 8366 9192 8782 9127 9075 8759 9033 8726 8575 8743 8505 8592 8875 
7841 7742 7551 7660 7878 7774 7959 7241 7861 7872 8278 7967 7712 7342 7453 8017 7778 8309 7950 7492 7954 7558 7422 7742 7830 8032 7588 7534 7657 7544 7607 7698 7716 8257 7908 8024 8194 7987 8233 7314 8490 8046 7879 8106 7765 8119 8275 7607 7862 8047 7740 7989 7855 7791 7415 8105 7548 7882 8122 8126 8083 8264 7585 7529 7486 8142 8124 7612 8079 8072 7855 7519 7897 7608 7632 7926 7384 7797 8057 7914 8406 7992 7773 8402 7339 7799 7743 7926 7843 8567 7541 7526 7829 7840 8613 7497 7248 8134 8280 7826 7677 8128 8120 8058 7963 7475 7784 7453 8200 7618 8068 7873 7842 7705 7685 8305 7797 8106 7936 7729 7801 8101 7715 7874 7997 7530 8608 7587 7712 8437 7937 7978 7445 7000 8213 7887 7385 8066 7975 7924 7733 7702 8119 8026 8068 7935 8176 7353 7446 7341 8009 7894 7802 7731 7561 7812 7909 7785 6982 8039 7663 7929 8153 8238 8030 7608 7058 7423 7844 7096 7582 7818 7136 8192 7942 8078 8032 8002 7862 7984 7436 7818 7823 7630 7152 7649 7941 7371 7560 7922 7907 8017 7721 7752 8257 7152 8172 7238 6997 7856 7632 7722 7753 7224 7486 7250 7259 7663 8001 7850 8035 7774 8415 7918 8297 7949 8224 7793 7843 8448 7593 7849 7883 7912 8172 7910 8000 8239 8149 7488 7560 8074 8180 8022 7719 7542 7976 8222 7561 7725 7990 7636 7805 8621 8190 7532 7433 7561 7274 7736 7994 7723 7358 7672 7712 7613 7468 7456 7940 7549 8330 8215 8157 7690 8133 8308 7777 7852 7553 8041 8052 7897 8133 8076 7989 8555 7565 7453 8218 7594 8178 7602 8014 7973 7729 7798 8089 7139 8009 8157 7333 7696 7646 7896 7646 7632 8017 7724 8215 7925 7390 7947 7777 7768 8241 7839 7931 8215 8077 7648 7980 7842 7486 8436 7668 7764 7816 8104 7764 8064 8014 8058 7869 8586 7751 7993 7544 7257 7758 7872 7418 8138 8168 7696 7575 8083 7960 7763 7631 8037 7514 7683 7496 7704 7378 8023 7577 7995 7501 8058 7918 7373 7554 8525 7970 7698 8072 7902 7613 7821 8303 8086 7893 8170 8075 7783 8479 7606 7811 8313 8093 7440 7794 7856 7681 7733 7276 8223 8066 7781 7878 7634 8083 8154 8592 7922 8128 7693 8078 7380 8094 7763 8189 8009 8297 7868 7890 7778 7674 8150 
7932 7960 7652 8272 8284 8281 8992 7666 8705 8495 8667 8510 8332 8035 8150 8462 8002 9079 8535 8503 8389 8067 7987 8089 8635 8364 8176 8107 8251 8307 7756 7960 8013 8734 8048 8515 8480 8406 8716 7895 8907 8536 8450 8594 8366 9052 8873 8008 8060 8477 8075 8363 8507 8170 8290 8400 8153 8458 8334 8760 8663 8603 8001 8151 8163 8619 9001 7980 8797 8666 8067 7852 8417 8165 8568 8385 7820 8481 8510 8355 8813 8324 8181 8662 7922 8526 8170 8554 8639 9065 7835 7940 8610 8604 8822 8162 7613 8414 8786 8309 8354 8533 8581 8244 8328 8192 7985 7974 8484 8859 8426 8195 8550 8141 8115 8705 8136 8126 8735 8382 8189 8562 8568 8179 8222 8103 8920 8243 8508 8405 8251 8334 7556 7386 8598 8722 7531 8547 8445 8305 8510 8279 8436 8464 8026 8440 8577 8287 7928 7665 8196 8398 8018 8397 7568 8491 8565 8444 7916 8837 8372 8445 8337 8616 8404 8161 7688 8058 7982 7831 7620 8148 7707 8621 7931 8993 8872 8352 8011 8382 8331 8223 7986 7952 8083 8301 8372 8122 7911 8681 8602 8505 8393 8223 9140 7716 8419 8025 7901 8641 8153 7907 8307 7816 8303 7564 7855 8296 8639 8071 8366 8773 8525 7927 8777 8658 8469 8475 8215 8774 7990 8336 8667 8638 8828 7993 8127 9044 8623 8187 8382 8873 8278 8585 8393 8258 8707 8696 8440 8159 8275 8191 8126 8806 8496 8353 7813 8078 8110 8492 8321 8377 8052 7768 8161 8092 8046 8260 8132 8261 8784 8772 8387 8365 8522 9242 8422 8129 8250 8414 8178 8431 8202 8660 8603 8992 8059 7890 8163 7915 8622 8691 8390 8415 8239 8568 8297 7738 8516 8916 8411 8067 8244 8423 8479 8135 8296 8213 8419 8269 7966 8166 8193 8443 8398 8328 8349 9024 8602 8963 8604 8390 8100 8626 8287 8482 8257 8571 8416 8476 8635 8410 8574 9220 8139 8322 8062 8013 8319 8492 7661 8563 8283 8456 8304 8420 8582 8423 8668 8611 8147 8125 8296 8030 8236 8502 8412 8780 7786 8533 8611 7838 8510 9098 8490 8131 8388 8089 8195 8297 8762 8523 8206 8438 8697 8178 8762 8099 8422 8695 8246 7971 8317 8709 7922 8210 7509 8454 8695 8789 8208 8118 8718 8401 8988 8428 8091 7860 8688 8010 8634 8847 8330 8774 8269 8281 8054 8508 7934 8442 
7707 7872 7944 8192 8123 7996 8491 7847 8027 8041 8510 8172 7891 7533 7758 8204 7750 8555 8717 8066 8225 7751 7545 7815 8046 8269 7841 7723 7994 7802 7858 8163 7787 8563 7430 8148 8859 8455 8491 8015 8562 8594 7638 8193 7985 8625 8761 7436 7827 8449 8302 7965 8283 8035 7735 8455 7985 8096 8048 8487 8297 8299 7895 8075 7596 8265 8627 8058 8447 8139 8403 7920 7903 7820 8094 8015 7558 7835 8444 8190 8702 8002 8257 8633 7659 7846 7912 8131 8409 8731 7756 7872 8186 7948 8565 7789 7413 8556 8375 8051 8065 8004 8810 7958 8189 8004 8023 7570 7991 7923 8361 8314 8116 7693 7793 8609 7850 8080 8352 7739 8085 8586 8148 8522 8100 7893 8819 8078 8555 8520 7997 8519 7872 7540 8238 8183 7810 8503 7802 8151 8110 7780 8316 8040 7897 7904 8302 8059 7507 8060 8102 7995 7920 8100 7757 8317 8492 8437 7535 8398 8048 8231 8151 8531 8433 7885 7361 7709 8246 7554 7712 7967 7505 8109 7920 8247 8536 8402 8105 7753 7946 7806 8126 7929 7357 8180 7884 7982 8033 7714 8525 8078 8362 8006 8670 7564 8372 7716 7691 8540 8185 7938 7878 7367 8211 7338 7823 7927 7987 7955 8046 8330 8473 7804 8660 8162 8396 8403 8223 8602 7691 7840 8110 7961 8431 7889 8457 8490 8262 7872 8151 8534 8639 8636 8123 8024 8097 8429 7795 8390 8527 7870 8136 8566 8471 7988 7747 7803 7608 8418 8098 8104 7699 8387 8247 7891 8043 7673 8295 8196 8349 8269 8444 7842 8568 8940 7886 8132 7945 7965 8316 7866 8329 8217 8360 8637 7795 7470 8145 7711 8447 8155 8462 8161 8320 8062 8462 7441 8399 8582 7942 7844 7718 7950 7907 7883 8447 7713 8399 8164 7765 8196 8358 8096 8430 7947 8153 8453 8402 7843 8384 8147 7872 8807 7945 7986 8318 7942 7918 8333 8228 8405 8064 8989 8256 8302 8004 7519 7734 8159 7595 8220 8021 8144 7802 8028 8234 8391 8043 8684 7873 7988 8031 8218 7889 8543 8291 8162 7828 8185 8356 7958 8234 8642 8146 8173 8247 7905 7808 8151 8775 8470 8377 8047 8281 8017 8737 8234 7890 8392 8262 7906 8506 8206 7762 7899 7570 8306 8439 8246 7914 7935 8526 8272 8641 8047 8107 8129 8232 7756 8763 8639 8225 8397 8201 7887 7961 8296 7823 8264 
8664 8951 8526 8901 8641 8694 9278 8066 8853 9041 9431 8823 8742 8125 8523 8751 8657 9422 9038 8871 8558 8826 8544 8215 9123 8711 8320 8150 8701 8830 8122 8352 8600 8843 8802 9268 9146 8886 9307 8229 9267 9200 8749 8709 8776 9408 9406 8738 8652 9121 8968 9151 8801 8547 8342 8633 8460 8970 8989 8983 9306 8794 8585 9057 8684 8563 9297 8618 9222 9068 8799 8695 9218 8562 8851 9054 8144 8648 8932 8756 9492 8924 8756 9482 8206 9141 8857 9151 9179 9695 8178 7993 9034 8843 8999 8548 8151 8939 8833 8815 8691 8989 9237 8952 9006 8437 8520 8596 8928 9118 9066 9284 8929 8358 8325 9449 8580 8937 9074 8760 8495 8795 8937 8591 8705 8746 9142 8774 9237 9089 8560 9201 8390 7982 9289 8760 8610 8746 8847 8867 8868 8591 8796 8896 9033 8493 8882 8879 8573 8626 8601 8772 8446 8774 8272 8890 8871 8954 8170 9275 8516 9344 8993 9025 9030 8688 8056 8436 8903 8738 8057 8544 8094 8816 8694 9346 9397 8794 8672 8822 9065 8850 8842 8609 8438 8680 9138 8706 8474 8864 9147 9285 8786 8758 9348 8140 8661 8533 8269 9259 8822 8457 8864 8235 8719 8137 8465 8705 9051 8772 9165 8772 9363 8556 9436 9487 9115 9049 8886 9387 8425 8518 8980 9172 9218 8763 9246 9123 8975 8811 8672 9393 8905 9158 8636 8652 9265 9024 8608 8887 8971 8784 8753 9267 9241 8674 8483 8507 8370 9215 8944 8680 8570 8729 8713 8436 8720 8183 8782 9031 9373 8968 8608 8863 9428 9640 9164 8595 8722 8844 8596 8379 9144 9055 8897 9406 8616 8372 8974 8460 9208 9199 9059 8885 8640 8696 8790 7964 8945 9258 8712 8877 8661 9183 9031 8518 8898 8688 9250 8708 8536 8930 8996 8907 9076 8455 8946 9115 8834 8931 8746 9193 8538 9397 8602 8642 8715 8705 9159 8880 8936 9037 9269 9717 8705 8771 8505 7795 8635 8884 8392 9117 9062 9019 9097 8801 8998 9090 8789 9220 8361 8356 8984 8604 8513 9107 8783 8926 8567 9105 9248 8342 8884 9632 8746 8672 8974 8512 8499 8995 9358 8935 8937 8771 9111 8577 9624 8764 9294 9051 8967 8497 8632 8802 8730 8730 8692 9075 9020 8866 8942 8950 8959 9101 9974 8604 8924 8792 9202 8687 9373 9226 8985 9277 9124 8641 8151 8512 8590 9360 
7728 7927 7683 7771 7791 7991 8455 7089 7823 7914 8362 8012 7979 7401 7775 8102 7754 8279 8214 7854 8080 7805 8048 8085 7964 8168 7645 7798 7937 7816 7386 7591 7734 8715 7862 8195 8184 8399 8357 8062 8621 8374 7911 7790 7658 8753 8556 7663 7790 8133 7936 7958 8100 8095 7578 7949 7628 8369 8341 8227 8185 8104 7658 7796 7441 7964 8411 7839 8347 8124 7672 7763 7986 7778 8119 7835 7463 7743 8061 7978 8701 7700 8016 8521 7585 7825 7609 7976 8151 8449 7454 7483 7986 8008 8321 7836 7631 8495 8082 8081 8256 8203 7936 7977 7991 8081 7608 7721 7824 7953 8170 8096 8238 7769 7659 8571 7629 7927 8434 7460 8040 8071 7704 7752 7720 7472 8507 8084 8239 8395 7724 8478 7931 7305 8327 8115 7574 7874 8008 7813 8074 7546 8305 8361 8456 7564 8405 8049 7608 7876 8003 7817 7626 7825 7857 8124 8388 8045 7207 8007 7553 8024 8196 8124 8208 7863 7255 7263 8071 7579 7545 7741 7415 8434 7920 8149 8005 8298 7929 7849 7701 7980 7946 7772 7467 8372 8265 7351 7276 8206 8387 8185 8042 7951 8417 7232 7975 7380 7286 8141 8096 7762 7682 7256 7910 7312 7587 8072 8292 7969 8050 8222 7989 7806 8495 8070 8568 8876 8124 8425 7411 8026 8005 8039 8180 8055 7858 8278 8229 7253 7529 8451 8032 8407 8060 7806 8459 8292 7846 7821 8225 7816 7939 8653 8137 7873 7870 7885 7734 8292 8245 7755 7791 7954 7598 7774 7728 7878 7905 8042 8444 8054 8238 7639 8410 8902 7932 7768 7846 8129 7794 7822 8169 8089 7935 8414 7866 7391 8072 7614 8291 8099 8154 8207 7919 7999 8137 7301 8537 7995 7695 7959 7935 7859 8001 7862 7853 8303 8818 7753 7517 7561 8215 7767 7858 7722 7930 8213 8330 8207 7898 8247 7641 8088 8177 7723 8040 8228 8365 8259 8363 8322 8029 9201 8029 8102 7815 7505 7355 8064 7539 8026 7925 8148 8098 7868 7918 7605 7968 8202 7749 7353 7835 8018 7846 8510 8228 8069 7796 7982 8684 7814 7605 8935 8010 8136 8389 7778 7618 7944 8167 8176 8127 7865 8456 7944 8394 7712 7860 8171 7705 7694 8299 7813 7315 7908 7439 8040 8059 7756 8039 7816 8381 7877 8596 8360 8082 8125 7985 7874 8122 8266 8211 8212 8190 7673 7531 7835 7783 8176 
7821 8095 7592 7945 8455 8042 8739 7597 8255 8133 8429 8190 8445 7820 7831 8008 7877 8780 7870 8254 7945 8138 8052 7906 8171 8164 7692 7711 8228 8247 7641 8175 7858 8800 8223 8128 8288 8152 8651 7412 8837 8267 8101 8181 7940 8737 8666 7723 7797 8266 8150 8374 8190 8232 8006 8651 7762 8063 8350 8487 7834 8484 8083 7917 8146 8283 8503 7930 8486 8268 7831 8130 8129 7939 8387 8195 7466 8157 8274 8096 8626 8068 8323 8490 7791 8240 8127 8619 8487 8644 7304 7656 8489 8563 8569 8323 7866 8366 8314 8104 8284 8209 8523 7997 8184 8128 7917 7818 8143 8181 8171 8414 8149 7878 7949 8324 7936 7797 8600 7555 8391 8336 8354 8188 8399 7581 8598 7924 8160 8664 7712 8547 7715 7487 8533 8172 7770 8103 8176 7873 8142 8078 8084 8206 8085 8159 8264 8227 7874 7577 8196 8162 8088 7939 7699 8061 8345 8092 7608 8591 8151 8604 8495 8458 8496 8038 7203 8042 8250 8293 7896 7918 7988 8563 8332 8824 8503 8307 7839 8349 8445 8105 7987 7813 7933 8274 8351 7908 7730 8401 8276 8184 8537 8153 8616 7958 7852 7555 7611 8266 8299 8007 7919 7359 7832 7535 8014 8008 8457 8199 8225 8176 8587 7853 8448 7784 8662 8393 8311 8623 7920 7948 8136 8185 8542 7897 8570 8717 8418 7905 8016 8460 8384 8457 7959 8312 8599 8647 7998 8103 8556 8052 8074 8423 8480 8148 7753 7679 7636 8793 8169 8225 7758 8023 8152 7646 7547 7571 8316 8058 8451 8642 8476 8093 8599 9085 8431 7975 7846 8201 8340 7869 8685 8559 8040 8555 8150 7815 8125 7929 8515 8319 8349 7988 8228 8117 8387 7710 8763 8321 7913 8070 8059 8228 8040 7886 8485 8265 8375 8167 7501 8030 8177 8431 8299 8176 8407 8561 8553 8397 8035 8017 7947 8396 8105 7873 8002 8528 8299 8500 8495 8129 8469 8969 7888 8230 7788 7585 7805 8150 7635 8415 8222 8136 8249 8054 8292 8084 8405 8378 7968 7838 8375 8174 8294 8442 8493 8646 8049 8414 8714 8125 8006 8784 8278 8222 8085 8020 8013 8195 8454 8184 8257 8331 8110 7586 8821 8033 8137 8522 7885 7586 8390 8120 7952 7903 7699 8118 8613 8220 8223 7973 8835 8033 8674 8205 8310 7930 8627 8271 8504 8414 8207 8503 8125 7941 7894 8273 7835 8138 
7981 7984 7871 8086 8201 8118 9001 7693 8636 8426 8762 8290 8204 7982 8232 8474 8028 9163 8407 8347 8402 8081 7909 8201 8403 8468 8151 8187 8139 8087 7981 8255 8069 8593 7913 8414 8554 8572 8851 7957 8822 8405 8009 8435 8134 9164 8884 8175 8187 8885 8275 8171 8631 8278 8133 8481 7944 8471 8300 8496 8196 8718 8157 8044 7796 8554 8866 8319 8707 8731 8257 8153 8375 8100 8793 8147 7671 8392 8751 8424 8611 8326 8482 8549 8000 8506 8087 8677 8695 8820 7660 7756 8501 8562 8893 8188 7764 8416 8545 8167 8435 8291 8608 8150 8396 8336 8101 8034 8407 8241 8351 8234 8454 7985 8072 8759 8290 8040 8719 7859 8258 8614 8025 8585 8343 7924 8836 8449 8722 8584 8183 8630 7722 7783 8537 8718 7680 8686 8476 8586 8410 7795 8556 8193 8246 8101 8748 8319 7858 8069 8023 8136 8193 7770 7926 8175 8824 8433 7603 8308 7977 8516 8805 8652 8574 8105 7325 8184 8414 8059 7917 8090 7670 8456 8160 8692 8830 8285 7973 8061 8313 8171 7883 8024 7883 8858 8246 7748 7904 8378 8608 8319 8393 8144 8784 7837 8285 7939 7709 8756 8061 8211 8491 7527 8321 7645 7822 8429 8694 8336 8499 8608 8850 8145 8800 8602 8447 8984 8442 8758 7520 8360 8398 8255 8249 8142 8471 8949 8645 7961 8241 8869 8671 8645 8311 8241 8575 8810 8420 8406 8402 8321 8235 8691 8623 8331 7821 8055 8035 8603 8504 7947 8260 8279 8226 8180 7983 8210 8333 8366 9016 8451 8562 8447 8583 9181 8464 8233 8174 8308 8390 8495 8280 8355 8420 9241 7957 7716 8504 7845 8430 8651 8645 8445 8159 8475 8467 7454 8591 8393 8217 8592 7960 8311 8229 8063 8061 8311 8910 8332 7930 8323 8496 8499 8389 7995 8331 8731 8732 8387 8488 8482 8074 8402 8272 7930 8009 8489 8446 8728 8840 8419 8225 9106 8833 8245 8129 7900 8147 8478 7865 8489 8116 8567 8216 8593 8281 8122 8291 8750 8153 8245 8315 8247 8161 8620 8178 8367 7813 8889 8356 8151 8374 9304 8285 8209 8650 7918 7755 8637 8372 8680 8356 8284 8424 8232 8943 8254 8063 8592 8418 7697 8060 8473 7911 8069 7850 8361 8926 8261 8187 7896 8827 8230 8970 8320 8397 7941 8783 8042 8692 8440 8469 8486 8852 8308 8115 8490 8000 8244 
7838 7811 7754 7853 8066 7568 8488 7575 8377 7899 8204 8146 8041 7521 7959 8254 7836 8669 8372 8007 7987 7850 7680 7704 8031 8150 7773 7549 8006 8041 7542 7824 7759 8074 7638 8389 8184 7797 8428 7709 8325 8412 7950 7710 7833 8716 8505 7524 8067 8079 8019 7844 8084 8015 7802 8031 7862 7955 8140 8445 8219 8384 7897 8002 7863 8358 8153 7850 8248 8168 7783 7867 7924 7903 8315 8071 7405 7968 8014 7944 8649 8198 8131 8133 7579 7954 7914 7955 8383 8725 7350 7474 8060 8062 8634 7740 7276 8313 7919 8105 7898 8357 8692 8154 7840 7943 7776 7878 8182 8100 8318 7995 8141 7811 7700 8550 8018 7692 8109 7779 8032 8425 7945 7881 8084 7672 8534 7873 7939 8095 7943 8293 7666 7247 8164 8130 7465 8134 8052 8115 8096 7724 7871 8195 8166 7809 8394 7924 7556 7287 7699 8177 7895 7743 7758 7806 8277 7905 7203 8125 7785 8556 8211 8199 8323 7758 7243 7747 7560 8125 7429 7643 7289 8220 7810 7923 8281 8164 7820 8243 7783 7659 7892 7600 7509 7942 7919 7559 7813 8316 8245 8155 8429 7857 8413 7737 8428 7486 7298 8302 8165 8143 7877 7441 7746 7243 7446 7871 8436 7937 8017 8027 8337 7635 8478 8100 8129 8284 8120 8428 7454 7844 8023 8203 8217 7827 8102 8352 8341 7554 7749 8056 8096 8563 8017 7851 8456 8495 7862 7886 8046 8103 7985 8414 8404 8021 7614 7605 7847 8576 8368 7737 7608 7852 8136 7863 7919 7840 8109 7913 8445 7973 8328 8038 8166 8611 7962 8104 7779 8182 8059 8080 8153 8160 7751 8610 7954 7747 8287 7619 8539 8206 8200 8054 8156 7937 7826 7280 8427 8291 7609 7659 7919 7964 7763 7690 8206 8019 8476 7935 7490 8123 7893 8063 8398 7825 8072 8454 8043 7952 8280 7887 7677 8280 7670 7786 7970 8333 8310 8323 8317 7990 8234 8691 7937 8043 7897 7567 8045 8037 7487 8229 8112 8110 7926 8199 7965 7689 8042 8585 8047 7588 8466 8273 7752 8311 8099 8327 7670 8273 8651 7620 7711 8947 7954 7961 8303 7861 7788 8137 8208 8258 8260 8094 8271 7912 8216 8009 7890 8163 7960 7766 8107 8057 7872 7918 7511 8165 8315 7893 8200 7758 8399 8069 8821 8079 7854 7552 8334 7561 8275 8008 8375 8250 8105 7912 7819 7822 7542 8043 
8270 8181 7795 8263 8099 8248 8751 7794 8310 8126 8812 8330 8452 8031 8153 8450 8172 9000 8011 8432 8317 8163 8067 8311 8361 8114 7820 8029 8251 8132 7949 8131 7791 8646 7772 8472 8538 8062 8333 8020 8858 8354 8273 8268 8146 8801 8697 7792 8015 8553 8626 8223 8124 8070 7929 8457 8335 8597 8290 8824 8397 8725 8134 8139 8020 8612 8639 8010 8436 8203 8352 8184 8390 8056 8529 8510 7615 8266 8399 8612 8727 8509 8381 9120 7396 8041 7984 8600 8670 8876 7580 8012 8367 8618 8816 7818 7620 8488 8516 8131 8447 8530 8668 8546 8262 8492 7957 7850 8483 8346 8584 8052 8461 7905 8351 8623 7989 8290 8686 8424 8450 8674 8590 8045 8418 7833 8829 8054 8280 8680 8347 8402 7879 7611 8616 8327 7964 8176 8341 8384 8317 7768 8710 8303 8483 7948 8814 8241 7809 7816 8278 8165 8026 7788 7772 8348 8625 8025 7395 8471 8386 8650 8346 8764 8243 8200 7401 7548 8312 8035 7988 8084 7829 8736 8210 8512 8402 8753 8108 8333 8241 8351 8091 8034 7794 8506 8768 7953 7428 8406 8381 8199 8199 8320 8835 7845 8156 7845 7763 8585 8334 7934 8215 7589 7849 7499 8090 8472 8064 8244 8490 8356 8661 8223 8818 8320 8595 8540 8270 8702 7856 8017 8236 8439 8548 8106 8471 8403 8607 7825 7858 8682 8281 8561 8101 8492 8657 8478 7953 8126 8432 8114 8290 8726 8711 7931 7704 8067 7994 8717 8624 8286 7747 8187 8386 8111 7713 8169 8042 8285 8511 8495 8511 8414 8584 9231 8210 8110 8182 7908 8335 8229 8603 8845 8493 8979 8352 8010 8211 7950 8281 8540 8137 8333 8516 8576 8500 7624 8436 8209 8023 7946 8271 8314 8171 8032 8557 7821 8619 8168 7577 8209 8187 8453 8455 8352 8261 8518 8565 8587 8101 8446 8113 8595 8195 8016 8415 8445 8388 8523 8742 8035 8216 8942 8306 8147 8238 8018 8080 8477 7878 8559 8234 8370 8290 8426 8618 8485 8541 8658 8066 8150 8076 8318 8244 8852 8381 8690 7751 8781 8450 7993 8261 8973 8557 8155 8711 8184 8166 8504 8737 8586 8532 8325 8447 7914 8900 8121 8040 8634 8390 7869 8191 8307 8178 8209 8076 8579 8559 8338 8316 8283 8743 8268 8738 8339 8392 8047 9048 8015 8323 8305 8422 8591 8230 8023 7980 8078 8200 8408 
7699 7929 7777 7811 7782 7771 8103 7404 7968 7932 8369 7907 8020 7619 7898 8070 7483 8871 8179 7961 7960 7991 7801 7713 8000 7960 7900 7512 8033 7963 7703 7903 7690 8293 7835 7926 8068 8184 8406 7688 8093 7982 8131 7831 7811 8700 8466 7793 7868 7907 8170 7975 8142 8119 7851 7942 8035 8116 7980 8155 7952 8342 7746 7771 7638 8113 8610 8145 8346 7948 7724 8030 8097 7996 8142 7877 7377 7803 8012 7916 8848 8112 8041 8619 7518 8076 8038 8220 8527 8429 7508 7278 8141 7867 8636 7866 7431 7960 8090 7885 8046 8159 8589 7975 7927 7897 7649 7842 8224 8018 8001 8293 8233 7749 7608 8415 7733 7951 8323 7876 7914 8231 8242 7715 7886 7555 8413 7893 8075 8117 8085 8157 7631 7195 7941 8262 7585 8232 8015 8025 7999 7815 7683 8284 8036 7686 8607 8053 7541 7667 7874 7875 7844 7607 7588 7927 8334 8008 7262 8271 7560 8000 8111 8265 8042 7967 7364 7775 7871 7739 7503 7648 7397 8040 8260 8332 8503 8174 8059 8079 8053 7668 7960 7692 7800 8075 8245 7517 7456 7971 8080 8286 7994 7950 8414 7382 8192 7624 7483 8026 8136 7845 7939 7656 7660 7475 7472 7877 7816 7923 8015 7908 8530 7864 8179 8374 8505 7970 8240 8398 7644 7949 8083 8339 7918 7802 7947 8552 8325 7903 7464 8422 8415 8170 7904 8178 8414 8602 7947 7860 8441 7934 7776 8278 8426 8128 7758 7721 7734 8318 8186 7880 7601 7645 7612 7419 7829 8112 7876 8052 8204 7910 7949 8186 8549 8803 8066 7919 7807 8149 7660 8043 8144 8190 8087 8637 7942 7508 8229 7614 8376 8489 8252 8023 7958 8285 8227 7646 8524 8415 7935 8051 7896 8038 7923 8040 8055 8104 8395 7878 7724 8070 7952 8020 7951 7903 8252 8385 8190 7898 8208 8044 8019 8514 7822 7790 7938 8023 8068 8125 8640 8541 8321 8708 7885 7936 8100 7590 7852 8095 7518 8579 8268 8183 8051 8127 8174 7940 8227 8426 7688 7794 8223 8140 7584 8145 8004 8585 7527 8246 8316 7393 7924 8674 8076 7888 8273 7825 7879 8370 8614 8122 8018 7991 8223 7749 8677 7906 8534 8083 8006 7755 8095 7994 7982 7928 7568 8294 8271 8054 8182 7793 8467 8221 8719 7719 7868 7612 8403 7863 8266 8359 8392 8428 8333 7821 7575 8197 7728 8124 
7871 8339 7984 8263 8396 8341 8541 7752 8342 8130 8894 8036 8324 8008 7883 8633 7997 8843 8484 7950 8338 8104 7981 8195 8508 8281 8131 7974 8615 8219 7946 8008 8148 8639 7741 8508 8992 8151 8667 7899 8643 8480 8241 8474 8099 8870 8967 7949 7857 8341 8149 8336 8474 8317 7885 8454 8102 8343 8264 8483 8513 8536 7947 8238 8213 8440 8916 8282 8185 8227 7883 7925 8211 8374 7979 8218 7380 8294 8343 8520 8804 8524 8422 8719 7812 8678 8242 8736 8785 8707 7586 8037 8295 8467 8789 7981 7762 8581 8632 8214 8414 8631 8859 8317 8392 8258 7978 8137 8496 8384 8536 8779 8509 8038 7932 8710 7761 8325 8530 8102 8412 8477 8373 8467 7967 8022 9153 8304 8206 8586 8127 8705 7916 7768 8608 8079 7990 8508 8474 8247 7938 8113 8356 8380 8318 8163 8700 8265 7818 8125 8436 8104 8255 8232 8034 8532 8438 8463 7505 8815 7871 8617 8441 8699 8543 8157 7506 7858 8488 7981 7841 7840 7851 8714 8296 8997 8698 8482 8345 8553 8334 8294 8343 8062 7723 8858 8384 8071 8044 8202 8283 8369 8323 8008 8675 8048 8071 7608 7604 8518 8093 8085 8104 7684 7965 7671 7977 8570 8394 8247 8380 8299 8712 7884 8442 8465 8592 8529 8410 8607 7640 8293 8296 8468 8382 8235 8311 8375 8561 7785 8069 8777 8274 8329 8271 8143 8486 8700 8288 8543 8699 8237 8264 8649 8481 8187 7880 7849 7802 8666 8218 8118 8082 8101 8316 8332 7995 7779 8146 8491 8558 8697 8474 8111 8856 9127 8286 8361 8236 8118 8144 8137 8185 8670 8677 8884 7946 8208 8436 8054 8858 8463 8815 8484 8388 8513 8703 7646 8853 8828 8048 7898 7919 8458 8323 7900 8359 8214 8568 8530 8136 8238 8192 8542 8412 8252 8433 8464 8532 8109 8197 8615 7897 8990 8474 8146 8666 8464 8539 8417 8635 8439 8444 8777 8260 8376 8049 7831 8236 8657 7798 8305 8390 8137 8259 8384 8167 8072 8398 8847 8065 7896 8168 8044 7910 8750 8664 8728 7953 8718 8606 7976 8206 8793 8229 8350 8358 8129 7729 8226 8898 8693 8245 8627 8687 8299 8689 7984 8173 8463 8246 8015 8383 8096 7789 8096 7548 8437 8328 8404 8097 8168 8804 8410 8698 8335 8614 7975 8690 8026 8452 8235 8849 8655 8298 7850 7772 8080 8283 8319 
8323 8550 8085 8532 8671 8556 9509 8049 8668 8796 9100 8841 8872 8121 8264 8478 8408 9035 8805 8541 8676 8681 8342 8541 8684 8733 8229 8142 8681 8837 8293 7983 8572 9118 8659 8846 8883 8513 9061 8337 9238 8782 8525 8460 8705 9447 9139 8451 8614 8749 8753 8733 8860 8688 8294 8745 8629 8863 8967 8910 8823 9151 8352 8246 8612 8796 8835 8474 8958 8964 8309 8399 8698 8620 8553 8784 7977 8913 8804 8400 9375 8397 8695 9254 8194 8609 8521 8915 8916 9065 8126 8036 8806 8891 9176 8366 8098 8990 8858 8468 8634 8473 9104 8713 8635 8626 8310 8164 8851 8760 8646 8730 8632 8264 8371 9066 8551 8308 9131 8431 8741 8700 8678 8803 8440 8284 9043 8556 8854 9085 8415 9278 8344 7784 8984 8607 7881 8805 8419 8898 8889 8237 8622 8676 8547 8408 8956 8714 8161 8143 8541 8335 8658 8332 8246 8614 8809 8621 8255 8775 8207 8616 9075 8795 8718 8611 8122 8387 8271 8287 8097 8207 8023 8919 8690 9207 8958 9062 8604 8553 8569 8378 8469 8242 8091 8903 8636 8068 8335 8694 8749 8792 8828 8631 9167 8096 8420 8144 8117 8896 8426 8364 8493 7951 8443 8245 8309 8890 8928 8312 8704 8852 9041 8403 9163 8912 8829 8870 8579 9031 8323 8608 8837 8766 8544 8428 8686 8950 9053 8484 8600 8825 8904 8994 8718 8473 8859 8922 8596 8584 9309 8507 8635 9257 9094 8853 8246 8635 8463 8866 8888 8469 8384 8703 8510 7974 8251 8293 8691 8629 9149 9111 8892 8704 9110 9719 8687 8523 8548 8629 8487 8288 8645 8986 8700 9408 8525 8217 8809 8080 9164 8592 8968 8664 8650 8794 8743 7976 8805 8637 8432 8564 8708 8715 8689 8551 8410 8830 9071 8582 8394 8670 8639 8820 8856 8136 8733 9024 9011 8693 8797 8739 8211 8866 8434 8698 8561 8733 8887 8805 9002 8559 8713 9540 8741 8643 8666 8275 8275 8768 8035 8921 8664 8796 8898 8719 8777 8446 8869 8938 8538 8132 8708 8673 8470 9055 8743 8622 8281 9091 8678 8528 8452 9350 8760 8605 8733 8546 8336 8685 8975 9032 8532 8992 8791 8408 9270 8637 9007 8670 8504 8076 8821 8639 8378 8491 8082 9158 9055 8810 8555 8317 8984 8493 9553 8953 8457 8268 9041 8744 8970 8919 8901 8796 8804 8335 8413 8644 8600 8885 
7409 7965 7591 7632 7869 8058 8033 7307 8036 7959 8320 7827 7811 7256 7578 7777 7803 8487 8014 8084 7888 7714 7650 7700 7836 7880 7794 7521 7819 7733 7353 7672 7619 8269 7563 8394 8094 7809 8185 7372 8461 8112 7685 7713 7838 8432 8260 7872 7464 8236 7585 8216 7613 7891 7281 7783 7599 8122 8066 8054 7845 8161 7754 7772 7427 7784 8308 7721 7968 8085 7491 7525 8024 7719 7855 7898 7146 7790 8123 7823 8512 7624 7779 8303 7555 7762 7675 7780 8108 8194 7197 7286 8095 7860 8370 7655 6979 7969 7944 7819 7734 8098 8031 7719 7973 7484 7583 7442 7918 8067 8038 7993 7972 7746 7512 8341 7475 7922 8243 7789 7419 8158 7716 7886 7591 7509 8460 7840 8169 8517 7621 8136 7395 7065 8245 7857 7496 7729 7813 7718 7727 7481 8095 8164 8258 7528 8135 7943 7476 7513 7920 7438 7491 7749 7533 7963 8085 7758 7299 8410 7766 8162 7937 7993 7811 7857 6998 7181 7612 7476 7424 7758 7626 8330 7699 8413 8241 7976 7433 7987 7710 7577 7614 7592 7315 7918 7893 7531 7609 7818 8304 7983 8066 7912 8272 7363 7741 7469 7637 8059 7934 7728 7962 7104 8033 7103 7634 7410 8270 7881 7853 7801 8039 7796 8197 8078 8225 8282 7826 8260 7822 7954 8055 7834 7937 7658 7852 8388 8048 7539 7248 8389 8015 8108 7925 7861 8205 7918 7586 7473 8205 7992 7706 8275 7701 7725 7521 7277 7503 8421 8002 7646 7621 7460 7824 7511 7796 7409 7643 8197 8339 7989 7883 7515 8554 8578 7884 7973 7719 7933 7910 7773 8474 8089 7904 8356 7785 7620 8055 7472 8162 8035 8173 7826 7934 8177 8032 7248 8432 7727 7793 7639 7680 7829 8039 7337 7759 7895 8167 7967 7448 7718 7847 8042 8028 7700 7905 8015 8141 8030 7737 8105 7370 8106 7824 7731 7861 7937 7988 7927 8088 7862 7858 8579 7896 7659 7301 7319 7683 7747 7546 8177 8036 8169 8135 7790 7992 7860 7808 8495 7689 7424 7797 7883 7812 8175 8003 8204 7770 7864 8056 7844 7956 8660 7771 7514 8103 7506 7654 7907 8177 8175 7944 7611 8168 7554 8360 7758 7843 8017 7778 7484 7911 7886 7503 7665 7297 8261 7989 8027 7717 7621 8455 8052 8598 7849 7986 7504 8001 7665 8062 8046 8002 8125 7861 7473 7840 7885 7708 7987 
7510 7971 7784 8080 7665 7917 8449 7376 8449 8153 8107 8106 7992 7598 7857 7811 7525 8561 8042 8268 8001 7939 8084 7718 8100 7949 7778 7426 8179 8014 7922 7643 7942 8199 7695 8217 8413 7944 8243 7772 8115 8270 7869 8022 7505 8568 8448 7644 7579 8109 8207 7731 8153 7850 7656 8059 7888 8097 8072 8158 8036 8277 7905 7935 7783 7964 8502 7947 8301 7980 7565 7472 8185 7781 8422 7886 7558 8025 8297 7876 8838 8074 7807 8318 7965 8166 7740 7870 8792 8331 7531 7643 7997 8022 8623 7730 7457 8161 8115 7727 7770 8039 8460 8065 8180 7761 7856 7738 7898 8024 7962 8132 7911 8022 7980 8481 7691 8096 8467 7943 8056 8309 8096 7750 8111 7707 8496 8227 8009 8362 7924 8306 7825 7213 8016 8364 7612 7940 8250 8290 8284 8108 8145 8075 7706 8138 8522 7930 7618 7819 7870 8294 7490 7673 7295 7943 8432 8448 7320 8384 8034 8334 8287 8249 8216 7804 7340 7511 7686 8000 7432 7953 7339 8289 7963 8338 8276 8145 7864 8279 8247 7945 7611 7755 7454 8090 7939 7448 7800 8174 8099 8200 8241 7880 8721 7712 8282 7572 7329 8322 7931 7820 7843 7821 8005 7146 7815 8261 8127 7678 8069 8100 8124 7736 8387 8135 8449 8387 8267 8626 7493 8040 8188 8158 8364 7984 7646 8409 8203 7632 7902 8239 8133 8330 7911 7863 8247 8510 7728 7750 8185 8118 7877 8515 8099 8116 7845 7737 7613 7942 8154 7810 7693 7855 7749 7915 7794 7553 7806 8230 8664 8512 8106 7958 8540 8793 8178 8048 7896 7890 7678 8153 7890 8286 7843 8765 7785 7949 8264 7650 8565 7974 8449 8243 8197 7758 7859 7412 8357 8493 8002 7750 7848 8074 8294 7625 7759 7923 8265 7961 7775 8115 7868 7879 7969 7977 8191 8435 8386 8394 8413 8153 7965 8549 7980 7621 8371 8096 8160 8482 8182 8178 8005 8994 8030 8130 7600 7508 8475 7992 7648 8323 8155 8008 8229 8199 8088 7979 8056 8579 8066 7488 8116 8064 7605 8340 8173 8220 7352 8425 8140 7730 8162 8655 7830 7752 8186 7594 7832 8116 8290 8163 8186 7898 8232 8044 8598 8145 8087 8225 7696 7600 7535 8225 7901 7840 7546 8293 8395 8223 7929 7869 8442 7940 8662 7932 7947 7837 8141 7899 8517 7992 8437 8393 8155 7769 8007 8282 7701 8071 
7800 8073 7473 8063 8324 8339 8471 7820 8377 8286 8488 8263 7856 7921 8310 8130 7841 9243 8692 8376 8445 8312 8188 7923 8371 8376 8093 7942 8391 8122 7678 8013 8095 8809 7833 8585 8515 8358 8544 7978 8753 8670 8091 8576 8243 8827 8666 7964 7740 8136 8550 8279 8475 8316 8099 8581 7888 8543 8257 8431 8466 8679 8031 8132 8014 8597 8873 8223 8375 8787 7823 7797 8488 8000 8370 8026 7538 8234 8518 8563 9000 8115 8448 8971 8087 8358 8187 8222 8488 8877 7798 7689 8345 8429 8559 7874 7455 8508 8645 7887 8252 8579 8815 8230 8047 8071 8223 7688 8382 8364 8210 7998 8168 8051 8349 8673 7871 8178 8375 8248 8067 8626 8324 8132 8364 7753 8660 8024 8103 8369 8283 8496 7595 7740 8513 8334 7696 8569 8182 8591 7997 8045 8210 8517 8282 8128 8474 8176 7474 7866 8273 8496 7729 7758 7905 8407 8477 8240 7662 8540 8124 8613 8762 8200 8541 8260 7414 8140 8128 8254 7717 7944 7525 8689 8379 8764 8601 8464 7565 7926 8229 8384 8123 8039 8036 8295 8436 7957 7855 8249 8308 8606 8302 8296 8671 7812 8206 7852 7538 8622 8331 8019 7904 7615 7572 7569 7507 8593 8545 8214 8301 8236 8584 7987 8826 8773 8662 8934 8403 8777 7775 8052 8412 8455 8563 8090 8334 8539 8677 8110 8020 8734 8277 7944 8030 8382 8532 8762 8048 8123 8378 8081 8192 8830 8503 8124 7904 8056 7813 8427 8383 8201 7936 8075 8065 8300 7807 8071 8396 8332 8786 8293 8422 8304 8515 8892 8339 8288 8188 8345 7940 8033 8348 8681 8486 9027 8306 8224 8067 8195 8598 8248 8361 8310 8293 8312 8488 7463 8758 8929 7878 8118 7974 8215 8255 8407 8165 8241 8461 8134 8023 8421 8430 8344 8391 7980 8432 8641 8360 8248 8239 7950 8253 8644 8397 8020 8097 8226 8548 8465 8473 8747 8253 9101 8199 8307 7851 7882 8232 8523 7935 8705 8392 8418 8062 8602 8428 8388 8496 8689 8172 8098 8303 8039 8071 8345 8500 8428 7846 8698 8367 7902 8401 8674 8496 7923 8435 7887 7896 8460 8093 8201 8323 8076 8512 8073 8857 8142 8334 8794 8370 7946 8419 8256 8223 7891 7613 8392 8632 8417 8097 8023 8518 8281 9094 8239 8303 7914 8598 7681 8344 8439 8563 8596 8612 8203 7753 8172 7898 8669 
8201 8115 7604 8269 8247 8107 8794 7580 8470 8263 8593 8502 8370 7884 8005 8160 8253 8703 8546 7923 8584 7851 7788 8138 8147 8565 7941 7698 8455 8345 7631 7980 8204 8471 8030 8236 8659 8510 8849 7837 8894 8613 8296 8157 7902 9140 8722 8203 8056 8616 8100 8229 8019 8285 8064 8662 8176 8225 8320 8658 8281 8450 8169 8322 7801 8468 8885 7978 8418 8716 7964 8007 8513 7837 8255 8311 7448 8329 8311 8257 8722 8311 8251 8844 7755 8413 8339 8674 8621 8615 7654 8003 8376 8678 8875 8248 7632 8593 8678 8072 8365 8288 8778 8200 8721 8209 7926 8018 8385 8345 8617 8604 8118 8386 7964 8762 8063 7855 8368 8000 8308 8458 8164 8242 8400 8041 8513 8307 8250 8681 8342 8736 8220 7680 8549 8379 7803 8570 8277 8140 7984 7923 8501 8241 8095 8213 8947 7952 7665 8006 8259 8327 7816 8138 7683 8445 8423 8337 7711 8810 8198 8582 8519 8353 8557 7995 7716 8262 8274 7962 7760 7948 7761 8419 8097 8704 8798 8470 8268 8189 8288 7851 8178 7917 7874 8359 8110 7984 8100 8654 8404 8293 8287 8109 8973 7628 8350 7984 7722 8524 8200 7810 8215 8003 8228 7573 7895 8099 8754 8359 8216 8478 8738 7887 8504 8406 8499 8172 8298 8648 7924 8257 8683 8342 8478 8081 8572 8928 8517 8080 7918 8596 8482 8516 8577 8467 8809 8608 8334 8194 8564 8087 8083 8659 8637 8194 7703 7762 8049 8461 8308 8131 7864 8288 8318 7970 7936 8123 8124 8555 8819 8352 8133 8352 8853 8982 8558 8178 8175 8190 8022 8108 8664 8596 8272 8703 7864 8025 8302 7940 8550 8617 8427 8250 8855 8410 8370 7552 8777 8667 7992 8217 8010 8524 8268 7884 8557 8124 8518 8542 7831 8280 7965 8582 8108 7959 8403 8924 8379 8252 8151 8184 8076 8741 8507 8334 8424 8162 8469 8648 8653 8132 8551 8950 8398 8215 8335 7694 8249 8357 7849 8308 8514 8356 8193 8451 8754 8067 8511 8759 8148 8137 8332 8216 8013 8611 8393 8635 7963 8319 8458 8319 8054 8925 8231 8205 8225 8072 8259 8273 8729 8549 8114 7946 8586 8156 8914 7995 8363 8584 7986 8107 8278 8143 7934 8358 7678 8364 8443 8211 8370 8074 8837 8285 8681 8010 8517 7757 8903 8046 8504 8377 8573 8472 8533 8130 8098 8276 8231 8275 
7679 8154 7566 8006 8034 7907 8676 7459 8154 8329 8535 7849 7932 7859 8146 7888 7844 8600 8215 8059 7977 7887 7770 7890 8057 7958 7692 7846 8142 8127 8018 7783 7600 8501 7874 8190 8437 8208 8152 8008 8376 8005 7792 8196 7898 8634 8765 7602 7848 8100 8153 8033 8135 7973 7697 8160 8001 8207 8374 8238 8270 8271 7928 7868 7669 8300 8509 7878 8333 8025 7843 7715 8489 8217 8221 7977 7417 8011 8071 7914 8565 8327 8026 8479 7615 7754 8126 8009 8801 8582 7544 7517 8209 8185 8595 7778 7367 8271 8409 8137 8059 8231 8629 8026 8150 8025 7745 7990 8217 7988 8475 8318 8245 8013 8024 8417 7793 7870 8322 7840 7939 8264 8146 8045 8139 7510 8774 8065 8303 8342 8215 8049 7823 7557 8654 8140 7514 8234 8273 8255 7956 8225 8188 8208 8282 8260 8504 7817 7279 7791 7991 7997 8034 8010 7841 8060 8188 8401 7943 8318 7928 8452 8332 8674 7822 7677 7598 7813 7874 7808 7546 8394 7366 8267 7682 8436 8683 7889 7932 8071 8174 7906 7892 7991 7647 8052 8035 7873 7742 8220 8393 8358 7970 7736 8398 7353 7873 7893 7460 8111 7936 7875 8050 7649 7956 7097 7759 8235 8265 7708 8221 8235 8597 7754 8599 7911 8302 8449 8534 8840 7234 7811 8133 7912 8344 8083 8401 8068 8363 8001 7908 8121 8167 8501 7836 8176 8567 8528 8003 7877 8266 7999 7986 8521 8321 8497 7483 7431 7329 8407 8508 8061 7963 8398 8072 7870 7599 7989 8141 8017 8554 8239 8211 8015 8352 8948 7973 8218 8052 7956 8038 8255 8375 8353 8099 8821 7937 7989 8110 7865 8313 8292 8242 8273 8398 7952 8311 7552 8268 8316 7696 8028 7713 8239 8282 7778 8118 8022 8291 7929 7936 7925 8320 8114 8237 8157 8199 8355 8244 8415 8099 8285 7871 8435 8326 7642 8104 8108 7904 8746 8088 8049 8227 8726 8006 7886 8070 7532 8281 8286 7644 8277 8335 8237 8161 8080 7937 8201 8229 8206 7776 7626 8485 8309 7745 8470 8124 8347 7511 8693 8339 7748 8075 8665 7974 7917 8007 7736 7842 8263 8533 8145 8052 8321 8183 7810 8742 7741 8148 8643 7730 7750 8075 8089 7492 7930 7454 8160 8588 8509 8253 7685 8133 7966 8688 7708 8359 7856 8560 7918 8696 8172 7912 8432 8251 7925 8068 7652 7461 7976 
7926 8079 7749 7666 8094 8014 8270 7439 8393 8107 8727 8632 8082 7806 7680 8337 7932 8595 8038 8118 8220 8195 7974 8076 8155 8261 8245 7952 8220 8364 7514 7803 8189 8493 7680 8543 8314 8065 8363 7844 8523 8693 8339 8034 8103 8760 8566 7822 7949 8529 8177 8411 8246 8040 7644 8404 7742 8402 8326 8367 8663 8103 7914 8280 8031 8282 8263 8139 8256 8500 7959 7824 8291 7843 8078 7857 7601 8396 8262 8424 8592 8309 8073 8682 7448 8287 8092 8236 8325 8333 7681 7857 8393 8159 8558 8236 7694 8160 8478 7906 8302 8139 8653 8388 8154 8238 7903 7823 8475 8178 7883 8393 8199 8007 8360 8547 7995 7683 8371 7668 8097 8443 8335 8108 8348 7661 8602 7836 8242 8489 8094 8302 7747 7642 8338 8373 7592 8432 7878 8111 8056 7822 8146 8332 8254 7758 8553 7763 7287 7926 8070 8100 7450 7828 7771 8577 8367 7807 7531 8435 7797 7832 8623 8304 8355 8611 7478 7622 8106 7699 7682 8070 7871 8412 8232 8506 8551 8389 7865 8138 8221 7941 8137 7739 7677 8171 8406 7876 7960 8399 8157 8222 8271 8164 8673 7722 8042 7548 7526 8160 8118 7742 7872 7393 7955 7277 7520 7918 8339 8054 8108 8329 8677 7980 8846 8464 8228 8541 8194 8721 7966 8176 8453 8236 8278 8078 8204 8665 8303 7934 7853 8556 8078 8545 8103 7880 8493 8476 7874 7950 8685 8042 7998 8503 8714 8115 7732 8038 7708 8336 8515 8080 7778 8211 8309 7882 7732 7895 7815 8031 8377 8178 8186 7841 8708 9310 8471 8061 7997 7735 8347 8306 8519 8391 8300 8787 7997 7904 7787 7727 8558 8532 8101 8035 8225 8147 8186 7020 8644 8397 8107 7918 7954 7984 8409 7576 8105 8046 8487 8297 7611 8010 8237 8199 8300 8046 8269 8425 8342 8254 8214 8556 7748 8409 8305 8055 7766 8046 8467 8289 8689 7915 8286 8792 8183 8423 7894 7848 8023 7912 7672 8142 8422 8312 8073 8348 8162 8260 8085 8317 7904 7850 8333 8167 7976 8523 8174 8517 7520 8337 8684 7796 7822 8595 8493 8001 8159 7826 8051 8119 8208 8118 8626 8144 8194 8043 8509 8049 8229 8069 7902 7894 8022 8470 7947 7780 7612 8710 8700 8152 8069 7877 8739 8191 8674 8350 8505 8091 8501 7868 8065 8136 8252 8218 8435 7727 8122 8003 7982 8647 
7706 7699 7303 7937 8057 7995 8719 7681 8404 8156 8574 8293 7976 7632 7767 8109 7843 8528 8060 8016 7993 7726 7908 7797 7900 8076 7992 7448 8085 8367 7748 7734 7879 8492 8008 8410 8596 8069 8372 7824 8669 8247 7969 8067 7923 8826 8628 7814 7902 8693 7982 8553 8182 7865 7652 8282 7829 8128 8356 8524 8492 8268 7867 8055 7549 8229 8402 7772 8587 8398 7986 7764 8153 7915 8363 8240 7525 8063 8177 7924 8436 7877 8321 8576 7676 8156 8160 8569 8241 8233 7725 7650 8391 8141 8496 7889 7231 8392 8340 7868 7950 7983 8562 7969 7987 8054 7782 7889 8282 8521 7907 8093 7949 7793 7817 8413 8060 7819 8255 7757 7968 8685 7821 8171 7940 7742 8651 7847 8514 8356 8040 8200 7559 7112 8297 7925 7555 8193 8079 7869 8141 8004 8266 8030 8311 8087 8103 8314 7700 7580 8023 8236 7703 7911 7808 8046 8241 8222 7117 8326 8180 8045 8442 8396 7930 8185 7262 7870 8030 7757 7587 7747 7263 8336 7999 8327 8398 8044 7669 8011 7935 7634 7844 7660 7545 7796 8079 7650 7674 8425 8164 8040 8379 8316 8463 7499 7955 7412 7465 8356 8090 7662 7557 7383 7836 7517 7244 8188 8222 8189 8242 8226 8465 7804 8670 8184 8006 8100 8006 8702 7548 8014 8088 8148 8344 7544 8303 8147 8105 7523 7792 8275 8309 8374 8202 7800 8154 8695 7793 8024 8802 8119 7782 8328 8124 8297 7882 7803 7621 8394 8190 8286 7866 8233 7890 7623 7661 7620 8136 8259 8410 8273 8220 8029 8402 8700 8114 8199 7617 7949 7959 8214 7880 8245 8221 8466 7986 7616 8237 7669 8312 8245 8268 8571 8375 8405 8405 7162 8616 8225 8093 7731 8176 7946 7876 7885 7991 8311 8590 8037 7604 7884 8412 8055 8010 7923 8017 8265 8492 8194 8057 8147 7570 8300 8061 7942 8131 8089 8143 8249 8535 8320 8003 9160 8180 8049 7882 7713 8201 8052 7632 8502 8430 8151 7876 8123 8202 8107 7790 8495 7979 7648 8311 8232 7887 8392 8049 8434 7688 8396 8123 7890 8054 8675 8085 7859 8207 8027 8132 8085 8549 8080 7697 7996 8478 7992 8531 8045 8070 8355 7955 7740 8088 8152 7790 8087 7510 8385 8428 8181 8169 7846 8213 7952 8965 8087 8268 7645 8863 7788 8628 8183 8370 8486 8097 8121 8059 8125 7889 7915 
7753 8280 7916 8399 8104 8128 8445 7899 8222 8486 8452 8007 8233 7683 8023 8298 8129 8883 8481 8075 8277 8012 7922 8184 8622 8537 7801 7671 8335 8251 7630 8096 7886 8502 8397 8422 8722 8060 8484 7871 8785 8523 7988 8310 8152 8738 8644 7853 7814 8299 8560 8295 8334 8414 7754 8477 7834 8589 8356 8558 8460 8523 8098 8119 7862 8285 8801 7914 8255 8000 8018 7978 8295 8201 8093 8289 7356 8043 8364 8025 9008 8171 8073 8623 7824 8318 8288 8232 8460 8341 7487 7692 8636 8420 8631 8111 7570 8446 8410 7931 8228 8398 8704 8370 8338 8090 7823 7967 8316 8255 8347 8818 8095 8041 7992 8626 7912 7911 8533 8089 8265 8492 8261 8259 8233 7685 8836 8072 8368 8508 8115 8411 7882 7547 8417 8435 7687 8306 8096 8286 8317 7932 8496 8241 8513 7946 8506 8009 7971 7945 8314 8333 7997 8151 7660 8602 8497 8262 7975 8516 8267 8413 8453 8567 8353 7981 7450 7769 8084 7658 7771 8060 7765 8688 7841 8810 8718 8489 8183 8054 8119 8061 8440 8054 7681 8368 8194 8096 7929 8431 8241 8552 8264 8407 8602 7708 8249 7807 7631 8176 8436 7942 8062 7655 7948 7248 8205 8252 8265 8387 8286 8411 8548 7808 8696 7956 8538 8534 8291 9209 8009 8070 8533 8605 8370 7706 8083 8656 8541 7986 8297 8648 8422 8516 8237 8174 8283 8810 8267 8043 8745 8041 8064 8939 8642 8435 7840 8001 7405 8355 8406 8232 7921 8043 8055 7886 7775 7700 8242 8409 8998 8556 8668 8060 8728 9046 8341 7953 7805 8169 8202 8102 8412 8528 8405 8897 7736 7964 8429 7894 8347 8226 8419 8564 8442 8134 8353 7408 8801 8190 7959 8204 8245 8280 8146 7885 8457 8216 8558 8096 7884 8483 8329 8383 8084 7811 8274 8608 8553 8454 7982 8158 8169 8424 7958 8285 8063 8148 8256 8199 8455 8439 8441 9072 8434 8421 8046 7769 7997 8217 8090 8126 8433 8297 8102 8415 8213 8089 8444 8634 8142 7711 8032 8151 7770 8506 8040 8723 7884 8636 8262 8017 8277 8800 8401 7954 8491 8250 8046 8127 8442 8495 8178 8351 8674 7868 8855 7918 7996 8470 8244 7699 8160 8363 7839 8049 7773 8366 8454 8476 8168 8039 8677 7875 9083 8034 8451 7933 8870 8159 8641 8013 8692 8569 8387 8002 7933 8315 8050 8391 
8157 8113 7392 8053 8405 8053 8786 7654 8410 8195 8861 8360 8273 7703 8118 8248 8177 8823 8567 8567 8622 8281 7867 8295 8167 8543 8016 8000 8407 8624 7797 7956 7925 8731 8137 8427 8596 8274 8633 8006 8681 8665 7913 8344 7975 8981 8861 8291 7890 8632 8431 7989 8570 8242 7841 8609 8201 8440 8518 8568 8719 8437 8159 8023 7992 8559 8881 7859 8437 8485 7995 8035 8394 8070 8446 8505 7898 7908 8402 8475 8599 8321 8377 8500 7768 8437 8062 8574 8688 8455 7781 7883 8143 8607 9038 8085 7711 8258 8598 8401 8245 8490 8811 8521 8079 8442 7999 8154 8298 8447 8415 8608 8372 8154 8260 8461 8008 7953 8737 8192 8295 8537 8581 8128 8473 7781 8678 8410 8450 8469 8080 8650 7931 7613 8479 8452 8166 8496 8339 8531 8312 7948 8283 8243 8346 8211 8629 8247 7880 7803 8238 8581 8362 7853 7828 8324 8747 8450 7806 8316 7844 8384 8557 8517 8585 8364 7479 8005 8109 8177 7673 8206 7483 8462 8203 8417 8615 8164 8045 8205 8395 8155 8107 7990 7904 8673 8315 7951 8047 8429 8545 8420 8425 8275 8786 7732 8160 7868 7439 8667 8267 8055 8346 7907 8043 7100 7803 8551 8263 8234 8464 8112 8571 8160 8705 8483 8675 8700 8601 8627 7789 8160 8403 8610 8557 8307 8327 8677 8459 7871 8123 8883 8440 8737 8184 8277 8403 8540 8299 8196 8629 8083 7947 8736 8732 8314 8095 8215 7432 8533 8386 8190 8129 8366 8142 8095 7920 7720 8326 8333 8737 8421 8313 8491 8659 9500 8157 8453 8177 8187 8104 7970 8383 8567 8540 8797 7834 8176 8220 8015 8484 8467 8688 8484 8432 8234 8665 7366 8495 8469 8373 8250 8285 8065 8461 7898 8483 8510 8762 8141 7791 8128 8664 8178 8171 7891 8469 8845 8484 8371 8070 8119 7866 8664 8163 8086 7987 7977 8604 8503 8505 8422 8315 9222 8284 8132 7867 8013 8267 8224 7900 8323 8295 8657 8300 8241 8510 8350 8618 8516 8191 7938 8057 8563 8043 8300 8369 8570 8057 8827 8498 8114 8193 8772 8215 8106 8513 8158 7884 8588 8459 8478 8340 8486 8848 8333 8982 8009 8474 8569 8185 8148 8158 8311 8262 7973 8156 8591 8542 8524 8072 8168 8764 8107 9041 8223 8080 8220 8616 8102 8733 8380 8615 8470 8185 8079 7785 8619 8091 8237 
7710 8182 7607 7882 7821 7891 8534 7558 7764 7966 8653 7997 8034 7431 8053 7762 7708 8628 8149 7951 7615 8065 7759 7919 8160 7944 7972 7789 7993 7991 7937 8096 7577 8301 7775 7903 7977 7934 8054 7527 8513 8285 8018 7982 7709 8580 8364 7723 7535 7948 8048 7875 7966 7880 7486 8273 7647 8216 8210 8404 8067 8240 7940 8056 7572 8163 8210 7931 8159 8221 7758 7556 8432 7752 7892 8063 7281 7729 8431 8228 8667 7954 8292 8667 7501 7863 7839 8227 8254 8496 7327 7341 8204 8118 8276 7547 7257 8291 8306 7670 7861 7929 8319 8360 8381 7823 7504 7709 8055 7735 7870 8163 8235 7837 7604 8539 7668 8035 8444 8213 8003 8490 8145 7913 8006 7163 8526 8041 8190 8545 8188 8153 7560 7263 8393 8060 7669 8289 7908 7912 7977 7829 7952 8238 8049 8087 8297 7621 7454 7845 7569 7883 8027 8108 7311 8102 8154 7982 7303 8271 7784 8314 8295 8233 8067 7648 6995 7658 7868 7949 7469 7930 7510 8124 7859 8368 8388 7894 7728 7815 7969 7905 7839 7597 7594 8025 8193 7498 7289 8067 8231 8190 8229 8121 8466 7377 7868 7567 7531 7960 7928 7437 7912 7359 7421 7038 7545 8144 8014 8098 8125 7844 8341 7610 8333 7593 8301 8141 7786 8452 7560 7921 8334 7926 8316 7448 8081 8095 8275 7410 7720 8368 8216 7851 7943 7967 8374 8267 7915 8137 8376 7964 7774 8388 8108 8117 7531 7422 7577 8473 8321 7898 7615 7795 7583 7804 7807 8010 8011 8103 8220 8296 8096 8324 8397 8512 7990 7889 7724 7826 8135 8084 7979 8200 8213 8605 7545 7665 8266 7572 8301 7798 8012 7999 8156 7940 8047 7758 8394 8000 7759 7806 7836 7903 8223 7669 7945 8009 8609 8267 7771 7956 8204 8241 8580 7844 7998 8709 8102 8288 7830 7762 7770 8132 7784 7642 7915 7880 8148 8144 8134 7844 7971 8779 7956 7860 7820 7322 7855 8334 7475 8088 8045 7997 7860 8116 7949 8082 7907 8159 7581 7502 8151 7934 7789 8729 8063 8529 7344 8230 8039 7958 7880 8559 8009 7943 8123 7617 8383 7961 8332 8032 7949 7951 8283 7658 8612 8059 7973 8068 7873 7928 7952 8057 7571 7682 7344 8347 8357 8398 8146 7667 8517 7664 8122 7595 7994 7717 8485 8109 8300 8002 7995 8555 7933 7884 7989 8023 7885 8013 
7935 8129 8089 8371 8113 7919 8586 7689 8111 8206 8456 8203 8027 7631 7834 8039 8002 8683 8321 8134 8346 8058 7797 7786 8128 8303 8112 7626 8134 8062 7725 7831 7773 8684 7837 8108 8206 7952 8589 7766 8120 8364 7995 8047 8002 8929 8741 7645 7776 8440 8037 8330 7804 7890 7736 8385 8001 8572 8152 8458 8135 8413 8042 7787 7657 8236 8272 7914 8857 8406 8202 8080 8106 7855 8134 7821 7483 7710 8029 8038 8653 8099 7974 8587 7613 8026 7906 8142 8200 8827 7496 7537 8196 7964 8567 7750 7567 8603 8343 8054 7897 8235 8685 8165 8147 7834 7719 7702 8056 8104 8051 8003 8197 7910 7813 8542 7545 7848 8242 7809 8059 8251 8170 8197 8150 7651 8748 8089 8161 8320 8079 8231 7679 7437 8406 8172 7881 8349 8041 8324 8181 8213 8083 8303 8195 8045 8314 8024 7429 7633 7598 7816 7974 7880 7594 8230 8576 8128 7413 8241 8126 8368 8227 8507 8291 8028 7364 7569 8035 8075 7612 8064 7690 8371 8044 8390 8429 8206 7996 8110 7896 8289 8064 8024 7482 7947 8044 7426 8017 7865 8258 8273 8308 8035 8662 7498 8020 7722 7538 8341 7726 7941 8032 7352 7647 7459 7846 8395 8290 7982 7970 8258 8524 7618 8580 8020 8463 8293 8305 8772 7898 7969 8386 8234 8317 7947 8306 8529 8301 8168 7961 8421 8299 8000 7821 8090 8355 8813 7637 7685 8196 8083 7893 8477 8286 8333 7905 7749 7516 8212 8522 8069 7757 8100 8029 7888 7780 7820 7990 7842 8633 8574 8442 7913 8067 8929 7927 7832 7992 8188 8059 8033 8446 8127 8095 8870 8051 7976 8108 7638 8361 8314 8066 8182 8116 8245 8324 7459 8456 8424 7887 8086 7881 8146 8588 7817 8022 8346 8435 8346 7438 8150 8271 8112 8508 7791 8221 8713 8276 8270 7846 8419 7621 8393 8145 7973 8161 7978 8014 8310 8405 8276 8099 8940 8355 7976 7837 7957 8027 8404 7807 8286 8181 8356 8094 8036 8296 8448 8275 8624 8068 7696 8337 8013 8134 8506 8316 8430 7518 8302 8420 7892 7990 8670 8241 8023 8273 7827 7675 8096 8497 8342 8457 8155 8072 8067 8649 7981 7985 8313 7837 7865 8213 8362 7452 7850 7631 8551 8587 8251 8174 7920 8649 8132 8894 8219 8155 8033 8356 8175 8266 8494 8284 8381 8451 7792 7750 7981 8006 8135 
7973 7888 7228 7891 7925 7635 8267 7580 7925 7763 8330 8007 7861 7721 7902 8197 7467 8190 8189 7964 7827 8001 7732 7549 8073 7895 7683 7400 7793 7629 7481 7883 7774 8306 7806 7875 7775 7891 8013 6992 8240 8199 7964 7792 7865 8292 8135 7774 7370 7861 7911 7800 7772 8021 7314 8174 7595 8053 8029 8158 8209 7949 7632 7751 7680 8421 8166 7435 8209 8060 7563 7476 8039 7517 8167 7740 7312 7789 7825 7750 8494 7685 7799 8295 7600 8337 7790 7928 8032 8458 6926 7408 7935 8149 8305 7999 7490 7781 8118 7796 7989 8122 8580 7681 7659 7217 7750 7557 8037 7682 8315 8131 8009 7347 7587 8286 7518 7859 8074 7588 7536 7998 8029 7603 7782 7690 8225 7560 7974 7885 7915 7874 7527 7130 8043 8091 7504 7942 8112 8092 8019 7687 7959 7922 7711 7634 8101 7590 7438 7330 7791 8018 7857 7820 7574 7883 8002 7888 7382 8061 7605 8044 7996 7727 7879 7901 7141 7667 7802 7901 7206 7678 7392 8074 7679 8219 8225 8319 7511 7897 7739 7798 7898 7472 7563 7843 8159 7584 7494 7820 8001 8094 7690 7795 8400 7300 8079 7393 7224 7912 7931 7902 7860 7254 7383 7290 7335 7432 8241 7727 8034 7743 8354 7524 8722 8079 8124 8128 8173 8341 7611 7724 8192 8061 8252 7607 7772 8041 8126 7465 7648 8267 7875 7922 7897 8092 7961 8077 7870 7838 7856 7867 7780 8117 8038 7741 7566 7676 7296 8129 8089 7777 7390 7868 7540 7606 7600 7633 7633 7746 8232 8082 7902 7543 8168 8582 7813 7666 7704 7955 7836 7495 7959 8016 7878 8579 7236 7671 8037 7170 8175 8225 7813 7759 7422 8055 7972 7417 8073 8089 7375 7947 7674 7854 8127 7319 8040 7638 8264 7730 7453 7659 7751 8008 7682 7756 7970 8274 7789 7787 7886 7920 7514 8098 7579 7527 7726 8178 8186 7981 7921 8171 7876 8655 7709 7737 7938 7255 7756 8245 7398 7964 7846 7960 8041 7773 7929 7993 7883 8096 7847 7513 7894 7782 8037 8133 7893 7957 7346 8146 8269 7397 7764 8633 8071 7694 7931 7229 7529 8302 7916 8324 8311 8193 8404 7838 8369 7824 7845 8065 7725 7689 7571 7683 7731 7848 7607 7829 8260 7999 7977 7584 8359 7904 8621 7490 8174 7508 7998 7850 7891 7638 8208 8264 8005 7631 7710 7852 7326 8264 
8106 8152 7806 8113 8537 8274 9050 7950 8769 8744 9187 8861 8273 8144 8293 8234 7791 9044 8204 8631 8479 8518 8260 8179 8194 8326 8155 8152 8272 8474 7902 8344 8244 8643 8234 8729 8839 8440 8458 8108 8847 8703 8165 8587 8141 9237 8768 7765 8101 8455 8684 8526 8792 8193 8033 8683 8035 8618 8520 8581 8591 8770 8396 8059 8010 8347 8667 7937 8974 8613 8234 8482 8483 8161 8571 7999 7732 8628 8473 8544 8846 8345 8375 8903 7780 8530 8058 8620 8674 8616 7508 7984 8492 8795 8846 8271 8029 8408 8622 8111 8348 8274 8622 8795 8506 8310 8289 7702 8295 8650 8014 8390 8596 7865 8231 8967 8084 8360 8607 7937 8286 8279 8327 8356 8345 8094 8961 8397 8305 8461 8283 8935 7708 7662 8521 8800 8002 8867 8366 8658 8372 8073 8252 8345 8248 8404 8496 8218 7617 8131 8468 8355 8126 8128 7837 8356 8806 8406 7747 8551 8127 8402 8872 8422 8657 8151 7841 7944 8253 8291 7733 8228 7770 8807 8597 8724 8807 8458 8347 8042 8514 8230 7954 8228 7913 8370 8268 8077 7958 8432 8686 8660 8747 8312 8975 7725 8193 7954 7639 8467 8513 8382 8159 7901 8142 7790 7918 8618 8457 8522 8748 8634 8845 7643 9068 8628 8699 8787 8384 8812 8129 8332 8450 8525 8424 8159 8483 8901 8684 7883 8110 8706 8472 8775 8318 8254 8547 8937 8618 8215 8705 8337 8083 8725 8662 8142 8075 8193 7982 8536 8326 8438 8152 8423 8271 8019 8084 8106 8413 8638 8979 8680 8534 8474 8625 9170 8560 8308 8327 8417 8164 8313 8709 8749 8253 9036 8342 8028 8524 8128 8799 8555 8826 8630 8247 8507 8449 7691 8744 8680 8128 8196 8210 8689 8323 8370 8458 8185 8678 8138 7932 8430 8615 8677 8492 8227 8628 8752 8725 8752 8363 8245 7973 8596 8189 8229 8303 8551 8361 8386 8847 8563 8356 9119 8740 8232 8275 7868 8427 8120 8072 8493 8341 8513 8364 8738 8361 8281 8466 8647 8412 8322 8419 8583 8177 8744 8546 8429 7942 9061 8700 8195 8223 8831 8690 8276 8533 8230 8088 8591 8877 8239 8453 8418 8538 8079 8911 8057 8407 8692 8196 8072 8252 8411 8351 8291 7738 8482 8896 8477 8492 8115 8691 8145 9102 8286 8218 7756 8988 8025 8613 8508 8673 8782 8908 8379 8051 8393 8322 8345 
7784 8125 7765 7970 7901 8030 8459 7551 8420 8280 8660 8292 8014 7846 7865 8293 7876 8766 8367 8364 8222 8399 7957 8182 8057 8621 8190 8055 7984 8337 7890 7947 7798 8528 7999 8327 8408 8353 8700 7955 8432 8607 8492 8477 7976 8758 9298 7802 7863 8458 8060 8066 8376 8130 8212 8655 7854 8300 8471 8416 8185 8246 8463 7955 7694 8460 8600 8355 8739 8220 7826 7903 8191 7944 8419 8101 7278 8386 8263 7973 8857 8239 8397 8774 7844 8293 8083 8362 8485 8879 7887 7535 8538 8186 8953 8237 7840 8487 8638 8147 8210 8677 8712 8369 8129 7897 7940 7911 8149 8301 8459 8190 8361 8240 7925 8593 7947 7885 8667 8105 8055 8577 8508 8238 8528 7910 9052 8286 7996 8759 8096 8511 7691 7619 8228 8450 7600 8356 8383 8385 8142 8127 8216 8426 8395 8127 8375 7894 7848 7997 8216 8113 8232 8054 8005 8297 8687 8230 7498 8602 8271 8489 8218 8632 8352 8443 7415 7946 8322 8190 8011 8015 7602 8248 8374 8743 8652 8321 8238 8468 8067 7888 8103 8008 7922 8492 8472 7844 8045 8195 8661 8501 8197 7896 8897 7891 8462 7785 7637 8475 8268 7865 8087 7539 7999 7724 7558 8215 8247 8372 8363 8351 8527 7741 8557 8097 8543 8695 8431 8982 7832 8101 8007 8101 8505 7851 8134 8351 8373 7911 7735 8798 8352 8542 8092 8146 8427 8902 7860 8146 8239 8155 8164 8611 8492 8396 7827 7980 7989 8623 8187 8244 7761 8110 8061 8002 7702 8234 8040 8148 8857 8512 8822 8008 8606 8979 8315 8347 7916 8226 8237 8586 8119 8741 8481 8875 8218 7741 8286 7952 8601 8289 8366 8333 8365 8255 8229 7545 8741 8444 7815 7939 8140 8231 8243 7951 8132 8310 8541 8323 7692 7962 8202 8148 8191 7977 8667 8530 8459 8372 7901 8447 7961 8780 8427 7699 8290 8310 8217 8296 8418 8674 8677 9419 8254 8349 7712 7383 8201 8492 7846 8667 8216 8270 8222 8173 8417 8209 8251 8230 8160 7997 8183 8239 7945 8671 8399 8505 7862 8448 8393 7832 8195 8623 8130 8272 8384 7913 8048 8386 8095 8630 8537 8519 8430 8064 8911 7736 8028 8731 8231 7968 8157 7939 7649 7874 7824 8416 8500 8278 8134 8021 8639 8354 8882 8225 8161 8006 8678 8098 8263 8256 8609 8543 8431 7847 7678 8179 7862 8120 
8173 8090 7610 7864 8353 8070 8423 7421 8408 8273 8600 8175 7924 7600 7951 8249 8302 8847 8157 8224 8066 8045 8076 8003 8261 8179 8016 7762 8395 8228 7659 7841 8042 8656 7796 8381 8265 7999 8520 7804 8569 8310 8010 8061 7858 8628 8696 7949 7924 8225 8353 7707 8122 7902 8047 8535 7809 8220 8366 8245 8033 8098 8070 8143 8061 8305 8845 8045 8333 8008 7726 7804 8464 7760 7998 7995 7620 7937 8129 8278 8885 8194 8106 8541 7484 8214 8159 8382 8400 8745 7702 7750 8154 8249 8894 7823 7339 8219 8573 8065 7897 8408 8366 8600 8339 8303 7830 7956 8105 8074 8148 8340 8104 8076 7670 8544 8087 7848 8250 7847 8044 8250 8309 8123 8405 8007 8523 8247 8245 8546 8197 8565 7632 7437 8516 8196 7812 8286 8397 8512 8029 7930 7847 8227 8185 8110 8367 7786 7529 7841 8043 8427 7564 8060 7742 8320 8481 8020 7277 8612 8270 8577 8408 8574 7866 7856 7512 7872 7886 7593 7495 7797 7757 8447 7989 8497 8825 8495 7889 7975 8188 8056 7886 7689 7782 7890 8178 8285 7718 8183 8296 8386 8235 8377 8550 7578 8047 7657 7886 8370 8220 7911 8139 7379 7680 7368 7727 8018 8266 8051 8584 8450 8375 7811 8321 8257 8569 8360 8221 8579 7525 8326 8317 8011 8281 8242 8300 7989 8114 7840 7922 8550 8177 8489 7961 8130 8146 8692 8142 7920 8518 7895 7896 8412 8605 8009 7732 7730 7802 8419 8000 7902 7966 7904 8088 7793 7945 7982 7988 7990 8466 8204 8126 8260 8609 8866 8324 7931 8016 7952 7957 8295 8141 8119 8636 8683 7904 7690 8001 7854 8388 8330 8418 8067 8048 8172 8169 7387 8427 8333 7827 7874 7873 8441 8259 7777 8143 8450 8412 8140 7339 7973 8068 8126 8112 7770 8074 8751 8527 8455 8027 8161 7564 8779 8176 7911 8059 8312 8745 8325 8628 8296 8610 9091 8184 8448 7940 7700 8071 8103 7868 8182 8100 8269 8102 8240 8117 7953 8165 8446 8141 7964 8103 8531 8102 8379 8631 8127 7978 8568 8509 7937 8085 8631 8390 7875 8130 7985 8008 8248 8435 8421 8187 8182 8182 7933 8532 8397 7776 8432 7939 7854 7991 8237 7700 7837 7612 8247 8375 8266 8317 8308 8523 7981 9086 8069 8174 7867 8637 8042 8123 8468 8172 8651 8364 7935 7961 8163 8103 8432 
8481 8332 7802 8188 8471 8289 8809 7629 8462 8201 9168 8565 8343 7738 8161 8576 8013 9192 8613 8168 8248 8117 8066 8197 8596 8351 8106 7920 8470 8564 8169 7920 8068 8841 8192 8725 8670 8161 8633 8161 8846 8465 8465 8211 8263 8731 8604 7986 8223 8487 8312 8332 8585 8643 8070 8215 7970 8380 8623 8597 8470 8881 8154 8217 8016 8394 8646 8070 8880 8620 8273 8298 8165 8156 8157 8215 7533 8381 8491 8219 8930 8561 8483 8780 7851 8197 8193 8757 8592 8795 7601 7793 8649 8412 8770 8273 7556 8711 8576 8257 8428 8662 8832 8738 8168 8146 7981 8134 8430 8396 8248 8458 8455 8185 8289 8697 8213 8153 8382 8107 8109 8548 8428 8299 8342 7886 8976 7808 8400 8670 8180 8691 8075 7728 8751 8704 7806 8764 8376 8400 8203 8280 8493 8416 8440 8268 8438 8109 7879 7845 8578 8383 7912 8101 7991 8370 8734 8322 7833 8497 8123 8410 8665 8638 8456 8317 7518 7923 8312 8154 8030 8292 7843 8534 8433 8602 8557 8790 8345 8428 8187 7907 8273 7825 7845 8152 8560 7987 8048 8414 8826 8694 8597 8295 8595 7875 8420 7923 7791 8399 8599 8176 8316 8017 8100 7426 8110 8694 8449 8027 8554 8338 8536 8065 8925 8248 8529 8710 8588 8947 8135 8362 8384 8536 8556 8097 8514 8866 8554 7845 7945 8759 8359 8652 7976 8436 8637 8501 8522 8265 8943 8052 8450 9013 8805 8433 7927 7742 7993 8548 8725 7912 8041 8354 7909 7780 8067 7873 8331 8441 8842 8548 8733 8321 8701 9187 8394 8167 7988 8222 8195 8263 8723 8276 8355 8952 8050 7903 8278 8212 8744 8576 8508 8440 8302 8410 8875 7477 8634 8406 8452 7988 8289 8216 8368 8135 8666 8501 8883 8399 7748 8142 8371 8560 8450 8225 8446 8781 8941 8388 8098 8567 7773 8709 8102 8125 8298 8496 8418 8770 8776 8073 8466 9218 8536 8276 8189 7953 8337 8065 7932 8554 8647 8531 8316 8433 8355 7905 8472 8638 8258 8031 8204 8534 8330 8512 8419 8693 7885 8639 8794 8132 8005 8879 8290 8043 8836 8386 7906 8250 8732 8509 8005 8651 8478 7998 8701 7876 8389 8707 8327 7970 8496 8363 8043 7975 7818 8713 8560 8355 8342 8012 8893 8538 9199 8415 8104 8245 8990 8287 8651 8706 8653 8628 8689 8145 8177 8200 7907 8491 
7797 8062 8007 8002 8203 7636 8338 7654 8159 8069 8266 8118 8233 7749 7680 7975 7760 8512 8190 7872 7872 7894 7652 7788 7933 8121 7976 7393 8081 7885 7807 7496 7572 8246 7684 8178 8285 7942 8289 7685 7946 8259 7633 7890 7773 8611 8391 7542 7862 8201 7853 8045 8198 8014 7485 8210 7543 8306 8102 8196 8204 8219 7954 8007 7890 8164 8644 8151 8156 8013 7884 7821 7589 7888 7836 7822 7333 8013 8218 8090 8644 8128 8129 8553 7217 8129 7991 8257 8328 8633 7154 7404 7994 7936 8479 7887 7445 8450 8284 7824 7399 7819 8724 8432 8112 8080 7549 7461 8208 8090 8087 8073 7971 7820 7674 8399 7616 7766 8244 7821 8032 8302 8005 7927 7889 7525 8544 7765 7991 8235 7999 8191 7906 7071 8346 8188 7859 8328 7933 8068 7687 8139 8311 8456 8117 7681 8027 7748 7367 7430 7946 8330 7941 8181 7732 8179 7949 7972 7223 8262 7661 8332 8187 8145 7701 7972 7457 7405 8034 7774 7414 7794 7497 8207 8237 8309 8343 8254 7620 7793 7945 7527 8059 7680 7620 8113 8150 7418 7524 7953 8354 8215 8417 8157 8584 7541 7901 7363 7346 8084 7805 7672 7925 7399 7625 7457 7508 8267 7989 7839 8270 7795 8438 7825 8345 8016 8438 8102 8160 8682 7525 7942 8034 8403 7804 7920 8160 8161 8208 7623 7749 8306 8226 8443 7926 7835 7972 8526 7615 7967 8360 7664 7901 8156 7981 7874 7712 7641 7435 8504 8018 8447 7634 7999 7927 7361 7642 7590 8089 8225 8317 8488 8071 7919 8573 8967 8070 7937 7855 7887 8239 7875 8160 8081 8020 8469 7726 7718 8157 7552 7999 8373 7974 8060 8204 8069 8189 7471 8455 8211 7504 7808 7678 8087 8048 7900 8142 8055 8336 8053 7458 7889 8130 7849 8049 7796 8422 8462 8116 7698 7918 8324 8078 8176 8079 7601 8094 7701 8216 8379 8460 7924 7982 8775 8341 7837 7978 7490 8200 8210 7599 8355 8212 7743 8104 8082 8182 8039 7582 8680 7599 7816 7885 7654 7816 8403 8337 8335 7480 8355 7967 7854 8003 8501 8029 7850 8027 7702 7915 8320 8583 8061 8089 8219 8357 7967 8891 8021 8260 8435 7763 7602 8360 8295 7606 7891 7414 8034 8489 8429 8001 8121 8230 8087 8811 7803 8034 7788 8603 7920 8020 8307 7996 8417 8208 7750 7902 7735 7945 8447 
8123 7894 7793 8232 8588 8147 9033 7682 8301 8326 9012 8215 8248 7852 7996 8394 7648 8889 8297 8395 8351 7940 8139 7957 8296 8402 8365 8234 8177 8235 7674 7970 7831 8832 7879 8145 8489 8433 8678 7991 8600 8690 8161 8397 8000 8669 8412 7715 8201 8375 7966 8043 8850 8091 8033 8528 7538 8390 8233 8425 8506 8395 8246 8304 7768 8540 8937 8184 8355 8422 7965 8155 8274 7851 8308 8087 7878 8047 8096 8369 8733 8303 8320 8641 7750 8254 8175 8847 8577 8654 7863 7779 8364 8613 8747 7976 7650 8332 8370 8429 8310 8232 8654 8538 8119 8197 7827 7867 8188 8572 8305 8695 8442 7963 8163 8757 8211 8148 8541 7910 8308 8558 8428 7991 8244 7925 9020 8148 8379 8388 7970 8425 7817 7727 8658 8594 7623 8498 7878 8519 8276 8318 8428 8285 8259 8346 8295 8294 7729 8017 8227 8471 8139 8113 7744 8146 8472 8540 7534 8601 8407 8223 8541 8698 8158 8170 7752 7866 7924 8224 7948 7741 7668 8593 8181 8467 8513 8337 8133 8231 8202 8030 7797 8178 7862 8431 8784 7787 8101 8472 8471 8733 8393 8032 8612 8015 8398 7690 7793 8456 8136 8019 8303 7599 8320 7673 7724 8138 8506 8044 8271 8629 8760 7889 8562 8373 8533 8600 8451 8747 7598 7970 8288 8379 8244 8190 8197 8712 8463 7777 7768 8460 8423 8434 8232 8201 8439 8867 8221 8438 8610 7924 8056 8462 8784 8372 7839 8136 8215 8416 8207 8283 7607 8264 8195 8051 7811 7857 8054 8226 8696 8537 8104 8266 8661 8920 8052 8111 7981 8199 8166 8275 8466 8211 8206 8921 8122 7840 8306 7839 8353 8541 8542 8378 7968 8177 8250 7597 8626 8687 8069 8077 8010 8669 8036 7974 8541 8330 8556 7945 7592 7937 8516 8588 8354 8325 8336 8550 8655 8621 8119 8246 7858 8759 8216 8064 8188 8388 8446 8392 8483 8067 8399 9241 8334 8216 7833 7924 8108 8320 7771 8431 8357 8166 8184 8267 8130 8456 8207 8468 8137 7902 8142 8174 8191 8690 8251 8529 8026 8302 8737 8231 8169 8876 8300 8218 8404 8344 8155 7943 8685 8341 7941 8348 8691 8354 8646 8034 8492 8545 7932 7773 8203 8280 7912 7821 7765 8450 8379 8336 8056 8389 8786 8370 9089 8059 8445 7912 8813 8125 8534 8344 8551 8498 8673 8037 8253 8089 8077 8025 
7673 7827 7555 8060 8052 8085 8544 7503 8255 7994 8199 7955 7835 7783 7727 8115 8061 8723 8086 8035 8315 8065 7804 8259 8254 8329 7914 7773 8339 8267 7574 8141 7657 8398 7877 8279 8352 8092 8663 7591 8462 8287 8009 7898 7745 8994 8564 7668 7752 8130 8134 8074 7995 7982 7750 8205 7876 8298 8128 8337 7919 8353 7963 7948 7584 8306 8532 7521 8326 8272 8016 8019 8182 8100 8342 7970 7226 8133 8152 8079 8476 8031 8210 8335 7482 7912 7906 8271 8455 8361 7124 7605 8132 8158 8670 7716 7465 8265 8345 8045 7925 8135 8531 8017 8131 8094 7817 7293 8256 8068 7876 7951 8312 7676 7676 8216 7734 7850 8196 7386 7981 8329 8072 7929 8142 7677 8710 8118 8135 8310 8000 8236 7888 7327 8423 8252 7654 8257 8059 7898 8251 7924 8154 8064 7928 8163 8244 7918 7398 7600 7724 7932 7739 7757 7571 8262 8152 8076 7367 8274 7880 8377 8055 8482 8274 7872 7420 7501 7867 7882 7498 7975 7587 8604 7744 8243 8406 7821 8008 8038 8250 8004 7920 7977 7831 7654 7889 7581 7534 8117 8234 8315 8091 8131 8290 7381 8198 7915 7214 8297 8025 7693 7844 7455 8266 7170 7547 8178 8139 8277 8162 8212 8492 7524 8416 7989 8400 8461 8169 8561 7822 7888 8137 8149 8115 7900 8103 8782 7929 7464 7810 8454 8115 8205 8238 8132 8305 8574 7826 7933 8438 7774 7780 8616 8294 7950 7846 8077 7447 8343 8271 7990 7646 8091 8141 7553 7657 7966 7997 8010 8661 8393 8423 7947 8488 8995 7885 7813 7883 8060 8094 7841 8483 8412 7968 8375 7819 7583 8083 7547 8645 8407 8157 8227 7930 7827 8248 7312 8363 8151 8083 8008 7910 7672 8143 7778 7914 8033 8400 8056 7458 7835 8249 8124 7963 8064 8202 8611 8295 8487 8065 7925 7538 8146 8296 7796 8332 8040 8230 8182 8363 8079 8169 8760 8342 7816 7944 7772 7779 7785 7421 8053 8339 8308 8023 8197 8316 7747 8098 8205 7624 7806 8056 8045 8165 8314 8201 8320 7463 8419 8355 7860 8025 8513 8073 7699 7905 7856 7841 7907 8260 8166 8096 8225 8389 7729 8520 7799 7893 8395 7888 7632 8223 8230 7875 7954 7279 8434 8411 8330 8046 7974 8351 8130 8532 8105 8160 7756 8331 8064 8441 8327 8087 8165 8457 7416 7678 8014 7744 8232 
7905 8285 8399 8273 8366 8543 9093 8319 8725 8945 8727 8590 8541 8171 8304 8506 8243 9016 8710 8208 8333 8424 8128 8162 8653 8505 8236 8144 8503 8802 8156 8001 8231 8762 8489 8457 8695 8490 8842 8354 8752 8746 8404 8449 8004 8828 8884 8137 7962 8662 8350 8611 8728 8433 7998 8669 8403 8379 8642 8865 8897 8679 8343 8478 8211 8569 8781 8183 8652 8460 8485 8082 8477 8062 8395 8516 7926 8363 8415 8249 8959 8684 8202 9048 8160 8184 8182 8753 9128 9046 7756 7760 8582 8656 9214 8143 8048 8657 8395 8299 8256 8460 8610 8564 8554 8038 8237 8260 8511 8346 8512 8653 8670 8265 8493 8932 8215 8302 8817 8198 8371 8624 8812 8330 8542 8056 8931 8428 8487 8668 8387 8956 8000 7553 8638 8500 7977 8908 8468 8551 8673 8416 8355 8694 8331 8344 8750 8049 7774 7846 8523 8134 8177 8046 8088 8803 8801 8443 7579 8893 8378 8726 8730 8623 8579 8242 7833 8131 8353 8215 7892 8272 7650 8901 8513 8778 8748 8642 8541 8310 8370 8496 8159 8233 7927 8391 8382 7973 8153 8465 8785 8811 8505 8295 8768 7908 8506 7527 7800 8792 8372 8440 8603 7973 8053 7835 8186 8615 8558 8588 8364 8207 8853 7980 8744 8441 8630 8381 8815 8811 7894 8285 8463 8381 8709 8203 8636 8998 8873 8236 8124 8733 8672 8608 8491 8375 8754 9134 8101 8362 8937 8227 8029 8924 8740 8443 8120 8082 7770 8636 8774 8541 8031 8412 8739 8183 8071 8009 8432 8601 9090 8910 8532 8426 8637 9439 8503 8260 8228 8404 8652 8506 8582 8561 8786 8801 8163 8237 8620 7908 8996 8405 8654 8645 8598 8651 8524 7621 8660 8797 8199 8417 8434 8317 8762 7930 8746 8427 8677 8495 8042 8513 8331 8695 8547 8315 8731 8839 8795 8489 8581 8552 8044 8859 8397 8448 8780 8479 8675 8741 8777 8513 8500 9160 8666 8333 8394 7935 8444 8469 8359 8741 8814 8663 8337 8433 8629 8696 8742 8965 8360 8476 8332 8684 8515 8717 8322 8630 8026 8711 8549 8023 8428 9017 8420 8371 8777 8631 8242 8718 8919 8948 8411 8589 8606 8528 9021 8014 8711 8542 8301 8318 8387 8446 8441 7983 8040 8928 8443 8457 8617 8159 8925 8448 9531 8573 8326 8000 8778 8329 8883 8706 8190 8740 8646 8178 8345 8297 8006 8861 
8759 8506 8148 8251 8652 8584 9281 8106 8665 8744 8711 8505 8605 8081 8559 8583 8328 9082 8784 8526 8644 8555 8180 8237 8675 8960 8203 8243 8299 8591 8303 8457 8150 8880 8272 8667 8795 8424 8945 8404 9134 8791 8433 8660 8393 9311 9260 7977 8426 9004 8394 8699 8543 8095 8531 8890 8030 8635 8691 8870 8573 8822 8343 8679 8300 8876 8839 8317 8548 8706 8309 8548 8801 8447 8763 8460 8031 8457 8539 8550 9140 8901 8793 9182 8280 8744 8448 8828 9372 9002 8216 8272 8802 8688 8952 8624 8045 8897 9036 8632 8624 8589 8611 8641 8652 8106 8190 8412 8697 8756 8776 8600 8651 8378 8586 8948 8273 8331 8855 8307 8539 8502 8858 8741 8509 8212 9208 8634 8466 8843 8501 8693 8233 7845 8738 8816 8090 8861 8564 8535 8820 8381 8713 9012 8796 8461 8897 8630 8415 8344 8530 8467 8196 8464 8316 8198 8950 8853 8184 9070 8313 8675 9092 8888 8677 8474 7787 8505 8520 8268 8057 8364 7825 8966 8385 8940 9089 8845 8518 8419 8671 8427 8480 8384 8318 8747 8598 8623 8114 8888 8765 8719 8426 8817 9174 7961 8789 8155 8019 8751 8694 8415 8412 8170 8404 7888 8017 8656 8658 8486 8534 8543 9028 8157 8965 8563 8923 9186 8811 9170 8050 8542 8846 8909 8876 8365 8243 9276 8989 8377 8328 9091 8672 8680 8404 8488 9009 9005 8642 8430 8910 8828 8441 9090 9193 8778 8228 8066 8234 8944 8748 8606 8492 8554 8392 8486 7990 8522 8599 8608 9168 8910 8709 8601 8915 9486 8710 8737 8185 8758 8766 8558 8726 8729 8814 9141 8322 8630 8614 8333 9105 8561 8664 8724 8512 8458 8826 7987 8866 9125 8497 8631 8621 8583 8512 8423 8622 8589 8835 8503 8205 8274 8802 8676 8658 8585 8494 9173 8933 8873 8503 8886 8463 8803 8740 8387 8378 8721 8825 8835 8638 8630 8857 9281 8383 8472 8480 8249 8585 8827 8250 9074 8624 8724 8573 9044 8822 8867 8884 9091 8271 8097 8634 8622 8378 8919 8686 8826 8217 8710 9112 8106 8569 9303 8215 8529 8465 8493 8463 8553 8683 8967 8655 8509 8912 8865 8887 8399 8647 8747 8472 8254 8877 8620 7961 8399 7842 8800 8787 8635 8712 8138 9015 8662 9355 8679 8655 8153 9004 8432 8832 8639 8759 8932 8740 8332 8276 8775 8137 8655 
8476 8865 8387 8896 8824 8742 9001 7893 9031 8953 9300 8689 8686 8169 8353 8804 8657 9315 8940 8829 8864 8201 8538 8744 8804 8600 8501 8533 8755 8705 8418 8497 8731 9258 8378 8744 9114 9092 9296 8605 9295 8865 8585 8816 8617 9579 9332 8584 8601 9072 8683 8821 9224 8528 8319 8881 8462 9053 8695 9050 8718 8815 8558 8768 8772 8868 9557 8662 8491 8680 8372 8265 8416 8477 8783 8747 8044 8526 9196 8631 9552 8727 8884 9315 8420 8479 8787 9322 9044 9505 8243 8198 8517 9151 9400 8777 8092 9021 8904 8729 8796 8896 9058 8993 8696 8899 8600 8496 8961 8867 9018 9211 8855 8667 8500 9097 8766 8196 8817 8596 8642 8938 8615 9054 8867 8347 9127 8597 9040 9097 8379 9101 8184 7890 9014 8718 8256 8975 8933 8644 8788 8462 8870 8657 8804 8715 8833 8592 8481 8395 8651 8534 8517 8873 8295 8855 9222 8876 8219 8984 8624 8544 8969 8931 8580 8543 7696 8312 8815 8559 8564 8648 8019 8529 8911 9240 9111 8879 8698 8639 8654 8317 8361 8522 8423 8764 9030 8554 8505 8995 8815 9231 8836 8855 9247 8269 9019 7699 7984 8817 8720 8436 8786 8108 8790 8020 8240 9040 9067 8738 8960 8723 8988 8580 9038 8731 9026 9087 8886 9152 8301 8780 8465 8445 8803 8307 9017 9250 9184 8352 8223 9334 8745 9406 8570 8598 8901 9171 8434 8787 8952 8076 8598 8871 8994 8378 8400 8345 8145 9012 8654 8751 8624 8909 8598 8467 8324 8502 8607 8913 9244 9045 9088 8482 9213 9610 8788 8498 8591 8476 8794 8305 8825 8927 8872 9208 8736 8395 8588 7938 9086 9181 9004 9172 8810 8854 8690 8074 9407 9071 8264 8586 8558 8852 8864 8617 9062 8982 9013 8898 7860 8829 8728 8977 8561 8588 8819 8883 8862 9189 8662 8726 8393 8995 8449 8650 8361 8989 9098 9341 9107 8679 8661 9618 8730 8858 8543 8309 8293 8814 8251 8905 9066 8698 8433 8773 8927 8691 8948 9463 8534 8222 8226 8656 8495 8767 8913 8763 8145 9201 9121 8440 8699 9287 9144 8742 9124 8494 8418 9037 9222 9077 8552 8670 9189 8594 9404 8707 8834 9006 8644 8342 8732 8784 8666 8257 8401 9102 8986 8696 8800 8517 9280 8695 9758 8871 8560 8182 9103 8511 8833 8656 8973 9249 8938 8434 8535 8608 8512 9124 
7346 7843 7188 7262 7540 7628 7574 7057 7693 7735 7637 7639 7615 7377 7207 7421 7285 7871 7508 7550 7459 7857 7468 7318 7876 7536 6996 7180 7360 7462 7300 7520 7212 8174 7182 7653 7692 7738 7878 7435 8125 7646 7223 7519 7185 8122 7939 7277 7181 7728 7838 7504 7739 7553 7451 7811 7232 7842 7878 7799 7541 7798 7320 7623 7297 7673 8040 7292 7782 7669 7353 7205 7625 7573 7831 7529 7144 7434 7714 7326 8144 7357 7606 7924 7091 7387 7619 7496 8107 7890 6991 7175 7406 7889 7793 7436 6960 7936 7392 7480 7528 7696 8117 7406 7798 7239 7607 7205 7845 7397 7661 7530 7482 7247 7428 8337 7465 7273 7694 7119 7544 7717 7458 7497 7602 6889 7961 7437 7498 7798 7405 7881 7401 7233 7929 7504 7366 7818 7551 7348 7389 7268 7549 7372 7363 7362 7805 7624 6876 6962 7243 7529 7593 7188 6939 7580 8046 7918 7025 7898 7574 7959 7902 7845 7744 7704 6839 7105 7605 7239 7259 7215 7042 7777 7397 7955 7671 7593 7451 7174 7574 7340 7244 7411 7553 7960 7778 7273 7022 7719 7782 7610 7569 7346 8194 7037 7529 7086 6861 7549 7736 7202 7677 7223 7283 6869 7396 7738 7585 7473 7700 7496 7810 7262 8009 7289 7660 7895 7735 8135 7121 7099 7525 7671 7965 7410 7771 7794 7723 7283 7405 7993 7545 7791 7395 7167 7871 7718 7490 7611 7916 7161 7898 7995 7900 7537 7081 7354 7067 7847 7510 7628 7201 7875 7416 7408 7496 7177 7342 7578 7970 7938 7689 7462 7781 8389 7450 7666 7204 7265 7591 7310 7411 7846 7623 7722 7365 7486 7641 7216 7966 7758 7838 7529 7530 7633 7668 7150 7796 7986 7350 7217 7156 7947 7562 7287 7566 7530 7676 7642 6904 7425 7556 7895 7523 7429 7579 8078 7815 7591 7655 7513 7360 7703 7769 7296 7692 7850 7640 7927 7595 7381 7555 8031 7746 7533 7261 7209 7629 7843 6744 7761 7657 7569 7413 7581 7733 7341 7547 7973 7216 7265 7617 7495 7571 7960 7899 7752 7285 7955 8070 7585 7622 8062 7604 7577 7830 7555 7251 7736 7652 7991 7558 7532 7662 7504 8070 7535 7405 7918 7393 7347 7662 7889 6907 7533 7214 7858 7677 7368 7556 7178 7990 7750 8097 7736 7691 6985 8117 7304 7709 7713 7916 7950 7506 7343 7019 7311 7371 7421 
7426 7672 7450 7659 7706 7733 8486 7435 8072 7816 8409 7947 8072 7525 7839 8017 7813 8368 7818 7941 7730 7883 7492 7522 7952 7894 7754 7486 7979 7754 7617 7483 7582 8397 7625 8025 8146 7920 8283 7471 8556 8054 7597 7947 7710 8804 8273 7925 7668 8066 7975 7905 7771 7850 7346 8000 7822 8089 8024 8074 7879 7903 7619 7912 7756 7951 8072 7157 8136 8089 7862 7705 8198 7872 7986 8018 7527 7767 8132 7709 8403 7989 7828 8201 7596 7978 7791 7960 8038 8261 7331 7470 8088 8147 8400 7543 7502 7746 8177 7702 7608 7854 8737 7578 7918 7868 7708 7303 8085 7866 8235 7660 7974 7459 7492 8294 7802 7680 8028 7792 7949 8106 8070 8163 7779 7607 8323 8001 7871 8220 7787 8165 7734 6873 7795 8138 7742 8058 7921 7847 8037 7777 8027 8323 8171 7826 8247 8006 7449 7521 8108 8321 7538 7712 7750 7602 8176 7766 7116 7992 7799 8188 7753 7792 7905 7961 7321 7481 7751 7632 7283 8001 7230 8345 7604 8350 8235 8128 7759 8167 7719 7561 7746 7412 7367 7620 7756 7615 7567 8038 7891 7833 7795 7879 8236 7448 8079 7675 7494 8157 7697 7687 7600 7608 7638 7093 7312 7738 7762 7853 7860 7910 8258 7621 8264 8284 8361 8274 8036 8290 7121 7940 8125 7966 8149 7591 7948 8298 8048 7655 7851 8235 8093 8080 7877 7947 7904 8060 7501 8014 8059 7981 7564 8595 8269 8144 7319 7415 7482 8136 8022 7835 7497 7701 7897 7794 7451 7717 7804 8273 8264 8128 7881 7749 8520 8760 7913 7693 7996 7720 7958 7682 8215 8501 7861 8351 7793 7541 7700 7378 8152 8205 8027 8237 8065 8071 8106 6909 7855 7962 7439 7721 7792 8068 8042 7653 8039 7739 8452 7927 7375 7817 8054 8052 8010 7654 8169 8309 8079 7810 8074 8014 7677 8568 7408 7808 7842 7746 8205 8003 8060 8042 7718 8706 7711 7683 7681 7528 7751 7714 7322 8298 8246 8064 7902 8079 8022 7972 7989 8246 7857 7388 8118 7759 7723 8235 7954 7854 7265 8222 7819 7670 7944 8461 7671 7916 7988 7858 7615 8099 8384 7979 8008 7797 8286 7852 8786 7694 8071 7903 8029 7398 8096 7808 7696 7699 7316 8118 8046 7818 8012 7867 8262 7932 8748 7939 7809 7720 8040 7785 8357 7899 8182 7992 8000 7710 7631 7660 7484 8195 
8136 8266 7830 8310 8367 8690 8546 7662 8499 8255 8883 8133 8271 7946 7988 8268 8116 8833 8585 8098 8344 8081 8072 8061 8483 8202 8402 8040 8300 8174 8358 7963 8123 8486 7966 8301 8716 8447 8425 8122 8681 8600 8389 8281 8367 8914 8583 7912 8245 8400 8304 8596 8490 8347 8069 8402 8008 8364 8369 8633 8581 8607 8246 8529 8155 8616 8622 8271 8597 8462 8129 7922 8379 7894 8222 8224 7473 8102 8344 8345 8901 8455 8328 8830 8117 8470 8311 8445 8468 8839 7832 8106 8536 8210 8409 7858 7639 8753 8256 8140 8241 8406 8858 8272 8522 8300 8206 7764 8667 8672 8707 8262 8254 8130 8112 8900 8337 8130 8868 8164 8310 8939 8430 8412 8212 7783 8996 8102 8073 8507 8114 8899 7919 7648 8593 8393 7785 8609 8350 8389 8342 8173 8543 8040 8324 8429 8348 8230 7653 8154 8219 8638 8056 7977 7645 8891 8474 8428 7451 8512 8107 8678 8462 8449 8261 8426 7729 8029 8453 8061 7689 8490 7627 8506 8393 8935 8764 8310 8072 8445 8201 8186 8318 8017 7886 7952 8160 8076 8212 8515 8349 8861 8439 8581 8878 7884 8237 7577 7499 8401 8564 8153 8208 7701 8130 7498 7694 8302 8499 8406 8746 8369 8940 7991 8493 8397 8490 8597 8722 8688 7581 8163 8826 8474 8535 7932 8480 8502 8741 7925 8211 8664 8448 8456 8228 8245 8533 8785 8277 8173 8210 8272 8356 8579 8884 8242 7853 7987 7633 8517 8655 8417 7905 8176 8604 8241 7824 7752 8319 8147 8721 8811 8456 8273 8515 9319 8514 8136 8306 8247 8417 8149 8490 8632 8236 8843 8164 8095 8247 7903 8416 8518 8403 8819 8644 8369 8323 7571 8427 8673 7940 8236 8084 8289 8427 8132 8517 8489 8794 8139 7843 8359 8254 8402 8608 8246 8281 8597 8534 8510 8286 8467 8042 8691 8218 8125 8228 8434 8442 8166 8662 8548 8215 9080 8511 8393 8155 7786 8294 8312 7749 8547 8390 8516 8171 8402 8281 8589 8321 8712 8130 7774 8406 8512 8144 8786 8444 8943 7834 8739 8532 8114 8269 9071 8410 8558 8442 8340 8019 8500 8868 8564 8383 8452 8545 8122 8830 8070 8157 8220 8266 7898 8367 8709 7863 8298 7846 8423 8663 8725 8594 8264 8621 8390 9004 8414 8362 8060 8462 8318 8859 8243 8382 8586 8496 8177 7831 8182 8119 8476 
7516 7807 7555 7928 7936 7925 8444 7226 8349 7946 8369 7595 8260 7603 7457 8231 7786 8539 7620 8277 7838 8021 7560 7775 8112 7860 7749 7742 7890 7909 7642 7420 7545 8102 7532 8244 8037 7892 8485 7952 8019 8284 7731 8206 7751 8624 8238 7615 7894 8142 7798 8002 8003 7376 7707 8074 7551 7894 7638 8167 8149 8132 7638 7344 7226 7771 8358 7630 8089 8064 7559 7848 7951 7710 8090 7801 7398 7926 7931 7626 8257 7932 7823 8328 7502 7962 7628 8061 8211 8341 7458 7244 7684 8121 8315 7677 7509 8271 8130 7772 7711 7944 8478 7865 7919 8028 7593 7529 8150 8018 8006 8051 8162 7767 7740 8091 7955 7961 8217 7808 7849 7793 7833 7805 8127 7665 8276 7702 7821 8336 7800 8050 7629 7153 8235 8063 7544 7478 8131 8261 8065 7805 7723 7976 7851 7958 8253 7413 7528 7600 7579 7882 7763 7607 7540 8002 7892 7957 7581 8017 8096 7858 7938 8232 8286 7688 6994 7411 7302 7779 7454 7878 7643 7936 7745 8276 8315 8180 8152 7905 8065 7813 7717 7585 7473 8215 8083 7638 7631 8136 8316 8019 7971 7900 8479 7349 7977 7854 7431 8177 7766 7983 7889 7184 7896 7093 7503 8038 8162 8001 7935 7895 8674 7751 8282 8037 8450 8464 8272 8402 7796 7625 7863 8027 7924 7963 8009 8307 7784 7711 7703 8168 8032 8108 7737 7645 8370 7971 7935 8032 8205 7505 7858 8516 8559 7863 7645 7580 7417 8341 8112 7875 7572 7929 7730 7993 7527 7729 8075 8182 8582 8454 8274 7811 8057 8479 7817 7950 7852 7986 7784 7871 7917 8287 8192 8620 7676 7736 8083 7809 7928 8062 8073 8033 8090 7753 7960 7333 8402 8148 7763 7649 7709 7876 8235 7666 7781 7657 8476 7785 7470 8020 8155 7967 8037 7832 7943 8368 8059 8094 7653 8104 7593 8452 7786 7686 7805 8168 8015 7862 8413 8046 7963 8781 7832 8126 7539 7350 7970 7921 7360 8132 8054 8272 7934 8236 8046 7912 8031 8416 7644 7389 8062 7915 7808 8177 8099 8369 7477 8256 8392 7826 7764 8279 7843 7685 8093 8007 7704 8190 8258 8035 8094 8088 8141 7761 8238 8049 7670 8232 7730 7729 7821 7734 7838 7612 7526 8222 8391 8112 7872 7756 8229 8033 8550 7796 8217 7793 8061 7794 8058 8155 8343 8401 8217 7820 7782 8012 7454 7955 
8321 8579 8255 8032 8542 8438 8706 7884 8483 8489 8963 8706 8658 8146 8327 8450 8257 9016 8542 8610 8207 8666 8206 8325 8454 8432 8222 7940 8604 8333 8318 8258 7909 9243 8307 8655 8754 8460 8839 8206 8859 8644 8337 8939 8184 9173 8997 8184 8091 8849 8830 8546 8783 8197 8103 8659 8264 8363 8524 8782 8668 8675 8556 8519 8341 8579 8802 8519 8501 8822 8180 8099 8889 8325 8699 8400 7903 8394 8653 8720 8940 8497 8643 9096 7998 8583 8386 8691 8660 8765 7686 7767 8535 8649 8835 8504 7774 9008 8883 8284 8185 8503 8665 8751 8894 8185 8162 8254 8770 8505 8707 8484 8528 8034 8156 8973 8077 8827 9092 8208 8495 8643 8739 8502 8381 8220 9122 8630 8697 8883 8443 8749 8052 7897 8649 8694 8065 8618 8500 8916 8543 8263 8705 8470 8426 8389 8819 8443 8214 8303 8757 8618 8330 8221 8295 8445 8758 8548 7933 9035 8412 8513 8631 8974 8688 8266 7893 8197 8346 8484 8220 8378 7946 8993 8533 8728 9033 8576 8392 8372 8595 8507 8345 8204 8448 8512 8555 8180 8208 8472 8859 9044 8707 8450 8799 8037 8522 7878 7775 8654 8252 8195 8191 7844 8383 7933 8222 8581 9077 8294 8958 8662 9030 8101 9233 8276 9043 9014 8566 9124 8144 8336 8495 8815 8405 8513 8481 8909 8757 7722 8237 8903 8768 8564 8482 8428 8817 8937 8419 8573 8873 8632 8421 8689 8634 8280 8035 7779 8125 8930 8651 8435 7969 8372 8346 8405 8117 8256 8478 8455 9200 8956 8741 8300 8931 9225 8646 8390 8636 8497 8553 8093 8944 8709 8825 9228 8441 8553 8512 8099 8916 8395 8862 8794 8314 8671 8873 7725 8844 8540 8070 8438 8468 8894 8739 8333 8525 8514 8666 8590 8056 8397 8786 8753 8560 8529 8410 8756 8710 8670 8293 8710 8168 8946 8352 8484 8336 8666 8588 8609 8679 8576 8403 9583 8429 8245 8336 7964 8519 8471 7765 9018 8723 8569 8804 8772 8814 8851 8380 9026 8164 8000 8460 8559 8591 8813 8432 8744 7839 8941 8637 8435 8345 9267 8927 8220 8684 8403 8375 8914 8943 8753 8651 9021 8744 8237 8925 8397 8650 8703 8361 8340 8775 8538 8196 8207 7870 8883 9125 8626 8778 8278 8860 8348 9166 8247 8606 8225 8956 8365 8736 8533 8591 9012 8659 8065 8578 8463 8159 8505 
8073 8155 8093 8154 8142 7992 8400 7761 8379 8287 8793 8252 7933 7923 7832 8015 7542 8919 8358 8138 8052 8116 8147 8087 7978 8015 8116 8160 8320 8215 7937 8059 8142 8648 8147 8334 8338 8242 8536 7728 8636 8263 8055 8213 7951 8851 8782 8036 8042 8509 8245 8015 8158 8335 8031 8384 7971 8257 8500 8269 8220 8659 8144 8089 7511 8381 8578 8115 8420 8144 7785 8013 8335 8009 8121 8067 7597 8185 8380 8164 8938 8009 8273 8779 7998 8004 8287 8566 8546 8632 7495 7789 8382 8129 8923 7804 7531 8376 8533 8133 8326 8524 8651 8111 8132 7982 8211 7965 8466 8172 7930 8328 8664 7855 8117 8603 7728 8025 8498 7974 8063 8573 8340 8250 8336 8018 8763 7989 8502 8319 8162 8352 7680 7489 8436 8072 7890 8530 8160 8200 8141 7973 8244 7900 8284 7531 8199 8050 7681 7746 7957 7889 8197 7795 7434 8159 8291 8268 7311 8187 7882 8233 8384 8269 8133 8318 7323 7785 7973 7879 7694 8269 7789 8361 7883 8644 8486 8575 8081 8181 7754 8027 8025 7719 7529 8107 8422 7712 7964 8141 8437 8309 8184 8082 8767 7500 7760 7760 7562 8456 8129 8396 7978 7651 7872 7558 7608 8560 8401 8136 8476 8199 8525 7930 8760 8158 8655 8583 8447 8510 8037 8218 8548 8438 7993 7813 8359 8437 8488 7864 7967 8392 8251 8300 8172 8140 8626 8807 7739 8253 8804 8108 7781 8548 8524 8301 7702 7991 7847 8593 8606 8204 7742 8184 8113 7803 7602 8078 7950 7896 8613 8416 8589 8313 8576 8774 8218 7932 8090 8102 8028 8232 8428 8493 8446 8728 8221 7872 8443 7982 8596 8566 8641 8476 8237 8318 8228 7485 8551 8424 7918 7873 7761 8142 8472 7743 8241 7966 8804 8451 7737 8348 8217 8463 8706 8262 8400 8655 8629 8403 8078 8324 7549 8610 8060 8419 8430 8439 8316 8047 8541 8273 8336 8988 8159 7960 8322 7793 8311 8225 7785 8390 8477 8315 7861 8097 8305 8171 8001 8495 8077 7963 8240 8292 8257 8695 8066 8348 7900 8607 8370 8035 8054 8907 8242 8003 8078 7702 7857 8390 8331 8581 8112 8323 8368 7671 8732 7980 8059 8375 8069 8029 8188 8369 7790 7693 7644 8373 8434 8171 8310 8234 8769 8282 8933 7919 8295 7921 8587 8011 8332 8266 8277 8279 8593 8097 7840 8419 7890 8533 
8080 8180 7677 7707 8355 8314 8600 7566 8564 8189 8475 8248 8015 7690 7983 8005 7978 8747 8253 8068 8168 7846 7765 7853 7982 8480 7888 7475 8083 8396 7451 8010 7887 8619 7638 8337 8332 8134 8544 8195 8601 8395 7920 7948 8026 8841 8264 7762 7865 8449 8463 8080 8498 8232 7764 8209 8162 8528 8060 8235 8306 8577 7794 7901 8071 8353 8684 7893 8266 8188 8227 7813 8305 7923 8066 8158 7417 8229 8087 8030 8898 8106 8573 8470 7939 8063 8004 8450 8343 8583 7794 7698 8364 8415 8684 7813 7371 8395 8504 8179 8341 8510 8571 8262 8042 8007 7866 7652 8001 8096 8186 8206 8460 8027 8390 8811 7788 7901 8281 7848 8147 8425 7993 8200 8098 7851 8450 8310 7945 8389 8095 8499 7799 7403 8479 8338 7615 8434 8044 8294 8248 8134 8309 8579 8082 7864 8175 8016 7676 7791 8008 8368 8275 7871 7711 8212 8623 8428 7493 8161 8033 8183 8357 8460 8232 8161 7405 7795 8155 7899 7521 8087 7581 8590 8274 8564 8323 8489 8000 7638 8173 7900 7844 7925 8020 7988 8080 7760 7809 8153 8493 8732 8421 8092 8600 7798 8110 7856 7410 8374 8260 8193 8084 7390 7942 7408 7575 8576 8397 8236 8224 8146 8421 7944 8640 8066 8578 8765 8299 8766 7830 7810 8000 8105 8330 7828 8201 8593 8433 7914 7907 8805 8252 8367 7880 8063 8277 8765 8016 8264 8376 8135 7690 8517 8470 8155 8095 7770 7754 8695 8374 8295 7775 8337 8043 7724 7816 7912 7972 8014 8423 8265 8326 7911 8479 8884 7981 8106 8289 8546 8287 8109 8509 8585 8352 8853 7907 7894 7906 7707 8692 8474 8063 8080 8243 8322 8290 7436 8463 8151 7935 7864 7874 8120 8217 7851 8336 8058 8287 8168 7533 7827 8237 8430 7869 7943 8308 8629 8425 8245 8329 8137 7987 8365 8027 8043 8002 8240 8527 8314 8574 8214 8587 8766 8292 8008 7809 7674 8161 8018 7773 8489 8007 8431 8054 8496 8396 8080 8475 8396 8055 7801 8135 8288 8283 8473 8379 8513 7717 8697 8473 7823 8011 8797 8065 7913 8469 7976 7838 8331 8284 8609 8284 8252 8157 7880 8448 7913 8191 8230 8108 8164 8313 8050 7866 7841 7679 8356 8587 8281 8226 7968 8796 8231 8948 8130 8174 7970 8131 8189 8536 8678 8346 8629 8301 7871 7651 7859 7802 8452 
7909 7890 7245 7799 8177 7678 8221 7388 8297 8153 8190 8019 7866 7513 8041 8024 7718 8402 8171 7968 8043 7924 7418 7862 7839 8083 7813 7576 7919 8054 7655 7692 7810 8210 7589 8066 7983 7894 8160 7576 8250 8574 7979 7996 7875 8668 8520 7510 7731 7997 8008 7808 7760 7962 7603 8197 7930 8327 7924 8097 7991 8175 7596 8036 7502 8509 8409 7877 7784 8311 7579 7550 8235 7759 8170 7813 7434 7740 7941 7876 8448 8231 7894 8276 7530 8030 7830 8143 8326 8589 7381 7694 7916 8158 8523 8037 7366 8055 8216 7513 7825 8235 8258 8014 8138 7824 7379 7766 8180 7954 8105 8022 8206 7618 7609 8523 7743 7840 8304 7789 8140 8223 8162 7577 7968 7561 8408 7904 7762 8240 7782 8190 7536 7181 8192 8144 7788 8213 8082 7884 8012 7460 8337 8044 8097 7871 7927 7790 7293 7385 7568 8021 7803 7461 7893 7738 8275 7988 7326 8221 7769 8363 8263 8296 7826 7887 7536 7415 7711 7495 7217 7837 7324 8160 7829 8383 8148 7944 8107 7799 7838 7674 7747 7645 7373 7911 8279 7881 7591 8104 7999 8091 7780 8130 8774 7734 7857 7465 7438 8079 7912 7928 8297 7602 7602 7129 7427 7858 7886 8135 8145 7780 8372 7983 8484 8227 8238 8445 7859 8548 7364 8029 7884 8244 7914 7832 8099 8037 7967 7453 7511 8340 8239 8142 7997 8273 7812 8596 7828 8007 8046 7916 7502 8480 8518 7711 7505 7833 7677 8093 8457 7716 7827 7907 7747 7815 7600 7876 8063 7930 8124 8255 8200 7640 8393 8651 8010 7865 7924 7816 8237 7943 8129 8053 8136 8550 7770 7842 8024 7630 8351 8187 8103 8222 7661 7877 7782 7105 8042 8395 7643 8136 7888 8005 8042 7591 8097 8079 8326 7854 7433 8023 7908 8108 7741 7742 8009 8262 7974 8242 8050 8324 7641 8423 7997 7756 7979 7773 8276 8491 7767 8066 7947 8494 8112 8000 7992 7495 8045 8014 7467 8294 8282 8100 7924 8120 8157 8224 8048 8240 7704 7772 7779 8009 7704 8553 8289 8245 7505 8355 7959 7921 7901 8414 7922 7593 7932 7866 7968 8176 8399 8196 8019 7966 8274 7639 8608 8058 7890 8393 7840 7755 8014 7965 7575 7896 7488 8086 8164 7893 8460 8042 8418 7855 8849 7812 8060 7490 8620 7447 8375 8430 8122 8170 8027 7843 7793 7668 7824 7983 
8209 8710 8368 8632 8594 8323 9264 8201 8918 8764 9035 8685 8656 8307 8155 8608 8536 9550 8750 8377 8774 8803 8501 8597 8687 8766 8523 8332 8489 8656 8246 8407 8609 9199 8342 8978 9055 8473 8875 8271 8943 9152 8625 8490 8635 9273 9566 8404 8502 8944 9069 8917 8789 8704 8263 8834 8691 8733 8781 9151 8895 9003 8535 8828 8387 8781 9128 8619 8816 8876 8548 8284 9050 8755 8601 8695 8055 8810 8830 8606 9369 8909 8639 9219 8146 8870 8897 8610 9232 9279 8387 8317 8893 8787 9072 8586 7907 8659 8838 8504 8357 8832 9217 8924 8697 8773 8340 8444 8619 8686 8657 8972 9199 8381 8669 9027 8428 8597 9049 8597 8805 8935 8994 8538 8919 8164 9211 8694 8836 8890 8777 9265 8474 8060 8713 8934 8395 8950 8683 8983 8291 8456 8627 8946 8454 8838 8779 8878 8070 8268 8703 8804 8467 8246 8243 8858 9051 8613 8232 9176 8240 8985 9170 9235 8710 8149 7658 8292 8565 8431 7982 8436 7971 8813 8608 9160 9088 8697 8686 8632 8611 8579 8600 8601 8367 8892 8768 8542 8274 8971 8831 8955 9116 8782 9303 8249 8523 8365 7816 8852 8743 8731 8587 8100 8410 8032 8075 8854 9100 8985 9083 9014 9245 8349 9181 8500 8990 9064 8859 9455 8238 8624 8381 9114 8857 8432 8916 9424 9175 8506 8524 9048 9081 9012 8397 8895 9171 9183 8674 8744 8953 8741 8694 9117 9277 8644 8529 8328 8338 9062 9056 8757 8683 8462 8780 8226 8625 8469 8550 9067 9589 8810 8848 8860 8961 9571 8950 8946 8341 8826 8650 8850 8723 9068 8915 9562 8487 8646 8713 8345 9334 8497 9197 8928 8817 8695 8857 7968 9122 8918 8287 8423 8338 8710 8591 8177 8832 8594 8943 8485 8102 8507 9198 8723 8903 8426 8709 9317 8877 9135 8818 8706 8367 9138 8727 8749 8463 8494 8805 8990 8969 8669 9039 9141 8596 8493 8641 8211 8631 8772 8436 9214 9294 9082 8746 8769 8608 8804 8594 9156 8617 8541 8665 8765 8276 9096 8983 9083 8379 8851 8691 8371 8303 9436 8512 8548 8814 8602 8508 8923 9275 8859 8954 8762 8904 8419 9529 8747 8718 9361 8592 8714 8936 8466 8459 8120 7976 9121 8915 8945 8576 8481 8879 8702 9210 8798 8786 8405 9045 8512 8864 8896 8696 9191 9079 8473 8454 8730 8764 8856 
7929 8184 7262 7482 8010 7740 8290 7522 7933 7877 8268 8047 7689 7283 7574 8032 7702 8325 7963 7952 8064 7952 7885 7364 7806 7875 7701 7625 7984 7755 7614 7384 7586 8319 7489 8026 8067 8454 8265 7842 8277 8269 7735 7740 7964 8260 8299 7691 7754 7975 8088 7999 7937 7660 7647 7927 7701 8110 7963 8224 8219 8232 7665 7826 7679 7965 8480 7907 8165 8137 7679 7978 8162 7389 7655 7954 7566 8055 8196 7882 8939 7976 7847 8398 7342 7794 7729 8212 8032 8233 7601 7470 7856 8080 8404 7418 7228 8188 8294 7383 7585 8085 8085 8133 7922 7452 7673 7619 7933 7947 7991 8308 7741 7480 7559 8530 7765 7922 7866 8076 7817 7894 7758 8057 7833 7592 8455 7443 7775 8397 7973 8161 7777 7411 7797 8096 7298 7925 7763 7804 7863 7572 7725 7996 8122 7772 8007 8025 7409 7731 7730 8048 7877 7835 7455 7933 7974 8037 7573 8193 7890 7905 7761 8122 8239 7905 7231 7429 8011 7654 7033 7438 7629 8280 7715 7893 8084 7873 7726 7906 7671 7728 7708 7497 7917 7761 8009 7532 7471 7777 8266 8038 8255 8078 8757 6894 7890 7438 7330 7881 7948 7671 7820 7274 7941 6993 7407 7909 8104 7964 8086 8046 8274 7927 8680 8168 8193 8257 8206 8761 7362 7926 8275 8073 8065 7774 7960 8290 8165 7505 7628 8126 8177 8144 7713 7839 8145 8307 7884 7806 8191 7726 8031 8355 8140 7605 7635 7414 7557 8336 7777 7983 7164 7771 7772 8046 7754 7632 7903 8065 8221 8311 8092 7630 8103 8352 7645 7996 7599 7917 7953 7978 8019 7735 8032 8697 7649 7502 8032 7580 8026 7980 8195 7849 8067 7975 7925 7085 8369 7811 7944 7694 7696 8013 7687 7596 8134 7683 8269 8029 7369 7911 8352 8172 8098 7959 7763 8339 8257 7857 8021 7955 7637 8173 7911 7653 7738 8400 7951 8270 8078 8212 8037 8715 7886 7728 7759 7267 7616 7843 7222 8066 8289 8047 8042 8176 7910 7935 7714 8209 7402 7631 8028 7970 7609 8342 8050 7897 7614 7845 8399 7869 7487 8332 7705 7862 7980 8074 7650 8045 8225 7917 7696 8433 8403 7591 8395 8157 8165 8371 7915 7644 7866 7876 7358 7684 7363 8295 7933 8178 8112 7490 8488 8527 8699 7908 7966 7626 7979 7893 8407 8239 8247 8189 8057 7891 7822 8086 7601 7919 
8198 8213 8066 7986 8304 8286 8758 7726 8182 8339 8677 8398 8452 7854 8407 8547 7999 8910 8401 8360 8112 8121 8254 8230 8461 8027 8221 8153 8788 8121 7884 8232 8039 8691 8335 8442 8484 8596 8691 8037 8804 8428 7888 8142 7782 9163 8896 7948 8164 8215 8179 8160 8296 8466 7936 8324 7862 8493 8648 8729 8467 8503 8505 8306 8130 8087 8924 8200 8463 8837 8220 7844 8509 7773 8601 8307 7518 8385 8402 8378 8876 8457 8616 8560 7913 8245 7897 8150 8684 8992 7507 7497 8484 8790 8646 8039 7923 8412 8615 7961 8510 8232 8565 8352 8632 7781 8173 8072 8696 8106 8445 8359 8596 7703 7831 8579 8214 8399 8324 8495 8332 8469 8284 8260 8322 7703 8892 8480 8438 8952 7908 8156 7701 7862 8399 8315 7924 8468 8268 8471 8339 8042 8293 8675 8323 8109 8732 8053 7610 7974 8173 8082 8360 8202 7913 8433 8570 8414 7853 8614 8129 8508 8492 8414 8612 7962 7488 8005 8400 8319 7915 7952 7648 9040 8302 8768 8602 8466 8243 8178 8576 8253 8456 8175 8280 8555 8452 7790 7641 8511 8323 8460 8095 8127 8630 7831 8656 7593 7725 8558 7971 7897 8233 7644 8071 7789 7920 8425 8275 8182 8104 8233 8863 8080 8848 8297 8510 8866 8574 8960 7625 8325 8192 8197 8149 8095 8156 8939 8832 7994 7902 8699 8298 8754 8515 8081 8601 8714 8181 8314 8814 8527 7804 8637 8529 8305 7569 8067 8094 9072 8358 8548 8144 8199 8091 8092 8269 7936 7985 8452 9065 8566 8506 8268 8873 9158 8511 8715 7964 8160 8129 8023 8553 8617 8273 8828 8222 8108 8565 7532 8837 8280 8666 8263 8469 8293 8215 7843 8500 8630 8208 8399 7921 8308 8118 8079 8082 7951 8693 8174 8125 8411 8388 8440 8138 8274 8506 8596 8526 8590 8518 8749 8198 8583 8162 8075 8238 8728 8452 8447 8482 8579 8442 9069 8299 8363 7896 7616 8244 8428 7838 8666 8326 7957 8232 7913 8410 7984 8375 8872 8058 7813 8615 7844 8317 8651 8294 8656 7859 8590 8735 8061 8196 9118 8443 8363 8550 8185 8186 8450 8590 8587 8351 8328 8659 8398 9219 8156 8196 8673 8258 8091 8199 8548 7846 8140 7919 8626 8370 8257 8151 8226 8915 8250 8928 8338 8429 7925 8924 8317 8546 8311 8354 8855 8399 7895 8116 8082 7936 8217 
8807 8511 8308 8613 8957 8528 9278 8324 8800 8595 8981 8848 8471 8288 8425 8935 8156 9599 8917 8995 8732 8721 8518 8172 8852 8785 8393 8612 8898 8850 8501 8677 8447 9058 8805 9048 9072 8783 9188 8389 9117 9118 8658 8605 8361 9724 9253 8027 8253 9011 8665 8678 8448 8720 8465 8894 8556 8796 8886 9163 9272 8997 8175 8404 8170 8961 9130 8622 8961 8570 8737 8566 8935 8231 9065 8947 7950 8619 8757 8513 9442 8818 8713 9091 8206 8313 8752 8871 9214 9187 8223 8379 8767 8840 9273 8555 8417 8802 9235 8728 8765 9015 9097 9028 8780 8873 8575 8533 8828 8942 8760 9092 8699 8581 8745 8931 8551 8640 8991 8663 8570 8882 8795 9001 9129 8704 9268 8662 8887 9287 9055 9065 8357 7815 9027 8756 8453 9188 8666 8684 8604 8606 8969 9124 8854 8514 9179 8610 8139 8340 8932 8399 8421 8735 8564 8719 8634 8955 8001 9203 8357 8830 9047 9077 8728 8664 7745 8643 8982 8421 8255 8150 7916 8859 8728 9179 9218 8606 8563 8553 8660 8469 8739 8664 7849 8750 8732 8662 8477 8880 9021 8556 8877 8789 9222 8315 8842 8276 8290 8961 8789 8431 8882 8248 8340 7839 8144 8598 8602 8837 8661 8679 9281 8307 9205 8839 9195 8739 8998 9395 8558 9049 8592 9037 9204 8501 8781 9283 8933 8481 8577 9171 9210 8998 8686 8475 8882 9135 8772 8832 9401 8724 8356 9393 9192 8710 8159 8426 8452 9023 8859 8575 8656 8579 8515 8464 8581 8189 8640 8689 9200 8838 8526 8880 9186 9574 8695 8559 8495 8386 8822 8559 9076 9032 8670 9203 8346 8231 8756 8288 9397 8933 9074 9118 9123 8905 9025 8178 9399 9366 8383 8615 8503 8643 8677 8279 9055 8876 9079 9295 7957 8691 8755 8841 9080 8378 8804 9331 9036 8562 8523 9032 8087 9143 8709 8272 8745 8820 9209 9015 9032 8660 8977 9398 8827 8791 8838 8273 8678 8699 8410 8845 8683 9053 8809 8409 9053 8740 8678 8688 8484 8224 8578 8884 8651 8932 8762 8889 8272 8983 9133 8419 8695 9310 8583 8799 8789 8355 8471 8852 8919 8824 8796 8792 8704 8492 9424 8527 8922 9099 8941 8700 8829 8842 8628 8390 7999 8732 9242 8578 8756 8433 9277 8987 9867 8448 8874 8452 9007 8564 9007 9124 8734 9120 8850 8359 8371 8629 8476 8914 
8111 8260 7811 7981 8357 8292 8755 7678 8472 8311 8377 8292 8302 8062 8014 8154 7958 8851 8782 8151 8402 8316 7977 8227 8414 8249 8103 8144 8329 8046 7753 8181 8144 8543 8429 8374 8540 8398 8416 8049 8938 8434 8310 8489 8451 9057 9001 7954 7971 8848 8390 8596 8389 8145 8070 8360 8216 8424 8363 8773 8561 8650 7899 8026 7915 8628 8739 8447 8668 8526 8280 8136 8376 8195 8499 8272 8110 8479 8045 8356 9038 8406 8094 8797 7665 8444 8091 8443 8498 8798 7861 8088 8276 8662 8715 8226 7555 8703 8574 8069 8521 8368 8522 8494 8241 8051 8091 8049 8216 8309 8619 8515 8351 8305 8443 8773 7804 8054 8709 8222 8203 8556 8496 8439 8385 8139 9066 8256 8487 8735 8320 8557 7843 7632 8738 8613 7881 8622 8127 8432 8739 8072 8696 8301 8292 8171 8525 8753 7584 7952 8521 8311 7845 8232 7891 8290 8813 8582 7764 8689 8046 8346 8253 8757 8439 7871 7382 7987 8333 7749 7694 7884 7716 8751 8320 8653 8841 8421 8162 8190 8280 8172 8114 8150 8060 8347 8234 8263 8171 8640 8453 8547 8688 7950 9009 7668 8167 7925 7436 8257 8455 7930 8017 7681 8042 7591 7581 8448 8674 8253 8653 8397 9029 8084 8963 8410 8731 8640 8284 8635 7799 8071 8473 8516 8391 8093 8496 9024 8623 7873 8111 8661 8645 8804 8097 8116 8653 8804 8544 8157 8561 8433 8360 8869 8828 8088 8042 8124 7782 8607 8352 8337 7904 8301 8458 8222 8144 7906 8302 8431 8744 8521 8409 8460 8608 9388 8197 8193 8202 8092 8111 8301 8768 8518 8418 9053 7732 8320 8308 8199 8692 8458 8854 8778 8294 8278 8490 7653 8887 8908 8268 8479 7941 8134 8059 7952 8432 8143 8550 8166 7673 8205 8510 8355 8503 8011 8411 8728 8507 8449 8424 8583 8162 8714 8592 8132 8386 8321 8411 8835 8625 8631 8469 9030 8462 8237 8200 7451 8176 8379 7826 8650 8579 8876 8676 8332 8329 8513 8555 8461 8100 8273 8336 8393 8093 8750 8227 8589 7806 8868 8774 8062 8400 9135 8192 8406 8580 8099 8266 8464 8833 8400 8278 8307 8639 8103 8931 8329 8189 8748 8364 8071 8600 8106 8186 8173 7803 8713 8625 8584 8332 8102 8661 8258 9057 8391 8254 7969 8568 8083 8797 8730 8610 8564 8502 8596 8354 8389 8299 8620 
8016 8343 7896 8573 8815 8318 8744 7734 8434 8344 8671 8328 8181 7934 8054 8402 8202 9299 8471 8382 8387 8201 8328 8260 8298 8298 8170 8146 8532 8252 8144 8124 8070 8526 8146 8655 8502 8657 9096 8013 8871 8679 8359 8435 8396 9024 8799 8065 7906 8819 8236 8631 8626 8078 8132 8424 8074 8789 8690 8609 8447 8666 8194 8416 8123 8545 8802 7949 8537 8592 8003 7886 8604 8004 8299 8320 7848 8144 8632 8056 8755 8103 8548 8964 7827 8537 8255 8687 8717 8860 8100 8191 8520 8276 8865 8111 7821 8470 8772 8135 8208 8488 8963 8255 8418 8490 8205 8279 8307 8435 8712 8618 8350 8121 8239 8855 8310 7948 8688 8187 8417 8759 8553 8436 8514 8068 9108 8475 8538 8605 8298 8453 8063 7506 8792 8647 7874 8104 8594 8565 8449 8306 8459 8691 8643 8004 8625 8385 8066 7880 8291 8377 8249 8241 7968 8339 8672 8777 7489 8519 7990 8690 8274 8639 8575 8216 7392 7955 8339 8039 7937 8339 7722 8697 8192 8530 8706 8288 7930 8519 8070 8309 8033 8031 8374 8297 8477 8307 8019 8586 8801 8771 8342 8548 8942 7997 8605 8070 7757 8650 8395 7936 8278 7742 8433 7476 7846 8412 8310 8447 8524 8369 9024 8218 9005 8283 8649 8509 8591 8779 7635 8245 8372 8508 8735 7882 8168 8934 8741 7677 7928 8603 8540 8358 8368 8482 8516 8484 7895 8628 8517 8246 8203 8875 8747 8446 7821 7826 8037 8685 8397 8451 7879 7964 8204 8430 7817 8057 8381 8579 8956 8602 8701 8206 8696 9176 8080 8485 8094 8109 8455 8126 8225 8523 8170 9025 8092 7901 8427 7955 8657 8588 8697 8510 8757 8416 8588 7615 8761 8385 8044 8190 8057 8298 8428 7892 8208 8603 8620 8449 7686 8027 8354 8338 8449 8288 8557 8810 8907 8745 8479 8360 8040 8784 8136 8154 8140 8442 8653 8521 8741 8418 8553 9352 8264 8338 8083 7818 8360 8409 7712 8687 8545 8471 8152 8318 8540 8398 8488 8910 7964 7813 8559 8538 8328 8741 8285 8961 7480 9038 8830 8227 8330 9194 8237 8095 8595 8397 8107 8275 8744 8508 8441 8422 8691 8204 8755 8228 8305 8723 8226 7975 8482 8172 7901 8008 8000 8482 8603 8364 8446 7977 8638 8135 9180 8236 8343 8094 8662 8309 8454 8554 8697 8589 8639 8480 7921 8222 8177 8319 
7664 8125 7921 7938 8323 8146 8621 7689 8316 8230 8617 7995 7922 7898 8009 7959 7915 8895 8066 8213 8175 8106 8165 8119 8058 8244 7832 7484 8139 8070 7740 7725 7935 8314 7740 8017 8556 8444 8535 7643 8357 8505 8295 8037 8065 8911 8610 7870 7685 8322 7906 8617 8425 8159 7917 8514 7967 8076 8273 8352 7938 8351 7946 8357 7740 8423 9065 8144 8270 8363 7917 8027 8326 8125 8123 7794 7519 7972 8051 8130 8723 8164 8347 8806 7535 8245 8107 8310 8441 8502 7328 7751 8151 7923 8483 7870 7258 8449 8323 7824 8211 8271 8302 8395 8388 7871 7929 7816 8263 7952 8245 8457 8077 7766 7727 8492 7574 8014 8141 7814 7861 8454 8243 8126 7908 7913 8661 8168 8044 8259 8291 8424 7848 7413 8551 8105 7956 8285 7969 8162 8203 7861 8385 8124 8111 8043 8440 8158 7918 7897 8095 8043 8059 8176 7874 8248 8371 8335 7291 8538 7996 8128 8308 8431 8530 8089 7594 7684 8116 7809 7646 7907 7350 8444 8113 8343 8413 8395 8005 8171 8538 7884 7854 7842 7847 8122 8098 7919 7899 8286 8373 8247 8274 8128 8349 7668 8171 7591 7535 8498 8164 7872 8143 7849 7805 7540 7632 8050 8232 8086 8523 8421 8577 7802 8370 8125 8709 8276 8642 8597 7764 7943 8266 8280 7996 7825 8319 8660 8266 7697 7614 8254 7845 8295 8000 8146 8480 8606 7927 8434 8447 8134 7945 8492 8509 7907 7858 8011 7761 8371 8096 8198 7615 8153 8218 7589 7813 7795 7949 8159 8667 8464 8180 8328 8611 9154 8211 8274 8134 7896 8193 7891 8136 8387 8205 8843 7956 7802 8146 7788 8619 8090 8212 8264 8138 8001 8112 7353 8481 8296 7751 8439 7804 7890 8430 7906 8177 7989 8235 7801 7827 8369 8156 8223 8276 8213 8431 8391 8398 8285 8183 8051 7784 8711 8082 7933 8254 8162 8253 8358 8038 8197 8198 8795 8102 8431 8258 7626 8241 8347 7826 8256 8096 8358 8182 8268 8283 8228 8017 8809 7782 7847 8132 8183 7811 8553 8363 8394 7743 8281 8392 7871 7855 8610 8185 8037 8242 7827 7878 8290 8769 8472 8392 8049 8879 7788 8817 8099 8251 8281 7481 8201 8576 8091 7919 8109 7379 8421 8590 8132 8236 7995 8654 8251 8938 8117 8039 7793 8468 7952 8388 8274 8366 8724 8354 7847 7846 8158 8109 8129 
7664 8026 7255 7775 8068 7703 8687 7416 8200 7801 8408 7991 7940 7242 8027 8282 7790 8355 8100 8147 7949 7691 7838 7609 7879 7978 7957 7876 8148 7858 7786 7653 7731 8367 7615 7927 8471 8054 8513 7772 8513 8039 7935 7908 8075 8784 8226 7756 8047 8178 7733 7863 8002 7928 7877 8290 7801 8023 7868 8322 8075 8348 7943 7735 7823 8196 8706 7808 7969 7945 7962 7883 7847 7916 7921 7907 7672 7945 7950 8008 8477 8063 8025 8280 7723 8265 7643 8322 8308 8363 7475 7311 8312 8198 8433 7716 7208 8447 8201 8031 8060 8049 8842 7776 7861 7762 7634 7646 8046 7993 7875 8008 8015 7748 7653 8496 7865 7455 8165 7558 7753 8049 7794 7989 7990 7651 8199 7711 8249 8176 7950 8297 7584 7369 8445 8122 7315 7950 7927 8220 8124 7554 8112 7847 7949 7878 8167 8047 7552 7525 7709 7841 7834 8016 7747 8023 8318 8067 7399 8404 7852 8117 8130 8386 8274 7762 7464 7896 7813 7621 7528 7749 7452 8210 7657 8597 8181 8154 8135 8063 7840 7574 8112 7673 7435 8094 8115 7711 7716 8006 7951 8091 8456 7969 8790 7375 7738 7760 7431 8231 7678 7779 7843 7387 8018 7451 7614 7994 8056 7932 7992 8103 8348 7711 8324 8093 8137 8183 8061 8050 7592 7792 8131 8072 7877 7612 7999 8246 8064 7857 7635 8445 8183 8455 7814 7800 8036 8360 8221 8114 8341 7715 7985 8139 8313 7739 7565 7333 7679 8381 7808 7870 7922 7798 7844 7534 7664 7700 7805 7864 8196 8122 8027 7495 8397 8865 8074 7657 7597 7768 7800 7775 8090 7978 7851 8719 7718 7633 7761 7760 8148 7792 7951 7795 7912 7985 7811 7433 8119 8218 7891 7858 7724 7729 7926 7354 7968 8232 8249 8015 7631 8016 7955 8069 8055 7620 8340 8508 8502 7941 7795 8265 7305 8167 7764 7655 7552 7897 8285 8167 8021 7955 8363 8689 8188 7923 7769 7280 7826 7874 7683 8035 8021 8295 8294 7968 8134 8093 7994 8429 7669 7616 8209 8037 7943 8337 8086 8514 7767 8168 7832 8234 7713 8392 7391 8002 8126 7888 7701 7947 8272 8578 7749 7799 8487 7805 8636 8020 8255 8150 7875 7653 8271 8258 7524 7944 7528 8194 8393 8192 7976 7940 8496 7967 8813 8245 8101 7803 7969 7798 8567 8094 8288 8363 8055 7706 7717 7952 8026 8027 
7999 8073 7839 7658 8224 8043 8492 7717 8141 8145 8595 7962 7819 7465 8024 8184 7763 8684 8327 8143 8061 8049 7576 7729 8101 8223 7981 7606 7973 7683 7872 8147 7842 8399 7990 8341 8334 8226 8356 7843 8458 8382 7885 8036 8003 8747 8676 7854 7919 8198 7994 8032 8193 8411 7605 8106 7765 8448 8294 8619 8122 8126 7929 8001 7708 8279 8656 7918 8580 8411 7995 7668 8506 7278 8232 7929 7316 8218 8462 7784 8796 7945 8147 8552 7862 8098 8179 8198 8394 8614 7481 7598 8495 8526 8747 7738 7376 7867 8217 7834 7805 8128 8475 8391 8226 8141 7788 7944 8211 7990 8364 8405 8014 7860 7497 8554 7618 7983 8376 7939 7983 8166 8035 8239 8180 8109 8556 7728 8036 8562 8019 8563 7920 7420 8479 8110 7554 8415 8228 8038 8225 7627 8137 8403 8207 7921 8518 8360 7526 7792 8117 8043 7688 7532 7674 7941 8422 8059 7421 8414 7833 8641 8393 8331 8083 8058 7499 7937 8156 7593 7556 7901 7316 8208 7859 8573 8617 8176 8051 8229 7842 8191 7957 7574 7741 7960 8186 7688 7988 8150 8184 8082 7870 8009 8822 7670 8294 7362 7267 8152 8175 7418 8018 7781 8037 7208 7371 7777 8041 8123 8295 8226 8695 7703 8527 7758 8111 8423 8263 8334 7868 7958 8462 8173 8162 7887 8019 8189 8400 7505 7535 8476 8217 8087 8047 8159 8263 8463 7897 7974 8816 7947 7823 8329 8620 8082 7645 7870 7493 8136 8422 8045 7715 8082 7690 8018 7911 7473 8363 7983 8455 8332 8361 8014 8576 8470 8116 8167 8062 7737 8119 8068 8349 8173 8298 8686 8033 7683 8441 7658 8351 8343 8303 8303 8343 8114 8374 7390 8635 8408 7906 7889 7717 8108 7900 7822 8300 8398 8416 8257 7666 8093 8362 8304 8213 7724 8045 8340 8521 8163 7876 8042 7600 8531 7854 7819 8207 8103 8173 8423 8474 8295 8291 8915 8082 8062 7875 7624 7851 8216 7718 8410 8545 8027 8366 7992 8367 8066 8144 8542 7720 7699 8217 8135 7966 8317 8277 8368 7772 8519 8356 7963 7985 8711 7831 8031 7926 8045 8045 8236 8469 8313 8118 8009 8477 7694 8837 7958 7751 8201 8032 7930 8173 8216 7752 8028 7725 8472 8367 8201 8100 7761 8256 8105 9187 7861 8257 8210 8352 7844 8217 8061 8355 8129 8256 8016 7762 7997 7729 8102 
7687 7801 7565 7764 7969 8002 8651 7407 7957 7986 8505 7907 8133 7703 7973 7797 7580 8601 8034 8293 8097 7968 7723 8142 8205 8000 7826 7698 8234 8009 7603 7788 7760 8166 7783 8157 8275 8209 8236 7789 8454 8294 7764 8155 7850 8480 8645 7613 7679 8141 8047 8065 7985 7842 7987 8361 7711 8370 8238 8199 8441 8104 7914 8137 7914 8382 8595 7998 8246 8169 7617 7986 8235 7897 8192 7930 7261 7875 7963 7859 8690 8271 8155 8436 7588 8133 8072 8547 8185 8601 7383 7544 8254 8123 8503 7666 7604 7976 8105 7716 8083 8258 8527 8225 8157 7721 7909 7738 8193 8270 8170 8231 8001 7539 7941 8581 7784 8047 8485 7619 7844 8438 8114 7865 7785 8015 8576 8283 8077 8435 7969 8236 7640 7524 8325 8185 7892 8439 8017 8102 8004 7846 8298 8074 7890 8160 8359 7868 7500 7836 7879 8028 7993 7960 7843 8118 8403 8053 7388 8367 7870 8238 8216 7930 8081 7857 7259 7709 7918 7899 7289 8110 7547 8288 8152 8393 8586 8287 8104 8157 7993 7775 8022 7692 7659 8214 8312 7728 7845 8128 7958 8352 8228 8251 8741 7697 8040 7525 7973 8278 7909 7960 7908 7393 7533 7363 7771 7889 8085 7800 8049 8214 8575 7756 8323 8366 8476 8120 8083 8301 7501 7801 8370 7940 8351 7731 7944 8293 8388 7663 7791 8187 8226 8399 8130 8115 8482 8301 7790 7908 8082 8015 7895 8069 8215 8139 7434 7700 7777 8288 8130 8222 7809 7793 7971 7550 7756 7719 7892 8227 8302 8116 8017 8203 8633 8716 8056 8073 7927 7960 8121 8001 8123 8121 8206 8633 8055 7680 8130 7677 8114 8494 8291 8048 8258 8328 8190 7159 8329 8499 8049 8156 7767 8062 8076 7846 7993 8019 8349 7893 7995 7933 8067 8327 8224 8000 7957 8378 8316 8286 8040 8153 7907 8651 8165 7989 7837 8211 8205 8148 8266 8329 8143 8713 7810 8148 8004 7475 8168 8333 7642 8381 8302 8134 8151 8163 8184 8096 8229 8596 8017 7744 7942 8167 7882 8128 8238 8567 7675 8366 8405 7701 7993 8468 8220 7920 8054 7945 7870 8241 8473 8517 8330 8115 8179 7747 8691 7969 7998 7983 7879 7950 7928 8221 7612 7795 7539 8350 8434 7964 8199 7871 8499 8137 8660 7890 7905 7831 8497 7837 8499 8285 8154 8664 8230 7834 7990 8016 7779 8097 
7382 7843 7379 7676 7951 8098 8167 7603 8495 7926 8333 7859 7746 7360 7389 7703 7692 8335 7591 7700 7421 7744 7741 7717 7584 7814 7768 7597 7719 7601 7672 7711 7506 8056 7539 7947 7903 7816 8307 7549 8094 7917 7609 8052 7669 8534 8377 7874 7554 8082 8024 7901 8355 7682 7473 7901 7337 7818 8441 8069 7767 7996 7846 7580 7730 7716 8358 7806 8021 7990 7422 7527 8063 7524 7646 7745 7473 7834 8153 7631 8359 7737 8007 8196 7224 7762 7712 8132 8214 7918 7283 7020 8146 7867 8354 7878 7432 7963 7976 7787 7785 7973 8059 7835 7844 7537 7513 7456 8070 7438 8039 8038 8014 7520 7433 8387 7732 7686 8092 7718 7724 8085 7704 7740 7988 7448 8413 7813 7909 8027 7971 7762 7282 6963 8094 8024 7360 8124 8113 7862 7729 7534 7852 7975 7761 7676 8183 7524 7331 7572 7594 7262 7837 7753 7099 7914 8145 7727 7199 8285 7652 7965 8028 7946 7883 7806 7079 7502 7748 7731 7313 7631 7074 7665 8019 8037 8322 7942 7644 7627 8085 7858 7658 7593 7443 8052 7738 7599 7428 8112 8215 8016 7847 7683 8497 7256 7903 7335 7187 7978 7486 7557 7996 7077 7794 7034 7298 7819 7880 7689 8150 7985 8576 7405 8085 7653 8090 7907 8099 8204 7417 7755 7962 7762 8033 7493 7982 8265 8044 7540 7763 8146 8013 7849 7544 7672 8184 8223 7410 7802 8208 7669 7753 8269 8175 7952 7163 7563 7222 8457 7948 7900 7292 7763 7540 7484 7315 7688 7899 7676 8342 7831 8234 7633 8167 8696 7795 7890 7470 7701 7846 7740 8253 8206 8148 8399 7697 7528 7998 7472 7868 8136 8138 7965 7975 7830 7987 7184 8218 7801 7569 7672 7901 7562 8155 7517 7781 7791 8154 8090 7501 7413 8048 8136 8020 7960 8128 8120 7905 7960 7907 7775 7431 8069 7746 7636 7535 8075 8034 8077 8514 7754 8048 8574 7833 7759 7495 7384 7660 7639 7174 7743 8207 7661 7595 8063 7880 7704 7924 8395 7347 7602 7890 7805 7877 8266 7897 8173 7418 8255 7919 7583 7837 8410 7698 7717 7988 7633 7802 7940 8217 8007 7848 8165 7892 7612 8410 7433 8172 7848 7397 7579 7766 7650 7618 7448 7162 8233 8195 7897 7693 7635 8116 7857 8471 7791 7977 7478 8262 7606 7818 7949 7824 8401 7897 7484 7569 7824 7357 8196 
7885 8106 7668 8043 8198 7996 8958 7818 8615 8218 8403 8434 8296 7628 7691 7992 8023 8498 8443 8217 8569 8143 7821 8018 8137 8417 7934 7786 8051 8519 7467 8094 8219 8570 7740 8422 8588 8639 8511 8290 8781 8786 8003 8041 7939 9024 8696 7775 8207 8613 8227 8438 8272 8511 7777 8386 8049 8652 8512 8545 8451 8888 8217 8367 7800 8084 8919 8045 8499 8403 8282 8115 8378 7997 8246 8402 7668 8356 8199 8264 8770 8118 8285 8554 7667 8202 8228 8474 8803 8784 7478 7746 8242 8458 8794 8133 7746 8354 8397 8223 7853 8354 8446 8265 8261 8341 8044 7770 7882 8405 8384 8254 8013 7893 8192 8721 7764 7996 8479 7889 8158 8699 8167 8268 8566 8032 8753 8342 8115 8568 7855 8678 7767 7540 8714 8471 8000 8521 8207 8361 8290 8211 8259 8252 8484 8238 8282 7920 7684 8014 8411 8251 7790 7831 7914 8146 8523 8216 7558 8579 8102 8700 8444 8592 8226 8046 7641 7757 8036 7951 7596 7724 7723 8498 8443 8663 8740 8303 8137 8301 8530 7792 8011 8208 7889 8123 8103 7841 7867 8391 8169 8505 8686 8342 8612 7693 7994 7564 7839 8635 8490 8035 8042 7551 8095 7559 7936 8420 8441 8229 8459 8063 8541 7730 8574 8694 8605 8435 8496 8843 7750 8078 8180 8697 7995 7918 8489 8833 8167 8266 7705 8563 8553 8677 7931 8314 8560 8813 8115 8153 8645 8068 7892 8434 8633 8092 7883 7811 8215 8437 8440 8105 7928 8152 8009 7806 7781 7945 8168 8568 8817 8622 8678 8199 8795 9175 8285 8234 8253 8446 8209 8111 8674 8431 8127 8928 8160 7900 8499 7974 8716 8320 8371 8201 8219 7984 8312 7466 8763 8515 8275 8398 8320 8337 8326 8092 8510 8229 8462 8115 7753 8245 8457 8285 8569 7835 8460 8835 8627 8455 8233 8579 7715 8737 8365 7869 8375 8107 8270 8450 8604 8254 8284 9166 8297 8320 7949 7796 8314 8064 7848 8597 8242 7976 8338 8168 8539 8500 8593 8715 8094 7885 8251 8529 7945 8844 8114 8639 8041 8536 8770 8290 8093 8597 8307 8155 8366 8161 8145 8181 8456 8069 8120 8316 8574 7930 8784 8204 8361 8621 8075 7998 8221 8289 8079 8138 7777 8593 8600 8391 8312 8113 8646 8032 8992 8559 8228 8087 8420 8081 8799 8530 8592 8572 8746 8142 7889 8183 8225 8644 
7758 7650 7555 7934 8062 7724 8785 7377 8286 8108 8188 8047 7911 7723 8226 8428 7756 8741 8115 8154 8009 7874 7718 7726 8377 8144 8253 7760 7945 7857 7417 7820 7599 8412 7482 8149 8512 8132 8742 7634 8498 8156 8149 7949 7571 8526 8235 7755 7991 8518 7856 7975 8018 7962 7755 8073 7804 8092 8117 8443 8266 8599 7833 8251 7869 8243 8258 8073 8293 8430 8217 7678 8024 7810 8281 8206 7622 7999 8468 8044 8478 8121 7950 8707 7816 8056 7900 8073 8504 8746 7364 7767 8276 8182 8380 7918 7388 8274 8117 7946 7911 8388 8311 7892 7738 7690 7948 7564 7819 8219 8286 8390 8134 7753 8004 8390 8061 7929 8589 7500 8009 8122 8126 8163 8184 7811 8483 7775 8080 8237 8062 7972 7559 7150 8185 8257 7348 8259 8122 8277 8055 7807 8130 8803 8017 7983 8230 7883 7518 7673 7978 7999 7311 7757 7857 8505 8250 8248 7304 7913 7849 8181 8352 8017 8062 8092 7166 7933 8023 7735 7446 7723 7360 8495 7828 8372 8442 8147 8098 7981 7968 7905 7931 8037 7378 8448 7996 7553 7819 8308 8088 8288 8236 8275 8373 7412 8070 7709 7738 8699 7991 7843 8192 7874 7933 7157 7435 8233 8277 8027 7969 7951 8391 7747 8326 8340 8268 8403 8389 8554 7529 8110 8172 8178 7831 7772 8018 8547 8288 7560 7770 8473 8299 8403 7856 7925 8492 8673 8093 7881 8102 8052 7677 8412 8090 8240 7714 7913 7795 8407 8280 8232 7920 8071 8346 7747 7812 7984 7810 8214 8489 8015 8386 8060 8402 8742 8233 7705 7885 8042 8016 8141 8202 8190 8135 8613 8030 7805 8289 7609 8184 8186 8003 8226 8226 8123 8052 7241 8138 8464 7601 7898 7970 8029 8314 7637 8151 7743 8474 7767 7544 8111 8087 7972 8102 7925 8092 8346 8283 8212 8433 8103 7735 8340 7618 8253 8308 8513 8322 8095 8157 8062 8186 8595 7742 8139 8122 7509 7918 7835 7759 8317 8275 8197 8175 7872 8445 8168 8385 8639 7942 7848 8007 8127 7827 8117 8106 8287 7791 8109 8071 7691 8343 8848 7933 7696 8107 8226 7766 7930 8345 8530 7929 7747 8214 8134 8397 8046 8019 8536 8067 7797 8003 8467 7806 8253 7533 8761 8142 8054 7933 7786 8277 8055 8650 8090 8200 7766 8699 7719 8460 8360 8298 8219 8222 7793 7691 8023 7703 8037 
7759 8039 7488 7902 7883 7851 8499 7484 8230 7686 8256 7844 7790 7701 7907 7867 7788 8498 8021 7991 7948 7786 7620 7986 8102 7957 7744 7621 8147 7840 7843 7925 7807 8301 7964 8272 8390 7915 8505 7582 8195 8438 7832 7897 7737 8631 8264 7535 7860 8374 8025 8086 8027 7935 7733 8087 7587 8218 7861 8080 8224 8237 7780 7730 7881 8245 8404 7650 7895 8148 7609 7766 8355 7626 8055 7727 7595 7834 7943 8053 8569 8279 7651 8591 7225 8142 7934 8264 8256 8425 7463 7952 7912 8283 8759 7684 7277 8304 8278 7768 7637 7957 8171 7958 7902 7754 7783 7398 8059 7994 7995 8080 8281 7705 7680 8508 7647 7920 8155 7768 8010 8045 8196 7969 8014 7891 8437 8052 8135 8368 7977 8022 7459 7297 8260 8351 7736 8000 8316 7800 7861 7559 8111 8123 7903 7992 8218 7794 7657 7504 8107 7950 7846 7920 7517 8079 8277 7894 7242 8270 7770 8294 8511 8735 7952 7918 7384 7340 7594 7482 7155 7566 7421 8122 7989 8540 8118 8098 7866 7593 7813 7751 7862 7695 7696 8214 8305 7872 7422 8013 7972 8164 8046 7612 8546 7516 7984 7623 7651 8384 8149 7800 7910 7969 7641 7166 7459 8210 8204 7979 8080 7847 8810 7644 8516 8164 8379 8243 8113 8047 7685 8090 8141 8061 8164 7955 8161 8611 8155 7769 7776 8058 8023 8297 7919 7831 7904 8421 8045 8033 8257 7635 7570 8291 8316 7917 7575 7690 7802 8464 7914 8119 7394 8090 7771 7970 7658 7679 8109 7809 8347 8229 8071 7755 8523 8640 8079 7971 8007 7682 8059 7828 7931 8100 8305 8498 7756 7843 8316 7459 8554 7991 8289 7938 8211 7848 7866 7443 8287 8465 7753 7961 7843 8048 8210 7607 7801 7562 7927 8213 8007 8036 8078 8185 8039 7617 8470 8794 8074 8078 7880 7837 7257 8562 8034 7868 7812 7950 8153 7925 8067 8029 7543 8811 7725 7648 7650 7421 8186 7948 7460 8011 8365 8121 8012 8074 8070 7985 8422 8043 7543 7674 8238 7820 7760 8542 8115 8285 7517 8598 8297 7815 8035 8398 7889 8003 8111 7821 7664 8272 8594 8243 8017 8544 8413 7976 8494 7776 8024 8150 7840 7772 8220 8316 7805 7781 7532 8278 8806 8033 7887 7681 8252 7652 8519 7720 8304 7772 8345 7815 8382 8117 8298 8473 7946 7675 7987 7816 7770 8042 
7908 7837 7384 7759 8239 7713 8177 7527 8240 8187 8423 8141 7706 7360 7738 7967 7392 8701 8318 7713 8059 7881 8044 7909 7590 7854 7780 7679 8152 7869 7729 7952 7943 8598 8108 8149 8345 8048 8222 7845 8370 8299 7983 7929 7845 8599 8592 7644 7524 8113 8313 8314 8078 8016 7789 8624 7566 8080 7899 8325 8259 8211 8271 7904 7729 8333 8361 8140 8237 7859 7939 7784 8351 7859 8090 8172 7623 7766 8379 8435 8583 7932 8054 8312 7448 8187 8080 8447 8548 8511 7245 7905 7994 8217 8613 7806 7745 8239 8388 7917 8026 8227 8371 8099 8066 7935 8064 7852 7962 8344 8189 8411 8033 8008 7722 8379 7662 7982 8326 7528 8059 7929 8245 8031 8314 7856 8426 8257 8152 8184 7995 8331 7526 7362 8152 8060 7484 8703 8139 8093 7973 7820 8218 8330 7874 7510 8347 7841 7487 7780 8190 8145 7893 7814 7991 8044 8410 7951 7358 8514 7797 8168 8524 8320 8068 7982 7488 8079 8417 7727 7638 7785 7508 8445 7658 8273 8675 7813 8080 7963 8191 7782 7788 7778 7832 8072 8151 8087 7869 7785 8356 8306 8262 7737 8457 7543 8155 7761 7298 7982 8062 7788 8214 7896 8023 7122 7764 8041 8229 7729 8391 8073 8527 7687 8469 8191 8096 8497 8183 8372 7804 8123 8084 7854 8314 7895 8223 8441 8138 7521 7777 8417 8219 8377 7841 8121 7932 8277 7583 8278 8673 7981 7773 8249 8293 7896 7459 7486 7652 8273 8162 8030 7955 8019 7789 8115 7874 7839 7675 8213 8765 8196 8354 8116 8345 8736 7768 7997 8265 7865 8143 7956 7970 8342 8091 8709 7912 7958 8018 7699 8742 7937 8180 8211 8075 8071 8173 7523 8519 8806 7713 7601 7763 8329 7895 7634 8167 7992 8477 8136 7707 7975 7817 8327 8467 7665 7941 8504 8292 8116 8217 8262 7501 8550 8075 7858 7987 8431 8308 8290 8161 8147 8265 8696 8094 8091 7961 7312 7984 8068 7740 8303 8394 7923 8170 8156 8128 7985 8084 8475 7336 7480 8319 7950 7885 8500 8152 8189 7587 8536 8247 7843 8074 8723 8117 8025 8113 7807 7838 8502 8267 8375 8124 8233 7993 7884 8547 7788 8074 8355 8224 8120 7800 8253 7753 7745 7827 8216 8161 8165 8373 7959 8528 7997 8612 8063 8063 7950 8319 7669 8113 8117 8316 8350 8407 8274 8097 8059 8131 8166 
8123 8435 7998 7915 8253 8268 9040 8133 8885 8553 8994 8738 8411 7951 8317 8569 8053 8998 8471 8760 8225 8224 8286 7916 8509 8452 7991 8054 8250 8805 7637 8056 8225 8636 8046 8685 8298 8352 8700 8243 8732 8788 8220 8282 8238 8871 8797 8033 8133 8815 8384 8140 8308 8673 8017 8600 8502 8519 8730 8759 8550 8654 8244 8376 8119 8637 8900 8141 8997 8524 8420 8025 8361 8268 8519 8229 7918 8319 8567 8088 8831 8315 8817 8805 8128 8500 8182 8582 9161 9131 7954 7721 8729 8775 8806 8068 7853 8517 8595 8592 8246 8380 8529 8565 8386 8341 8233 8129 8338 8316 8608 8628 8673 8241 8151 8773 8184 8365 8777 7926 8560 8378 8588 8158 8688 8135 8852 8544 8359 8857 8390 8931 8122 7746 8719 8547 8177 8730 8662 8450 8426 8075 8730 8460 8505 8655 8929 8290 7908 8231 8328 8226 8111 8101 8136 8359 9000 8547 7577 8506 8496 8533 8730 8711 8655 8372 7993 8158 8226 8199 7979 7865 7462 8538 8469 8920 8719 8634 8084 8235 8390 8272 8342 8371 7845 8932 8722 8029 7865 8797 8786 8515 8680 8022 8923 7971 8519 7935 7835 8563 8124 8320 8546 7775 8263 7994 8192 8346 8677 8346 8598 8397 8963 8224 8668 8587 8919 8971 8580 8863 8181 8313 8492 8406 8709 8331 8339 9017 8503 8162 8279 8866 8460 8682 8346 8504 9108 8871 8251 8280 8730 8431 8010 8639 8608 8295 7924 8001 8107 8909 8340 8743 8288 8514 8217 8320 8054 8141 7876 8463 9075 8620 8488 8448 8794 9540 8368 8131 8282 8654 8343 8094 8713 8839 8526 9063 8211 8271 8572 8117 8931 8776 8831 8458 8533 8393 8357 7931 8899 8748 7960 8003 8219 8244 8433 7979 8264 8580 8322 8900 7561 8008 8517 8544 8415 8342 8726 8780 8790 8335 8693 8621 7985 9175 8527 8026 8792 8342 8422 8715 8562 8460 8514 9264 8261 8293 8116 8188 8573 8580 7824 8772 8627 8549 8513 8357 8548 8348 8308 8929 8320 8160 8315 8576 8476 8560 8354 8519 8334 8746 8823 8373 8510 9060 8202 8463 8622 8200 8259 8639 8463 8723 8663 8112 8769 8399 9105 8306 8760 8828 8093 8273 8138 8569 8337 8027 7694 8616 8753 8313 8440 8251 8864 8444 9390 8269 8539 8327 8822 8222 8644 8435 8631 8752 8681 7891 8280 8344 8189 8567 
8298 8286 7982 8028 8392 8181 9204 7782 8305 8557 9016 8696 8523 7924 8168 8582 7946 9151 8573 8426 8326 8455 8356 8182 8493 8642 8436 8306 8468 8647 8245 8067 7841 8615 8329 8559 8615 8442 8947 8361 8924 8717 8320 8297 8324 9238 9368 8107 8158 8635 8183 8485 8634 8243 7956 8254 7775 8240 8568 8859 8355 8592 8340 8349 8038 8708 8831 8435 8496 8359 8139 8196 8512 8425 8458 8057 7928 8651 8662 8246 9220 8439 8698 8852 7763 8699 8177 8829 9111 9005 7903 7715 8444 8453 8841 8226 7822 8654 8682 8572 8451 8586 8961 8551 8346 8170 8203 8339 8411 8535 8565 8642 8450 7995 8250 8687 8319 8015 8955 8277 8563 8386 8343 8532 8462 8115 8997 8190 8556 8732 8391 8737 7858 7870 8648 8589 7834 8612 8593 8642 8617 7970 8502 8650 8554 8279 8903 8473 7756 8118 8294 8599 8370 8048 7961 8249 8417 8273 7926 8648 8168 8508 8594 8711 8489 8223 7838 7841 8310 8146 7855 8347 7725 8758 7993 8796 8784 8459 8294 8421 8415 8353 8507 7976 7895 8921 8475 8110 8135 8691 8502 8328 8523 8370 8803 8117 8455 8038 7660 8562 8272 8244 8168 7820 8064 7887 8076 8550 8615 8172 8481 8486 8963 7900 9057 8536 8762 8727 8514 8927 8090 8300 8351 8604 8511 8010 8526 8796 8864 7805 8070 8785 8558 9099 8168 8111 8629 9088 8184 8600 8859 8364 7930 8678 8866 8285 8114 8058 7838 8660 8247 8555 8153 8444 8188 8175 7990 7885 8628 8375 8933 8837 8758 8341 8852 9137 8418 8479 8281 8296 8406 8176 8642 8652 8546 8844 8246 7941 8530 8025 8834 8551 8655 8695 8332 8368 8637 7757 8968 8711 8307 8223 8257 8296 8493 8084 8206 8360 8929 8627 8253 8528 8404 8462 8563 8451 8605 8383 8776 8519 8484 8677 8272 8804 8361 7992 8792 8533 8657 8523 8744 8306 8651 9098 8235 8658 8120 7788 8072 8630 8071 8555 8757 8170 8338 8348 8299 8611 8370 8860 8404 8159 8564 8511 8197 8672 8695 8850 8005 8986 8776 8211 8181 8959 8042 8603 8463 8018 8147 8629 8771 8533 8323 8587 8820 8219 9316 8387 8260 8582 8425 8003 8515 8395 8141 8056 7975 8559 8963 8497 8437 8515 8647 8398 9342 8389 8523 8249 8967 8247 8849 8370 8404 8513 8654 8437 8298 8232 8120 8504 
8250 8383 7851 7947 8364 8194 8666 7740 8212 8163 8609 8282 8318 7821 8397 8380 8286 9022 8011 8278 8457 8053 8006 8181 8544 8431 7959 8236 8634 8341 7791 7994 7933 8774 8014 8493 8613 8221 8760 8158 8850 8399 7900 8382 8040 8868 8810 7756 8023 8410 8501 8157 8442 8591 7797 8569 8130 8642 8318 8684 8529 8472 8222 8071 8197 8319 8949 8242 8289 8425 8353 8143 8490 8101 8442 8310 7657 7872 8355 8274 8978 8230 8165 8408 7849 8159 8042 8372 8456 9021 7805 8032 8563 8322 8731 7852 7376 8322 8182 8059 8369 8487 8615 8381 8555 8064 8259 8100 8200 8214 8445 8508 8055 8095 8075 8711 7732 7965 8234 8123 8444 8567 7891 8157 8577 8073 8616 8160 8210 8709 7885 8443 7681 7622 8580 8279 7957 8340 8294 8395 8207 7966 8554 8396 8188 8093 8427 8091 7641 7853 8352 8075 8008 8088 8054 8479 8547 7959 7569 8453 8311 8637 8443 8411 8438 8283 7785 7851 8228 7896 7731 8237 7584 8539 8239 8747 8788 8763 8114 8109 8343 7986 7998 8037 7911 8066 8546 7985 7870 8305 8783 8370 8531 8288 8810 7606 8351 8053 7904 8356 8001 8118 8348 7728 8012 7424 7877 8445 8204 8214 8453 8249 8666 7796 8903 8268 8614 8537 8605 8971 7540 8014 8530 8156 8414 7988 8414 8565 8633 7986 7921 8492 8536 8813 8425 8398 8453 8527 7911 8198 8637 8383 7969 8449 8405 8456 7834 7706 8022 8529 8247 8444 8049 8032 8169 7847 8241 7863 8256 8490 8651 8552 8423 8208 8778 9033 8040 7922 7873 8240 8381 8223 8510 8797 8428 8754 8152 7828 8386 7697 8521 8458 8412 8494 8539 8525 8330 7748 8709 8648 8443 8401 7706 8167 8267 7942 8333 8224 8281 7958 7743 8225 8293 8255 8475 7788 8551 8885 8608 8497 8174 8370 7982 8448 8357 8163 8212 8195 8381 8493 8460 8502 8612 9029 8333 8222 8141 7821 8302 7986 7868 8445 8480 8517 8455 8333 8410 8301 8529 8633 7907 7987 8266 8515 8009 8733 8376 8758 8067 8720 8652 8241 8104 8853 8477 8108 8364 8233 8118 8476 8816 8301 8234 8347 8828 7804 8975 8392 8292 8419 7655 8118 8334 8437 7845 8320 7770 8492 8333 8279 8417 8130 8960 8289 9152 8266 8309 8213 8888 8222 8895 8377 8526 8715 8438 8177 7993 8229 8123 8731 
7880 7799 7615 7981 8135 7761 8663 7457 8299 8235 8896 7934 8335 7684 7928 8173 7850 8730 8273 8111 8556 8296 7887 8163 8094 8121 7846 7650 8078 8341 7888 7876 8185 8512 7885 8024 8364 8425 8544 7906 8563 8242 7893 8016 8034 8615 8640 8090 7796 8311 8284 8484 8274 8222 8085 8462 8302 8298 8240 8284 8155 8165 7945 8326 7971 8646 8711 7769 8386 8665 7984 8151 8316 7869 8143 7759 7757 8073 8092 8300 8736 8272 8085 8612 7625 8396 8382 8240 8289 8615 7394 7584 8250 8226 8651 7677 7446 8515 8508 7617 8268 8476 8390 8292 8154 7895 7851 7650 8475 8254 8301 8320 8388 8050 7924 8522 7678 7969 8587 7742 8306 8133 8354 8295 8042 7779 8535 8009 8027 8455 8244 8585 7837 7926 8239 8320 7680 8604 8088 8177 8128 8037 8137 8403 8120 8011 8692 7973 7898 7827 7959 8288 8114 7980 7584 8278 8495 8193 7547 8351 7884 8404 8514 8425 8526 7957 7322 7623 8038 8131 7590 8435 7910 8442 8203 8532 8549 8460 8169 8420 8274 7811 8010 7861 7869 8389 8496 7742 8072 8150 8453 8591 8451 8287 8481 7762 8032 7483 7746 8252 8231 8133 8485 7600 8027 7331 7772 8051 8462 7882 8115 8178 8635 7738 8469 8445 8557 8444 8317 8495 7522 7662 8318 8385 8039 8048 8219 8612 8600 8004 7898 8486 8502 8585 8269 8180 8626 8440 8084 7958 8245 8378 8022 8164 8381 8365 8119 7790 7693 8270 8174 7971 7973 8086 8311 7976 7907 7919 7876 8269 8592 8324 8061 8045 8566 8747 8280 8211 8042 8105 8128 8024 8521 8315 8260 9076 8143 7774 8434 7703 8653 8302 8627 8275 8056 8210 8216 7591 8703 8469 7963 8044 7807 8398 8239 7927 8209 7995 8624 8111 7768 8034 8412 8434 8183 7908 8301 8357 8497 8260 7955 8434 8062 8541 8232 8312 7916 8342 8109 8360 8331 8301 8047 9000 7946 8157 7852 7843 8220 8305 7745 8320 8457 8684 8278 7927 8229 8311 8338 8642 8251 7949 8341 8454 8125 8833 8518 8368 7892 8613 8440 7910 8116 8643 8257 7930 8006 8018 7980 8286 8819 8472 8137 8320 8389 7719 8433 8053 8111 8361 7846 7766 8268 7864 7765 8034 7667 8258 8234 8056 8328 7863 8851 8456 8864 8183 8173 8401 8510 8094 8539 8386 8237 8601 8547 7820 7983 8070 7892 8094 
7954 8046 7854 8045 8389 8190 8728 7665 8485 8516 9017 8153 8307 7508 7830 8370 8206 8578 8231 8462 8282 8145 8057 8158 8159 8544 8166 8134 8056 8315 7520 8180 7887 8531 7889 8214 8462 8186 8551 8027 8505 8698 8122 8302 8333 8980 8951 8023 8080 8483 8040 8298 8283 8220 8029 8280 7879 8702 8394 8281 8536 8473 8239 8192 7960 8285 8601 8067 8270 8279 8347 8059 8440 7899 8223 8196 7597 8193 8182 8228 8891 8183 8459 8826 7658 8069 8166 8424 8365 8825 7725 7728 8377 8156 8595 8402 7521 8449 8522 8252 8235 8482 8376 8593 8307 8215 8008 7791 8017 8232 8028 8482 8446 8155 7856 8627 7810 8166 8617 7987 7970 8498 8112 8119 8186 7770 8757 8222 8321 8963 8399 8484 7606 7509 8249 8424 7846 8660 8009 8238 8303 8164 8231 8518 8427 8335 8282 7994 7358 7802 8183 8324 7892 8083 7708 8513 8719 8066 7498 8408 8418 8016 8437 8750 8220 8371 7725 7658 8184 7827 7709 7912 7970 8225 8250 8819 8644 8494 8248 8284 8176 7866 7988 7933 7716 8427 8815 7796 7772 8090 8485 8272 8459 8362 8853 7652 8012 7745 7649 8316 8483 7817 8166 7308 8027 7721 7917 8047 8338 8342 8222 8280 8737 8196 8751 8469 8507 8369 8276 8763 8025 7866 8153 8346 8393 7950 8183 8865 8460 7918 7913 8811 8270 8803 8069 8216 8441 8822 7998 8006 8492 7881 8041 8369 8527 8289 8130 8088 7915 8775 8159 8186 7730 8280 8155 7999 8093 8045 8053 8127 8461 8433 8451 7824 8736 8982 8437 8267 8011 8126 8343 8317 8458 8517 8470 8850 8293 7953 8443 7779 8329 8444 8358 8362 8017 8302 8387 7513 8702 8502 7914 8067 8265 8269 8221 7816 8217 8114 8703 8349 7622 7975 8049 8173 8043 7763 8158 8425 8260 8553 8153 8150 7899 8502 8459 7847 8419 8229 8550 8217 8295 8491 8165 9069 8119 8199 7960 7643 8084 8208 7936 8502 8182 8563 8143 8384 8547 8093 8353 8457 7957 7767 8182 8319 8281 8865 8581 8283 7660 8714 8409 7956 8062 8815 8268 8496 7985 8155 8127 8432 8840 8274 8244 8552 8639 8119 8871 8014 8026 8730 8209 7743 8281 8230 8131 8175 7981 8725 8506 8241 8300 8296 8573 8150 9235 8256 8612 7910 8383 8282 8394 8223 8518 8643 8428 8025 7962 8135 8255 8959 
8123 8466 8233 8424 8533 8482 9113 8043 8796 8599 8837 8322 8327 7922 8169 8318 8320 8976 8638 8367 8451 8334 8293 8214 8552 8545 8096 7963 8523 8316 8339 8013 8214 8551 8419 8639 8417 8557 8704 8072 8929 8657 8269 8592 8357 8926 9206 7982 8085 8614 8263 8433 8624 8288 8054 8685 8065 8643 8868 9003 8595 8713 8210 8364 8114 8397 8871 8480 8625 8597 8613 7944 8681 8082 8550 8671 7834 8324 8737 8479 8928 8609 8341 8812 7614 8192 8253 8634 8618 9018 7925 7834 8461 8334 8874 7917 7568 8663 8621 8390 8242 8223 9112 8624 8685 8321 8263 7949 8664 8566 8426 8626 8489 8339 8218 8878 8178 8313 8715 8187 8492 8667 8365 8157 8517 7945 9074 8289 8717 8840 8344 8434 8167 7461 8799 8158 7879 8515 8722 8675 8299 8106 8542 8734 8310 7990 8776 8602 7710 8298 8458 8300 8226 8190 8161 8555 8729 8666 7630 8459 7887 8667 8671 8597 8739 8230 7732 8283 8240 8031 7729 8038 7865 8661 8443 8749 8875 8833 8089 8196 8089 8219 8183 8193 7964 8628 8494 8348 7994 8430 8917 8443 8545 8054 8892 7928 8564 7933 7769 8956 8206 8085 8348 7598 8110 7760 7564 8468 8177 8140 8512 8264 8859 7964 8869 8679 8657 8272 8608 8523 8128 8410 8445 8657 8706 8390 8309 8756 8990 8082 8156 9071 8796 8602 8411 8310 8412 8530 8036 8352 8734 8357 8425 9025 8944 8407 7940 8128 7860 8516 8311 8629 7886 8158 8075 8335 7867 8168 8564 8502 8824 8705 8596 8709 8985 9584 8178 8230 8240 8350 8296 8584 8702 8722 8608 8537 8264 8226 8588 7866 8672 8481 8674 8232 8783 8442 8807 7696 8855 8841 8405 8127 8198 8094 8114 8397 8375 8714 8696 8337 8006 8155 8611 8351 8420 8010 8867 8814 8385 8220 8437 8451 8019 8678 8491 8121 8758 8255 8569 8749 8535 8499 8502 9021 8318 8404 8256 8062 8044 8536 7920 8845 8450 8377 8392 8279 8467 8422 8272 8800 8295 8174 8084 8253 8150 8616 8587 8593 8024 8973 8719 8188 8448 8941 8341 8072 8698 8457 8390 8517 8820 8687 8610 8427 8800 8611 9223 8569 8311 8639 8217 8057 8535 8576 8296 8313 8035 8974 8729 8454 8364 8438 8625 8483 9504 8575 8644 8219 8742 8160 8539 8714 8478 8820 8733 8117 8013 8306 8445 8900 
8018 7657 7643 7886 8230 7944 8502 7403 7936 8203 8335 7914 7929 7426 7665 7855 7532 8779 7920 8155 8007 8021 7771 7626 8012 8126 7672 7642 8182 7818 7544 7878 7722 8375 7709 8553 8288 8221 8042 7742 8499 8282 7542 8036 7826 8809 8495 7541 7717 8274 7968 8083 8144 7759 7819 8319 7361 7959 7972 8146 8183 8390 7695 7850 7764 8239 8292 8094 7984 8053 7917 7617 8029 7912 8486 7928 7667 8012 7922 8176 8244 8234 7958 8409 7545 7559 7877 8098 8575 8100 7324 7195 8177 8103 8312 7845 7453 8192 8010 7751 7894 8037 8273 7667 7835 8138 7799 7756 8236 8270 7819 7933 8007 7637 7827 8452 7643 7911 8230 7894 7782 8330 7524 7940 7991 7477 8198 7812 8108 8170 8064 8258 7846 7347 8367 8033 7410 8123 7726 8224 7898 7662 8009 7997 7771 7919 8244 7851 7389 7907 7922 7692 7867 7690 7871 8096 8181 7792 7257 8269 8098 8342 7868 8105 7854 7999 7221 7666 7735 7673 7368 7949 7308 8154 7781 8486 8371 8167 7949 7935 8081 7615 7940 7683 7614 7828 8055 7673 7476 8171 8383 8198 7823 8114 8552 7585 8202 7432 7452 8249 8010 7914 7823 7493 8006 7042 7201 8251 8229 7793 8010 8001 8587 7943 8234 7947 8055 8262 7917 8534 7766 7717 8080 7994 8239 7594 8306 8347 7712 7328 7541 8251 8200 8286 7809 8053 8192 8208 7782 7566 8287 7724 7839 8451 8367 7611 7470 7590 7609 8194 8016 7993 7615 7753 7580 7879 7172 7796 8000 8087 8865 8252 8588 7982 8550 8460 7908 8157 7783 7736 8024 8039 8201 7787 7834 8653 7784 7846 7837 7614 8211 8081 7954 8173 8164 7809 8272 7373 8606 8358 8169 7962 7689 8065 8036 7980 8015 7913 8015 7861 7852 7760 8250 7819 8014 8112 7731 8262 8273 8363 7838 7834 7335 8635 7823 7928 8033 8098 8000 8037 8545 7864 8056 9112 8144 7918 8043 7686 8061 8076 7540 8313 8055 7869 8113 8040 7976 7922 7594 8446 7788 7547 7891 7934 7785 8489 7967 8497 7484 8377 8351 7707 8197 8381 7929 7820 8198 7664 7593 8070 8259 8173 8011 7921 8248 7461 8438 7782 8118 8314 7505 7517 8166 8173 7802 7904 7185 8294 8327 7996 7984 7855 8350 8181 8643 8170 8211 7595 8658 7545 8385 8468 7984 8371 7937 7659 7873 8147 7628 7778 
8140 8325 8035 8405 8643 8688 9193 8053 8766 8565 8806 8567 8465 8270 8280 8347 7989 9093 8619 8163 8373 8358 7996 8206 8495 8504 8534 8224 8408 8461 8503 8421 8240 8927 8409 8942 8875 8432 8935 8218 9010 8585 8185 8563 8474 9164 8968 8342 8507 8697 8673 8280 8416 8266 8276 8692 8024 8343 8366 8587 8885 8760 8518 8482 8339 8661 8732 8128 9067 8805 8186 8063 8691 7979 8650 8656 7851 8339 8665 8629 9051 8714 8608 8843 7933 8073 8221 8744 8959 9107 7972 7856 8659 8744 9097 8098 8179 8708 8547 8603 8276 8514 9092 8432 8306 7948 8285 8112 8405 8544 8521 8597 8680 8424 8090 8687 8456 8499 8519 8287 8364 8515 8700 8201 8845 8183 9030 8538 8468 8904 8455 8839 8145 7944 8833 8720 8214 8674 8821 8957 8432 8250 8351 8665 8434 8240 8735 8272 8088 7980 8560 8433 8193 8335 7785 8253 8835 8400 7706 8634 8240 8792 8680 8968 8571 8450 7876 8022 8350 8312 7860 8133 7955 8532 8614 8822 9033 8512 8410 8188 8511 8346 8174 8138 8100 8414 8475 8179 8242 8627 8859 8645 8622 8273 9049 8239 8686 8018 7946 8710 8360 7983 8507 8166 8131 7593 8047 8588 8598 8700 8500 8152 8973 8157 8777 8254 8705 9012 8685 8901 8103 8414 8500 8680 8837 8047 8590 9088 8749 7925 8077 8800 8558 8631 8328 8311 8765 8974 8266 8802 8993 8125 8230 8780 8756 8471 8213 8014 8008 8872 8345 8445 8121 8354 8327 8068 8140 8443 8459 8291 8878 8884 8875 8151 8995 9220 8542 8604 8164 8231 8444 8565 8323 8586 8571 9057 7690 8428 8666 7905 8914 8585 8551 8616 8637 8415 8579 7814 8485 8899 8585 8189 8227 8563 8694 7930 8455 8437 8853 8346 8032 8639 8604 8436 8599 8129 8662 9003 8767 8627 8408 8612 7826 9074 8316 8540 8301 8618 8793 8653 8880 8784 8444 9397 8327 8327 8174 8130 8162 8352 8264 8646 8596 8615 8417 8339 8526 8237 8801 8744 8235 7815 8687 8364 8413 8543 8565 8660 7994 8906 8597 8159 8295 9118 8193 8484 8638 8157 8287 8434 8898 8922 8163 8417 8789 8569 9245 8541 7973 8693 8625 8339 8621 8803 7863 8006 8259 8343 8658 8416 8490 8301 8699 8279 9061 8433 8330 8098 8787 8406 8945 8736 8659 8489 8399 8274 8305 8368 8187 8600 
7929 8039 7872 7587 8346 7899 8574 7805 8255 8130 8649 8532 8349 7870 8110 8067 7813 8653 8152 8026 8032 8101 8199 8123 8121 8279 8112 7821 8311 8301 7524 7901 8002 8500 8063 8160 8258 8336 8434 7732 8484 8622 8178 7986 7806 9071 8551 8248 7881 8577 8049 8106 8477 8215 8079 8754 7786 8302 8497 8453 8444 8739 8223 8080 8292 8224 8509 8140 8230 8313 7938 7932 8118 8183 8588 8075 7669 8528 8358 8148 8431 8182 8098 8516 7737 8383 8154 8624 8539 8474 7681 7422 8571 8487 8677 7950 7831 8448 8168 8409 7994 8256 8541 8559 8026 8043 7837 7787 8387 8354 8087 8203 8291 8129 8058 8535 8058 7990 8639 8094 8350 8497 8072 8188 8189 7778 8441 8192 8209 8678 8265 8683 7845 7525 8247 8145 7581 8778 8157 8462 8474 7781 8480 8128 8156 7994 8561 7959 7634 7990 8402 8200 7895 7780 8142 8202 8632 8552 7713 8717 8113 8141 8440 8372 8404 8264 7460 8199 8451 7547 7713 7767 7356 8454 8282 8824 8530 8437 8449 8179 8283 7979 8025 7875 7610 8491 8300 7751 7685 8284 8428 8253 8612 8426 8864 7925 8193 7806 7748 8260 8116 7742 8321 7778 8079 7736 7617 8421 8448 8127 8173 8054 8730 7982 8392 8151 8617 8262 8169 8837 7826 7901 8373 8288 8143 7927 8091 8521 8191 7630 8112 8574 8528 8701 8424 8050 8358 8652 8193 8193 8676 8452 8058 8462 8665 8209 7669 7586 7887 8615 8173 8331 8059 8141 7981 7906 8102 7931 8091 8309 8673 8224 8420 8307 8615 8989 8296 8163 7812 8007 8157 8097 7921 8684 8482 8862 7867 7886 8345 7661 8800 8312 8469 8371 8372 8571 8399 7534 8539 8709 8167 8066 8209 8438 8381 7864 8154 8287 8664 8215 7948 7996 8271 8333 8234 7952 8299 8686 8643 8405 8076 8378 7872 8524 7918 8130 8025 8454 8507 8040 8399 8269 8780 8935 8528 8406 7908 7564 8403 8528 7706 8572 8454 8029 8270 8109 8547 7993 8301 8657 7700 7873 8443 8105 8012 8663 8514 8545 7948 8371 8406 7827 7935 9010 8293 8285 8279 8192 7885 8591 8528 8442 8430 8316 8474 7994 8607 8230 8342 8486 7905 8049 8116 8323 7952 8116 7430 8320 8240 8308 8085 8014 8825 8223 9001 8333 8378 7712 8670 8033 8481 8358 8387 8947 8555 7808 7903 8183 8124 7984 
7776 7826 7366 7568 7801 7810 8134 7359 8067 7577 8290 8225 7871 7408 7767 7874 7607 8420 8287 7917 7993 7490 7861 7655 7934 8439 7721 7378 8328 8052 7744 7672 7751 8290 7763 8129 8226 7676 8283 7559 8561 8206 7834 7730 7844 8461 8454 7805 7713 8384 8017 7738 8055 7966 7401 8289 7624 8027 8065 8071 8254 8495 7674 7793 8152 7918 8312 7827 7959 8038 7513 7720 7950 7695 8034 7741 7564 7799 8225 7842 8652 7759 7861 8098 7595 7954 7758 7960 8277 8347 7469 7675 8181 8157 8414 7841 6980 8076 8108 7496 8041 8357 8577 8184 7945 7807 7750 7874 8091 7931 8279 8040 7989 7869 7811 8133 7532 7822 8555 7792 7896 8361 7908 7836 8026 7691 8043 7933 7854 8397 7840 8402 7289 7137 8168 7898 7440 8093 8050 7966 8003 7895 8150 7961 7939 7823 7985 7856 7585 7435 7975 7913 7657 7586 7548 8176 8316 7509 7240 8186 7499 7976 8069 7856 7951 8086 7227 7594 7790 7457 7684 7570 7245 8265 7838 8264 8219 7734 7600 8167 7935 7784 7622 7600 7670 7842 8145 7935 7538 7984 8060 8299 7968 8114 8186 7402 8109 7686 7423 8188 7933 7573 7921 7307 7867 7261 7442 8021 7926 7986 8290 8085 8127 7960 8606 8002 8108 8218 8257 8422 7621 7920 8240 8275 8266 7609 7998 8061 8250 7642 7407 8146 8389 8296 7790 7715 8033 8388 8073 7861 8147 7944 7464 8532 8180 8102 7729 7621 7418 8526 8071 7835 7609 7633 7932 7503 7866 7586 7979 7755 8608 8426 8046 7703 8347 8866 7839 7899 7699 7798 8170 7504 8112 7893 8106 8739 8061 7838 7667 7410 8035 8115 8160 8155 7921 8081 8087 7118 8292 8150 7823 7655 7909 7954 7987 7186 7949 7875 7946 7882 7429 7693 8104 7920 8106 7600 8108 8338 8193 8048 7883 8102 7425 8394 7697 7643 7666 7848 8200 8162 7970 8040 8471 8807 8111 8123 7873 7407 7996 7838 7765 8316 7933 8118 8320 7810 8213 7938 7868 8188 7743 7505 8210 8098 7245 8028 7954 8359 7261 8395 8295 7639 7575 8650 8033 7864 8008 7843 7740 7952 8156 8218 7911 8019 8296 7605 8384 7770 7797 8184 7829 7512 7868 7924 7775 7679 7545 8148 8306 8043 7322 7470 8475 8005 8659 7988 7965 7645 8093 7742 8000 7776 8215 7872 7926 7572 7794 7848 7506 8166 
7755 7989 7355 7525 7947 7754 8403 7318 7926 8278 8436 7858 8350 7320 7625 7718 7832 8350 8212 7860 7933 7926 7578 7639 7850 8071 7776 7410 7838 7832 7296 7824 7428 8152 7558 7931 8283 7875 8247 7950 8240 8345 7769 8014 7679 8671 8751 7489 7624 7998 7888 8006 8098 7750 7552 8176 7992 8135 8041 8192 8231 8190 7963 7970 7726 8189 8599 7734 8186 8151 7610 7822 8337 7918 7840 7796 7203 7708 8050 7851 8620 8175 7828 8419 7833 7963 7721 7828 8348 8804 7195 7578 7885 7932 8350 7984 7052 8431 8094 7807 8045 8016 8221 8083 8124 7863 7920 7782 8171 8144 8124 8373 8065 8018 7751 8222 7647 7777 7989 7801 7968 7892 7518 7827 8041 7461 8263 8214 8058 8024 7815 8141 7545 7515 8135 8010 7646 8150 7878 8184 8196 7589 8168 8225 7953 7924 8188 7831 7385 7727 7877 8063 7708 7788 7635 7982 7867 7976 7624 8133 7995 7902 8243 7987 8055 7761 7362 7572 7751 7800 7184 8221 7181 8280 7692 8242 8314 8316 7999 7867 8044 7530 8041 7913 7556 7982 7754 7471 7460 8248 8210 8026 8524 7952 8564 7398 7956 7495 7461 8122 7831 8034 8123 7589 7808 7110 7791 7839 8279 7814 7917 7892 8236 7787 8340 8459 8549 8404 8238 8542 7405 7930 8113 8218 8187 7601 8057 8540 8000 7743 7945 8090 7873 8400 8007 8038 8294 8462 8009 8142 7794 7903 7817 8414 8114 7939 7911 7726 7762 8417 8029 7844 7562 7873 7950 7977 7379 7799 7968 8071 8413 8097 8448 7983 8223 8942 7799 7545 7867 7866 8021 8012 8020 8312 7860 8706 8084 7603 8061 7759 8324 8278 7977 8198 8037 8172 8306 7084 8336 8268 7840 8040 7830 8117 8248 7648 8073 7625 8492 7936 7612 7832 7972 8142 8179 7686 8209 7820 8202 8135 8218 7906 7895 8235 8049 7527 7811 7799 8248 8016 8092 8068 7769 8763 8124 7830 7520 7510 7554 8273 7806 8005 8414 8305 8256 8110 8022 7984 8017 8036 7877 7543 7897 8036 7707 8353 7990 8377 7503 8313 8233 7895 7751 8741 7921 8032 7888 7820 7538 8276 8128 8156 8351 7992 8578 7639 8776 8005 7922 7957 7948 7886 8118 8287 7704 7944 7665 8279 8321 8069 7937 7825 8406 8037 8845 8366 7868 7585 8198 8087 8243 8119 8249 8392 8026 7843 7947 7817 7741 7888 
8191 8347 7834 8125 8257 7844 8640 7529 8525 8340 8882 8240 8386 7939 7801 8426 8067 9159 8487 8069 8219 8305 8091 8152 8219 8400 8220 7930 8330 8554 7918 7952 8022 8739 8218 8740 8532 8366 8825 7772 8924 8950 8241 8319 8045 8965 8728 8147 8408 8659 8532 8428 8478 8297 7930 8508 7982 8035 8356 8706 8615 8650 8391 8694 7874 8457 8806 8260 8662 8535 8159 8050 8435 8055 8528 8422 7873 7954 8357 8085 8707 8692 8177 8523 7982 8414 8210 8586 8932 8713 7834 7639 8412 8451 8811 8090 7702 8300 8539 8378 8074 8631 8534 8184 8155 8133 8147 7896 8195 8564 8422 8667 8383 8144 8185 8869 8203 7901 8672 8089 8221 8445 8512 8422 8360 8200 8675 8258 8269 8577 8397 8435 8013 7777 8430 8424 8047 8552 8144 8522 8374 8007 8065 8735 8310 8278 8679 7982 7910 7918 8324 8395 8071 7978 8279 8434 8603 8518 7338 8656 7814 8409 8601 8632 8586 8139 7495 7925 8599 7993 7695 7773 7579 8737 8041 8693 8806 8600 8364 8369 8417 7966 8168 8289 7569 8436 8521 7883 7790 8479 8450 8611 8565 8076 8885 7939 8378 7997 8019 8702 8360 8136 8645 7785 8226 7732 7594 8090 8427 8310 8555 8184 8872 8109 8675 8349 8608 8633 8525 8921 7894 8080 8216 8407 8471 7838 8439 8729 8421 8072 7881 8710 8511 8712 8381 8168 8704 8656 8281 8361 8587 8293 7953 8648 8615 8181 8098 8114 8218 8886 8322 8480 8041 8026 8224 7954 8040 7927 7898 8494 8937 8389 8626 8001 8640 9112 8336 8116 7973 8385 8295 8137 8418 8508 8324 8898 8084 8374 8377 7963 8818 8367 8253 8310 8389 8409 8659 7834 8684 8722 8008 8195 8057 8122 8574 7869 8271 8071 8715 8128 7949 8310 8274 8429 8424 8223 8648 8916 8457 8498 8729 8474 7824 8822 8304 8281 8245 8573 8554 8291 8352 8199 8552 9210 8257 8371 8000 7872 8412 8347 7972 8719 8610 8500 8519 8643 8624 8223 8367 8813 8308 7869 8404 8275 8015 8618 8166 8651 8000 8639 8812 7999 8205 9094 8464 8187 8333 8352 8039 8800 8536 8553 8135 8415 8678 8300 8850 8144 8290 8721 8294 8110 8348 8478 7993 8286 7661 8627 8540 8185 8486 8329 8700 8408 9231 8324 8640 8266 8557 8057 8763 8804 8590 8499 8671 7909 7890 8398 8249 8231 
8071 7953 7942 8428 8129 8561 8641 7813 8499 8382 8698 8144 8399 7915 8317 8417 8304 9187 8557 8187 8491 8284 8108 8184 8168 8498 8150 8090 8349 8364 7847 7720 8009 8634 8107 8435 8510 8078 8692 7597 8941 8331 8491 8210 8326 9229 9017 7921 7934 8440 8521 8488 8489 8281 7857 8337 8345 8387 8538 8648 8641 8678 8186 8351 8074 8648 8880 8383 8484 8233 8273 8002 8473 8322 8526 8102 7815 8708 8584 8392 8940 8353 8449 8753 7942 8162 8263 8504 8734 8907 7995 7768 8539 8640 8610 8105 7733 8713 8668 7895 8161 8673 8855 8459 8337 8413 7809 7930 8757 8613 8462 8491 8549 7921 8241 8809 8379 7923 8868 8193 8463 8712 8178 8490 8241 7881 8745 8166 8311 8520 8299 8800 7817 7732 8277 8585 7590 8731 8470 8572 8262 7980 8553 8596 8117 8006 8796 8258 7824 8072 8391 8523 8164 7885 7723 8358 8501 8699 7778 8702 8198 8509 8711 8271 8490 8634 7531 8309 8484 7774 7819 8153 7777 8684 8346 8791 8393 8542 8117 8213 8396 8306 8130 8272 7787 8452 8320 8516 8116 8324 8483 8172 8193 8300 8858 7751 8317 7971 7803 8837 8605 8017 8591 7978 7997 7564 7679 8344 8310 8527 8452 8604 8641 8082 8600 8644 8365 8516 8568 9018 8010 8436 8565 8461 8385 7974 8307 8765 8467 7897 7836 9003 8661 8702 8126 8151 8637 8626 7970 8251 8788 8379 8121 9029 8790 8217 7991 8223 7904 8543 8437 8336 7937 8020 7922 8043 7812 8095 8104 8307 8546 8276 8815 8654 8965 9223 8500 8120 8071 8168 8191 8353 8617 8508 8434 9226 7917 8098 8260 8021 8684 8414 8545 8247 8774 8188 8688 7640 8607 8649 7933 8289 8290 8060 8201 8220 8553 8299 8672 8376 8093 8411 8047 8693 8284 7985 8518 8765 8529 8820 8602 8540 8315 8983 8011 8218 8456 8515 8236 8414 8780 8460 8584 9201 8318 8661 8238 7901 8338 8542 7577 8908 8623 8421 8095 8463 8286 8478 8575 8999 8088 8160 8678 8401 7835 8439 8768 8558 8017 8879 8637 7976 8345 9096 8207 8023 8530 7984 8183 8741 8714 8427 8593 8591 8450 8271 8947 8464 8480 8499 8265 8086 8175 8568 7967 8285 7811 8696 8638 8530 8275 8308 8803 8745 9453 8381 8312 7984 9005 8205 8771 8382 8529 8676 8524 8080 8067 8650 8332 8240 
8030 8109 7597 7859 8466 7806 8520 7580 8285 8332 8309 8175 8131 7712 7790 8122 7877 8630 8154 8031 8117 7940 7852 8016 7952 8220 7950 7815 8050 8175 7538 7853 7831 8409 7592 8200 8249 7966 8468 7787 8474 8408 7998 8079 7811 8692 8550 7774 8069 8215 8372 8059 8480 7874 7817 8178 8115 8136 8023 8323 8083 8342 7877 7933 7859 8350 8666 8046 8027 7834 7732 8033 8326 7906 8197 8070 7467 8598 8205 7985 8738 8089 7889 8686 7818 8124 8121 8514 8719 8683 7312 7660 7998 8154 8576 7795 7399 8137 8457 7932 8085 7920 8494 8340 8167 8018 7760 7835 8158 8039 8213 8325 8155 7901 7324 8594 7923 7630 8326 7839 8005 8275 8062 7926 8094 7813 8598 7529 7930 8389 8035 8425 7437 7303 8367 7928 7657 7960 8133 8221 8304 7472 8138 7948 8239 7874 8259 7703 7367 7909 8074 7997 8148 7897 7894 8000 8303 8078 7346 8163 7812 8050 8164 8506 8131 7871 7494 7715 8133 7884 7699 7800 7118 8273 8193 8673 8712 8080 8173 8175 8257 7972 7866 7659 7635 7963 8055 7664 7399 8391 8447 8167 8268 7776 8645 7736 8065 7567 7685 8432 7943 7846 8191 7566 7776 7305 7591 8292 8276 8161 8417 8314 8527 7891 8569 8138 8144 8573 8250 8429 7886 7991 8293 8167 8326 7822 8257 8430 8543 7688 7922 8211 8390 8252 8089 8214 8513 8614 8075 7947 8310 7927 7811 8370 8272 7706 7748 7774 7747 8325 8184 8032 7362 8040 8133 8067 7348 8042 7891 7899 8627 8437 8374 8119 8564 8981 8007 7979 7993 7542 7923 8060 8090 8186 8099 8848 7544 7788 8320 7416 8175 8526 8179 8224 8001 8034 8073 7411 8393 8227 7848 8019 8123 8115 8091 7766 7829 7956 8495 8237 7804 8059 8020 8210 8178 8126 8453 8454 8445 8483 8003 8023 7748 8509 8078 7909 7856 8284 8384 8158 8319 8461 8358 8938 7890 8289 7893 7361 7826 8041 7491 8381 8122 8306 8320 8332 8230 8021 8149 8578 7633 7815 7898 8004 7861 8323 8026 8447 7852 8302 8304 8135 7833 8681 8251 8114 7911 7764 7720 8368 8230 8520 7949 8302 8201 7745 8485 7978 8153 8075 7975 7793 8097 7927 7608 7782 7525 8281 8635 8382 8207 7871 8521 8064 8699 8037 8160 7689 8422 7941 8622 8270 8183 8425 8242 7844 7885 7759 7609 7984 
7782 8032 7809 7945 8318 8262 8646 7911 8479 8001 8318 8208 8332 7863 8065 8001 8127 8799 8128 8013 8327 7784 8023 7980 8120 8335 7939 7882 8384 8357 7899 7786 7968 8510 7937 8148 8114 8188 8380 7939 8421 8567 8284 7943 7975 8767 8855 7754 7875 8569 8105 8209 8136 7974 8010 8553 8015 8372 8318 8336 8539 8364 7755 8158 7984 8130 8891 8154 8301 8501 7903 7864 8118 7974 8490 8024 7810 8241 8655 8371 8829 8249 8093 8711 7471 8454 8164 8255 8430 8740 7496 7593 8339 8427 8750 8105 7698 8153 8620 7850 8244 8178 8416 8448 8447 8165 7877 8041 8533 8078 8202 8333 8295 8015 7865 8086 7903 7987 8459 8143 8206 8573 8267 8174 8230 7962 8419 8250 8428 8651 8102 8329 7849 7400 8322 8194 7711 8370 8451 8063 8110 8173 8437 8314 7882 7870 8278 8114 7638 7892 8385 8040 7801 7849 7657 8296 8318 8169 7683 8489 8034 8355 8274 8588 8348 7859 7370 7847 8049 7689 7530 8082 7699 8347 8205 8897 8678 8206 7941 8285 8007 8127 8161 8100 7844 8367 8556 7950 7447 7982 8306 8281 8595 8292 8471 7701 8522 7851 7797 8530 8212 8000 8215 7545 8040 7377 7721 8339 8376 7851 8448 8434 8458 8237 8488 8326 8279 8353 8415 8987 7699 8397 8417 8573 8256 8059 8268 8502 8372 8008 7839 8499 8941 8160 8011 7955 8453 8727 8062 8049 8405 7986 8165 8717 8690 8261 7832 7960 8012 8361 8368 8178 7843 8220 8160 8036 7740 7825 7949 8084 8627 8263 8158 7934 8957 9143 8172 8144 8132 7981 8309 8252 8212 8544 8290 9027 8171 7734 8289 7710 8298 8586 8502 7937 8375 8031 8180 7319 8496 8444 8110 8085 8261 8277 8080 7809 8197 7878 8440 8226 7797 8036 8152 7902 8084 8082 8295 8328 8364 8430 8125 8448 8099 8754 8112 7772 8126 8048 8241 8577 8232 8539 8347 9161 8161 8432 7823 7303 8340 8187 7642 8771 8657 7983 8075 8082 8373 8271 8261 8512 7812 8104 8128 8049 8137 8445 8087 8571 7618 8309 8297 8159 8091 8772 8366 7936 8201 8104 8247 8419 8416 8224 8403 8449 8298 8024 8741 7976 8188 8395 8157 7635 8241 8398 7884 7830 7313 8578 8819 8370 8417 7795 8652 8432 9076 8343 8169 7870 8590 8274 8454 8334 8470 8413 8286 7799 7872 7920 8096 8737 
7744 7722 7554 7671 8332 7676 8381 7572 8138 7679 8321 7980 7736 7781 7942 7768 7383 8232 7985 7834 8009 7965 7635 7857 8239 7990 7848 7835 8056 7656 7537 7832 7607 8170 7740 8213 8586 7909 8221 7914 8559 8228 7966 8141 7722 8484 8522 7649 7449 8031 8411 7901 7947 7915 7639 8175 8015 8290 7883 8481 7974 8355 7662 7879 7638 8319 8645 7762 8224 7947 7734 7849 8035 7641 8081 7675 7330 8048 7745 8098 8381 7735 8029 8109 7552 7721 8054 8045 8288 8254 7502 7385 8389 8406 8493 7599 7435 8235 8315 7821 7875 8005 8428 7862 8133 7645 7791 7537 8125 7966 8226 8021 8098 7298 7594 8331 7717 8106 7994 8052 7769 8237 7921 7969 7917 7975 8077 7871 8065 8111 8157 8025 7370 7315 8080 7951 7805 8308 8450 8045 8045 7599 8131 8134 7654 7555 8162 7791 7446 7592 7944 7677 7753 7706 7179 7948 8074 7638 7447 8169 7904 8225 8304 8238 8070 7808 7308 7735 7862 7931 7427 7706 7559 7929 7748 8568 8241 7873 7755 7751 7865 7979 7571 7558 7993 7990 8324 7808 7441 7990 7953 8062 8098 7819 8508 7469 8067 7574 7438 7842 7835 7898 7922 7468 7674 7218 7640 8088 7858 7997 8540 8128 8155 7976 8369 8113 8124 8295 7897 8386 7891 7664 7850 8006 8077 7698 7940 8124 8054 7690 7704 8468 7925 8210 7968 7903 7925 8276 7925 8479 8117 7695 7692 8270 8384 7962 7527 7863 7376 8474 7915 7876 7730 7763 7538 7613 7647 7690 7828 7933 8218 7898 7990 7775 8198 8526 7788 7999 8032 7659 8088 7851 7964 7850 8364 8543 7517 7684 8145 7408 8290 7973 7793 8225 7894 8030 8152 7248 8333 8086 7952 7902 7752 8191 8103 7395 7834 7740 8187 8047 7474 7827 8145 8001 7940 7840 8018 8487 7854 8091 7847 8017 7675 8300 7516 7736 7983 7997 8257 8230 7995 8139 8095 8665 7766 7831 7698 7392 8021 8095 7442 8099 8168 7684 7827 8307 7979 8092 8078 8120 7548 7743 7918 7825 7727 8377 8004 7990 7676 8355 8168 7661 7904 8240 7854 7894 8224 7686 7959 8242 8260 8406 7643 8012 8754 7516 8620 7854 7872 8198 8151 7562 8117 7977 7702 8049 7366 8113 8601 7934 7803 7882 7978 8035 8460 7572 8111 7646 8081 7701 8255 8044 8156 8392 8194 7973 7773 7999 7408 8203 
7813 8234 7852 7902 8484 7918 8440 7642 8244 8209 8686 8168 8065 7680 7827 8145 7969 8563 8518 8104 8461 8041 8040 7901 8150 8009 7837 7958 8033 7985 7746 7876 7973 8428 7941 8313 8428 8340 8203 7956 8578 8187 8121 8179 8137 8987 8504 7914 7805 8297 8205 8323 8181 8196 7871 8316 7865 8387 8311 8635 8322 8417 8028 8395 7795 8391 8607 7952 7857 8157 7801 7918 8256 8002 8199 7984 7562 8311 8284 7862 8546 8249 8225 8836 7544 8349 8233 8362 8449 8578 7440 7629 8330 8325 8503 7983 7554 8533 8120 8020 8114 8320 8451 8318 8184 8237 7849 7876 8224 8107 8117 8533 8044 7877 8100 8498 7845 7906 8593 7938 8052 8054 8379 8100 8145 7922 8669 8161 8385 8346 8124 8289 7769 7515 8553 8201 7864 8374 8094 8132 7892 8006 8292 8085 8046 7876 8511 7997 7695 7797 8076 8401 7593 8128 7891 8417 8547 8560 7272 8663 7928 7970 7999 8719 7926 8180 7474 8132 8209 7837 7480 8168 7494 8591 7970 8632 8485 8478 7953 8027 8101 8011 8068 7877 8105 8207 8084 7961 7781 8310 8246 8180 8231 8083 8660 7957 7937 7507 7595 8342 8001 7696 8034 7516 8171 7348 7645 8101 8182 8112 8454 8431 8440 7876 8305 8321 8598 8516 8256 8325 7963 7941 8320 8113 8230 8042 7975 8222 8384 7907 7848 8520 8313 8362 8368 8046 8188 8677 8071 8119 8341 8247 8153 8389 8465 8013 7655 7834 7603 8401 8278 8248 7876 8252 8259 7860 7890 8059 7882 8583 8820 8426 8264 8486 8358 8745 8102 8194 8205 7589 8355 7977 8132 8433 8193 8766 7976 7865 8291 7682 8491 8420 8558 8562 8091 8171 8349 7735 8492 8503 7872 7916 8004 8104 8425 7796 8085 7872 8587 8364 7582 7939 8195 8171 8021 7777 8169 8478 8339 8237 8024 8240 7763 8574 8191 7892 8284 8130 8136 8300 8397 7998 8291 8845 8324 8035 8001 7733 8111 8391 7664 8376 8553 8069 8306 8255 8113 8058 8153 8281 8029 7690 8170 8275 8248 8368 8113 8496 7495 8540 8469 7807 8087 8883 8022 8050 8068 8053 7821 8231 8597 8466 8371 8214 8558 7971 8496 7851 7893 8673 8222 7886 8195 8043 7766 8044 7849 8146 8420 8107 8187 8135 8548 7955 8943 8240 8448 7648 8349 7840 8487 8365 8198 8549 8698 8123 7930 8195 7907 8288 
7819 8108 7788 8132 8202 8631 8616 7597 8473 8222 8645 8186 7946 7954 7915 8204 7871 8773 8358 8071 7989 8110 8011 7976 8308 7878 7922 7944 8322 7979 7941 7710 7781 8690 8126 8383 8771 8442 8917 7871 8589 8366 8331 8411 7981 9002 8767 8234 7912 8453 8503 8240 8170 8367 7966 8406 7950 8190 8402 8359 8028 8354 7821 8133 8192 8574 8898 7859 8429 8466 7857 8120 8320 7765 8104 8346 7698 8107 8249 8263 8782 8116 8193 8705 7878 8295 7873 8153 8436 9047 7600 7836 8351 8211 8923 7981 7658 8496 8524 7971 7825 8459 8412 8169 8093 8010 8050 7886 8347 8189 8410 8284 8611 8257 7692 8580 8014 7966 8539 8324 8300 8208 8494 8241 8316 7888 8662 8347 8264 8389 8123 8628 7824 7472 8442 8470 7921 8281 8373 8546 8170 7798 8269 8489 8366 7983 8232 8021 7977 7703 8068 8145 7771 7866 7642 8428 8515 8331 7493 8891 7838 8658 8254 8723 8216 7992 7682 7601 8183 7739 7654 8335 7688 8513 8349 8430 8971 8573 7755 8107 7967 7890 7909 7850 7965 8128 8444 7878 7754 8353 8553 8258 8184 8421 8428 7645 8484 7750 7554 8179 8258 8108 8392 7594 7683 7287 7565 8123 8317 8174 8100 8208 8582 8048 8648 8497 8521 8542 8481 8565 7412 8519 8192 8421 8429 8093 8152 8630 8391 8060 8164 8811 8286 8543 8110 8363 8748 8809 8077 8078 8307 8195 8045 8358 8511 8332 7977 7566 7859 8675 8268 8283 7730 8002 7954 7982 7841 7827 8351 8163 8815 8271 8072 8230 8895 8946 8354 8230 8225 8320 7956 7853 8311 8658 8312 8605 7947 8140 8141 7895 8420 8019 8374 7993 8229 8220 8187 7450 8442 8494 8292 8087 7740 8429 8517 7821 8300 8003 8435 8064 7829 8191 8048 8189 8515 8090 8549 8588 8569 8409 8202 8273 7782 8594 8002 8039 7974 8562 8798 8370 8650 8414 8341 9019 8166 8316 8011 7441 8033 8146 8258 8524 8571 8310 8265 8164 8200 8162 8427 8533 7985 8066 8110 8275 8048 8450 8485 8021 8104 8615 8483 7944 8263 8559 7986 7846 8521 7784 7632 8131 8589 8317 8336 8371 8355 7862 9114 8207 8298 8535 8016 7845 8208 8208 7705 7962 7533 8247 8489 8097 8177 7967 8522 8027 8989 8051 8066 8034 8470 8033 8735 8414 8200 8435 8683 8338 7967 8071 8188 8293 
8038 8243 7921 7690 8271 8073 8252 7680 8205 8108 8583 8112 8031 7500 8046 8587 8043 8973 8400 8286 8541 8232 7844 7805 8090 8276 7996 7784 8334 8054 7961 7881 7893 8362 8046 8446 8474 8062 8538 7758 8487 8617 8045 7930 7863 8774 8623 7788 8143 8243 7901 8158 8080 8071 7877 8314 7841 8519 8445 8405 8571 8273 7827 8259 8017 8153 8529 7868 8505 8395 8011 7857 8489 7878 7999 7975 7502 8167 8268 8248 8903 8284 8381 8640 7494 8195 8122 8498 8285 8575 7733 7594 8167 8188 8693 7673 7700 8179 8502 7970 8028 8165 8344 8213 8344 7839 7813 7969 8537 8363 8456 8469 8214 7598 7911 8615 7987 7997 7827 7987 7939 8025 8163 8047 8166 7784 8652 8166 8058 8463 8114 8309 7753 7549 8354 8356 7561 8143 7829 7894 8193 7906 8221 8482 8471 7830 8630 8226 7623 7689 8029 8329 7988 8115 8011 8082 8446 8006 7138 8437 7735 8254 8512 8444 8312 8165 7345 7930 7990 7694 7829 8020 7382 8662 7568 8736 8553 8109 8061 8243 7993 8289 8208 7809 8097 8129 8223 7819 7810 8564 8471 8025 8425 7985 8574 7969 8216 7713 7686 8565 7892 7999 7839 7563 7979 7269 7691 8217 8290 8125 8384 8156 8342 7986 8620 8333 8361 8421 7894 8702 7817 8205 8336 8213 8413 7760 8022 8402 8233 7902 8100 8752 8442 8555 8173 8021 8126 8704 7718 8222 8467 8127 7590 8684 8373 8152 7571 7930 7723 8262 8156 8058 7862 7983 7828 8059 8033 7953 7968 8260 8788 8284 8246 8039 8551 8650 8121 8349 7999 8121 8225 8155 8286 8127 8570 8733 7938 7645 8211 7825 8403 8012 8505 8336 8306 8236 8259 7190 8668 8153 7983 7883 7930 8059 8313 7832 7926 8047 8255 8076 7554 7950 8239 8227 7940 7892 8414 8599 8237 8380 7964 8411 7887 8558 7866 8019 8120 8068 8242 7986 8468 8248 8508 8705 7918 8319 8038 7530 7961 8230 7731 8441 8046 8273 8174 8206 8391 8097 8209 8525 7800 7584 8022 8217 7960 8624 8146 8513 7653 8410 8436 7694 7796 8803 8002 7911 8173 7934 7945 7797 8502 8326 8096 8130 8610 8009 8459 8006 8002 8415 8054 7874 7971 8302 7740 8046 7575 8291 8272 8148 8158 8093 8377 8276 8982 8199 8367 7628 8519 8052 8207 8480 8087 8399 8070 7829 7756 7989 7836 7886 
7486 8205 7383 7503 8035 7856 8639 7647 8655 8218 8388 8160 8102 7823 7908 7726 7911 8584 8090 7965 7930 7845 8031 7893 7899 8190 7915 7541 7936 8154 7497 7628 7916 8476 7593 8140 8182 8121 8284 7913 8618 8205 7915 7807 7901 8694 8753 7918 7990 8445 8236 7822 8029 7934 7762 8332 7800 7914 8200 8137 8156 8097 7674 8053 7866 8051 8530 8189 8311 8249 7478 7698 8073 7645 8329 8137 7155 8159 8280 8010 8577 7734 8067 8626 7590 8061 7917 8191 8371 8168 7467 7593 8074 8163 8618 7849 7271 8101 8003 8067 7665 8076 8305 8022 7743 7483 7684 8062 8227 8118 8191 8223 8035 7684 7768 8427 7565 8070 8265 7901 7879 8167 8153 7812 8254 7660 8287 8210 7912 8290 7924 8284 7688 7315 8425 7900 7640 8115 8007 8215 7992 7672 8039 8136 7840 7683 8384 7800 7596 7640 8128 7896 7865 7979 7414 8171 8313 7736 7657 8461 7833 8263 8130 8384 8003 8061 7273 7745 7998 8016 7714 7550 7360 8296 7817 8426 8337 8134 7856 8130 7849 7893 7771 7843 7402 8236 8164 7696 7661 8136 8287 8278 8103 7950 8296 7473 8209 7739 7250 8025 7505 7647 7960 7592 8111 7364 7721 8167 8032 8062 8036 7820 8542 8115 8590 7852 8372 8300 8166 8929 7722 7913 8203 8346 8052 7750 8332 8420 7878 7860 7738 8433 8033 8163 7961 7838 8266 8394 8186 7716 8329 7468 8008 8284 8365 7837 7671 7345 7531 8641 8077 8043 7684 8136 7898 7709 7597 7569 8079 7550 8578 8596 8116 7788 8390 8756 7806 8309 8156 7882 8046 8135 8000 8489 8532 8629 7911 7968 8050 7779 8267 8382 8155 8181 8148 8313 8218 7469 8407 8354 7774 7741 7638 8342 8179 7734 7835 7961 8273 8086 7392 7673 8048 8236 8209 8021 8019 8406 8253 8158 7933 7831 7559 8455 8116 7901 8220 8177 8428 7963 8465 7882 8576 8875 7973 8051 7627 7815 8357 8010 7725 8045 8116 8190 8222 7944 8375 8148 8130 8194 7756 7628 8127 7887 7863 8357 7924 8300 7357 8277 8092 7932 7847 8835 7919 7533 8075 7931 8036 8083 8037 8329 7863 7503 8018 7677 8658 7809 8126 8136 7702 7685 7920 8332 7845 7966 7152 8466 8548 7824 8082 7802 8569 8352 8453 7852 8265 7728 8537 7828 8072 8248 8380 8383 8039 7309 7592 7859 7678 8237 
8323 8428 7644 8186 8460 8146 8835 7654 8698 8433 8543 8350 8212 7709 7706 8574 7919 9232 8300 8215 8339 8359 8190 7792 8127 8527 8156 7832 8276 8303 8032 8173 8013 8777 8058 8331 8424 8384 8576 7908 8559 8601 8065 8046 8116 8781 8876 7896 8363 8501 8113 8221 8555 8040 7965 8484 8026 8289 8577 8450 8205 8523 7921 8192 8171 8291 8563 7781 8512 8580 7930 7812 8099 7926 8182 8237 7667 8231 8159 8189 8818 8449 8330 8643 7924 8452 7957 8417 8771 8659 7294 7938 8024 8522 8762 8068 7700 8323 8373 8138 8165 8369 8815 8632 7982 7806 8041 8194 8442 8452 8188 8530 8165 8131 8264 8573 8095 7685 8415 7914 8458 8392 8433 8447 8393 7770 8778 8190 8143 8296 8120 8622 7807 7139 8397 8506 7733 8522 8081 8555 8048 7990 8216 8506 8314 8075 8671 8323 7395 7595 7926 8439 8010 7912 7967 8207 8481 8070 7447 8496 7777 8387 8355 8184 8377 7990 7234 7800 8101 8059 7740 8269 7595 8790 8390 8523 8638 8784 8073 8208 7914 7986 8350 7845 7905 8265 8074 8093 7836 8567 8454 8158 7977 8256 8936 7685 8406 7833 7800 8691 8330 8193 8287 7833 7943 7463 7876 8538 8304 8153 8447 8376 8665 7951 8499 8198 8269 8286 8559 8619 7802 7935 8285 8315 8500 7868 8394 8743 8750 8236 7776 8618 8377 8496 8054 8275 8271 8917 7936 8198 8537 8224 8016 8547 8873 8045 8001 8136 7684 8477 8200 8138 7929 8036 8058 7842 8096 7713 8164 8328 8563 8673 8554 8132 8476 9244 8250 8455 7897 7899 8293 8295 8627 8271 8371 9177 7999 7895 8264 7689 8590 8510 8406 8575 8179 8226 8502 7593 8665 8543 8164 8096 8019 8276 8458 7827 8165 7947 8502 8088 7947 8243 8452 8181 8431 7749 8211 8645 8713 8048 8446 8211 7723 8417 8077 8070 8053 8283 7932 8320 8499 8444 8301 8985 8472 8253 8039 7764 8197 8417 7581 8327 8444 8352 8271 8386 8646 8445 8390 8822 8271 8358 8115 8225 8135 8496 8574 8519 7994 8537 8478 7956 8179 8634 8483 8122 8398 8436 8010 8294 8698 8723 8259 8331 8402 8013 8882 8111 8281 8604 8123 8088 8062 8182 8062 7975 7839 8397 8487 8329 8487 8213 8632 8277 9250 8219 8245 7746 8520 8067 8162 8553 8502 8440 8539 8093 8022 8196 7960 8402 
7466 7752 7017 7544 7885 7455 8007 7170 7887 7815 8277 7722 7388 7148 7377 7640 7262 8316 7789 7728 7622 7813 7621 7623 7688 7722 7436 7432 7758 7910 7357 7342 7714 7982 7356 8104 7741 7730 8141 7417 8038 7737 7401 7680 7660 8014 8206 7550 7786 7845 7877 7493 7674 7205 7479 7672 7362 7645 7886 7949 7828 7991 7542 7625 7407 7632 7836 7500 7865 8200 7482 7565 7780 7715 7530 7744 7306 7641 7905 7548 8252 7965 7559 8266 7203 7693 7407 8201 7873 8041 7343 7179 7896 8137 8151 7453 7061 7765 8032 7579 7786 7762 7953 7801 7441 7344 7595 7263 7777 8025 8031 7774 7667 7770 7607 7900 7715 7613 7825 7731 7504 7970 7673 7588 7417 7608 7798 7659 7623 8026 7666 8019 7279 7150 7825 8117 7573 8104 7647 7713 7589 7405 7788 7760 7711 7642 7848 7569 7040 7489 7408 7814 7572 7517 7119 7844 8118 7767 7163 7903 7707 8091 7953 7608 7828 7756 7240 7070 7896 7004 6980 7370 7236 7622 7552 8305 7994 7553 7787 7722 7433 7407 7641 7422 7274 7480 7648 7518 7344 7608 7517 8077 7679 7512 8180 7418 7820 7271 7223 7854 7591 7399 7654 7381 7262 7144 7059 7693 7783 8009 7961 7672 8221 7422 7866 7824 7909 8045 7695 8057 7147 7693 7637 7744 7697 7373 7730 7975 7935 7213 7555 7816 7890 7850 7640 7722 7878 7864 7683 7694 7940 7597 7764 8028 8004 7380 6878 7648 7493 8029 7385 7532 7124 7452 7430 7323 7382 7204 7457 7710 7599 7500 7562 7604 7983 8140 7938 7724 7460 7183 7737 7806 7684 8094 7599 8426 7476 7476 7410 7124 7812 7972 7860 7764 7946 7472 7587 7247 7636 7854 7307 7344 7484 7836 7538 7370 7980 7580 7850 7533 7559 7551 7763 7941 7680 7594 7905 8054 7583 7743 7735 7896 7194 7862 7809 7467 7663 7844 7635 7861 7859 7979 7676 8332 7697 7773 7486 7231 7802 7835 6974 8044 7798 7694 7890 7793 7874 7542 7835 7973 7591 7306 7546 7545 7294 7994 7954 7913 7585 8116 8091 7137 7513 8192 7878 7633 7635 7549 7295 7743 7897 7684 7887 7487 8059 7613 8269 7582 7339 7980 7765 7631 7891 7709 7406 7866 6898 7896 8061 7726 8071 7705 7853 7534 8346 7657 7542 7447 8266 7706 7788 7832 8035 7745 7895 7436 7451 7450 7656 7926 
7420 7595 7472 7544 7413 7528 8040 7237 7598 7789 8164 7780 7624 7415 7476 7438 7364 8161 7710 7612 7563 7400 7506 7242 7974 7825 7580 7182 7457 7230 7185 7402 7395 7776 7821 7848 7846 7339 7941 7401 8126 8194 7744 7601 7754 8210 8074 7370 7489 7915 7456 7907 7725 7265 7381 7896 7329 7997 7819 8032 7974 7829 7833 7707 7275 8070 7822 7506 8153 7510 7819 7668 7736 7531 7838 7516 7346 7645 7612 7574 7958 7794 7896 8103 7071 7385 7580 7560 8052 8166 7185 7117 7712 7807 8082 7659 7358 7951 8188 7542 7480 7834 8018 7697 7986 7689 7241 7257 8063 7673 7565 7790 7742 7526 7247 8104 7623 7492 7821 7490 7565 7767 7743 7855 7989 7084 8140 7542 7522 7663 7720 8108 7355 6864 7859 8021 7250 7779 7588 7683 7829 7490 7598 7946 7371 7758 7845 7235 7340 7304 7653 7690 7378 7706 7218 7698 7791 7930 7023 8002 7558 7924 8018 7833 8013 7532 6939 7453 7689 7307 7289 7315 7155 8080 7562 7933 7595 7896 7529 7302 7817 7288 7599 7356 7271 7509 7834 7628 7177 7936 7963 7704 7531 7509 8160 7171 7851 7379 7075 7926 7413 7172 7709 7016 7485 7134 7294 7723 7687 7809 7784 7931 8135 7632 7877 7616 7756 7905 7963 8234 7458 7668 7726 7748 7833 7265 7922 8425 7792 7611 7205 8081 7818 8061 7698 7773 7661 8053 7562 7719 7903 7134 7454 8055 7950 7918 7405 7266 7123 8141 8009 7539 7785 7825 7747 7561 7216 7487 7442 7705 8398 7884 7822 7571 8328 8489 8142 7613 7605 7788 7615 7368 7875 7973 7546 8234 7278 7452 7661 7373 8042 7605 7863 7734 7610 7653 7873 7221 7982 7955 7345 7584 7354 7590 7485 7473 7681 7823 7962 7712 7307 7833 7422 7787 7915 7602 7725 7947 7950 7659 7816 7829 7431 8518 7530 7475 7576 7776 7882 7579 7917 7719 7892 8261 7745 7726 7548 6918 7441 7754 7557 7910 7998 7610 7665 7866 7885 7643 7769 8001 7424 7618 7801 7594 7311 7951 7681 7933 7059 8130 8048 7483 7477 8131 7475 7742 7834 7169 7292 8021 7961 8077 7874 7590 7816 7472 8297 7614 7722 7853 7944 7293 8007 7659 7250 7448 7429 7624 8073 7745 7449 7568 7891 7837 8494 7639 7815 7508 8096 7455 7888 8047 7852 8094 7827 7550 7534 7620 7383 7970 
7583 8009 7166 7995 8382 7991 8593 7230 8128 8080 8493 8149 7968 7680 7665 8077 8177 8771 8384 8164 8379 7884 7870 7748 8236 7919 7836 7766 8034 8087 7747 7647 7613 8530 7714 8457 8239 8235 8459 7980 8459 8322 8166 8191 7966 8381 8696 7757 7713 8366 8245 8059 8234 7847 7691 8272 7891 8246 8211 8388 8165 8387 7600 8089 7878 8141 8785 7966 8085 8552 7676 7721 8494 7874 8023 7792 7432 8118 8543 7939 8929 7956 7871 8463 7687 7928 7827 8053 8611 8900 7521 7245 7980 8322 8162 7528 7300 8382 8183 7831 7661 8181 8385 8104 8157 7705 7954 7764 8208 8039 8345 8115 8312 7879 7461 8366 8204 8118 8187 8086 8004 8435 7871 7982 8085 7440 8380 7890 8047 8578 7820 8445 7741 7158 8254 7928 7856 8213 8124 8081 8170 7877 8226 8125 8212 7869 8084 8159 7441 7667 7871 8019 7809 7826 7400 8103 8167 8194 7645 8167 7992 8488 8109 8389 8235 8025 7549 7765 7648 7671 7363 7853 7582 8012 8090 8191 8312 8287 7973 7808 7999 7991 7769 7641 7858 7871 8308 7896 7679 8178 8373 8294 8296 7906 8522 7367 8411 7890 7709 8204 8242 7974 8151 7490 7911 7330 7558 7996 8345 8158 8011 7839 8390 7770 8339 7943 8213 8383 8462 8565 7277 8018 7894 8079 7933 8040 8096 8648 8309 7604 7950 8277 8025 8204 8020 8324 8572 8298 7834 7982 8286 7767 8015 8389 8292 7878 7963 7752 7953 8470 8338 8103 7490 8290 7889 8127 7824 7524 8197 8060 8412 8073 8172 7988 8522 8718 8138 8235 7982 7948 8109 8206 7828 8387 8237 9013 7791 7880 8198 7622 8250 8156 8354 8018 8323 7783 8314 7494 8451 8261 7861 7913 7787 8204 8073 7699 8025 7905 8306 8162 7602 7961 8412 8219 8111 7793 8404 8578 8241 8088 8001 8070 7829 8489 8173 7763 7922 8076 8085 8280 8380 8069 8220 8892 7522 8109 7614 7622 7935 7924 7554 8321 8284 7936 8190 8256 8196 8106 8337 8662 7939 7743 8250 7960 8009 8263 8185 8353 7801 8237 8496 7606 8136 8605 8072 8079 8178 7726 7613 8327 8461 8154 8154 8043 8707 7972 8802 8316 8148 8622 8125 7654 7997 8015 7914 7966 7701 8428 8451 8069 8127 7924 8349 8000 9001 7856 8021 7481 8311 7890 8379 8437 8345 8584 8209 7871 8070 8112 7602 7994 
7999 8101 7766 8393 8470 8381 8719 7900 8245 8176 8878 8267 8153 7554 8305 8304 8208 9091 8449 8271 8519 7934 7946 8111 8128 8513 7949 8038 8702 8573 7656 8285 8303 8960 8243 8460 8993 8440 8861 7872 8827 8729 8408 8095 7964 8702 8947 7920 8039 8739 8154 8294 8361 8513 7975 8821 7937 8515 8228 8782 8174 8590 8210 7857 8225 8723 8840 8269 8619 8649 8154 8037 8167 8002 8483 8177 7612 8287 8636 8362 9122 8279 8263 8945 8039 8176 8247 8569 8814 8793 7671 7966 8329 8858 9176 7890 7713 8822 8712 8342 8157 8399 8900 8411 8412 7834 8119 7871 8243 8392 8338 8636 8576 8107 8212 8472 7999 8211 8259 8129 8532 8643 8201 8098 8019 7835 8560 8017 8327 8577 8131 8643 7962 7655 8776 8671 8124 8723 8469 8058 8288 8057 8293 8362 8237 8526 8673 7860 7722 8029 8298 8192 7973 8091 8003 8441 8590 8049 7811 8667 8281 8463 8326 8638 8720 7976 7725 8156 8156 8015 7927 8224 7705 8676 8083 8722 8639 8290 8088 8357 8442 8210 8282 8203 7694 8185 8528 7953 8217 8251 8604 8483 8380 8209 8716 7692 8474 8060 8003 8635 8304 8118 8354 7980 8219 7589 7872 8438 8554 8116 8400 8234 8560 8231 8858 8074 8632 8328 8664 8864 8149 8313 8392 8269 8449 8069 8449 8611 8295 7879 7802 8686 8667 8675 8236 8234 8585 8818 8093 8268 8702 8177 7904 9106 8521 8246 8028 7984 7669 8269 8016 8449 8154 8371 8023 8022 7985 7891 8107 8510 9000 8787 8529 7949 8644 9185 8527 7908 8074 8129 8257 8082 8408 8400 8416 8572 7907 8147 8457 7786 9000 8500 8501 8460 8364 8274 8581 7759 8820 8997 8011 8052 8194 8379 8561 8168 8311 8325 8345 8650 7906 8529 8462 8152 8305 8153 8441 8956 8548 8877 8339 8506 7881 8681 8122 8222 8324 8198 8549 8413 8248 8210 8091 9008 8254 8367 8095 7796 8433 8161 8262 8082 8866 8290 8376 8692 8740 8516 8355 8627 8276 8091 8355 8270 8221 8650 8508 8532 8063 8829 8491 8292 8184 8709 8156 8291 8673 8164 8101 8547 8792 8537 8194 8576 8720 8176 9083 8399 8633 8567 8103 8218 8202 8379 7966 7878 7859 8804 8515 8442 8455 8206 8741 8163 9413 8045 8720 8121 8815 7916 8721 8700 8457 8733 8415 8165 8392 8256 8174 8456 
7819 8369 8027 8097 8694 8111 8639 7867 8771 8331 8802 8140 8065 7903 8215 8107 7901 8820 8545 8184 8563 8125 8054 8136 8399 8369 8276 7961 8561 8248 7751 8278 8233 8703 7950 8163 8512 8375 8549 7920 8973 8662 8470 8689 8277 9039 8730 7903 7904 8600 8483 8299 8264 8286 8110 8531 7780 8534 8515 8561 8402 8433 7946 8342 8031 8417 8626 8018 8509 8406 8170 8177 8563 7888 8360 8140 7755 8348 8273 8483 8818 8351 8431 8781 7804 8184 8394 8448 8472 8906 7508 7628 8381 8422 8929 7985 7710 8366 8537 7969 8105 8372 8686 8481 8082 7758 7847 7864 8124 8149 8167 8179 8334 8059 8205 8298 7826 7956 8312 7938 8327 8429 8371 8246 8314 8060 8625 8248 8286 8653 8447 8543 8201 7777 8457 8624 8026 8308 8403 8460 8159 8103 8374 8439 8291 8172 8601 7948 7802 8033 8180 8650 8151 8193 7996 8469 8787 8331 7503 8801 7811 8228 8349 8475 8808 8159 7436 7762 8325 8141 7596 8270 7726 8597 8057 8320 8863 8576 8000 8151 8306 7878 8239 7895 7838 8356 8232 8021 7973 8109 8216 8526 8225 8256 8774 7647 8513 7930 7605 8426 8091 7876 8298 7808 8083 7514 7615 8482 8129 8335 8363 8245 8925 7944 8768 8249 8462 8667 8494 8629 7837 8197 8217 8320 8566 8282 8484 8659 8381 8175 7916 8510 8279 8669 8399 8238 8088 8718 8279 8213 8441 8282 8114 8515 8550 8284 7939 7721 7841 8415 8317 8074 7763 8187 8206 8110 7826 8239 8140 8275 8793 8276 8535 8235 8826 8914 8264 8170 7960 7851 8428 7854 8360 8487 8239 9055 8127 8070 8253 7973 8383 8543 8483 8184 8321 8610 8679 7708 8675 8716 7972 8111 7948 8254 8362 8022 8257 8360 8512 7998 7804 8197 8268 8473 8739 7927 8283 8757 8477 8615 8097 8504 7821 8731 8098 7881 7986 8344 8395 8289 8531 8375 8594 9039 8401 8394 8383 8092 8190 8557 8078 8385 8551 8593 8167 8508 8469 8360 8169 8658 8380 7726 8379 8395 8406 8805 8178 8411 7667 8639 8844 7656 8128 8882 8258 8100 8427 7940 7999 8296 8731 8654 8394 8307 8384 8397 8965 8096 7980 8363 8252 8215 7845 8490 7995 8158 7720 8367 8510 8353 8627 8220 8488 8298 8962 8300 8419 8166 8368 8407 8605 8472 8611 8438 8708 7931 8095 8222 8050 8518 
7693 7755 6994 7735 7959 7632 8334 7533 8089 7904 8270 7848 7640 7349 8018 7654 7923 8149 7973 7503 7812 7738 7709 7717 7686 7935 7810 7602 7841 7872 7678 7742 7673 8161 7409 8056 8360 7984 8316 7555 8140 7996 7854 7967 7837 8380 8476 7707 7427 7706 8024 7504 7787 7508 7741 8509 7599 8035 7736 8188 8079 7961 7653 7907 7455 7870 8379 8098 8042 8144 7726 7790 7855 7735 8066 8060 7502 7753 8007 7845 8573 7743 7755 8227 7460 8025 7618 8081 8339 8400 7231 7371 8281 8242 8317 7605 7270 8064 8210 8148 7860 8135 8170 7860 7980 7553 7392 7713 8144 7780 7923 8020 8088 7617 7634 8061 7369 7690 7900 7720 7725 8323 7828 8031 7664 7582 8150 7726 7799 8083 7841 7595 7404 7116 7992 7998 7289 8060 8147 8155 7858 7694 7977 7956 7929 7480 7988 7566 7302 7428 7835 7844 7562 8139 7717 7962 8039 7888 7256 8071 7987 8037 7721 7942 8069 7367 7175 7472 8003 7564 7388 7531 7579 7936 7672 8224 8119 8097 7978 7867 7750 7843 7871 7671 7178 7911 7904 7723 7594 7948 8116 7932 7782 7844 8466 7356 8052 7209 7327 8038 7754 7799 7864 7573 7397 7333 7437 8002 8157 7845 8196 8061 8388 7750 8188 7715 8321 8259 7998 8337 7611 7447 7774 7871 8168 7253 7680 8401 8017 7263 7764 8046 7911 8214 7817 7719 8013 8308 7437 7951 8375 7743 7389 8467 7923 7774 7571 7719 7362 8169 7682 8050 7400 7855 7512 7690 7320 7685 7903 7982 8276 7780 8239 7439 8279 8606 7801 7609 7610 7769 7973 7882 7537 8187 7915 8082 7675 7421 7865 7681 7950 8264 7699 8340 7733 7876 7918 7324 8419 8166 7454 7883 7788 7823 8009 7902 8050 8116 8191 7537 7476 7673 7664 7958 8201 7580 8193 7774 7893 8026 7822 8189 7557 7989 7863 7732 7637 8115 7679 7856 8053 8055 8011 8630 7779 7756 7755 7354 7805 7844 7561 8084 8093 7862 7916 8387 8039 7882 7973 8337 7675 7705 7803 7655 7639 8022 7870 8237 7112 8098 8070 7537 8046 8297 7833 7582 7928 7562 7404 7955 7834 8166 7613 8317 7675 7491 8034 7303 8014 8499 7849 7510 8194 7672 7594 7467 7289 8175 8065 8120 7887 7698 8332 7864 8507 7992 7846 7227 8327 7769 7806 7714 8230 8286 8216 7265 7808 7955 7517 7830 
7442 7855 7231 7482 8040 7918 8237 7430 8048 7856 8264 7840 7685 7522 7717 7987 7699 8450 7610 8005 8005 7855 7801 7587 8066 7781 7677 7736 7846 8162 7375 7555 7699 8487 7613 8135 8130 7851 7894 7475 8292 7889 7648 8017 7654 8333 8342 7515 7576 8004 8088 7847 7960 7724 7538 7971 7681 7882 8049 8146 8158 7941 7979 7941 7900 7899 8690 7813 8204 8100 7856 7793 8497 7927 7778 7847 7328 7882 8076 8038 8385 8037 7910 8109 7349 8218 7871 8038 8482 8400 7332 7263 7677 8054 8365 7658 6951 7995 8105 7657 7781 8082 8488 7938 7995 8038 7569 7749 7808 8002 8076 7967 7895 7416 7674 8228 7520 7774 8075 7504 7798 8002 7697 7596 8018 7619 8271 7915 7963 8005 7677 8154 7666 7135 8422 7902 7560 8027 8044 8230 7888 7698 8141 8225 7449 7616 8173 8008 7121 7322 7635 7937 7792 7582 7360 7716 8097 7615 7519 8162 7491 8237 7986 8018 7757 7623 7259 7537 7635 7657 6999 7760 7279 8292 7810 8206 8457 7988 7903 7863 7864 7866 8134 7571 7355 8195 8033 7638 7511 7993 8036 8189 8021 7860 8033 7320 7691 7207 7404 8053 7549 7608 7755 7389 7324 7408 7739 7911 8067 7374 7892 7851 8311 7681 8387 8067 7936 8060 7741 8038 7656 7863 7869 8227 7965 7941 7529 8144 7919 7822 7674 8302 7677 8251 7908 7934 8094 8085 7574 7826 8111 7695 7625 8178 7873 7603 7401 7608 7613 8202 7886 7836 7827 7403 7559 7943 7505 7185 7757 8032 8106 8151 8098 8097 8389 9021 8268 7801 7904 7970 7902 7900 8068 8133 8153 8494 7740 7925 7896 7432 8234 7892 8406 7465 8009 7784 8135 6805 8032 7852 7507 7984 7682 7642 7869 7657 7890 7742 8330 7851 7900 7683 8083 8051 7735 8120 8106 8172 8083 8079 8026 7941 7310 8421 7879 7667 7829 7826 8072 7903 7751 7935 7937 8618 7559 7826 7530 7130 7773 7948 7760 8010 8078 7985 8142 8087 7853 7981 7944 8226 7999 7766 8004 7898 7669 7833 8232 8234 7556 8169 7874 7661 7884 8682 7841 7832 7955 7664 7554 8050 7903 8164 8045 8072 8122 7735 8719 7818 7971 7820 7982 7468 7740 7999 7571 7777 7375 8234 8314 7765 7727 7659 8332 7845 8486 7762 8136 7767 8053 7910 8042 8011 8124 8387 7499 7880 7852 8036 7724 8070 
7727 7917 7508 7988 8291 7878 8074 7692 8375 8029 8551 8031 7988 7519 7765 8307 7544 8727 8154 8064 8258 8063 7919 7776 8404 8217 7814 7564 8275 7953 7648 7799 7507 8246 7729 8424 8292 8003 8452 7787 8556 8762 8067 8049 7970 8549 8787 7750 8183 8176 8186 8465 8155 8029 7618 8479 7764 8205 8375 8231 8627 8253 8065 7970 7633 8364 8489 8070 8334 8146 7762 8146 8055 7784 8242 7915 7565 8254 8330 7838 8632 8460 8219 8679 7695 8091 8011 8177 8160 8762 7490 7917 8025 8489 8665 7701 7466 8441 8432 8091 8197 8302 8530 8316 7921 7697 7876 7782 8282 8232 8049 8304 8290 7910 7760 8492 7833 8255 8192 7971 7937 8223 8312 7997 8210 7700 8878 8125 8331 8383 8221 8165 7860 7307 8370 8075 8087 8115 7907 8023 8244 7707 8048 8291 8001 7952 8245 7758 7333 7742 8165 8220 7945 7884 7714 8024 8292 8260 7490 8237 7818 8642 7997 8626 7967 7956 7401 7681 7984 7948 7657 8025 7314 8351 7847 8757 8283 8199 7807 7823 8084 7863 8112 7888 7706 8000 8330 7906 7453 8054 8604 8303 8077 8032 8632 7427 8061 7873 7619 8234 8156 7832 8173 7529 8062 7486 7543 7993 8376 8015 8211 8180 8561 7614 8563 7915 8501 8520 8412 8698 7765 7841 8261 8244 8350 7960 8258 8324 8586 7637 7692 8428 8266 8321 8135 7712 8326 8441 8045 8282 8433 8028 8377 8432 8515 8013 7806 7981 7827 8789 8336 8242 7707 8052 7946 7926 7813 7832 8008 7879 8602 8197 8293 7762 8486 8811 8054 8050 8006 8078 8361 7986 8081 8511 8188 8821 7754 8036 8383 7864 8532 8040 8237 8173 8174 7971 8000 7609 8428 8836 7663 7824 7799 8030 8350 7852 8173 8032 8415 8299 7754 7910 8349 7942 8025 7929 8402 8428 8477 8210 8055 8080 7780 8368 8136 7846 7843 8276 8189 8173 8275 8371 8344 8779 8333 7929 8052 7590 8183 8181 7936 8301 8208 8147 8056 8403 8384 8156 8227 8311 7979 7824 8331 8157 7727 8571 8232 8482 7737 8421 8338 7742 7970 8766 7865 7858 8261 8046 7950 8206 8187 8145 8310 8356 8717 7796 8671 8104 8058 8473 8014 7613 7954 8173 7893 8305 7557 8203 8327 8321 7939 7955 8322 8316 9266 7975 8277 7891 8458 8037 8462 8175 8463 8572 8343 7819 7739 8298 7841 7648 
7501 7879 7294 7437 7877 7801 8065 7071 7835 7683 8173 7791 7487 7297 7556 7491 7482 8300 7739 7683 7868 7473 7780 7531 7448 7722 7744 7165 7934 7938 7791 7597 7154 8289 7191 7755 7934 7985 8083 7525 8030 7867 7725 7729 7771 8522 8345 7304 7495 7850 7953 7682 7774 7614 7301 7869 7456 8084 8036 8195 7874 8028 7631 7475 7503 7988 7939 7532 7822 7620 7637 7722 8063 7512 7574 7925 7085 7528 8173 7853 8235 7861 7926 8276 7373 7714 7845 7943 7914 8267 7498 7178 8102 7785 8089 7487 7158 7675 7961 7644 7646 7900 8346 7891 7791 7527 7619 7659 7830 8120 7817 8075 7682 7383 7486 8268 7645 7611 7865 7687 7848 7941 7635 7668 7740 7162 8236 7776 7867 8092 7767 8144 7099 6988 7909 7817 7419 7929 7642 7891 7390 7573 7954 7856 7572 7653 7915 7711 7229 7276 7696 7959 7488 7425 7477 7640 7944 7892 7034 8127 7615 8042 7951 8014 7669 7302 6914 7444 7937 7798 7190 7703 7211 7925 7332 8159 8120 7690 7706 7828 7517 7661 7487 7524 7278 7818 7687 7543 7556 7683 7606 7860 7899 7978 8330 7264 7861 7368 7183 7739 7814 7351 7982 7194 7564 7103 7213 7582 7738 8100 7943 8264 8033 7653 7997 7770 8088 7986 7800 8145 7330 7584 7589 7945 8048 7564 7952 8129 7829 7836 7228 7726 8268 7945 7422 7532 7932 7808 7638 7777 7938 7775 7313 8135 7999 7595 7316 7353 7547 8001 7903 7482 7844 7402 7449 7589 7373 7568 7896 7779 7953 8021 7950 7743 8188 8357 7704 7632 7659 7512 8001 7805 7907 7854 7584 8736 7410 7579 7739 7303 7986 8351 7996 7580 8105 7882 8060 7023 7737 7816 7734 7635 7258 7868 7665 7293 7817 7711 7842 7808 7256 7548 7953 8060 7951 7327 7752 8154 8032 8052 7766 7853 7538 7914 7775 7498 7731 7644 7606 8230 7808 7549 7961 8335 7751 7751 7560 7419 7380 7536 7551 8057 8126 7830 7434 7871 7874 7971 7902 8316 7490 7491 7914 7758 7472 8116 7846 7955 7624 8258 7858 7424 7530 8437 7844 7518 7726 7520 7797 7917 7926 7917 7834 7743 7956 7329 8593 7733 7787 7906 7637 7775 7360 7632 7401 7459 7435 8026 8093 7746 7926 7706 7935 8011 8461 7656 7678 7315 8105 7576 8174 7628 7927 8252 7949 7471 7524 7558 7365 7768 
8034 7765 7656 7435 7656 8058 8322 7312 8071 8087 8241 8214 7772 7708 7716 8205 8070 8046 8041 7909 7954 8060 7662 7863 7832 8027 7927 7807 7630 7720 7640 7698 7548 8508 7315 8059 8562 8056 7944 7859 8272 8199 7740 7989 7771 8737 8519 7462 7654 8012 7922 7954 8226 7993 7687 8266 7794 8073 8010 8157 8046 8146 7715 8019 7723 8113 8292 8212 8225 8161 7674 7790 8027 7940 7702 7604 7249 7816 8200 8162 8536 7728 7935 8365 7733 7973 8029 7904 8290 8536 7068 7396 8042 8352 8346 7893 7240 8082 8244 7768 7676 7999 8196 8116 7931 7804 7644 7650 8018 7812 8169 7737 8215 7491 7701 8342 7929 7864 8254 7999 7855 7988 8103 7892 8208 7375 8235 7671 7887 8280 7826 8198 7627 7685 8119 7945 7629 8163 8055 7847 8091 7735 8152 8196 8239 7876 8457 7688 7335 7291 8170 7982 7834 7701 7462 8043 8029 8010 7390 8076 7385 8115 8319 8299 8075 7834 7329 7580 7432 7635 7485 7919 7125 8198 8052 8520 8411 8241 7698 7997 8053 8053 7924 7791 7521 8311 8166 7277 7423 8180 8058 8100 7791 7852 8482 7058 7822 7413 7213 8139 7906 7764 8002 7442 7456 7221 7638 7899 8073 7598 8245 8105 8517 7540 8618 7963 8647 8280 8288 8418 7364 8134 7973 8018 8118 7860 7879 8416 8217 7888 7945 8304 7704 8064 8017 7811 8283 8466 7334 7813 8143 7897 7923 8078 8495 7812 7688 7530 7615 8367 8550 8082 7789 7898 7911 7772 7606 7885 7914 8030 8451 8089 8038 7807 8220 8718 8158 7800 7885 7709 7946 8078 7989 8148 8180 8758 7957 7581 7831 7684 8315 8152 8087 8237 7896 7929 8240 7409 8222 8262 7654 8013 7409 7914 8065 8008 7894 7581 8267 7858 7605 7899 8161 7981 7913 7777 8257 8404 8183 8412 7846 7982 7731 8511 7784 7753 7900 8134 8102 8335 8016 7893 8087 8772 7807 7759 7828 7481 7847 7917 7599 8159 7712 7917 8145 8295 7985 8241 8132 8426 7201 7578 8032 7840 7798 8220 8091 8132 7495 8400 8156 7587 7804 8266 8043 8182 8060 7482 7468 8048 8039 8152 8017 8023 7972 7728 8547 7644 8159 8084 7898 7863 8046 8202 7683 7789 7514 8144 8040 7959 7704 7506 8379 7738 8374 7727 8039 7421 8454 7660 8089 7869 8008 8474 7998 7790 7866 7784 7716 7935 
8557 8438 8330 8436 8476 8486 9264 7900 8912 8637 9313 8525 8848 7949 8353 8775 8786 9162 9086 8629 8788 8319 8668 8561 8853 8876 8407 8069 8737 8496 8304 8497 8511 9300 8727 9146 9038 9110 9186 8386 9104 9008 8456 9032 8816 9379 9390 8395 8729 9116 8678 8904 8841 8750 8468 9192 8539 8894 8590 8969 9077 8697 8516 8788 8600 9010 9464 8391 8926 8715 8312 8254 8454 8673 8720 8654 7761 8693 8739 8865 9244 8822 9083 9222 8488 8536 8871 9116 9166 9161 8207 8488 9196 8639 9166 8487 8091 9126 8916 8556 8686 9019 9132 8501 8656 8705 8561 8362 8823 8848 8783 8910 8881 8708 8236 9372 8507 8813 9040 8348 8808 9121 8558 8827 8845 8346 8997 8794 8865 9246 8559 8921 8475 8110 9312 8793 8306 8879 8600 8801 8932 8699 8738 9129 8742 8803 8847 8427 8445 8486 8501 8799 8567 8601 8520 9094 8890 8850 8247 9069 8868 8749 8807 8926 8929 8484 7844 8240 8680 8443 7919 8668 8364 8876 8572 8932 9022 8993 9020 8437 8817 8372 8658 8319 8381 8680 8736 8506 8627 9207 8776 9019 9045 8662 9166 8117 9068 8286 7907 9134 8504 7979 8537 8531 8778 7940 8323 8754 8908 8795 8674 8754 9385 8466 9200 8749 9050 9279 8677 9408 8063 8540 9019 8925 8891 8578 8778 9533 9085 8318 8714 8993 8941 9046 8667 9038 8955 9203 8520 8730 9476 8549 8742 9339 9463 9059 8327 8437 8254 9160 8583 8656 8192 8916 8745 8617 8216 8558 8490 8879 9142 9039 8898 8877 9346 9928 8957 8476 8720 8436 8780 8936 8815 9072 8926 9470 8439 8543 8962 8536 9135 9156 8758 8919 8703 8789 8903 7732 9185 9223 8466 8534 8233 8701 8891 8390 8635 8589 9167 8959 8116 8693 8722 8994 8892 8313 8933 9007 8977 8893 8823 8789 8236 9389 8770 8670 9061 9050 8784 9190 8810 8449 8661 9619 8587 8681 8766 8026 8516 8801 8252 9101 9196 8918 8745 8975 8858 8572 8878 9388 8775 8190 8743 8662 8628 9015 8896 9170 8208 9250 9262 8309 8728 9512 8893 8714 8634 8359 8378 8984 9292 9207 8640 8716 9164 8592 9424 8815 8747 9211 8649 8525 8967 9037 8702 8522 8121 9001 8920 8802 8949 8802 9080 8755 9306 9011 8934 8608 9366 8706 9033 9085 9019 9090 9026 8573 8656 8448 9055 8675 
7317 7501 7163 7367 7888 7673 8369 7169 7698 7901 8281 7831 7952 7125 7599 7609 7462 8251 7741 7706 7861 7515 7474 7407 7508 7746 7663 7359 7955 7636 7440 7486 7552 7922 7498 8250 7872 7910 8245 7537 8208 7929 7305 7834 7508 8119 8501 7249 7613 7956 7908 7904 7776 7714 7384 8086 7378 8010 8013 8014 7968 8039 7852 7961 7512 7810 8072 7506 7981 7812 7755 7585 7907 7621 7896 7600 7433 7598 7904 7476 8220 7717 7602 8437 7496 7713 7733 7868 8048 8297 7064 7201 7765 7976 7968 7607 7086 8192 7687 7785 7810 7741 7904 7800 8011 7426 7657 7527 7718 7813 7756 8141 7908 7532 7648 8043 7382 7681 7997 7533 7686 7957 7805 8040 7651 7303 8270 7769 7895 8016 7590 8179 7423 7111 8025 7979 7424 7904 7827 7808 7659 7802 7797 7853 7776 7555 8023 7945 7440 7403 7808 7799 7474 7598 7228 7834 8074 7869 6873 8101 7416 8028 7639 8013 7953 7844 6981 7792 7827 7441 7295 7476 7171 7925 7533 7884 8360 7991 7633 7905 7708 7617 7714 7926 7527 7865 7888 7667 7292 7545 7902 7693 7889 7926 8214 7102 7486 7436 7460 7860 7853 7655 8100 7216 7643 6811 7626 8011 7637 7875 8135 8127 8014 7492 8129 7657 8010 7943 7967 8308 7514 7541 7712 7749 7881 7440 7796 8318 7859 7377 7508 7930 7900 8051 7594 7719 8241 8243 7679 7956 7975 7820 7384 8135 8067 7984 7221 7383 7477 8001 7862 7994 7715 7780 7812 7378 7570 7362 7816 7770 8338 7915 8018 7902 8258 8492 7837 7693 7545 7562 7805 7767 7888 7905 7690 8533 7710 7547 8037 7595 8014 7844 8140 7764 8083 7816 8044 7074 8043 8050 7497 7498 7466 8065 7746 7442 7778 7760 8359 7652 7087 7625 7689 7834 7961 7285 7898 7917 8247 8027 7747 7850 7426 8210 7687 7637 7725 7827 7716 7716 7952 7601 7690 8651 7397 7742 7477 7134 7423 7700 7541 7884 7970 7574 7811 7773 7972 7783 7759 8170 7665 7631 8092 7983 7528 7775 7858 8061 7486 8049 8015 7825 7832 8444 7360 7774 7813 7580 7533 7986 7963 7967 7943 7862 7707 7479 8393 7988 7633 8204 7535 7345 7838 7758 7234 7711 7410 7953 7824 7891 7420 7616 8109 7551 8445 8034 7622 7287 8158 7651 8042 7930 7969 8234 8149 7544 7754 7758 7538 7910 
7391 8222 7832 8100 7902 7819 8566 7642 8084 8154 8531 8092 8154 7800 7919 7686 7634 8776 8241 8092 7999 8154 8073 8065 8145 8087 7850 7557 8175 8119 7657 7674 8095 8258 8052 8497 8487 8205 8432 8067 8685 8340 8085 8078 7972 8832 8689 7685 7714 8415 7709 8665 8055 7576 7863 8477 7789 8394 8196 8395 8130 8319 7754 8196 7732 8247 8586 7860 8141 8301 7746 7881 8023 8116 7858 8115 7594 7863 8231 8523 8708 8337 7895 8737 7661 8126 8265 8195 8445 8896 7489 7870 8377 7991 8171 7705 7503 8548 8132 7995 8410 8144 8376 8152 8195 7990 7989 7662 8504 8235 8106 8328 8229 8121 8070 8814 7585 8018 8276 7576 8132 8568 7871 8245 8054 7812 8539 7969 8157 8482 8060 8286 7762 7488 8471 8431 7802 8367 8171 7835 8081 7807 8166 8170 8032 7824 7969 7946 7516 7784 8051 8088 7792 8004 7541 8584 8314 8102 7628 8399 8010 8624 8223 8047 8054 7716 7231 7546 8049 7702 7570 8209 7606 8685 8134 8626 8414 8345 8087 8304 7732 8039 8004 7790 7743 8230 8003 7952 7855 8187 8124 8199 8157 7975 8430 7585 8198 7771 7598 8600 8204 7938 8109 7722 7779 7408 7709 8174 8261 7911 7895 8007 8776 7799 8478 8359 8568 8415 8029 8529 7415 7858 8227 7909 8331 7636 8340 8655 8768 8116 7653 8372 7979 8446 7872 8038 8289 8515 7693 7984 8200 7899 7844 8484 8195 8065 7692 7842 7693 8589 8136 8109 7886 7761 8317 7825 7713 7784 8167 8267 8674 7966 8184 7939 8597 9264 8109 7825 8211 7892 7935 7839 8180 8536 7952 8419 8004 8070 7964 7794 8493 8503 8083 8041 8209 8317 8296 7321 8744 8399 7741 7817 7687 7947 8240 7609 7991 8078 8350 8002 7711 8173 7934 8352 8228 8141 8375 8567 8535 8215 8023 8294 7848 8476 8406 7675 8163 8122 8336 8282 8449 8154 7890 8728 7812 7921 8066 7395 8251 8320 7757 8338 8502 8388 8126 8096 8084 8147 8130 8824 7997 7849 8090 8237 7982 8584 8259 8289 7572 8490 8415 7849 8006 9089 8289 8013 8124 8014 7855 8325 8415 8362 8395 8068 8257 8005 8612 8201 7922 8319 7879 8075 8547 8147 7756 7771 7663 8132 8416 8099 8269 8077 8637 8099 8656 8290 8091 7742 8518 8031 8618 8339 8100 8679 8159 7896 7858 8009 7982 8580 
7198 7694 7253 7339 7376 7347 7894 6865 7794 7783 8152 7604 7539 7246 7339 7655 7405 8176 7735 7343 7467 7413 7371 7601 7465 7789 7554 7372 7551 7857 7290 7130 7530 7818 7400 7976 7902 7474 7754 7353 7643 7649 7465 7689 7594 8248 7949 7143 7581 7742 7869 8059 7512 7636 7254 7620 7575 7688 7894 7716 7877 7699 7649 7674 7379 7665 7883 7360 7733 7736 7218 7568 7741 7509 7583 7481 7179 7671 7795 7328 8397 7543 7899 8026 7118 7871 7591 7777 7787 7905 7210 7078 7532 7534 8248 7306 7208 7979 7950 7789 7507 7511 8016 7688 7630 7711 7367 7352 7439 7476 7700 7836 7795 7309 7568 8292 7659 7397 7836 7434 7725 7804 7659 7546 7547 7365 7906 7561 7640 7820 7456 7705 7153 6991 7764 7782 7232 8157 8066 7597 7314 7427 7524 7603 7415 7498 7926 7424 7134 7179 7490 7935 7415 7554 7348 7571 7880 7636 7064 8029 7603 7921 7864 8003 7639 7609 7121 7172 7339 7593 7070 7301 7193 7863 7534 7817 8005 7586 7606 7534 7600 7524 7588 7305 7182 7787 7633 7260 7268 7521 7642 7744 7846 7554 8415 7042 7762 7144 7318 7882 7764 7566 7451 7094 7328 7219 7309 7970 7506 7628 7647 7743 8054 7531 7905 7783 8015 8075 7792 8177 7116 7438 7652 7855 7763 7301 7707 7785 8045 7365 7408 7998 7751 7786 7780 7500 7830 8561 7164 7684 7632 7381 7121 7788 8036 7706 7015 7172 7399 7612 7901 7631 7284 7695 7302 7355 7230 7436 7579 7934 7981 7893 7710 7337 7938 8487 7646 7579 7471 7598 7632 7508 7715 7843 7750 8432 7512 7199 7581 7493 7890 7745 7661 7826 7635 7507 7702 6738 8004 7932 7447 7658 7639 7768 7660 7195 7727 7798 7774 7696 7391 7325 7787 7843 7377 7269 7779 8012 7698 7488 7764 7598 7495 8037 7390 7513 7744 7704 7657 7886 7924 7764 7874 8568 7485 7563 7244 6866 7686 7606 7020 7792 7820 7452 7635 7616 7684 7608 7798 8159 7562 7089 7559 7509 7655 7827 7698 7682 6989 8052 7601 7642 7598 7895 7333 7613 7530 7559 7311 7443 8026 7765 7767 7717 7750 7427 8289 7404 7470 7641 7620 7456 7559 7636 7188 7306 7188 8044 7995 7522 7489 7443 8095 7603 8475 7665 7653 7409 7965 7486 7863 7704 7888 8118 7687 7643 7530 7663 7462 8080 
8046 7726 7574 7779 8185 8027 8495 7459 7938 8045 8531 7985 8033 7730 7474 8240 8038 8698 7921 7841 8027 8074 7600 7714 8168 8009 7830 7687 8065 7974 7648 7973 7533 8368 7849 8179 8035 8234 8512 7489 8543 7748 8013 8375 7737 8332 8352 7833 7920 8461 7908 7958 8235 7996 7990 8208 7759 7817 8119 8261 7916 8339 7751 8030 7609 8040 8477 8298 8454 8519 7530 7675 8274 7500 8008 8127 7782 7911 8517 8039 8757 7953 7871 8798 7531 8099 8195 8249 8198 8386 7667 7571 8332 8091 8584 7948 7200 8519 8521 8148 8068 7949 8447 8285 7920 7928 7963 7749 8465 7924 7903 8150 8314 7921 7945 8134 7981 7325 8450 8080 7952 8278 8025 8120 8154 7588 8477 7802 7894 8084 8193 8229 7783 7104 8609 8112 7428 7920 7892 7946 7970 7574 8043 7953 8075 7730 8800 7791 7667 7865 7894 7967 7808 7850 7495 7830 8141 8295 7679 8025 7939 8215 8236 8593 8302 7699 7368 8059 8069 7701 7433 7736 7337 7984 8240 8233 8481 8051 7846 7827 7933 7733 8059 7780 7662 8039 7932 7474 8038 8174 8058 8348 8349 7929 8421 7386 8236 7770 7240 8084 8182 7769 7746 7564 7870 7400 7525 8053 8356 7937 7965 7976 8559 7933 8148 8026 8061 8053 8198 8363 7724 7822 7914 8220 7849 7602 8095 8287 8568 7529 7764 8414 8120 8171 7917 7693 8425 8395 8100 7865 8403 8042 7799 8497 8360 8242 7907 8085 7906 8499 7857 8130 7744 7848 7974 7567 7364 7987 8026 7885 8274 8209 8305 8026 8662 8838 8608 8036 7756 8020 7900 7989 8088 8376 8131 8508 8064 7605 8154 7692 8512 8426 8032 7851 8177 7998 8386 7669 8229 8159 7827 7746 7906 8089 7910 7829 8090 7785 8452 7942 7422 8040 8066 8080 8068 8300 8177 8620 8186 7919 7908 7970 7895 8555 7967 7768 8206 8051 7982 8242 8548 8094 8147 8680 7911 8091 8093 7468 7781 7902 7278 8254 8372 8046 8041 8222 8299 8084 8019 8715 7697 8050 7994 7817 7897 8197 8120 8406 7679 8429 8225 7803 8041 8585 8075 8093 8016 7595 7728 8427 8311 8343 8124 7954 8450 7703 8129 8056 8204 8293 7829 7978 7910 7955 7924 7694 7611 8435 8368 8042 7911 8070 8579 8191 8965 7614 8192 7618 8473 7606 8080 8220 8245 8457 8160 7856 8082 7859 7855 8119 
7190 7334 6961 7344 7536 7228 7869 7221 7502 7600 7831 7412 7094 7103 7058 7418 7207 8173 7650 7458 7336 7331 7097 7203 7343 7173 7207 7145 7170 7229 7066 6883 7099 7775 6929 7524 7660 7902 7779 7286 7740 7580 7478 7437 7534 8029 7755 7372 6924 7671 7638 7688 7361 7065 7148 7532 7141 7499 7515 7856 7242 7615 7461 7383 7009 7874 8011 7368 7678 7811 7163 7142 7863 7103 7382 7250 6688 7350 7475 7436 8043 7538 7487 7809 6956 7512 7492 7458 8188 7866 6957 7327 7619 7597 7616 7272 6635 7638 7737 7142 7201 7616 7747 7620 7249 7574 7048 7015 7597 7769 7403 7579 7652 7197 7359 7615 7168 7280 7857 7264 7473 7609 7839 7573 7817 7147 7864 7606 7372 7992 7533 7669 7172 6827 7565 7593 7282 7390 7613 7761 7470 7074 7475 7927 7437 7142 7829 7242 6825 7108 7303 7484 7110 7258 6869 7381 7934 7397 6969 7739 7220 7776 7609 7895 7527 7232 6514 7229 7284 7207 6975 7256 6762 7659 7599 7682 7643 7589 7178 7444 7649 7347 7535 7271 7137 7564 7689 7319 6815 7428 7493 7454 7497 7504 7878 6862 7540 6914 6982 7735 7465 7161 7327 6702 7408 6560 7062 7311 7754 7471 7231 7435 8111 7212 7763 7284 7740 8062 7294 7841 7350 7516 7166 7606 7647 7454 7320 7843 7499 6894 7222 7965 7296 7621 7516 7455 7630 7736 7604 7231 7681 7471 7424 7784 7536 7181 7054 7111 6891 7904 7263 7537 7094 7324 7530 7271 7150 7157 7337 7530 8005 7715 7688 7289 7730 8084 7553 7796 7507 7429 7440 7389 7577 7793 7855 7909 7308 7169 7491 7261 8220 7623 7365 7296 7641 7603 7660 6721 7814 7493 7171 7071 7017 7410 7192 7363 7115 7376 7802 7719 6991 7221 7454 7401 7552 7263 7472 7984 8295 7478 7433 7778 6917 8065 7674 7432 7108 7986 7594 7239 7828 7723 7537 8179 7505 7676 7259 6942 6980 7370 7047 7607 7587 7464 7567 7603 7713 7313 7723 7488 7390 7251 7553 7621 7470 7562 7445 7630 7176 7531 7534 7290 7259 7943 7401 7373 7798 7186 7113 7540 7728 7476 7494 7784 7356 7252 7578 7067 7262 7663 7619 7346 7322 7354 7121 6914 6727 7403 7780 7521 7684 7190 8076 7406 7679 7394 7268 7266 7562 7399 7768 7610 7465 7999 7873 7123 7423 7485 7373 7334 
7850 7777 7948 8076 8139 7960 8665 7484 8203 8201 8894 8044 7987 7700 7912 7886 7902 8705 8390 8015 8374 8172 7948 7983 8196 8180 8230 7992 8430 8120 7681 7920 8014 8335 8064 8197 8424 8255 8470 8022 8820 8332 8198 8009 8011 8715 8661 7759 8086 8370 8215 8071 8134 8125 7804 8734 7589 8164 8210 8452 8180 8397 8060 8267 7768 8295 8677 8001 8443 8395 7837 8051 8185 8003 8284 7977 7486 7958 8481 8286 8919 8047 8209 8575 7642 7831 8115 8260 8785 8718 7808 7811 8094 8358 8898 7781 7563 8527 8558 8188 7877 8210 8392 8101 8083 8375 7709 7772 7933 8422 8066 8400 8154 8127 7775 8311 8270 8176 8261 8035 7970 8133 8201 8026 8233 7643 8143 7814 7885 8192 8074 8687 7617 7544 8348 8477 7499 8316 8138 8262 8155 7847 8001 8370 7920 7877 8248 8205 7532 7940 8107 8243 7990 7900 7559 8306 8362 8281 7318 8338 7665 8369 8526 7981 8282 7986 7504 7736 8120 7656 7858 8144 7428 8442 7921 8560 8509 8343 7879 7637 8341 7633 7842 7745 7631 8359 8462 7957 7517 8151 8079 7963 8177 8037 8378 7560 8498 7543 7612 8353 8123 8126 8072 7437 7819 7560 7557 8186 8224 8003 8277 8367 8293 8210 8115 8125 8362 8560 8315 8343 7679 8356 8168 8030 8089 7891 8159 8516 8302 7732 7882 8509 8724 8666 8054 8278 8459 8659 8210 8158 8416 7970 7749 8605 8249 8286 7671 7892 7800 8314 8098 7835 7694 8111 7665 8092 7578 7946 8392 8098 8804 8301 8557 8180 8512 8998 8112 8239 7892 8085 8170 8287 8393 8170 8214 8917 7909 7836 8055 7714 8463 8137 8327 8274 8129 7944 8498 7573 8288 8282 8356 7869 7688 7933 8205 7741 8334 8033 8231 8031 7688 7843 8252 8178 8099 8118 8069 8279 8292 8437 8255 8044 7483 8641 8300 8043 8036 8364 8351 8502 8299 8155 8305 8996 7960 8229 7911 8123 7826 8083 7706 8537 8190 8179 7931 8192 8368 8025 8269 8588 8031 7939 7986 7919 7934 8418 8168 8481 7912 8592 8682 7891 7972 8648 8058 7890 8048 7912 7934 8313 8501 8339 8146 8123 8346 8005 8679 8191 8087 8157 7855 7682 8012 8177 7720 7986 7653 8296 8228 8158 8169 8111 8261 8246 8737 8202 8089 7921 8472 8090 8447 8452 8289 8346 8475 7944 8018 8237 8269 8007 
8020 8106 7803 7973 8552 8132 8571 7820 8448 8280 8536 8348 8166 7404 8099 8227 7808 8898 8616 8038 8214 8257 7729 7742 8249 8484 7682 7868 8483 8289 7741 7835 8098 8690 8172 8520 8332 8332 8654 7890 8754 8533 8065 7928 7913 9019 8806 7721 7834 8465 8271 8056 8172 8272 7907 8148 8060 8193 8514 8331 8173 8311 7904 8209 7776 8332 8396 8115 8473 8146 7982 7885 8346 7903 8120 7996 7714 8507 8026 8180 8789 8091 8137 8593 8018 8381 7905 8295 8316 8661 7653 7657 8073 8595 8769 8166 7738 8426 8434 8273 8102 7926 8407 8442 8219 7683 7949 7817 8337 8344 8100 8575 8442 7880 7884 8407 7876 8074 8519 7971 8324 8371 8237 8257 7961 7955 8832 8290 8332 8345 7999 8482 7533 7504 8378 8230 7955 8546 8307 8123 8314 7885 8154 8255 8241 8069 8536 8063 7658 7775 8047 8098 7908 7945 7369 8033 8203 8543 7609 8505 8088 8157 8501 8267 8301 8340 7365 7752 7869 7820 7530 7783 7536 8627 7768 8487 8426 8367 8088 8074 7983 8047 7983 7779 7557 8227 8166 7903 7876 8345 8384 8277 8321 8179 8488 7712 8138 7744 7524 8330 8127 7811 7996 7675 7847 7466 7831 8111 8420 8347 8424 8186 8546 7777 8874 8286 8557 8486 8448 8591 7641 8082 8109 8358 8291 7798 8036 8730 8483 7673 7925 8513 8040 8355 8326 7964 8341 8629 8221 8306 8582 8159 7986 8450 8880 8111 7785 7972 7750 8358 8554 8117 7965 8106 8208 7813 7967 7698 8020 7993 8588 8179 8250 8195 8830 9001 8187 8006 8070 7910 7807 7973 8365 8603 8222 8902 7893 7935 8329 7668 8554 8142 8257 8126 8177 8173 8256 7644 8529 8353 7752 7978 8001 8434 8268 8050 7993 8046 8662 8185 7864 8202 8099 8214 8156 7957 8186 8458 8646 8381 7955 8122 7961 8597 7813 8032 8079 8184 8272 8105 8386 8223 8160 9142 8006 8394 7938 7702 8367 8055 7651 8339 8383 8071 8169 8335 8310 8221 8213 8238 7876 7682 8344 8181 7935 8740 8291 8454 7648 8556 8589 7993 7936 9193 8243 8055 8285 7735 7944 8314 8433 8200 8213 8121 8545 7977 8740 8283 8158 8295 8123 8056 8319 8167 7819 7988 7245 8788 8365 8255 8291 7927 8589 8153 8982 8169 8119 8049 8681 8021 8350 8371 8459 8458 8556 7886 8044 8112 7859 8099 
8157 8419 7892 8029 8117 8149 8523 7888 8376 8376 8375 8371 8239 7666 7983 8285 7876 8736 8375 7941 8459 7963 8225 8016 7997 8189 8010 8000 8423 7854 7797 8233 8030 8610 7898 8375 8778 8539 8551 8190 8503 8362 7948 8252 8069 8754 8897 7664 7914 8314 8148 8138 8213 7932 8148 8624 7839 8639 8113 8546 8285 8346 8202 8122 7745 8258 8681 8295 8417 8317 7902 7920 8133 7964 8089 8020 7642 7843 8398 8494 8457 8352 8245 8772 7754 8322 7911 8203 8642 8525 7483 8107 8234 8352 8830 7955 7420 8330 8510 8060 7995 8472 8640 8372 8538 8044 8042 8136 8357 8302 8431 8571 7852 7999 7890 8909 7828 8158 8167 7892 8254 8365 8605 8294 8321 7929 8526 8083 8013 8614 8234 8319 7723 7569 8500 8540 7892 8282 8356 8084 8201 7979 8280 8184 8199 8008 8531 7986 7616 8095 8189 7995 7875 8128 7640 8159 8528 8229 7492 8611 7827 8384 8559 8290 8241 8120 7570 7675 8220 8063 7670 8146 7465 8598 8046 8645 8856 8281 8331 7929 8110 7871 7907 8197 7917 8467 8183 7922 7914 8367 8289 8261 8243 8040 8610 7508 8482 7909 7519 8415 7843 8126 8182 7798 7749 7546 8097 8251 8109 8220 8408 8210 8595 8167 8698 8497 8669 8285 8427 8897 8242 8292 8200 8406 8316 8079 8094 8452 8510 8266 7730 8314 8183 8708 8243 8352 7954 8626 8150 8219 8523 8238 8139 8439 8520 8177 7933 7966 8096 8691 8237 8195 7908 8298 7959 7917 7556 8280 7872 8340 9006 8652 8082 7849 8847 9088 8136 7803 7959 8091 8337 8170 8396 8278 8307 8903 8109 8136 8464 8016 8432 8595 8439 8198 8383 8345 8281 7470 8753 8594 7810 7747 8251 8244 8351 8082 8197 8217 8480 8260 7721 8321 8120 8418 8224 8248 8529 8748 8312 8369 8029 8324 7775 8698 7981 7906 8439 8313 8270 8318 8245 8260 8067 8897 8231 8370 8011 7884 8210 8103 8026 8478 8422 8026 8263 8351 8652 8172 8442 8725 8058 7898 7977 7983 7664 8670 8215 8389 7858 8684 8390 7990 8126 8710 8246 7939 8588 8034 7970 8067 8582 8608 8197 8314 8598 8280 8915 7724 8121 8350 8006 8101 8205 8229 7873 8022 7754 8459 8691 8428 8285 7961 8616 8348 9099 8321 8569 7568 8609 8078 8307 8364 8546 8285 8122 7982 8001 8172 8021 8525 
7783 8031 7590 7947 7834 7954 8593 7597 8307 8208 8581 8375 7908 7731 7827 7848 7789 8642 8107 8041 8390 8191 7925 8018 7814 8218 7856 7654 8131 7960 7712 7697 7749 8458 7470 8344 8457 8213 8437 7873 8603 8171 7892 8553 7981 9060 8707 7964 8021 8271 8394 8055 8052 8080 7765 8387 8006 8181 8570 8465 8135 8383 8181 8207 7881 8447 8390 8017 8283 8165 7991 7919 8160 8060 8130 8239 7672 8102 7977 8265 8475 8198 8438 8475 7818 8369 8015 8510 8344 8310 7820 7730 8178 8314 8576 7987 7333 8399 8295 8157 8098 8138 8418 8121 8235 7684 8043 8003 8094 8430 8396 8330 8349 8027 8040 8914 8053 7955 8482 7951 7935 8313 8450 8233 8016 7672 8635 8279 8128 8606 7906 8575 7904 7778 8299 8471 8024 8333 8261 8354 7824 8097 8449 8334 8096 7956 8524 8284 7830 7883 8320 8090 7952 7755 7575 8237 8673 8140 7674 8582 8020 8248 8126 8346 7993 8184 7402 7642 8014 7719 7431 7996 7586 8629 8092 8446 8736 8464 8017 8379 8331 8127 8073 7973 7695 7886 8075 7745 7916 8393 8202 8317 8087 8196 8805 7627 8056 7241 7719 8508 8182 7617 8062 7606 8040 7440 7490 8230 7801 8118 8271 8357 8232 8006 8689 8173 8688 8507 7953 8828 7619 7978 8418 8229 8233 8003 8312 8356 8370 7870 8159 8749 8381 8349 8103 8078 8144 8607 8072 7937 8573 8194 7442 8737 8342 8167 7816 8091 7956 8293 8051 8196 8028 7787 7870 7710 7816 7718 8302 8145 8504 8547 8369 8329 8886 8930 8122 8089 7738 8076 8100 8069 8401 8260 8265 8944 7916 7974 8098 7938 8881 8407 8518 8111 8121 7825 8409 7373 8378 8085 7950 8214 7949 8229 8159 7620 8479 8249 8407 8151 7831 7855 8475 8362 8244 7841 8552 8279 8395 8226 8196 7994 7917 8422 8321 7879 8116 8200 8417 8481 8303 8602 8204 9458 8270 8216 8085 7853 8204 8253 7906 8355 7990 8173 8513 8195 8006 8175 7954 8318 7981 7574 8079 8489 7738 8553 8471 8335 7848 8228 8338 7745 7895 8640 8310 7956 7970 7944 7886 8136 8428 8214 8372 8157 8526 7908 8676 8342 8265 8120 7950 8035 8366 8113 7753 8362 7813 8395 8199 8338 8160 7840 8401 8386 8793 8189 8350 8198 8418 8420 8447 7717 8408 8490 8468 8265 7701 8235 7958 8212 
8172 8130 7985 8016 8484 8550 8729 7973 8650 8470 9089 8476 8508 7862 8100 8619 8183 8857 8410 8516 8277 8321 8225 8130 8638 8686 8474 8127 8504 8458 8232 8462 8299 8833 8121 8946 8590 8551 8753 8154 9046 8384 8255 8372 8371 9192 9166 8091 8433 8687 8314 8277 8602 8334 8096 8595 8391 8378 8668 9005 8824 8650 8504 8268 8504 8639 8702 8577 8668 8829 8175 8521 8752 8105 8313 8262 8050 8381 8794 8462 9147 8682 8708 9200 8298 8530 8440 8486 8648 9237 8046 7891 8314 8656 9177 8365 7866 8617 8760 8466 8333 8636 9147 8692 8557 8649 8042 8101 8670 8549 8361 8552 8367 8016 7923 9054 8633 8460 8843 8232 8515 9069 8571 8670 8393 8024 9049 8370 8437 9030 8380 8780 7835 7553 8503 8674 7917 8839 8214 8742 8556 7845 8658 8777 8463 8618 8629 8150 7867 8098 8671 8808 8116 8015 8003 8768 8427 8623 7618 8862 8606 8713 8927 8537 8391 8483 7597 8092 8423 8218 8175 8330 8146 8893 8734 8980 8842 8724 8244 8406 8357 8431 8229 8337 8065 8454 8241 8273 8119 8617 8455 8506 8437 8448 8816 7983 8606 7977 8056 8726 8520 8198 8543 7810 8037 7345 7833 8572 8493 8356 8432 8503 9002 8418 9090 8762 8851 8630 8549 9376 7963 8541 8414 8468 8703 8310 8792 8625 8601 8168 8513 8839 8787 8666 8453 8445 8737 8891 8280 8564 9030 8521 8175 8932 8544 8527 8179 8429 8491 8771 8752 8290 8010 8291 8472 8305 7886 7978 8371 8516 8920 8494 8609 8449 8951 9349 8705 8591 8090 8307 8339 8484 8548 8819 8646 9379 8238 8240 8254 8157 8691 8354 8638 8604 8527 8556 8862 7800 8597 8685 8370 8305 8300 8422 8868 8262 8363 8234 8926 8283 8195 8725 8521 8707 8364 8496 8666 8727 9033 8374 8525 8500 8244 8914 8184 8169 8304 8841 8619 8867 8830 8760 8557 9495 8353 8533 8185 7835 8456 8673 8210 8545 8242 8686 8182 8443 8528 8410 8503 8964 8243 8134 8585 8462 8227 8883 8523 8573 8012 8846 8808 8093 8560 8920 8726 8592 8793 8196 8414 8378 9014 8570 8671 8372 8878 8198 9066 8864 8647 8728 8368 8219 8409 8445 8064 8548 8002 8592 8606 8597 8440 8358 8412 8142 9132 8355 8649 8517 9071 8495 8540 8828 8872 8718 8523 7980 8477 8596 8246 8307 
7964 7987 7898 7945 8389 8221 8540 7485 8164 8446 8598 8252 8531 7788 8090 8092 8037 8612 8467 8323 8250 8216 8147 7814 8077 8471 7640 7811 8302 8319 7882 7929 8046 8579 8272 8454 8713 8309 8613 8086 8556 8360 8022 8434 7779 8844 8750 7602 8036 8592 8453 8044 8081 8129 7774 8533 7883 8517 8782 8411 8488 8469 7998 8359 7992 8461 8478 8048 8028 8489 8085 7685 8712 7880 8121 8007 7733 8413 8500 8323 8776 8296 8185 8976 7757 8355 8371 8251 8428 8866 7658 7923 8177 8213 8795 8081 7731 8582 8508 7952 8154 8579 8527 8262 8339 8277 8130 8201 8254 8248 8409 8629 8391 7965 8370 8531 7994 8338 8733 8183 7993 8573 8361 8334 8168 7966 8903 8568 8322 8526 8160 8277 8057 7579 8826 8505 7927 8506 8283 8241 8050 8259 8727 8554 8151 8156 8481 8132 7819 7902 8250 8361 7739 8015 7927 8768 8445 8598 7404 8662 8049 8430 8523 8751 8383 8464 7621 8016 7953 7738 7883 8273 7600 8842 8565 8454 8666 8546 8110 8233 8307 8028 8287 8299 7824 8337 8321 7711 7996 8379 8390 8614 8442 8362 8574 7809 8382 7927 7822 8461 8413 8026 8021 7521 8198 7305 7656 8357 8309 8250 8345 8184 8989 8101 8829 8292 8864 8600 8640 8995 7593 8225 8274 8708 8299 8200 8120 8743 8610 7600 8162 8734 8601 8570 8165 8273 8454 8805 7962 8252 8382 8276 8047 8836 8431 8194 7806 7851 7859 8229 8267 8200 7581 8120 8328 8245 7736 7780 8112 8299 8665 8710 8070 8405 8996 9225 8268 8189 8379 7806 8223 8230 8416 8712 8439 9011 8291 7930 8061 8005 8763 8447 8394 8489 8517 8343 8408 7754 8644 8652 7902 8261 8055 8151 8170 8083 8473 8166 8571 8560 7748 8158 8288 8564 8400 7965 8377 8390 8814 7990 8135 8299 7960 8795 8307 8093 8384 8555 8170 8411 8526 8345 8287 9039 8107 8269 8178 7489 8423 8255 7903 8367 8617 8173 8480 8122 8268 8647 8288 8342 8089 7909 8246 8364 8001 8732 8214 8752 7967 8478 8536 7877 8282 8919 8208 8289 8512 8227 8018 8114 8365 8454 8579 8352 8584 8050 8732 8277 8172 8692 8082 8207 8371 8380 7863 8094 7928 8711 8204 8173 8389 8227 8778 7989 9015 8332 8297 8106 8559 8292 8754 8452 8566 8730 8343 8033 8016 8051 7984 8381 
7617 7999 7669 7608 8065 7718 8270 7542 8113 7966 8475 7963 7878 7770 7792 7761 7873 8804 7917 7920 7772 7921 7937 7722 8083 7992 7966 7630 8262 8185 7306 7898 7713 8445 7785 8130 8469 8107 8580 7782 8362 8539 8318 8117 7837 8562 8384 7562 8076 7916 7929 8034 7872 7958 7809 8298 7846 7932 7877 8323 8112 8085 7798 7479 7716 8169 8330 7860 8124 7934 7635 7774 8046 7857 7999 7774 7390 7877 7701 8188 8621 8075 7938 8628 7336 8295 7675 8423 8192 8273 7246 7558 8029 8237 8516 7925 7567 8159 8201 7934 7903 7986 8224 8211 8098 8128 7780 7582 8277 8170 7946 8464 7819 7967 7624 8518 7743 7743 7990 7788 8128 8166 8306 8130 8132 7653 8293 7956 8044 8294 8024 8084 7414 7309 8245 7897 7839 8197 7981 8400 8062 7491 8101 8151 7953 7868 8309 7768 7557 7737 8075 7922 7830 7826 7819 8031 8482 8069 7348 8090 8039 8082 8164 8542 8298 7807 7003 7751 8006 7699 7272 7843 7482 8309 7931 8400 8427 7977 7698 7945 7848 7788 7922 7833 7647 7948 8190 7631 7569 8093 8326 8271 8306 7718 8494 7429 7853 7800 7435 8141 7856 7840 7959 7512 7582 7479 7498 7964 8174 8196 8535 7751 8671 7822 8420 8229 8372 8238 8282 8330 7572 7865 7939 8122 8227 7888 8242 8478 8294 7649 7978 8433 8013 8196 7798 7733 8191 8645 8037 8349 8385 7995 7763 8288 8370 8064 7529 7569 7211 8474 7992 7806 7713 8032 7946 8137 7695 7721 8096 8250 8558 8206 8009 7775 8248 8832 8174 8037 7745 7933 7971 7748 8135 8239 8131 8523 7719 7999 8066 7726 8364 8218 8282 8284 8246 7983 8166 7050 8539 8179 7782 7773 7901 8201 8127 7952 7799 7963 8440 8026 7861 8173 8148 8192 8163 8021 8142 8412 8100 8153 8188 8045 7601 8234 7822 7505 7957 7958 8407 8135 7992 8129 8031 8771 8005 8105 7611 7528 8073 7999 7521 8486 8487 8269 7861 8215 8248 7877 8266 8216 7637 7747 7897 7719 8002 8274 8176 8356 7609 8424 8296 7591 7972 8613 8377 7675 8060 7997 7700 8510 8391 8052 7915 8267 8410 7842 8761 7785 8090 8218 7944 7596 8226 8136 7818 7694 7551 8176 8560 8244 8057 7928 8523 7968 8642 7656 7941 7995 8254 7886 8320 8373 8318 8359 8040 7889 7526 7579 7727 7996 
7790 8151 7646 7692 8296 8245 8274 7553 8383 8392 8551 8346 8112 7704 7851 8015 7834 8759 8166 8019 8210 7703 7496 7964 8211 7990 7891 7518 8224 7887 7709 7953 7670 8545 7884 8133 8428 8139 8562 7801 8410 8638 7969 8060 7731 9208 8562 7634 7886 8517 8116 8115 8207 7853 7860 8399 7575 8131 8532 8341 8428 8534 7969 7805 7829 8181 8751 8223 8574 8180 7959 7821 8282 8009 8187 8047 7506 8016 8082 8308 8453 8630 8310 8880 7813 8062 8065 8413 8206 8864 7698 7787 8230 8402 8628 8062 7535 8392 8239 8124 8105 8442 8562 8526 8448 7599 7724 8019 8288 8212 7895 7927 8288 8030 8136 8509 7540 8222 8451 7968 8179 8128 8336 8310 8415 7655 8657 8427 8457 8474 7840 8427 7848 7464 8271 8240 8018 8411 8088 8273 8071 7880 8541 8630 7912 8008 8517 8071 7466 7894 8557 7981 7922 7748 8036 8309 8341 8296 7641 8332 8035 8245 8631 8461 8335 8140 7255 7386 8111 7926 7556 7712 7667 8191 8281 8613 8355 8475 7904 7950 8480 8298 7952 8029 7736 8079 8279 7970 7758 8170 8541 8252 8269 7971 8590 7459 8136 8061 7400 8401 8066 7994 8261 7550 8130 7192 7664 8327 8367 8056 8266 8085 8544 7809 8452 8261 8646 8327 8613 8805 7861 8111 8499 8253 8191 8225 8377 8774 8176 7831 7804 8585 8164 8525 8138 8056 8306 8324 8116 8148 8303 7962 7732 8500 8502 8022 7926 7712 8021 8617 8370 8378 8033 7929 8018 7885 7781 7856 7949 7969 8640 8314 8249 8169 8152 9035 8119 8091 7867 8287 8202 7854 8459 8620 8274 8865 7772 8075 8353 7908 8504 8164 8535 8076 8384 8554 8341 7567 8279 8489 8011 8177 7942 8005 8303 7907 8108 7810 8340 8128 7993 8161 8316 8099 8190 7750 8288 8546 8393 8599 8125 8246 7735 8588 8339 7794 8116 8227 8208 8484 8197 8029 8156 8681 7999 7981 8278 7603 8039 8049 8033 8490 8372 8336 8527 8155 8193 8291 8163 8269 7749 7738 7937 8219 8037 8713 8256 8485 7673 8632 8344 7834 8109 8961 8018 7998 8370 8026 7870 8407 8627 8331 8246 8285 8512 7638 8794 8091 8601 8175 8023 7881 8029 8326 7987 7911 7689 8380 8584 8248 8287 7816 8625 8309 8934 8220 8161 8038 8364 8094 8429 8164 8218 8605 8292 7752 7798 7929 8133 8275 
8274 7990 8116 8161 8219 8142 8541 7626 8386 8188 8796 8079 8090 8085 7998 8093 7888 8695 8476 8289 8424 8254 7741 8202 8368 8405 8280 7798 8375 8021 7917 7800 8167 8639 7960 8276 8522 8529 8423 8150 8796 8394 8190 8172 8163 8877 9119 8255 8017 8443 8377 8076 8510 8020 7925 8209 7909 8324 8846 8668 8356 8398 8158 8194 7959 8417 8604 7990 8536 8617 7984 7894 8229 8053 8232 8207 7699 8507 8520 8266 8868 8311 8323 8444 8002 8335 8373 8374 8527 8481 7794 7718 8614 8479 8982 7773 7332 8435 8431 8207 8087 8294 8520 8138 8342 7937 7906 8119 8441 8193 8480 8183 8241 7868 7870 8502 7945 7947 8378 8240 8101 8355 8378 8398 8363 7849 8664 8149 8047 8713 8193 8597 8134 7697 8508 8250 7757 8573 8141 8316 8390 7840 8393 8416 8161 8021 8587 7845 7762 8132 8338 8011 7778 7802 7797 8302 8632 8232 7603 8426 8172 8643 8535 8522 8345 7976 7449 7980 8122 7966 7629 7887 7406 8229 8117 8462 8491 8671 8206 8067 8076 8237 8104 8069 7862 8243 8356 8021 8086 8298 8409 8557 8206 8095 8801 7835 8264 7918 7490 8554 8411 7811 8281 7700 7987 7272 7826 8373 8243 8099 8210 8169 8839 7982 8517 8372 8663 8464 8539 8694 7703 8071 8671 8691 8248 7885 8131 8424 8457 7799 7866 8697 8215 8466 8055 8309 8864 8858 8241 8167 8549 8158 8342 8491 8742 8225 8203 7989 7901 8717 8220 8018 7629 7996 8054 8189 7932 8213 8259 7993 8516 8518 8590 8108 8556 9198 8306 8267 8050 8016 8245 8376 8160 8218 8857 9205 7822 7938 8532 7890 8449 8417 8218 8221 8133 8143 8449 7660 8338 8808 8082 8282 8052 8405 8504 7778 8464 8173 8338 8259 8086 8339 8238 8169 7915 8087 8155 8469 8601 8243 8139 8144 7869 8638 8115 8159 8177 8446 8401 8481 8537 8483 8716 9024 8128 8168 8355 7975 8071 8163 7657 8315 8454 8384 8076 8444 8214 8153 8651 8913 7981 7949 8258 8351 7703 8517 8214 8346 7620 8768 8493 7961 8095 8825 8221 7938 8291 7900 8395 8234 8617 8476 8021 8217 8807 7872 8684 8283 8125 8424 8390 8045 8369 8422 7863 8040 7588 8660 8385 8324 8268 8234 8375 8430 8935 8109 8485 8112 8547 8288 8606 8302 8533 8482 8239 8290 8066 8162 8282 8262 
