4304 4282 4216 3991 4191 3996 4123 4854 4337 4289 4153 4276 4291 4492 3985 4376 4248 4524 4207 3955 4348 4067 4431 4180 4504 4318 4349 4253 4760 4527 4382 4325 3819 4261 4139 4046 4229 4126 4100 4210 4686 4229 4254 4409 4255 4286 4329 3917 4370 4013 4237 4027 4657 3968 4375 3826 4196 4350 4122 4369 4444 4249 4551 3442 4256 4270 4101 4370 4556 4319 4350 4120 4399 4344 4240 4658 4225 4057 4193 4327 3904 4359 4336 4114 3995 4235 4527 4059 4113 4389 4159 4129 4246 4110 4171 4502 3977 4328 4183 4306 4172 4144 4367 4645 4248 4594 4391 4508 4004 4623 4490 4109 4939 4216 4269 4419 4340 4366 4188 4162 4408 4125 4363 4413 4151 4226 4467 4508 4231 4409 4382 4260 4104 4511 4280 4251 4180 4295 4249 4211 4315 3883 4241 4267 4673 4414 4265 4347 4462 4083 4849 4246 4641 4305 4228 4030 4416 3831 4204 4170 4334 4040 4140 4319 4741 4510 4336 4421 3976 3926 4156 4179 4489 4289 4417 4512 4290 4143 4436 4206 4547 4524 4270 4204 3990 4115 4356 4294 4887 3884 4396 4057 4200 4481 4293 3865 4649 4462 4438 4174 
3847 3691 3727 3571 3620 3239 3675 4476 3966 3939 3466 4058 3720 4105 3640 4108 3953 4084 3848 3556 3769 3615 3817 3848 4049 3709 4034 3845 4158 3940 4024 3938 3564 3836 4039 3704 3726 3549 3727 3699 4397 4108 3999 4150 3705 3957 3724 3807 3986 3942 3717 3678 4091 3700 3831 3659 3772 4013 3724 4044 3975 3882 4002 3467 3689 3937 3727 3802 4030 4210 3852 3804 3799 3653 3785 4014 3978 3636 3805 4012 3830 3832 3827 3655 3582 3905 4049 3596 3539 4014 4014 4080 4026 3719 3731 3969 3687 3880 3732 3785 3823 4015 3941 4321 3773 4108 4073 4124 3392 3941 4231 3724 4417 4003 3915 3808 3577 3894 3448 3570 4265 3715 3956 3976 3874 3902 3929 3753 3868 4084 3793 3788 3734 4070 3886 3418 4095 3843 3972 3836 3707 3674 3850 3533 3933 4129 3780 3861 4016 3844 4230 3672 4189 3860 3853 4061 4043 3496 3926 3974 3827 3998 3992 3958 4132 3984 3906 4045 3654 3681 3614 3952 4122 3822 3914 4065 3976 3909 3902 3995 4068 4218 3586 3593 3941 3816 4156 4002 4157 3670 4012 4090 4004 4035 3811 3529 4321 4088 4126 3888 
4264 4686 4335 4255 4348 3903 4326 4881 4447 4370 4169 4613 4567 4561 4082 4251 4598 4635 4436 4007 4356 4208 4583 4236 5007 4380 4467 4549 4871 4645 4420 4340 4240 4776 4409 4218 4399 4104 4089 3992 4866 4465 4548 4470 4356 4268 4531 4273 4436 4246 4287 4019 4600 4046 4259 4147 4338 4432 4161 4451 4606 4400 4434 3989 4391 4397 4102 4588 4604 4641 4761 4229 4398 4533 4213 4612 4278 4144 4264 4894 3756 4263 4641 4085 4180 4157 4568 4342 4316 4466 4451 3892 4367 4265 4053 4696 4057 4285 4326 4485 4264 4294 4288 4614 4541 4663 4598 4691 4053 4635 4485 4444 4662 4637 4339 4046 4286 4457 4351 4315 4606 3945 4490 4624 4539 4358 4733 4445 4478 4633 4356 4417 4154 4576 4482 4214 4437 4267 4354 4446 4427 4048 4254 4261 4621 4419 4151 4249 4592 4345 5079 4112 4565 4253 4535 4354 4379 4192 4552 4478 4682 4693 4290 4372 4738 4623 4336 4514 3923 3964 4102 4363 4577 4343 4526 4651 4446 4446 4671 4423 4648 4686 4374 4323 4541 4114 4715 4729 4825 4093 4390 4167 4506 4691 4529 4111 4940 4623 4708 4465 
3466 3783 3464 3448 3484 3439 3498 4022 3875 3843 3785 3694 3935 3824 3733 3746 4205 3992 3682 3476 3887 3623 3948 3743 4078 3705 3995 3789 4172 3875 3769 3685 3446 4047 3710 3700 3595 3503 3471 3704 4120 3801 3680 3659 3669 3553 3833 3460 3852 3674 3684 3450 3888 3542 3554 3387 3721 3872 3285 3723 3797 3711 3823 3227 3737 3706 3546 3817 4121 3776 3740 3510 3697 3910 3761 4167 3806 3273 3603 3883 3531 3373 3723 3589 3664 3619 3881 3628 3711 3657 3768 3625 3840 3328 3589 4023 3739 3649 3960 3637 3301 3814 3642 4187 3896 4013 3792 3918 3522 3866 3786 3637 4175 3654 3794 3708 3651 3793 3636 3632 3930 3708 3756 3895 3836 3725 3932 3916 3906 3836 3764 3694 3599 3786 3723 3878 3596 3744 3608 3697 3948 3349 3823 3528 3896 3860 3732 3705 3803 3557 4082 3760 3936 3646 3755 3665 3993 3249 4008 3714 3557 3596 3685 3874 3876 3894 3617 4085 3245 3412 3833 3681 4168 3731 3787 4088 4014 3732 3708 3722 3833 4203 3809 3465 3729 3372 3892 3807 4200 3659 3885 3663 3862 4078 3860 3491 4045 3940 3909 3648 
4120 4225 3849 4038 4156 3611 4117 4461 4012 3992 4139 4070 4215 4100 4004 4059 4270 4176 3981 3677 3764 4077 4086 4226 4325 3975 4391 3916 4501 4305 4124 4138 3920 4155 4093 3773 3987 3827 3819 3826 4494 4235 4085 4121 4232 4036 4235 3916 4091 3800 4043 3974 4144 3896 4270 3999 4086 4050 3871 4189 3977 4206 4261 3757 4241 4215 3735 4059 4131 4203 4062 3934 4226 3948 4061 4367 3955 3922 3723 4388 3819 3885 4015 3864 4060 4074 4175 3969 3867 4102 4381 3774 4181 3813 3917 4306 3965 4041 4362 3985 3901 4007 4037 4312 4193 4210 4230 4389 3738 4192 4271 3830 4195 4442 4001 3977 3804 4209 4014 3958 4501 3703 4100 4308 3852 4169 4134 3944 4072 4227 4044 4191 3920 4207 4296 3736 3845 4200 3869 3935 4029 3619 4186 4065 4004 4187 4002 3783 4079 3867 4063 3879 4357 3938 3943 3905 4380 3888 4138 4327 4110 4168 4018 4019 4449 4077 4060 4172 3891 3633 3992 3931 4345 3978 4381 4203 3997 3950 4303 4304 4151 4384 3941 3818 4074 3731 4351 4232 4278 3935 3908 4100 4083 4332 4166 3787 4397 4068 4293 4223 
3709 3927 3600 3633 3763 3475 3609 4184 4099 3748 3856 3891 3841 3913 3601 3865 3805 3952 3848 3778 3785 3589 3987 3880 4126 3589 3935 3777 4295 3935 3712 3804 3600 3847 3807 3847 3892 3586 3767 3696 4283 4001 3875 3644 3711 3651 3907 3634 3909 3607 3756 3464 4077 3813 3945 3513 3863 3905 3840 3779 3911 3815 3867 3390 3771 4081 3478 3779 3955 3665 3702 3363 3920 3862 3881 4063 3962 3808 3823 3992 3745 3826 3816 3541 3851 3717 3931 3747 3909 3732 3890 3705 3871 3680 3682 3988 3765 3740 3908 3731 3583 3716 3568 4092 3791 3875 3627 4155 3548 3811 4074 3748 4151 3809 3981 3733 3503 3900 3757 3710 3924 3788 3995 3848 3749 3832 4191 3762 3653 3726 4051 3813 3481 3957 4005 3629 3798 3945 4005 3818 3680 3426 3676 3796 4064 3914 3699 3744 3792 3821 4171 3868 4081 3675 3929 3515 4032 3485 3936 3890 3815 3694 3788 3893 4150 3530 3939 3914 3731 3546 3867 3954 4117 3741 4198 4020 3767 3786 3858 3776 4067 4133 3711 3527 3631 3706 3991 3885 4092 3543 3737 3731 3867 4286 3999 3566 4263 4067 4012 3876 
3983 3915 3931 3922 4218 3800 4137 4799 4157 4053 3852 4109 3980 4169 4053 3920 4209 4275 3940 3751 3977 3876 4125 4303 4484 3948 4267 4128 4359 4201 4284 4095 3865 4457 4388 3828 4077 3879 4015 3981 4520 4106 4040 4117 3968 3955 4188 3887 4315 4037 4030 3685 4353 3702 4054 3804 4113 4186 4059 4258 4158 4278 4416 3246 3909 4363 3981 4232 4158 4327 4008 3873 4046 3971 4102 4198 4158 3783 4268 4313 3907 3978 4457 3923 3802 4120 4262 3970 3996 4326 4202 3869 4171 3985 4184 4343 3905 4002 4050 4165 4058 4181 4244 4289 4242 4296 4274 4240 3811 4187 4173 3922 4684 4254 3963 3968 3841 4125 3952 3818 4319 4281 4543 4265 4108 4173 4321 4283 4290 4267 3989 4212 3966 4326 4127 3895 4224 4161 4151 4087 4174 3746 4205 3897 4363 4455 3895 4098 4161 3936 4402 4155 4460 4118 4060 4228 4091 3544 4247 4144 3925 4289 4114 4200 4367 4164 4169 4337 4192 3755 4027 4135 4362 4309 4054 4184 4234 3922 4304 4375 4388 4513 4223 4124 4090 3848 4493 4266 4535 3864 3936 4385 3998 4445 4050 3749 4475 4383 4490 4259 
3907 4242 3901 3886 4303 3830 4095 4780 4347 4118 4160 4046 4304 4280 3884 4319 4317 4355 4116 4039 4217 4041 4202 4281 4450 3982 4269 4054 4656 4211 4266 4103 3876 4203 4100 3948 4015 3660 3915 4011 4203 4336 4169 4110 4105 3996 4216 3939 4233 4045 4198 3795 4313 3873 4158 4015 4251 4206 3944 4171 4223 4223 4235 3823 4048 4071 3852 4173 4328 4122 4105 4088 4168 4092 4171 4300 4143 3603 3932 4227 3968 3902 4476 3749 4104 4103 4341 3881 4020 4291 4316 3877 4141 3782 3726 4201 3755 4280 4182 4150 3919 4110 4129 4617 4159 4385 4153 4305 3779 4308 4100 4014 4443 4132 4059 4034 3902 4197 3986 3908 4446 4039 4331 4316 4164 4126 4347 4244 4302 4131 4010 4164 4160 4237 4164 4058 3905 4257 3826 4024 4305 3604 4339 4005 4144 4397 4041 4099 4310 3986 4466 4183 4529 3980 4073 4162 4548 3704 4386 4244 4295 4232 4119 4156 4229 4193 4128 4342 3614 3888 4160 3945 4350 4163 4285 4364 4317 3979 4197 4165 4207 4541 4177 3725 4279 3967 4682 4214 4383 4009 4183 4029 4080 4850 4088 3938 4540 4335 4381 4191 
3784 3585 3295 3593 3829 3136 3647 4021 3894 3471 3850 3933 3670 3939 3561 3564 3729 3784 3567 3520 3794 3662 3846 3665 3967 3565 3836 3681 4254 4176 3821 3763 3480 3679 3739 3435 3591 3559 3556 3584 3974 3859 3734 3895 3697 3607 3700 3808 3731 3308 3583 3466 3833 3538 3908 3401 3812 3800 3523 3610 3843 3826 3814 3379 3882 3786 3616 3621 4014 3892 3604 3683 3746 3663 3687 3932 3894 3510 3576 3807 3490 3638 3739 3471 3769 3888 3910 3531 3803 3700 3673 3547 3785 3554 3845 3886 3582 3865 3909 3610 3432 3732 3649 4234 3623 3834 3652 3936 3414 3696 4059 3702 4006 3610 3732 3623 3509 3785 3496 3708 3970 3662 3962 3844 3685 3672 3996 3814 3771 3779 3889 3717 3576 4038 3907 3638 3625 3839 3804 3961 3566 3379 3671 3507 4051 3995 3560 3799 3954 3814 4087 3557 3917 3733 3788 3414 3998 3420 3784 3847 3529 3746 3654 3624 3990 3469 3698 3751 3594 3451 3618 3641 3918 3850 3741 3994 3807 3622 3861 3831 3851 4109 3588 3527 3721 3802 4088 3701 4043 3642 3774 3679 3942 4101 3761 3314 4046 4001 3812 3809 
3670 3709 3726 3645 3908 3362 3577 3987 3849 3874 3694 3763 3730 4183 3912 3696 4060 3952 3615 3649 3680 3617 3909 3705 4120 3732 3923 3665 4174 4004 4069 4033 3583 3871 3817 3629 3700 3595 3693 3554 4262 4089 3826 4064 3837 3643 3779 3596 3825 3591 3698 3522 3993 3429 3717 3770 3906 4087 3496 3875 3868 3625 3838 3562 3853 3721 3452 3452 3860 3910 3657 3850 3815 3731 3798 4048 3837 3655 3768 4008 3603 3639 3927 3528 3618 3812 4134 3948 3492 3963 3868 3665 3881 3787 3513 3837 3812 3745 3912 3667 3403 3882 3989 4189 3851 3654 3847 3996 3680 4054 3996 3690 4044 4029 3727 3727 3786 3843 3625 3679 4053 3713 3837 4093 3801 3919 4074 3870 3779 4240 3718 3949 3734 3883 3980 3575 3738 3677 3694 3880 3738 3395 3552 3831 4168 4101 3755 3542 3971 3704 4242 4011 3841 3776 3734 3885 3975 3396 4010 3898 3860 3801 3580 3833 4135 3856 4016 3801 3594 3584 3646 3635 4021 3835 3827 3959 3886 3638 4113 4032 3894 4256 3810 3734 3847 3492 4246 3836 4101 3536 3942 3601 3847 4000 3913 3522 4021 3691 3911 3783 
3992 4232 3990 3854 4012 3539 4088 4380 4331 3988 3831 4136 4200 4247 3851 4050 4298 4197 3970 3771 4302 4100 4445 4176 4459 4209 4451 4301 4412 4551 4016 3980 3980 4260 4098 3981 4007 3745 4162 4151 4603 4268 4020 4200 4231 4241 4069 4087 4327 3693 3968 3802 4293 3661 4158 3825 4093 4157 3938 4246 4290 3999 4050 3663 4103 4107 3939 3858 4233 4239 4173 3966 4000 4260 4267 4354 4175 3984 4099 4342 3946 4284 4233 3785 3757 4029 4180 4091 4102 4170 3969 3951 4149 3978 4026 4310 3695 3983 4227 4127 3832 4178 4055 4420 4341 4408 4211 4492 3787 4314 4195 3883 4577 4280 4191 3781 4094 4030 4064 3988 4073 3980 4448 4344 4210 4192 4456 4319 4141 4169 4220 4175 4037 3972 4289 4095 4222 4201 4120 4198 4251 3671 4088 4163 4462 4177 4053 4114 4097 3985 4695 4164 4418 4070 4196 3738 4370 3619 4131 4135 4370 4096 4193 4049 4614 4364 4256 4400 3846 4104 4202 3926 4146 4214 4513 4296 4112 4034 4247 4398 4413 4421 4015 4139 3949 4216 4410 4127 4495 4024 4174 4013 4224 4509 4369 3972 4599 4292 4357 4274 
3804 4077 3978 3825 3889 3577 3961 4486 4108 3830 3993 4198 4178 4068 3959 3842 4128 4225 4164 3554 3902 4038 4087 3906 4118 3834 4044 3994 4472 4143 4211 4076 3917 3991 4017 3870 3808 3809 3765 3731 4490 3871 4038 4088 3829 3856 4167 3839 4119 3586 4143 3820 4250 3762 4022 3826 3748 3960 4003 3960 4232 4038 4023 3489 3911 4169 3775 4146 4236 4009 3932 3743 4095 3997 3991 3946 3645 3582 3837 4224 3807 3981 3946 3751 3740 3853 4327 3858 3961 4190 4102 3753 3854 3838 3963 4258 3726 4080 3912 3864 3896 3975 4038 4351 3805 4353 4245 4169 3660 4035 4086 3703 4233 3779 3917 3899 3798 4047 3722 3883 4270 3779 3997 4297 3944 3893 4180 4064 4020 4053 3863 3992 3955 4021 4006 3656 3849 4081 4024 3715 4218 3538 4120 3919 4316 4199 3883 4060 4111 3883 4429 3963 4244 3882 3890 3953 4264 3646 3942 3983 3932 4044 3974 4018 4309 3924 3811 4045 3590 3651 3706 3949 4313 4033 3913 4126 4087 4005 4105 3952 3922 4348 3866 3785 4076 3821 3960 4127 4496 3847 3939 3980 3989 4087 3847 3566 4187 3984 4162 3978 
3986 4169 3986 3741 4047 3493 4053 4420 4166 3990 3950 4368 3957 4150 4020 3850 4357 4321 3926 3740 3899 4062 4124 4001 4644 4001 4111 4320 4456 4421 4223 4016 3598 4277 4180 3947 3922 3711 3885 3997 4801 4183 4254 4202 4049 4044 4221 4110 4168 4113 4193 3770 4289 3931 4256 3773 3968 4010 3989 4330 4190 3887 4165 3641 4153 4300 3689 4302 4163 4351 4264 4112 3929 4102 4009 4330 3933 3728 3945 4397 3776 4087 4169 3871 3974 4058 4248 3920 3856 4013 4229 3989 4175 3941 4134 4192 4098 4173 4232 4061 3734 4006 4148 4496 4325 4254 4257 4235 3758 4296 4526 4084 4535 4496 3953 3953 3906 4068 4054 4109 4334 3880 4295 4337 4349 4006 4404 4263 4011 4246 4044 4036 4147 4249 4033 3855 4319 4020 4178 4185 4217 3711 3976 3848 4348 4049 4040 4189 4256 4079 4383 4004 4405 4141 3903 3930 4418 3697 4206 4135 4089 4092 3883 3966 4364 4126 4049 4142 3873 3910 4096 4140 4158 4417 4179 4355 3950 4243 4327 4105 4346 4486 4150 3832 4071 4071 4497 4169 4642 3927 4197 3845 4173 4247 4267 3795 4347 4218 4147 4146 
4333 4491 4229 4129 4487 4058 4420 4767 4691 4386 4292 4628 4405 4725 4226 4565 4880 4636 4385 4132 4373 4232 4675 4665 4761 4196 4565 4702 4788 4582 4324 4511 4206 4585 4632 4464 4100 4241 4262 4279 4928 4623 4504 4775 4386 4394 4633 4302 4592 4452 4586 4082 4920 4275 4481 4243 4615 4525 4246 4617 4666 4651 4512 3968 4361 4740 4221 4506 4725 4524 4559 4224 4364 4643 4472 4797 4426 4193 4322 4824 4083 4267 4551 4169 4263 4306 4729 4354 4221 4561 4546 4461 4492 4226 4455 4769 4363 4488 4568 4567 4376 4529 4325 4771 4666 4749 4736 4577 4098 4747 4697 4344 4989 4567 4477 4294 4307 4472 4156 4250 4890 4317 4758 4758 4698 4362 4637 4556 4287 4621 4450 4568 4318 4708 4530 4303 4438 4731 4570 4295 4759 4248 4665 4109 4742 4763 4386 4547 4592 4459 4838 4497 4845 4383 4416 4494 4646 4133 4429 4511 4409 4474 4448 4404 4749 4422 4559 4505 4042 4392 4372 4582 4597 4447 4534 4818 4625 4307 4658 4343 4564 5043 4368 3994 4564 4212 4787 4631 4888 4394 4377 4407 4470 4801 4408 4159 4952 4847 4780 4668 
3920 3840 3623 3900 3803 3540 3764 4306 4117 4026 3857 3981 3919 4042 3740 4134 3907 4250 3950 3720 3900 3906 4065 4094 4346 3575 4185 4047 4452 4212 3838 4122 3654 4041 4160 3817 3852 3774 3642 3630 4529 4064 4231 4216 3999 4030 4124 3877 4140 3794 3842 3811 4152 3824 4201 3661 3842 3936 3937 4095 4047 3865 4025 3647 4163 4099 3909 4002 4099 4116 3956 3657 3981 3931 4176 4098 4202 3685 4143 3944 3826 3790 4094 3977 4046 3904 4243 3918 3579 3933 3822 3696 4030 4066 3909 4218 3934 4017 4062 4102 3784 3940 4019 4354 4026 4109 3994 4106 3547 4277 4129 3936 4508 4196 3807 4057 3942 3930 3912 4010 4213 3788 4165 4203 4078 3959 4079 4127 3995 3983 4045 3939 3831 3998 3946 3887 3957 3982 3990 4055 4024 3604 3801 3928 3972 4139 3775 4036 4055 4016 4446 3754 4256 3978 4003 3869 4164 3690 4213 4179 3832 4013 3876 4138 4262 4299 4271 4122 3577 3849 3925 3876 4254 4036 4267 4377 4217 3931 3967 3893 4437 4595 3937 3721 4068 4071 4031 3903 4412 3831 3978 3970 3951 4346 3915 3731 4304 4015 4106 4069 
4131 4202 3937 3991 4402 3833 4224 4702 4387 4174 4178 4186 4094 4326 3993 3818 4371 4393 4376 3802 4203 4092 4294 4260 4478 4042 4209 4230 4421 4262 4206 4137 3796 4210 4317 4059 4166 3716 3967 3961 4576 4310 4325 4438 4169 4171 4203 3973 4506 3976 4158 3922 4448 4035 4257 3912 4239 4287 4093 4263 4185 3949 4248 3655 3980 4372 3898 4273 4401 4231 4153 3948 4086 4150 4291 4657 4121 4054 4163 4241 3808 4212 4506 3750 3995 4060 4300 4255 3802 4421 4299 3895 4206 4121 4162 4325 3977 4346 4178 4140 4126 4168 4379 4634 4155 4265 4402 4519 3887 4275 4040 4292 4564 4389 4099 3838 4040 4195 4008 3957 4520 4166 4268 4248 4233 4132 4263 4172 4104 4392 4248 4506 3777 4328 4389 4029 4127 4121 4256 4096 4147 3784 4159 3916 4479 4359 4292 4271 4351 4095 4638 4187 4662 3936 4186 4059 4430 3809 4303 4307 4417 4210 3878 4409 4474 4254 4196 4071 3990 3915 3930 4171 4544 4379 4453 4372 4097 4030 4386 4379 4395 4630 4071 4098 4116 4182 4879 4170 4626 3993 4326 4012 4268 4648 4173 3931 4577 4221 4440 4190 
4200 4343 4090 4185 4158 3837 4061 4720 4563 4338 4254 4405 4311 4379 3996 4107 4324 4320 4339 4051 4403 4119 4586 4193 4429 4212 4431 4296 4724 4410 4235 4203 3929 4445 4441 4095 4156 3959 4097 4199 4722 4449 4456 4390 4342 4126 4578 4036 4359 4200 4155 4033 4449 4142 4394 4033 4466 4474 4120 4373 4444 4203 4381 3816 4514 4445 3979 4121 4751 4321 4261 4059 4346 4236 4268 4589 4361 3817 4303 4324 4126 4191 4552 3995 4045 4162 4446 4120 4188 4252 4273 4096 4258 4186 4033 4395 4031 4607 4105 4419 4033 4363 4467 4676 4561 4411 4389 4588 4046 4308 4407 4007 4617 4218 4329 4201 4062 4367 4007 3970 4395 4073 4718 4219 4291 4387 4542 4460 4242 4464 4262 4332 4094 4356 4212 4153 4225 4358 4185 4269 4391 3958 4214 4032 4499 4209 4077 4120 4611 4221 4635 4414 4473 4453 4248 4166 4516 3666 4530 4361 4255 4209 4019 4452 4842 4031 4286 4430 3880 4162 3974 4104 4453 4297 4329 4555 4447 4370 4232 4325 4507 4852 4205 4148 4335 4083 4670 4282 4687 3983 4215 3975 4376 4676 4287 3898 4898 4407 4425 4317 
3920 4119 3666 4043 3876 3527 4209 4415 4150 4273 3756 4023 4030 4139 3874 3978 3960 4166 4025 3885 3821 3883 4255 4088 4507 3868 4112 3906 4636 4168 4066 4122 3765 4238 4160 3891 4119 3831 3983 3724 4417 4160 4115 4020 3946 3979 4017 3805 4070 3800 4257 3746 4231 3789 4018 3970 4136 4147 3882 4184 3860 3990 3908 3584 3955 4253 3748 4028 4175 4203 3998 4023 4117 4004 3962 4047 4115 3775 4093 4265 3945 3881 4319 3826 3902 3874 4135 3696 3870 4235 4159 3826 3950 3964 4032 4515 3840 4100 4033 4139 3684 3940 4228 4411 3972 4221 4000 4328 3811 4219 3880 3840 4296 3906 3904 3757 3928 4047 3952 3877 4429 3769 4125 4051 4038 3918 4334 4273 4061 4302 4099 4193 3855 4270 3981 3876 3949 4195 3896 4017 4252 3659 4224 3859 4391 3948 3977 3926 4129 3842 4480 4073 4265 3888 3969 3834 4241 3580 4064 4193 3963 3999 3902 4158 4250 3826 4051 3968 3711 3786 3904 3970 4198 4252 3925 4100 4127 3982 4188 3930 4445 4303 3813 3850 4078 3847 4464 4095 4308 3940 3812 4117 3829 4425 3996 3878 4484 4079 4252 4226 
3682 4014 3676 3870 3796 3646 3828 4368 3975 4028 3866 3976 3967 4002 3755 3996 4167 4011 3689 3592 4113 3672 3911 3942 4285 4057 3826 4050 4309 4089 4043 3899 3331 3933 4226 3738 3826 3831 3686 3756 4318 3969 4018 4160 3936 3760 3944 4006 3897 3884 3795 3594 4156 3866 3925 3816 3888 3996 3779 4116 3957 3978 3857 3394 4054 4029 3634 3872 4223 3885 3943 3591 3870 3805 4006 4207 3837 3671 3651 4069 3455 3887 4087 3711 3882 4069 4316 3784 3604 3947 3894 3751 4080 3925 3656 4178 3608 3896 4276 3988 3905 3950 4231 4271 4176 4257 4020 3820 3659 3927 4065 3939 4371 4042 3837 4099 3995 4032 3731 3896 4178 3753 3917 4225 3778 3962 4262 4046 3920 4308 3860 3892 3637 4057 4032 3810 3626 3856 3668 4021 4078 3650 3949 3597 3937 3945 3800 3774 4090 3930 4366 3638 4092 3923 3812 3861 3923 3580 4257 4073 3982 4024 4007 3931 4231 4175 4154 4105 3568 3497 3804 3663 4191 3888 4058 4244 4001 3835 3949 3908 4060 4324 3785 3559 3956 3650 4126 3845 4597 3659 4009 3645 3812 4285 3786 3657 4300 4082 4223 3931 
3938 3709 3797 3684 3596 3489 3848 4414 4000 3783 3625 3966 3999 3851 3892 3834 3965 4049 3808 3270 3812 3815 4080 3736 4198 3864 3993 3867 4095 4107 4053 3928 3670 3968 4126 3750 3739 3699 3711 3643 4267 3868 3752 3926 3774 3740 3919 3848 4127 3708 3551 3723 3831 3750 3940 3452 3881 3884 3690 4158 3951 3860 4008 3601 3861 4174 3510 3778 3910 3846 3855 3875 4001 3953 4097 3948 3604 3802 3871 4231 3760 3968 3905 3553 3937 3593 4082 3749 3653 3939 3874 3713 3811 3805 3883 4108 3747 3827 4072 3860 3726 3831 3952 4060 4131 4047 3915 3847 3565 4021 4254 3481 4294 4132 3801 3603 3636 3651 3785 3803 4050 3765 3956 3942 3774 3652 3805 3878 3947 3838 3953 3925 3645 3773 4056 3539 3808 3836 3752 3733 3742 3418 3909 3859 4018 3889 3658 3786 3970 3664 4089 3587 4203 3866 3811 3834 3923 3524 4084 3903 4159 3858 3736 3754 4231 3952 3954 4045 3503 3367 3643 3824 4008 3780 4166 4114 3812 3803 3976 3769 4220 4171 3792 3758 3941 3767 4185 3956 4179 3601 3953 3868 3893 4050 4020 3683 4138 3979 4154 3878 
3890 4019 3735 4040 3995 3645 4074 4431 4092 4331 4015 3840 4150 4295 3871 4035 4193 4151 4100 3649 3976 3600 4016 3952 4542 3789 4144 3990 4403 4205 4012 4206 3785 4155 4019 3863 4063 3686 3846 3973 4551 4080 3895 4153 3984 4052 4075 3836 3972 3878 4082 3789 4324 3914 4064 3857 4096 4288 3921 4177 4058 3831 4263 3486 3947 4121 3869 4112 3899 4056 4038 3901 3966 3934 4398 4162 3894 3741 4012 4177 3947 3860 4084 3626 4205 4033 4198 4143 3914 4188 4146 3844 4241 3693 4000 4412 4003 3855 4081 4128 3978 4099 4070 4412 4254 4108 4298 4264 3796 4208 3889 3711 4461 3953 4225 3993 3879 4104 4010 3771 4321 3785 4150 4159 4025 3920 4202 4256 3977 4229 3857 3982 3864 4109 4141 3785 3795 4183 3995 3850 4143 3597 4089 3870 4208 4002 3821 4070 4031 3721 4259 4079 4442 3790 3976 3936 4250 3554 3943 4284 3956 4110 4099 4000 4313 3975 4284 4027 3827 3745 3967 3890 4248 4074 4251 4217 3996 3908 4262 4218 4368 4412 4006 3772 4125 3955 4309 4173 4357 3712 4138 3931 3998 4320 4108 3905 4449 4134 4103 4017 
4001 4394 4095 4229 4342 3811 4370 4545 4509 4221 4254 4400 4548 4442 4277 4443 4644 4537 4250 4033 4307 4298 4472 4515 4581 4232 4642 4622 4824 4712 4559 4520 4118 4513 4585 4214 4479 4184 4287 4199 4884 4521 4433 4537 4176 4314 4548 4128 4382 4140 4469 4090 4615 4186 4343 4179 4498 4301 4164 4417 4511 4306 4399 3876 4379 4481 4101 4157 4550 4352 4260 4184 4373 4262 4166 4804 4344 4137 4324 4520 4027 4080 4528 4349 4406 4421 4938 4367 4217 4426 4317 4135 4467 4333 4370 4643 4331 4419 4690 4541 4268 4379 4429 4736 4539 4409 4607 4528 4088 4390 4325 4363 4738 4483 4469 4466 4136 4483 4218 4189 4852 4289 4345 4549 4296 4294 4482 4506 4488 4641 4290 4434 4259 4305 4630 4161 4188 4594 4539 4254 4582 3912 4280 4398 4426 4474 4348 4370 4114 4417 4779 4331 4671 4291 4225 4088 4691 3959 4699 4549 4432 4523 4403 4347 4625 4551 4688 4571 4139 4025 4240 4459 4903 4407 4563 4612 4478 4337 4566 4429 4572 4767 4161 4126 4353 4328 4694 4559 4947 4363 4233 4292 4361 4784 4544 4069 4736 4663 4577 4540 
3783 4407 4068 4333 4357 3796 4111 4431 4477 4240 4327 4169 4344 4423 4287 4357 4252 4391 4290 3877 4127 3849 4238 4128 4481 4182 4289 4191 4638 4439 4170 4408 4090 4375 4348 4085 3879 4024 4213 4056 4390 4421 4344 4251 4288 4383 4371 4083 4520 4168 4328 3897 4588 3858 4466 4058 4225 4326 3975 4314 4410 4422 4327 3830 4059 4255 3958 4186 4437 4366 4231 3978 4300 4109 4321 4395 4199 3793 3910 4427 3623 4144 4593 3962 4049 4119 4359 4081 3860 4299 4296 4048 4231 4174 4136 4433 3943 4320 4358 4222 3906 4306 4252 4530 4522 4154 4386 4510 3733 4374 4111 4171 4587 4154 4316 4111 4146 4259 4180 3985 4393 3863 4442 4331 4364 4213 4417 4166 4185 4496 4258 4176 3776 4369 4456 4066 4248 4364 4307 4133 4495 3816 4296 3997 4281 4382 4064 4102 4277 4271 4541 4348 4627 4121 4261 4103 4532 3924 4522 4422 4461 4301 4195 4135 4637 4307 4242 4469 3815 4033 4129 3945 4429 3944 4424 4298 3992 4118 4431 4271 4460 4740 4031 4077 4345 3952 4599 4398 4712 4237 4294 4079 4417 4617 4198 4200 4785 4457 4475 4441 
3904 4115 4213 4166 4342 3884 4367 4744 4461 4191 4090 4365 4415 4576 4009 4373 4491 4324 4087 4041 4279 4025 4530 4296 4688 4002 4432 4331 4714 4448 4401 4263 4092 4438 4270 4205 4289 4036 4228 4067 4584 4368 4292 4369 4248 4353 4656 4081 4512 4052 4387 4065 4624 3936 4357 4008 4394 4392 4091 4488 4390 4147 4318 4041 3978 4336 3901 4162 4200 4616 4241 4259 4262 4233 4191 4537 4363 4025 4255 4789 4167 4041 4377 4126 4169 4128 4592 4246 4286 4509 4409 4055 4341 4162 4097 4663 4070 4345 4363 4398 4128 4161 4418 4678 4544 4279 4380 4454 4018 4558 4374 4101 4912 4366 4253 4204 4293 4461 4109 4041 4625 4195 4454 4378 4281 4265 4628 4452 4389 4372 4104 4289 3938 4583 4433 4073 4174 4395 4369 4380 4354 4155 4131 3940 4590 4665 4133 4267 4499 3938 4772 4161 4491 4278 4278 4046 4616 3860 4468 4462 4442 4337 4266 4248 4537 4224 4273 4527 3682 4093 4053 4126 4352 4361 4346 4506 4374 4238 4509 4299 4509 4849 4157 4185 4297 4103 4471 4369 4488 4268 4214 4310 4181 4728 4080 4100 4676 4392 4605 4262 
3810 3946 3986 3950 4138 3537 3757 4492 4341 3900 3936 3957 4190 4307 3934 4026 4243 4230 3945 3753 4260 3923 4216 4066 4496 4023 4309 4279 4483 4280 4046 4100 3921 4256 4087 3805 3880 3876 3846 3824 4520 4393 4026 4268 4007 4038 4167 3839 4127 3759 3858 3723 4186 3815 3946 3759 3979 4216 4010 4247 4095 3773 4054 3680 4100 4188 3646 4275 4297 4243 4222 3928 4129 4036 4029 4330 3918 3759 3871 4366 3680 4004 4366 3949 3963 4191 4354 3972 3739 4315 4175 3867 4144 4141 3909 4312 3876 4038 4052 3911 3940 3918 4210 4456 4217 4136 4217 4192 3677 4348 4171 3974 4491 4344 3905 3935 4116 3975 4140 4009 4249 4007 4088 4379 4267 4150 4239 3957 4183 4294 4064 3952 3892 4146 4137 3887 4055 4053 4099 4106 4182 3774 4066 4107 4114 4300 3974 3848 4238 3920 4643 3966 4298 4115 3846 4145 4107 3619 4428 3933 4255 4229 3993 4123 4401 4418 4078 4123 3733 3816 4049 4056 4151 3980 4216 4364 4205 3948 4057 4140 4336 4587 4005 3850 4010 3863 4326 4006 4564 3988 4164 3856 4103 4335 4270 3909 4363 4307 4363 4277 
4008 4272 4073 4053 4123 3669 4022 4368 4225 4032 4319 4217 4266 4119 4011 4199 4526 4421 4127 3907 4057 4080 4165 4331 4450 4219 4345 4154 4412 4421 4129 4058 3931 4223 4224 3999 3959 3813 3866 3901 4624 4356 4230 4200 4226 3808 4241 4274 4252 3901 4107 4017 4193 3805 4202 3819 4231 4226 3913 4311 4131 4168 4215 3666 4115 4185 3758 3957 4485 4020 4135 4031 4209 4068 4064 4427 3952 4008 4148 4171 4240 3875 4216 3839 4081 4219 4280 4265 3835 4188 4403 4018 4125 4085 3910 4553 4022 4071 4279 4194 3836 3984 4280 4503 4312 4277 4268 4326 3884 4252 4187 4091 4721 4304 3914 4269 4165 3940 4192 4047 4558 3829 4087 4396 4266 4116 4464 4290 4514 4449 4075 4052 3968 4253 4312 3977 3952 4033 4114 4013 3993 3678 4125 3906 4175 4269 4060 4175 4220 4056 4322 4336 4335 4001 3992 4235 4366 3742 4038 4161 4291 4129 3956 4200 4305 4285 4304 4327 3826 3927 4032 3833 4519 4153 4302 4254 4073 3999 4493 4149 4372 4696 3823 3894 4307 3885 4522 4098 4644 3996 4139 3951 4148 4481 4223 3634 4576 4439 4307 4369 
3957 4235 3933 3950 4394 3778 4184 4560 4267 4215 4074 4160 4301 4161 4285 4251 4216 4458 4144 3950 3994 4102 4356 4220 4319 4311 4374 4391 4558 4446 4206 4250 3633 4470 4268 3875 3996 3803 3949 4156 4552 4248 4118 4333 3980 4140 4423 4110 4430 4043 4097 4040 4648 3995 4134 3824 4368 4241 3840 4554 4243 4274 4339 3730 4250 4127 4042 4338 4457 4281 4359 4121 4168 4119 4280 4534 4157 4077 4222 4503 3823 4180 4277 4075 4076 4150 4228 4297 4329 4070 4107 4015 4114 4193 4415 4535 4134 4238 4445 4176 4087 4135 4130 4225 4101 4553 4394 4392 3849 4280 4642 3962 4576 4222 4164 4112 3985 4425 3990 3869 4518 4119 4478 4119 4147 4168 4126 4259 4263 4421 4186 4222 4083 4392 4332 4127 4122 4255 4348 4155 4448 4042 4223 3989 4418 4246 4297 4157 4198 4049 4339 4067 4480 4195 4265 4101 4468 3690 4104 4346 4295 4002 4095 4238 4553 4137 4230 4274 3869 3902 4043 4228 4473 4349 4380 4309 4244 4145 4386 4261 4502 4726 4240 4152 4179 3961 4523 4392 4482 4183 4171 4233 4286 4487 4233 4081 4491 4546 4456 4283 
3565 3629 3472 3634 3573 3312 3572 4036 3987 3534 3848 3922 3714 3788 3570 3949 3596 3721 3593 3625 3696 3498 3828 3842 4068 3603 3960 3785 4226 3736 3841 3811 3239 4063 3543 3628 3700 3344 3718 3339 3948 3897 3737 3556 3865 3468 3691 3580 3757 3483 3550 3527 3985 3434 3510 3067 3770 3750 3617 3711 3884 3593 3644 3461 3448 3762 3251 3690 3717 3957 3565 3593 3729 3724 3611 4115 3753 3622 3803 3932 3611 3524 3926 3525 3571 3735 4062 3678 3638 3549 3736 3616 3679 3561 3645 3728 3493 3740 3735 3880 3597 3823 3845 4230 3770 3774 3865 3839 3729 3749 3903 3584 4201 3708 3901 3685 3522 3828 3857 3612 3921 3595 3775 3928 3637 4070 3803 3569 3718 3845 3894 3686 3510 3554 3720 3632 3844 3890 3702 3677 3737 3515 3504 3415 3801 3878 3644 3626 3725 3555 3899 3603 4035 3825 3747 3556 4006 3417 3755 3665 3465 3733 3765 4085 3829 3706 3824 3752 3305 3435 3675 3684 4039 3679 3667 3817 3668 3636 3780 3828 3713 4216 3643 3687 3540 3555 4024 3787 4407 3644 3685 3596 3664 4239 3856 3487 4289 3851 3816 3677 
3882 4141 3939 3949 3926 3623 3633 4590 3881 4040 4034 4197 4241 4192 3863 4234 4265 4366 4113 3822 4015 3861 4275 4277 4458 4205 4047 3978 4562 4458 4229 3792 3917 4340 3866 3706 4129 3944 3941 3832 4486 4109 3939 4250 4064 4020 4204 3864 4039 4001 4113 3828 4184 3927 4012 3940 3979 3989 3957 4191 4109 4007 4178 3627 4052 4064 3612 4094 4304 4192 4163 3937 4220 3880 4026 4315 4245 3897 3918 4077 3810 3997 4158 3893 4031 4057 4300 4137 4038 4041 3990 3952 4118 3948 4109 4274 4083 3923 4226 3970 3699 3964 4027 4483 4248 4256 4346 4230 3885 4265 4346 3924 4584 4246 4064 3826 4143 4427 3993 3717 4318 3809 4111 4396 3965 4133 4157 4301 4069 4096 4052 4005 3885 4023 4125 3881 4134 4189 4149 4047 4025 3602 4026 4148 4367 4240 3927 4110 4281 3789 4481 3979 4331 3990 3978 3957 4235 3610 4072 4023 4124 4193 4079 4147 4342 4120 4332 4347 3984 3710 4197 4201 4385 3956 4479 4356 4032 4011 4271 3936 4456 4317 3983 3864 4132 3964 4248 4022 4394 3961 4204 3896 4027 4288 4024 3679 4539 4451 4461 4061 
3838 3781 3737 3676 3644 3462 3709 4027 3912 3872 3884 3833 3811 3964 3749 3815 4037 3967 3844 3537 3683 3616 3856 3890 3858 3718 3867 3706 3857 3903 3802 3829 3454 3929 3678 3520 3581 3644 3723 3501 4032 3734 3838 3828 3864 3584 3717 3534 3770 3426 3806 3390 3870 3495 3715 3446 3823 3805 3464 3862 3818 3709 3969 3031 3806 3824 3575 3705 4010 3795 3836 3488 3721 4009 3963 3993 3623 3513 3532 3940 3439 3684 4060 3550 3498 3832 3747 3865 3644 3562 3824 3798 3798 3587 3573 4035 3699 3587 3664 3731 3716 3826 3675 4030 3844 3965 3783 3808 3529 3936 3799 3566 4129 3814 3739 3709 3535 3740 3432 3788 4185 3683 3961 3811 3675 3738 4071 3945 3827 3883 3826 3866 3640 3638 4020 3610 3862 3800 3903 3737 3959 3591 3703 3639 3883 4007 3556 3941 3609 3774 4177 3973 3833 3676 3663 3567 4162 3406 3681 3718 3758 3761 3771 3841 3807 3671 3605 4074 3603 3504 3795 3786 4224 3725 3885 3934 3836 3560 3961 3708 3741 4152 3750 3751 3778 3406 3894 3760 4236 3722 3831 3644 3927 4084 3852 3546 3870 3946 4004 3838 
3781 3901 3308 3572 3937 3535 3881 4249 3952 3913 3800 3898 4052 3935 3703 3946 4158 4046 3997 3515 3405 3726 3853 3877 4178 3469 4072 3934 4179 4236 4042 4087 3675 3996 3945 3570 3759 3539 3803 3606 4336 3989 3946 4248 3982 3724 3545 3769 3932 3620 3890 3375 3990 3601 4008 3821 4035 3784 3741 3972 3907 3688 3960 3186 3798 4133 3749 4234 3925 4038 3893 3690 3957 3801 3873 4027 4033 3797 3815 4034 3733 3817 3891 3736 3800 3922 4020 3761 3676 4106 3820 3614 3881 3665 3875 4375 3869 3892 4074 3686 3748 3971 3748 4307 3813 3764 3956 4318 3547 3976 3999 3698 4495 4009 3853 3674 3734 4108 3619 3791 4178 3759 4020 4104 4021 3772 4076 3780 3981 4209 3884 3892 3722 4024 4068 3840 3907 3958 4027 4051 3983 3477 4123 3532 4114 3841 3821 3755 3932 3859 4573 3857 4209 3726 3900 3824 4063 3646 4110 3907 3913 4100 3771 3933 4192 3871 3887 4020 3799 3668 3681 3912 4175 4032 3883 4006 3842 3792 4032 3884 4160 4270 3496 3568 3888 3658 4164 4003 4188 3796 3821 4150 3787 4093 3666 3804 4574 3972 4055 4089 
3686 3930 3870 3913 3865 3676 3918 4476 4208 3977 3960 4134 4203 4046 3984 4050 4141 4174 3892 3597 3939 3953 4087 3950 4148 4001 4258 4192 4313 4166 3989 3964 3894 4216 4198 3787 3850 3864 3747 3700 4396 3989 4084 4358 4106 3967 3806 3862 4068 3928 3809 3856 4158 3784 3915 3690 4066 4032 3913 4236 4225 4040 4150 3333 4000 4108 3727 4151 4248 4056 4052 3860 4198 4181 4136 4253 3744 3852 3804 4120 3775 3909 4164 3670 3960 3955 4275 3533 3733 4206 3915 4044 4330 3943 3908 4450 3840 4171 4118 4062 3941 4064 4219 4533 4251 4139 4267 4164 3618 4237 4214 3754 4547 4026 4026 3913 3996 4052 3925 4047 4267 3818 4163 4129 4058 4014 4233 4150 4099 4155 4228 4039 3981 4139 4169 3755 4071 4187 4016 3808 3929 3657 4267 3811 4211 4193 3959 4082 4036 3790 4470 4184 4506 3844 3961 4083 4266 3623 4186 4112 4111 4118 4061 4005 4255 3992 3948 4258 3769 3688 4001 3850 4329 3991 4018 4437 4104 3733 4010 3876 4210 4557 3914 3922 3948 3822 4373 4122 4587 3738 3985 3951 3965 4223 4050 3712 4591 4091 4214 4140 
3501 3980 3678 3786 3819 3514 3863 4018 3886 3692 3693 3941 3967 3817 3798 3817 4116 4342 3940 3530 3979 3810 3916 4060 4178 3891 4054 4012 4177 4164 3901 3873 3454 4201 4048 3916 3824 3605 3624 3772 4225 4029 3958 4039 3870 3857 4109 3905 4055 3677 3841 3743 4074 3473 3956 3511 3938 3933 3603 3993 3953 3796 3944 3611 3950 3837 3830 3876 4041 4011 4034 3654 3845 3852 3933 4111 3648 3471 3839 3962 3572 3825 4180 3803 3929 3830 3896 3873 3870 3940 3890 3610 3800 3916 3862 4280 3854 3979 3942 3674 3760 4046 4014 4111 4017 4031 4124 3947 3508 3928 3919 3951 4360 3867 4018 3809 3811 3795 3819 3831 4159 3735 4039 4058 3946 3801 4003 4123 3995 3987 3956 3880 3602 3948 3973 3591 3962 3984 3788 3720 3971 3515 3917 3645 3987 4101 3983 3873 3823 3731 4276 3626 4139 3981 3790 3829 4169 3494 3994 4108 3917 3885 3741 3724 4193 3977 3914 4167 3657 3585 3703 3733 4240 3891 3957 4084 4012 3757 3932 3848 4125 4499 4075 3741 3946 3964 4054 3719 4376 3959 4092 3874 4087 4228 4086 3584 4198 3994 4161 3855 
3671 4121 3796 3951 4006 3658 3842 4408 4050 3932 3988 4055 3929 4125 3890 4112 4130 4090 3927 3669 4054 3848 4199 3884 4014 3822 3883 3986 4590 4093 4124 4155 3531 3820 4020 3967 4039 3839 3897 3907 4424 4037 4055 4049 3746 3875 4063 3647 4118 3906 4023 3827 4163 3741 4068 3775 3590 3879 3876 3976 4131 4030 4153 3549 4154 4067 3773 3864 4234 3965 3815 3799 4122 3977 4042 4275 3797 3433 3815 4082 3792 4006 4106 3747 3669 4026 4108 3988 3991 4024 4108 3726 4056 4005 3734 4093 3780 4199 3976 4013 3808 4190 4058 4500 3985 3966 4074 4086 3499 4086 4135 3831 4525 4285 3997 3833 4090 3832 3864 3940 4145 3789 4022 4224 3933 3966 4548 4071 3929 4077 4003 3931 3832 4212 4253 3833 4010 3969 3833 4126 3950 3595 3876 3825 4275 4133 3662 3844 3943 3870 4421 4045 4188 4106 4199 3843 4062 3434 4221 4276 4161 3854 4026 3990 4424 3837 3973 4183 3722 3780 3817 3792 4216 4006 3987 4139 3990 3813 4080 4118 3930 4403 3911 3863 3843 3756 4298 3960 4300 3653 3999 3967 4064 4350 3929 3646 4376 4059 4125 3966 
3980 3987 3841 4143 4007 3858 3984 4627 4351 4188 4078 4149 4369 3963 3865 4124 4219 4243 4160 3801 4020 3641 4222 4003 4381 3879 4215 4081 4530 4428 3900 4045 3884 4263 4242 3867 4005 3778 3988 3959 4343 4172 4009 4178 3895 3912 3988 3803 4140 3818 4013 3766 4400 3894 4145 3510 4119 4169 3793 3981 3950 3961 4237 3756 3986 4249 4046 4084 4353 4149 4017 4096 3955 4001 4089 4436 4166 3877 4291 4226 3928 3799 4341 4037 3955 3834 4273 4223 4054 4024 4144 3878 4073 3853 4091 4566 3884 4177 4175 4038 3919 4237 4020 4420 4391 4095 4032 4229 3872 4192 3993 3992 4790 4054 4064 3876 3991 3920 4093 4103 4262 3948 4292 4047 4247 4010 4320 4266 4304 4212 4396 3874 3843 4086 4287 4015 4100 4194 4087 3915 4372 3812 4206 3759 4137 4229 4053 3982 4123 4116 4372 3884 4427 4090 4141 4122 4344 3715 4191 4156 4215 4002 4144 4254 4446 3927 4150 4311 3660 3829 3823 3870 4535 4046 4102 4472 4445 4063 4248 4011 4317 4686 3940 3945 4310 3992 4337 4340 4265 4130 4021 4204 4185 4214 3997 3784 4608 4325 4188 4165 
3959 4078 4059 3968 3984 3684 4110 4420 4105 4240 4116 4186 4036 4208 3980 4231 4357 4193 4039 4013 3906 3889 4197 4266 4291 3950 4096 4214 4513 4410 4188 4099 4066 4258 4239 4119 4383 3903 4017 3882 4419 4225 4153 4085 4171 3943 4060 3911 4136 3749 4131 4038 4349 3837 4300 3796 4094 4140 3857 4254 4193 4038 4068 3536 4342 4253 4004 4024 4295 4135 4090 4160 4127 4272 4173 4253 4154 3889 4122 4514 3961 4039 4304 3877 3826 4154 4074 4088 3965 4215 4301 4095 4222 3953 4038 4409 4053 4087 4142 4152 3883 4343 4148 4351 4229 4167 4422 4543 3762 4386 4218 3753 4539 3951 4126 3972 4018 4101 3937 4013 4382 3846 4278 4241 4046 4066 4473 4307 4174 4175 4219 4056 4004 4218 4267 3898 4067 4282 4062 4001 4217 3673 4206 4081 4357 4147 4177 4099 3962 4144 4525 4036 4397 4131 4006 4084 4406 3685 4181 4396 4263 4144 4036 4009 4503 4027 4167 4414 3675 3947 4031 3793 4453 3799 4171 4333 4133 3884 4465 4156 4227 4652 3971 4049 4257 3828 4269 4349 4608 4025 4092 4414 4351 4199 4138 3724 4647 4176 4120 4252 
3840 4092 3708 3747 3885 3611 4041 4383 4109 4113 3711 4023 4115 3966 3794 4103 4011 4107 3898 3749 3923 3896 4203 4048 4369 3937 4148 4022 4314 4154 4068 3985 3491 4184 4153 3891 3961 3462 3597 3858 4252 4159 4061 4082 4025 3792 3968 3727 4127 3849 4033 3703 4185 3795 4107 3714 3981 4010 3752 4141 4071 3991 3900 3663 4148 3986 3719 4017 4257 4088 4182 3897 3793 3903 4007 4241 4071 3881 3848 4355 3831 3844 4128 3674 3775 3868 4080 3946 3999 3922 4165 3812 3947 3833 3885 4251 3779 3960 4205 4082 3764 3944 3879 4187 4194 4325 3898 4356 3710 4173 4053 3784 4193 4000 3779 3757 3865 3956 3793 3874 4291 3831 4235 3992 3995 3983 4270 4140 4068 4122 3975 3913 3713 4243 4173 3705 4006 4173 3961 4037 4220 3609 4171 3708 4170 3970 4095 3906 3885 3814 4338 3972 4277 4168 3937 3770 4352 3615 4278 4058 3986 4017 3722 4106 4257 3907 3793 4149 3560 3776 3884 3760 4358 3970 4040 4013 4257 4003 4127 3837 4247 4545 3807 3954 4044 3722 4343 4214 4341 3685 3888 3792 3847 4341 4075 3636 4337 4091 4219 4158 
3865 3955 3637 3616 4003 3639 3732 4419 3909 4045 3763 3959 3796 4047 3953 4162 4302 4186 3787 3614 3794 3760 4078 4095 4154 3743 3875 4126 4174 4219 4039 3982 3754 4144 3900 3771 3722 3919 3771 3761 4323 3921 3945 4051 3897 3914 3823 3753 4212 3917 3792 3615 4090 3732 3917 3658 4016 4197 3489 3986 3952 4069 4170 3349 4228 3948 3642 4279 4284 4055 3928 3949 3910 4105 3928 4069 4023 3706 3772 4246 3549 3676 4191 3982 3930 3915 4066 3936 3795 4078 3872 3906 3979 3615 3843 4028 3840 4113 4196 3951 3687 4005 3935 4334 3928 4154 4143 4069 3515 4074 4424 3589 4466 4090 3919 3882 3808 3874 3683 3941 4054 3776 4103 4216 4006 3957 4024 4172 3949 4215 3958 3973 3891 3999 3998 3779 3900 4053 3688 4050 3885 3677 3844 3625 4106 4219 3947 4133 4076 3929 4341 3838 4216 3847 4061 3946 4048 3384 4157 3925 3838 3873 4025 3872 4250 3986 3829 4356 3681 3741 3837 4024 4261 3834 4094 4222 4014 3638 4092 3927 4315 4429 3954 3797 3955 3587 4363 4142 4113 4027 3910 3936 3805 4172 4040 3584 4304 4012 4113 4116 
3760 3968 3801 3743 3908 3665 3819 4288 3977 4015 3802 4095 4029 4122 3947 3990 4244 4251 3886 3660 3708 3848 4115 3976 4377 3788 4095 4143 4149 4072 4043 3817 3790 3999 4139 3941 3674 3636 3793 3655 4409 3900 4063 4357 4069 4023 4041 3853 4102 4060 3803 3708 4060 3860 4240 3637 4132 4055 3569 3888 3993 4077 4149 3482 3884 4027 3612 4056 3946 4045 4022 3896 3881 3847 3885 4245 4221 3796 3909 4229 3811 3723 4126 3893 3782 3970 4195 3690 3928 4137 3874 3921 4053 3743 3898 4094 3937 3939 4171 3940 3725 3871 4041 4430 4018 4165 4108 4123 3600 4139 4097 3820 4475 3915 3867 3871 3803 3812 3825 3802 4192 3790 4102 4197 4098 3959 4099 3928 3958 4054 3884 4012 3857 4143 4099 3733 3897 3967 3837 3812 3913 3733 3813 3706 4353 4229 4051 4158 4196 4017 4256 3999 4218 4074 3906 3894 4080 3324 4180 4193 3846 4139 4026 3906 4212 3858 3925 3997 3684 3667 3924 3993 4200 3885 3911 4080 3830 3829 4001 3772 4209 4400 4005 3825 4030 3726 4272 4055 4202 3870 4055 3738 3945 4194 3974 3581 4576 4218 4102 4071 
3491 3916 3703 3606 3710 3406 3729 4195 3828 3552 3636 3873 4048 3661 3806 3840 3762 3794 3786 3574 3558 3565 4050 3880 4005 3824 4098 3756 4104 4033 3910 3873 3489 4020 3835 3750 3864 3485 3717 3635 4006 3979 3945 3871 3857 3594 3932 3642 4106 3411 3763 3628 3896 3617 3773 3536 3619 3897 3557 3915 3821 3784 3976 3468 3712 3944 3528 3632 4095 3947 3741 3682 3816 3746 3730 3963 3631 3565 3633 3856 3730 3804 4084 3720 3653 3697 4074 3735 3799 3686 3849 3581 3503 3790 3647 4171 3502 3879 3817 3875 3629 3862 3853 4060 3890 4002 3869 4006 3507 3867 3771 3740 4246 3752 3706 3696 3841 3817 3973 3700 4088 3896 3852 3838 3772 3890 4304 3997 3883 3850 3911 3893 3448 3912 3934 3519 3865 3783 3578 3696 3723 3506 3758 3670 4038 4076 3739 3808 3686 3707 4197 3696 4134 3816 3815 3637 4309 3472 4018 4063 4186 3718 3897 3866 4108 3565 4005 4042 3348 3566 3666 3747 4076 3731 3680 3934 3887 3575 3995 3889 3955 4220 3784 3842 3769 3619 4072 3925 4236 3574 3760 3853 3770 4083 3840 3783 3874 3753 3874 3972 
4097 4072 4105 4049 3893 3718 4070 4469 4174 4044 3974 4212 4429 4141 4017 3914 4501 4303 3987 3564 4027 3887 4232 4283 4355 3971 4195 4170 4406 4174 4379 4179 3760 4371 4240 4193 4001 3765 3806 3910 4556 4304 4242 4289 4103 3852 4199 3998 4169 4071 4337 3954 4200 3658 4007 3766 3898 4178 3903 4283 4035 4097 4145 3746 4157 4046 3776 4052 4350 4072 4152 3958 3987 4216 4099 4559 4094 3746 3941 4314 3932 3829 4017 3816 3940 4129 4359 3899 4058 4229 4283 4007 4213 3930 4044 4153 4063 4255 4237 4134 3927 4147 4239 4386 4056 4094 4328 4304 3789 4214 4084 4086 4421 4138 4108 4054 3882 3944 3890 4142 4621 3941 4276 4190 4140 4162 4273 4298 4181 4223 3988 4141 3988 4333 4174 3711 4310 4128 4215 4019 4033 3710 4017 3844 4203 4337 3985 4307 4358 3951 4576 4098 4678 3871 4095 3892 4263 3800 4107 4270 4339 4213 3986 4140 4355 4006 4085 4169 3719 4005 3993 4067 4398 4086 4363 4466 4136 3835 4383 4122 4321 4527 4186 4096 4198 4051 4643 4336 4516 4041 4111 4248 4198 4478 4038 3679 4502 4166 4147 4159 
3686 3981 3625 3658 3893 3656 3677 4263 3960 3963 3905 3849 3986 4042 3757 3802 4124 3944 3891 3588 3880 3748 4049 3933 3978 3811 4000 3731 4355 4137 4165 3911 3468 4122 3900 3979 3911 3601 3551 3638 4077 3900 3799 4093 3898 3630 3972 3953 4011 3631 3894 3516 4047 3579 3898 3712 3670 3985 3782 4102 4007 4018 3906 3461 3718 3883 3454 3769 4107 3920 3994 3804 3923 3920 3899 4019 3779 3496 3631 4210 3660 3834 4133 3595 3855 3732 4055 4019 3843 3815 3837 3685 4006 3748 3876 4133 3891 3892 4299 3859 3529 3915 3930 4129 3985 4052 3916 4093 3795 3882 3979 4011 4373 3934 3622 3756 3845 3990 3723 3757 4356 3879 3982 3964 3893 3990 4065 4209 3875 4121 3774 3676 3655 4029 3943 3703 3828 3743 4100 3908 4115 3497 3880 3723 3904 3956 3569 3875 4014 3833 4195 3965 3925 3728 3960 3921 4019 3421 4093 3886 3876 3799 3597 4094 4269 3804 3806 3953 3551 3425 3990 3855 4194 3886 3950 4175 4104 3708 4091 3836 3980 4347 3948 3770 4064 3608 4163 4044 4433 3798 3990 3812 3819 4300 3776 3682 4025 4048 4192 3953 
4050 4140 3965 4102 4123 3823 4139 4586 4217 4067 3978 4305 4366 4326 4026 4370 4282 4313 3953 3908 4282 3870 4178 4273 4641 4013 4362 4202 4417 4321 4252 4121 3911 4388 4245 4089 4012 3946 3978 3942 4435 4416 4236 4258 4101 3921 4260 4161 4199 4116 4055 4001 4223 3886 4550 3573 4247 4001 3976 4171 4181 4215 4088 3627 4036 4183 3867 4059 4281 4242 4174 4045 4340 4015 4335 4428 4114 3907 4249 4416 3963 3990 4285 3937 3783 4233 4177 4178 3980 4396 4323 4141 4471 4119 4026 4342 3893 4157 3943 4216 3987 3979 4116 4496 4327 4247 4151 4311 3799 4476 4097 3980 4798 4331 4264 4024 4106 3855 3960 4102 4517 3982 4502 4212 4278 4335 4492 4271 4295 4501 4147 4237 4018 4160 4278 3744 4173 4296 4154 4279 4326 3504 4110 3991 4265 4353 4182 4317 4098 4106 4507 4029 4663 4057 4162 3996 4508 3607 4414 4373 4434 4429 4170 4248 4570 4392 4163 4288 3762 4035 4014 3856 4469 4128 4218 4391 4014 4047 4399 4161 4367 4736 4265 3973 4268 4005 4544 4069 4512 4207 4200 3971 4375 4445 4068 3969 4663 4334 4175 4151 
4011 4056 3832 3913 3936 3664 3890 4265 4161 3975 3997 3994 4152 4061 3928 3977 4124 4078 4123 3726 4103 3858 4424 4074 4404 3769 4016 4220 4366 4252 4012 4105 3725 4212 4310 4071 3988 3599 3883 3825 4522 4118 4062 4075 4137 4082 4010 4018 4335 3687 3846 3742 4206 3866 3898 3487 4159 4128 3747 4123 3949 3957 4106 3720 4088 3990 3889 3921 4242 4173 4053 3687 4137 4034 4229 4241 4211 3854 3932 4278 3723 3884 4296 3711 3881 3989 4099 3894 4024 4072 4248 3818 3991 3932 3854 4333 3986 3943 3860 3871 3931 4042 3896 4220 4157 4101 4156 4129 3643 3986 3986 4013 4503 4051 4104 4084 3892 4019 4003 4068 4425 4032 4223 3993 4137 4109 4220 4252 4388 4023 4006 4158 3701 4020 4182 3940 3823 4022 3807 3932 4052 3714 4064 3819 4195 4167 3801 4012 4170 4207 4432 3986 4358 3989 4262 3670 4367 3522 4045 4447 4183 4114 4053 4103 4201 3910 3943 4091 3648 3772 3986 3786 4297 3871 4031 4289 4176 3966 4120 4147 4062 4447 3910 3803 3921 3926 4228 4014 4423 4030 4083 3969 4152 4431 4158 3873 4447 4310 4250 4049 
3586 3797 3625 3909 3810 3266 3726 4154 3840 3866 3742 3875 3839 3840 3682 3693 3851 3983 4005 3432 3622 3632 4058 3778 4101 3822 3885 3857 4075 3998 3768 3782 3542 3873 3808 3574 3747 3366 3709 3705 4215 3801 4038 4061 3970 3725 3901 3666 3992 3689 3663 3596 4028 3584 3830 3669 3807 3839 3765 3827 3833 3557 3803 3695 3790 3811 3453 3765 3952 3866 3640 3704 3895 3882 3933 3975 3905 3506 3655 3813 3324 3683 4110 3659 3698 3840 4009 3684 3644 4025 3777 3890 3741 3706 3522 4052 3587 4030 3914 3730 3694 3819 3899 4123 4169 3835 3890 3963 3615 3812 3973 3484 4208 3724 3955 3843 3562 3821 4004 3708 4176 3582 3990 3984 3861 4052 3998 4091 3912 4121 3640 3476 3673 3904 3944 3603 3754 3663 3585 3672 3946 3609 3723 3615 4079 3914 3687 3810 3996 4018 4135 3755 4027 3807 3712 3723 4029 3424 3999 4053 4059 3769 3822 4162 4215 3681 3913 3880 3387 3698 3687 3438 4112 3709 3986 4127 3718 3769 3891 3984 4044 4253 3624 3552 3828 3434 4149 3677 3995 3596 3816 3671 4019 4150 3842 3557 4282 4043 3984 3831 
3767 3798 3699 3542 3711 3373 3727 4184 3927 3869 3687 3723 3886 3937 3841 3720 3867 4212 3914 3472 3688 3659 3828 3769 3864 3857 3995 3925 4365 3854 3944 3816 3455 3688 3959 3682 3696 3506 3659 3463 4276 3753 3795 3878 3555 3549 3902 3681 3807 3483 3689 3354 4017 3504 3990 3520 3779 3793 3480 3838 3905 3606 3921 3405 3806 3914 3535 3754 4118 3876 3708 3641 3872 3577 3822 4077 3870 3561 3766 3941 3543 3795 4070 3610 3793 3593 3973 3742 3462 3819 3577 3557 3710 3499 3805 4036 3575 3891 3952 3728 3440 3798 3923 3966 3977 4048 3854 4152 3343 3795 3982 3703 4306 4010 3738 3685 3562 3610 3890 3734 4017 3648 3874 3826 3877 3845 3903 3774 3557 3921 3912 3823 3544 3928 3922 3624 3691 3798 3834 3844 3910 3434 3859 3624 3835 3976 3707 3611 3853 3907 4270 3841 4075 3786 3822 3902 3874 3542 4079 3806 3788 3753 3763 3817 4071 3933 3878 3787 3548 3448 3770 3691 3870 3822 3848 3847 3833 3795 3920 3870 4124 4201 3753 3616 3933 3536 4253 4053 4329 3552 3802 3806 3735 3987 3561 3481 4397 4076 3917 4006 
3829 3979 3792 3943 3940 3599 4039 4537 4401 4206 3962 4197 4063 4106 3934 4208 4247 4302 4039 3752 4111 3927 4035 4187 4521 3971 4172 4080 4632 4128 4100 4213 3855 4119 4110 3794 3928 3936 3780 3830 4342 4043 4098 4046 4105 4100 4254 3961 4306 3912 4092 3921 4207 3575 4107 3756 4217 3952 3672 4065 4106 4119 4255 3548 4018 4182 3887 4177 4143 4034 4093 3921 4231 4172 4140 4391 4111 3651 3895 4230 3899 3953 4236 3859 3877 4070 4213 3998 3906 4162 4092 3788 4051 3935 3708 4431 3947 4073 4081 4176 3820 4167 4062 4428 4353 4041 4210 4288 3707 4330 3906 3707 4546 4246 3980 3935 4074 4021 3974 3959 4392 3896 4161 4513 4238 4008 4097 3964 3954 3979 3989 4387 3939 3944 4395 3828 3978 4172 4136 3958 4007 3637 4095 3824 4099 4343 4174 4160 4023 3867 4542 3981 4500 3933 3894 3894 4418 3956 4514 4232 4140 4123 4069 4114 4177 4169 4100 4355 3910 3758 3913 4135 4560 4038 4169 4228 3909 3868 4170 4057 4360 4417 3823 3899 4103 3799 4270 4005 4376 3645 4158 4059 4097 4570 4000 3854 4501 4221 4571 3965 
3828 3935 3795 3813 3732 3330 3693 4415 4042 3752 3735 3633 4273 3983 3808 3945 3934 4068 4086 3632 3970 3812 3808 3823 3929 3722 3906 4197 4183 4086 3905 3780 3600 4016 3924 3685 3821 3325 3691 3561 4216 3891 3772 3853 4116 3720 3625 3749 4033 3704 3886 3406 4158 3636 3867 3472 3969 3664 3800 4035 4047 3772 4198 3390 3798 3653 3746 3939 4035 3942 4019 3750 3756 4025 4168 3859 3762 3592 3691 4164 3686 3624 4048 3586 3781 3957 4165 3923 3893 3959 3967 3791 3845 3819 3556 4078 3702 3756 3807 3872 3678 3572 3672 4195 3987 3824 3948 4060 3403 4137 3987 3700 4181 3820 3772 3804 3465 3818 3676 3873 4325 3751 4181 4035 3991 3776 4192 4023 3914 4007 3843 3739 3750 3956 3953 3574 3950 3973 3644 3767 4075 3513 3959 3828 3812 3807 3733 3787 3994 3988 4118 4088 4096 3763 3842 3929 4128 3563 3802 3964 4139 3852 3751 3765 4075 3767 3755 3932 3581 3565 3818 3793 3978 3834 3864 4002 4088 3931 4106 3918 3913 4077 3932 3856 3738 3394 4009 3811 4174 3625 3978 3892 3911 4038 4014 3673 4086 4152 3805 3991 
3698 3802 3547 3924 3751 3443 3832 4189 4000 3796 3705 3930 3970 4185 3561 3899 3918 3954 3801 3501 3905 3554 3939 3566 4179 4077 3920 3866 4192 4225 3925 3862 3449 3970 3763 3635 3691 3501 3902 3477 4236 4059 3846 3846 3463 3787 3968 3813 3906 3584 3957 3378 4168 3790 3797 3497 3991 3680 3752 3964 3758 3847 3842 3502 3661 4008 3754 3584 4079 3824 3833 3956 3710 3745 3746 4041 3815 3643 3829 4006 3637 3928 3788 3565 3730 3794 3994 3712 3890 3892 3910 3816 3806 3719 3952 3976 3795 3807 3780 3612 3640 3782 3720 4213 3856 4020 3753 3914 3738 3971 4080 3719 4107 3961 3948 3505 3643 3738 3775 3551 4078 3727 3951 3839 3796 3841 4024 3924 3977 3920 3839 3928 3939 3839 3926 3529 3437 3908 3829 3844 3945 3520 3851 3744 3858 3756 3735 3690 3914 3862 4053 3930 4032 3818 3722 3631 4134 3370 3824 3827 3801 3888 3527 4139 4014 3591 3768 3740 3771 3722 3769 3693 4115 3984 3928 3982 4159 3846 4025 3891 3957 4125 3690 3536 3902 3727 4084 3912 4148 3540 3751 3575 3888 3957 3937 3505 4116 4160 4377 3734 
3680 3954 3865 3945 4009 3532 3990 4335 4111 3905 3748 4014 4367 4101 3858 3914 4066 4073 3814 3585 3761 3789 3953 4032 4131 3717 4085 3974 4507 4106 4309 4164 3693 4233 3977 4010 3869 3765 4027 3849 4295 4335 4144 4059 3796 3817 4022 3914 3996 3432 3911 3580 4066 3628 4022 3620 4073 4196 3871 4097 4085 3976 4102 3477 3935 3912 3657 3977 4247 3837 4182 3775 4266 3993 3844 4297 3830 3696 3971 4287 3984 3944 4100 3742 3959 3750 4282 3809 3992 4136 4011 3827 4007 3925 3786 4402 3965 3869 4148 4034 3839 4014 3881 4369 3885 4188 4189 4306 3759 4167 4029 3927 4474 4020 3864 3869 3893 3912 4004 3914 4629 3979 4001 4289 3786 3983 4139 3777 3995 4009 3967 4203 3888 3997 4212 3699 3824 4067 3891 3726 3946 3485 3830 3585 3939 4140 3675 3946 4106 3847 4400 4058 4337 4008 4080 3897 4136 3870 4106 4232 4267 4029 4122 3915 4077 3873 4034 4098 3904 3743 3767 3976 4256 3894 4028 4123 4109 3801 3922 3849 3979 4573 3804 3685 4017 3562 4399 4162 4184 3762 4045 4049 3923 4140 4043 3893 4529 3968 4069 4175 
3937 4064 3800 3838 3764 3488 3932 4600 4198 3870 3792 3995 4184 3959 3674 3771 4029 4326 4115 3701 3775 3910 4099 3986 4354 4047 3804 4184 4506 4141 4027 3911 3700 4088 3939 3821 3810 3789 3703 3842 4418 4092 3930 4150 3961 3747 3862 3816 4114 3959 4258 3610 4031 3911 3916 3761 3927 4009 3913 4338 4204 3958 4122 3524 3996 3994 3671 4187 4172 4136 4234 3781 4059 4047 4119 4130 3871 3646 3843 4189 3636 3918 4062 3541 3864 3996 4281 3808 3646 4357 4147 4091 4107 3801 3881 4118 3787 4212 4074 3786 3831 3967 4121 4522 4064 4192 4056 4146 3580 4147 4149 3670 4496 3985 4000 3924 3928 3964 3844 4041 4480 3848 4027 4129 3984 4046 4385 4272 4100 4369 3929 3766 3631 4225 4123 3856 3996 3749 3723 3976 4127 3756 4320 3810 4297 4143 3979 3945 4304 3928 4437 3782 4401 4019 4056 3791 3971 3423 3986 4007 3932 3976 4224 4069 4330 3968 4144 4035 3544 3632 3831 3843 4085 4156 4069 4270 4127 3813 3941 4104 4081 4089 4207 3752 3926 3847 4226 4147 4398 3817 3975 3941 4029 4241 3951 3691 4366 4133 4004 4078 
3962 3931 3792 3907 3900 3539 3828 4155 4142 3903 4053 4018 4088 4160 3946 4059 4351 4186 3949 3725 4071 3985 4158 3991 4459 3842 4246 4081 4523 4111 3969 4075 3817 4043 3926 3683 3890 3646 3915 3608 4568 4187 3952 4204 3900 4036 4146 3828 4075 3934 3846 3728 4212 3626 3976 3704 4219 4059 3793 4245 3981 3885 4094 3621 4168 4192 3783 4136 4018 3981 4018 3946 3942 4224 4301 4392 3932 3800 3795 4156 3554 3943 4221 3877 3957 4071 4229 4078 3805 4026 4108 3699 4015 3970 3754 4171 4089 3977 3968 3923 3861 4073 4058 4366 4180 4176 4060 4238 3724 4305 4084 3932 4199 4252 4196 4077 3818 3960 4094 3754 4268 3773 4070 4208 4084 4011 3870 3962 3995 4192 3998 3949 3981 3876 4216 3945 3842 4038 3840 3854 4141 3568 4058 3818 4073 4284 3681 3944 4096 4083 4453 4229 4401 4075 3735 3841 4120 3653 4106 4205 4129 3904 4066 4029 4295 4080 4111 4098 3679 3856 3871 4003 4181 4017 4221 4202 3881 3756 4096 3914 4143 4418 3962 3901 4103 3972 4223 4163 4360 3816 4334 3790 4024 4408 4176 3802 4290 4157 4335 3859 
4248 4158 3889 4116 3920 3391 3901 4484 4220 4236 4242 4115 4294 4316 4159 3882 4079 4367 4068 3730 3980 4093 4186 4151 4240 4255 4165 4327 4540 4300 4289 4069 3796 4257 4150 3872 3997 3881 3884 3889 4705 4200 4236 4093 4050 4063 4292 4117 4254 3908 4049 3839 4168 3716 4234 3794 4222 4249 4021 4162 4316 4187 4078 3492 4371 4057 3712 4092 4482 4270 4177 4025 4266 4243 4122 4724 4205 3824 4102 4387 3863 4108 4325 3935 3913 4063 4632 4037 3812 4335 4120 3967 4190 3988 4116 4315 4116 4243 4188 4148 4128 4245 4370 4573 4054 4128 4174 4257 3799 4202 4441 4025 4540 4312 4107 4084 4090 4127 4046 3961 4518 3945 4149 4334 4290 4456 4296 4093 4145 4544 4174 4066 3902 4117 4187 3897 3961 4104 4160 4057 4154 3744 4091 3817 4200 4210 3932 4094 4300 4225 4533 4235 4265 4001 4209 4118 4318 3875 4204 3980 4222 4209 4236 4246 4217 4206 4155 4227 3803 3882 3887 3982 4409 4039 4251 4281 4111 3866 4169 4136 4235 4708 4155 3936 4115 3889 4422 4269 4545 4048 4231 3938 4149 4535 4087 3849 4655 4272 4229 4076 
3719 4044 3866 3768 3993 3362 3797 4196 4044 4055 3753 4014 3748 4185 3785 4096 4247 4367 4039 3876 3852 3683 3931 4119 4392 3801 3951 4048 4329 4048 4085 3877 3716 4076 3991 3816 3914 3934 3702 3616 4318 4059 3942 4146 3852 3884 3842 4002 3948 3790 4022 3778 4046 3679 3970 3835 3989 4015 4037 4010 4034 4050 3957 3408 3679 4045 3669 3905 4079 3958 3896 3717 3976 3949 4020 4253 3871 3732 3937 4248 3704 3791 4309 3639 3897 3944 4059 3850 3651 4046 3903 3792 3989 3740 3839 4108 3887 4020 3805 3958 3592 3998 3977 4524 4008 4150 4194 4072 3365 3828 4101 3585 4319 3915 3841 3858 3801 4041 3601 3717 4275 3773 4001 4116 4173 3764 4168 4068 3990 4055 3784 4116 3661 3999 4034 3758 3980 4113 3916 3972 4067 3777 3913 3646 4355 4231 3837 4140 3767 3903 4336 3925 4247 3834 3929 3823 4445 3471 3982 4007 3917 3977 3907 4066 4157 3800 3874 4144 3598 3562 3693 3964 4065 4042 4024 4227 3987 4168 4114 4016 4041 4256 3758 3582 3932 3938 4181 3943 4422 3890 3890 3950 4044 4326 4089 3867 4310 4142 4181 3954 
3964 4306 4102 4283 4188 3980 4112 4737 4449 4180 4128 4003 4491 4199 4025 4243 4420 4379 4294 3872 4188 3985 4442 4329 4614 4326 4319 4084 4568 4442 4191 4383 3779 4167 4222 4010 4084 4133 4162 4149 4556 4323 4195 4377 4020 3855 4091 3870 4224 3839 4326 3698 4232 3929 4090 3819 3946 4319 4138 4357 4410 3979 4345 3693 4211 4282 3957 4158 4643 4184 4173 4099 4180 4186 4323 4435 3991 3986 4195 4242 3976 4123 4546 3961 4161 3931 4336 4439 3989 4369 4261 4015 4036 4316 4221 4532 3858 4154 4242 4093 4157 4130 4319 4458 4481 4329 4301 4298 3726 4507 3983 4020 4615 4368 4229 3980 4116 4266 4114 4226 4433 4037 4218 4263 4201 3975 4420 4412 4499 4397 4305 4035 3855 4239 4311 4350 4200 4087 4201 4080 4496 3777 4317 4196 4573 4362 3970 4002 4212 3855 4884 4175 4434 4234 4338 4155 4413 3653 4293 4195 4364 4116 4242 4303 4575 4183 4306 4286 3838 3972 4251 3971 4438 4091 4388 4247 4333 4125 4262 4318 4263 4692 4112 4175 4274 4266 4399 4298 4521 4150 4144 3990 4241 4329 4053 4169 4710 4141 4407 4352 
3795 3873 3689 3831 3635 3478 3599 4122 3912 3937 3805 3786 3749 3862 3574 3863 3987 3940 3595 3298 3644 3861 3741 3821 4064 3682 3841 3658 4143 3813 3823 3651 3711 4102 3899 3568 3726 3635 3659 3506 4147 3905 3700 3833 3880 3506 4017 3744 3886 3612 3803 3513 3881 3596 3982 3513 3988 3877 3603 3991 3933 3782 3773 3368 3755 3889 3284 3617 3965 3844 3415 3348 3886 3830 3942 4038 3756 3387 3641 3978 3636 3688 3752 3645 3609 3611 4006 3503 3447 3824 3768 3840 3994 3583 3716 3880 3555 3748 3804 3836 3595 3700 3910 4284 3747 3975 3843 3598 3497 3782 3840 3618 4184 3886 3797 3694 3829 3957 3464 3523 4025 3571 3817 3817 3861 3779 3950 3806 3763 3815 3677 4031 3596 3780 3896 3647 3570 3722 3729 3778 3743 3394 3758 3786 3939 3812 3516 3773 3981 3709 4157 3680 3810 3729 3780 3574 4179 3489 3831 3691 3808 4018 3725 3819 3793 3793 3705 3773 3284 3433 3919 3689 3733 3759 3952 4031 3884 3557 3771 3906 3684 4083 3766 3494 3860 3469 3944 3835 4009 3696 3766 3802 3818 4411 3596 3419 4321 3814 3882 3769 
3790 4022 3744 4102 3919 3825 4166 4420 4009 4143 3908 4152 4317 4265 3932 4116 4225 4086 4021 3895 4133 3981 4009 4138 4284 4067 4102 4046 4622 4535 4183 4138 3814 4202 4030 4209 4042 3902 3902 3828 4687 4322 4282 4329 3980 3930 4300 4098 3969 3825 4113 3620 4347 3909 4248 3765 3941 4076 3986 4265 4161 4013 3963 3539 4193 4358 3887 4242 4255 4148 4098 3918 3967 3942 4084 4416 4264 3641 4133 4151 3959 3884 4242 4103 4196 3941 4219 4034 4003 4154 4132 4060 4086 3820 4071 4303 3979 4177 4322 3950 4078 4018 4464 4392 4282 4260 4286 4183 3786 4131 4149 3906 4833 4253 4095 3939 4008 3836 3767 4099 4580 3999 4110 4233 4160 3900 4492 4412 4180 4112 3974 3978 3913 4269 4319 3913 4237 4070 4099 4109 4184 3715 3935 3761 4460 4070 3917 4133 4270 4150 4626 3992 4236 3821 4164 4185 4352 3546 4410 4279 4126 4335 4107 4211 4495 3873 4349 4217 3788 3794 4066 4157 4332 4050 4131 4208 4248 3880 4282 4287 4371 4584 3838 4008 4242 3776 4342 4261 4232 3990 4234 3988 4155 4265 4257 3884 4607 4073 4278 4031 
3587 3978 3882 3773 3521 3394 3661 4187 3975 3763 3789 3705 3993 3993 3742 3921 3966 4051 3911 3739 3660 3564 4031 3823 3822 3822 3827 3829 4131 4048 3912 3833 3458 3792 3921 3627 3703 3641 3781 3836 4194 3918 3795 3936 3757 3834 3835 3613 3847 3794 3884 3480 4274 3737 3763 3623 3829 3861 3769 3989 3930 3729 4050 3355 3815 3925 3693 3753 4001 3947 3890 3947 3717 3928 3867 3988 3782 3695 3848 3821 3634 3727 4046 3729 3824 3814 3884 3736 3797 3859 3846 3820 3967 3781 3742 4009 3784 4052 3947 3791 3659 3833 3676 4226 3622 3750 4159 4073 3467 4055 4134 3684 4341 3905 3883 3881 3521 3947 3626 3650 3997 3955 3987 4087 3779 3796 4355 3984 3959 3977 3842 3728 3722 3962 4002 3652 3793 3826 3842 3725 3923 3458 3886 3653 3949 4232 3817 3750 3906 3711 4250 3778 4304 3873 3670 3952 4236 3468 3832 3978 3789 3665 3733 3798 4163 3859 4004 4110 3677 3560 3624 3605 4144 3769 4023 3995 4026 3999 4005 3986 4173 4190 3793 3591 3803 3737 4331 3849 4205 3575 3885 3852 4010 4083 4035 3591 4272 4077 3958 3840 
3499 4004 3876 3818 3970 3583 3967 4326 4151 3907 3752 3885 4003 3923 3920 3929 4106 4048 3905 3739 3932 3558 4158 3967 4509 4108 4175 4004 4303 3919 3819 3950 3619 3969 3813 3963 4032 3579 3690 3647 4207 4116 3897 4088 3707 3985 4085 3898 3902 3848 3890 3709 4231 3778 3796 3640 3974 3951 3788 4095 3986 3715 3934 3604 3675 3831 3821 3849 4137 3950 4073 3870 3967 3700 3920 4160 3832 3775 3634 4345 3506 3761 4134 3679 3919 3853 4244 3737 3855 4028 3965 3660 4006 3771 3894 4288 3726 3855 3848 3845 3603 3729 3891 4156 4081 3903 3905 4106 3823 4027 3862 3671 4280 3844 3699 3891 3896 4071 4006 3737 4090 3816 4024 3993 3859 4073 3934 3982 3916 4197 3951 3924 3612 3994 3907 3769 3741 4012 3914 3959 4081 3429 3919 3804 4326 3960 3986 3880 4045 3813 4186 3678 4332 3772 4013 3921 3947 3602 4093 3962 4143 4021 3811 3944 4208 4057 3872 3981 3508 3538 3802 3787 4133 3856 4012 4134 3995 3873 4023 4020 4290 4255 4078 3597 3840 3745 4116 3937 4480 3636 4038 3945 3974 4427 4044 3755 4118 4318 3938 3845 
3925 3744 3868 3477 3786 3530 3842 4248 3920 3800 3676 4031 3790 3886 3597 3862 4145 3929 3726 3608 3851 3686 3747 3969 4245 3600 3930 3782 4306 3981 3858 4052 3490 3987 3910 3744 3802 3666 3644 3580 4309 3891 3768 4009 3520 3634 3768 3654 3837 3467 3882 3459 3854 3680 3886 3617 3756 3952 3572 3916 3955 3724 3772 3174 3829 3878 3620 3679 4071 3848 3887 3769 3784 3597 3960 4172 3692 3654 3521 3996 3470 3827 3598 3646 3854 3666 4071 3899 3590 3972 4089 3386 3934 3686 3548 3891 3839 3785 3885 3686 3673 3662 3946 4111 3934 3799 3727 4023 3573 3968 3656 3447 4153 3960 3716 3684 3920 3850 3650 3641 4195 3603 3761 3930 3841 3678 4155 3981 3547 4170 3945 3795 3736 3731 4156 3606 3896 3732 3822 4177 3907 3230 3945 3636 4196 4040 3598 3664 3875 3785 4304 3838 4077 3604 3703 3549 4120 3686 4038 3855 4111 3848 3780 3717 4112 3823 3837 3892 3489 3541 3464 3803 3975 4076 3867 3789 3805 3744 3931 3824 3930 4363 3694 3501 3739 3662 4049 3760 3985 3753 4065 3708 3765 4065 3825 3648 4069 3929 3838 3686 
3965 4446 4119 4312 4310 3714 4144 4603 4281 4214 4143 4208 4275 4436 4231 4272 4439 4614 4293 3841 3986 4188 4367 4408 4432 4242 4302 4124 4639 4433 4338 4176 3964 4378 4268 4293 4348 3938 4206 4167 4554 4468 4213 4454 4192 4021 4332 4011 4298 4025 4313 3937 4419 4034 4387 3798 4247 4185 3765 4392 4425 4234 4265 3793 3972 4197 3953 4195 4240 4456 4283 4211 4168 4133 4162 4526 4464 3764 4156 4453 3974 4130 4524 4076 4125 4288 4413 4182 4085 4298 4481 4156 4268 3803 4189 4387 4002 4069 4280 3947 4110 4050 4080 4555 4339 4485 4330 4274 3802 4338 4218 4104 4939 4260 4146 3890 4040 4051 4096 4298 4699 4102 4259 4346 4208 4113 4391 4522 4215 4304 4350 4427 3910 4537 4290 3989 4391 4389 4308 3955 4347 3919 4213 4143 4491 4395 4209 4370 4147 4052 4867 3914 4493 4191 4050 4127 4505 3726 4254 4388 4155 4279 4227 4189 4499 4188 4330 4227 4050 4010 4260 4428 4581 4252 4387 4291 4383 4020 4291 4286 4388 4640 4455 4166 4227 4037 4501 4154 4470 4162 4198 4341 4518 4487 4451 3906 4706 4534 4387 4262 
4026 3901 3912 4058 3739 3495 3864 4453 4110 3899 4169 3969 4254 3882 3949 3975 3919 4221 4030 3744 3978 3905 4213 4125 4422 4120 4142 4078 4399 4075 4061 4074 3587 4144 4100 3845 4002 3685 3688 3684 4461 4065 3830 4074 4000 3834 3977 3905 4040 3823 3909 3746 4145 3777 3755 3637 3897 4268 3804 4270 4190 4007 4159 3676 4087 4064 3656 4049 4184 4152 3888 3858 3935 3858 4143 4300 3958 3674 3916 4052 3695 3896 4045 3726 3957 3951 4338 3831 3815 4007 4178 3652 4030 3763 4064 4317 4051 3978 3877 3887 3685 4008 3910 4252 4080 4264 4110 3927 3779 4044 4101 3768 4479 3974 4019 3952 3843 4066 4005 4029 4280 3813 4199 4049 3996 4132 4141 4246 4068 4240 3979 3894 3940 3792 3985 3706 4060 3856 3771 3828 4134 3675 4089 3961 4154 4200 3855 3927 3922 3807 4235 3826 4352 3792 3873 3944 4234 3625 4250 3870 4012 4021 4191 4070 4265 4017 4004 4164 3511 3687 3943 3854 4280 4184 3994 4169 4100 3845 4236 4115 4087 4492 4026 3753 3979 3855 4293 4130 4556 3957 4135 3906 4070 4593 4136 3842 4367 3963 4198 3981 
4055 4386 4105 4115 4334 3689 4235 4679 4214 4156 4166 4340 4277 4267 4235 4442 4439 4673 4372 4062 4295 4241 4232 4239 4580 4317 4248 4614 4850 4603 4499 4375 3739 4451 4372 3981 3964 3929 4039 3995 4940 4392 4126 4370 4164 4078 4136 4307 4307 4028 4110 3974 4606 4214 4219 4043 4331 4260 4280 4457 4338 4187 4455 3874 4223 4395 3960 4135 4438 4173 4366 4205 4299 4080 4481 4611 4163 3957 4348 4389 4067 4260 4447 4065 4405 4450 4501 4223 4011 4426 4081 4197 4454 4170 4243 4413 4285 4352 4352 4260 3867 4451 4270 4744 4468 4560 4438 4491 4058 4479 4631 4146 4628 4374 4499 4188 3962 4408 4239 4117 4543 4247 4362 4610 4345 4318 4254 4350 4376 4565 4336 4137 4252 4568 4575 3819 4310 4342 4142 4254 4287 3848 4300 4287 4469 4446 4305 4350 4206 4364 4746 4165 4762 4408 4399 4168 4562 3783 4393 4367 4254 4321 4394 4244 4498 4367 4442 4281 3914 4059 4229 4022 4578 4453 4391 4581 4236 4311 4677 4200 4523 4752 4272 3958 4502 4263 4741 4495 4728 4066 4455 4203 4341 4624 4245 4070 4834 4593 4405 4416 
4195 4200 4187 4119 4497 3830 4349 4889 4292 4522 4075 4297 4501 4367 4131 4456 4412 4539 4415 4064 4391 4126 4317 4390 4836 4234 4445 4366 4734 4439 4609 4314 4071 4535 4482 4227 4350 3987 4036 4485 4812 4444 4542 4371 4504 4359 4479 4106 4571 4061 4396 3924 4561 4122 4463 4059 4484 4491 4144 4654 4316 4507 4430 3927 4442 4591 4281 4477 4466 4532 4401 3949 4203 4395 4532 4852 4472 4013 4421 4550 4188 4085 4582 4155 4307 4394 4658 4306 4144 4652 4403 3909 4378 4445 3938 4619 4044 4327 4318 4491 4202 4342 4460 4520 4571 4495 4353 4641 3860 4475 4391 4154 4854 4393 4234 4353 4149 4435 4082 4323 4743 4285 4677 4326 4352 4265 4414 4491 4310 4323 4259 4374 4092 4639 4409 4169 4370 4288 4090 4257 4524 3949 4246 4084 4589 4493 4378 4358 4477 4314 4638 4309 4529 4231 4318 4346 4552 4010 4592 4656 4383 4430 4454 4414 4567 4235 4704 4682 3913 4063 4204 4073 4444 4196 4648 4573 4463 4229 4603 4470 4636 4771 4089 4216 4553 4226 4632 4439 4608 4137 4288 4240 4499 4766 4529 4047 4595 4479 4814 4504 
3853 3904 3809 3797 3993 3651 3945 4295 3978 3924 3969 4014 3971 4013 3864 3887 4163 4098 3822 3606 3756 3883 3971 4123 4171 3773 3770 4001 4302 4046 4058 4060 3677 4199 3978 3710 3883 3696 3779 3851 4423 4063 3949 3853 4122 3924 3992 3769 4155 3810 4019 3705 4274 3877 3880 3749 4182 3993 3775 4082 3871 3862 3937 3632 4066 4170 3707 4228 4072 4055 3965 3816 3895 3983 3955 4203 3859 3789 3911 4138 3870 3979 4100 3627 3841 3887 4093 3997 3690 4285 4045 3759 4044 3900 3911 4271 4024 3925 4204 4025 3836 3858 3972 4274 4034 4144 4311 4146 3563 4134 4157 3846 4324 4077 4009 3615 3685 4080 3866 3691 4346 3772 3786 4188 3862 3950 4071 3776 4150 4221 3932 4277 3759 4079 4238 3502 3837 3950 3807 3813 4105 3723 4009 3805 4149 3991 3863 3768 4138 3998 4247 3990 4328 3683 3802 3747 4159 3640 4086 4210 4266 4243 3813 3886 4254 4002 4263 4192 3721 3763 3776 4081 4137 3950 4157 4133 3875 3820 4240 4038 4131 4290 3818 3546 4044 3798 4482 4113 4088 3961 3890 4018 3935 4241 4168 3683 4333 4252 4107 4195 
3824 4039 3735 3948 3789 3445 3722 4201 3890 3900 3883 4059 3878 3979 3775 3909 4089 4128 4071 3572 3842 3708 3737 3931 4099 3933 4205 3986 4296 4207 3707 3904 3518 3926 4014 3477 3838 3766 3926 3703 4438 3960 4129 4252 3818 3632 3960 3802 3903 3777 3982 3765 3981 3730 3869 3608 3998 3952 3813 3794 3850 3616 3902 3575 3817 4052 3692 3763 3923 4122 3986 3813 4071 3804 3908 4146 3772 3864 3844 4196 3774 3940 4101 3776 3710 3560 3893 3853 3909 4128 4005 3668 3837 3681 3800 4281 3847 4068 3851 3772 3895 3862 3744 4207 4029 4196 3972 3999 3453 4078 4096 3742 4278 4079 3812 3577 3711 3930 3782 3806 4213 3592 3861 3908 3977 3777 3931 3883 3883 4072 4070 3999 3656 3865 4029 3630 4021 3848 3877 3807 3771 3685 3901 3562 4000 4037 3980 3903 3905 3954 4432 3794 4056 3769 3765 3764 4287 3561 3913 4101 4037 3987 3818 4054 4197 3854 4027 3998 3674 3882 3801 3927 4257 3934 3941 3957 4108 4014 4077 3822 4021 4353 3638 3795 3824 3731 4147 4037 4355 3689 4049 3763 4083 4050 3798 3736 4308 4028 4211 3899 
4011 4175 3752 4033 4192 3851 4170 4564 4418 4051 4376 4235 4095 4458 4145 4225 4394 4401 4059 4115 4238 4109 4568 4315 4743 3951 4366 4293 4727 4414 4188 4438 3908 4141 4350 4177 3986 3952 4209 3934 4562 4427 4241 4255 4340 4083 4411 4184 4387 3888 4254 3961 4703 3909 4161 3984 4207 4223 4127 4346 4367 4184 4210 4050 4128 4357 4080 4276 4328 4297 4347 4178 4352 4388 4175 4469 4149 4038 4193 4423 3947 3948 4187 4068 4243 3951 4451 4078 4037 4436 4389 4176 4373 3955 3988 4463 4229 4518 4324 4573 4140 3966 4221 4548 4425 4498 4222 4325 3910 4293 4330 4071 4686 4296 4287 4167 4084 4355 4077 4271 4626 4045 4323 4445 4359 4314 4480 4389 4401 4463 4029 4112 3973 4410 4353 4062 4063 4353 4314 4260 4321 3978 4223 4006 4381 4519 4058 4090 4279 4155 4626 4121 4468 3991 4302 3866 4434 3919 4516 4430 4160 4222 4161 4428 4601 4072 4166 4293 3895 4172 4108 4160 4649 4488 4023 4385 4188 4126 4442 4333 4451 4880 4076 4260 4250 4057 4625 4330 4747 4069 4243 3998 4196 4522 4255 4036 4578 4402 4457 4352 
3614 4444 4036 4035 4214 3796 4085 4323 4351 4137 4374 4287 4437 4340 4107 4330 4397 4329 4079 4118 3989 3979 4313 4332 4575 4098 4527 4083 4370 4112 4205 4510 3883 4243 4248 3953 4124 3921 4166 3920 4380 4293 4064 4311 4174 4125 4370 4000 4141 3952 4333 3815 4536 3909 4089 3739 4171 4335 3896 4042 4204 4214 4361 3734 4185 4096 3928 4168 4143 4132 4147 4001 4171 4298 4223 4646 3836 4027 4108 4448 3995 3845 4499 4122 4064 4086 4458 4041 4158 4173 4127 4105 4362 3873 3671 4623 4008 4300 4309 4233 4033 4112 4188 4555 4240 4370 4351 4347 3744 4352 4261 4056 4377 4066 4269 4167 3833 4232 4094 3910 4568 4117 4191 4477 4124 4144 4390 4135 4228 4311 4086 4264 3935 4150 4150 4019 4153 4399 4262 4139 4244 4025 4081 3741 4452 4318 4036 3783 4029 4079 4643 4261 4635 3989 4164 4205 4521 3773 4146 4449 4196 4326 4108 4114 4506 4087 4385 4257 3975 3796 4297 3975 4571 3980 4343 4179 4231 4266 4074 4262 4271 4514 4055 4048 4200 3995 4522 4316 4716 3947 4231 4034 4316 4586 4329 3918 4550 4464 4100 4507 
3758 4045 3846 3864 3763 3503 3927 4376 4089 3846 3945 4174 4164 3917 3875 3979 4114 4195 4162 3739 3991 3896 4106 4214 4178 4007 4115 4121 4294 4008 4109 4038 3829 3971 3886 3778 3760 3675 3874 3723 4343 3979 3971 4183 3975 4008 3779 3821 3909 3968 3926 3752 4100 3545 4041 3699 3949 4131 3848 3902 4187 3721 4197 3440 3979 4032 3753 4105 4254 4093 4035 3878 4054 3881 3917 4177 3944 3920 3847 4087 3789 3987 4035 3827 3787 4163 4002 3792 4042 4180 4093 3832 4034 3841 3848 4237 3806 4105 3943 3911 3839 3828 4071 4447 4129 4087 4218 4303 3458 3940 4151 3695 4356 3957 3999 3886 3596 4052 3658 3697 4277 3726 4257 4346 3854 4089 4171 4001 4113 4150 3979 3978 4055 3943 4054 3680 4371 4039 4084 3834 3814 3638 4026 3688 4216 4143 3854 3985 3956 3989 4409 4144 4411 3746 3882 3768 4247 3617 4115 4081 4158 4004 4138 3908 4370 4020 4205 4108 3995 3775 3940 4079 4141 3990 4156 4196 3913 4104 4251 4013 4209 4385 3772 3680 3752 3853 3975 4185 4422 4128 4215 4073 4044 4364 4182 3757 4650 4234 4241 3986 
4001 4105 3928 3779 3979 3702 3882 4344 4059 4050 4009 4023 4061 4087 3883 3913 4343 4134 4062 3738 3887 3833 4246 4115 4365 3891 4242 3870 4250 4314 3833 3795 3941 4144 4016 3928 3911 3672 3765 3794 4232 3940 3947 4180 4243 3967 4143 3769 4091 3847 3927 3834 4160 3771 4345 3622 4175 4118 3884 4205 4176 4016 4135 3610 4038 4041 3702 3987 4190 4198 4087 3948 4052 4114 3906 4305 4114 3749 3876 4241 3839 3856 4167 3698 4015 3985 3978 3927 3873 4250 4287 4013 4006 3702 4048 4193 3947 4038 4031 3920 3989 3870 3991 4402 4089 4271 4344 4310 3629 4130 4228 3895 4452 4010 3809 3926 3854 3993 3927 3820 4332 3756 4255 3980 4067 4201 4304 4388 4220 4156 4036 3890 3734 4425 4094 3941 3870 4193 3735 3877 3967 3763 4167 3908 4148 4429 3789 3959 4145 4156 4454 4019 4123 3905 3976 3831 4324 3299 4018 3857 3830 4123 3910 3894 4374 3899 4007 4120 3631 3741 3989 3817 4164 3955 4086 4361 4094 3708 4325 4109 4204 4456 4084 3894 4168 3777 4062 4345 4397 3969 3869 4008 4171 4503 4162 3660 4303 4289 4226 4147 
3656 3782 3728 3693 3600 3274 3622 4065 4080 3766 3450 3784 3944 3662 3769 3647 3931 3690 3708 3489 3724 3791 3698 3874 3856 3671 3834 3710 4390 3791 4024 3847 3427 3814 3781 3860 3611 3269 3701 3665 4173 3855 3760 3796 3738 3889 3683 3654 3754 3461 3663 3511 3886 3391 3889 3440 3615 3600 3630 3950 3733 3736 3896 3181 3753 3823 3438 3690 4032 3884 3810 3711 3793 3629 3834 4128 3683 3397 3466 3967 3581 3760 3745 3581 3706 3732 3986 3608 3480 3800 3637 3644 3717 3625 3513 3785 3462 3759 3791 3782 3513 3740 3971 4151 3787 3820 3873 4103 3473 3659 3821 3575 4131 3911 3612 3848 3777 3833 3551 3697 3984 3715 3874 3871 3579 3891 4083 3849 3678 3719 3915 3761 3843 3747 4068 3538 3797 3724 3823 3657 3886 3413 3674 3590 3846 3825 3567 3795 3679 3873 4067 3917 4049 3722 3692 3641 4152 3625 3943 3804 3852 3831 3781 3635 3898 3714 3667 3871 3668 3529 3597 3678 3796 3555 3715 3764 3641 3636 3754 3874 3905 4011 3619 3638 3669 3579 3918 3857 4128 3691 3859 3780 3831 4084 3720 3456 3974 4082 3981 3778 
3881 3901 3937 3704 3816 3517 3976 4391 4077 4035 3902 4143 3968 4012 4106 3807 4108 3929 3988 3452 3808 4005 3958 4147 4443 3870 4110 4176 4283 4234 3945 3907 3649 4065 4026 3937 3635 3717 3880 3712 4500 3923 4031 4025 4034 3831 3981 3905 4273 3660 3889 3643 4242 3686 3813 3694 4054 4109 3969 4066 4003 3842 4150 3352 3914 4217 3729 4094 4267 3928 4218 3977 4038 4221 4100 4148 3796 3802 3816 4222 3706 4006 3965 3580 3948 3924 4321 3729 3681 4115 3922 3866 3856 3920 3984 4348 3993 3841 4068 3992 3966 3942 3978 4219 4281 4316 3904 4099 3730 4233 4040 3849 4349 4111 3687 3942 3942 4003 3933 3914 4341 3711 4124 4130 4022 4045 4167 4200 4110 4051 3975 3851 3789 4095 4200 3760 3897 4022 4135 3896 3957 3480 4027 3724 4267 4021 3899 4194 4014 3953 4340 3902 4288 3983 4056 3710 4118 3997 3931 3974 4068 3876 4095 3933 4249 4040 3957 3888 3666 3776 3874 4091 4196 3999 4186 4246 3809 3848 4294 3857 4236 4460 3800 3636 3984 3822 4203 4089 4427 3717 3981 3850 3910 4286 3953 3662 4250 4035 4245 4202 
4156 4014 3941 4247 4196 3884 4137 4523 4412 4121 4137 4179 4184 4349 3880 4211 4365 4413 4062 4042 4171 3986 4243 4300 4581 4047 4327 4332 4582 4358 4326 4416 3862 4243 4184 3963 4049 3816 4086 3912 4501 4329 4081 4339 4074 4187 4063 4023 4367 3920 4287 3962 4238 3816 4348 3823 4263 4279 3835 4352 4135 4115 4290 3555 4307 4261 3980 4225 4351 4098 4057 3937 4180 4231 4286 4301 4235 4126 4140 4544 3799 4008 4360 3988 4171 3883 4466 4121 3899 4303 4208 4040 4398 4158 4094 4364 3881 4186 4359 4251 3809 4318 4437 4560 4345 4378 4278 4195 3801 4378 4284 3808 4684 4201 4216 4193 4107 4066 3966 4040 4477 4177 4290 4240 4039 4149 4289 4422 4459 4247 4311 4362 4159 4235 4303 4005 4123 4166 4145 4110 4295 3740 4474 4122 4426 4315 4111 4218 4243 4085 4543 4039 4526 4222 4072 3924 4316 3827 4200 4164 4178 4147 4134 4212 4306 4207 4381 4311 3769 4120 4140 4094 4486 4202 4367 4468 4391 4065 4103 4304 4339 4549 4157 3996 4158 4137 4533 4354 4539 3966 4362 4250 4247 4453 4111 3789 4540 4435 4113 4149 
3960 3928 3810 3877 3852 3532 4137 4441 4253 4092 3965 3825 3922 4161 3719 4050 4138 4140 3825 3745 3841 3851 3982 4168 4301 3823 4165 4141 4399 4376 4112 3885 3705 4368 3987 3906 3888 3722 4004 3798 4558 4120 4145 4008 3992 3820 3947 3863 4248 3857 4083 3708 4042 3802 4142 3721 4254 3879 3745 4221 3890 4167 4257 3427 4196 3881 3693 4053 4193 4165 4343 3860 4165 4227 4021 4228 4194 3769 4050 4196 3713 3999 4358 3707 3845 3972 4167 3829 3771 4142 4139 4042 4007 3705 3782 4332 3913 4053 3990 4210 4037 4017 4329 4503 4119 4103 4162 4490 3582 4176 4268 3858 4241 4153 4008 4073 3796 4152 3937 3723 4491 3840 4315 4230 3825 4097 4121 4186 4017 4051 3907 4329 3911 4202 4073 3682 4109 4028 4038 4017 3927 3849 3962 3867 4286 4228 4002 4096 3984 4004 4296 4083 4349 4102 4087 3735 4363 3585 3923 4148 4036 4243 3848 4112 4312 3724 4258 4077 3996 3960 3816 3733 4192 4292 4234 4213 4127 3997 4311 4100 4071 4564 3928 3744 4055 3936 4499 4044 4299 3841 4023 4019 3998 4491 4332 3544 4604 4185 4274 4052 
3978 4344 3996 3863 4351 3759 4161 4439 4384 4192 4081 4138 4305 4244 4210 4015 4174 4516 4330 3874 4214 3974 4350 3962 4484 4355 4358 4177 4411 4520 4161 4206 3915 4356 4135 3905 3700 3716 4129 4039 4527 4071 4240 4335 3949 4235 4225 4082 4358 3895 4148 3886 4504 3931 4130 4010 4164 4190 3964 4210 4169 4016 4252 3677 4006 4270 4003 4274 4264 4007 4321 4020 4179 4296 4277 4407 4247 4149 4158 4510 3985 3965 4300 3700 4089 3907 4329 3842 3859 4312 3994 4021 4126 4215 4317 4630 4033 4249 4091 3929 3941 4140 4165 4482 4303 4174 4149 4553 3981 4443 4476 3904 4483 4170 3968 3820 3973 4143 4037 3939 4372 3968 4466 4195 4224 4121 4117 4201 4390 4271 4265 4076 4138 4211 4326 3988 3817 4173 4064 3941 4260 3729 4259 3920 4338 4109 4285 4030 4234 4202 4653 4164 4411 4129 4108 4091 4547 3803 4158 4254 4019 4301 4284 4300 4207 4312 4224 4125 3967 4004 4247 3889 4290 4114 4263 4491 4187 4079 4283 4096 4360 4589 4021 3837 4402 4153 4387 4358 4503 4038 4206 3865 4287 4365 4022 3961 4802 4312 4503 4200 
3443 3852 3480 3718 3770 3511 4011 3940 3871 3789 3820 3907 3796 4034 3591 3775 3939 4035 3680 3428 3950 3596 3976 3732 4077 3600 3934 3781 4104 4101 3911 3728 3624 4133 3824 3623 3866 3475 3572 3408 4120 3823 3738 3680 3617 3630 3715 3723 3938 3729 3651 3445 4058 3533 3811 3602 3968 3573 3498 4003 4025 3860 3796 3435 3818 3906 3631 3629 3935 3814 3901 3627 3717 3841 3675 3707 3681 3464 3510 4053 3484 3499 4109 3422 3705 3896 3933 3785 3829 3814 3942 3457 3906 3633 3810 4120 3603 3819 3786 3536 3703 3840 3568 4129 4006 3728 3711 3946 3449 4037 3910 3675 4305 3819 3902 3652 3645 3673 3892 3628 4046 3491 4076 3824 4012 3696 3981 3721 3857 3978 3743 3859 3811 3836 4058 3614 3903 3834 3678 3978 3707 3544 3750 3698 3912 3951 3662 3826 3956 3822 4216 3869 3988 3619 3777 3902 4069 3607 3831 3879 3825 3928 3675 3801 3973 3694 3526 3914 3667 3425 3791 3719 4106 3685 3814 3845 3721 3680 3920 3791 3960 4191 3796 3658 3595 3491 4150 3814 4227 3429 3797 3689 3730 4038 4009 3560 4311 3969 4045 3974 
3752 3859 3628 3665 3623 3443 3902 4161 3907 3787 3844 3943 4095 4209 3498 3882 4151 4286 3875 3636 3947 3717 3952 4027 4300 3615 3938 4024 4187 4194 4041 3877 3353 3877 4057 3620 3892 3563 3799 3611 4248 4190 3957 4184 3916 3771 3861 3741 3928 3494 3754 3637 4215 3462 4260 3597 3572 4009 3995 3955 4097 3867 3943 3626 3890 3846 3710 3768 4094 3893 3905 3789 3871 3743 3959 4172 3857 3901 3942 4123 3712 3977 3973 3702 3920 3765 4301 3982 3505 3878 3619 3928 3983 3817 3690 4113 3647 4087 4156 4172 3795 3884 4077 4460 4141 4130 4120 4099 3478 4009 3946 3872 4493 3951 3916 3933 4128 3832 3848 3716 4307 3788 4073 4057 4194 4003 4254 3983 4049 3914 4014 3606 3758 3963 4007 3981 4158 3878 4073 3904 4183 3428 3983 3706 4123 4202 3646 4038 3816 3804 4531 3867 4477 3984 3965 3915 4092 3649 4058 4098 4050 4164 3899 4056 4318 4048 4046 4115 3697 3690 3872 3704 3973 3927 3997 4096 4100 3938 3976 3735 4100 4286 3733 3868 3899 4005 4324 3875 4427 3688 4095 3884 4015 4059 3757 3390 4394 4012 4139 3901 
3737 3811 3478 3875 3610 3274 3589 3937 4066 3871 3766 3809 3857 3901 3510 3900 3867 4044 3706 3435 3800 3540 4133 3870 4143 3818 3938 3825 4110 4064 3482 3983 3820 3782 3722 3645 3657 3781 3737 3542 4145 3872 3789 3949 3667 3625 3849 3784 3687 3534 3864 3329 3954 3482 3829 3607 3928 3788 3452 3762 3891 3832 3759 3219 3926 3936 3590 3794 3975 3780 3717 3675 3627 3997 4132 4009 3893 3450 3869 3794 3527 3699 4008 3527 3830 3726 3989 3794 3519 3763 3720 3627 3771 3447 3659 4068 3759 3650 3712 3803 3597 3841 3777 4078 4154 3850 3719 4077 3609 4085 3961 3536 4174 3816 3866 3798 3545 3699 3770 3777 3725 3430 3977 3963 4114 3814 3870 3869 3854 3957 3746 3699 3463 3730 3798 3717 3838 4089 3826 3676 4007 3318 3569 3700 4035 4041 3777 3694 3707 3848 4283 3826 4086 3706 3631 3834 4080 3345 3924 3734 3840 3724 3816 3899 4023 3855 3956 3726 3526 3704 3714 3557 3930 3660 3952 4026 3712 3469 3960 3788 4106 4475 3777 3582 4005 3760 3854 3745 4227 3475 3597 3526 3916 4124 3886 3480 4301 3789 4093 3819 
3902 4044 3819 3905 3985 3654 3915 4251 4348 3994 3782 4148 3913 4058 3702 3951 4306 4085 3980 3661 3943 3873 4038 4203 4321 3886 4141 4062 4387 4159 4158 4105 3700 4185 3963 3839 3843 3960 3816 3792 4372 4157 4025 4160 4182 4018 4213 3917 4087 4060 3848 3713 3995 3648 4126 3699 3994 4083 4024 4175 4025 4074 4247 3520 3952 4057 3759 4020 4106 4108 4089 3884 4161 4040 3975 4118 3974 3732 3775 4133 3700 3912 4233 3604 3740 3932 4293 3961 3752 4010 4136 3798 4023 4000 3803 4148 3741 3939 4012 4135 3807 3927 4136 4411 4109 3955 4157 4272 3573 3990 4098 3738 4336 4200 3606 4016 3740 3985 3862 3648 4157 3839 3963 4176 3987 3987 4217 4046 4096 4207 3723 4133 3648 4150 4182 3958 4235 4027 4013 3799 3908 3829 3838 3799 4289 4196 3815 4088 4111 4019 4207 4151 4321 4007 3912 4006 4049 3620 4051 3992 3964 4059 3834 3991 4358 4052 3849 4211 3842 3934 3760 3915 4057 3877 4145 4120 3834 3884 3977 3949 4254 4431 3843 3832 3861 3753 4113 4089 4284 3796 4102 3848 3852 4501 4042 3791 4569 4180 4287 4116 
3663 3947 3812 3697 3847 3527 3926 4097 4244 3941 3536 4016 3980 4076 3800 3930 4125 4277 3822 3656 3667 3844 3813 3989 4212 3629 4104 3777 4207 3970 4069 3880 3687 3943 3951 3725 3685 3852 3577 3696 4336 4066 3966 4083 3670 3780 4015 3615 4001 3786 3913 3605 3998 3569 4137 3527 3937 3825 3829 3918 4134 3848 3785 3305 4124 3823 3660 4010 3995 3855 4070 3616 3983 3739 3836 4218 4023 3830 3941 4118 3673 3671 4018 3726 3699 3737 4329 3706 3569 3933 3781 3915 3889 3814 3910 4103 3667 3874 4052 3810 3758 3971 3949 4099 4080 4034 4050 4099 3363 4031 3904 3688 4329 3859 3779 3765 3778 3758 3806 3596 4343 3699 3992 4114 4022 3909 3838 3944 3908 4012 3921 3934 3797 3931 4112 3917 3876 3928 4041 3785 4021 3319 3915 3709 4135 3873 4032 4162 4053 3891 4535 3666 4120 3827 3970 3717 4135 3608 4025 4001 3873 3989 3865 3942 4198 3891 4023 3994 3774 3546 3774 3902 4200 3870 4075 4069 3989 3791 3959 3856 4187 4531 3931 3699 3988 3672 4075 4067 4104 3718 3750 3922 3837 4073 4131 3428 4267 4054 3853 3877 
3780 4044 3852 4011 3938 3748 4086 4279 4151 4157 3660 4225 4076 4172 3842 4129 4187 4169 3855 3737 3961 3891 4241 4042 4272 3862 3946 4077 4261 4136 4043 4134 3782 4244 4122 3983 3963 3629 3842 3978 4311 4149 3887 4147 3916 4056 4034 4032 4261 3857 4021 3750 4169 3744 4030 3536 3990 3921 3836 3983 3983 3914 3726 3638 3843 4163 3805 4065 4109 3978 3986 3885 4032 3880 4089 4237 3959 3666 3725 4502 3724 3911 3945 3688 3762 4045 4391 3648 3919 3931 4025 3777 4117 3943 3972 4471 3883 3972 4172 3681 3657 4101 4017 4495 4179 4121 3989 4081 3773 4244 4255 3931 4377 4077 4017 3954 3856 3860 3778 3817 4217 4029 4146 3975 4105 3820 4132 4080 4034 4163 4042 4106 3888 4161 4186 3667 3771 4058 3910 3818 4170 3466 3906 3934 4045 3859 4105 4034 4342 4073 4264 3887 4279 3829 3691 3866 4241 3660 4148 4050 4115 3925 3850 4212 4166 3951 3893 3965 3558 3727 3972 3868 4086 3914 4075 4133 4131 3708 4019 3853 4137 4496 3891 3693 4149 3445 4312 3909 4437 3853 4094 3903 3995 4185 3962 3674 4165 4287 4210 3944 
3918 4074 3940 3895 4114 3801 4087 4673 4270 4072 4032 4190 4293 4246 3912 4043 4270 4514 4215 3599 3960 3852 4174 4245 4418 3996 4313 4130 4495 4240 4123 4103 3943 4115 4037 4034 3985 3821 4088 3902 4433 4325 4213 4161 4036 3935 4157 3684 4258 3871 4162 3867 4287 3742 4195 3738 4128 4225 4046 4322 4159 4099 4180 3502 3933 4172 3707 4102 4256 4022 4238 3960 4125 4278 3902 4181 4079 3800 4031 4346 4021 3867 4319 3965 4052 4046 4217 4006 3939 4377 4216 4058 4035 3889 4022 4158 3987 4012 4223 3945 4049 4146 4015 4386 4199 4225 4213 4287 3867 4174 4166 4060 4342 3996 3911 4027 3856 4164 4129 3813 4448 4028 4337 4194 4038 4286 4162 3940 4265 4150 3908 4012 3867 4190 4186 3974 4162 4159 3946 3934 4321 3611 4186 3967 4189 4224 3880 4210 4324 4003 4600 3929 4269 4220 4146 4041 4211 3680 4281 4276 4189 4176 4019 4272 4325 4102 4031 4095 3698 3818 3988 4050 4400 4076 4292 4155 4066 4121 4186 4077 4379 4624 4182 3996 4338 3730 4572 4349 4592 3954 4193 4141 4310 4434 4161 3936 4552 4308 4379 4167 
3819 3923 3946 3986 3955 3505 3701 4248 4224 4155 4073 3888 4014 3703 3846 3883 4119 4133 3948 3742 3654 3726 4188 4048 4232 3999 3971 4125 4382 4145 3967 3918 3610 4173 4016 3582 3680 3708 3940 3914 4415 3996 4019 3812 3698 3886 4027 3713 4244 3863 4139 3602 3990 3690 3881 3732 4103 4001 3733 3920 3714 4061 3971 3464 3954 4159 3610 4008 4049 3974 4093 3606 3822 4111 3833 4260 3943 3589 3854 4128 3661 3771 4030 3768 3640 3613 4165 3689 3718 4073 4045 3469 3633 4106 3928 4148 3917 4062 4133 4016 3603 4112 3972 4281 3914 3937 4054 4263 3762 3997 4006 3706 4625 3995 3956 3703 3889 3996 3820 3793 4217 3905 3987 4116 3922 4003 4172 3977 4084 4188 4039 4037 3866 3986 4085 3799 3918 3895 3903 3741 4016 3722 3995 3816 3954 4065 3956 3624 4038 3903 4207 3995 4186 4049 3758 3772 4115 3514 4190 3971 3982 3805 4123 4037 4145 3886 4244 4000 3485 3914 3617 3847 4114 3976 3866 4089 3973 3939 3884 4152 4184 4410 3684 3628 4211 3672 4500 3970 4205 3809 3920 3876 3715 4419 3909 3970 4492 4062 4211 4270 
3999 4065 3825 3971 3887 3531 4154 4319 4136 4118 3972 4007 4182 4455 3669 4015 4125 4171 3904 3626 4073 4008 4285 4121 4396 4107 3951 4015 4324 4314 3885 4085 3857 4232 4002 3798 4038 3728 3697 3772 4557 4072 4087 4161 3939 3806 4068 3855 4158 3918 3895 3885 4098 3736 4378 3904 3871 4169 3981 4158 4423 3808 3930 3625 4042 4200 3750 3938 4344 4257 4084 3817 4099 3739 3991 4414 4083 3798 3875 4246 3707 3914 4074 4014 3955 4121 4239 4089 3767 3855 4198 3844 4131 3732 3772 4265 3970 3942 4055 4040 3890 3858 4259 4391 4382 4009 4171 4036 3635 4057 4107 3929 4572 4264 3786 4038 4011 3952 3914 3900 4316 3936 4090 4252 4117 4002 4255 4310 4109 4398 3922 3978 3687 4260 4237 3810 4231 3910 4160 4035 4104 3639 4103 3941 4372 4183 3812 4053 4061 3907 4451 4147 4119 3998 3963 3982 4353 3626 4324 3956 4056 4176 4109 3853 4310 3955 4061 4226 3806 3842 3957 3936 4272 4162 4337 4035 4181 4028 4243 4058 4307 4660 3932 3952 3980 3916 4139 3963 4304 3934 4051 3900 4067 4333 4030 3665 4313 4213 4119 4126 
4209 4354 4063 4342 4376 4046 4246 4682 4631 4385 4416 4481 4656 4617 4307 4334 4446 4632 4416 3932 4466 4114 4671 4225 4965 4397 4691 4583 4847 4800 4579 4438 4024 4731 4534 4260 4366 4156 4276 4238 4798 4629 4560 4704 4395 4377 4437 4322 4495 4088 4316 4171 4548 4235 4463 4027 4546 4674 4214 4540 4475 4452 4546 4166 4527 4523 4194 4259 4770 4667 4543 4410 4467 4613 4418 4767 4435 4535 4344 4604 4154 4360 4472 4112 4480 4523 4567 4527 4330 4483 4449 4116 4567 4597 4505 4666 4212 4292 4450 4380 4184 4382 4391 4791 4442 4527 4489 4678 4124 4563 4676 4407 4831 4583 4609 4303 4272 4415 4386 4456 4758 4268 4612 4405 4439 4520 4670 4517 4571 4695 4496 4485 4247 4525 4606 4289 4246 4243 4325 4500 4371 4094 4348 4442 4675 4686 4373 4192 4664 4446 4740 4624 4763 4274 4342 4413 4646 4006 4570 4504 4487 4507 4441 4616 4654 4388 4313 4608 4257 4041 4348 4272 4713 4301 4606 4586 4669 4225 4517 4496 4742 4881 4285 4505 4252 4534 4793 4674 4856 4313 4282 4244 4493 4731 4544 4248 4857 4420 4805 4433 
4158 4474 4397 4272 4207 3974 4281 4847 4582 4471 4074 4434 4439 4413 3993 4210 4583 4587 4123 3978 4093 3934 4379 4426 4812 4269 4284 4165 4625 4713 4184 4306 4136 4553 4420 4369 4174 4032 4292 4164 4650 4417 4407 4497 4328 4175 4470 4153 4544 4280 4552 4066 4539 4051 4325 4035 4311 4309 4175 4580 4415 4214 4453 3898 4256 4343 4058 4429 4294 4260 4737 4332 4353 4356 4210 4700 4326 4051 4182 4574 4254 4198 4397 3946 4393 4140 4463 4299 4093 4540 4453 4220 4475 4082 4006 4792 4261 4461 4516 4245 4204 4368 4354 4788 4615 4366 4491 4593 4114 4450 4444 4141 5066 4383 4225 4083 4291 4068 4025 4246 4840 4014 4400 4425 4269 4378 4456 4506 4306 4379 4166 4477 4213 4280 4637 4102 4420 4492 4222 4265 4362 3998 4328 4030 4370 4463 4264 4263 4494 4130 4796 4185 4620 4113 4206 4308 4585 3873 4392 4325 4375 4575 4166 4254 4661 4281 4386 4420 3963 4033 4417 4235 4584 4390 4576 4544 4367 4286 4384 4364 4742 4815 4444 3979 4477 4191 4645 4365 4691 4106 4515 4304 4528 4692 4583 3805 4853 4489 4567 4320 
3835 4220 3833 3889 4022 3659 3966 4260 4315 4017 4086 4131 4262 4417 3910 4120 4390 4437 3833 3925 4159 3921 4334 4216 4421 3858 4251 4016 4691 4376 4315 4221 3854 4367 4192 4053 4074 4009 3990 3904 4589 4290 4108 4441 3782 4004 4173 3701 4242 3798 3983 3785 4280 3973 4142 3759 3935 4314 4132 4024 4209 4034 4072 3625 4155 4169 3622 4184 4338 4145 4294 3862 4375 4262 4032 4222 4121 3858 3926 4467 3945 3836 4254 3865 4148 4109 4328 3978 3922 4227 4063 3949 4312 4013 3954 4473 4017 4088 4326 4079 3895 4167 4090 4671 3933 4221 4379 4340 3619 4283 4272 4150 4628 3951 4170 4090 4176 4328 3887 3927 4493 4274 4265 4397 4231 4083 4247 4097 3977 4267 4255 4144 3965 4323 4348 4203 4078 4378 4099 4093 4178 3770 4076 3989 4325 4536 3933 4056 4195 4060 4730 4124 4538 4072 4227 4019 4430 3781 4257 4345 4101 4141 4075 3851 4495 4033 4094 4413 3976 3782 3950 4077 4460 4187 4274 4423 4198 4105 4074 4029 4474 4536 4035 3886 3916 3947 4574 4194 4509 4200 4316 4320 4077 4618 4281 3887 4536 4371 4198 4285 
3645 4069 3796 3838 4029 3709 3990 4456 4089 3843 3758 3976 4058 3976 3826 4014 4185 4289 3827 3829 4039 3564 4138 4035 4415 4037 4285 4095 4495 4237 4015 3964 3639 4330 4041 3904 3850 3696 3478 3777 4407 4052 3738 4092 3921 3936 4004 3990 4239 3764 4239 3681 4221 3617 4015 3738 3816 3992 3706 4153 3998 3892 4180 3526 3956 4070 3796 4046 4315 3845 4136 3810 3963 3967 4083 4307 4167 3774 3823 4234 3650 3861 4257 4028 4076 3972 4323 3974 3910 4009 4013 3837 4023 3961 3991 4536 3812 3981 4184 4060 3651 4008 4051 4389 4151 3920 4216 4280 3671 4094 4102 3873 4506 4136 3872 3875 3955 4097 3840 3859 4269 4151 4127 4199 4092 4071 4121 4126 4243 4221 3987 4055 3825 3998 4002 4054 3985 4189 4137 3974 4229 3795 4112 4015 4212 4032 3915 3883 4095 3991 4329 3997 4220 3774 3901 3817 4302 3564 4352 4054 4102 4148 3995 3995 4127 3947 4238 4112 3759 3816 4115 3875 4311 4092 4110 4230 4244 3895 4177 4124 4262 4319 4117 3935 3963 3808 4228 3861 4472 4040 4084 4175 3941 4267 4049 3904 4358 4271 4182 4060 
3627 3900 3939 3518 3840 3372 3768 4111 4003 3599 3886 3899 3890 4148 3870 3943 3953 4144 3855 3665 3815 3756 4088 3879 4177 3702 3973 3960 4006 3984 4068 3984 3647 3842 4055 3835 3713 3555 3694 3650 4193 3971 3998 4104 3730 3614 3995 3573 4064 3838 3877 3418 4055 3745 3797 3450 3823 3746 3585 3876 4079 3861 3673 3361 3880 3842 3517 3888 4003 3809 3725 3800 3953 3869 3890 4015 3937 3534 3768 4042 3655 3696 4109 3798 3869 3841 4058 3687 3708 3819 3919 3728 4054 3980 3698 4059 3630 3899 3766 3880 3609 3820 3861 4073 4010 3816 3922 3886 3534 3989 4088 3646 4232 3913 3801 3849 3618 3643 3927 3639 4082 3661 3966 4160 3787 3701 4190 3932 4043 4107 3616 3948 3676 3883 3894 3682 3893 3890 3852 3855 4062 3436 3810 3756 4041 4124 3692 3926 4006 3658 4313 3919 4156 3826 3618 3633 3955 3211 4077 4131 4098 4068 3908 3844 4121 3761 3949 3920 3565 3708 3631 3663 3898 3956 4026 3886 3845 3922 3805 3768 3813 4337 3885 3553 3922 3657 3984 3968 4188 3735 3819 3771 3720 4154 4012 3595 4333 3870 3791 4046 
4055 4416 4027 4071 4284 3838 4221 4788 4457 4304 4177 4458 4579 4268 4019 4157 4477 4198 4530 4057 4416 4003 4540 4323 4616 4271 4448 4324 4646 4383 4322 4390 4068 4626 4487 4145 4056 3867 4106 4043 4574 4304 4320 4374 4280 4126 4547 4049 4488 4113 4300 3882 4492 4142 4178 4053 4294 4611 4055 4279 3904 4055 4290 3875 4007 4621 3863 4248 4660 4485 4244 3976 4169 4284 4234 4615 4299 4067 4240 4558 4187 4167 4532 3909 4148 3949 4237 4246 4181 4407 4630 4169 4305 4443 4162 4519 4207 4184 4232 4188 4157 4337 4373 4650 4336 4426 4505 4556 4033 4448 4277 4215 4909 4485 4379 3907 4101 4325 4192 4031 4613 4264 4297 4443 4398 4296 4620 4359 4353 4321 4302 4244 4157 4239 4354 3877 4306 4394 4113 3992 4416 3985 4470 4014 4505 4473 4211 3930 4645 4361 4594 4273 4308 4259 4181 4363 4481 3644 4485 4389 4249 4345 4116 4382 4482 4349 4390 4239 3986 4040 4303 4248 4655 4012 4296 4446 4414 4095 4465 4104 4517 4753 3969 4085 4254 4010 4593 4399 4648 4123 4355 4057 4384 4671 4411 3957 4882 4397 4741 4342 
3847 4056 3822 3985 4207 3755 3897 4343 4278 4003 4128 3932 4213 4176 3978 4213 4351 4303 4062 3695 4018 3802 4307 4006 4226 3901 3962 3973 4504 4208 4163 4094 3763 4153 4006 4031 4058 3819 3672 3936 4528 4274 4033 4376 3914 3794 4045 3878 4083 3997 4041 3740 4274 3875 4007 3903 3990 3957 3893 4367 4178 4009 4139 3729 4207 4129 4013 4107 4387 3921 4128 3729 4080 4037 3946 4280 4053 3787 3916 4214 3868 3720 4325 3898 4019 4285 4385 4095 3958 3961 4169 3944 4094 3913 4056 4262 3991 4119 4188 3902 3792 4148 4026 4653 4263 4128 4208 4269 3805 3831 4216 3848 4579 4129 4154 3939 3934 4081 3949 4026 4491 4068 4065 4382 4076 3966 4536 4242 4181 4448 3898 4172 3760 4183 4177 3875 4032 4064 4062 3960 4162 3852 4173 3938 4168 4337 3800 3919 4255 4009 4581 4178 4560 3951 3929 4215 4360 3600 4328 4201 4181 4166 3944 4237 4153 3815 4116 4343 3783 3807 4034 4027 4309 3970 3998 4323 4382 4100 3954 4053 4045 4486 3946 3763 4194 3792 4402 4042 4323 3854 4157 4210 3982 4276 4039 3948 4701 4236 4050 4338 
3696 3515 3633 3494 3605 3251 3539 4159 3705 3597 3523 3660 3700 3753 3492 3691 3687 3989 3434 3143 3694 3448 3651 3749 3878 3581 3841 3774 3999 3729 3745 3688 3459 3586 3588 3594 3711 3503 3460 3570 4080 3870 3802 3557 3612 3351 3573 3303 3645 3463 3868 3634 3664 3281 3452 3218 3461 3533 3515 3853 3592 3404 3688 3282 3878 3706 3453 3740 3635 3815 3691 3649 3518 3698 3587 3950 3632 3706 3506 3930 3425 3561 3632 3570 3383 3768 3760 3761 3697 3777 3736 3433 3897 3825 3497 3890 3185 3653 3858 3750 3519 3639 3844 3884 3727 3817 3710 3941 3353 3661 3829 3546 3863 3569 3646 3656 3522 3764 3545 3395 3818 3459 3769 3918 3614 3670 3951 3836 3831 3751 3660 3638 3516 3455 3682 3305 3499 3719 3722 3467 3867 3152 3621 3558 3715 3727 3739 3627 3723 3623 3965 3551 3748 3642 3619 3451 3935 3402 3871 3909 3932 3537 3522 3682 3924 3692 3718 3688 3299 3464 3482 3584 4036 3712 3657 3811 3659 3772 3776 3854 3789 3875 3461 3532 3570 3634 3899 3658 4233 3567 3814 3509 3574 3878 3712 3304 3722 3596 3816 3718 
3987 3762 3742 3829 3845 3724 3802 4264 4216 4096 4089 4177 3957 3891 3780 3898 4144 3983 3710 3444 3938 3732 4147 3972 4258 3805 4047 3995 4166 3990 3890 4004 3768 3990 3878 4003 3744 3829 3593 3747 4330 4009 3685 4050 3979 3884 3924 3914 4157 3781 3833 3701 3995 3702 3990 3502 3993 4231 3779 4219 4323 3979 3988 3417 4224 4136 3679 3866 4060 3967 3756 3792 3948 3938 4270 4102 3739 3848 3879 4137 3865 3899 3985 3601 3833 3977 4022 4086 3975 4040 3926 3762 4153 3727 4058 4259 3841 3976 3964 3920 3786 3959 3964 4091 3966 4029 3887 4014 3609 4228 4185 3532 4282 4120 3957 3938 3896 3708 3696 3935 4151 3936 4225 3827 3858 3885 4203 4106 3899 4248 3784 3832 3689 4193 3964 3790 3711 4000 3912 4046 3957 3616 4114 3811 4053 4007 3832 4006 4017 3794 4333 3859 4139 3941 3986 3948 4211 3471 4060 4188 3819 3773 3828 3884 4206 3927 3706 4082 3512 3490 3835 3725 4180 3911 3862 4100 3933 3919 4031 4038 3830 4365 4056 3815 3789 3613 4174 3889 4401 3602 3660 3869 4118 4617 4086 3779 4516 3804 3934 3886 
3936 4200 4074 3947 3913 3580 3997 4371 4187 3887 4105 4108 4269 4321 4159 4055 4444 4443 4049 3756 4074 4090 4091 4001 4376 3974 4102 4265 4449 4310 4195 4181 3869 4326 4287 3948 4071 3875 3880 3823 4722 4065 4245 4193 3909 3618 4309 4102 4234 3923 4122 3742 4105 3793 4346 3739 3853 4337 3821 4210 4161 4188 4145 3794 4169 4185 3877 4070 4324 4269 4014 3869 4046 4081 4255 4598 3969 3820 4092 4380 3813 4173 4238 3987 3959 4084 4221 4041 3792 4171 4132 3920 4188 3907 3659 4324 4027 4114 4244 4106 3802 3910 4120 4407 4172 4222 4043 4097 3631 4296 4364 3994 4404 4155 4096 3893 4125 4036 4088 4255 4407 3827 4146 4300 4240 3974 4623 4329 4024 4418 4110 4065 3782 4316 4349 3852 4227 4009 4214 3907 4246 3559 4133 3744 4295 4364 3857 4027 3941 4067 4685 4138 4485 4021 4139 4002 4209 3706 4332 4283 4244 4034 4191 4024 4360 4273 4131 4388 3738 3812 4059 3906 4261 4327 4473 4371 4254 4082 4385 3997 4251 4565 4030 3988 4192 4089 4370 4381 4473 4106 4222 4088 4321 4472 4104 3582 4365 4159 4144 4015 
3729 3898 3785 4010 4040 3424 3845 4596 4093 3996 3655 4105 4276 3859 3554 4096 4214 4050 4107 3564 3770 3835 4081 4063 4106 3984 3922 3899 4157 4008 3917 4035 3759 4115 3970 3954 3874 3605 3767 3793 4547 4106 4297 4045 3904 3807 3838 3714 4159 3912 3826 3577 4033 3773 4186 3668 4023 4314 3896 4113 3997 3934 4036 3515 4164 4251 3751 4170 4264 4146 4033 3599 3978 3972 3927 4476 3925 3854 3961 4018 3839 3908 4145 3895 3850 3808 4049 4016 3894 4139 3906 3732 3866 3811 3820 4127 3751 4094 3978 3784 4009 4061 4018 4372 3974 4200 4111 4089 3568 4126 4037 3985 4359 3971 3950 3943 3861 4060 3840 3912 4322 4050 4090 4104 3697 3957 4212 4070 3888 4189 4085 4106 3565 4183 4057 3780 3958 3939 3676 3672 3898 3716 3961 3693 4184 4105 3943 4081 4220 4099 4430 4022 4385 4103 4051 4040 4120 3542 4010 4018 3930 3845 3865 4020 4097 4010 4046 4144 3656 3846 3905 3744 4124 4035 4206 4173 4010 3878 3948 4057 3938 4578 3886 3895 3967 3920 4315 4200 4293 3875 3947 3987 4135 4366 4318 3547 4246 4115 4081 3991 
3992 4007 3840 3801 3896 3538 3823 4498 4123 3995 3862 3885 4052 4171 3755 4005 4033 4133 4046 3559 4024 3607 4156 3970 4323 3984 4136 3978 4456 4234 4115 3837 3802 4322 4036 3773 3796 3746 3981 3746 4199 4041 4078 4240 3863 3875 4125 3781 4124 3923 3965 3814 4187 3665 4275 3540 4202 4109 3966 4248 3959 3975 4163 3620 4064 4025 3909 3941 4321 4132 4091 4102 4066 3997 3929 4146 4054 3843 3754 4307 3713 3981 4156 3754 3839 3962 4081 4000 3991 3944 4127 3912 3977 3815 4096 4194 3994 4063 3930 4077 4082 4050 4189 4437 3987 4134 4017 4269 3599 4077 4221 3929 4499 4242 4088 4173 3937 3886 3981 3629 4347 3854 4191 4086 3858 4231 4288 4261 3975 4105 3752 3897 3842 4152 4003 3763 3862 4150 4131 3993 4174 3771 4151 3768 4111 4289 3764 4079 4079 3983 4209 3875 4223 4300 4020 4068 4399 3548 3913 4124 4023 4133 4054 3943 4175 3967 3910 4238 3800 3551 3727 3937 4167 3969 4201 4359 4186 4005 4056 3880 4298 4532 3960 3999 4199 3852 4261 4188 4433 3883 3788 4145 4077 4483 4122 3952 4443 4266 4415 4058 
3842 3908 3917 3594 3750 3558 3920 4159 3883 3991 3889 3913 3915 4001 3788 3847 4229 3930 3772 3501 3914 3762 4056 4027 4226 3693 3689 3718 4277 3936 4085 3754 3627 4031 4082 3818 3874 3723 3914 3683 4133 3995 3871 4077 3781 3833 3858 3785 3847 3591 3791 3547 4090 3667 3718 3535 3572 3769 3669 3815 3820 3706 3827 3390 3771 4004 3683 3850 4236 3892 3885 3837 3991 3922 3928 4268 3731 3385 3623 4196 3584 3776 3976 3764 3507 3944 3879 3543 3741 3905 3960 3678 3980 3842 3760 4136 3895 3968 3747 3814 3673 3869 3914 4328 3835 4136 3943 4050 3599 3963 4025 3769 4480 4264 3950 3398 3640 3763 3807 3949 4217 3776 3932 3948 3967 3787 3941 3841 3689 3960 3810 3880 3957 3965 3839 3674 3947 3917 3761 3874 4025 3637 3884 3421 3861 3991 3652 3820 4064 3796 4281 3698 4217 3922 3777 3740 3978 3768 4089 3929 3918 3985 3975 3917 4124 3884 3589 4073 3697 3492 3881 3847 3864 3866 3875 3953 3978 3779 3986 3913 3780 4300 3700 3537 4006 3599 4343 3911 4063 3766 3939 3824 4097 4041 3881 3452 4573 3886 4123 3905 
3708 3780 3524 3963 3737 3514 4037 4092 3893 4119 4024 3948 4139 3978 3921 3976 4319 3932 3912 3522 3974 3857 4000 3863 4455 3938 3787 4112 4349 4058 4261 3963 3757 4069 4076 3771 3869 3727 3779 3849 4272 4024 3991 4278 3787 3691 4109 3954 3884 3851 4102 3667 4021 3486 4051 3719 4043 3965 3741 4207 4105 3961 4083 3427 4008 4166 3962 4085 4240 4024 3939 3739 3954 3963 3933 4150 4074 3601 4045 4133 3660 3776 4267 3725 3710 3976 4186 3885 3771 4093 4002 3723 4253 3764 3899 4172 3867 4172 4033 4101 3813 3940 4175 4242 4010 4180 4074 4118 3459 4166 3847 3801 4446 4192 3900 3991 3967 3730 3934 4064 4189 3787 4060 4107 3952 3810 4212 4278 4154 4358 3994 3980 3762 4242 3916 3818 3808 3808 3990 3816 3986 3585 4179 3688 4038 3938 3910 4021 3977 3872 4256 3830 4192 4018 3834 3917 4095 3686 4254 4177 3908 3896 3849 4028 4278 3981 4035 4280 3665 3704 3776 3722 4139 3965 4110 4233 3934 3871 4230 3939 4056 4413 3764 4015 4041 3806 4211 4360 4278 3899 3856 3968 3967 4119 3882 3721 4459 3924 4143 3983 
3696 4031 3922 3678 3806 3676 3665 4437 3986 3758 3747 3702 4090 3899 3956 3708 4201 4114 3842 3702 3937 3707 3919 3929 4260 4083 4047 4112 4463 4029 3880 3782 3654 4237 3804 3705 3702 3594 3805 3677 4192 4259 3880 4296 3728 3798 4016 3704 3777 3672 4016 3781 3969 3646 3933 3725 3612 3885 3695 4202 4028 3516 4171 3385 3780 3936 3833 4097 3975 3933 3926 3908 4038 3948 3922 4107 3749 3865 3814 4248 3759 3796 3749 3844 3844 3593 4031 3721 3671 3894 4042 3754 4154 3588 3828 4408 3675 3877 3895 3785 3537 3644 3986 4165 3951 3993 4014 3927 3718 4002 3939 3888 4374 4104 3730 4039 4141 3826 3831 3819 4214 3872 3999 4070 3978 3821 4271 4113 3920 3991 4055 3819 3720 4012 4029 3738 3926 3877 3954 3858 3991 3457 3914 3852 4362 3843 3957 3805 3775 3776 4289 3660 4225 4021 3806 3818 3857 3415 4005 3855 4192 4035 3905 3653 4328 4309 3885 4138 3845 3737 3880 3879 4112 3937 3988 4229 4030 3772 3961 3951 4132 4322 3994 3757 3665 3937 4027 4105 4226 3712 4101 3905 4030 4115 4080 3748 4188 4222 3984 3953 
4213 4313 4307 4182 3932 3791 4096 4706 4323 4180 4075 4438 4321 4463 4049 4380 4419 4627 4148 3723 4201 4128 4264 4323 4640 4166 4337 4203 4513 4402 4271 4171 3935 4435 4268 4185 4029 3839 4183 3851 4509 4437 4229 4214 4062 3801 4145 4103 4306 3879 4205 3880 4270 3795 4307 3937 4358 4412 4236 4305 4186 4256 4281 3772 4047 4250 3853 3972 4498 4214 4217 4054 4204 4144 4131 4247 4224 3984 4082 4472 4029 4361 4403 3921 4171 4086 4387 3999 4017 4460 4283 4144 4044 3967 3951 4176 4050 4164 4254 4152 4119 4173 4271 4662 4414 4385 4175 4302 3924 4332 4335 4039 4586 4107 4007 4059 4083 4120 4117 4230 4531 3920 4507 4451 4190 4291 4264 4351 4455 4141 4350 4232 4170 4166 4259 3919 4277 4116 4097 4073 4204 3742 4239 4068 4501 4330 3927 4144 4304 4123 4664 3853 4280 4284 4281 4122 4489 3893 4174 4231 4310 4414 4313 4295 4570 4277 4349 4184 3807 4042 4197 4265 4540 4251 4330 4405 4236 4281 4286 4169 4284 4729 4162 4033 4416 4179 4395 4243 4696 4159 4236 4163 4307 4546 4323 3923 4658 4286 4402 4259 
3664 4012 3647 3735 3778 3228 3867 4319 4047 3666 3828 4050 3978 3973 3711 3766 3864 3996 3634 3636 3957 3675 4182 3833 4166 3963 3888 3852 4116 3894 4000 3791 3636 3969 3673 3610 3658 3590 3848 3754 4003 3875 3863 4024 3833 3875 3873 3697 3921 3655 3723 3785 3888 3788 3618 3585 3927 3837 3787 3984 3855 3772 3846 3501 3868 4196 3583 3782 3998 3923 3932 3821 3925 3736 3869 3885 3739 3977 3839 4048 3737 3792 4017 3598 3811 3988 3922 3714 3857 3915 3811 3897 4098 3656 3872 4274 3674 4025 3828 3861 3545 3890 3822 4372 3676 4099 3837 3862 3396 3900 4001 3708 4324 3922 4035 3832 3885 3478 3921 3411 4216 3884 4017 3852 3797 3795 4071 4050 4105 3979 4145 4000 3674 4014 3946 3651 3774 3760 3779 3884 3809 3471 3793 3545 3907 3935 3845 3887 3918 3809 4116 3687 4023 3777 3871 3807 4168 3580 3825 4033 3947 3853 3970 3923 4075 3563 3751 4052 3651 3381 3740 3782 4075 3773 3833 4097 3788 3857 3994 3981 4019 4253 3791 3486 3842 3803 4288 3923 4225 3766 3757 3931 4106 4088 3834 3756 4210 4136 3803 3910 
4140 4089 4076 4241 4213 4037 4100 4662 4299 4338 4146 4309 4464 4364 4195 4221 4336 4397 4221 3968 4203 4196 4502 4303 4666 4003 4247 4230 4605 4437 4378 4391 3902 4316 4214 4010 4315 3862 4270 4174 4658 4399 4036 4458 4331 4214 4131 4059 4335 3974 4286 3752 4434 4077 4318 3923 4294 4288 4216 4456 4367 4370 4140 3787 4039 4509 3965 4077 4543 4515 4219 4197 4302 4206 4390 4642 4252 3897 4074 4493 3803 4192 4471 3862 4257 4252 4655 4213 3986 4483 4313 3970 4393 4128 4137 4405 4129 4376 4376 4173 4245 4155 4456 4640 4397 4415 4144 4181 3894 4511 4368 4044 4566 4214 4323 4112 4042 4324 4372 4065 4517 4115 4483 4481 4160 4034 4157 4332 4310 4303 4424 4107 4192 4527 4318 3915 4099 4177 4160 4154 4435 3893 4447 4358 4532 4370 4010 4323 4473 4066 4719 4219 4508 4218 4215 4138 4478 4033 4333 4282 4400 4263 4260 4489 4591 4048 4311 4380 4061 3914 3992 4089 4563 4342 4446 4353 4202 4003 4289 4345 4307 4443 4039 4037 4454 4084 4489 4341 4735 4024 4302 4105 4294 4319 4198 4104 4632 4544 4692 4220 
4098 4332 4301 3978 4138 3722 4181 4674 4305 4243 4072 4310 4286 4298 3932 3991 4422 4451 4109 3887 4156 3897 4205 4232 4471 4340 4244 4060 4536 4378 4305 4265 4021 4298 4423 4075 4068 4012 4114 4190 4614 4216 4403 4406 4147 3972 4311 4013 4184 4019 4251 3808 4455 3896 4132 4011 4266 4194 4210 4423 4384 4208 4252 3512 4217 4294 3938 4116 4532 4226 4364 4116 4361 4093 4222 4323 4072 3963 4024 4254 3949 4225 4238 3927 4085 4053 4258 3995 4239 4263 4339 4025 4298 4316 4046 4575 4110 4275 4294 4144 4010 4288 4200 4282 4202 4358 4320 4466 3792 4398 4507 4108 4432 4324 4178 4191 4075 4178 4046 3869 4641 4371 4498 4340 4123 4202 4283 4449 4173 4329 4176 4125 4067 4300 4226 4028 4205 4207 4345 4221 4566 3827 4480 4094 4430 4277 4007 4195 4341 4263 4485 4239 4464 4335 4111 4149 4407 3934 4294 4147 4313 4173 4052 4073 4591 4138 4333 4299 4171 3908 4072 4096 4485 4436 4474 4415 4309 4325 4280 4448 4485 4597 4110 3920 4309 3898 4649 4225 4754 4056 4177 4338 4403 4547 4525 3990 4435 4330 4397 4303 
4102 4552 4151 4174 4218 3536 4066 4501 4278 4203 4121 4329 4397 4169 4130 4054 4440 4469 4209 3857 4212 4014 4223 4220 4451 4330 4465 4094 4689 4508 4279 4242 3952 4475 4459 4148 4178 3868 4164 3978 4844 4221 4512 4234 4046 4214 4219 4174 4224 3888 4098 3995 4204 4056 4335 4081 4119 4348 4217 4254 4188 4099 4289 3809 4241 4100 3909 4084 4513 4209 4374 3856 4381 4185 4221 4519 4163 3870 4004 4366 4011 4236 4315 4060 4052 4186 4144 3974 4055 4249 4263 4024 4247 4229 4021 4290 4156 4164 4233 4158 3707 4148 4247 4646 4138 4513 4233 4512 3925 4259 4228 3982 4676 4298 4311 4146 4131 4196 3928 4065 4612 4137 4314 4241 4102 4297 4489 4320 4112 4431 4262 4174 4204 4322 4462 4056 4248 4281 4175 4145 4323 3725 4139 3991 4262 4337 4065 4045 4210 4212 4638 4349 4475 4219 4122 4052 4385 3953 4526 4271 4234 4146 4075 4181 4810 4369 4090 4201 4077 3945 4103 4099 4582 4271 4360 4508 4185 4557 4449 4149 4472 4343 4256 3894 4250 4024 4675 4132 4597 4053 4457 3888 4295 4636 4301 3954 4552 4213 4225 4216 
3984 4167 3671 4074 4103 3694 4192 4551 4322 4138 3901 4098 4367 4029 3860 4192 4179 4201 3975 3609 4050 3933 4162 4153 4342 4020 4253 4163 4214 4275 4141 4344 3791 4633 4144 4237 3993 3599 4063 4081 4450 4429 4346 4266 4173 4003 4203 4068 4234 3989 4006 3944 4430 3959 4121 3842 4255 4276 4116 4399 4092 4129 4152 3610 3967 4184 3825 4081 4210 3968 4175 3934 4214 4356 4247 4411 3913 3864 3972 4438 4094 3933 4190 3843 4028 4198 4300 3993 4064 4155 4168 4128 4180 3935 4013 4490 4155 4112 4291 3988 4146 4141 4030 4669 4291 4235 4154 4332 3986 4315 4158 4074 4608 4272 4112 4191 3894 4148 3792 4091 4657 4112 4271 4234 3896 4063 4321 4144 4297 4331 4119 4030 3886 4264 4143 3887 4039 4215 3921 4090 4433 3802 3937 3755 4168 4268 4091 4186 4082 4098 4362 4275 4553 4018 4047 3953 4297 3803 4262 4143 3956 4274 4140 4349 4416 4295 4001 4282 3801 3947 4005 3913 4420 4305 4364 4384 4167 4037 4197 4214 4215 4402 4090 3915 4096 3985 4383 4173 4563 4006 4154 4155 4307 4432 4176 3917 4209 4345 4525 4212 
3768 3957 3746 3639 3868 3430 3907 4267 3970 3963 3931 3822 4233 4037 3847 3931 4238 3995 3951 3754 3660 3679 4078 3701 4294 3907 3943 3948 4188 4085 4156 3842 3476 4291 3861 3695 3690 3478 3811 3840 4425 4049 3913 3778 3770 3776 4001 3848 4025 3671 3766 3423 4159 3682 3915 3748 3969 3981 3729 4035 3797 4055 4087 3529 3719 4115 3758 3991 4151 3963 3895 3769 3732 3945 3930 4287 3800 3588 3872 4134 3720 3848 4029 3634 3765 3733 4070 3698 3684 4148 4021 3804 3950 3670 3685 4005 3859 3723 3877 3753 3841 3885 3996 4352 3898 4117 3880 4129 3531 3907 4186 3715 4358 3762 3967 3644 3633 4038 3816 3794 4134 3800 4004 4007 4044 3896 4207 3849 3942 4158 3807 3991 3884 3928 4126 3581 3838 3735 3690 3867 3971 3753 3927 3580 4254 4168 3782 3786 4101 3953 4208 4022 4199 3901 3744 3748 4184 3559 4092 3864 4008 3896 3994 3966 4253 3722 3852 4076 3686 3914 3742 3717 4184 4026 4094 3866 3875 3795 4117 3915 4085 4316 3755 3782 3946 3824 4109 4141 4184 3888 4109 3585 3790 4104 3942 3641 4278 3986 4310 3938 
3932 4114 3970 3891 4046 3691 4241 4440 4191 4177 4144 4189 4407 4178 3821 4253 4386 4409 4331 3881 3942 4162 4466 4314 4364 4136 4361 4357 4436 4231 4215 4123 3687 4235 4143 4043 4094 3737 4059 3944 4343 4192 4129 4272 4192 4032 4359 4075 4125 3894 4220 4116 4451 3820 4073 3817 4105 4224 3948 4320 4227 3948 4224 3814 3989 4208 4013 3958 4138 4230 4222 4006 4031 4198 4029 4581 4304 4010 4265 4522 3899 3926 4425 3770 3997 3882 4192 4215 3916 4203 4216 3996 4364 4051 4081 4226 3926 4215 4346 4187 4013 3990 4105 4604 4343 4327 4455 4279 3888 4278 4288 4007 4585 4153 4002 3822 3969 4254 4108 3947 4455 3926 4440 4393 4158 4242 4409 4179 4460 4233 4170 4184 4130 4087 4374 3871 4133 4162 4064 4065 4216 3938 4068 3983 4460 4292 4018 4249 4242 4038 4641 4067 4691 4124 4149 4045 4440 3833 4303 4406 4241 4297 4209 4323 4385 4392 4475 4265 3611 4109 4149 3971 4403 4168 4173 4573 4167 4068 4488 4190 4108 4567 4150 4025 4250 4249 4466 4219 4737 4167 4234 3937 4310 4554 4261 3850 4675 4434 4606 4233 
4204 4154 3928 4029 4330 3856 3978 4317 4283 4250 3989 4114 4036 4112 3839 3945 4256 4241 4201 3891 4095 3860 4158 4059 4304 3903 4281 4187 4231 4300 4127 4137 3795 4435 4121 3822 3881 3666 3914 3747 4484 4174 3890 4164 4111 4178 4089 3918 4130 3794 4145 3661 4147 3809 4146 3720 3985 4213 3962 4087 4083 3921 4088 3541 4197 4040 3781 3958 4192 4182 4220 3696 4023 4014 3950 4320 4014 4067 3925 4358 3778 3904 4254 3904 3999 4015 4221 4084 3905 3982 4288 3631 4125 3842 4008 4191 4006 3829 4112 3992 4214 4078 4032 4289 4164 4130 4103 4144 3737 4259 4117 3986 4432 4257 3888 3928 4074 4130 4154 3787 4292 3837 4193 4179 4057 4019 4108 4134 4047 4238 4076 3960 3886 4320 4133 3793 4084 3936 4134 4084 4097 3798 4119 3890 4152 4261 3813 4033 4232 4044 4688 4117 4113 4079 3915 3720 4392 3571 4085 4076 4036 4135 3935 4229 4290 4018 4006 3978 3924 3781 4005 4085 4279 4161 4275 4196 4123 4028 4245 4044 4183 4560 4072 3769 4011 3853 4221 4262 4385 3840 4016 3880 4024 4384 4018 3744 4368 4290 4400 4135 
3751 3940 3903 3903 3821 3730 3798 4497 4244 4017 3955 4029 4395 4149 3981 4091 4218 4350 3926 3759 3921 3863 4094 3894 4230 4057 4112 3980 4541 4191 4116 4017 3844 3836 4029 3874 3918 3986 3913 3839 4613 4081 4074 4143 3866 3867 4218 3760 4137 4036 4106 3637 4210 3948 4255 3791 3961 4007 3773 4216 4284 3927 4198 3526 4195 4175 3694 4229 4210 4193 4046 3872 4061 3970 4098 4289 4080 3800 3994 4064 3856 3842 4112 3858 3830 3914 4170 4066 3823 4303 4172 3959 4156 3934 3971 4333 3833 3965 4156 4180 3823 3833 4157 4317 4060 4041 4192 4165 3684 4294 4137 3892 4565 4023 4012 3816 4005 4114 3956 3838 4300 3968 4048 4175 4113 3986 4324 4079 4098 4159 4010 3849 3803 4146 4231 3865 4043 4213 3976 3858 4039 3512 4198 3924 4353 4263 4038 4197 4157 4050 4578 4321 4469 4001 4139 4091 4305 3638 4214 4046 4352 4045 4005 3943 4148 4045 4239 4362 3758 3780 3895 3870 4448 3956 4119 4288 4041 3875 4272 4149 4335 4376 3955 3833 4047 3919 4319 4204 4411 3731 4079 3886 3989 4274 3938 3618 4485 4256 4191 3910 
4062 4096 3959 4178 3799 3795 3861 4312 4356 3929 4114 4156 4086 4086 4056 4120 4049 4293 3770 3872 3863 3914 4175 4074 4304 3896 4140 3945 4434 4447 3869 4218 3957 4186 4063 3838 3917 4049 4116 3713 4479 4202 4098 3887 3844 3893 4000 3821 4249 4000 3965 3676 4296 3903 4177 3706 3885 3961 3906 4211 4275 4123 4050 3507 4159 4223 3637 3995 4175 4101 4100 3877 4077 4018 4229 4187 3924 3729 3911 4247 3823 3998 4328 3748 3719 3961 4292 3955 3945 4091 3981 4008 4143 3927 4098 4495 3905 4239 4314 4036 3915 4058 4109 4483 3957 4011 4007 4300 3588 4425 4282 3898 4485 4107 4021 3781 3850 4067 4057 4031 4210 3848 4296 4137 4041 3979 4322 3885 4127 4337 4421 4136 3846 4057 4183 4017 4118 4233 4140 4059 3870 3651 4030 3929 4003 4297 4012 3759 4007 4042 4524 4011 4534 4011 4059 3950 4499 3678 3961 4129 4091 4157 4135 3952 4439 4160 4050 4350 3944 3813 4072 3963 4278 4087 4277 4272 3992 3850 4073 4011 4292 4559 4019 4022 3945 3846 4365 4152 4805 3910 4103 4009 4090 4298 3966 3722 4656 4299 4150 4224 
3705 4175 4001 4101 3939 3461 3899 4451 4289 4003 4028 4276 4115 4344 3996 3974 3996 4142 4132 3667 4149 3909 4128 4028 4353 3878 4119 3876 4425 4158 4042 4032 4012 4102 4126 3833 3889 3742 3909 4143 4584 4029 4016 4032 3838 3875 4306 3965 3898 3860 3862 3776 4324 3978 4089 3874 4284 4388 4037 3997 4043 3959 3990 3562 4137 4273 3512 3984 4044 4218 4003 3908 4093 3829 4077 4248 3796 3841 3984 4072 3922 4016 4227 3823 4086 4272 4210 3942 4178 4172 3855 3723 3858 3817 3887 4282 4034 4197 3988 3984 3731 3951 4093 4428 4203 4357 4097 4173 3633 4179 4102 3777 4383 4087 3935 4015 3923 3897 3997 3844 4278 3800 4193 4007 4154 4136 4326 4110 4016 4057 4159 3879 3933 3993 4255 3802 3914 4126 3996 3970 4016 3564 3918 3509 4314 4052 3873 4036 4415 4021 4303 4104 4222 3864 4010 3988 4163 3507 4087 4078 3938 4136 3963 3923 4244 4007 4084 4005 3805 3555 4075 4114 4030 3889 4001 4452 4016 3977 4213 3953 4399 4510 4054 3949 3918 3826 4438 3902 4278 3651 4071 3756 4116 4472 4082 3655 4410 4324 3968 4171 
3761 3871 3827 3633 3860 3397 3803 4358 4015 3800 3677 3756 3853 4138 3781 3786 4099 3869 3834 3384 3717 3634 3829 3740 4108 3876 3893 4145 4109 4017 3924 3812 3624 3978 3875 3592 3724 3603 3846 3779 4190 3959 3979 4201 3637 3710 3775 3586 3926 3679 3739 3586 4059 3836 4130 3630 3828 3933 3722 3884 3908 3791 3948 3267 3905 3898 3636 4075 3990 3756 3966 3925 3861 4058 3982 4031 3897 3844 3710 4103 3872 3976 3866 3514 4017 3978 4166 3735 3513 4162 3663 3839 4012 3773 3758 4168 3819 3860 3913 3987 3830 3687 3848 4167 3753 3937 3938 4024 3247 3940 4081 3760 4287 3940 3767 3744 3746 3988 3452 3743 4061 3842 3937 4062 3837 3805 4079 4021 3752 4073 3865 3822 3612 4083 3974 3628 3691 3729 3890 3855 4017 3289 4059 3748 3998 4060 3830 4034 4004 3769 4362 3876 4264 3707 3938 3729 3979 3444 3768 3854 3946 4013 3694 3766 4040 3996 3680 4015 3697 3559 3713 3681 4015 3890 4119 4159 3864 3931 4214 3752 4241 4247 3858 3556 3801 3944 4226 4028 3948 3657 3837 3793 3772 4233 3930 3520 4018 3932 3953 3752 
4226 4234 3954 4276 4406 3736 4082 4447 4302 4158 4035 4336 4312 4309 4072 4168 4229 4313 4162 4061 4064 3987 4345 4021 4569 4234 4473 4442 4380 4623 4109 4157 3706 4486 4234 3880 4115 3736 4116 3994 4761 4294 4258 4457 4277 4296 4244 4369 4232 3958 4227 3739 4287 4245 4233 3689 4300 4262 4301 4394 4165 4078 4158 3676 4169 4221 3960 4119 4443 4131 4219 3837 4131 4213 4192 4601 4208 4050 4120 4390 4037 4007 4334 3939 4185 4223 4172 4014 3989 4430 4330 4109 4272 4154 4410 4244 4066 4030 4285 4169 3998 4315 4044 4513 4243 4386 4437 4421 3885 4290 4380 3980 4748 4201 4069 3960 4203 4317 4177 4063 4560 4194 4364 4249 4242 4094 4283 4335 4529 4629 4130 4401 4114 4389 4549 3972 4086 4220 4295 4349 4287 4014 4229 4243 4359 4343 4183 4182 4331 4265 4668 4309 4517 4149 3945 3919 4604 3645 4303 4351 4119 4321 3981 4347 4492 4164 4152 4099 4111 3987 4136 4091 4442 4413 4190 4355 4352 4265 4425 4078 4600 4671 4274 4121 4158 3886 4624 4131 4666 4081 4110 4039 4178 4611 4407 4049 4603 4510 4326 4302 
3768 3761 3636 3631 3633 3177 3653 4180 3907 3793 3872 3913 3757 3874 3418 3783 3960 3956 3731 3332 3626 3499 3933 3679 4060 3768 3530 3775 4017 3935 3662 3783 3601 3848 3940 3735 3762 3534 3605 3304 4313 3803 3660 3838 3648 3634 3649 3550 3748 3719 3623 3380 3735 3492 3819 3624 3714 3827 3480 3948 3867 3777 3669 3267 3893 3924 3361 3808 3990 3753 3822 3685 3809 3757 3741 3911 3723 3566 3741 3813 3351 3748 4017 3426 3657 3717 3963 3707 3491 3806 3715 3562 3584 3639 3655 3889 3711 3786 3925 3702 3603 3758 3975 4054 3999 3854 3903 3773 3395 3788 3986 3516 4192 3890 3670 3562 3659 3654 3599 3604 3911 3624 3780 3970 3672 3678 4087 4080 3964 4051 3854 3581 3526 3791 3593 3532 3737 3630 3591 3686 3937 3357 4044 3637 3721 4036 3429 3637 4036 3863 4135 3811 3937 3745 3578 3879 3918 3378 3908 3578 3884 3645 3660 3748 3865 3588 3804 3810 3307 3320 3587 3662 3772 3872 3868 3771 3702 3935 3725 3877 3830 4025 3531 3472 4000 3618 4104 3813 4060 3648 3768 3710 3603 4113 3619 3478 4217 3880 3937 3732 
4025 4335 4057 4196 4303 3826 4457 4778 4346 4277 4135 4409 4381 4397 4214 4098 4328 4269 4410 4091 4234 4167 4452 4308 4457 4298 4373 4420 4818 4514 4365 4451 3934 4269 4308 4125 4023 4141 4063 4161 4738 4384 4499 4487 4181 4289 4294 4100 4518 4193 4330 4135 4365 3882 4170 3999 4218 4200 4049 4328 4268 4472 4310 3877 4390 4485 4020 4234 4535 4278 4346 4162 4428 4310 4174 4709 4360 4009 4182 4527 4009 4055 4248 4100 4114 4051 4541 4153 4047 4518 4492 3818 4248 4084 4238 4450 4294 4666 4403 4517 4148 4480 4475 4737 4550 4427 4471 4528 3749 4410 4336 4105 4862 4485 4106 4082 4255 4230 4428 4190 4561 4162 4279 4537 4216 4296 4566 4436 4281 4486 4157 4395 4007 4434 4440 3958 4253 4416 4240 4326 4102 3971 4187 3993 4532 4424 4196 4459 4439 4266 4533 4257 4561 4330 4312 4203 4597 3966 4508 4397 4530 4349 4236 4350 4797 4135 4398 4296 3971 4027 3792 4175 4656 4294 4198 4492 4215 4171 4554 4235 4596 4834 4366 4241 4081 4187 4691 4431 4583 4086 4247 4200 4395 4665 4363 4111 4609 4640 4446 4503 
3851 4270 4083 4018 4000 3771 4132 4574 4369 3946 4248 4436 4311 4207 4008 4201 4018 4323 4147 3909 4030 3827 4579 4011 4262 4385 4235 4035 4456 4314 4341 4349 3895 4314 4003 4258 3944 3917 4026 4143 4462 4357 4160 4302 4049 4033 4297 4056 4313 3974 4178 3721 4467 3866 4024 3631 4112 4114 4056 4323 4348 4163 4109 3710 4276 4189 3927 4306 4367 4338 4223 4107 4104 4016 4035 4327 4280 3949 3846 4322 4124 4201 4386 3999 3815 4238 4226 4318 4143 4061 4191 4182 4211 3852 4087 4592 3918 4288 4195 3968 4138 4171 4197 4613 4266 3968 4494 4359 3629 4199 4326 4001 4734 4247 4153 4082 4050 4027 3911 4078 4541 4144 4314 4308 4189 4135 4466 4239 4361 4419 4025 4092 3859 4085 4296 3865 4261 4188 4107 4097 4370 4030 4137 3630 4427 4230 4163 4034 4409 4255 4683 4110 4450 4077 4044 4188 4252 3815 4207 4425 4283 4278 4153 4141 4393 4015 4214 4351 3883 3912 3955 4284 4654 3994 4149 4425 4231 4109 4199 4350 4310 4678 4139 4304 4136 3852 4341 4180 4619 4126 4352 4091 4271 4454 4138 3883 4788 4348 4212 4329 
3872 3962 3653 3752 4017 3733 3975 4429 4127 3987 3983 3849 4010 4088 3694 3965 4195 3986 3886 3842 4045 3493 4258 4213 4273 3869 3921 4024 4442 4282 4064 4035 3637 4201 3813 3900 4023 3603 4005 3894 4410 4161 3954 4073 3650 3984 4063 3834 3922 3747 4094 3837 4194 3826 4001 3773 3808 4130 3996 4230 3972 3861 4123 3476 3884 4183 3709 4103 4090 3920 4114 3901 4028 3912 3903 4336 3988 3559 3899 4279 3621 3910 4241 3654 3955 3819 4134 3877 3781 4244 3966 3782 4113 3878 3890 4072 3993 4039 3930 4000 3770 3718 4159 4541 3966 3908 4130 4305 3703 4208 4185 3873 4422 3970 4161 3743 3976 4151 4000 3647 4272 3699 3947 4118 3979 4014 4156 4060 3844 4106 3987 4005 3758 4016 4110 3753 3986 4148 4029 3883 4080 3455 3874 3896 4160 4250 3885 3932 3932 3806 4414 4062 4461 3966 3995 3815 4087 3583 3919 4128 4158 4022 3866 3860 4390 3922 4142 4035 3677 3699 3815 3897 3994 4084 4206 4265 4022 3922 4032 3887 4387 4305 3856 3488 4024 4058 4429 4021 4151 3751 4196 3934 4057 4432 4012 3717 4529 4031 4276 3997 
3293 3583 3735 3537 3820 3412 3461 4246 3788 3709 3518 3759 3614 3653 3738 3815 3924 3857 3841 3281 3450 3616 3665 3750 4116 3596 3928 3519 3957 3712 3818 3635 3452 3676 3667 3454 3471 3388 3553 3692 4043 3822 3741 3905 3756 3553 3708 3446 3840 3901 3835 3536 3856 3245 3639 3456 3855 3653 3488 3893 3760 3767 3951 3369 3790 3692 3369 3790 3655 3620 3697 3577 3671 3802 3636 3967 3661 3259 3554 3801 3269 3577 3702 3474 3541 3609 4150 3481 3678 3852 3618 3663 3760 3603 3565 3846 3536 3915 3883 3562 3784 3596 3851 4135 3804 3763 3775 3891 3187 3769 3708 3446 4118 3993 3652 3717 3550 3717 3514 3524 4022 3495 3581 3965 3656 3871 3763 3795 3667 3648 3797 3858 3558 3652 3951 3467 3762 3755 3539 3676 3637 3569 3743 3252 3938 3935 3929 3677 3911 3657 3969 3710 3862 3823 3720 3341 3891 3397 3686 3981 3863 3821 3787 3605 3998 3711 3798 3872 3540 3434 3593 3713 4026 3681 3960 3829 3713 3457 3630 4015 3893 4155 3653 3598 3679 3547 4034 3697 3965 3443 3846 3698 3649 4032 3912 3428 4207 3937 3999 3895 
4182 4119 4098 4038 4331 3830 4052 4584 4588 4318 4230 4320 4577 4372 4241 4211 4450 4437 4062 4074 4387 4224 4626 4449 4518 4209 4114 4383 4825 4251 4455 4470 4056 4578 4382 4165 4012 3978 4111 4087 4658 4302 4140 4332 4450 4163 4443 4119 4224 4100 4421 4011 4376 4012 4182 4042 4357 4274 3952 4507 4434 4228 4208 3990 4391 4372 3812 4234 4467 4424 4338 4245 4614 4478 4242 4384 4248 4127 4240 4444 4005 4055 4285 3860 4244 4149 4406 4300 3845 4241 4563 4085 4399 4098 3993 4453 4091 4148 4273 4399 3894 3972 4261 4416 4488 4411 4433 4172 3938 4611 4375 4199 4598 4411 3964 4200 4097 4250 4147 4068 4441 4128 4255 4569 4304 4241 4376 4511 4410 4337 4255 4224 4262 4463 4365 4003 4073 4296 4006 4137 4602 3815 4167 4370 4532 4291 4110 4430 4313 4105 4610 4453 4478 4079 3918 4096 4443 3867 4486 4245 4401 4258 4182 4315 4731 4387 4325 4360 3760 4036 4004 4019 4537 4269 4476 4386 3972 4095 4613 4193 4211 4625 4121 3978 4311 4041 4539 4490 4684 4167 4007 4213 4365 4582 4291 3929 4442 4714 4594 4346 
3658 3650 3639 3705 3611 3269 3600 4119 3834 3882 3632 3478 3817 3677 3515 3808 3766 3754 3764 3480 3401 3594 3650 3817 3864 3536 3751 3806 4165 3838 3806 3640 3452 3874 3742 3546 3448 3530 3375 3728 4150 3881 3544 3805 3742 3320 3578 3538 3677 3696 3732 3679 3978 3468 3827 3492 3705 3834 3566 3795 3640 3606 3900 3283 3641 3921 3299 3508 3649 3663 3528 3546 3713 3704 3876 4024 3503 3671 3843 3760 3580 3520 3706 3422 3549 3672 3745 3670 3356 3770 3780 3458 3642 3454 3713 3865 3578 3719 3578 3676 3378 3726 3740 3978 3786 3755 3715 3839 3303 3769 3765 3428 4138 3650 3528 3710 3538 3610 3507 3566 3871 3557 3786 3703 3712 3661 3787 3975 3723 3985 3825 3655 3612 3748 3879 3417 3617 3808 3620 3526 3730 3530 3623 3707 3932 3607 3659 3856 3687 3646 3937 3576 3865 3572 3529 3765 4151 3381 3673 3589 3774 3658 3665 3635 4123 3654 3750 3696 3267 3459 3557 3490 3935 3682 3883 3722 3842 3417 3997 3829 3931 4042 3761 3584 3653 3530 3814 3728 3902 3548 3752 3833 3876 4065 3576 3468 3985 3816 3778 3844 
3798 3928 3778 3791 3770 3153 3974 4129 3932 3727 3945 3830 4040 4089 3750 3972 3844 4061 3818 3551 3899 3707 3984 3818 4296 3859 4041 4034 4385 3872 3821 3948 3622 3968 3852 3538 3921 3760 3879 3655 4179 4030 4118 3891 3831 3619 3782 3783 4059 3673 4025 3493 4109 3686 3859 3467 4060 3847 3632 3739 4048 3761 3846 3579 3989 3844 3618 3822 4148 3882 3759 3837 3806 3937 4083 4192 3856 3703 3843 4139 3404 3747 3944 3701 3836 3848 4158 3689 3773 4055 3965 3473 3917 3867 3829 4175 3685 4104 3937 4082 3886 3811 4140 4160 4148 3884 3901 4182 3602 4126 4055 3826 4335 4040 3927 3837 3835 3959 3771 3924 3924 3825 3836 3957 3979 3920 4069 3834 3915 4110 3932 4078 3684 3811 3948 3682 3925 4023 3893 3789 3915 3626 3820 3703 3881 4153 3720 3837 3881 3719 4379 3759 4188 3692 3919 3831 4164 3614 4082 4093 4220 4001 3948 3904 4084 3855 4039 3899 3549 3912 3567 3748 4066 3779 3972 3962 3890 3802 3987 3913 3901 4412 3934 3768 3869 3557 4342 3947 4150 3786 3877 3741 3909 4370 4052 3831 4297 3950 3923 4001 
4075 4136 4021 3897 4105 3635 4148 4407 4106 4020 4112 4169 4132 4058 3867 4395 4259 4444 4055 3815 4128 3746 3928 4129 4579 3975 4370 4006 4466 4331 4017 4105 3625 4227 4189 3976 3996 3800 4032 3566 4474 4186 4248 4017 4113 3796 4031 3760 4051 3661 3983 3618 4352 3842 4078 3624 4242 4207 3708 4095 3807 4042 4254 3967 4114 3965 3769 3999 4300 4180 4246 3795 4014 3977 4066 4603 4095 4194 3984 4083 3814 3965 4093 4179 4300 4062 4109 4099 3882 4155 4131 3985 4320 3903 3769 4310 3954 4123 4301 4145 4004 4039 4034 4562 4194 4169 3980 4164 3717 4104 4263 4059 4500 4159 4178 4127 3934 4205 4111 3950 4450 3909 4149 4017 3940 4178 4218 4313 3882 4637 4267 3940 3834 3867 3972 3972 4357 4207 4057 4209 4227 3878 4167 3822 4106 4292 4035 3883 4080 4338 4094 3939 4344 3946 4010 3954 4479 3787 4196 4077 4178 4077 4084 4282 4237 4139 4020 4164 3821 3955 3928 3796 4205 4263 4327 4193 4154 4265 4165 4033 4282 4615 3844 3823 4049 4016 4600 4109 4470 4168 4152 3881 4048 4613 4191 3863 4392 4218 4363 4096 
3855 4256 4134 3754 3978 3718 4124 4459 4444 4169 4066 4169 4251 4334 3948 4218 4549 4347 4198 3830 4088 3765 4362 4143 4406 4026 4318 4194 4525 4409 4205 4094 3852 4266 3971 4063 4269 3870 4050 3898 4650 4333 4101 4432 4064 3831 4144 3831 4180 3996 4033 3548 4349 4052 4298 3598 4317 4206 3685 4268 4116 4181 4561 3566 4191 4181 3925 4020 4216 4104 4323 3860 4028 4306 4231 4561 4356 3799 4086 4180 3896 3770 4292 3786 4012 4073 4543 3991 3833 4190 3981 3920 4258 3797 3866 4383 3935 3990 4263 3908 3865 4206 4171 4453 4329 4298 4297 4478 3948 4411 4317 4203 4543 4233 4017 4227 3790 4046 4020 4041 4378 3977 4401 4216 4000 4382 4284 4263 4105 4088 4218 4377 3869 4367 4062 3992 4046 4152 4133 4031 4268 3788 4038 3997 4277 4329 4042 4175 4171 4028 4439 3981 4565 4338 4228 4054 4306 3784 4242 4384 4096 3927 4060 4008 4485 4001 4072 4378 3820 3669 3997 3980 4367 4163 4404 4410 4012 4167 4151 4329 4101 4626 4040 3769 4232 4019 4489 4352 4400 4052 4386 4005 4181 4607 4336 3741 4755 4215 4212 4074 
3967 4349 4211 4119 4278 3986 4386 4365 4543 4118 4590 4591 4507 4428 4397 4569 4810 4728 4336 4165 4331 4399 4722 4517 4558 4182 4522 4442 4926 4705 4543 4309 3895 4258 4448 4326 4375 4065 4362 3998 5073 4511 4416 4680 4168 4204 4318 4284 4481 4206 4450 3927 4594 4010 4423 4270 4278 4344 4231 4509 4536 4434 4597 4051 4590 4388 4018 4411 4678 4405 4532 4136 4305 4539 4552 4689 4407 4249 4236 4482 4125 4324 4533 4103 4348 4471 4510 4387 4226 4427 4487 4033 4357 4213 4087 4591 4514 4449 4465 4180 4312 4285 4536 4914 4461 4682 4433 4621 4031 4711 4721 4356 4902 4536 4449 4353 4522 4345 4315 4311 4762 4272 4511 4661 4324 4168 4667 4620 4223 4645 4462 4088 4382 4574 4633 4146 4523 4516 4456 4431 4488 4076 4380 4206 4716 4591 4222 4232 4461 4370 5004 4526 4587 4588 4363 4245 4621 4291 4536 4439 4388 4237 4283 4309 4872 4467 4301 4410 4290 4148 4157 4338 4760 4550 4404 4510 4309 4214 4626 4412 4506 4814 4262 4174 4407 4441 4886 4363 4741 4174 4517 4230 4487 4832 4612 4055 4717 4505 4670 4479 
4181 4500 4307 4111 4271 3927 4285 4801 4756 4370 4309 4381 4514 4534 4378 4109 4670 4623 4378 3990 4199 4237 4567 4221 4601 4263 4741 4649 4604 4755 4450 4366 4215 4447 4489 4417 4275 3944 4392 4097 5045 4443 4447 4761 4414 4696 4337 4311 4339 4281 4440 4102 4783 4334 4298 4035 4525 4310 4318 4563 4487 4174 4455 3697 4352 4327 4121 4430 4375 4441 4605 4208 4191 4375 4504 4670 4373 4098 4145 4572 4336 4307 4553 4173 4226 4398 4524 4133 4381 4668 4407 4378 4530 4120 4428 4660 4539 4283 4535 4285 4340 4366 4432 4817 4483 4539 4646 4761 4180 4707 4651 4099 4766 4570 4573 4220 4188 4595 4174 4285 4708 4468 4605 4644 4325 4336 4689 4493 4261 4654 4195 4427 4380 4532 4482 4107 4244 4470 4431 4495 4459 4176 4306 4253 4887 4565 4441 4293 4607 4387 4797 4486 4748 4402 4199 4282 4689 4016 4360 4656 4259 4665 4302 4509 4766 4412 4452 4392 4262 4022 4311 4220 4683 4538 4350 4435 4477 4580 4431 4558 4543 4744 4391 4193 4245 4092 4677 4300 4889 3969 4311 4185 4528 4784 4713 4235 4973 4674 4593 4394 
3729 3641 3633 3781 3810 3521 3733 4126 3991 3668 3733 3874 3988 3740 3680 3830 4015 4229 3914 3515 3593 3502 3723 3708 3991 3770 4013 3885 4140 3994 3846 3760 3503 4025 3720 3777 3665 3586 3532 3554 4303 3947 3872 3806 3757 3634 4071 3727 4000 3679 3783 3693 3917 3431 4060 3361 3835 3865 3496 3996 3787 3640 3967 3591 3992 3969 3732 3771 3694 3954 3848 3571 3789 3736 3654 4087 3819 3639 3776 4017 3623 3567 3862 3481 3700 3772 3895 3845 3716 3831 4010 3768 3884 3640 3650 4204 3786 3856 3674 3717 3461 3627 3811 4092 3966 3775 3836 3953 3540 3997 4032 3664 4238 3760 3686 3809 3657 3873 3679 3836 4021 3505 3914 3837 3730 3996 3986 3854 3973 3776 3860 3872 3590 3899 4016 3580 3774 3857 3684 3703 3788 3399 3693 3464 3996 3708 3776 3837 3773 3805 4045 3787 4128 3794 3741 3756 4204 3401 3911 4002 4028 3986 3556 3847 3919 3806 3934 3923 3494 3706 3758 3560 4030 3970 4047 4226 3993 3654 3952 3845 3899 4482 3958 3640 3765 3670 3945 3828 4095 3780 3862 3780 3915 4104 3864 3482 4153 4139 3983 3767 
3761 3924 3886 3700 3974 3517 3863 4232 4091 4047 3883 3886 3989 3949 4025 3887 3767 4205 3931 3590 3784 3730 3923 3783 4537 3935 3782 3952 4364 4061 3985 3934 3651 4031 3854 3734 3608 3472 3840 3707 4354 3933 3792 3919 3719 3650 3963 3883 4006 3609 3885 3451 4146 3776 3892 3620 4010 4081 3765 4238 4000 3927 3905 3648 3813 3943 3702 3867 4029 4028 3909 3862 3867 3796 3821 4268 3915 3705 3929 3894 3686 3930 3892 3594 3895 3992 4182 3831 3556 4165 3882 3648 3741 3793 3852 4144 3653 3783 3838 4053 3456 3714 3893 4283 4070 4101 3985 4083 3827 3791 3832 3881 4312 3794 3756 3588 3732 3838 3884 3590 4283 3424 3813 4190 3940 3886 3964 3960 3917 4209 3690 3845 3799 4014 4071 3632 3890 3513 3972 3641 3961 3631 3734 3656 4222 3994 3903 3771 3900 3852 4290 3894 4096 3599 3849 3893 4267 3626 4065 4009 3905 4124 4184 4011 4182 3799 4028 3916 3494 3444 3690 3816 4201 3810 3902 3996 3981 3822 4191 3920 4057 4198 3704 3774 4035 3918 4081 4108 4255 3767 4053 3791 3857 4131 3870 3767 4322 4053 4201 3851 
3933 4167 3788 3918 3936 3653 3980 4336 4079 4041 3794 3966 4171 4044 3811 3754 4132 4116 3919 3714 3935 3946 4048 3950 4326 4123 4082 3992 4238 4105 3810 3856 3775 4149 4012 3714 3757 3666 3803 3804 4416 3864 4011 4112 3948 3952 3914 3941 4333 3842 4020 3786 3910 3831 3895 3576 3983 3794 3935 4142 3935 3821 4051 3353 3897 4269 3482 4018 4032 4157 3941 4012 3979 4188 4171 4067 3750 3800 3922 4190 3617 3916 4119 3726 3881 3929 3979 3701 3903 4235 4068 3765 3987 4048 4025 4208 3584 3880 3976 3910 3749 3812 4032 4324 3996 4160 3997 4227 3800 4368 4180 3843 4250 4259 3939 3693 3990 3896 3928 3797 4160 3950 4289 3968 4155 4086 4200 4090 3969 4154 3973 4020 3963 4018 4137 3974 3779 4132 3644 3735 4226 3524 3945 3710 4068 4020 3712 3867 4154 4142 4281 4192 4169 4036 3969 3924 4369 3411 4092 4041 3955 3922 3836 3886 4246 4033 3900 4047 3635 3742 4075 3767 4061 3800 4156 4235 3988 3930 4091 3994 4212 4269 4084 3928 3939 3675 4593 3991 4344 3725 3718 3725 4002 4376 4370 3756 4250 4260 4106 4028 
4173 4491 4228 4520 4205 3867 4547 4730 4659 4545 4274 4401 4526 4523 4276 4332 4716 4572 4424 4121 4255 4248 4439 4567 4726 4139 4612 4384 4832 4702 4475 4399 4135 4449 4606 4428 4141 4106 4488 4143 4871 4417 4462 4372 4446 4278 4120 4248 4747 4191 3997 4107 4500 3978 4526 3980 4596 4683 4370 4482 4487 4415 4509 4024 4233 4643 4019 4273 4726 4589 4439 4135 4273 4354 4445 4833 4576 4244 4494 4627 4329 4504 4681 4195 4063 4352 4634 4229 4093 4655 4370 4179 4314 4208 4336 4636 4348 4440 4519 4581 4025 4384 4730 4781 4754 4651 4530 4694 4090 4395 4467 3961 4917 4261 4190 4154 4263 4252 4183 4443 4821 4126 4556 4496 4432 4282 4765 4544 4494 4757 4676 4279 4226 4446 4305 4267 4402 4437 4306 4049 4378 4021 4485 4119 4604 4480 4132 4497 4541 4330 4837 4509 4546 4195 4319 4351 4714 4062 4523 4504 4439 4377 4560 4648 4663 4126 4467 4698 3857 4174 4230 4250 4432 4431 4364 4618 4482 4368 4706 4267 4649 4880 4287 4254 4558 3994 4645 4480 4907 4456 4311 4415 4535 4857 4340 4227 4909 4552 4689 4387 
3433 3628 3387 3381 3534 3120 3309 3850 3695 3486 3570 3561 3471 3600 3699 3331 3854 3815 3440 3097 3693 3598 3726 3529 3843 3417 3575 3366 3875 3627 3438 3711 3387 3635 3708 3381 3434 3439 3582 3417 3908 3568 3485 3643 3505 3457 3748 3378 3697 3483 3697 3428 3776 3288 3450 3346 3564 3880 3420 3774 3721 3475 3937 3253 3706 3665 3277 3459 3787 3679 3480 3525 3688 3687 3583 3726 3439 3189 3553 3637 3218 3467 3437 3415 3721 3480 3837 3373 3483 3695 3576 3374 3725 3372 3517 3478 3469 3647 3805 3781 3457 3583 3678 3717 3661 3847 3539 3571 3327 3666 3647 3506 3886 3744 3423 3512 3485 3514 3436 3459 3740 3574 3554 3704 3643 3669 3631 3739 3828 3663 3479 3453 3443 3693 3490 3485 3540 3589 3647 3379 3627 3337 3646 3465 3675 3615 3431 3510 3571 3344 3666 3605 3797 3579 3720 3427 3730 3417 3823 3769 3606 3556 3609 3450 3793 3593 3384 3745 3183 3377 3318 3503 3777 3574 3539 3899 3540 3419 3741 3606 3647 4061 3641 3402 3511 3450 3792 3709 3753 3610 3448 3523 3687 3882 3572 3473 3768 3571 3687 3758 
3916 3803 3932 3827 4117 3962 4177 4494 4239 4200 3811 4008 4163 4267 3803 4030 4298 4209 4015 3661 3945 3759 4161 4296 4561 3740 4094 4207 4331 4421 4318 4084 3726 4068 4003 4102 3925 3732 3919 3876 4520 4381 4162 4130 4129 4100 3930 3604 4039 3654 3965 3722 4367 3874 4126 3740 3945 4169 3897 4335 4095 3851 4208 3719 3993 4078 4022 4179 4256 4115 4281 4085 3953 3889 4043 4389 4068 3789 3908 4278 3942 3824 4259 3816 4052 3832 4177 3990 3749 4230 4012 3893 3962 3967 3738 4323 3900 4151 3962 3962 3861 4098 4070 4564 4321 4260 4049 4327 3775 4234 4011 3902 4490 4047 3992 3746 3900 4005 3936 3859 4500 3876 4465 4299 4128 3834 4336 4311 4031 4112 4098 3994 4165 4291 4155 3813 4094 4070 4108 3866 4143 3643 4138 3895 4482 4216 4079 4120 4158 3821 4426 3987 4208 3890 4145 3825 4266 3685 4328 4186 4225 4125 3952 4206 4438 3985 4022 4226 4023 3912 3840 4042 4393 4123 3941 4145 4132 3932 4235 4050 4175 4428 4014 3891 4061 4040 4319 4268 4354 3847 4314 3821 3932 4234 4270 3693 4358 4031 4514 4045 
3609 3972 3789 3767 3774 3580 3862 4340 4100 4031 3637 3708 3983 4018 3806 3882 4034 4152 3707 3597 3808 3787 3942 3759 4087 3901 3764 3963 4299 4122 3909 3847 3664 4048 3714 3759 3746 3643 3844 3715 4299 3843 3844 3841 3818 3933 3839 3794 4162 3862 3935 3642 4097 3718 4024 3646 3925 3730 3608 3952 3898 3735 3954 3327 3797 3825 3638 4088 4086 3928 3961 3941 4018 3834 3789 4088 3951 3565 3743 4029 3563 3852 3894 3764 3747 3784 4009 3749 3887 3951 3909 3791 3943 3793 3814 4197 3635 3858 3943 3977 3624 3857 3831 4271 3930 3822 3776 4024 3517 3892 3981 3950 4495 3846 3995 3669 3642 4126 3697 3673 4164 3795 4011 3895 3857 3840 4034 4068 3913 4076 3762 3988 3667 4058 4066 3770 3987 3955 3925 3680 4190 3474 3894 3724 3998 3912 3852 3966 4122 3909 4182 3810 4075 3854 3897 3700 4203 3481 3985 3902 4000 3791 3963 3792 4121 3791 3765 4085 3585 3603 3803 3865 4061 3894 4251 4022 4044 3915 4024 3820 3922 4319 3789 3602 3896 3673 4140 3985 3981 3844 4042 3835 3835 4248 4093 3689 4300 4241 4083 3725 
3868 4029 4062 4020 3885 3674 4090 4098 4378 3980 3903 4165 4156 4047 3924 3972 4173 4183 3969 3698 3944 3794 4154 4180 4350 3878 4281 3972 4440 4158 4036 3972 3842 4037 4194 3990 3962 3850 3846 4046 4299 4031 4066 4214 4099 3954 4216 3991 4260 3760 4116 3761 4152 3737 4148 3602 4221 4000 3844 3941 3937 3985 4344 3654 3811 4140 3749 3959 4138 3957 4069 3967 3963 4239 4253 4245 3967 3761 3989 4060 3979 3741 4244 3769 4097 4053 4364 3787 4012 4207 3972 3885 4083 3789 3770 4435 3984 3785 4095 4053 3936 3809 4075 4440 4207 4201 4031 4360 3928 4145 4004 3882 4491 4114 4059 4072 3866 3947 3839 3974 4311 3783 4148 4092 3914 4052 4302 3936 3998 4120 4111 4022 3925 4022 4350 3923 4063 3950 3917 3866 4131 3803 3801 3787 4228 4143 3856 4187 4149 4074 4326 3891 4368 4124 3728 3935 4348 3728 4261 4263 4217 3930 4042 4133 4158 3948 4106 4073 3965 3663 3933 4090 4066 3722 4174 4311 4061 3912 4049 4110 4331 4437 4010 3972 4174 3849 4223 4071 4329 3753 3858 3912 4128 4430 4202 3809 4391 4139 4222 4198 
3754 3937 3590 3789 3871 3568 4052 4237 3898 3892 3886 3906 4006 3893 3535 3995 3845 3985 3980 3403 3772 3546 3658 3931 4249 3613 3858 3954 4111 3960 3804 3773 3729 4097 3934 3668 3826 3529 3621 3631 4185 4024 3878 4047 3726 3487 3950 3702 4066 3469 4013 3701 4049 3564 3936 3534 4032 3888 3899 4090 3813 3729 3714 3375 3957 3892 3722 3776 4170 3973 3834 3638 3791 3870 3885 4034 3952 3709 3756 4093 3570 3815 4093 3609 3845 3850 4113 3897 3532 4185 3946 3784 3949 3724 3838 4145 3874 4037 3686 3846 3525 3702 3781 4299 4006 4121 3968 4153 3501 4074 3946 3871 4313 3842 3798 3707 3781 3933 3736 3979 4147 3784 3779 3986 4107 3699 3928 4143 3935 4006 3979 3819 3432 3987 3848 3571 3767 3769 3737 3644 3799 3736 3963 3668 3913 4103 3790 3885 3759 3898 4291 3809 4191 3860 3758 3942 4122 3730 4012 3871 3950 4026 3853 3935 4139 3885 3861 3941 3466 3793 3810 3614 4224 3763 4009 4059 3985 3835 4022 3724 4084 4349 3920 3748 3910 3734 4145 4054 4293 3838 3847 3962 3841 3987 3716 3652 4093 4065 3998 4043 
4017 4056 3879 3751 4140 3550 3832 4353 4292 3889 3908 3951 3836 3988 3764 3701 4156 3882 3916 3468 3911 3528 3946 4350 4219 3662 3906 3695 4323 3976 3998 4001 3511 4043 3969 3746 3825 3535 3707 3933 4082 4051 3923 3935 3904 3687 3985 3732 4101 3611 3926 3559 3953 3716 4015 3749 3905 4033 4072 4019 3995 3741 4040 3447 3821 4077 3878 3797 3970 3940 3951 3997 4011 3798 3862 4254 3893 3616 3769 4178 3816 3837 4123 3651 3959 3984 4187 4057 3796 3889 4124 3429 3776 3756 3847 4107 3920 3831 4018 3840 3709 3730 3882 4484 3969 3863 3914 4112 3656 3890 3817 3854 4359 4310 3760 3948 3698 3840 3799 3670 4248 3901 4102 4192 3867 3881 4239 3973 4153 4080 3888 4086 3784 3925 3972 3775 3821 3956 3928 3830 4027 3498 3892 3728 4069 4079 3765 3895 3880 3852 4199 3784 4265 3748 3732 3785 4222 3704 4011 4010 4013 3908 3886 3954 4089 3903 4036 4189 3803 3528 3842 4137 4141 4024 3908 3962 3949 3941 4076 3951 4086 4384 3866 3660 4041 3766 4209 4018 4160 3740 3867 4035 4068 4343 4039 3867 4133 4023 4143 3841 
3509 3978 3750 3662 3805 3327 3578 3867 3838 3551 3530 3774 3814 3999 3732 3611 3842 3944 3688 3706 3780 3536 3863 3742 3937 3710 3901 3878 3996 4230 3563 3887 3323 3835 4091 3658 3386 3658 3758 3453 4118 3869 4006 3882 3920 3907 3850 3797 3801 3532 3749 3135 3734 3594 3868 3573 3737 3817 3642 3632 3761 3602 3672 3126 3782 3773 3712 3668 4028 3528 3818 3632 3812 3921 3943 4119 3835 3523 3663 3762 3572 3616 3991 3592 3690 3628 3905 3616 3280 3912 3807 3525 3522 3637 3507 4008 3604 3851 3851 3729 3472 3859 3773 4155 3909 3904 3893 3987 3511 3973 3834 3670 4125 3936 3706 3723 3894 3653 3634 3631 4026 3585 3819 4110 3860 3606 4016 3995 3830 3779 3787 3874 3568 3809 4023 3831 3769 3791 3650 3687 3690 3294 3693 3622 4056 3900 3649 3760 3834 3880 4197 3967 4182 3524 3476 3724 3815 3400 3881 3842 3951 3770 3608 3781 4023 3821 3984 3691 3725 3603 3604 3577 3711 3856 3612 3864 3614 3664 3963 3869 4006 4182 3768 3532 3822 3439 4221 3799 4141 3674 3776 3360 3750 4094 4039 3841 3919 3819 3824 3872 
3770 3877 3516 3845 3915 3320 3789 4255 4040 3854 3414 3927 3868 3913 3734 3719 3879 4092 3941 3644 3802 3828 3904 3958 3992 3779 4113 3886 4183 4119 3759 4077 3343 3897 3843 3700 3861 3494 3635 3604 4322 3825 3944 4103 3897 4001 3710 3852 4025 3633 3683 3482 3966 3615 3728 3697 3906 3928 3738 4049 3976 3521 3946 3428 3593 3798 3724 3965 3972 3937 3903 3736 3718 3696 3805 4137 3899 3595 3817 4061 3572 3718 4018 3602 3789 3734 3913 3679 3640 3924 4028 3537 3638 3753 3907 4085 3711 3815 4201 3593 3846 3925 4006 4208 3957 3987 4174 4061 3576 3968 4023 3811 4116 3871 3848 3636 3908 3787 3637 3745 4192 3700 3905 3863 3828 3841 3774 3840 3872 4286 3893 3842 3560 3866 4054 3864 3915 4007 3714 3769 3903 3496 3756 3834 3931 3896 3928 3806 3799 3837 4531 3723 4227 3863 3760 3764 3907 3533 4032 4007 3988 3815 3635 3909 4232 3944 4007 3912 3507 3622 3743 3796 4138 3920 4014 4025 3765 3721 3906 3819 3982 4244 3758 3672 3901 3591 4099 3941 4271 3834 3801 3737 3990 4039 4029 3840 4251 4091 4127 3841 
4009 3911 3975 3853 3833 3636 3850 4573 4166 4002 3839 4167 4098 4052 3798 4109 4208 4233 4040 3759 3926 3792 3919 3986 4268 3781 4006 4117 4268 4130 3872 3834 3757 4077 4195 3814 3778 3927 3840 3804 4454 3870 4084 4197 4012 3732 3918 4234 4343 3764 4039 3852 4127 3791 3932 3615 4195 4018 3956 4151 4085 4003 4359 3613 3898 4026 3707 3956 4080 4156 4069 3828 4065 3857 4011 4181 3818 3634 3851 4119 3725 3944 4226 3530 3536 3969 4214 3923 4020 4208 4135 4095 3917 3707 3868 4191 3810 4033 4057 3896 3991 3912 4068 4403 4068 4231 4135 4161 3540 4226 4075 3945 4431 4007 3891 3781 3780 3890 4021 3958 4265 3712 4006 4163 4110 4055 4100 4038 4049 4086 4130 4019 3651 4057 4107 3646 3877 3751 3769 3835 3806 3863 3930 3765 3911 4212 3935 4207 4133 4020 4383 3922 4241 4060 3977 3833 4165 3613 4040 4153 4046 3928 4060 4029 4400 3989 4019 4174 3709 3752 3852 4147 4272 3937 4221 4466 3887 3777 4288 4001 4160 4474 3837 3699 4185 3854 4317 4068 4482 3827 3768 3817 3948 4154 4023 3734 4272 4271 4427 3994 
3828 3816 3685 3415 3518 3381 3921 4044 3932 3648 3748 3974 3782 3728 3688 3778 4164 3979 3884 3502 3625 3682 3750 3875 4264 3383 4006 3661 4476 3916 3949 3822 3616 4033 3947 3890 3937 3653 3667 3797 4157 3963 3919 3810 3987 3522 3855 3656 3818 3506 3752 3800 3798 3505 3877 3390 3912 3966 3251 3938 3825 3674 4100 3445 3685 3835 3467 3781 3908 3750 3839 3602 3962 3876 3794 4141 3916 3347 3820 3883 3537 3651 3751 3732 3844 3713 4206 3616 3808 3857 3805 3579 3845 3754 3535 4023 3712 3813 4068 3919 3556 3837 3783 4132 4060 3840 3844 4073 3558 3956 3949 3726 4254 3748 3568 3837 3683 3934 3852 3867 3953 3630 3825 3799 3838 4051 4047 3845 3872 3797 3968 3742 3762 3814 3742 3896 3842 3876 3755 3705 4039 3597 3791 3370 3826 4099 3622 3971 3863 3653 4241 3627 4295 3872 3657 3511 3995 3590 4211 3774 3821 3915 4065 3872 4054 3797 3845 4013 3316 3595 3691 3797 3967 3888 3916 4208 3930 3813 3750 3778 4010 4190 3771 3768 3933 3691 4111 4055 4202 3669 3887 3805 3851 4100 3837 3573 4204 3887 3954 3912 
4027 4318 4054 4285 4071 3717 4002 4515 4419 4081 4148 4402 4211 4380 4027 4278 4256 4341 4415 3974 4047 4164 4362 4389 4451 3997 4360 4313 4880 4511 4146 4267 4034 4249 4266 4155 3992 3890 4032 4040 4827 4129 4479 4446 4200 3949 4420 4278 4449 3904 4476 4174 4239 4014 4401 3898 4432 4321 4285 4301 4102 4091 4259 3801 4326 4546 3978 4143 4398 4399 4397 4134 4301 4185 4130 4646 4500 4042 4203 4110 4087 4316 4407 3878 4220 4421 4497 4001 3974 4522 4332 3918 4240 4011 4055 4558 4082 4375 4093 3991 3856 4115 4257 4491 4390 4298 4246 4600 3908 4493 4350 3975 4409 4036 4082 4476 4201 4570 4155 3943 4434 3835 4174 4326 4583 4375 4444 4596 4405 4324 4164 4253 3892 4457 4455 3995 4000 4229 4271 3859 4388 3735 4037 4207 4585 4372 4209 4234 4228 4235 4636 4152 4588 4153 4049 4124 4657 3875 4214 4484 4309 4159 4140 4313 4540 4339 4231 4310 3981 4050 3973 4178 4272 4196 4214 4497 4088 4368 4293 4186 4687 4753 4024 3932 4340 4120 4527 4256 4669 3822 4218 4152 4374 4802 4197 4092 4644 4383 4445 4153 
3888 3960 3937 3924 3798 3589 4041 4299 4256 3929 3973 4205 4316 4072 3843 4056 4261 4275 4036 3500 4248 3779 4063 4080 4248 3866 4415 4131 4480 4147 4165 4054 3527 4163 4116 3871 3879 3791 3857 3905 4497 3853 4067 4058 4058 4033 4291 4003 4004 3933 3991 3737 4403 3714 4063 3880 4105 4127 3843 4133 4130 4122 4341 3791 3971 4007 3920 3923 4298 3996 4072 3767 4040 4064 4066 4393 4020 3614 3856 4211 3724 3864 4245 3712 3981 3828 4158 4028 3977 4077 4148 3964 3841 3920 3859 4126 4034 4228 4151 4156 3994 4130 4052 4353 4298 4325 4168 4549 3646 4296 4156 3871 4603 4281 4179 3916 3910 3859 4006 3973 4316 3798 4215 4140 4016 4267 4340 4187 4149 4239 3841 3912 3918 4137 4275 3928 4055 4068 3972 4139 4128 3790 4040 3829 3992 4107 3911 4036 4233 4029 4370 3891 4475 3956 4147 3959 4270 3866 4298 4254 4103 4068 4023 4015 4344 4164 4108 4241 3573 3819 3872 3901 4266 4023 4228 4291 3861 4037 4418 4006 4267 4509 4049 4042 4126 3959 4626 4060 4451 3859 4037 3749 4173 4518 4181 3714 4551 4211 4163 4079 
3848 4030 3782 3841 3960 3512 4034 4391 4236 4055 3798 3929 4112 4045 3910 4068 4143 4101 3975 3651 3995 3860 4113 3992 4454 4047 4331 4220 4384 4267 3867 4016 3779 4246 4121 3776 3895 3664 3826 3894 4503 4188 3873 3980 3691 3841 4150 4148 4057 3892 4009 3838 4305 3839 4131 3920 4046 3997 3773 4166 4017 3924 4154 3275 3960 3935 3690 3950 4116 3995 3838 3763 3802 3925 4184 4323 4013 3629 3928 4038 3454 3923 4090 3646 3723 3890 4071 3832 3882 4054 4023 3734 4075 3752 3805 4174 3837 3796 3919 3915 3680 3834 4098 4327 4081 4026 4139 4298 3759 4265 4092 3629 4349 4167 3851 3831 3840 3886 3870 3972 4253 3711 4031 4118 4063 4175 4432 4188 4232 4123 3760 4132 3830 3927 4021 3751 4065 4147 3944 4025 4078 3284 4069 3933 4097 4154 3980 3843 3822 3815 4274 4040 4375 3792 3891 3797 4244 3445 4050 4103 4227 4046 3955 3874 4356 4266 4158 4341 3503 3759 3908 3934 4081 4079 4223 4329 4069 3991 4024 4231 4489 4235 4049 3719 3934 3949 4134 3941 4183 3695 3919 3901 4017 4470 4135 3758 4315 4111 4114 3863 
4178 4351 4347 4081 4047 3902 3993 4765 4598 4466 4235 4327 4169 4310 4251 4145 4601 4542 4488 3904 4298 3996 4315 4297 4629 4468 4437 4453 4504 4337 4080 4289 4149 4330 4349 4118 4021 3857 4210 4107 4631 4259 4187 4315 4348 4273 4374 3962 4478 4230 4410 3923 4414 4020 4239 3976 4347 4437 4188 4378 4274 4126 4228 3817 4319 4378 4069 4229 4192 4495 4497 4125 4204 4467 4289 4422 4053 3908 4064 4483 4145 4209 4462 3933 4045 4213 4475 4014 4099 4613 4448 3995 4141 4312 4152 4509 4137 4405 4329 4057 4131 4422 4373 4460 4527 4281 4471 4610 3935 4449 4583 4052 4516 4204 4282 4159 4143 4274 4233 4130 4450 4298 4506 4466 4205 4449 4370 4446 4304 4371 4109 4209 4124 4232 4371 4107 4087 4171 3827 3926 4463 3872 4430 3997 4428 4474 4149 4176 4436 4296 4739 4236 4449 4224 4305 4214 4527 3749 4238 4527 4203 4226 4211 4450 4463 4272 4407 4449 3765 4084 4046 3875 4730 4136 4120 4545 4212 4365 4375 4244 4265 4615 4174 3934 4362 3844 4617 4304 4847 4048 4291 4158 4460 4798 4409 3944 4753 4445 4468 4335 
4299 4554 4355 4334 4412 4050 4553 4782 4543 4372 4313 4474 4433 4600 4350 4133 4582 4693 4547 4060 4273 3949 4554 4370 4701 4529 4643 4328 4727 4427 4591 4467 4066 4575 4325 4156 4235 3925 4229 4137 4698 4512 4172 4562 4187 4443 4255 4153 4292 4066 4422 4015 4598 4176 4231 3988 4377 4463 4063 4369 4453 4040 4417 3746 4166 4400 4005 4441 4442 4371 4420 4273 4256 4161 4388 4706 4320 4119 4100 4644 4270 4156 4585 4019 4293 4011 4374 4402 4203 4506 4471 4213 4344 4278 4466 4675 4242 4344 4376 4275 4276 4341 4362 4759 4339 4513 4574 4498 3907 4511 4213 4337 4990 4517 4220 3750 4110 4442 4174 4153 4614 4188 4650 4495 4440 4656 4418 4400 4485 4554 4387 4356 4341 4371 4590 4078 4360 4338 4428 4268 4408 3787 4465 4086 4434 4501 4388 4482 4460 4102 4785 4261 4638 4193 4370 4076 4791 3766 4379 4260 4399 4563 4195 4366 4514 4290 4440 4380 4200 3974 4162 4379 4877 4374 4498 4425 4370 4367 4559 4482 4550 4913 4408 4220 4350 4133 4842 4534 4728 4180 4424 4057 4430 4739 4340 4006 4804 4570 4616 4403 
3933 4066 3820 4018 4200 3471 3858 4357 4231 3900 3780 4219 3944 4308 3937 4062 4244 4202 3877 3612 3937 4117 4206 4003 4253 3884 4240 4277 4201 4308 3957 4287 3878 4153 4436 3926 3924 3644 3962 3918 4481 3996 4093 4187 4054 4158 4055 4086 4236 4070 3951 3649 4195 3908 4041 3912 4114 4079 4019 4183 4112 4084 4071 3632 4056 4169 3824 4049 4064 4247 3941 3844 4010 4155 4031 4129 4147 3885 3948 4281 3692 4019 4298 3837 4035 4030 4307 3779 3793 4231 4059 3842 4244 4046 4001 4034 4002 4124 4308 4105 3798 4090 3977 4419 4208 4296 4288 4137 3835 4301 4320 4023 4518 4228 4018 3851 4127 4160 4007 4038 4191 3966 4248 4149 4024 3888 4242 4233 4002 4179 4161 4169 3842 4336 4321 3785 4155 4116 4127 4015 4034 3635 4045 3946 4272 4327 3956 4091 4232 4070 4360 4268 4586 3878 4065 4120 4204 3803 4087 4243 3955 4024 3888 4126 4319 4209 4253 3942 3909 3845 4135 3960 4228 4218 4158 4431 4094 4015 4242 3976 4311 4390 4271 3897 4017 3871 4647 4136 4647 3768 3902 3872 4144 4319 4065 3779 4272 4323 4201 4119 
3936 3919 3837 4083 3980 3592 4070 4316 4312 4142 4043 3963 4140 3977 3926 4131 4207 4164 4053 3769 3982 4033 4191 4102 4339 3833 4123 4071 4777 4130 4323 4182 3869 4305 4337 3753 4086 3841 3887 4151 4449 4237 4071 4197 4018 4144 4242 3904 4214 3980 4129 3925 4193 3644 4094 4076 4163 4236 3914 4159 4129 4171 4245 3743 4141 4190 3864 4095 4254 4347 4104 4135 4045 4112 4210 4291 4178 3867 4097 4425 3837 4237 4285 3670 3939 3953 4217 3985 3949 4148 4186 3799 3978 3859 4025 4428 3925 4225 4197 4070 3954 4153 4111 4438 4212 4102 4142 4474 4077 4163 4157 3849 4592 4357 4028 4103 4013 4259 3741 3917 4401 4027 4178 4200 4284 3904 4354 4220 4058 4206 4046 3943 3856 4262 4301 3984 4102 4210 3947 3995 4118 3714 4078 3801 4259 4173 4019 3858 4506 4091 4323 4074 4311 4030 3999 4097 4303 3727 4171 4309 4229 4078 4194 4050 4370 4186 4003 4362 3795 3852 3924 3958 4230 3982 4308 4073 4222 3981 4244 4188 4239 4583 3926 3997 4164 4020 4318 4323 4230 3908 4263 4042 4135 4500 4226 3793 4576 4180 4415 4179 
3993 3992 3719 3974 3905 3552 3970 4263 4188 3948 3754 3851 4201 4094 3702 3996 4243 4099 4010 3744 4052 3779 4155 4091 4198 3795 4143 3924 4348 4272 3805 3932 3680 4191 4009 3870 3757 3580 3901 3926 4231 3925 4036 4037 3989 3999 4282 3920 4280 3672 4044 3910 4099 3539 3915 3784 4127 3985 3794 4041 3981 3772 4149 3661 3896 4005 4029 4037 4071 3898 4229 3900 4152 3928 3794 4263 4085 3925 4062 4103 3906 3844 4145 3790 3690 3837 4162 3845 3895 3987 4109 3972 3898 3578 3907 4317 3952 4100 3992 3886 3900 4045 4047 4502 4161 4055 4054 4339 3898 3985 3968 3748 4527 3905 4036 3979 3892 4052 3827 3697 4291 3863 4157 3878 4049 3956 4130 4128 4091 4067 3800 3824 3883 3938 4207 4002 3908 4096 3775 3846 4143 3451 3812 3742 4225 3859 4010 3954 4078 3889 4233 3764 4156 4059 4086 3805 4299 3431 4078 4148 4062 3986 3997 4065 4377 3958 3990 4179 3755 4003 3850 3716 4031 4141 4172 4218 4004 3951 4108 3852 4022 4570 3849 3822 3994 3766 4476 3892 4120 3861 3738 3916 3992 4488 3991 3686 4474 4084 4223 4010 
3632 3739 3621 3643 3905 3574 3794 4060 3872 3804 3925 3845 3791 4133 3447 3817 4150 3782 3816 3547 3884 3644 3994 3914 4199 3633 3960 3732 4141 4058 3962 3801 3826 4132 3840 3675 3834 3413 3655 3374 4097 4031 3816 3772 3652 3699 3888 3654 3834 3438 3920 3561 3963 3513 3915 3808 3748 4042 3973 3845 3998 3623 3677 3340 3631 4014 3436 3576 4066 3782 3677 3643 3794 3804 3678 3854 3769 3542 3831 4148 3595 3583 4089 3643 3794 3849 3900 3883 3612 3861 3955 3609 3854 3697 3667 4012 3885 3758 3845 3860 3711 3744 3913 4244 3944 3721 3930 4135 3580 4113 3687 3632 4126 3798 3822 3511 3677 3863 3677 3687 3951 3687 4007 4128 3856 3678 4186 3770 3985 3898 3779 3783 3620 4042 3986 3498 3534 3944 3866 3863 3973 3560 4008 3653 3965 3864 3393 3599 3934 3580 4165 3897 4010 3733 3753 3578 4135 3395 3962 4001 3720 4029 3829 3836 3947 3785 3858 3955 3632 3615 3873 3662 4017 3922 3756 4039 3886 3732 4102 3987 3764 4247 3640 3836 3842 3621 3964 4048 4218 3735 3693 3806 3903 4210 3775 3614 4333 3978 4045 4038 
3624 3582 3655 3690 3856 3371 3584 3924 3860 3799 3794 3946 3834 3906 3653 4060 3813 3959 3898 3719 3798 3750 3905 4015 4133 3537 4097 4007 4221 3902 3782 3849 3381 4192 3921 3865 3932 3468 3690 3581 4097 3835 3902 3892 3939 3530 3814 3741 3640 3743 3672 3436 3974 3647 3695 3516 3896 3764 3523 3907 3956 3874 3710 3532 3639 3697 3624 3542 3936 3915 3813 3519 4198 3949 3656 4098 3786 3548 3754 4019 3418 3546 4075 3500 3751 3835 4109 3610 3589 3909 4089 3672 3938 3727 3541 3849 3695 3658 3743 3716 3633 3900 3757 3835 4152 4040 3782 3858 3330 3836 3814 3749 4205 3673 3666 3661 3501 3893 4083 3586 4264 3699 4072 3745 3734 3829 3929 3899 3819 4104 3781 3543 3650 4120 3711 3682 3869 3826 3751 3857 3948 3575 3621 3684 3993 3921 3502 3858 3603 3782 4378 4019 4238 3897 3743 3474 4077 3395 4060 3985 3824 3831 3787 4034 4095 3916 3879 3842 3499 3679 3662 3680 3893 3973 3853 4072 3821 3725 3963 3830 3787 4297 3666 3443 3828 3575 4136 3921 4389 3873 3738 3764 3772 4098 3790 3781 4294 4126 4255 3959 
3788 3827 3838 3745 3724 3592 3831 4563 4126 3887 3762 4044 3975 4070 3526 3794 3988 4072 3739 3438 3808 3826 4029 3854 4072 3859 4210 3859 4294 4081 3893 3880 3632 3999 3832 3744 3812 3819 3659 3671 4221 3983 3853 3944 3875 3913 3777 3584 4059 3620 3924 3922 3798 3542 3879 3656 3787 3796 3958 3952 4077 3837 3839 3410 3853 3905 3529 3926 3866 3970 4093 3896 3916 4056 4012 4040 3826 3679 3743 4301 3731 4058 3993 3560 3616 3842 4142 3710 3705 4172 4156 3593 3918 3777 3723 4347 3798 3922 4019 3964 3897 3946 3995 4366 4029 3837 4086 4208 3633 3952 3984 3458 4277 3820 3947 3492 3886 3959 3932 3579 4191 3666 4076 4236 3791 3908 4172 3936 3900 3873 3773 3936 3801 3830 4031 3538 3880 3786 3856 3838 3720 3455 3972 3939 4016 4160 3795 3941 3972 3564 4322 4062 4210 3867 3746 3629 4037 3742 4050 3909 4165 3997 3825 4072 4235 3706 4185 4007 3678 3689 3649 3737 4092 4023 3920 4040 3834 3952 4122 4047 4097 4198 3759 3535 3864 3795 4247 3819 4385 3615 3920 3898 3783 4129 3937 3737 4325 3954 4310 3916 
3937 3950 3871 3721 3896 3564 3700 4246 3883 3982 3994 3903 4138 3852 3835 4080 4161 3876 3909 3816 3779 3708 3975 4084 4202 3907 4055 3912 4532 4286 3989 4071 3773 4254 4261 3811 3871 3776 3873 3936 4444 4097 4044 4148 3926 3752 3943 3962 4042 3527 3949 3572 4045 3569 3903 3738 3876 4026 3893 3944 3988 3938 4032 3299 3901 4140 3529 3847 4145 4100 4027 3755 4077 4116 3980 4392 3960 3613 3827 4275 3829 3777 3847 3701 3900 3913 3941 3848 3687 3949 4234 3650 4040 4015 3688 4128 3822 3729 3842 3887 3521 3875 4056 4359 4022 3903 3948 4313 3629 3971 4159 3780 4446 3785 3728 3825 3697 3936 3664 3816 4158 3760 4091 3997 4192 3943 4050 3927 3894 3913 3883 3860 3743 4110 3982 3719 4097 4178 4012 3885 3975 3428 4040 3714 4036 3849 3724 4051 3961 3856 4249 4289 4158 3882 3867 3880 4192 3633 3964 4041 4234 3908 3663 3592 4377 3778 3876 4155 3744 3807 3797 3724 4056 3860 4180 4031 3884 3967 4113 3837 4054 4404 3609 3716 3962 3781 4173 3973 4124 3671 3986 4036 4119 4314 4067 3724 4351 3992 4111 3924 
3606 3938 3731 3760 3761 3488 3585 3983 3858 3787 3715 3738 3783 3770 3585 3681 3862 3848 3720 3497 3643 3576 3950 3932 3767 3672 3782 3624 4120 4006 3583 3664 3368 4016 3684 3737 3714 3473 3585 3554 4104 3971 3679 3633 3678 3608 3892 3663 3850 3404 3764 3540 3877 3288 3857 3360 3881 3875 3444 3962 3681 3929 3677 3285 3826 3615 3463 3516 4083 3641 3731 3551 3692 3863 3727 4188 3827 3447 3616 3852 3543 3758 3653 3426 3593 3692 3864 3729 3552 3671 3776 3504 3629 3371 3634 3949 3528 3777 3830 3791 3575 3713 3829 4004 3865 3918 3824 3849 3480 3695 3741 3447 4178 3805 3581 3765 3877 3593 3758 3436 4068 3578 3633 3828 3655 3858 4016 4087 3869 3824 3768 3645 3433 3832 3631 3572 3504 3638 3887 3774 3903 3406 3701 3561 3924 3918 3627 3726 3791 3726 3961 3810 3863 3673 3745 3585 4002 3469 3498 3744 3951 3647 3586 3997 3941 3720 3749 3801 3397 3454 3656 3663 3938 3667 3821 4065 4007 3509 3868 3836 3866 4066 3766 3683 3701 3608 3852 3715 3954 3596 3523 3702 3813 4149 3898 3554 4001 3862 3904 3770 
3705 3918 3910 3662 4015 3622 4026 4363 4058 3863 3788 3895 4016 4089 3984 3807 4207 4230 3727 3464 3903 3810 4273 3844 4178 3967 3955 3991 4448 4048 4243 3676 3794 4103 3799 3690 4025 3886 4001 3916 4377 4036 3994 4330 3849 3897 4051 3753 4159 3780 4055 3658 3719 3817 3796 3655 4012 3978 3902 4250 3950 3770 4146 3471 4023 4101 3681 4074 3949 3885 4228 3890 4161 4062 4052 4065 3695 3811 3572 4547 3744 3979 4060 3694 3749 3998 4108 3712 3948 4131 3984 3744 4051 3930 4011 4614 3851 4010 4130 3793 3816 3881 3996 4177 4306 3859 3947 4135 3652 4096 4057 3764 4143 4127 3923 4029 3936 4113 4036 3733 4443 3932 4074 4180 4055 3905 3988 4150 3954 4163 3952 4038 3812 4229 4202 3668 3830 4098 4047 3924 4151 3553 3925 3937 4293 3933 3907 4145 3983 3752 4327 3990 4163 3887 4003 3828 4055 3559 3979 4238 4198 4130 4112 3989 4211 3935 4050 4094 3872 3485 3863 3901 4173 3996 3965 4390 4040 3776 4135 4085 4070 4317 3818 3550 4009 3604 4087 4149 4287 3565 3909 4133 4149 4233 4214 4019 4276 4150 4293 4070 
3856 3857 3857 3967 3956 3575 3701 4380 4216 4181 3765 3997 4097 4088 3698 4057 4211 4165 3908 3667 4015 3523 4131 4001 4379 3942 4090 3902 4291 4099 3869 3889 3904 4068 3871 3761 3942 3855 3838 3636 4223 3882 3918 4053 3805 4063 4147 3933 3942 3724 3867 3685 3922 3782 4098 3760 4130 4315 3874 4203 4074 3969 3965 3485 3879 4107 3698 3842 4235 3952 3868 3875 4085 3939 4330 3938 3992 3680 3951 4224 3845 3931 4215 3673 3951 3900 4100 3916 3797 4027 3887 3841 4040 3783 3983 4274 3800 3942 3755 4047 3657 3846 3958 4255 4073 4083 3979 4306 3714 4015 4139 3487 4338 4101 4075 3856 3791 3850 3756 3583 4225 3849 4130 3981 4104 4001 4138 4269 3885 4119 3884 3949 3712 3995 3869 3767 3836 4269 3866 3889 3928 3628 4083 3914 4287 4120 3590 3757 4034 3936 4210 4014 4150 3997 4013 4023 4286 3473 4103 4073 4025 4003 4015 3952 4361 3898 3873 4207 3575 3576 3797 3719 3914 3663 4134 4291 3983 3966 4261 3950 4104 4295 3889 3540 3977 3702 4221 3866 4148 3825 3817 3987 3913 4357 4086 3911 4550 4131 4176 3822 
4017 4134 3933 4060 4010 3711 4088 4434 4266 4021 4248 4191 4412 4109 3753 4259 4362 4323 4014 3820 4077 3820 4198 4386 4506 4052 4307 4092 4561 4209 4126 4118 4017 4172 4045 3852 3857 3919 3913 3926 4647 4157 4006 4061 3970 4016 4124 3972 3961 3541 4045 3785 4448 3807 4148 3847 4258 4127 4054 4268 4098 4110 4047 3598 4256 4263 3941 3949 4386 4275 4175 3932 3996 3864 3989 4442 3941 3884 3993 3971 4022 3926 4215 3915 3863 4162 3963 4186 3976 4093 4178 3997 4134 4006 4071 4307 3916 4138 3990 4304 3790 3952 4200 4430 4111 4361 4326 4430 3654 4325 4304 3860 4484 4120 4276 3934 3979 4131 3856 3827 4409 4000 4269 4506 4117 4060 4364 4261 4035 4416 4058 4054 4008 4173 3844 3914 3982 4360 4032 3905 4174 3734 4163 3966 4214 4341 4076 3785 4088 3908 4442 4203 4391 3810 4051 4277 4486 3765 3979 4025 4192 4149 3982 3956 4323 4080 4163 4607 3961 3849 3819 4049 4422 4047 4069 4215 4113 3989 4176 4136 4248 4395 3894 4052 4181 3972 4377 4053 4525 3920 4023 3893 4275 4512 4189 3837 4649 4300 4280 4183 
3805 3776 3806 3794 3707 3507 3713 4303 4091 3968 3947 3888 3907 3802 3704 3712 3972 4092 3958 3502 3787 3821 3801 4026 3960 3809 3767 4065 4102 3995 3851 3836 3551 3891 4111 3722 3899 3642 3526 3594 4400 3969 3773 3977 3732 3968 3798 3562 3988 3652 3794 3730 4117 3806 3853 3576 3756 3827 3685 3885 3993 3790 3859 3371 3851 4029 3565 3771 3931 4063 3750 3688 3785 3708 4111 3952 3804 3471 3603 4102 3556 3888 3900 3553 3877 3811 4065 3776 3680 3789 3931 3665 3761 3845 3915 4141 3783 3946 3780 3778 3781 3867 3868 4143 3957 4019 4163 3885 3556 3976 4053 3767 4186 4024 3823 3784 3759 3824 3666 3665 4091 3696 3949 3828 3932 3721 3769 3973 3801 3864 3952 3776 3623 3749 3841 3703 3732 3875 3829 3764 3954 3721 3903 3828 3787 3963 3693 4068 3976 4007 4005 3886 4071 3801 3775 3863 4176 3519 3850 4017 4091 3913 3825 3896 4093 3653 3951 3875 3517 3503 3800 3782 4240 3782 4077 4068 4134 3744 3916 3799 3709 4255 3836 3516 3936 3715 3911 3967 4372 3869 4013 3813 3963 4032 3793 3606 4272 4160 4153 3989 
4063 4264 3843 4068 4060 3820 4038 4557 4377 4238 4080 4039 4319 4229 4018 4071 4243 4409 4137 3921 4223 3923 4127 4108 4308 4043 4096 4229 4552 4348 4087 4236 3896 4378 4464 3968 4017 3739 4293 3872 4598 4375 4439 4315 4179 4037 4119 4004 4361 3989 4399 3716 4370 3924 4222 3803 4110 4194 4018 4094 4203 3836 4216 3548 3987 4114 4022 4250 4391 4248 4196 4034 4307 4243 4229 4515 4124 3900 4085 4368 3806 4092 4200 3917 4049 3965 4368 3980 4056 4370 4235 3943 4159 4099 4060 4462 4076 4132 4307 4164 4165 4170 4146 4586 4108 4507 4208 4377 3981 4434 4456 4330 4743 4249 4245 3855 3891 4201 4142 4075 4533 4015 4229 4485 4153 4187 4375 4096 4295 4176 4058 4452 4012 4183 4172 3934 4197 4195 4038 3930 4194 3762 4172 3987 3942 4149 4185 4109 4340 4298 4524 4117 4373 4090 4063 3920 4522 3897 4415 4253 4285 4251 4087 4377 4407 4165 4104 4351 3999 4000 4081 4047 4529 4326 4319 4141 4381 4115 4303 4249 4351 4560 4006 3810 4092 3857 4554 4375 4562 4063 4264 4185 4320 4462 4279 3918 4399 4174 4308 4065 
3759 4180 3690 3875 3911 3597 3710 4423 3960 4155 3802 4007 3959 3915 3867 4056 4163 4002 3930 3517 3919 3757 4167 4112 4319 4039 3882 4067 4276 4082 3953 4001 3664 4230 3816 3718 3875 3740 3902 3787 4386 4265 4037 4102 3898 3965 4121 4005 4037 3662 4026 3864 3997 3582 3876 3864 4178 4010 3820 4383 4052 4053 4138 3424 4012 4096 3862 4005 4324 3994 4047 3753 4013 4020 4052 4157 4027 3738 3953 4329 3589 4033 4197 3451 3822 3929 3964 3904 3868 4126 4122 3765 3908 4015 3975 4317 3959 4007 3893 3991 3735 3968 3874 4435 3955 3981 4072 4113 3524 4005 4082 3782 4510 3951 4028 3995 3828 4096 3784 3830 4206 4042 4173 4097 3962 3901 4224 3967 4250 3993 3913 4169 3539 4104 4025 3816 3861 3983 3840 3841 3798 3602 3955 3850 4148 4266 4020 3959 3836 3956 4443 3958 4328 4144 4174 3946 4204 3679 3998 4087 3948 3905 3924 4071 4290 4034 4207 4115 3844 3841 3767 3855 4136 3890 4013 4226 3998 3722 4138 4009 4144 4558 3818 3751 3753 3853 4147 3991 4392 3576 4036 3982 3913 4301 4239 3794 4395 4052 4444 3775 
3620 4071 3665 3772 3544 3376 3751 4137 4091 3851 3566 3703 3972 4027 3453 4029 4259 3970 3680 3451 3592 3570 3920 3860 4166 3706 3809 3878 4048 3877 3881 3724 3629 4083 3963 3517 3994 3286 3591 3656 4263 3796 3828 4080 3550 3729 3834 3550 3792 3697 3663 3575 3923 3685 3769 3861 3851 3820 3669 4021 3881 3815 3815 3286 3795 3982 3344 3974 3912 3999 3920 3708 3586 3791 4063 4053 3825 3731 3582 4129 3437 3865 3919 3711 3975 3668 3903 3760 3674 3947 3833 3614 3938 3752 3605 4349 3734 3717 3883 3682 3702 3809 3729 4225 3859 3850 3883 4055 3508 3865 3840 3579 4309 3828 3841 3767 3722 3787 3767 3586 4000 3808 4023 3661 4018 3714 3905 3641 3764 3897 3747 3870 3777 3800 4083 3667 3894 3789 3719 3631 4117 3520 3969 3671 4243 3787 3511 3772 4017 3746 4287 3600 3879 3951 3763 3753 4026 3385 3858 3905 3841 3914 3875 3660 4281 3794 3837 3816 3483 3677 3713 3675 3908 3618 3880 3872 3898 3714 3833 3631 3895 4345 3800 3617 3687 3771 4013 3822 3965 3516 3781 3880 3759 3788 3988 3528 4280 4097 3953 3648 
3809 4072 3758 3832 3934 3705 4019 4269 4254 3940 3921 4122 3922 4348 3842 4051 4088 4094 3747 3737 3925 3715 4070 4001 4159 3879 4233 3837 4207 4249 3808 4067 3783 4105 4044 3817 3759 3854 3743 3712 4396 4052 3987 4255 4038 4055 4034 3877 4051 3908 3916 3712 4249 3761 4162 3722 3944 4125 3889 4167 4070 4091 4046 3489 4238 4136 3748 4081 4318 4138 3939 3845 3967 3948 4075 4380 4046 3806 3814 4176 3692 3971 4116 3864 3954 3815 3984 3956 3943 4135 3964 4043 4030 3814 4111 4403 3976 4233 4173 4101 4007 4044 3878 4415 4059 4098 4254 4269 3714 4292 4237 3785 4486 4192 4073 3776 4143 3883 3802 3927 4317 3789 4198 4192 4147 3929 4389 4234 3894 4167 4162 4110 3651 4155 4072 3877 3942 4126 4207 4050 4034 3856 4163 3732 4142 4112 3890 4059 4119 3975 4402 4026 4079 3669 3872 4051 4286 3554 4081 4003 4012 4187 3663 3902 4276 3768 4028 3958 3856 3712 4103 4034 4305 3931 3999 4055 4045 3819 4232 4003 4231 4546 3952 4007 3988 3744 4347 4169 4444 3718 3993 3832 4109 4216 4076 3697 4344 4158 3983 4086 
3583 4070 3793 3792 3948 3451 3853 4301 4227 3754 3917 3855 3814 4029 3728 3755 4084 4048 3819 3691 3774 3731 3934 3979 4315 3745 3912 4129 4047 4012 3851 3747 3469 4016 3859 3703 3796 3643 3683 3806 4284 4048 3771 4016 3776 3912 4024 3899 4112 3691 3717 3785 3903 3706 3951 3555 4215 4082 3782 3995 4071 3708 4211 3527 3847 4138 3447 3966 3941 3982 3926 3709 3856 3885 3900 4225 3667 3625 3695 4180 3747 3798 4198 3786 3835 3700 4010 3894 3698 4097 3929 3745 3802 3740 3757 4226 3833 3789 3855 3890 3583 3741 3845 4253 3808 4082 3876 3977 3669 4015 3802 3772 4265 3712 3746 3599 3721 3931 3749 3627 4109 3652 3954 4000 3953 4006 3869 3929 3846 4191 3922 3789 3639 3890 3928 3690 3514 4026 3779 3680 3845 3535 3756 3580 4056 3996 3735 3993 3752 3686 4016 3938 4013 3933 3882 3780 4183 3486 4013 3913 3894 3754 3761 3800 4261 3871 3919 4091 3409 3516 3698 3780 4142 3828 4069 4067 3793 3917 3935 3811 3923 4435 3884 3537 3876 3724 4090 4032 4158 3787 3702 3605 4003 4355 4040 3759 4278 4049 3928 3857 
3936 3994 3876 3822 3748 3471 3965 4327 4187 3893 4084 3974 4228 3962 3829 3923 4294 4368 4248 3690 4006 3923 3963 3966 4085 3908 4091 4237 4233 4005 4053 4117 3611 3868 3940 3678 3916 3787 3830 3737 4403 4114 4151 4118 3897 3946 3917 3870 3818 3845 4006 3791 4190 3855 3917 3636 3755 4019 3891 3966 4009 3801 4204 3513 4004 4110 3860 4177 4202 3943 4063 3772 3974 4064 4017 4183 3946 3828 4049 4102 3679 3788 4221 3886 3804 3978 4013 3944 3908 4121 4046 3766 3944 4114 3917 4384 3874 4289 4149 3749 3809 4028 3999 4388 3950 4199 4187 4241 3498 4234 4210 3846 4202 4014 3805 3807 3654 4031 3864 3969 4310 3894 4146 4021 3922 3887 4180 3866 4238 3997 3899 3842 3875 4209 3901 3857 4196 4027 3871 3657 4044 3713 4055 3559 4065 4049 4026 4070 4170 4018 4352 4096 4419 3812 4052 4030 4096 3651 4096 4127 3872 3972 3861 4249 4171 4037 3894 4279 3694 3822 3853 3946 4410 3961 4007 4277 4057 4178 4108 3965 4025 4317 3816 3814 3857 3950 4167 4108 4510 3755 4168 3690 4276 4306 4034 3401 4321 4162 4187 4008 
3659 3801 3461 3654 3879 3504 4019 4329 4008 3995 3616 3946 4193 3767 3346 3680 4060 3913 3775 3589 3885 3547 4083 3770 4246 3693 3962 3677 4211 4085 3656 4061 3515 3965 3999 3649 3880 3767 3552 3617 4257 4120 3833 4037 3884 3778 3807 3722 3787 3706 3779 3536 3873 3629 3914 3650 3748 4100 3675 4072 3801 3699 3832 3462 3850 4105 3758 3697 3955 3842 4014 3654 3967 3874 3784 4131 3682 3760 3692 4266 3726 3633 3868 3670 3793 3755 3925 3803 3708 3882 3956 3588 4061 3536 3583 4318 3694 3765 3893 3742 3850 3735 3732 4222 3864 3817 3910 4099 3562 3992 4006 3711 4180 4116 3687 3820 3706 3757 3792 4010 4218 3600 3811 3948 3620 3830 4187 3983 4140 4153 3783 3977 3473 4057 3968 3737 3950 3972 3637 3751 3894 3472 3992 3651 3817 3946 3581 3739 3968 3736 4262 3812 4120 3521 3688 3811 3892 3534 4104 3959 3949 4058 3751 3824 3999 3749 3934 4010 3646 3447 3763 3655 3993 4085 3920 4086 3943 3730 3939 3980 4073 4148 3782 3716 3712 3618 3894 3991 4088 3767 3840 3876 3898 4242 4026 3637 4223 3841 3908 3966 
3925 3989 3867 3980 3956 3615 4008 4427 4326 3950 3938 4115 4100 4145 3796 4143 4043 4320 3901 3587 3779 3701 4023 4099 4232 3993 4001 4134 4222 4260 3895 3982 3839 4247 4081 3874 3898 3672 3853 3733 4521 4127 4182 3906 4032 3622 4075 4114 4192 3707 4149 3821 4076 3814 4194 3580 3998 4224 3928 4089 4043 3963 4042 3462 4122 3905 3752 4094 4230 3978 4181 3857 4016 3890 4259 4297 3942 3900 4044 4057 3802 4128 4183 3665 3891 3830 3991 3988 3678 4006 4142 3799 3845 3958 3869 4301 3802 4063 4042 3849 4015 4070 4195 4131 4433 4136 4032 4166 3757 4123 3967 3763 4512 4052 3912 3820 3908 4003 4064 3854 4342 3948 3914 4127 4081 3921 4152 4262 4108 4086 3875 4109 3686 4083 4079 3696 3973 3818 4255 3944 4074 3520 3887 3775 4345 4191 3983 4008 4188 3913 4404 3999 4160 3855 4028 3847 4363 3582 3939 3988 3997 4106 4115 4226 4335 4067 4056 3863 3826 3966 4018 3950 4356 4200 4342 3952 3997 3967 4253 3847 4175 4655 3860 3838 4027 3992 4296 3872 4366 3939 4059 3885 4163 4114 4091 3585 4370 3845 4290 3959 
3887 4218 3975 4003 4256 3867 4265 4435 4186 4111 4041 4088 4281 4401 3859 4363 4497 4230 3973 3945 4042 3978 4224 4309 4632 3926 4398 4540 4721 4400 4274 4322 3618 4188 4167 4080 4002 3921 4005 4105 4518 4136 4303 4403 4315 4078 4231 4016 4376 3916 4099 4143 4544 3861 4262 3847 4141 4142 4141 4484 4289 4083 4293 3992 4200 4271 3790 4209 4368 4323 4134 4273 4126 4068 4266 4317 4174 3964 4242 4396 4090 4106 4300 4023 4008 4220 4319 4343 4106 4232 4121 4038 4394 4202 4129 4614 3727 4240 4213 4425 3889 4144 4086 4490 4110 4056 4258 4416 3740 4457 4354 3994 4774 4070 4002 4187 4070 4123 4067 4005 4407 4152 4471 4331 4174 4038 4543 4346 4153 4352 4275 4116 3908 4732 4246 3969 4052 4335 4042 4147 4193 3834 4359 3965 4266 4352 4075 4354 4137 3859 4949 4189 4509 4274 4061 3959 4502 3601 4239 4338 4245 4145 4179 4006 4499 4074 4169 4427 3745 4267 4111 3921 4249 4175 4345 4362 4267 4014 4518 4002 4454 4575 4233 4024 4078 4144 4276 4209 4467 3889 4059 4313 4065 4660 4020 3927 4550 4358 4280 4284 
3736 4084 3870 3805 4040 3651 4004 4416 4208 3797 3877 4210 3973 4163 3799 3997 4268 4190 4036 3665 4031 3854 4385 3803 4432 4000 4151 4056 4220 4164 3999 4129 3687 4149 4199 3970 4053 3601 3796 3869 4386 4285 4066 4123 4000 3766 3959 3891 4110 3834 3861 3836 4226 3656 4062 3697 4026 3964 3867 4228 4220 4200 3986 3639 3892 4118 3577 3979 4345 3925 4079 3850 4247 3889 4087 4259 3869 3631 3717 4160 3594 4085 3946 3890 3958 3874 4341 3970 3790 4134 3976 3966 4226 3959 3740 4097 3726 4059 4120 3942 3965 4204 4133 4390 4268 4154 3983 4155 3499 4149 4212 3975 4545 4064 3876 3842 3864 4115 4047 4137 4063 3921 4119 4032 4192 4054 4128 4046 4077 4136 3993 4045 3789 4049 4024 3808 3931 3968 3714 4058 4155 3762 4225 3981 4086 4152 3953 4035 4214 3885 4269 4125 4216 4169 3894 3844 4315 3576 4167 4046 4107 4082 3828 4053 4352 4017 3872 4020 3692 3777 3880 3793 4234 4231 4051 4110 4048 3868 3851 4117 4106 4623 4128 4005 3820 3882 4249 4045 4653 3881 4107 3859 3995 4375 4095 3587 4394 4229 4283 4145 
3862 3869 3708 3854 3887 3321 3717 4314 4125 3870 3784 4128 3897 4050 3760 3937 4126 4139 4069 3689 3898 3792 4214 3854 4268 3792 4035 3992 4332 4219 3908 4020 3839 4084 3851 3807 3849 3508 3848 3633 4240 3978 4105 3877 3708 3905 3865 3943 4074 3829 4042 3675 4008 3630 3980 3882 3742 3984 3910 4024 3985 3924 4044 3526 3873 4144 3741 4132 4092 3990 3981 3799 3913 3965 3960 4244 3984 3743 3859 4279 3811 3847 4025 3662 3779 3813 4021 3703 3581 4052 4015 3688 3977 3785 3918 4209 3663 4024 4042 3696 3836 3999 4142 4358 4045 3894 3933 4357 3621 3939 4236 3810 4269 3868 3811 3743 3773 3906 3785 3798 4201 3456 4207 4011 3981 3924 4032 3915 4180 4046 3902 3998 3822 3932 4074 3694 3970 4085 3989 4047 3852 3524 3914 3721 4209 3827 3910 3829 4116 3891 4492 3820 4125 3942 3940 3700 4152 3554 3910 4077 4012 4046 3865 3866 4251 3954 3816 4068 3733 4042 3780 3796 4008 3992 4123 4159 3905 3936 4055 3852 4001 4297 3536 3578 4058 3942 4183 4137 4329 4002 3858 4021 4008 4244 3704 3757 4448 4038 4313 4146 
4270 4474 3921 4102 4313 4025 4253 4812 4550 4177 4087 4291 4439 4368 4189 4162 4521 4356 4469 3892 4335 4217 4233 4267 4653 4038 4504 4410 4714 4493 4294 4435 4002 4663 4240 4006 4032 3977 4219 4235 4673 4508 4199 4290 4213 4122 4320 4094 4346 3971 4209 4143 4352 4008 4444 3762 4385 4434 3987 4404 4307 4386 4520 3634 4289 4558 4041 4328 4353 4574 4615 4251 4475 4391 4339 4612 4336 4069 4326 4596 4101 4141 4628 4066 4408 4333 4464 4402 4170 4487 4138 4173 4527 4190 4229 4566 4174 4272 4332 4395 3999 4212 4231 4791 4368 4551 4316 4552 4021 4566 4639 4195 4752 4394 4231 4066 3871 4250 4203 4182 4425 4227 4525 4488 4225 4515 4580 4382 4414 4317 4447 4446 4232 4267 4348 4027 4400 4213 4345 4231 4437 4063 4492 3983 4321 4413 4134 4244 4385 4317 4459 4311 4511 4350 4490 4377 4547 3812 4478 4305 4032 4372 4045 4302 4492 4105 4356 4603 4214 4085 4209 4283 4540 4278 4380 4567 4549 4324 4326 4188 4424 4747 4280 4305 4148 4133 4820 4553 4552 4105 4435 4069 4323 4600 4448 3978 4815 4527 4587 4459 
3910 4168 3960 4077 4133 3635 4137 4594 4338 4187 4089 4183 4231 4522 4145 3948 4415 4390 4014 4059 3999 4118 4376 4234 4512 4023 4098 4269 4473 4295 4280 4242 3936 4062 4509 4046 4099 3741 4096 4061 4455 4263 4067 4393 4100 4254 4254 4196 4556 4106 4102 3851 4194 3880 4246 3683 4199 4222 4012 4317 4342 4043 4115 3787 4101 4198 4003 4250 4130 4292 4138 4207 4125 4172 4334 4372 4276 3937 3984 4602 4096 4319 4315 4092 3911 4219 4449 4169 4165 4173 4382 4131 4334 3929 3854 4399 4005 4259 4339 4116 3950 4128 4174 4426 4311 4347 4549 4308 3596 4120 4253 4007 4476 4478 4195 4286 3960 4093 3853 4063 4488 4060 4198 4585 4197 4042 4341 4279 4135 4202 4124 4244 4145 4151 4350 3921 4097 4176 4351 4058 4367 3695 4195 4010 4285 4417 4093 4124 4291 4068 4480 4179 4451 4001 4017 4107 4317 3799 4231 4401 4147 4299 4189 4053 4422 4101 4194 4190 3815 3825 4143 4108 4411 4080 4347 4252 4291 4137 4267 4271 4392 4615 4206 4064 4226 3966 4399 4323 4536 3932 4186 4330 4243 4380 4203 3995 4395 4428 4380 4299 
3729 4246 3846 4087 4073 3757 3958 4538 4148 4101 3817 3880 4194 4270 4038 4030 4128 4217 4023 3745 4115 3615 4110 3897 4078 3922 4282 3915 4283 4172 4149 4171 3648 4121 3993 4082 4007 3664 3830 3709 4215 4111 3970 4161 4059 4033 4072 3832 4008 3995 3859 3691 4287 3719 3875 3757 4109 4020 3650 4146 4152 3941 4082 3591 3861 4130 3819 3897 4232 4161 4024 4087 4065 3860 3945 4303 3881 3701 3793 4100 3889 3845 4331 4067 3946 4071 4088 4033 3953 4118 4024 3844 4074 3850 4032 4577 3826 3954 4083 3878 3734 4070 4030 4333 4015 4148 3913 4061 3734 4183 3992 4000 4647 4071 3929 3786 3908 3904 3957 3889 4291 3990 4363 4013 3965 4163 4433 4196 4152 4284 3988 4115 3809 4210 4250 3728 3897 4006 3859 3772 4003 3479 3960 3657 4084 4216 3895 4026 4122 3954 4562 3877 4268 3949 4021 4096 4422 3603 4288 4092 4015 3939 3898 3869 4378 3972 3958 4355 3966 3591 4027 4083 4483 3900 4025 4041 4022 3850 4106 4137 4305 4567 4182 3873 3992 3690 4530 4117 4315 3801 4144 3986 3938 4525 4083 3625 4315 4234 4134 3976 
3907 3982 3897 3941 4146 3681 3747 4306 4020 3941 3941 3966 4004 4234 3849 4113 4010 4263 3875 3621 3837 3827 4052 3986 4309 3792 4131 4128 4438 4374 4236 3931 3697 4241 3836 3915 3898 3814 3957 3780 4522 4191 4101 4086 3942 3971 3989 3927 4019 3997 4265 3546 4078 3889 4076 3624 3826 3914 3783 4119 4061 3967 3991 3607 4147 3856 3765 4152 4046 4248 3980 3836 3844 3929 4066 4314 4074 3684 4021 4247 3826 3741 4196 3791 3933 4057 4149 3880 3829 3946 4024 3553 3914 3862 4024 4131 3914 3967 4146 3909 3774 3893 3985 4195 3893 4152 4216 4076 3614 4039 4276 3934 4472 4319 3965 3911 3929 4101 3800 3706 4364 3761 4036 4245 3904 3761 4113 4082 4073 4093 3821 4038 3931 4169 4042 3772 4024 4013 4082 4126 4065 3891 3855 4016 4222 4104 3934 3857 4147 4041 4373 4031 4288 3882 4213 3854 4128 3409 4151 4192 4015 4186 3841 4033 4226 3985 3938 4016 3916 3673 3781 3841 4222 4114 4039 4178 4119 3952 4194 4008 4173 4264 3995 3764 3884 3789 4409 3862 4304 3867 4023 4059 3989 4301 4171 3783 4453 4068 4170 4084 
3901 3948 3776 4024 3999 3723 4057 4335 3929 4216 3943 4031 4148 4154 3898 3999 4166 3996 4015 3567 4077 4051 4158 4103 4217 4066 4255 3864 4458 4250 4054 4268 3799 4220 4025 3881 4053 3572 3869 3888 4287 4235 4123 4238 3995 4054 3955 3901 4192 3775 4123 3807 4192 3723 4049 3691 4080 4156 3812 4289 4027 4023 4069 3762 4026 4221 3915 3876 4326 4061 4107 4044 4062 4208 4099 4261 4181 3807 3936 4254 3826 3942 4206 3995 4255 4236 4175 3972 3873 4266 4278 3778 4230 3808 4063 4176 3915 3930 4221 3976 4032 4031 4241 4415 4270 4022 4116 4278 3746 4238 4116 3983 4366 4215 3969 3934 3847 4029 3943 4034 4325 4006 4242 4111 4161 4001 4218 4223 4261 4311 3876 4095 3870 4217 4262 3824 3953 4151 4042 4082 4154 3717 4154 3916 4193 4165 3810 4074 4124 3758 4369 4232 4394 3995 3786 3918 4557 3895 4040 4223 4374 4272 3834 4216 4384 3857 4131 4118 4070 3827 3857 3821 4321 4114 4203 3987 4073 4012 4575 4390 4200 4565 4069 4042 4034 3948 4520 4307 4384 3958 4152 3940 3984 4468 4118 3863 4404 4081 4357 4171 
3820 3902 3963 3731 3992 3434 3991 4279 4010 4102 3852 4029 4054 3963 3778 3913 4145 3926 4102 3764 3881 3854 3984 3857 4186 4092 4027 3828 4326 4022 3949 3994 3534 3937 3890 3921 3987 3372 3896 3845 4120 4262 3942 4228 3896 3753 3978 3710 4118 3720 4020 3581 4029 3743 3910 3731 3834 3982 3622 4135 4019 3740 3925 3673 3793 3846 3748 3727 3884 4002 4172 3881 3947 3755 3877 4212 3940 3696 3885 4274 3840 3847 4098 3628 3685 3930 4126 3878 3839 3968 4074 3691 3794 3747 3774 4111 3638 3794 3919 3772 3930 3802 3943 4304 4095 3886 4046 3998 3547 4112 3790 3718 4264 3921 3780 3863 3862 3915 3999 3786 4362 3749 4048 4017 3734 3883 4307 4188 3973 4205 4023 4054 3663 4090 4139 3669 3971 3818 3885 4014 4115 3662 3924 3852 4057 4006 3856 3831 4002 3849 4434 3932 4204 3773 3664 3546 4100 3440 4066 3918 4059 3736 4069 4040 4335 3852 3967 3867 3703 3750 3852 3809 4174 4080 3970 3898 4004 3848 4094 4095 4113 4387 3725 3839 3838 3898 4103 4020 4215 3754 3992 3895 3861 4361 4101 3743 4106 3964 4023 4003 
3818 4055 3871 3900 4229 3460 3852 4343 4245 4055 3955 4120 4117 4090 3994 3914 4206 4139 4040 3650 3886 3768 4223 4110 4378 4010 4154 4003 4478 4093 4181 4290 3707 3992 3983 4029 3840 3673 3866 3976 4376 4418 3818 4101 4040 3816 4136 3829 3988 3908 3925 3651 4018 3683 3849 3833 4080 3999 3584 4346 3883 4084 3959 3620 3851 4125 3575 3812 4012 3958 3909 3874 4116 4008 4116 4321 4188 3767 3947 4212 3710 3735 3964 3807 4021 3965 4405 3789 3680 4022 3974 3880 4397 3792 3767 3977 3704 3882 4021 3926 3768 3830 4285 4422 4238 4091 3850 4099 3431 4078 4119 3596 4453 4158 3954 4093 3864 3842 4015 3842 4290 3855 4030 4103 3918 4197 4155 4384 4018 4370 4038 4001 3785 4045 4086 3602 3945 4140 4120 3816 4257 3557 4174 3845 4162 4354 4047 3998 4059 4071 4468 3919 4332 4089 3782 3746 4302 3654 4178 4076 4148 3824 4005 3870 4277 4035 4227 3957 3638 3702 4018 4035 4072 4119 4194 4175 3866 3856 3854 4307 4369 4264 4005 3796 3999 3826 4286 4109 4311 3823 4123 3993 4069 4441 4050 3808 4397 4164 4190 3981 
3675 4048 3714 3784 4100 3682 3930 4393 3889 3672 3791 3868 4099 4101 3774 4098 4128 4209 3881 3681 3810 4057 3849 3881 4171 4076 3966 3818 4194 4243 4072 3954 3721 3887 3796 3765 3755 3655 3716 3842 4262 4061 3935 4125 3851 3807 3724 3774 4230 3797 3899 3546 4147 3541 4040 3759 3869 3780 3832 4398 4185 4204 4177 3307 3986 4027 3751 4089 4091 3948 4102 3773 3932 3836 3967 4037 3960 3786 3797 4101 3762 3862 4133 3638 3837 3990 4175 3853 3639 4033 3992 3857 4046 3846 3903 4168 3762 4124 4123 3823 3812 3706 3988 4348 4097 4103 4090 3956 3388 4066 4093 3706 4395 3865 3874 3976 3927 3972 3677 3759 4245 4065 3982 4145 3829 3790 4256 4182 4104 4144 3957 3963 3596 4295 4049 3876 4064 3865 3925 4149 3917 3609 4021 3989 4340 4057 3855 3928 3853 3874 4346 3948 4158 3731 4098 3943 4090 3507 4131 3823 3854 4047 3859 3836 4276 3992 3983 4146 3743 3742 4069 3816 4206 3960 4270 3949 3787 3642 4067 4022 4173 4229 3699 4031 3860 3797 4328 3968 4274 3750 3990 3985 4078 4053 4079 3649 4189 4230 4214 4183 
4087 4128 3941 4166 4011 3689 4183 4511 4375 4088 4077 4342 4370 4182 4055 4189 4415 4344 4006 3977 4073 3919 4206 4310 4749 4003 4045 4550 4706 4361 4218 4093 3956 4298 4302 3869 3918 3945 3878 3890 4724 4159 4030 4367 4297 4232 4182 4223 4256 3931 4282 3906 4451 3813 4083 3830 4232 4070 3984 4266 4175 4033 4260 3726 4292 4172 3913 4300 4297 4287 4234 4087 4078 4088 4453 4462 4185 3757 3962 4391 3896 3839 4372 3611 3943 4110 4336 4132 3897 4359 4350 4243 4376 3949 3856 4398 4140 4057 4021 4247 3789 4145 4037 4506 4260 4381 4262 4319 3878 4210 4161 3947 4692 4263 4248 3946 4079 4115 3881 4203 4625 4067 4336 4502 4335 4055 4496 4374 4161 4514 4107 4157 4049 4377 4372 3985 4061 4195 3964 4070 4150 3766 4094 3984 4391 4274 4148 4149 4275 4259 4599 4086 4464 3970 4193 4065 4340 3809 4283 4318 4119 4322 4325 3962 4212 4248 4207 4255 3840 3984 4045 3957 4443 4233 4299 4306 4108 3755 4406 4003 4274 4599 4170 3897 4231 3771 4361 4143 4547 3883 4260 4009 4395 4560 4255 3735 4593 4407 4303 3933 
3856 3921 3869 3816 3859 3564 3851 4119 4133 4125 3854 4042 3956 4174 3788 4010 4207 4038 3798 3688 3882 3503 4180 3867 4159 3921 4074 4155 4363 4208 4110 3995 3812 4014 4281 3870 3852 3845 3851 3633 4389 4029 4074 3937 3690 4042 3803 3790 3932 3618 3823 3551 4162 3773 3992 3627 3938 4059 3742 3893 3873 3909 3742 3394 4200 3972 3710 3752 4019 4125 3954 3773 3811 3924 4109 4089 4042 3943 3807 4154 3856 3936 4035 3570 3533 3875 3954 3876 3763 3925 4039 3766 3993 4144 3948 4183 3743 3950 3900 3913 3793 3988 3865 3942 3980 3989 3979 4203 3578 4295 4142 3846 4365 3861 4168 3836 3953 4022 3755 3767 4215 3741 4031 3923 3991 3823 4073 4028 3639 4176 4035 3913 3796 4068 4025 3792 3832 4009 3898 4014 3967 3790 3917 3784 4203 4102 4066 3724 4356 4077 4378 4068 3994 3954 3921 3826 4005 3588 4004 4179 3873 3900 3957 3888 4467 4109 3941 3830 3609 3693 3748 3750 3981 3737 4012 3926 3975 3713 4057 3925 4015 4593 3800 3665 3832 3693 4162 4044 4313 3768 3920 3663 3957 4239 4032 3745 4288 3928 4215 4034 
4410 4476 4333 4304 4307 3950 4289 4734 4540 4238 4268 4336 4858 4652 4551 4678 4688 4614 4345 4180 4425 4206 4769 4342 4464 4372 4526 4597 4870 4712 4605 4573 4148 4635 4662 4403 4115 4155 4445 4251 4962 4295 4540 4498 4310 4587 4647 4721 4508 4396 4402 4107 4631 4305 4433 4245 4504 4383 4377 4569 4613 4415 4614 4139 4610 4644 4498 4476 4898 4459 4493 4587 4477 4304 4611 4780 4457 4163 4395 4564 4149 4419 4526 4311 4462 4487 4731 4397 4407 4376 4351 4448 4857 4494 4626 4608 4568 4597 4691 4510 4268 4548 4624 4664 4556 4586 4589 4773 4002 4461 4847 4145 5265 4717 4573 4452 4135 4413 4289 4307 4812 4508 4407 4759 4611 4428 5011 4899 4554 4762 4445 4505 4273 4576 4688 3984 4267 4585 4525 4503 4601 3984 4691 4092 4651 4776 4473 4373 4640 4501 4753 4594 5015 4388 4401 4496 4807 3945 4609 4721 4451 4606 4585 4354 4769 4426 4598 4740 4240 4400 4452 4275 4688 4553 4793 4588 4522 4499 4772 4435 4767 5074 4248 3955 4783 4238 4977 4543 4772 4344 4408 4352 4559 4802 4551 4254 5026 4709 4638 4752 
4284 4207 4387 4324 4424 3956 4458 4748 4594 4460 4219 4349 4484 4732 4419 4335 4675 4672 4325 3973 4512 4366 4571 4282 4702 4502 4592 4588 4960 4747 4563 4519 4162 4595 4493 4192 4252 4244 4451 4240 4876 4493 4466 4608 4247 4387 4561 4424 4526 4007 4318 4347 4386 4259 4662 3998 4307 4476 4401 4537 4676 4088 4626 4053 4230 4629 4213 4262 4736 4386 4358 4474 4683 4321 4727 4805 4288 4117 4386 4795 4049 4427 4326 4540 4412 4319 4542 4322 4314 4502 4361 4229 4484 4453 4527 4680 4313 4334 4540 4527 4206 4472 4563 4783 4885 4469 4433 4769 4334 4570 4511 4069 4921 4732 4364 4351 4367 4350 4435 4360 4877 4160 4460 4496 4444 4395 4572 4577 4451 4524 4519 4594 4438 4490 4702 4314 4366 4466 4773 4463 4313 4021 4318 4433 4686 4419 4463 4547 4568 4391 4801 4338 4571 4495 4239 4206 4636 4081 4633 4531 4570 4576 4630 4368 4843 4529 4394 4477 4081 4138 4488 4316 4454 4406 4597 4621 4591 4507 4713 4407 4620 4961 4445 4270 4504 4346 4602 4567 4943 4301 4374 4494 4721 4573 4461 4249 4832 4543 4517 4656 
3517 3534 3523 3463 3620 3279 3472 4105 3868 3665 3583 3802 3569 3694 3442 3527 3924 3830 3639 3489 3598 3462 3721 3772 3923 3436 3660 3902 3987 3825 3542 3807 3318 3814 3740 3566 3652 3532 3385 3363 4100 3590 3604 3704 3680 3493 3752 3587 3561 3578 3514 3249 3660 3729 3789 3405 3504 3713 3309 3728 3683 3698 3625 3153 3662 3818 3464 3611 3807 3748 3669 3336 3603 3406 3681 3897 3491 3156 3360 3751 3461 3455 3636 3593 3509 3339 3831 3588 3449 3612 3718 3523 3724 3042 3143 3773 3438 3643 3778 3387 3525 3627 3634 3806 3804 3906 3695 3639 3298 3649 3435 3478 3927 3777 3482 3649 3579 3397 3447 3831 3923 3340 3645 3551 3499 3699 3937 3764 3657 3613 3758 3699 3400 3725 3769 3418 3569 3580 3549 3661 3754 3299 3555 3416 3826 3784 3622 3659 3635 3607 4035 3688 4022 3400 3615 3376 3782 3171 3651 3926 3615 3649 3797 3492 3848 3668 3716 3829 3430 3423 3635 3607 3873 3712 3670 3677 3671 3524 3582 3723 3683 4208 3665 3482 3522 3379 3880 3753 4132 3631 3560 3521 3590 3934 3527 3501 3965 3982 3610 3710 
4047 4241 3921 4019 4120 3680 4123 4542 4291 4419 4201 4355 4359 4119 4052 4156 4501 4308 4078 3979 4133 4144 4238 4157 4589 4227 4222 4179 4541 4422 4300 4140 3996 4262 4434 4165 3997 3893 4126 4111 4680 4270 4186 4383 4192 4167 4235 4040 4461 4247 4353 3775 4308 3915 4053 3975 4363 4115 3917 4455 4326 4167 4290 3775 4300 4282 3797 4390 4362 4265 4313 4239 4248 4240 4159 4496 4281 4064 4201 4491 3991 4047 4490 3767 3964 4107 4199 4025 4046 4320 4438 4116 4277 4195 4165 4527 4122 4210 4278 4257 3892 4171 4278 4465 4250 4289 4510 4428 3871 4422 4345 4065 4768 4308 4116 3987 4247 4175 4049 4114 4647 4282 4172 4359 4257 3997 4377 4639 4270 4417 4200 4240 4008 4366 4410 4176 4173 4176 4204 3924 4099 3877 4372 4186 4201 4262 4392 4264 4190 4264 4594 4463 4427 4098 4164 4247 4346 3632 4440 4228 4143 4063 3940 4264 4332 4038 4289 4138 4001 3995 4251 3926 4632 4177 4323 4353 4205 3957 4280 4186 4431 4538 3928 4021 4222 3901 4593 4322 4652 3816 4060 4202 4137 4567 4234 3768 4517 4344 4513 4285 
3866 4195 3901 4019 4073 3732 4051 4606 4162 3954 4176 4334 4272 4293 4173 4155 4314 4444 4335 3838 4252 4126 4301 4136 4524 4094 4258 4170 4561 4319 4379 4281 3889 4240 4258 3916 3933 3825 4017 3733 4826 4351 4161 4483 4062 4214 3963 4043 4152 4151 4204 3881 4312 3793 4165 3846 4211 4040 3898 4243 4221 4248 4171 3745 4190 4339 4096 4367 4503 4148 4075 4212 4172 4111 4354 4479 4221 3976 4071 4430 3855 4177 4327 3882 4116 4005 4454 3960 4011 4258 4153 3947 4182 3890 3921 4388 4204 4369 4158 4063 4028 4212 4274 4639 4201 4327 4254 4221 3874 4172 4424 3810 4474 4280 4304 3955 3772 4086 4001 4124 4533 3999 4013 4550 4214 3871 4430 4174 4330 4349 3914 4232 3925 4161 4156 3804 4348 4125 4240 4073 4211 3806 4205 3983 4358 4333 4073 4105 4230 4133 4412 4362 4502 3995 4076 4134 4296 3874 4148 4436 4291 4388 4130 4306 4317 4049 4449 4240 4099 3934 3885 4105 4300 4240 4388 4135 4167 4188 4122 4200 4296 4568 3771 4009 4235 4143 4428 4318 4641 4105 4355 4099 4235 4325 4256 3998 4883 4307 4429 4147 
4075 4253 3940 4105 4033 3726 4193 4479 4453 4220 4252 4231 4042 4132 4003 4227 4385 4269 4214 4162 4213 3927 4213 4261 4476 4244 4502 4509 4518 4511 3908 4227 3846 4339 4419 3852 3992 4114 4040 3788 4493 4034 4030 4457 4229 4012 4063 3960 4318 3906 4134 3698 4462 3990 3992 3989 4039 4197 3828 4306 4241 3981 4401 3544 4269 4200 3860 4205 4453 4330 4214 3944 4205 4248 4192 4335 4187 3887 3978 4451 3830 4142 4649 3845 4014 3818 4127 4096 4185 4130 4375 3991 4205 3981 4087 4546 4001 4175 4371 4349 4034 4247 4039 4400 4036 4217 4269 4198 3805 4252 4268 3946 4744 4103 4072 3791 3894 4310 3921 4063 4438 4237 4429 4345 4173 4074 4396 4359 4159 4380 4242 4128 4123 4294 4089 4150 4295 4181 4068 4256 4043 3911 4439 3941 4061 4361 3966 4053 4169 4053 4794 4080 4355 3981 4040 4074 4379 3706 4276 4245 4054 4133 4127 4135 4453 4123 4143 4455 3852 3918 4214 4174 4415 4203 4237 4374 4298 4123 4430 4253 4281 4592 3839 3906 4043 3806 4457 4261 4587 4071 4071 4190 4151 4711 4357 3904 4874 4334 4529 4143 
4413 4473 4127 4165 4172 3898 4003 4497 4461 4186 4486 4383 4269 4491 4095 4212 4631 4469 4436 4307 4176 3906 4300 4412 4462 4154 4402 4351 4692 4551 4344 4404 3938 4372 4334 4179 4121 4075 4245 4034 4694 4371 4248 4393 4220 4064 4415 4078 4184 4197 4357 3908 4607 4158 4267 3943 4123 4276 3819 4174 4365 4297 4315 3672 4401 4349 3951 4251 4242 4432 4350 4261 4379 4218 4165 4693 4421 3809 4162 4435 4033 4112 4467 4003 4113 4223 4407 4434 4069 4287 4564 4169 4556 4189 3908 4468 4201 4327 4244 4175 3754 4273 4203 4731 4199 4371 4436 4515 4004 4467 4345 4110 4789 4288 4223 4041 4011 4138 3986 4117 4544 4054 4492 4625 4238 4624 4632 4269 4278 4443 4148 4311 4289 4297 4384 4081 4312 4236 4169 4166 4530 3821 4352 3826 4178 4518 4275 4051 4174 4268 4723 4367 4524 4254 4232 4184 4517 3794 4397 4428 4066 4384 3994 4156 4628 4158 4464 4454 3977 4126 4033 4304 4746 4288 4280 4725 4594 4246 4473 4303 4330 4832 4209 3969 4323 4020 4660 4414 4580 4050 4320 4100 4381 4605 4194 3722 4705 4410 4469 4289 
3943 4367 4123 3929 3889 3750 4191 4549 4233 4074 4185 4424 4332 4225 4205 4070 4495 4239 4120 3987 4166 4101 4250 4169 4570 4253 4302 4183 4459 4398 4035 4087 3717 4281 4318 4254 4112 3710 3930 3665 4569 4230 4389 4500 4082 4081 4033 4244 4254 4070 3951 3930 4235 3854 4247 3871 4080 4420 4086 4251 4169 3885 4191 3882 4047 4277 3891 3963 4549 4263 4247 4008 4151 3998 3978 4557 4118 3954 4077 4357 3959 4302 4344 3955 3992 3982 4421 4018 4055 4158 4356 4019 4261 4142 4296 4244 4283 4293 4539 4162 3787 4173 4392 4664 4265 4257 4211 4322 3830 4080 4235 4229 4612 4263 4084 3906 4070 4159 4066 4225 4540 4150 3975 4300 4020 4244 4567 4383 4131 4528 4338 4170 3751 4227 4158 3873 4255 4003 4127 4129 4044 3828 4214 3915 4283 4295 4069 4162 4386 4377 4603 4182 4438 4188 4144 4191 4480 4013 4381 4308 4094 4248 3947 4138 4496 4181 4207 4275 3908 3841 4289 4024 4348 4202 4120 4350 4314 4325 4542 4099 4197 4763 4000 4024 4098 4000 4701 4125 4624 4175 4282 3918 4142 4667 4308 3990 4790 4058 4163 4126 
3951 3878 3656 3918 3928 3671 3925 4320 4109 4166 3924 3853 4009 4058 3768 4125 4078 4241 3918 3683 3826 3464 4169 4018 4173 3854 4275 3785 4319 4217 4057 4077 3715 4071 4054 3696 3915 3730 3785 3734 4432 4107 3872 3965 3841 3735 3924 3793 4088 3824 3838 3512 4219 3565 4034 3918 4093 3960 3584 3990 3886 4119 4043 3361 3968 4258 3556 3835 3950 3763 3773 3525 4089 3999 3997 4165 3932 3715 3761 4182 3610 3865 4221 3766 3826 3805 3945 3819 3689 3962 3868 3656 3713 3917 3998 4003 3645 3891 4042 3959 3723 4005 4217 4287 4084 4080 3988 4277 3521 3911 4067 3833 4520 3952 4014 3769 3863 3991 3773 3898 4008 3690 4239 4021 4065 3998 3933 3714 3850 4051 3904 4098 3832 3976 4199 3960 4057 4234 3757 3907 4028 3634 3960 4096 3982 4163 3738 3833 4063 4114 4518 3954 4236 3962 4057 4003 4103 3611 4250 3959 4078 3889 3840 3993 4376 3991 4220 3827 3606 3668 3943 3900 4106 3986 4239 4176 3921 3687 4072 4140 4140 4312 3979 3913 4147 3705 4403 4129 4382 3750 4044 3981 3839 4317 4140 3605 4422 4277 4349 4087 
3783 3670 3771 3772 3940 3725 3759 4126 3856 4111 3836 3928 3942 4116 3784 3920 4177 3938 3793 3814 3640 3626 4378 4103 4379 3717 4046 4061 4210 4219 3988 3822 3626 3852 3810 3861 3744 3699 3576 3676 4484 3955 3859 4359 4052 3954 3945 3990 3877 3727 3678 3784 3883 3746 3838 3609 3996 3915 3697 4122 4002 3803 3841 3569 3921 4121 3652 3814 3944 4037 3954 4084 3930 3916 4007 4112 3921 3603 3841 3993 3545 3775 4188 3636 3769 4018 4003 4006 3723 4104 3954 3569 3873 3590 3888 4008 3780 4039 3865 3985 3727 3950 3844 4197 3914 4004 4120 4014 3597 4052 4213 3579 4335 3960 3812 3905 3866 3813 3967 3809 3999 3771 4153 4334 3942 3926 4004 4196 4013 4094 3722 3960 3869 4204 3954 3737 3706 3913 3740 3728 3795 3652 3920 3865 4038 4220 3867 4166 3961 3739 4327 4027 4282 3916 3782 3839 4074 3401 3912 4052 3930 3909 3869 4096 4126 3783 3793 3995 3523 3770 3731 3689 4040 3785 4018 4288 4047 3511 4224 4135 4048 4466 3998 3628 3925 3811 4080 4152 4338 3682 3826 3882 3752 4352 3956 3767 4246 4145 4137 3902 
3747 3893 3735 3840 3909 3731 4015 4193 4038 4007 3976 4234 4062 4081 3699 4095 4235 4205 3924 3476 4112 3700 4101 3821 4521 3818 4237 3808 4189 4292 4137 3822 3760 4060 4011 3821 4089 3704 3909 3814 4183 3956 4082 4084 3958 3950 4108 3709 3990 3918 3930 3755 4075 3878 4369 3670 4118 4080 3752 4073 4033 4010 4036 3653 3945 4120 3621 3723 4094 4101 3966 3631 4046 4033 4062 4131 3975 3688 3878 4159 3717 3745 4104 3715 3930 3914 4096 3870 3967 3979 3995 3804 4202 4018 3966 4151 3664 3896 4001 4043 3824 3827 3893 4301 4192 4010 3958 4220 3758 4150 4082 3886 4368 4043 4094 3723 3812 3833 3852 3760 4260 3705 4335 3885 3904 4082 4000 3890 3794 4090 4000 4098 3761 4050 4097 3774 4075 4124 3920 4023 3958 3657 4024 3864 4159 3910 3795 3858 4171 3908 4269 3849 4348 3986 4011 3783 4213 3542 4102 4139 4188 4136 3853 3919 4289 3882 4074 4059 3690 3503 3915 3884 4124 3826 4037 4394 3984 3903 4165 3972 4156 4288 3940 3890 3945 3801 4404 4008 4406 3729 4124 3685 4104 4251 4203 3769 4621 3969 4081 4083 
3637 3849 3840 3946 3824 3508 3829 4131 3945 4026 3903 3944 3980 3891 3643 3865 4188 4221 3928 3402 3949 3884 3834 3984 4086 3908 4006 3982 4231 4108 4076 4088 3835 4044 4181 3934 3771 3619 3643 3618 4421 3772 4114 3994 3897 3910 3979 3687 4055 3750 4237 3615 4147 3442 3862 3646 3997 3881 3720 4099 3966 3980 4050 3502 4056 3930 3818 4032 4237 3963 4126 3809 3789 4219 3771 4142 3844 3744 3826 4078 3661 3728 4141 3814 3916 3798 4008 3803 3811 4158 4013 3553 3799 4036 3773 4238 3837 4102 4039 3958 4023 3854 3986 4068 4123 4058 4052 4306 3498 4200 4015 3729 4313 4128 3867 3779 3859 4023 3807 3818 4228 3859 4059 4144 4167 3741 4264 4091 3981 4245 3754 3917 3971 4019 4063 3733 3732 3897 3839 3800 4214 3910 3897 3833 4099 4006 3733 3814 4043 4066 4248 3938 4035 3848 3622 4107 4493 3786 4179 4137 4085 3867 3830 4091 4126 4050 3860 3867 3688 3571 3759 3693 4246 3946 3995 3894 3994 4246 3999 3911 3929 4355 3715 3859 3980 3773 4282 3953 4419 3745 4020 3829 4042 4140 4297 3759 4334 3953 4280 4008 
3798 3969 3965 3864 3890 3496 3858 4367 4211 3878 3802 4102 3978 4159 3722 3794 4239 4073 3851 3692 4030 3933 4184 3982 4280 3697 4181 4131 4228 4131 4035 3905 3768 4209 3943 3924 3948 3702 3944 3845 4410 4127 3833 4107 4126 3896 3939 3858 4151 3872 4086 3585 4216 3699 3834 3527 3995 4172 3924 4299 3976 3748 4034 3580 3936 4198 3606 3988 4089 4025 3906 3957 4058 4050 4243 4181 3979 3698 4163 4310 3638 3820 4059 3543 3788 3914 4286 3764 3909 4158 4134 3922 4239 3929 3869 4200 3869 4050 3914 4245 3835 4139 4208 4473 4225 4187 4182 4092 3758 4363 3920 3784 4459 4051 3899 3826 4003 4055 3862 3675 4195 3869 4185 4149 4099 4094 4300 4161 4076 4147 3817 3987 4001 3992 3930 3958 4163 4207 4174 3900 4027 3683 3956 3813 4174 4242 3944 3958 4070 3849 4371 3942 4260 3948 4138 3983 4216 3520 4291 4187 4056 3997 4107 4034 4515 4061 4049 3827 3505 3663 3880 3927 3905 4045 3982 4492 3932 3885 4130 4021 4079 4576 4078 3764 4085 3862 4432 4042 4499 3916 4070 4028 3935 4342 4160 3728 4487 4098 3985 4019 
3976 4191 3965 3854 3629 3553 3825 4387 4179 4059 4090 4125 4229 4222 3736 4210 3991 4372 4064 3473 4016 3832 4127 4139 4159 3878 3948 3901 4449 4086 4198 3860 3762 4311 4096 4007 4064 3751 4005 3878 4561 4106 4124 3936 3858 3797 3950 3798 4011 3989 4149 3703 4216 3861 3839 3563 3965 3870 3983 4085 3968 4154 4102 3622 4100 4006 3439 3804 4180 4159 4128 3725 4051 4039 4046 4190 3838 3735 3875 4055 3891 4061 4298 3629 3831 4110 4032 3802 4020 3887 4077 4124 3922 3754 3930 4043 4012 3856 4050 4016 3926 4050 4152 4276 4054 4138 4363 4204 3595 4032 4159 4014 4182 4090 4083 3946 3845 4051 3967 3724 4358 3915 4039 4280 4134 3950 4334 4054 4019 4173 3828 3893 3798 3813 3953 3608 4056 3903 4013 3830 4221 3766 3761 3954 4234 4179 3813 4117 4104 4011 4270 4211 4304 4053 4062 3886 4337 3531 4019 4279 4057 4225 4079 4138 4147 3855 4116 4025 3876 3771 3905 3926 4176 3858 4298 4127 3904 4025 3973 4049 4002 4500 3869 3782 4164 3908 4345 3879 4417 3939 4021 3828 3921 4318 4030 3716 4568 4081 4213 4068 
4145 3981 3956 4034 4118 3734 4044 4639 4292 4141 4231 4295 4087 4296 3902 4240 4270 4212 4143 3901 4071 4068 4136 4411 4592 4019 4252 4350 4717 4373 4171 4179 4076 4195 4098 3908 3943 3948 4004 3911 4530 4419 4161 4226 4146 4211 3940 4041 4328 3927 4254 3982 4501 3894 4152 3744 4231 4587 4035 4461 4012 4215 4277 3601 4141 4257 3876 4218 4390 4407 4296 4073 4096 4222 4224 4409 4207 3893 4235 4267 4022 4061 4486 3874 4117 4072 4495 3922 3913 4251 4139 4069 4257 4081 4239 4317 4066 4512 4282 4286 3983 4188 4439 4535 4435 4374 4298 4271 3905 4247 4447 4216 4377 4345 4109 4303 4039 4038 3903 4000 4546 4125 4266 4246 4122 4305 4307 4333 4342 4545 4105 3930 3864 4317 4044 3969 4246 4107 4267 4087 4263 4213 4268 3923 4293 4451 4103 4166 4362 4226 4312 4157 4218 4119 4182 4060 4366 3708 4263 4175 4123 4214 4261 4169 4374 4164 4108 4439 4005 4064 3860 4209 4503 4145 4397 4437 4344 4107 4290 4018 4353 4905 4153 4168 4209 4118 4583 4297 4763 4099 4094 3880 3961 4510 4250 3912 4561 4150 4409 4191 
3980 3977 4126 3991 3993 3531 4019 4636 4146 4216 3895 4259 4262 4081 3788 3947 4247 4127 4071 3702 3908 3897 4129 4206 4310 3931 3977 4251 4275 3964 4147 3885 3868 4238 4222 3728 3862 3742 3909 3923 4592 4053 4117 3993 4043 3917 4034 3813 4057 3872 4015 3826 4055 3703 3853 3574 4194 4111 3800 4102 3930 3909 3959 3533 4234 4248 3739 4113 4030 4179 4077 4028 4109 4055 4002 4377 3962 3776 3959 4285 3862 3858 4198 3990 3817 3957 4362 3788 3909 4015 3919 3834 3990 3835 3850 4156 3821 4053 4130 3937 3771 4332 3980 4298 4292 4352 4232 4074 3761 4279 4096 3917 4256 3908 4090 4150 3798 4063 4078 3701 4224 3794 4137 4389 4069 4037 4175 4012 4052 4308 4017 4120 3718 4097 4023 3726 3735 4062 3750 3723 4114 3787 3960 3753 4017 4179 4002 3906 4285 3851 4293 4109 4385 4004 3898 4059 4132 3663 4227 4217 4144 3960 4233 4090 4229 4027 3988 4105 3600 3641 3676 3842 4089 4075 4079 4128 3933 3749 4069 3929 4210 4620 3989 3725 4272 3649 4487 4473 4604 3750 3987 3865 4200 4289 3909 3528 4447 4239 4266 4081 
3801 4043 3546 3811 3816 3466 3878 4173 4016 4047 3824 3876 3917 4059 3909 4079 4089 4034 3847 3441 3734 3722 4134 3860 4027 3746 4025 3754 4612 3890 3987 3986 3814 3874 4192 3814 4096 3535 3887 3728 4324 4053 4082 4014 3820 3815 4014 3841 3988 3885 3905 3695 4348 3486 3755 3712 4087 3981 3718 4238 3781 4013 3961 3630 3884 4025 3926 4105 4284 4071 3917 3751 4049 4082 3936 4134 4164 3502 3960 4008 3620 3782 4312 3788 3652 3742 4038 3778 3613 4059 4008 3867 4017 3843 3738 4200 3759 4208 4127 4081 3776 4086 4065 4155 4047 4166 4009 4076 3685 3941 4013 3822 4666 4002 4011 3982 3870 3935 3769 3870 4166 3889 3839 4003 3993 3955 4168 3920 4081 4235 3725 3830 3648 3952 3888 3852 3791 3846 3858 3682 4274 3744 4035 3666 4137 4166 3924 3771 4141 4042 4307 3989 4277 4033 3811 4246 4198 3776 4280 4163 4023 3871 3945 4163 4256 3997 4006 4224 3538 3937 3739 3779 4171 3723 3990 3998 3923 3951 3866 3914 4303 4360 3851 3853 4205 3737 4411 4035 4153 3626 3972 3963 3727 4151 3893 3784 4419 3868 4273 3873 
3903 4294 4263 3760 4236 3637 4061 4510 4279 3904 3872 4398 4127 4388 4135 4177 4603 4096 4104 4084 4234 4279 4172 4037 4435 4233 4494 4205 4498 4393 4283 4134 3576 4237 4281 4206 3932 3814 4177 3885 4730 4211 4111 4222 4124 4055 4248 4188 4447 4032 3827 3786 4226 3951 4141 3884 4131 4307 4003 4401 4366 4145 4237 3893 4167 4358 3605 4029 4220 4373 4334 4174 4207 3996 4045 4603 3994 4082 3978 4557 3984 4256 4294 3944 3934 4168 4461 3984 4028 4061 4040 4064 4155 4113 4063 4259 3966 4146 4391 4116 3873 4169 4017 4440 4187 4246 4224 4233 3915 4281 4553 4072 4492 4286 3979 3962 4123 4141 4109 4027 4680 4251 4187 4427 3901 4218 4466 4174 3990 4436 4148 4053 3811 4222 4430 3989 4203 4190 4204 4152 4138 3858 3970 3805 4257 4232 4003 4069 4248 4118 4612 4175 4148 4131 4280 3843 4285 3726 4327 4126 4105 4146 4210 3998 4411 4363 4116 4279 3891 3841 4245 4179 4171 4258 4293 4259 4021 4107 4419 4192 4368 4450 4095 4047 4069 3929 4707 4223 4670 4162 4146 3833 4030 4827 4437 3819 4204 4374 4260 4289 
3441 3781 3591 3796 3681 3158 3698 4020 3635 3839 3711 4041 3960 3873 3490 3776 3990 4082 3794 3589 3736 3653 3932 3826 4206 3794 3800 3669 4085 3782 3891 3749 3528 3852 3808 3601 3885 3517 3563 3623 4096 3990 3675 3816 3681 3615 3983 3570 3712 3764 3666 3545 3796 3502 3734 3624 3740 3826 3739 3933 3846 3991 3573 3607 3733 3910 3519 3566 3751 3853 3850 3763 3768 3392 3736 3766 3770 3384 3807 3865 3717 3766 3871 3493 3593 3713 4117 3724 3799 3730 3826 3724 3744 3493 3807 4124 3588 3793 3812 3689 3401 3709 3670 4050 3913 3939 3877 3788 3478 4047 3689 3560 4031 3542 3605 3817 3632 3565 3756 3443 3951 3734 3858 3909 3784 3760 4004 4120 4095 3911 3690 3700 3412 3956 3726 3501 3673 3760 3601 3537 3991 3358 3844 3734 3884 3910 3643 3590 3774 3611 4019 3677 3950 3666 3805 3788 4096 3240 3759 4056 3762 3765 3787 3762 4131 3746 3966 3970 3478 3533 3690 3554 3824 3802 3761 3841 3869 3701 3852 3821 4059 4332 3723 3542 3829 3491 4016 3863 4127 3567 3671 3690 3714 4039 3792 3529 4122 3921 3775 3667 
3927 3955 4051 3723 3938 3676 3906 4370 4229 4121 3767 4000 3967 4283 4019 3974 4205 4165 4014 3768 4073 3901 4070 3909 4289 3809 4140 4281 4276 4206 4211 3881 3663 4084 4071 3843 3931 3810 3723 3756 4611 4038 4129 4163 4041 3798 3991 4077 4153 3961 3997 3747 4172 3910 3998 3643 4032 4141 3739 4167 4113 4059 4151 3440 4206 4163 3721 3945 4436 3895 4116 3888 4044 4068 4265 4450 4012 3747 3783 4336 3646 3865 4329 3722 3887 3863 4208 3962 3873 4092 4005 3807 4020 4046 3687 4170 3965 3924 4233 3929 3731 4035 4098 4306 4133 4031 3900 4056 3501 4202 4159 3771 4335 4082 3807 3952 3686 4102 3981 3947 4285 3904 4222 4216 4073 3785 4230 4018 4215 4358 3961 4187 3956 4141 4025 4031 3967 3936 4073 3914 4007 3639 3884 4034 4210 3934 4041 4042 4322 3871 4252 4075 4154 4028 3944 3933 4199 3671 4220 4144 4082 4052 4005 3957 4298 4024 3981 4145 3642 3792 3672 4008 3933 4167 4395 4248 4126 3878 4118 4052 4162 4526 4001 3690 3984 3771 4127 4155 4446 3734 4203 3877 4083 4247 4048 3575 4324 4217 4400 4030 
3940 4155 3757 3852 4074 3602 4287 4505 4197 4247 3760 4087 4015 3973 4041 3953 4050 4016 3920 3621 4144 3886 4168 4059 4476 3874 4395 4143 4575 4194 4252 3998 3658 4108 4224 3882 4111 3709 3908 4092 4500 4091 4004 4024 4026 4120 4093 3978 3924 3794 3780 3874 4198 3754 3957 3746 4162 4036 3786 4150 3857 3923 4102 3648 4111 4093 3831 3740 4066 3939 4096 3704 4264 3787 4205 4232 3969 3721 3988 4252 3754 3767 4068 3793 3910 3831 4241 3797 3983 4163 4046 3534 4149 4087 3966 4516 3935 4024 4098 4002 3787 3964 4002 4199 4245 4228 3936 4166 3624 4105 3974 4002 4431 4167 3976 4107 4124 4080 3972 3882 4341 3896 4080 3907 3996 4066 4254 4210 4149 4159 4033 4088 3927 4027 4197 3847 3877 3883 3942 4271 4191 3556 3889 3920 4308 4124 4300 4054 4113 4184 4446 4015 4085 3947 4227 3702 4359 3973 4229 4298 4284 4101 4069 3949 4256 4117 3963 4072 3787 3586 3835 3786 4247 4123 3971 4196 4067 3919 4100 4177 4207 4500 4126 3660 3839 3723 4297 4008 4306 3820 4155 3974 4002 4502 3920 3912 4360 4069 4250 4037 
3935 3794 3741 3547 3952 3581 3786 4210 4087 3921 3912 3993 4088 4024 3750 3931 4203 4133 3865 3619 4030 3557 4184 3918 4181 3867 4186 3937 4252 4022 4000 3929 3757 3908 3899 3820 4014 3522 3690 3725 4069 3997 3811 4204 4139 3957 3986 3806 3955 3734 3970 3694 4199 3700 3924 3452 3837 4054 3838 4120 4148 3745 4149 3660 3849 3994 3756 3996 4109 4002 3903 3811 3833 3817 3941 4255 4055 3726 3880 4157 3831 3648 4236 3890 3865 3915 4009 3983 3908 3990 3913 3704 4082 3661 3736 4231 3579 3997 4136 3841 3992 3829 3946 4175 4204 3953 4149 4082 3717 3929 4098 3608 4406 3948 4180 3953 3804 3767 4063 3835 4342 4021 4247 4082 3937 4131 4265 3998 4132 4156 3800 3864 3786 4125 3959 3775 3794 4048 3957 3857 4145 3830 4066 3800 4056 4044 3672 3705 4100 3870 4310 3757 4179 3783 3763 3893 4248 3526 4144 4226 4135 3959 4067 4016 4212 3684 3974 4175 3532 3675 3888 3781 4220 3732 3921 4051 3781 4040 3983 4070 4033 4210 3713 3802 3992 3704 3994 4064 4258 3846 3668 3913 4149 4149 3942 3686 4412 4099 4048 4136 
3709 4087 3992 3735 4092 3605 3984 4459 4282 3890 3870 3881 3928 4099 4011 4153 4134 3991 3948 3610 3893 3726 3965 4048 4281 3828 3922 3814 4363 4320 4067 4141 3660 4002 4128 3881 3663 3644 4002 4092 4365 4089 4009 3991 3986 3950 3980 3686 4306 3853 3948 3600 4134 3650 3773 3691 4137 4018 3950 4296 4046 4050 4290 3596 4050 4005 3707 3837 4021 4089 4132 3839 4022 3963 3970 4281 4029 3578 3896 4057 3993 3897 4105 3780 3965 4010 4107 3632 3780 4079 4008 3769 3808 4001 3718 4174 3958 3962 4130 4132 3826 4043 3882 4357 4117 3965 3998 3922 3646 3910 4041 3927 4556 4023 3794 3932 3793 4042 3716 3641 4458 4037 3990 3999 3934 4051 4155 4143 4152 4094 3804 3869 3787 4020 4111 3987 4038 4088 3887 3809 4130 3666 4020 3590 4028 4193 3793 3783 4066 4030 4121 4069 4003 3972 4303 3719 4023 3651 4231 4046 3967 4032 4179 3771 4267 4031 3962 4224 3721 3599 4013 3813 4075 3782 3935 3966 4035 3880 4000 4048 4188 4479 3814 3777 4010 3659 4369 4137 4119 3761 4112 4115 3935 4510 3933 3802 4370 4056 4262 4026 
